protein,label
NIP3,1
tr|Q572J9|Q572J9_PHYIN,1
tr|Q572G5|Q572G5_PHYIN,1
tr|Q572H4|Q572H4_PHYIN,1
sp|A0A3B7TNF2|BLN04_BRELC,1
tr|D0NNF5|D0NNF5_PHYIT,1
tr|A0A329SC59|A0A329SC59_9STRA,1
NFTP_OFTP_SPD7,1
tr|A0A329SQY9|A0A329SQY9_9STRA,1
NFTP_OFTP_W2MG57|PHI7911|Ppxyn1,1
tr|G4YJ04|G4YJ04_PHYSP,1
tr|A0A329RTP9|A0A329RTP9_9STRA,1
NFTP_OFTP_Avr5_Cladosporium_fulvum,1
Pep1,1
tr|Q572E4|Q572E4_PHYIN,1
NFTP_OFTP_ToxA,1
Pwl2,1
Avrblb2,1
RTP1,1
NFTP_OFTP_AvrM14,1
tr|D0NND9|D0NND9_PHYIT,1
SIX5,1
tr|G4Z2R8|G4Z2R8_PHYSP,1
tr|G4ZCT0|G4ZCT0_PHYSP,1
sp|P0CV14|RLR48_PLAVT,1
NFTP_EGTP_positive25|1,1
NFTP_OFTP_Q0R411|PHI6417|Sm1,1
NFTP_EGTP_positive2|1,1
Avh18a1,1
tr|A0A329S5L0|A0A329S5L0_9STRA,1
MISSP7.6,1
tr|F8UNP8|F8UNP8_PHYCP,1
EPI10,1
NFTP_OFTP_Cgfl_Extracellular_metalloproteinase_mep_Colletotrichum_graminicola,1
tr|G4Z9L0|G4Z9L0_PHYSP,1
tr|A0A329SR95|A0A329SR95_9STRA,1
NFIP_OFITP_Ecp7,1
tr|D0NA30|D0NA30_PHYIT,1
PIIN_08944,1
NFIP_OFITP_PIIN_08944,1
tr|Q572H0|Q572H0_PHYIN,1
A_Pemg1,1
tr|A0A329S1W3|A0A329S1W3_9STRA,1
tr|A0A329RL14|A0A329RL14_9STRA,1
NFTP_OFTP_O94196|PHI458|Mhp1,1
sp|A0A3B7TNW2|BLC01_BRELC,1
tr|A0A329T0A2|A0A329T0A2_9STRA,1
NFTP_OFTP_Q4WMA6|PHI4016|Cfmb,1
tr|G4ZAQ1|G4ZAQ1_PHYSP,1
tr|Q572I9|Q572I9_PHYIN,1
PiAvr2a,1
NFTP_EGTP_positive28|1,1
PpEC23,1
tr|G5AAR3|G5AAR3_PHYSP,1
tr|G5A541|G5A541_PHYSP,1
tr|Q572E3|Q572E3_PHYIN,1
tr|Q572G1|Q572G1_PHYIN,1
NFTP_OFTP_O59937|PHI569|Xyl3,1
tr|A1Y153|A1Y153_9STRA,1
tr|G4YF67|G4YF67_PHYSP,1
NIP1,1
tr|G4YRT0|G4YRT0_PHYSP,1
sp|A0A172M4M8|RLR5_PLAVT,1
NFTP_OFTP_AvrM,1
NFTP_OFTP_AvrP123,1
sp|P0CV12|RLR45_PLAVT,1
tr|Q572H5|Q572H5_PHYIN,1
tr|G4ZYW6|G4ZYW6_PHYSP,1
NFTP_OFTP_P52751|PHI15|Mpg1,1
tr|F6MF02|F6MF02_HYAAB,1
tr|D0NIA8|D0NIA8_PHYIT,1
tr|D0MXC8|D0MXC8_PHYIT,1
NFTP_OFTP_NIP2,1
tr|Q572L0|Q572L0_PHYIN,1
tr|A0A3F2YED2|A0A3F2YED2_BRELC,1
tr|G4ZN60|G4ZN60_PHYSP,1
tr|G3C9P1|G3C9P1_HYAAE,1
tr|A0A329RM03|A0A329RM03_9STRA,1
tr|A0A090B862|A0A090B862_HYAAE,1
ATR5,1
NFTP_OFTP_ECP5_Cladosporium_fulvum,1
tr|E0W4W9|E0W4W9_PHYSO,1
BAS3,1
NFTP_OFTP_BAS107,1
tr|A0A833WDY7|A0A833WDY7_PHYIN,1
tr|A0A0M5ILE5|A0A0M5ILE5_9STRA,1
tr|A0A329RC18|A0A329RC18_9STRA,1
Cgfl,1
FGL1,1
NFTP_EGTP_positive3|1,1
tr|A0A329S8A1|A0A329S8A1_9STRA,1
NFTP_OFTP_Q99174|PHI2849|Cuta,1
sp|Q2M3Z7|CRN16_PHYIN,1
NFIP_OFITP_AOS49611.1,1
tr|Q572E8|Q572E8_PHYIN,1
tr|A0A329R9B0|A0A329R9B0_9STRA,1
NFTP_OFTP_AvrPib,1
tr|A0A329RDN1|A0A329RDN1_9STRA,1
tr|G5A723|G5A723_PHYSP,1
tr|Q572D4|Q572D4_PHYIN,1
NFTP_OFTP_NIP1,1
C_MoHTR1,1
tr|Q572L9|Q572L9_PHYIN,1
tr|A0A329T1B7|A0A329T1B7_9STRA,1
AvrLm1,1
ATR1,1
NFTP_EGTP_positive4|1,1
tr|Q572G0|Q572G0_PHYIN,1
tr|A0A329T4P0|A0A329T4P0_9STRA,1
tr|Q572K3|Q572K3_PHYIN,1
sp|A0A182BSS4|RLR61_PLAVT,1
tr|A0A0W8D9Y8|A0A0W8D9Y8_PHYNI,1
tr|A0A329S9F3|A0A329S9F3_9STRA,1
PcF,1
NFTP_OFTP_Tin2_Ustilago_maydis_,1
Avr1_PITG_16663,1
tr|A0A329S007|A0A329S007_9STRA,1
tr|A0A329RYV8|A0A329RYV8_9STRA,1
tr|A0A833S8X0|A0A833S8X0_PHYIN,1
NFTP_OFTP_SPD10,1
AvrPib,1
VdSCP41,1
NFTP_OFTP_Cmu1_Ustilago_maydis,1
NFTP_OFTP_SIX3,1
NFTP_OFTP_N1J904|PHI4622|Csep0105,1
NFTP_OFTP_NEP1,1
tr|M4BZM1|M4BZM1_HYAAE,1
tr|Q572F5|Q572F5_PHYIN,1
tr|G4ZTM5|G4ZTM5_PHYSP,1
NFTP_OFTP_AvrLm1_Leptosphaeria_maculans,1
tr|Q572G7|Q572G7_PHYIN,1
PstSCR1,1
tr|A0A329SYX8|A0A329SYX8_9STRA,1
NFTP_OFTP_MoCDIP4,1
ATR39-1,1
NFTP_OFTP_CgEP1_Colletotrichum_graminicola,1
tr|G4ZNY0|G4ZNY0_PHYSP,1
tr|D0N0R0|D0N0R0_PHYIT,1
tr|D0N8M0|D0N8M0_PHYIT,1
tr|A0A329SDF5|A0A329SDF5_9STRA,1
tr|Q572C7|Q572C7_PHYIN,1
NFTP_OFTP_MoCDIP3,1
tr|G4Z6L2|G4Z6L2_PHYSP,1
tr|G4ZF61|G4ZF61_PHYSP,1
sp|M4C4U1|RX106_HYAAE,1
tr|G4ZN92|G4ZN92_PHYSP,1
NFTP_OFTP_Q00298|PHI69|Cuta,1
sp|P0CV29|RLR83_PLAVT,1
ECP6,1
Avr1-CO39,1
AvrP4,1
NIP2,1
C_BEC4,1
tr|A7L813|A7L813_PHYSO,1
tr|Q572G8|Q572G8_PHYIN,1
tr|A0A329REJ1|A0A329REJ1_9STRA,1
tr|G5A4J3|G5A4J3_PHYSP,1
NFIP_OFITP_CSEP-07,1
tr|D0NF80|D0NF80_PHYIT,1
NFTP_OFTP_O42830|PHI660|Cbel(gp34),1
NFIP_OFITP_CSEP_09,1
tr|A0A329RGY5|A0A329RGY5_9STRA,1
tr|A0A329RJE2|A0A329RJE2_9STRA,1
tr|A0A329S5M9|A0A329S5M9_9STRA,1
tr|G5A9K1|G5A9K1_PHYSP,1
tr|Q572J1|Q572J1_PHYIN,1
ATR13,1
tr|A0A329SYY8|A0A329SYY8_9STRA,1
tr|D0P387|D0P387_PHYIT,1
sp|P0CU86|BRL05_BRELC,1
tr|A2CLL0|A2CLL0_PHYIN,1
tr|Q572D8|Q572D8_PHYIN,1
NFTP_OFTP_AvrP4,1
tr|D0NS93|D0NS93_PHYIT,1
tr|M4C579|M4C579_HYAAE,1
NFTP_OFTP_AVR-Pita1,1
sp|Q8H6Z4|CRN2_PHYIN,1
tr|G5A7L0|G5A7L0_PHYSP,1
sp|A0A182BSS2|RLR49_PLAVT,1
Avr1k,1
NFTP_OFTP_AvrLm11_Leptosphaeria_maculans,1
tr|D0NKK4|D0NKK4_PHYIT,1
tr|A0A0W8DCK3|A0A0W8DCK3_PHYNI,1
tr|A0A329T585|A0A329T585_9STRA,1
PEC6,1
Lysm1,1
tr|D0NS77|D0NS77_PHYIT,1
sp|P0CV44|RL111_PLAVT,1
NFTP_OFTP_Vdlsc1_Isochorismatase_hydrolase_Verticillium_dahliae_,1
tr|A0A329SHR4|A0A329SHR4_9STRA,1
tr|M4BG46|M4BG46_HYAAE,1
tr|A0A329RYC5|A0A329RYC5_9STRA,1
BAS107,1
tr|F6MF06|F6MF06_HYAAB,1
GIP1,1
tr|G5A7U9|G5A7U9_PHYSP,1
sp|D0RLZ2|CRE18_PHYIT,1
tr|A0A0W8DJ21|A0A0W8DJ21_PHYNI,1
PsXEG1,1
NFIP_OFITP_AvrSr35,1
tr|G4ZYW8|G4ZYW8_PHYSP,1
NFTP_OFTP_SIX8,1
tr|Q572H3|Q572H3_PHYIN,1
tr|A0A3B7TFH9|A0A3B7TFH9_BRELC,1
NFTP_OFTP_AVR2_protein_Cladosporium_fulvum,1
AvrL2-A,1
sp|A0A172M470|RLR25_PLAVT,1
tr|G4YE16|G4YE16_PHYSP,1
tr|A0A329S4B0|A0A329S4B0_9STRA,1
NFTP_OFTP_AVR9_Cladosporium_fulvum,1
tr|A0A329S332|A0A329S332_9STRA,1
NFTP_OFTP_V5TFR9|PHI5403|Avrlmj1,1
ECP7,1
Iug9,1
sp|D0NVS7|CRE15_PHYIT,1
tr|A0A329SB41|A0A329SB41_9STRA,1
tr|A0A329SUX5|A0A329SUX5_9STRA,1
tr|A0A329SR41|A0A329SR41_9STRA,1
CgEP1,1
tr|D0NL39|D0NL39_PHYIT,1
Ave1,1
SIX6,1
tr|A0A329SB40|A0A329SB40_9STRA,1
tr|A0A833WMK0|A0A833WMK0_PHYIN,1
tr|A0A329SZQ2|A0A329SZQ2_9STRA,1
sp|D0NMF6|SFI5_PHYIT,1
tr|Q572J3|Q572J3_PHYIN,1
CSEP0081,1
tr|A0A329RPQ4|A0A329RPQ4_9STRA,1
NFTP_OFTP_M2TW52|PHI4988|Ppt1,1
tr|Q572D6|Q572D6_PHYIN,1
tr|Q7XB16|Q7XB16_PHYIN,1
tr|G4YL36|G4YL36_PHYSP,1
tr|A0A329RYQ8|A0A329RYQ8_9STRA,1
tr|Q572G9|Q572G9_PHYIN,1
sp|A0A172M477|RLR67_PLAVT,1
C_SP7,1
NFTP_EGTP_positive31|1,1
sp|A0A172M490|RLR63_PLAVT,1
tr|F6MEZ9|F6MEZ9_HYAAB,1
tr|G4YN07|G4YN07_PHYSP,1
tr|E0W5D8|E0W5D8_PHYSO,1
NFTP_OFTP_PGTG_08638,1
tr|G4ZK77|G4ZK77_PHYSP,1
BAS1,1
tr|G5AD73|G5AD73_PHYSP,1
NFTP_OFTP_ECP2_Cladosporium_fulvum,1
tr|D0NGU2|D0NGU2_PHYIT,1
tr|D0NGY2|D0NGY2_PHYIT,1
tr|G4Z2E0|G4Z2E0_PHYSP,1
sp|A0A3F2YED3|BLN03_BRELC,1
tr|G4ZJF0|G4ZJF0_PHYSP,1
PevD1,1
tr|A0A329RMP5|A0A329RMP5_9STRA,1
tr|A0A329SI61|A0A329SI61_9STRA,1
tr|A0A3B7TND7|A0A3B7TND7_BRELC,1
tr|Q572I0|Q572I0_PHYIN,1
NFTP_OFTP_AVR-Pik,1
Avr1d,1
tr|A0A329SX39|A0A329SX39_9STRA,1
sp|P0CV53|RL126_PLAVT,1
AvrStb6,1
NFTP_OFTP_VdSCP7_Verticillium_dahliae,1
tr|G4Z777|G4Z777_PHYSP,1
NFTP_EGVP_positive39|1,1
tr|A0A3B7TGA9|A0A3B7TGA9_BRELC,1
sp|A0A172M4N0|RLR28_PLAVT,1
tr|G4YDY4|G4YDY4_PHYSP,1
tr|G4YJ97|G4YJ97_PHYSP,1
C_MoHTR2,1
sp|D0NXM3|SFI7_PHYIT,1
sp|G5A8M1|AV240_PHYSP,1
GP42,1
tr|M4C0V5|M4C0V5_HYAAE,1
sp|P0CV13|RLR47_PLAVT,1
tr|A0A0W8DD52|A0A0W8DD52_PHYNI,1
AvrSr35,1
tr|A0A329SZX5|A0A329SZX5_9STRA,1
tr|A0A833W8V8|A0A833W8V8_PHYIN,1
sp|M4BUU2|AT392_HYAAE,1
tr|G4Z833|G4Z833_PHYSP,1
tr|D0NWD8|D0NWD8_PHYIT,1
tr|Q572F0|Q572F0_PHYIN,1
tr|Q572J2|Q572J2_PHYIN,1
tr|A0A329S239|A0A329S239_9STRA,1
tr|Q572F3|Q572F3_PHYIN,1
tr|M4C486|M4C486_HYAAE,1
NIS1,1
tr|A0A329SV74|A0A329SV74_9STRA,1
NFTP_OFTP_Q0E7H7|PHI2342|Benep2,1
C_MISSP7.6,1
tr|G4Z5H6|G4Z5H6_PHYSP,1
SP7,1
tr|Q572C9|Q572C9_PHYIN,1
tr|B2C6F3|B2C6F3_PHYSO,1
tr|Q572K1|Q572K1_PHYIN,1
sp|G4ZBI3|AV238_PHYSP,1
NFTP_OFTP_Q6PQG3|PHI4252|Epi10,1
tr|M4C5N5|M4C5N5_HYAAE,1
CSEP0105,1
tr|A0A329RS30|A0A329RS30_9STRA,1
NFTP_OFTP_O94100|PHI103PHI1027|Bcpga1Bcpg1,1
AvrLm3,1
tr|Q572H2|Q572H2_PHYIN,1
C_Foa3,1
tr|Q572K8|Q572K8_PHYIN,1
SPD2,1
CSEP0162,1
See1,1
tr|G4Z2U6|G4Z2U6_PHYSP,1
NFTP_OFTP_Q94FS7|PHI665|Pcf,1
CRN1,1
tr|D0ND98|D0ND98_PHYIT,1
tr|M4BDQ6|M4BDQ6_HYAAE,1
NFTP_OFTP_MISSP7,1
tr|A0A2H4X1V4|A0A2H4X1V4_9STRA,1
tr|Q572F7|Q572F7_PHYIN,1
SPD10,1
NFTP_OFTP_SsSSVP1_Sclerotinia_sclerotiorum,1
tr|G1AS86|G1AS86_PHYSO,1
tr|G5A456|G5A456_PHYSP,1
ToxA,1
tr|Q572G3|Q572G3_PHYIN,1
NFTP_OFTP_See1_Ustilago_maydis_,1
tr|Q572I4|Q572I4_PHYIN,1
NFTP_OFTP_O42719|PHI764|Inf2b,1
NFTP_OFTP_Q4WNE1|PHI4017|Cfmc,1
tr|G4Z6D6|G4Z6D6_PHYSP,1
NFTP_OFTP_BAS3,1
tr|A0A329SKM3|A0A329SKM3_9STRA,1
tr|G3C9Q8|G3C9Q8_HYAAE,1
sp|D0N4Y1|RD18_PHYIT,1
tr|Q572G2|Q572G2_PHYIN,1
tr|A0A2H4X1V3|A0A2H4X1V3_9STRA,1
tr|A0A329SB26|A0A329SB26_9STRA,1
NFIP_OFITP_PIIN_03211,1
tr|G4YRE0|G4YRE0_PHYSP,1
CRN2,1
tr|G4YRD8|G4YRD8_PHYSP,1
SIX7,1
SNE1,1
tr|A0A833SV38|A0A833SV38_PHYIN,1
tr|G4Z2U5|G4Z2U5_PHYSP,1
A_Rsp3,1
tr|D0N1Y0|D0N1Y0_PHYIT,1
NFTP_OFTP_Q9P470|PHI257|Gas2,1
tr|D7PC71|D7PC71_PHYSO,1
NFTP_OFTP_Q945T9|PHI653|Gip2,1
NFTP_OFTP_O42720|PHI163PHI5046PHI7602|Cbp1,1
tr|A0A329RQY3|A0A329RQY3_9STRA,1
NFTP_OFTP_Q96TN6|PHI256|Gas1,1
tr|A0A329SV16|A0A329SV16_9STRA,1
sp|A0A172M421|RLR10_PLAVT,1
sp|A0A172M466|RLR30_PLAVT,1
tr|E0W4V8|E0W4V8_PHYSO,1
Avr5,1
sp|E0W5H5|AV262_PHYSO,1
tr|D0NEI3|D0NEI3_PHYIT,1
NFTP_OFTP_SIX1,1
ECP2,1
tr|G4ZQC9|G4ZQC9_PHYSP,1
NFTP_EGTP_positive11|1,1
AvrPiz-t,1
SPD7,1
tr|Q572I1|Q572I1_PHYIN,1
Foa4,1
tr|Q572E1|Q572E1_PHYIN,1
NFTP_OFTP_ECP1_Cladosporium_fulvum,1
tr|A0A329STP2|A0A329STP2_9STRA,1
tr|D0NEY9|D0NEY9_PHYIT,1
NFTP_OFTP_ToxB,1
tr|A0A329RP74|A0A329RP74_9STRA,1
tr|Q572J0|Q572J0_PHYIN,1
sp|P0CV34|RLR91_PLAVT,1
NFTP_OFTP_AVRa1,1
sp|A0A411NN20|RL207_PHYCP,1
tr|G4ZW00|G4ZW00_PHYSP,1
tr|A0A0W8CTF9|A0A0W8CTF9_PHYNI,1
C_Mig2-2,1
tr|F6MEZ4|F6MEZ4_HYAAB,1
NFTP_OFTP_RTP1,1
tr|A0A329S2G6|A0A329S2G6_9STRA,1
tr|Q572I6|Q572I6_PHYIN,1
NFTP_OFTP_AvrPm2,1
tr|A0A329RUA8|A0A329RUA8_9STRA,1
tr|G4ZQ50|G4ZQ50_PHYSP,1
BEC1019,1
SIX2,1
tr|A0A329SH01|A0A329SH01_9STRA,1
PITG_03192,1
tr|A0A329S298|A0A329S298_9STRA,1
tr|G4ZL15|G4ZL15_PHYSP,1
CSEP_09,1
tr|A0A329SFC2|A0A329SFC2_9STRA,1
tr|A0A329SQ74|A0A329SQ74_9STRA,1
sp|G4ZRQ7|AV331_PHYSP,1
NFTP_OFTP_Q8X1D7|PHI2854|Mig2-1,1
NFTP_OFTP_AVR4E_Cladosporium_fulvum,1
tr|Q572G4|Q572G4_PHYIN,1
NFIP_OFITP_EGY17038.1,1
NFTP_OFTP_Zt6,1
sp|P0CU91|RL131_PLAVT,1
tr|A0A329T4D6|A0A329T4D6_9STRA,1
tr|G4ZQC8|G4ZQC8_PHYSP,1
sp|P0CV57|RL138_PLAVT,1
tr|G4ZW63|G4ZW63_PHYSP,1
NFTP_OFTP_P43070|PHI61|Bgl2,1
tr|A0A329RK59|A0A329RK59_9STRA,1
sp|D0NRS4|PSR2_PHYIT,1
ToxB,1
Pslsc1,1
tr|D0NK37|D0NK37_PHYIT,1
tr|T2FGL8|T2FGL8_PHYCP,1
AVR1B-1,1
Avr9,1
tr|D0MS99|D0MS99_PHYIT,1
tr|G5A7M6|G5A7M6_PHYSP,1
tr|A0A3F2YED1|A0A3F2YED1_BRELC,1
tr|A0A329SYV6|A0A329SYV6_9STRA,1
tr|A0A329RYA5|A0A329RYA5_9STRA,1
tr|G3C9N9|G3C9N9_HYAAE,1
PiAvr3b,1
NFTP_EGVP_positive23|1,1
NFTP_OFTP_Pit2_Ustilago_maydis,1
NFTP_OFTP_Tox1,1
sp|P0CU89|RXLAA_PHYIT,1
tr|G4Z492|G4Z492_PHYSP,1
tr|A0A1A7UPA0|A0A1A7UPA0_PHYCP,1
sp|G5A8D2|AV241_PHYSP,1
NFTP_OFTP_Q9HFZ2|PHI184|Rbt4,1
AvrLm11,1
tr|D0NPU9|D0NPU9_PHYIT,1
NFIP_OFITP_FGSG_10999,1
tr|A0A0W8DDG6|A0A0W8DDG6_PHYNI,1
tr|C0LF23|C0LF23_PHYSO,1
SsSSVP1,1
tr|A0A0W8CUK5|A0A0W8CUK5_PHYNI,1
NFTP_EGTP_positive7|1,1
tr|A0A8A1V876|A0A8A1V876_PHYCP,1
tr|G4ZSM2|G4ZSM2_PHYSP,1
NFTP_EGVP_positive22|1,1
NFTP_OFTP_ECP4_Cladosporium_fulvum,1
Avr1a,1
tr|D0N0K0|D0N0K0_PHYIT,1
MoHTR1,1
Pemg1,1
tr|F6MEZ5|F6MEZ5_HYAAB,1
tr|G4Z6J8|G4Z6J8_PHYSP,1
tr|A0A329RFF7|A0A329RFF7_9STRA,1
tr|A0A8A1V6F3|A0A8A1V6F3_PHYCP,1
PsAvr4_6,1
tr|A0A3B7TLU3|A0A3B7TLU3_BRELC,1
tr|A0A411HE94|A0A411HE94_PHYIN,1
NFTP_OFTP_AVR-Pii,1
tr|Q572D1|Q572D1_PHYIN,1
tr|A0A329R8B0|A0A329R8B0_9STRA,1
tr|G4YHS5|G4YHS5_PHYSP,1
tr|A0A329RR69|A0A329RR69_9STRA,1
sp|Q8H6Z6|CRN1_PHYIN,1
BEC1011,1
tr|G4YKQ2|G4YKQ2_PHYSP,1
NFTP_EGTP_positive44|1,1
tr|G5AAL6|G5AAL6_PHYSP,1
NFIP_OFITP_tr|A0A0U2R974|A0A0U2R974_LEPMC,1
CRN63,1
tr|M4BAE7|M4BAE7_HYAAE,1
NFTP_EGTP_positive24|1,1
NFTP_OFTP_Q9UV32|PHI176PHI2852|Mig1,1
tr|G5A858|G5A858_PHYSP,1
tr|A0A2H4X1W5|A0A2H4X1W5_9STRA,1
sp|D0NVB5|AVR1_PHYIT,1
EPI1,1
NFTP_OFTP_N1JK93|PHI2901|Bec1040,1
tr|A0A329RZF5|A0A329RZF5_9STRA,1
NFTP_EGTP_positive41|1,1
C_Pst02549,1
sp|D0NQB4|RXLRS_PHYIT,1
sp|D0NBU6|CRE8_PHYIT,1
tr|A0A329T0P2|A0A329T0P2_9STRA,1
sp|A0A0M5K865|CR108_PHYSO,1
tr|A0A329RGK1|A0A329RGK1_9STRA,1
sp|A0A3B7TLI7|BLR40_BRELC,1
C_Foa4,1
tr|D0NIZ9|D0NIZ9_PHYIT,1
ECP5,1
tr|A0A329S3M2|A0A329S3M2_9STRA,1
Mig2-2,1
tr|D0NQ76|D0NQ76_PHYIT,1
tr|A0A329SVG6|A0A329SVG6_9STRA,1
tr|Q572F9|Q572F9_PHYIN,1
tr|D0NMK8|D0NMK8_PHYIT,1
Tin2,1
CSEP-07,1
sp|A0A3B7TNM4|BLR38_BRELC,1
sp|A0A3B7TLV2|BLN06_BRELC,1
NFTP_EGTP_positive43|1,1
NFTP_EGTP_positive26|1,1
NFTP_OFTP_Ave1_Verticillium_dahliae_,1
sp|A0A172M473|RLR29_PLAVT,1
SIS1,1
NFTP_EGTP_positive27|1,1
tr|D0NN39|D0NN39_PHYIT,1
tr|Q572E0|Q572E0_PHYIN,1
NFTP_OFTP_SIX5,1
tr|A0A8A1VA29|A0A8A1VA29_PHYCP,1
tr|D0NQZ2|D0NQZ2_PHYIT,1
NFTP_OFTP_AvrL567-A,1
SPD9,1
tr|A0A329RGQ1|A0A329RGQ1_9STRA,1
Avr4,1
tr|D0P249|D0P249_PHYIT,1
Avr2,1
NFTP_OFTP_Iug9,1
tr|D0NNY0|D0NNY0_PHYIT,1
lug6,1
NFTP_OFTP_BAS4,1
AvrP123,1
tr|A0A0W8C4H7|A0A0W8C4H7_PHYNI,1
tr|F6MEZ6|F6MEZ6_HYAAB,1
sp|D0N0Z8|RD24_PHYIT,1
tr|D0NIG7|D0NIG7_PHYIT,1
Slp1,1
tr|A0A0W8DGB3|A0A0W8DGB3_PHYNI,1
tr|A4LAA7|A4LAA7_PHYSO,1
GIP2,1
tr|Q572E5|Q572E5_PHYIN,1
NFTP_OFTP_Q5TIP4|PHI2347|Pgip2,1
tr|G5AIW3|G5AIW3_PHYSP,1
NFTP_EGVP_positive6|1,1
FGB1,1
AVR-Pii,1
tr|Q572H1|Q572H1_PHYIN,1
sp|M4C367|ATR13_HYAAE,1
CBEL,1
tr|Q572K9|Q572K9_PHYIN,1
SIX3,1
tr|D0P1F5|D0P1F5_PHYIT,1
NFTP_OFTP_FGL1_Fusarium_graminearum,1
sp|Q945T9|GIP2_PHYSO,1
tr|G5A748|G5A748_PHYSP,1
tr|A0A329SEF5|A0A329SEF5_9STRA,1
Zt6,1
NFTP_OFTP_AVRk1,1
AvrM14,1
tr|E6YE66|E6YE66_HYAAB,1
sp|D0MVC9|EPI1_PHYIT,1
tr|A0A833SXE5|A0A833SXE5_PHYIN,1
PsAvr3b,1
NFTP_OFTP_MoCDIP5,1
tr|E0W5P4|E0W5P4_PHYSO,1
tr|Q572F6|Q572F6_PHYIN,1
tr|Q572F8|Q572F8_PHYIN,1
tr|A0A329RUZ6|A0A329RUZ6_9STRA,1
tr|D0NEY6|D0NEY6_PHYIT,1
NFTP_OFTP_Avr1-CO39,1
NFTP_OFTP_UhAvr1_Ustilago_hordei_,1
tr|A0A329RN01|A0A329RN01_9STRA,1
tr|A0A329S258|A0A329S258_9STRA,1
tr|G4ZL14|G4ZL14_PHYSP,1
NFTP_OFTP_SPD2,1
sp|G4YRX5|PSR1_PHYSP,1
sp|P0CU88|BRL09_BRELC,1
BEC4,1
tr|A7L812|A7L812_PHYSO,1
tr|A0A329RWH1|A0A329RWH1_9STRA,1
tr|G4YDW7|G4YDW7_PHYSP,1
tr|A0A3B7TYL3|A0A3B7TYL3_BRELC,1
sp|P0CU87|BRL08_BRELC,1
NPP1,1
tr|A0A0A1ESP1|A0A0A1ESP1_PHYCP,1
NFTP_OFTP_SIX2,1
tr|A0A0W8DCS3|A0A0W8DCS3_PHYNI,1
ECP1,1
tr|A0A090BFC6|A0A090BFC6_HYAAE,1
NFTP_OFTP_AvrPi9,1
tr|G5A571|G5A571_PHYSP,1
tr|Q572K2|Q572K2_PHYIN,1
NEP1,1
sp|D0NJ41|EPI10_PHYIT,1
tr|D0NEI4|D0NEI4_PHYIT,1
tr|G3C9N7|G3C9N7_HYAAE,1
tr|Q572I8|Q572I8_PHYIN,1
tr|D0P4S6|D0P4S6_PHYIT,1
AVRa1,1
MISSP7,1
tr|D0NF36|D0NF36_PHYIT,1
sp|G4YEI5|ISC1_PHYSP,1
tr|Q572I2|Q572I2_PHYIN,1
Avr3a,1
Tox1,1
tr|A0A329SC58|A0A329SC58_9STRA,1
NFTP_OFTP_AvrLm6_Leptosphaeria_maculans,1
tr|A0A329SX94|A0A329SX94_9STRA,1
tr|D0MX97|D0MX97_PHYIT,1
tr|G5A4H5|G5A4H5_PHYSP,1
NFTP_OFTP_AvrPiz-t,1
tr|G4YHS3|G4YHS3_PHYSP,1
tr|D0NTX2|D0NTX2_PHYIT,1
AVR3a,1
tr|A0A329S9Y3|A0A329S9Y3_9STRA,1
sp|P0CV50|RL122_PLAVT,1
NFTP_OFTP_Pep1_Ustilago_maydis,1
PNPi,1
tr|Q572H6|Q572H6_PHYIN,1
tr|D0NJH4|D0NJH4_PHYIT,1
tr|G5AAR7|G5AAR7_PHYSP,1
Apb73,1
tr|O42719|O42719_PHYIN,1
tr|A0A0W8D4R3|A0A0W8D4R3_PHYNI,1
tr|F6MEZ2|F6MEZ2_HYAAB,1
sp|P0CV00|RLR21_PLAVT,1
SPD4,1
tr|D0N7Q1|D0N7Q1_PHYIT,1
Avrfom2,1
NFTP_OFTP_N1JK84|PHI2896|Bec1005,1
tr|A0A329SYZ0|A0A329SYZ0_9STRA,1
NFTP_EGTP_positive49|1,1
sp|E0W544|AVH23_PHYSO,1
tr|G4ZNS9|G4ZNS9_PHYSP,1
tr|B2C6F4|B2C6F4_PHYSO,1
CRN8,1
tr|G4YP50|G4YP50_PHYSP,1
tr|Q572K0|Q572K0_PHYIN,1
tr|A0A833T392|A0A833T392_PHYIN,1
tr|D0NYQ7|D0NYQ7_PHYIT,1
tr|A0A329SC93|A0A329SC93_9STRA,1
BAS162,1
tr|D0N0Q0|D0N0Q0_PHYIT,1
AvrPi9,1
tr|G5A914|G5A914_PHYSP,1
tr|A0A329SWM8|A0A329SWM8_9STRA,1
tr|A0A329SG52|A0A329SG52_9STRA,1
Avr4E,1
tr|D0N0I7|D0N0I7_PHYIT,1
tr|G4Z9L7|G4Z9L7_PHYSP,1
tr|A0A329SWQ4|A0A329SWQ4_9STRA,1
tr|G4ZMF1|G4ZMF1_PHYSP,1
tr|D0NB59|D0NB59_PHYIT,1
tr|E0W5C6|E0W5C6_PHYSO,1
SIX1,1
tr|F6MF04|F6MF04_HYAAB,1
Rsp3,1
tr|G4YDX6|G4YDX6_PHYSP,1
sp|A0A172M468|RLR27_PLAVT,1
NFTP_OFTP_MoCDIP2,1
tr|G4ZH34|G4ZH34_PHYSP,1
CRN16,1
tr|Q572D2|Q572D2_PHYIN,1
tr|F6MF05|F6MF05_HYAAB,1
NFIP_OFITP_sp|N4VG36.1|NIS1_COLOR,1
tr|G4ZPA4|G4ZPA4_PHYSP,1
tr|F6MF07|F6MF07_HYAAB,1
NFIP_OFITP_tr|N1JHK8|N1JHK8_BLUG1,1
NFTP_OFTP_Q5AA09|PHI3516|Pga26,1
AvrLmJ1,1
sp|D0NNI8|RXLAD_PHYIT,1
tr|G4YED1|G4YED1_PHYSP,1
tr|A0A329SH79|A0A329SH79_9STRA,1
tr|A0A329RP28|A0A329RP28_9STRA,1
tr|D0NCI3|D0NCI3_PHYIT,1
NFTP_OFTP_SPD9,1
BAS2,1
tr|A0A329SD52|A0A329SD52_9STRA,1
tr|A0A329T211|A0A329T211_9STRA,1
tr|D0MY50|D0MY50_PHYIT,1
tr|G4YFJ3|G4YFJ3_PHYSP,1
tr|U3M994|U3M994_PHYIN,1
NFTP_OFTP_PevD1_Verticillium_dahliae,1
sp|G4ZHR2|XEG1_PHYSP,1
tr|A0A329RP10|A0A329RP10_9STRA,1
tr|D0NUT5|D0NUT5_PHYIT,1
NFIP_OFITP_AvrPm3,1
tr|G5A4Y5|G5A4Y5_PHYSP,1
NFTP_OFTP_AvrL2-A,1
tr|D0NP85|D0NP85_PHYIT,1
tr|A0A329RXC2|A0A329RXC2_9STRA,1
VdSCP7,1
NFTP_OFTP_PpEC23,1
tr|E0W5E1|E0W5E1_PHYSO,1
tr|Q572I3|Q572I3_PHYIN,1
tr|G4ZZX5|G4ZZX5_PHYSP,1
CSEP0055,1
tr|A0A329S5X8|A0A329S5X8_9STRA,1
sp|P0CV65|RL151_PLAVT,1
tr|F6MF03|F6MF03_HYAAB,1
NFTP_EGTP_positive29|1,1
tr|G5A857|G5A857_PHYSP,1
tr|G4ZXE5|G4ZXE5_PHYSP,1
tr|G5A9E5|G5A9E5_PHYSP,1
tr|A0A329RFS9|A0A329RFS9_9STRA,1
AvrLm4-7,1
tr|G4ZAZ4|G4ZAZ4_PHYSP,1
NFTP_OFTP_AVRA13_CSEP0372_Blumeria_graminis,1
tr|A0A329RPL5|A0A329RPL5_9STRA,1
tr|G4Z622|G4Z622_PHYSP,1
tr|G4YMZ7|G4YMZ7_PHYSP,1
tr|G4ZUW9|G4ZUW9_PHYSP,1
tr|A0A8A1V4J1|A0A8A1V4J1_PHYCP,1
NFTP_OFTP_AvrSr50,1
tr|Q572H8|Q572H8_PHYIN,1
tr|G4YH64|G4YH64_PHYSP,1
AvrM,1
sp|D0P3S7|ABLB1_PHYIT,1
tr|D0NTJ2|D0NTJ2_PHYIT,1
tr|Q572J5|Q572J5_PHYIN,1
tr|D7F1H9|D7F1H9_PHYNI,1
tr|A0A329SU95|A0A329SU95_9STRA,1
NFTP_EGVP_positive20|1,1
sp|P0CV17|RLR54_PLAVT,1
NFTP_OFTP_PstSCR1,1
Avh241,1
Pit2,1
NFTP_OFTP_lug6,1
sp|P0CV27|RLR81_PLAVT,1
sp|P0CV24|RLR76_PLAVT,1
tr|A0A329RTG3|A0A329RTG3_9STRA,1
sp|D0NFU7|RXLAC_PHYIT,1
SIX4,1
Jsi1,1
NFTP_EGTP_positive48|1,1
sp|B1NNT7|AVR4_PHYIT,1
tr|A0A329S8V8|A0A329S8V8_9STRA,1
tr|D0NNE6|D0NNE6_PHYIT,1
tr|D0N3L4|D0N3L4_PHYIT,1
tr|A0A0M4CJE7|A0A0M4CJE7_9STRA,1
MC69,1
NFTP_EGTP_positive65|1,1
tr|G4Z2Y6|G4Z2Y6_PHYSP,1
tr|A0A6M3YRV4|A0A6M3YRV4_PHYCP,1
NFTP_OFTP_AVR-Pia,1
NFIP_OFITP_SIS1,1
sp|D0N5L4|RD49_PHYIT,1
INF2B,1
AvrLm2,1
NFTP_OFTP_PST_Pec6,1
PsAvr3c,1
AVRa13,1
tr|Q572F2|Q572F2_PHYIN,1
NFTP_OFTP_MC69,1
tr|D0N0X3|D0N0X3_PHYIT,1
sp|P0CV31|RLR86_PLAVT,1
Avr2b,1
NFIP_OFITP_SAD1,1
NFTP_EGTP_positive50|1,1
tr|G5A6F3|G5A6F3_PHYSP,1
OPEL,1
AvrPm3,1
tr|D0NFK3|D0NFK3_PHYIT,1
tr|G1FSI6|G1FSI6_PHYSO,1
sp|D0MR64|RXLRD_PHYIT,1
sp|A0A172M485|RLR19_PLAVT,1
tr|A0A329T1T8|A0A329T1T8_9STRA,1
NFTP_OFTP_AvrLm4-7_Leptosphaeria_maculans,1
tr|Q572K4|Q572K4_PHYIN,1
tr|G5A8G8|G5A8G8_PHYSP,1
NFTP_OFTP_NIP3,1
sp|D0NQC3|RD1_PHYIT,1
BAS4,1
tr|G5ADV7|G5ADV7_PHYSP,1
tr|M4B3D8|M4B3D8_HYAAE,1
tr|D0MXZ4|D0MXZ4_PHYIT,1
sp|P0CV33|RLR90_PLAVT,1
tr|A0A329RZJ1|A0A329RZJ1_9STRA,1
tr|G4ZQC2|G4ZQC2_PHYSP,1
NFTP_EGTP_positive45|1,1
NFTP_OFTP_SIX4,1
tr|A0A329S4C3|A0A329S4C3_9STRA,1
NFTP_OFTP_BAS1,1
tr|A0A3B7TYJ6|A0A3B7TYJ6_BRELC,1
Mg1lysm,1
sp|P0CV68|RL154_PLAVT,1
NFTP_OFTP_Tox3,1
sp|D0N6E1|RD50_PHYIT,1
tr|A0A329SUK8|A0A329SUK8_9STRA,1
Avr3b,1
sp|A0A182BSS5|RLR64_PLAVT,1
tr|M4B6K9|M4B6K9_HYAAE,1
NFTP_OFTP_AvrStb6,1
tr|B8QRI7|B8QRI7_PHYIN,1
tr|A0A329SZP4|A0A329SZP4_9STRA,1
NFTP_OFTP_BAS2,1
tr|G5A859|G5A859_PHYSP,1
tr|D0NJ03|D0NJ03_PHYIT,1
Pwl1,1
tr|A0A329RFT0|A0A329RFT0_9STRA,1
tr|A0A329RBD1|A0A329RBD1_9STRA,1
NFTP_OFTP_BAS162,1
NFTP_OFTP_MoHEG13,1
tr|G4YE58|G4YE58_PHYSP,1
A_Mg1lysm,1
tr|G4ZSK4|G4ZSK4_PHYSP,1
tr|Q572F1|Q572F1_PHYIN,1
tr|D0MY47|D0MY47_PHYIT,1
tr|G4ZDR0|G4ZDR0_PHYSP,1
tr|Q572I7|Q572I7_PHYIN,1
tr|A0A329RLG2|A0A329RLG2_9STRA,1
NFTP_EGTP_positive5|1,1
sp|P0CV36|RLR95_PLAVT,1
tr|A0A329SWF8|A0A329SWF8_9STRA,1
C_BEC1011,1
tr|Q572D0|Q572D0_PHYIN,1
tr|A0A0M4CUF5|A0A0M4CUF5_9STRA,1
sp|P0CV55|RL134_PLAVT,1
tr|A0A329RZV2|A0A329RZV2_9STRA,1
tr|G4ZZF7|G4ZZF7_PHYSP,1
sp|D0NTY1|AVNT1_PHYIT,1
tr|A0A329RZH4|A0A329RZH4_9STRA,1
PexRD2,1
NFTP_OFTP_Q8J1Y3|PHI409|Bbchit1,1
AvrL567-A,1
tr|A0A329RNW1|A0A329RNW1_9STRA,1
AVR-Pita1,1
tr|Q572E6|Q572E6_PHYIN,1
CSEP0254,1
CfTom1,1
tr|Q572K7|Q572K7_PHYIN,1
tr|A0A329SKY7|A0A329SKY7_9STRA,1
Vdlsc1,1
tr|A0A833WKW3|A0A833WKW3_PHYIN,1
AvrSr50,1
tr|G4ZR15|G4ZR15_PHYSP,1
tr|D0MWY7|D0MWY7_PHYIT,1
tr|M4BPI6|M4BPI6_HYAAE,1
tr|D0N943|D0N943_PHYIT,1
tr|D0NTJ0|D0NTJ0_PHYIT,1
tr|A0A0W8CD28|A0A0W8CD28_PHYNI,1
tr|A0A329RZB6|A0A329RZB6_9STRA,1
tr|Q572H7|Q572H7_PHYIN,1
tr|D0NQS1|D0NQS1_PHYIT,1
Tox3,1
tr|A0A329RXN3|A0A329RXN3_9STRA,1
EpiC1,1
tr|A0A833TH18|A0A833TH18_PHYIN,1
NFTP_OFTP_P0CY28|PHI73|Sap3,1
NFTP_OFTP_MoCDIP1,1
NFTP_OFTP_SPD4,1
tr|G5A4Z2|G5A4Z2_PHYSP,1
tr|A0A0W8DBR7|A0A0W8DBR7_PHYNI,1
tr|D0N0G5|D0N0G5_PHYIT,1
AVR-Pia,1
AVR-Pik,1
tr|G4ZW24|G4ZW24_PHYSP,1
sp|G4ZSG0|AVH52_PHYSP,1
Avrblb1,1
tr|A0A2H4X1X4|A0A2H4X1X4_9STRA,1
tr|A0A329SHD9|A0A329SHD9_9STRA,1
tr|A0A329S0Y8|A0A329S0Y8_9STRA,1
sp|P0CV47|RL117_PLAVT,1
PiAvrVnt1,1
Msp1,1
Cmu1,1
tr|G4ZLV6|G4ZLV6_PHYSP,1
tr|G5A8K9|G5A8K9_PHYSP,1
SIX8,1
tr|A0A0W8DNK1|A0A0W8DNK1_PHYNI,1
sp|A0A182BSR8|RLR11_PLAVT,1
MoHEG13,1
tr|A0A329RVT0|A0A329RVT0_9STRA,1
Pst02549,1
NFTP_OFTP_Pwl1,1
UhAvr1,1
tr|A0A329SK33|A0A329SK33_9STRA,1
SAD1,1
tr|Q572I5|Q572I5_PHYIN,1
tr|G4ZL21|G4ZL21_PHYSP,1
tr|D0NBT8|D0NBT8_PHYIT,1
tr|G4ZKR5|G4ZKR5_PHYSP,1
Foa3,1
tr|G5AC78|G5AC78_PHYSP,1
tr|D0N3P2|D0N3P2_PHYIT,1
sp|P0CV26|RLR80_PLAVT,1
ECP4,1
tr|Q572E2|Q572E2_PHYIN,1
tr|D0NXW3|D0NXW3_PHYIT,1
tr|A0A329RLQ2|A0A329RLQ2_9STRA,1
tr|D0NTF6|D0NTF6_PHYIT,1
tr|A0A329RQG2|A0A329RQG2_9STRA,1
sp|A0A172M416|RLR9_PLAVT,1
tr|G5A9Q3|G5A9Q3_PHYSP,1
NFTP_OFTP_eff1-1_Ustilago_maydis_,1
XylA,1
INF1,1
eff1-1,1
tr|A0A329RBW0|A0A329RBW0_9STRA,1
NFTP_OFTP_SIX7,1
Avh5,1
MoHTR2,1
tr|D0N0N9|D0N0N9_PHYIT,1
PiAvr4,1
NFTP_OFTP_P29138|PHI4615|Pr1,1
tr|A0A329SEE7|A0A329SEE7_9STRA,1
tr|Q572J6|Q572J6_PHYIN,1
sp|P0CV09|RLR40_PLAVT,1
tr|A0A329S315|A0A329S315_9STRA,1
tr|Q572H9|Q572H9_PHYIN,1
tr|M4BKF8|M4BKF8_HYAAE,1
NFIP_OFITP_XP_011387170.1,1
tr|A0A833SKW8|A0A833SKW8_PHYIN,1
tr|Q572J4|Q572J4_PHYIN,1
tr|G4YE31|G4YE31_PHYSP,1
tr|A0A0W8DIL6|A0A0W8DIL6_PHYNI,1
PGT21_032071-T1,0
jgi|Physo3|262518|Physo2.s_475684,0
jgi|Cocmi1|25269|fgenesh1_pg.43_#_53,0
NFTN_EGTN_5785|0,0
jgi|Melli2_A|2849698|fgenesh1_pg.14_#_543,0
TDH69579.1,0
XP_008905934.1,0
tr|Q30BY9|Q30BY9_PHYRM,0
jgi|Fompi3|22863|Fompi1.gw1.563.1.1,0
PVIT_0002313.T1,0
jgi|Verda1|9065|VDAG_03821T0,0
jgi|Suilu1|800700|fgenesh1_kg.31_#_44_#_Locus774v4rpkm0.33_PRE,0
jgi|Cocsa1|47875|gw1.18.126.1,0
jgi|Colhig2|8082|CH63R_06874T0,0
jgi|Venin1|23094|atg8496.t1,0
PGT21_022820-T1,0
jgi|Gymlu1|75057|fgenesh1_pm.38_#_122,0
jgi|Melli2_A|2897850|fgenesh1_kg.1_#_33185_#_TRINITY_GG_1451_c0_g1_i1,0
evm.model.pcontig_009.11,0
NFTN_EGTN_6494|0,0
jgi|Verda1|4282|VDAG_01282T0,0
jgi|Maggr1|120854|MGG_12484T0,0
NFTN_EGTN_1931|0,0
jgi|Psean1_1|84437|PANT_24c00009,0
jgi|Aspni7|1143769|fgenesh1_kg.chr_401_#_6_#_2380_1_CATW_CATX_CATY_CATZ,0
jgi|Ectsil1|21494|rna9678,0
jgi|Fusgr1|12887|FGSG_10810T0,0
jgi|Fusox2|23534|FOXG_05654T0,0
jgi|Cocvi1|111311|e_gw1.119.43.1,0
NFTN_EGTN_2244|0,0
jgi|Hypsu1|48345|fgenesh1_kg.127_#_5_#_Locus12415v1rpkm1.94,0
XP_012198093.1,0
jgi|Botci1|5764|BC1T_00642,0
jgi|Blugra3_16|3401|rna-BGT96224V316_LOCUS3430,0
jgi|Stano2|11903|SNOG_06079.3,0
jgi|Dicsq1|111266|estExt_Genewise1Plus.C_490054,0
jgi|Sclci1|1217149|fgenesh1_kg.63_#_71_#_Locus3082v1rpkm50.87,0
NFTN_EGTN_4076|0,0
tr|H3GME1|H3GME1_PHYRM,0
jgi|Venin1|15505|atg1429.t1,0
jgi|Physo3|347994|estExt_Genemark1.C_10_t10439,0
jgi|Paxru1|830737|fgenesh1_kg.551_#_12_#_Locus6601v1rpkm10.00,0
jgi|Cocsa1|288693|CE84134_1632,0
jgi|Cocsa1|192990|estExt_fgenesh1_pg.C_130417,0
RQM12226.1,0
jgi|Venin1|17605|atg4061.t1,0
jgi|Melli2_A|3454021|fgenesh1_kg.6_#_37186_#_TRINITY_GG_8681_c0_g1_i2,0
jgi|Stehi1|137862|estExt_fgenesh1_pg.C_3_t20267,0
jgi|Wolco1|132558|estExt_fgenesh1_pm.C_60067,0
p3_t237631_Ust_maydi_v2@um11562@5350,0
jgi|Mycgr3|109907|estExt_fgenesh1_pg.C_chr_60366,0
jgi|Dacsp1|112160|gm1.9278_g,0
jgi|Hydpi2|174915|fgenesh1_pm.9_#_78,0
NCU02855T0,0
jgi|Fusox2|14265|FOXG_14632T0,0
jgi|Undpi1|12515|HiC_scaffold_6.g02184.m1,0
NFTN_EGTN_1823|0,0
jgi|Venin1|17358|atg4267.t1,0
jgi|Verda1|5214|VDAG_09058T0,0
XP_012203858.1,0
NFTN_EGTN_2350|0,0
jgi|Suilu1|88449|e_gw1.195.21.1,0
jgi|Physo3|312600|fgenesh1_pm.3_#_121,0
jgi|Gymlu1|251503|gm1.16713_g,0
jgi|Phyca11|116395|e_gw1.30.481.1,0
jgi|Plicr1|352904|CE171629_513,0
jgi|Cormi1|4349|CCM_04360m.01,0
jgi|Mycgr3|38087|e_gw1.3.746.1,0
jgi|Aspni7|42341|Aspni5.fgenesh1_pg.C_scaffold_9000319,0
jgi|Cocmi1|89238|e_gw1.30.138.1,0
NFTN_EGTN_4767|0,0
jgi|Pismi1|676355|fgenesh1_kg.19_#_105_#_Locus15588v1rpkm2.04,0
jgi|Fusox2|11378|FOXG_01797T0,0
jgi|Colhig2|12088|CH63R_10880T0,0
jgi|Dacsp1|22342|fgenesh1_kg.9_#_213_#_isotig01466,0
jgi|Lacbi2|310796|Lacbi1.eu2.Lbscf0048g00280,0
jgi|Colgr1|5391|GLRG_01070T0,0
evm.model.hcontig_012_010.25,0
jgi|Colgr1|2175|GLRG_04809T0,0
jgi|Phyca11|552912|estExt2_Genewise1Plus.C_PHYCAscaffold_500072,0
jgi|Fusgr1|12997|FGSG_13935T0,0
jgi|Fusox2|19823|FOXG_18681T0,0
XP_008898563.1,0
jgi|Fomme1|18440|fgenesh1_kg.4_#_5_#_isotig05723,0
jgi|Undpi1|6965|HiC_scaffold_21.g09439.m1,0
jgi|Hebcy2|438241|fgenesh1_kg.1_#_504_#_Locus2900v1rpkm23.42,0
jgi|Hydpi2|114857|fgenesh1_kg.22_#_203_#_Locus22484v1rpkm0.77,0
jgi|Clafu1|192101|scf7180000130545_G5846,0
jgi|Botci1|3960|BC1T_14611,0
jgi|Lacbi2|679410|fgenesh3_kg.LG_1_#_314_#_Locus_4835_Transcript_3/4_Confidence_0.727,0
jgi|Batde5|92026|GP3.075850,0
jgi|Phyinf1|4028|rna10429,0
EGZ22284,0
jgi|Cocsa1|51158|gw1.6.605.1,0
jgi|Pismi1|16730|gm1.11254_g,0
NFTN_EGVN_6586|0,0
NFTN_EGVN_1743|0,0
jgi|Physo3|286679|fgenesh1_kg.6_#_193_#_CL1194Contig1,0
AO090011000082,0
jgi|Glotr1_1|131672|gm1.7979_g,0
jgi|Trave1|29080|fgenesh1_kg.6_#_220_#_isotig05034,0
jgi|Fusgr1|12195|FGSG_13782T0,0
jgi|Plicr1|91098|estExt_fgenesh1_pm.C_6_t10322,0
jgi|Phyinf1|11437|rna4908,0
jgi|Fusox2|15109|FOXG_15179T0,0
NFTN_EGTN_2212|0,0
jgi|Agabi_varbur_1|113820|estExt_fgenesh1_kg.C_60135,0
jgi|Paxru1|135121|e_gw1.89.57.1,0
jgi|Hebcy2|444242|fgenesh1_kg.10_#_1_#_Locus21763v1rpkm0.48,0
jgi|Sebve1|324488|MIX22010_62_38,0
jgi|Amath1|74638|fgenesh1_pm.15_#_65,0
tr|H3GS47|H3GS47_PHYRM,0
XP_012200047.1,0
tr|K3WTT3|K3WTT3_GLOUD,0
jgi|Clafu1|189908|scf7180000130297_G532,0
jgi|Claok1|11108|g20381.t1,0
jgi|Copci1|3241|CC1G_03720T0,0
jgi|Sphst1|255072|gm1.16962_g,0
jgi|Stano2|3887|SNOG_10587.3,0
jgi|Cocsa1|299313|CE94754_3392,0
jgi|Sacce1|3320|YJL116C,0
jgi|Melli2_A|3868219|fgenesh1_kg.11_#_26656_#_TRINITY_GG_45732_c0_g1_i1,0
jgi|Cocvi1|100331|e_gw1.46.175.1,0
jgi|Hypsu1|206741|gm1.10826_g,0
jgi|Cocsa1|322143|CE117584_1962,0
jgi|Metro1|6044|MAA_03596T0,0
jgi|Aspni7|1114588|estExt_Genewise1Plus.C_chr_101_t10144,0
jgi|Phyca11|507649|fgenesh2_kg.PHYCAscaffold_29_#_45_#_Contig4476.1,0
tr|A0A090C2R2|A0A090C2R2_HYAAE,0
jgi|Batde5|92420|GP3.079790,0
RQM18772.1,0
jgi|Glotr1_1|93508|fgenesh1_pg.00006_#_386,0
jgi|Copci1|3457|CC1G_03961T0,0
jgi|Botci1|5411|BC1T_04660,0
NFTN_EGTN_6196|0,0
NFTN_EGVN_6059|0,0
jgi|Colgr1|7864|GLRG_09115T0,0
RAW41862,0
NFTN_EGTN_4968|0,0
jgi|Pismi1|380301|CE255849_134,0
jgi|Hydpi2|77157|e_gw1.1.932.1,0
XP_012194467.1,0
tr|M4BMV1|M4BMV1_HYAAE,0
jgi|Lacbi2|658875|estExt_fgenesh1_kg.C_LG_90134,0
jgi|Wolco1|22946|fgenesh1_kg.2_#_208_#_isotig01164,0
jgi|Phyca11|530893|estExt2_fgenesh1_pm.C_PHYCAscaffold_820028,0
PGT21_001974-T1,0
jgi|Pilcr1|80473|e_gw1.00099.41.1,0
jgi|Erynec1|6058|EV44_g0525T0,0
tr|H3GJI0|H3GJI0_PHYRM,0
jgi|Clafu1|191443|scf7180000130411_G6180,0
jgi|Glotr1_1|71987|estExt_Genewise1Plus.C_00003_t20113,0
PGT21_036675-T1,0
jgi|Maggr1|118366|MGG_03457T0,0
jgi|Pilcr1|826375|fgenesh1_kg.00066_#_58_#_Locus3169v1rpkm67.14,0
jgi|Metro1|7600|MAA_02881T0,0
evm.model.pcontig_045.159,0
jgi|Fompi3|1053068|gm1.8748_g,0
jgi|Dacsp1|106961|gm1.4079_g,0
jgi|Fomme1|21929|fgenesh1_kg.8_#_695_#_isotig09523,0
jgi|Colgr1|1739|GLRG_04392T0,0
jgi|Pismi1|110267|e_gw1.130.80.1,0
jgi|Stano2|9843|SNOG_16435.3,0
jgi|Fusox2|5357|FOXG_10043T0,0
jgi|Conpu1|41273|gw1.1.3309.1,0
jgi|Clafu1|195653|scf7180000130859_G849,0
jgi|Amath1|60180|fgenesh1_kg.26_#_85_#_isotig21326,0
jgi|Stehi1|61912|e_gw1.12.156.1,0
jgi|Pisti1|1002823|fgenesh1_kg.43_#_34_#_Locus20489v1rpkm1.13,0
jgi|Wolco1|166081|estExt_Genemark1.C_11_t10244,0
evm.model.pcontig_039.167,0
jgi|Punst1|120880|estExt_fgenesh1_pm.C_70322,0
jgi|Cryne_JEC21_1|2178|CNN01420.t01,0
jgi|Mycgr3|71198|estExt_Genewise1Plus.C_chr_40924,0
jgi|Fusgr1|703|FGSG_00588T0,0
jgi|Fusox2|23423|FOXG_17619T0,0
NFTN_EGTN_5984|0,0
jgi|Metro1|2198|MAA_07812T0,0
jgi|Undpi1|1804|HiC_scaffold_12.g05191.m1,0
jgi|Colgr1|5608|GLRG_01287T0,0
jgi|Fusox2|21486|FOXG_17187T0,0
jgi|Agabi_varbur_1|100073|fgenesh1_pm.5_#_677,0
jgi|Clafu1|190494|scf7180000130334_G7795,0
jgi|Amamu1|26070|estExt_Genemark1.C_630011,0
jgi|Verda1|4931|VDAG_08583T0,0
jgi|Lepmu1|10284|Lema_T056130.1,0
jgi|Botci1|12897|BC1T_09607,0
jgi|Altal1|971167|estExt_Genewise1.C_21_t20027,0
jgi|Verda1|8647|VDAG_03405T0,0
jgi|Wolco1|27029|fgenesh1_kg.9_#_145_#_isotig07086,0
jgi|Paxin1|166204|fgenesh1_kg.3_#_234_#_isotig08360,0
jgi|Melli2_A|203258|CE185742_521,0
jgi|Pisti1|394609|CE221716_43715,0
APA11010.1,0
jgi|Trave1|43427|gm1.2311_g,0
jgi|Lacbi2|679701|fgenesh3_kg.LG_1_#_605_#_Locus_46751_Transcript_1/1_Confidence_1.000,0
PGT21_005122-T1,0
jgi|Stehi1|125703|fgenesh1_kg.19_#_114_#_isotig04201,0
jgi|Stehi1|169929|estExt_Genemark1.C_10_t10461,0
jgi|Gymlu1|175062|e_gw1.55.109.1,0
tr|K3WZR9|K3WZR9_GLOUD,0
jgi|Cocvi1|40811|fgenesh1_pm.94_#_4,0
jgi|Gymlu1|243065|gm1.8275_g,0
jgi|Pismi1|679941|fgenesh1_kg.52_#_69_#_Locus19969v2rpkm0.54,0
jgi|Fusox2|7171|FOXG_11248T0,0
jgi|Sebve1|22084|gm1.3356_g,0
jgi|Mycgr3|100850|estExt_fgenesh1_pm.C_chr_70294,0
jgi|Venin1|16302|atg140.t1,0
jgi|Fomme1|25140|fgenesh1_pg.1_#_512,0
XP_008904536.1,0
jgi|Conpu1|133014|estExt_Genewise1Plus.C_200064,0
jgi|Melli2_B|709979|CE709978_3278,0
PGT21_012809-T1,0
jgi|Undpi1|1853|HiC_scaffold_12.g05240.m1,0
jgi|Wolco1|101879|estExt_Genewise1Plus.C_5_t30001,0
tr|M4BYH1|M4BYH1_HYAAE,0
jgi|Melli2_A|3739453|fgenesh1_kg.9_#_58859_#_TRINITY_GG_30598_c1_g1_i1,0
jgi|Blugra3_16|5523|rna-BGT96224V316_LOCUS5612,0
jgi|Copci1|12796|CC1G_15245T0,0
jgi|Sphst1|246289|gm1.8179_g,0
NFTN_EGVN_6807|0,0
p3_t237631_Ust_maydi_v2@um05803@6186,0
jgi|Phyinf1|13548|rna14506,0
jgi|Sclci1|34705|gm1.16160_g,0
jgi|Claok1|2388|g6541.t1,0
jgi|Cocmi1|10178|gm1.10178_g,0
jgi|Hypsu1|139266|e_gw1.33.140.1,0
NFTN_EGTN_1715|0,0
jgi|Mycgr3|88845|fgenesh1_pg.C_chr_1000262,0
jgi|Undpi1|4699|HiC_scaffold_18.g08052.m1,0
jgi|Colgr1|6713|GLRG_08359T0,0
jgi|Fusox2|10223|FOXG_13217T0,0
jgi|Mycgr3|94065|fgenesh1_pg.C_chr_6000465,0
jgi|Verda1|8615|VDAG_03373T0,0
jgi|Metro1|11174|MAA_01203T0,0
PITG_11903T0,0
jgi|Conpu1|132643|estExt_Genewise1Plus.C_180459,0
jgi|Colhig2|9375|CH63R_08167T0,0
jgi|Dacsp1|20303|fgenesh1_kg.3_#_61_#_isotig07486,0
NCU09196T0,0
jgi|Hypsu1|207400|gm1.11485_g,0
jgi|Trave1|162601|estExt_Genewise1Plus.C_3_t20245,0
jgi|Melli2_A|3514165|fgenesh1_kg.7_#_9046_#_TRINITY_GG_9968_c0_g1_i1,0
jgi|Clafu1|187819|scf7180000129551_G14124,0
jgi|Pisti1|13249|fgenesh1_pm.6_#_91,0
jgi|Clafu1|187560|scf7180000129187_G9177,0
jgi|Venin1|25907|atg11078.t1,0
jgi|Fompi3|1056099|gm1.11779_g,0
jgi|Sphst1|254296|gm1.16186_g,0
jgi|Sphst1|773739|estExt_Genemark1.C_1_t10498,0
jgi|Sebve1|330379|fgenesh1_kg.27_#_17_#_Locus5034v1rpkm29.25,0
jgi|Paxin1|18891|gm1.13462_g,0
NFTN_EGTN_806|0,0
jgi|Paxin1|153505|fgenesh1_pg.4_#_186,0
jgi|Fompi3|101707|Fompi1.estExt_Genemark1.C_790004,0
jgi|Botci1|12830|BC1T_09540,0
jgi|Colhig2|10295|CH63R_09087T0,0
jgi|Ascra1|3526|ST47_g5391T0,0
jgi|Clafu1|193945|scf7180000130743_G6337,0
jgi|Mycgr3|94017|fgenesh1_pg.C_chr_6000417,0
jgi|Fusox2|21481|FOXG_17183T0,0
jgi|Lepmu1|1621|Lema_T076460.1,0
jgi|Usthor1|85699|UHOR_15349,0
jgi|Phyinf1|13686|rna14649,0
jgi|Physo3|470322|e_gw1.1.9690.1,0
jgi|Tulca1|79390|e_gw1.172.51.1,0
jgi|Phyca11|102326|e_gw1.6.392.1,0
NFTN_EGTN_105|0,0
jgi|Amamu1|160866|fgenesh1_kg.15_#_125_#_Locus26288v3rpkm0.58,0
jgi|Plicr1|95895|estExt_fgenesh1_pm.C_240003,0
NFTN_EGTN_4637|0,0
jgi|Stano2|3399|SNOG_09934.3,0
jgi|Pismi1|469939|CE345487_4859,0
jgi|Altal1|1026316|fgenesh1_kg.37_#_77_#_Locus1837v1rpkm84.78,0
jgi|Canalb1|56403|CAALFM_C502830WAT0,0
jgi|Hydpi2|169905|fgenesh1_pg.32_#_12,0
jgi|Cocmi1|1783|gm1.1783_g,0
PGT21_030649-T1,0
jgi|Trave1|28895|fgenesh1_kg.6_#_35_#_isotig06910,0
jgi|Punst1|134314|gm1.5539_g,0
jgi|Lepmu1|10902|Lema_T068130.1,0
tr|M4B436|M4B436_HYAAE,0
jgi|Trave1|159877|estExt_Genewise1Plus.C_1_t70349,0
jgi|Lepmu1|1286|Lema_T073110.1,0
jgi|Fusox2|16405|FOXG_02712T0,0
jgi|Lacbi2|333093|Lacbi1.fgenesh3_pg.C_scaffold_47000063,0
jgi|Sebve1|172694|CE89044_1615,0
jgi|Parbr1|1538|PABG_06343m.01,0
jgi|Pilcr1|551559|CE452059_737,0
tr|F0WKS6|F0WKS6_9STRA,0
jgi|Erynec1|4498|EV44_g0603T0,0
jgi|Lepmu1|6312|Lema_T022860.1,0
jgi|Rhoto_IFO0880_4|8586|fgenesh1_kg.1_#_725_#_TRINITY_DN2617_c0_g1_i1_mRNA,0
jgi|Colhig2|5894|CH63R_04686T0,0
jgi|Lacam1|678904|fgenesh1_kg.82_#_48_#_Locus14865v1rpkm2.02,0
jgi|Tulca1|212420|MIX2826_12_11,0
jgi|Nemde1|8950|g5421.t1,0
jgi|Pisti1|1001693|fgenesh1_kg.35_#_113_#_Locus23307v2rpkm0.45,0
NFTN_EGTN_380|0,0
jgi|Agabi_varbur_1|116259|estExt_fgenesh1_kg.C_260032,0
jgi|Colhig2|1113|CH63R_01113T0,0
jgi|Cocsa1|306996|CE102437_957,0
jgi|Stehi1|116545|fgenesh1_pg.26_#_58,0
jgi|Phyinf1|888|rna18363,0
jgi|Lacam1|122753|fgenesh1_pg.87_#_23,0
AB09767.1,0
jgi|Fusgr1|5321|FGSG_02898T0,0
jgi|Maggr1|117897|MGG_06004T0,0
AO090001000134,0
jgi|Colgr1|342|GLRG_00342T0,0
jgi|Colhig2|14440|CH63R_13232T0,0
jgi|Venin1|18340|atg4362.t1,0
jgi|Clafu1|189850|scf7180000130296_G11843,0
tr|H3GN55|H3GN55_PHYRM,0
jgi|Cocmi1|24302|fgenesh1_pg.29_#_66,0
jgi|Batde5|87357|GP3.029160,0
jgi|Metro1|6827|MAA_10392T0,0
jgi|Hypsu1|202342|gm1.6427_g,0
NFTN_EGTN_4030|0,0
jgi|Botci1|7017|BC1T_05646,0
jgi|Venin1|26528|atg12975.t1,0
jgi|Pismi1|686951|fgenesh1_kg.193_#_5_#_Locus11537v1rpkm5.07,0
jgi|Fusgr1|4698|FGSG_03436T0,0
jgi|Dacsp1|116038|estExt_Genemark1.C_80232,0
jgi|Venin1|25825|atg10323.t1,0
evm.model.hcontig_036_006.16,0
tr|F0WJJ1|F0WJJ1_9STRA,0
jgi|Hypsu1|46798|fgenesh1_kg.94_#_9_#_Locus20014v1rpkm0.54,0
PGT21_026369-T1,0
TDH74102.1,0
jgi|Fusox2|3321|FOXG_19841T0,0
NFTN_EGTN_1129|0,0
jgi|Copci1|2867|CC1G_03312T0,0
jgi|Hydpi2|112159|fgenesh1_kg.13_#_71_#_Locus5986v1rpkm37.19,0
jgi|Cocsa1|156464|gm1.1280_g,0
jgi|Sebve1|328455|fgenesh1_kg.10_#_91_#_Locus2586v1rpkm70.84,0
jgi|Suilu1|810147|fgenesh1_kg.309_#_8_#_Locus5728v2rpkm1.76_PRE,0
PGT21_018483-T1,0
jgi|Verda1|2769|VDAG_07251T0,0
jgi|Venin1|24826|atg10143.t1,0
tr|M4C6N2|M4C6N2_HYAAE,0
jgi|Fompi3|1164600|estExt_Genewise1Plus.C_390233,0
jgi|Fusgr1|9427|FGSG_08787T0,0
jgi|Sclci1|24373|gm1.5828_g,0
jgi|Verda1|1815|VDAG_05987T0,0
NFTN_EGTN_3929|0,0
jgi|Fusox2|20040|FOXG_04055T0,0
jgi|Venin1|19109|atg5113.t1,0
jgi|Punst1|135487|gm1.6712_g,0
jgi|Conpu1|51478|e_gw1.3.258.1,0
jgi|Clafu1|185377|scf7180000127641_G8729,0
NFTN_EGTN_4675|0,0
NFTN_EGVN_5453|0,0
EGZ04577,0
jgi|Stano2|6602|SNOG_13500.3,0
jgi|Hypsu1|999132|CE778126_154,0
jgi|Paxru1|25790|fgenesh1_pg.265_#_6,0
jgi|Melli2_B|4130974|fgenesh1_kg.16_#_54062_#_TRINITY_GG_34792_c0_g1_i2,0
jgi|Moeaph1|2773|PaG_05532T0,0
jgi|Mycgr3|90411|fgenesh1_pg.C_chr_2000101,0
jgi|Phyinf1|8021|rna7362,0
NFTN_EGVN_3970|0,0
jgi|Sebve1|202700|CE119050_1268,0
jgi|Fompi3|146399|Fompi1.estExt_Genewise1Plus.C_790044,0
jgi|Altal1|1056035|gm1.270_g,0
jgi|Metro1|53|MAA_01663T0,0
jgi|Trave1|68212|estExt_Genemark1.C_1_t20198,0
jgi|Altal1|1037698|estExt_fgenesh1_pm.C_30039,0
AB03255.1,0
jgi|Pismi1|16172|gm1.10696_g,0
jgi|Colhig2|13188|CH63R_11980T0,0
NFTN_EGTN_4096|0,0
jgi|Hydpi2|34936|gm1.12091_g,0
jgi|Colgr1|1617|GLRG_04294T0,0
jgi|Fompi3|67799|Fompi1.estExt_Genewise1.C_3_t20177,0
jgi|Gymlu1|236344|gm1.1554_g,0
NFTN_EGTN_6342|0,0
jgi|Cocvi1|93904|e_gw1.24.365.1,0
jgi|Melli2_A|3487123|fgenesh1_kg.6_#_70288_#_TRINITY_GG_21511_c0_g1_i2,0
jgi|Mycgr3|71724|estExt_Genewise1Plus.C_chr_50099,0
jgi|Nemde1|16255|g9877.t1,0
jgi|Physo3|355967|estExt_fgenesh1_kg.C_110004,0
jgi|Melli2_B|3705398|fgenesh1_kg.10_#_35247_#_TRINITY_GG_13462_c0_g1_i1,0
jgi|Trave1|45578|gm1.4462_g,0
jgi|Stano2|11016|SNOG_04870.3,0
jgi|Mycgr3|38161|e_gw1.3.164.1,0
jgi|Canalb1|55719|CAALFM_C600070CAT0,0
jgi|Clafu1|195858|scf7180000130864_G6232,0
NFTN_EGTN_4714|0,0
jgi|Fusgr1|3839|FGSG_04203T0,0
jgi|Blugra3_16|3548|rna-BGT96224V316_LOCUS3571,0
jgi|Fusox2|16307|FOXG_15838T0,0
NFTN_EGTN_5173|0,0
jgi|Lepmu1|1146|Lema_T011460.1,0
jgi|Nemde1|1188|g2738.t1,0
jgi|Clafu1|188363|scf7180000130031_G13495,0
jgi|Cocsa1|157307|gm1.2123_g,0
jgi|Lepmu1|8954|Lema_T037730.1,0
evm.model.pcontig_014.27,0
tr|F0WKZ4|F0WKZ4_9STRA,0
jgi|Cormi1|4490|CCM_04501m.01,0
evm.model.hcontig_000_003.314,0
jgi|Clafu1|193646|scf7180000130702_G3512,0
jgi|Fusox2|2464|FOXG_01323T0,0
jgi|Trave1|37714|fgenesh1_pm.7_#_17,0
jgi|Lepmu1|9039|Lema_T038580.1,0
jgi|Pilcr1|13420|gm1.13420_g,0
jgi|Punst1|85493|estExt_Genewise1.C_4_t50003,0
NFTN_EGTN_2595|0,0
jgi|Physo3|374177|gw1.2.1493.1,0
jgi|Clafu1|186625|scf7180000128523_G2933,0
jgi|Cocsa1|342609|MIX2028_8_39,0
jgi|Colgr1|5206|GLRG_07264T0,0
jgi|Ascra1|6286|ST47_g8006T0,0
jgi|Agabi_varbur_1|106297|estExt_fgenesh1_pg.C_50205,0
XP_012202414.1,0
jgi|Phyinf1|9587|rna6973,0
jgi|Batde5|87832|GP3.033910,0
jgi|Copci1|10918|CC1G_13198T0,0
jgi|Dicsq1|80744|estExt_Genewise1.C_4_t30088,0
AO090003000714,0
evm.model.pcontig_008.237,0
jgi|Fusgr1|12252|FGSG_10592T0,0
jgi|Fusgr1|8121|FGSG_07025T0,0
jgi|Phyinf1|12017|rna15435,0
jgi|Venin1|16013|atg2069.t1,0
jgi|Colhig2|309|CH63R_00309T0,0
TDH73568.1,0
jgi|Botci1|7030|BC1T_05659,0
jgi|Lacam1|383773|CE248028_1276,0
TDH71774.1,0
jgi|Phyca11|14775|fgenesh1_pg.PHYCAscaffold_9_#_151,0
jgi|Copci1|2407|CC1G_02779T0,0
jgi|Sphst1|41766|fgenesh1_pg.4_#_45,0
tr|K3W7B2|K3W7B2_GLOUD,0
jgi|Stehi1|168799|estExt_Genemark1.C_7_t20049,0
jgi|Cocmi1|100888|e_gw1.111.82.1,0
jgi|Venin1|14119|atg603.t1,0
jgi|Sphst1|179334|e_gw1.102.159.1,0
jgi|Punst1|128568|estExt_fgenesh1_pg.C_200086,0
jgi|Tulca1|27868|gm1.11423_g,0
jgi|Maggr1|114287|MGG_02139T0,0
jgi|Colgr1|130|GLRG_00130T0,0
jgi|Sphst1|27994|fgenesh1_kg.18_#_382_#_Locus7828v1rpkm16.24,0
evm.model.pcontig_056.8,0
tr|M4BJ47|M4BJ47_HYAAE,0
jgi|Sphst1|66716|estExt_fgenesh1_pg.C_310044,0
p3_t237631_Ust_maydi_v2@um03975@4482,0
jgi|Plicr1|168657|estExt_Genewise1Plus.C_210084,0
jgi|Undpi1|10133|HiC_scaffold_28.g12587.m1,0
jgi|Colhig2|3225|CH63R_02017T0,0
jgi|Metro1|9917|MAA_06331T0,0
AO090003000587,0
jgi|Sclci1|122268|e_gw1.50.330.1,0
jgi|Amath1|65321|fgenesh1_kg.92_#_2_#_isotig23962,0
jgi|Maggr1|114281|MGG_02154T0,0
NFTN_EGTN_981|0,0
jgi|Cocsa1|31858|fgenesh1_kg.1_#_116_#_Locus4591v1rpkm23.91,0
jgi|Fusgr1|13293|FGSG_11257T0,0
jgi|Amath1|74451|fgenesh1_pm.13_#_56,0
PGT21_031519-T1,0
jgi|Hydpi2|112366|fgenesh1_kg.13_#_278_#_Locus8185v1rpkm21.89,0
jgi|Canalb1|59964|CAALFM_C109900WAT0,0
jgi|Lepmu1|9976|Lema_T053050.1,0
jgi|Physo3|287114|fgenesh1_kg.8_#_101_#_CL66Contig3,0
jgi|Lacbi2|678092|estExt_fgenesh2_kg.C_LG_70039,0
jgi|Trave1|31788|fgenesh1_kg.13_#_47_#_isotig08034,0
jgi|Amamu1|11273|gm1.5283_g,0
jgi|Lacam1|672371|fgenesh1_kg.7_#_38_#_Locus3946v1rpkm39.34,0
NFTN_EGTN_4584|0,0
jgi|Fompi3|1032524|fgenesh1_pm.71_#_21,0
jgi|Rhoto_IFO0880_4|16717|gm1.5335_g_mRNA,0
jgi|Colgr1|5707|GLRG_07364T0,0
PGT21_019770-T1,0
jgi|Venin1|25318|atg9199.t1,0
jgi|Sebve1|326745|fgenesh1_kg.3_#_405_#_Locus3533v1rpkm48.96,0
jgi|Clafu1|186257|scf7180000128179_G3465,0
jgi|Stehi1|123565|fgenesh1_kg.12_#_244_#_isotig13012,0
jgi|Batde5|84629|GP3.001880,0
jgi|Fusox2|6364|FOXG_10672T0,0
jgi|Sphst1|172095|e_gw1.61.41.1,0
jgi|Venin1|21932|atg10618.t1,0
jgi|Colhig2|12652|CH63R_11444T0,0
jgi|Copci1|8915|CC1G_10470T0,0
jgi|Plicr1|30158|fgenesh1_pg.8_#_406,0
jgi|Venin1|25596|atg12587.t1,0
jgi|Colhig2|10252|CH63R_09044T0,0
jgi|Colgr1|8558|GLRG_02642T0,0
evm.model.pcontig_047.14,0
tr|H3GJS8|H3GJS8_PHYRM,0
jgi|Pisti1|125716|e_gw1.5.590.1,0
jgi|Cormi1|6808|CCM_06827m.01,0
tr|A0A090C2Q7|A0A090C2Q7_HYAAE,0
jgi|Sacce1|5184|YNL190W,0
jgi|Trave1|144728|estExt_Genewise1.C_3_t60364,0
NFTN_EGTN_2875|0,0
jgi|Lacbi2|256021|Lacbi1.e_gww1.70.14.1,0
jgi|Hydpi2|178032|fgenesh1_pm.81_#_1,0
jgi|Melli2_A|3597555|fgenesh1_kg.8_#_4790_#_TRINITY_GG_38656_c1_g1_i1,0
NFTN_EGTN_1640|0,0
jgi|Undpi1|5422|HiC_scaffold_2.g00703.m1,0
jgi|Amath1|45887|fgenesh1_pg.8_#_71,0
tr|K3XB85|K3XB85_GLOUD,0
XP_012206276.1,0
jgi|Gymlu1|917793|CE651486_834,0
NFTN_EGVN_3233|0,0
jgi|Paxin1|17420|gm1.11991_g,0
jgi|Dicsq1|114088|estExt_Genewise1Plus.C_1600003,0
evm.model.pcontig_030.183,0
jgi|Verda1|3490|VDAG_07972T0,0
jgi|Amath1|152834|e_gw1.163.26.1,0
jgi|Amath1|73588|fgenesh1_pm.6_#_149,0
jgi|Altal1|956302|estExt_Genewise1.C_4_t10226,0
jgi|Batde5|90798|GP3.063570,0
jgi|Wolco1|140238|estExt_fgenesh1_kg.C_130212,0
jgi|Pismi1|682696|fgenesh1_kg.90_#_2_#_Locus19510v2rpkm0.41,0
jgi|Maggr1|120753|MGG_08376T0,0
jgi|Colgr1|9477|GLRG_02084T0,0
jgi|Mycgr3|102792|estExt_fgenesh1_kg.C_chr_10879,0
jgi|Conpu1|83360|fgenesh1_kg.9_#_121_#_isotig00661,0
XP_008899980.1,0
jgi|Lepmu1|10646|Lema_T048320.1,0
jgi|Cormi1|8709|CCM_08733m.01,0
jgi|Hydpi2|116693|fgenesh1_kg.34_#_46_#_Locus5498v1rpkm41.45,0
APA09255.1,0
jgi|Colgr1|9840|GLRG_10439T0,0
TDH65735.1,0
jgi|Cocvi1|12757|fgenesh1_pg.11_#_37,0
jgi|Colhig2|180|CH63R_00180T0,0
jgi|Metro1|5298|MAA_00235T0,0
p3_t237631_Ust_maydi_v2@um05229@2321,0
jgi|Lepmu1|318|Lema_T003180.1,0
jgi|Claok1|3733|g6874.t1,0
jgi|Phyinf1|1883|rna11861,0
XP_008916131.1,0
jgi|Gymlu1|246922|gm1.12132_g,0
jgi|Blugr1|19971|BGHDH14_bgh02643,0
jgi|Fusgr1|5525|FGSG_04744T0,0
jgi|Phyca11|20993|fgenesh1_pg.PHYCAscaffold_78_#_20,0
jgi|Lepmu1|7028|Lema_T119730.1,0
XP_008898385.1,0
jgi|Maggr1|116228|MGG_00052T0,0
jgi|Undpi1|3100|HiC_scaffold_15.g06474.m1,0
XP_012200013.1,0
jgi|Hebcy2|14599|fgenesh1_pg.55_#_17,0
jgi|Clafu1|186706|scf7180000128711_G12911,0
jgi|Fusox2|20650|FOXG_18828T0,0
jgi|Verda1|7910|VDAG_02752T0,0
jgi|Clafu1|187059|scf7180000128985_G1383,0
jgi|Stano2|5507|SNOG_12028.3,0
jgi|Colgr1|10643|GLRG_02033T0,0
jgi|Cocmi1|87807|e_gw1.25.250.1,0
PGT21_028120-T1,0
jgi|Lepmu1|2216|Lema_T084480.1,0
jgi|Physo3|354918|estExt_fgenesh1_kg.C_60021,0
jgi|Maggr1|120705|MGG_12426T0,0
jgi|Sclci1|114250|e_gw1.23.324.1,0
jgi|Copci1|1277|CC1G_01480T0,0
jgi|Paxru1|137987|e_gw1.153.50.1,0
jgi|Nemde1|17012|g11876.t1,0
jgi|Nemde1|3115|g181.t1,0
jgi|Stano2|3193|SNOG_09674.3,0
jgi|Melli2_A|998330|e_gw1.1.1459.1,0
jgi|Physo3|255357|Physo2.s_459245,0
jgi|Botci1|11492|BC1T_08931,0
jgi|Glotr1_1|93283|fgenesh1_pg.00006_#_161,0
jgi|Colgr1|7603|GLRG_08854T0,0
jgi|Pisti1|24739|gm1.7358_g,0
jgi|Undpi1|5194|HiC_scaffold_2.g00477.m1,0
jgi|Sphst1|31826|fgenesh1_kg.63_#_35_#_Locus18785v1rpkm1.31,0
jgi|Fusox2|9391|FOXG_20830T0,0
jgi|Maggr1|114997|MGG_07656T0,0
jgi|Fusgr1|5547|FGSG_04763T0,0
jgi|Maggr1|119165|MGG_08915T0,0
jgi|Phyca11|563119|estExt2_Genewise1.C_PHYCAscaffold_110228,0
jgi|Suilu1|799013|fgenesh1_kg.13_#_57_#_Locus404v1rpkm413.35,0
jgi|Ectsil1|16859|rna975,0
jgi|Altal1|924956|e_gw1.1.895.1,0
jgi|Colgr1|7103|GLRG_01555T0,0
jgi|Pismi1|678294|fgenesh1_kg.32_#_66_#_Locus6227v1rpkm25.35,0
jgi|Pisti1|35285|gm1.17904_g,0
NFTN_EGTN_5899|0,0
XP_008902667.1,0
jgi|Cormi1|4858|CCM_04871m.01,0
jgi|Dicsq1|17997|gw1.9.207.1,0
jgi|Trave1|52582|gm1.11466_g,0
jgi|Lacbi2|483440|fgenesh1_pm.LG_4_#_551,0
evm.model.hcontig_065_094.7,0
jgi|Pisti1|11452|fgenesh1_pg.246_#_4,0
jgi|Venin1|18529|atg4396.t1,0
jgi|Plicr1|173688|gm1.4449_g,0
jgi|Undpi1|6386|HiC_scaffold_20.g08867.m1,0
NFTN_EGTN_4680|0,0
jgi|Pilcr1|440997|CE341497_928,0
jgi|Melli2_B|985233|e_gw1.3.1159.1,0
jgi|Physo3|286181|fgenesh1_kg.5_#_33_#_159020,0
jgi|Usthor1|86311|UHOR_15734,0
jgi|Fompi3|1021394|fgenesh1_kg.2_#_149_#_isotig05479,0
jgi|Plicr1|100762|e_gw1.2.1909.1,0
NFTN_EGTN_719|0,0
jgi|Lepmu1|11945|Lema_T061970.1,0
jgi|Verda1|2807|VDAG_07289T0,0
jgi|Suilu1|13858|gm1.6573_g,0
jgi|Batde5|90629|GP3.061880,0
tr|H3GB01|H3GB01_PHYRM,0
tr|M4BFB4|M4BFB4_HYAAE,0
jgi|Dacsp1|96862|estExt_fgenesh1_pm.C_210044,0
jgi|Undpi1|10510|HiC_scaffold_29.g12960.m1,0
jgi|Suilu1|802737|fgenesh1_kg.60_#_52_#_Locus1181v1rpkm151.48,0
jgi|Claok1|11243|g9979.t1,0
jgi|Conpu1|159165|gm1.11156_g,0
NFTN_EGTN_3447|0,0
jgi|Cocmi1|33209|fgenesh1_pm.14_#_29,0
jgi|Blugr1|20929|BGHDH14_bghG004933000001001,0
jgi|Mycgr3|95478|fgenesh1_pg.C_chr_9000002,0
jgi|Trave1|46107|gm1.4991_g,0
jgi|Clafu1|184933|scf7180000127330_G5616,0
jgi|Amamu1|179345|fgenesh1_pg.40_#_18,0
jgi|Trave1|44602|gm1.3486_g,0
jgi|Colhig2|12534|CH63R_11326T0,0
jgi|Ascra1|6363|ST47_g8073T0,0
jgi|Sphst1|60950|fgenesh1_pm.93_#_22,0
jgi|Dacsp1|20879|fgenesh1_kg.4_#_208_#_isotig03807,0
RQM15000.1,0
jgi|Colhig2|6315|CH63R_05107T0,0
jgi|Colhig2|11485|CH63R_10277T0,0
jgi|Colhig2|12435|CH63R_11227T0,0
jgi|Parbr1|2747|PABG_01054m.01,0
jgi|Pisti1|1007296|fgenesh1_kg.119_#_46_#_Locus3365v1rpkm60.95,0
NFTN_EGTN_6504|0,0
jgi|Venin1|13849|atg11500.t1,0
jgi|Sphst1|241239|gm1.3129_g,0
jgi|Botci1|14080|BC1T_10504,0
AO090011000156,0
PGT21_013031-T1,0
jgi|Lacbi2|440860|gm1.5304_g,0
evm.model.hcontig_052_006.50,0
jgi|Suilu1|809757|fgenesh1_kg.283_#_10_#_Locus2194v1rpkm80.71,0
jgi|Malgl1|2250|MGL_2249,0
AO090005001084,0
jgi|Altal1|1080102|MIX12000_10_84,0
jgi|Clafu1|193444|scf7180000130692_G6647,0
jgi|Cocmi1|10363|gm1.10363_g,0
TDH70621.1,0
tr|M4BTI4|M4BTI4_HYAAE,0
jgi|Hypsu1|561306|CE340300_228,0
NFTN_EGTN_7380|0,0
jgi|Phyinf1|12045|rna15463,0
jgi|Fusox2|23386|FOXG_17590T0,0
jgi|Lacam1|135645|fgenesh1_pm.614_#_2,0
tr|M4B3M2|M4B3M2_HYAAE,0
jgi|Cocmi1|79088|gw1.184.83.1,0
jgi|Amamu1|172292|fgenesh1_kg.170_#_22_#_Locus18141v1rpkm2.58,0
jgi|Gymlu1|103246|gw1.14.57.1,0
jgi|Copci1|2709|CC1G_03129T0,0
jgi|Amamu1|181781|fgenesh1_pg.167_#_7,0
jgi|Verda1|6532|VDAG_01866T0,0
jgi|Gymlu1|33564|fgenesh1_kg.1_#_1247_#_Locus2897v1rpkm66.57,0
jgi|Amamu1|20212|estExt_Genemark1.C_20115,0
PGT21_034423-T1,0
jgi|Undpi1|4500|HiC_scaffold_17.g07854.m1,0
NFTN_EGTN_4783|0,0
jgi|Amamu1|185101|fgenesh1_pm.8_#_23,0
jgi|Fompi3|1026460|fgenesh1_kg.142_#_4_#_isotig07811,0
jgi|Cormi1|1373|CCM_01377m.01,0
jgi|Sebve1|331567|fgenesh1_kg.43_#_63_#_Locus9405v1rpkm8.83,0
jgi|Paxin1|21738|gm1.16309_g,0
jgi|Lacam1|671486|fgenesh1_kg.3_#_183_#_Locus1554v1rpkm86.79,0
jgi|Pilcr1|824059|fgenesh1_kg.00044_#_139_#_Locus1333v1rpkm142.11,0
jgi|Phyca11|117918|e_gw1.34.342.1,0
jgi|Usthor1|82105|UHOR_08730,0
jgi|Metro1|2117|MAA_09241T0,0
jgi|Agabi_varbur_1|110839|estExt_fgenesh1_kg.C_10847,0
jgi|Altal1|936113|e_gw1.11.51.1,0
tr|M4BGY0|M4BGY0_HYAAE,0
jgi|Trave1|28335|fgenesh1_kg.4_#_615_#_isotig10902,0
PGT21_035833-T1,0
jgi|Stano2|8912|SNOG_02724.3,0
jgi|Colhig2|8900|CH63R_07692T0,0
NCU16939T0,0
jgi|Paxru1|825110|fgenesh1_kg.122_#_8_#_Locus783v1rpkm204.02,0
jgi|Botci1|13199|BC1T_09883,0
jgi|Erynec1|4851|EV44_g0456T0,0
jgi|Fusgr1|12274|FGSG_10611T0,0
jgi|Cocsa1|315977|CE111418_13529,0
jgi|Sphst1|164954|e_gw1.31.269.1,0
jgi|Trave1|49154|gm1.8038_g,0
jgi|Verda1|6793|VDAG_02127T0,0
jgi|Pisti1|1008719|fgenesh1_kg.190_#_5_#_Locus14398v2rpkm0.86,0
evm.model.pcontig_030.220,0
XP_008899338.1,0
jgi|Stano2|3243|SNOG_09735.3,0
jgi|Moeaph1|3352|PaG_00638T0,0
jgi|Hypsu1|59307|fgenesh1_pg.157_#_6,0
jgi|Venin1|21350|atg8326.t1,0
jgi|Gymlu1|43837|fgenesh1_kg.27_#_270_#_Locus229v1rpkm538.33,0
jgi|Phyinf1|14955|rna14409,0
jgi|Aspni7|1119509|estExt_Genewise1Plus.C_chr_3030193,0
jgi|Ascra1|1486|ST47_g3527T0,0
NFTN_EGTN_1765|0,0
NFTN_EGTN_5159|0,0
PITG_04900T0,0
jgi|Lacam1|314879|CE179134_337,0
jgi|Lacbi2|462064|fgenesh1_pg.LG_1_#_1550,0
jgi|Hebcy2|439435|fgenesh1_kg.2_#_377_#_Locus1119v1rpkm61.86,0
jgi|Hydpi2|117704|fgenesh1_kg.43_#_49_#_Locus11577v2rpkm1.23,0
jgi|Metro1|9365|MAA_06920T0,0
jgi|Undpi1|14216|HiC_scaffold_9.g03865.m1,0
tr|M4BRV2|M4BRV2_HYAAE,0
jgi|Sphst1|211275|estExt_Genewise1.C_930053,0
AO090020000199,0
jgi|Metro1|5546|MAA_00440T0,0
jgi|Verda1|10257|VDAG_05013T0,0
jgi|Aspni7|1085799|e_gw1.303.221.1,0
jgi|Amath1|145561|e_gw1.40.113.1,0
jgi|Sebve1|331829|fgenesh1_kg.49_#_21_#_Locus11v1rpkm7336.37,0
jgi|Glotr1_1|112205|estExt_fgenesh1_kg.C_000130091,0
evm.model.hcontig_004_020.391,0
jgi|Fomme1|116755|estExt_Genewise1.C_1_t60416,0
jgi|Sclci1|34616|gm1.16071_g,0
jgi|Nemde1|11667|g7444.t1,0
jgi|Pilcr1|828424|fgenesh1_kg.00095_#_49_#_Locus4306v1rpkm47.92,0
jgi|Pilcr1|15281|gm1.15281_g,0
jgi|Phyca11|556686|estExt2_Genewise1Plus.C_PHYCAscaffold_940014,0
jgi|Paxru1|179004|e_gw1.5172.2.1,0
jgi|Hydpi2|170914|fgenesh1_pg.59_#_18,0
jgi|Verda1|7458|VDAG_10405T0,0
evm.model.pcontig_004.53,0
jgi|Lacbi2|300606|Lacbi1.eu2.Lbscf0001g00550,0
jgi|Tulca1|7407|fgenesh1_pg.71_#_23,0
jgi|Colhig2|4729|CH63R_03521T0,0
NFTN_EGTN_3451|0,0
jgi|Phyinf1|15637|rna13501,0
jgi|Venin1|20222|atg5758.t1,0
jgi|Ectsil1|19733|rna12361,0
jgi|Pilcr1|811702|fgenesh1_kg.00003_#_633_#_Locus6414v1rpkm28.16,0
XP_012203760.1,0
jgi|Phyinf1|1954|rna11934,0
jgi|Phyca11|534566|estExt2_fgenesh1_pg.C_PHYCAscaffold_250055,0
jgi|Sphst1|23167|fgenesh1_kg.1_#_510_#_Locus6004v1rpkm26.87,0
jgi|Fusox2|10113|FOXG_13123T0,0
jgi|Agabi_varbur_1|99389|fgenesh1_pm.4_#_682,0
jgi|Maggr1|114994|MGG_07653T0,0
jgi|Fomme1|16097|fgenesh1_kg.1_#_192_#_isotig08946,0
jgi|Physo3|288497|fgenesh1_kg.9_#_89_#_159360,0
jgi|Gymlu1|34648|fgenesh1_kg.2_#_785_#_Locus7284v1rpkm17.57,0
jgi|Hydpi2|115752|fgenesh1_kg.27_#_103_#_Locus4244v1rpkm57.34,0
NFTN_EGTN_389|0,0
jgi|Sclci1|1222522|fgenesh1_kg.167_#_29_#_Locus3578v1rpkm44.13,0
jgi|Claok1|1147|g13091.t1,0
EGZ14085,0
jgi|Pismi1|479606|CE355154_6002,0
jgi|Cocmi1|108716|e_gw1.244.33.1,0
jgi|Hypsu1|205974|gm1.10059_g,0
jgi|Lepmu1|4668|Lema_T106930.1,0
jgi|Lepmu1|2360|Lema_T085920.1,0
jgi|Gymlu1|72930|fgenesh1_pm.21_#_25,0
p3_t237631_Ust_maydi_v2@um05928@6319,0
PGT21_034143-T1,0
jgi|Metro1|10926|MAA_00980T0,0
jgi|Gymlu1|227867|estExt_Genewise1Plus.C_360137,0
jgi|Dacsp1|113158|estExt_Genemark1.C_1_t20019,0
jgi|Amamu1|170711|fgenesh1_kg.119_#_30_#_Locus9713v1rpkm14.76,0
jgi|Stehi1|125789|fgenesh1_kg.19_#_200_#_isotig10640,0
jgi|Ectsil1|24238|rna5342,0
jgi|Suilu1|797160|fgenesh1_kg.2_#_31_#_Locus668v1rpkm260.03,0
jgi|Wolco1|24594|fgenesh1_kg.4_#_394_#_isotig05583,0
jgi|Colhig2|1556|CH63R_01556T0,0
XP_008889687.1,0
jgi|Colhig2|4948|CH63R_03740T0,0
tr|M4C571|M4C571_HYAAE,0
PGT21_024255-T1,0
jgi|Botci1|9741|BC1T_01391,0
jgi|Dacsp1|20064|fgenesh1_kg.2_#_329_#_isotig04508,0
tr|M4B6K2|M4B6K2_HYAAE,0
jgi|Pismi1|60878|gw1.125.75.1,0
jgi|Plicr1|55415|fgenesh1_pm.10_#_334,0
jgi|Verda1|1021|VDAG_05503T0,0
jgi|Paxin1|100587|estExt_Genemark1.C_280062,0
jgi|Venin1|14158|atg1614.t1,0
jgi|Colhig2|3085|CH63R_01877T0,0
jgi|Pilcr1|682697|CE583197_1826,0
jgi|Pilcr1|328288|CE228788_1825,0
jgi|Paxru1|828188|fgenesh1_kg.299_#_8_#_Locus6167v5rpkm1.04_PRE,0
jgi|Fusgr1|7838|FGSG_06780T0,0
jgi|Sclci1|6613|fgenesh1_pg.3_#_44,0
TDH73229.1,0
jgi|Physo3|288500|fgenesh1_kg.9_#_92_#_159067,0
jgi|Colhig2|14004|CH63R_12796T0,0
jgi|Cocsa1|169339|fgenesh1_pm.4_#_298,0
jgi|Hydpi2|85676|e_gw1.6.587.1,0
jgi|Pilcr1|12069|gm1.12069_g,0
jgi|Botci1|15659|BC1T_02701,0
jgi|Blugra3_16|6145|rna-BGT96224V316_LOCUS6218,0
jgi|Blugra3_16|4280|rna-BGT96224V316_LOCUS4336,0
jgi|Copci1|13332|CC1G_15781T0,0
tr|M4BWS3|M4BWS3_HYAAE,0
jgi|Sclci1|1220640|fgenesh1_kg.121_#_27_#_Locus2611v1rpkm58.61,0
jgi|Lacam1|274316|CE138571_957,0
jgi|Paxru1|153602|e_gw1.793.6.1,0
jgi|Lacam1|671656|fgenesh1_kg.4_#_82_#_Locus1148v1rpkm111.31,0
jgi|Dicsq1|174704|gm1.10473_g,0
jgi|Melli2_B|2771803|fgenesh1_pg.4_#_475,0
tr|H3GDE1|H3GDE1_PHYRM,0
jgi|Melli2_B|46996|CE46995_102,0
NCU12028T0,0
jgi|Fompi3|1052373|gm1.8053_g,0
jgi|Colhig2|9756|CH63R_08548T0,0
jgi|Fusgr1|9467|FGSG_08751T0,0
jgi|Pismi1|363684|CE239232_192,0
jgi|Pilcr1|94696|fgenesh1_pm.00003_#_299,0
jgi|Usthor1|86681|UHOR_02748,0
jgi|Cryne_JEC21_1|5872|CNH01740.t01,0
jgi|Colgr1|6974|GLRG_01426T0,0
jgi|Metro1|874|MAA_04546T0,0
jgi|Clafu1|197211|scf7180000130985_G300,0
NFTN_EGVN_7125|0,0
jgi|Undpi1|486|HiC_scaffold_10.g03952.m1,0
jgi|Venin1|20052|atg7327.t1,0
PGT21_031557-T1,0
XP_008914662.1,0
NCU08629T0,0
jgi|Nemde1|8262|g3899.t1,0
jgi|Lepmu1|9426|Lema_T042450.1,0
jgi|Cocvi1|28101|gm1.6705_g,0
jgi|Venin1|15474|atg1495.t1,0
jgi|Altal1|723353|CE723352_41201,0
jgi|Lacbi2|586021|e_gw1.3.6954.1,0
jgi|Amamu1|176001|fgenesh1_pg.4_#_294,0
jgi|Punst1|134132|gm1.5357_g,0
jgi|Pilcr1|813479|fgenesh1_kg.00007_#_16_#_Locus12262v2rpkm1.75,0
PGT21_006101-T1,0
jgi|Dacsp1|21046|fgenesh1_kg.5_#_13_#_isotig02507,0
jgi|Trave1|23200|fgenesh1_pg.11_#_99,0
jgi|Conpu1|160961|estExt_Genemark1.C_1_t10223,0
AB10116.1,0
NFTN_EGVN_7401|0,0
tr|H3GHB9|H3GHB9_PHYRM,0
jgi|Fusgr1|5404|FGSG_02822T0,0
tr|K3WRP1|K3WRP1_GLOUD,0
jgi|Colhig2|9717|CH63R_08509T0,0
jgi|Stano2|445|SNOG_00558.3,0
jgi|Cocsa1|234685|CE30126_250,0
jgi|Mycgr3|101742|estExt_fgenesh1_pm.C_chr_120085,0
jgi|Fusgr1|4799|FGSG_03348T0,0
jgi|Lacbi2|472339|fgenesh1_kg.LG_3_#_737_#_1315679:3,0
evm.model.hcontig_036_002.11,0
jgi|Amath1|87804|estExt_fgenesh1_pg.C_1540002,0
jgi|Aspni7|1141896|fgenesh1_kg.chr_201_#_85_#_0_0_EXTC103735.b1_EXTC_EXTD,0
jgi|Venin1|18073|atg113.t1,0
jgi|Cormi1|1679|CCM_01684m.01,0
jgi|Trave1|23117|fgenesh1_pg.11_#_16,0
jgi|Sphst1|263681|gm1.25571_g,0
AB05331.1,0
NFTN_EGVN_2399|0,0
XP_008903931.1,0
APA16153.1,0
NFTN_EGTN_407|0,0
XP_012204253.1,0
jgi|Maggr1|120042|MGG_07901T0,0
jgi|Colhig2|13280|CH63R_12072T0,0
jgi|Phyca11|126128|e_gw1.61.217.1,0
jgi|Gymlu1|67778|fgenesh1_pm.3_#_248,0
jgi|Altal1|1025624|fgenesh1_kg.30_#_99_#_Locus12194v1rpkm0.85,0
RQM15242.1,0
jgi|Pisti1|207543|CE34650_120,0
jgi|Batde5|91849|GP3.074080,0
p3_t237631_Ust_maydi_v2@um00344@368,0
jgi|Phyca11|19300|fgenesh1_pg.PHYCAscaffold_47_#_4,0
jgi|Verda1|4477|VDAG_01477T0,0
jgi|Parbr1|233|PABG_00233m.01,0
jgi|Amath1|70878|fgenesh1_kg.296_#_13_#_isotig23467,0
jgi|Nemde1|9649|g6294.t1,0
NFTN_EGVN_79|0,0
jgi|Colhig2|196|CH63R_00196T0,0
jgi|Claok1|3578|g14735.t1,0
PITG_00275T0,0
jgi|Copci1|10412|CC1G_12394T0,0
jgi|Moeaph1|4863|PaG_01778T0,0
NFTN_EGTN_1628|0,0
jgi|Verda1|740|VDAG_00740T0,0
jgi|Cocsa1|39513|fgenesh1_kg.13_#_42_#_Locus2617v1rpkm41.63,0
jgi|Physo3|284874|fgenesh1_kg.2_#_220_#_CL1918Contig1,0
jgi|Blugr1|23297|BGHDH14_bghG001169000001001,0
NFTN_EGTN_1612|0,0
jgi|Fompi3|1028797|fgenesh1_pm.9_#_146,0
jgi|Fusgr1|3364|FGSG_04624T0,0
jgi|Colgr1|7125|GLRG_01577T0,0
jgi|Fusgr1|4171|FGSG_03910T0,0
jgi|Suilu1|807532|fgenesh1_kg.184_#_8_#_Locus1713v1rpkm105.90,0
jgi|Fusox2|1064|FOXG_00537T0,0
XP_008898500.1,0
NCU00704T0,0
jgi|Phyinf1|17506|rna13359,0
jgi|Lepmu1|8750|Lema_T035690.1,0
jgi|Usthor1|82253|UHOR_06100,0
jgi|Hypsu1|42911|fgenesh1_kg.48_#_6_#_Locus10207v2rpkm1.59,0
jgi|Fusgr1|6752|FGSG_05820T0,0
jgi|Stano2|9534|SNOG_15948.3,0
NFTN_EGTN_5879|0,0
jgi|Claok1|11689|g10306.t1,0
AB02809.1,0
jgi|Plicr1|31052|fgenesh1_pg.11_#_214,0
jgi|Copci1|448|CC1G_00524T0,0
jgi|Maggr1|119537|MGG_01438T0,0
jgi|Pilcr1|7121|gm1.7121_g,0
jgi|Glotr1_1|56392|estExt_Genewise1.C_00003_t10403,0
jgi|Blugr1|20859|BGHDH14_bgh01769,0
jgi|Metro1|2662|MAA_09923T0,0
jgi|Fusox2|7699|FOXG_11567T0,0
jgi|Colgr1|386|GLRG_00386T0,0
jgi|Plicr1|144594|estExt_Genewise1.C_13_t10318,0
AO090010000136,0
jgi|Amath1|63498|fgenesh1_kg.66_#_22_#_isotig20157,0
jgi|Fompi3|1125026|e_gw1.38.145.1,0
jgi|Phyinf1|4247|rna10650,0
jgi|Sebve1|328467|fgenesh1_kg.10_#_103_#_Locus2819v1rpkm63.85,0
jgi|Claok1|4904|g7420.t1,0
jgi|Gymlu1|98220|estExt_fgenesh1_pm.C_380114,0
jgi|Cocsa1|96412|e_gw1.12.386.1,0
jgi|Glotr1_1|116411|estExt_fgenesh1_pm.C_000080110,0
jgi|Clafu1|184928|scf7180000127330_G5611,0
jgi|Fomme1|150522|gm1.852_g,0
PGT21_026544-T1,0
jgi|Lacam1|16094|gm1.16094_g,0
APA13527.1,0
jgi|Aspni7|1141429|fgenesh1_kg.chr_102_#_34_#_198_1_CATW_CATX_CATY_CATZ,0
jgi|Pisti1|1001496|fgenesh1_kg.34_#_15_#_Locus18980v1rpkm1.33,0
jgi|Entbi1|2432|EBI_27178m.01,0
jgi|Hydpi2|110023|fgenesh1_kg.8_#_265_#_Locus23403v3rpkm0.33,0
jgi|Pisti1|1004200|fgenesh1_kg.56_#_50_#_Locus1075v1rpkm169.44,0
jgi|Hydpi2|168409|fgenesh1_pg.16_#_94,0
TDH65555.1,0
jgi|Fusgr1|4978|FGSG_03196T0,0
jgi|Colgr1|8449|GLRG_02533T0,0
jgi|Lepmu1|10896|Lema_T068070.1,0
jgi|Ascra1|10473|ST47_g2009T0,0
NFTN_EGTN_1284|0,0
jgi|Verda1|1993|VDAG_06165T0,0
jgi|Gymlu1|234326|estExt_Genewise1Plus.C_1230044,0
jgi|Batde5|26574|fgenesh1_pg.C_scaffold_10000161,0
AO090005000396,0
p3_t237631_Ust_maydi_v2@um03564@4063,0
jgi|Fusox2|20397|FOXG_04265T2,0
jgi|Cormi1|6471|CCM_06490m.01,0
jgi|Altal1|744273|CE744272_115,0
jgi|Physo3|257622|Physo2.s_464207,0
jgi|Undpi1|2871|HiC_scaffold_14.g06248.m1,0
jgi|Fusox2|25470|FOXG_06892T3,0
NFTN_EGTN_1058|0,0
PGT21_010630-T1,0
jgi|Lacbi2|307590|Lacbi1.eu2.Lbscf0036g00380,0
jgi|Maggr1|112899|MGG_05705T0,0
NFTN_EGVN_6668|0,0
tr|M4BQR2|M4BQR2_HYAAE,0
jgi|Fusgr1|4760|FGSG_03381T0,0
jgi|Fusgr1|2721|FGSG_02381T0,0
jgi|Metro1|175|MAA_07693T0,0
jgi|Clafu1|194822|scf7180000130789_G8305,0
jgi|Fusgr1|4825|FGSG_03326T0,0
jgi|Punst1|78795|estExt_Genewise1.C_1_t10374,0
jgi|Suilu1|812007|fgenesh1_kg.473_#_9_#_Locus14799v1rpkm1.33,0
NFTN_EGTN_3758|0,0
jgi|Physo3|320903|gm1.478_g,0
jgi|Fusgr1|11108|FGSG_09586T0,0
jgi|Sebve1|328847|fgenesh1_kg.12_#_190_#_Locus2999v1rpkm59.75,0
XP_008891642.1,0
jgi|Mycgr3|95586|fgenesh1_pg.C_chr_9000110,0
XP_012199331.1,0
jgi|Copci1|5285|CC1G_06123T0,0
jgi|Sphst1|270438|gm1.32328_g,0
jgi|Dacsp1|106077|gm1.3195_g,0
jgi|Trave1|20773|fgenesh1_pg.6_#_561,0
jgi|Cocsa1|40370|fgenesh1_kg.15_#_36_#_Locus8520v1rpkm11.76,0
jgi|Sebve1|30302|gm1.11574_g,0
jgi|Sacce1|3217|YJL213W,0
jgi|Colhig2|10188|CH63R_08980T0,0
jgi|Botci1|8555|BC1T_06243,0
jgi|Fusox2|2629|FOXG_08211T0,0
jgi|Venin1|21419|atg8395.t1,0
jgi|Metro1|6937|MAA_08685T0,0
jgi|Trave1|43576|gm1.2460_g,0
PGT21_020056-T1,0
jgi|Melli2_B|1028109|estExt_Genewise1.C_15_t10025,0
jgi|Conpu1|128240|estExt_Genewise1Plus.C_10_t20272,0
jgi|Maggr1|113245|MGG_13801T0,0
jgi|Clafu1|184441|scf7180000127112_G9541,0
evm.model.hcontig_039_005.102,0
jgi|Lepmu1|9501|Lema_T043200.1,0
jgi|Sacce1|1867|YEL050C,0
p3_t237631_Ust_maydi_v2@um03615@4114,0
jgi|Plicr1|41016|fgenesh1_kg.7_#_524_#_Locus1017v1rpkm196.08,0
jgi|Fomme1|25496|fgenesh1_pg.1_#_868,0
jgi|Clafu1|193830|scf7180000130735_G5176,0
jgi|Colgr1|9367|GLRG_10307T0,0
jgi|Dacsp1|116131|estExt_Genemark1.C_80352,0
jgi|Maggr1|117230|MGG_02758T0,0
jgi|Malgl1|537|MGL_0536,0
jgi|Physo3|319425|fgenesh1_pm.12_#_261,0
XP_008898951.1,0
jgi|Psean1_1|83501|PANT_19c00097,0
NFTN_EGTN_1184|0,0
jgi|Trave1|170356|estExt_Genewise1Plus.C_8_t10361,0
jgi|Sphst1|54347|fgenesh1_pg.215_#_19,0
jgi|Fusgr1|12606|FGSG_11052T0,0
NFTN_EGTN_492|0,0
jgi|Ectsil1|28776|rna3869,0
jgi|Wolco1|140157|estExt_fgenesh1_kg.C_130109,0
jgi|Colhig2|7900|CH63R_06692T0,0
PGT21_008189-T1,0
jgi|Punst1|116802|fgenesh1_pm.21_#_25,0
jgi|Fusgr1|10588|FGSG_09142T0,0
jgi|Suilu1|813502|fgenesh1_kg.773_#_1_#_Locus1305v1rpkm137.35,0
jgi|Sebve1|332726|fgenesh1_kg.71_#_37_#_Locus3242v1rpkm54.19,0
jgi|Nemde1|1611|g13481.t1,0
jgi|Punst1|133697|gm1.4922_g,0
jgi|Cormi1|7966|CCM_07985m.01,0
jgi|Fompi3|1054065|gm1.9745_g,0
jgi|Verda1|261|VDAG_00261T0,0
jgi|Colhig2|1502|CH63R_01502T0,0
jgi|Mycgr3|86108|fgenesh1_pm.C_chr_5000193,0
jgi|Paxru1|833429|fgenesh1_kg.1155_#_1_#_Locus8840v1rpkm3.57,0
jgi|Hypsu1|49906|fgenesh1_kg.237_#_1_#_Locus11666v1rpkm2.40,0
jgi|Lacbi2|294894|Lacbi1.estExt_fgenesh2_pg.C_250008,0
jgi|Phyinf1|5725|rna16865,0
tr|H3H9J0|H3H9J0_PHYRM,0
jgi|Sphst1|274989|gm1.36879_g,0
jgi|Paxru1|829542|fgenesh1_kg.410_#_7_#_Locus12586v4rpkm0.28,0
evm.model.hcontig_026_002.31,0
jgi|Gymlu1|50239|fgenesh1_kg.103_#_11_#_Locus19483v1rpkm0.88,0
jgi|Dicsq1|180308|estExt_Genemark1.C_110049,0
PGT21_019634-T1,0
jgi|Clafu1|190135|scf7180000130313_G223,0
NFTN_EGTN_331|0,0
jgi|Maggr1|112462|MGG_03337T0,0
jgi|Fusox2|6800|FOXG_20431T0,0
jgi|Colhig2|1225|CH63R_01225T0,0
jgi|Dicsq1|141380|fgenesh1_kg.82_#_4_#_isotig08714,0
jgi|Colhig2|9169|CH63R_07961T0,0
jgi|Amamu1|25400|estExt_Genemark1.C_450042,0
jgi|Fusgr1|10583|FGSG_09137T0,0
jgi|Hypsu1|76496|estExt_fgenesh1_pg.C_200062,0
jgi|Colgr1|8759|GLRG_09702T0,0
NFTN_EGTN_3722|0,0
jgi|Stehi1|149190|estExt_fgenesh1_pm.C_140120,0
jgi|Verda1|8046|VDAG_02888T0,0
jgi|Lacbi2|634738|estExt_Genewise1Plus.C_LG_10_t50103,0
AO090102000484,0
NFTN_EGTN_5954|0,0
AO090005001111,0
jgi|Cocvi1|24730|gm1.3334_g,0
jgi|Physo3|294643|fgenesh1_pg.1_#_1816,0
XP_012206308.1,0
XP_008900047.1,0
jgi|Picst3|91537|estExt_gwp_genewisePlus_human.C_chr_8.10885,0
jgi|Clafu1|196827|scf7180000130934_G2480,0
jgi|Lepmu1|7364|Lema_T123090.1,0
evm.model.hcontig_000_003.276,0
jgi|Fusox2|206|FOXG_00102T0,0
TDH70022.1,0
jgi|Lepmu1|5216|Lema_T112410.1,0
jgi|Mycgr3|90122|fgenesh1_pg.C_chr_1001539,0
jgi|Pilcr1|811464|fgenesh1_kg.00003_#_395_#_Locus855v1rpkm214.41,0
jgi|Pisti1|83068|gw1.23.622.1,0
jgi|Melli2_A|3190069|fgenesh1_kg.3_#_83633_#_TRINITY_GG_43887_c1_g1_i1,0
jgi|Sphst1|42339|fgenesh1_pg.5_#_111,0
jgi|Metro1|8312|MAA_09534T0,0
jgi|Hydpi2|93127|e_gw1.18.315.1,0
jgi|Verda1|8938|VDAG_03694T0,0
jgi|Glotr1_1|73687|estExt_Genewise1Plus.C_00004_t20097,0
jgi|Colgr1|3580|GLRG_05705T0,0
jgi|Physo3|295759|fgenesh1_pg.2_#_321,0
tr|H3H4J7|H3H4J7_PHYRM,0
NCU16569T0,0
tr|K3WIY5|K3WIY5_GLOUD,0
jgi|Ectsil1|17591|rna8199,0
jgi|Batde5|28166|fgenesh1_pg.C_scaffold_16000196,0
jgi|Lacbi2|452291|gm1.16735_g,0
jgi|Metro1|10106|MAA_06156T0,0
AO090012000350,0
PGT21_014608-T1,0
tr|H3G5Z2|H3G5Z2_PHYRM,0
NFTN_EGTN_4338|0,0
jgi|Physo3|284249|fgenesh1_kg.1_#_284_#_scaffold_1:6201650-6205414,0
jgi|Phyinf1|14899|rna14353,0
jgi|Paxin1|139729|estExt_Genewise1.C_4720003,0
jgi|Colhig2|4988|CH63R_03780T0,0
jgi|Nemde1|12039|g1707.t1,0
jgi|Tulca1|31234|gm1.14789_g,0
jgi|Usthor1|87897|UHOR_01941,0
jgi|Malgl1|2089|MGL_2088,0
jgi|Glotr1_1|78035|estExt_Genewise1Plus.C_00009_t10426,0
jgi|Usthor1|84571|UHOR_01064,0
jgi|Copci1|3776|CC1G_04337T0,0
tr|H3GMK8|H3GMK8_PHYRM,0
jgi|Gymlu1|174825|e_gw1.52.193.1,0
NFTN_EGTN_2395|0,0
NFTN_EGTN_1790|0,0
jgi|Plicr1|58386|fgenesh1_pm.22_#_87,0
jgi|Tulca1|72627|e_gw1.62.101.1,0
jgi|Sphst1|51340|fgenesh1_pg.110_#_24,0
jgi|Fompi3|87820|Fompi1.gm1.5911_g,0
jgi|Glotr1_1|45373|e_gw1.00010.858.1,0
jgi|Usthor1|81689|UHOR_06682,0
jgi|Colgr1|4398|GLRG_06483T0,0
jgi|Paxru1|452080|CE270060_1350,0
jgi|Lacbi2|309019|Lacbi1.eu2.Lbscf0003g06580,0
tr|A0A090BGL6|A0A090BGL6_HYAAE,0
jgi|Suilu1|12978|gm1.5693_g,0
jgi|Cocmi1|6717|gm1.6717_g,0
evm.model.pcontig_020.99,0
jgi|Usthor1|82587|UHOR_07579,0
jgi|Fusox2|23713|FOXG_05784T0,0
jgi|Clafu1|190899|scf7180000130363_G570,0
jgi|Lacbi2|321639|Lacbi1.fgenesh3_pg.C_scaffold_2000173,0
jgi|Lepmu1|10025|Lema_T053540.1,0
jgi|Nemde1|12448|g8646.t1,0
NFTN_EGTN_4368|0,0
jgi|Fompi3|1024511|fgenesh1_kg.41_#_30_#_isotig03933,0
NFTN_EGTN_250|0,0
jgi|Gymlu1|63923|fgenesh1_pg.86_#_34,0
XP_008892541.1,0
jgi|Batde5|27515|fgenesh1_pg.C_scaffold_13000226,0
jgi|Physo3|341590|gm1.21165_g,0
jgi|Fusox2|3084|FOXG_08464T1,0
jgi|Maggr1|121336|MGG_09609T0,0
PGT21_016450-T1,0
jgi|Venin1|19013|atg988.t1,0
jgi|Amamu1|84848|e_gw1.91.46.1,0
tr|M4BMJ5|M4BMJ5_HYAAE,0
jgi|Copci1|10504|CC1G_12510T0,0
tr|H3GSG5|H3GSG5_PHYRM,0
jgi|Fusgr1|1245|FGSG_01060T0,0
jgi|Conpu1|51056|e_gw1.3.190.1,0
jgi|Fusox2|8094|FOXG_11851T0,0
jgi|Maggr1|121329|MGG_14369T0,0
jgi|Nemde1|7965|g5255.t1,0
jgi|Cocvi1|53984|gw1.108.35.1,0
jgi|Maggr1|117004|MGG_02987T0,0
jgi|Lepmu1|4439|Lema_T101110.1,0
jgi|Tulca1|204764|CE117519_3292,0
jgi|Maggr1|110470|MGG_08429T0,0
jgi|Verda1|6022|VDAG_09800T0,0
PGT21_015325-T1,0
jgi|Lacbi2|300552|Lacbi1.eu2.Lbscf0001g00010,0
jgi|Dacsp1|113570|estExt_Genemark1.C_2_t10311,0
tr|M4BZQ2|M4BZQ2_HYAAE,0
evm.model.pcontig_016.159,0
jgi|Phyinf1|13658|rna14620,0
jgi|Sclci1|345665|CE199050_643,0
jgi|Phyca11|510788|fgenesh2_kg.PHYCAscaffold_66_#_62_#_4098839:1,0
jgi|Hydpi2|105034|fgenesh1_kg.1_#_775_#_Locus16142v1rpkm2.50,0
jgi|Paxru1|836090|fgenesh1_kg.4398_#_2_#_Locus14047v3rpkm0.47,0
jgi|Maggr1|115711|MGG_00527T0,0
jgi|Claok1|6657|g17186.t1,0
jgi|Hebcy2|438889|fgenesh1_kg.1_#_1152_#_Locus3117v1rpkm21.63,0
jgi|Botci1|1484|BC1T_12753,0
jgi|Phyinf1|9497|rna6881,0
jgi|Cryne_JEC21_1|5298|CNG01090.t01,0
jgi|Phyinf1|9561|rna6946,0
jgi|Stano2|5488|SNOG_12007.3,0
jgi|Maggr1|118375|MGG_15277T0,0
AO090026000257,0
jgi|Hebcy2|446573|fgenesh1_kg.16_#_390_#_Locus7596v1rpkm4.26,0
NFTN_EGTN_1883|0,0
jgi|Phyca11|100260|e_gw1.4.743.1,0
NFTN_EGTN_3245|0,0
jgi|Stano2|4720|SNOG_01189.3,0
NFTN_EGTN_4788|0,0
jgi|Fusgr1|9495|FGSG_08727T0,0
jgi|Mycgr3|108774|estExt_fgenesh1_pg.C_chr_30668,0
jgi|Claok1|9836|g9144.t1,0
jgi|Cormi1|7256|CCM_07275m.01,0
jgi|Colgr1|587|GLRG_03430T0,0
jgi|Dicsq1|29247|gw1.13.310.1,0
jgi|Stehi1|104930|estExt_Genewise1Plus.C_19_t10169,0
jgi|Clafu1|197379|scf7180000130988_G11137,0
jgi|Conpu1|153853|gm1.5844_g,0
jgi|Cocmi1|36376|fgenesh1_pm.56_#_36,0
jgi|Phyinf1|9940|rna6817,0
XP_012200421.1,0
evm.model.hcontig_016_024.32,0
jgi|Colhig2|8822|CH63R_07614T0,0
jgi|Physo3|285270|fgenesh1_kg.3_#_46_#_159183,0
jgi|Glotr1_1|61700|estExt_Genewise1.C_00008_t10330,0
jgi|Ectsil1|31799|rna16121,0
jgi|Colhig2|4518|CH63R_03310T0,0
jgi|Lepmu1|4109|Lema_T105490.1,0
jgi|Undpi1|2879|HiC_scaffold_14.g06256.m1,0
jgi|Melli2_B|178461|CE178460_4237,0
jgi|Rhoto_IFO0880_4|14073|fgenesh1_kg.5_#_981_#_TRINITY_DN1926_c1_g1_i2_mRNA,0
jgi|Paxru1|8528|gm1.775_g,0
jgi|Physo3|553409|estExt_Genewise1Plus.C_1_t210409,0
tr|H3GKN4|H3GKN4_PHYRM,0
jgi|Cocsa1|195142|estExt_fgenesh1_pm.C_1_t10326,0
jgi|Cocsa1|32982|fgenesh1_kg.2_#_118_#_Locus5871v1rpkm18.29,0
NFTN_EGTN_1239|0,0
jgi|Paxin1|10795|gm1.5366_g,0
jgi|Cocsa1|141970|estExt_Genewise1Plus.C_6_t40044,0
jgi|Amath1|75649|fgenesh1_pm.37_#_13,0
EGZ21284,0
jgi|Maggr1|110524|MGG_08491T0,0
PGT21_033255-T1,0
jgi|Altal1|930469|e_gw1.5.577.1,0
jgi|Cormi1|6285|CCM_06303m.01,0
jgi|Blugr1|23789|BGHDH14_bgh01405,0
jgi|Clafu1|186385|scf7180000128347_G3258,0
jgi|Clafu1|196258|scf7180000130902_G11623,0
jgi|Rhoto_IFO0880_4|11235|fgenesh1_kg.15_#_558_#_TRINITY_DN152_c0_g2_i1_mRNA,0
jgi|Blugr1|23768|BGHDH14_bgh00020,0
jgi|Fusgr1|6781|FGSG_05842T0,0
tr|F0WCU8|F0WCU8_9STRA,0
jgi|Gymlu1|37151|fgenesh1_kg.6_#_122_#_Locus4610v3rpkm0.27_PRE,0
jgi|Cocsa1|36671|fgenesh1_kg.7_#_98_#_Locus10049v1rpkm9.48,0
jgi|Colhig2|1794|CH63R_13460T0,0
tr|M4BIS8|M4BIS8_HYAAE,0
jgi|Fusgr1|7399|FGSG_06397T0,0
jgi|Fusox2|19898|FOXG_03944T0,0
jgi|Punst1|44352|fgenesh1_pg.6_#_82,0
jgi|Claok1|9256|g8862.t1,0
jgi|Gymlu1|248336|gm1.13546_g,0
jgi|Wolco1|80969|e_gw1.13.2.1,0
jgi|Botci1|8547|BC1T_06235,0
PGT21_026200-T1,0
jgi|Colhig2|6948|CH63R_05740T0,0
jgi|Botci1|6976|BC1T_16112,0
jgi|Verda1|3286|VDAG_07768T0,0
jgi|Venin1|18910|atg4963.t1,0
jgi|Tulca1|18320|gm1.1875_g,0
jgi|Wolco1|166317|estExt_Genemark1.C_120121,0
XP_012193728.1,0
jgi|Venin1|17016|atg3912.t1,0
tr|M4BCA4|M4BCA4_HYAAE,0
jgi|Ectsil1|21990|rna6513,0
jgi|Cormi1|3527|CCM_03536m.01,0
PGT21_022860-T1,0
jgi|Lacbi2|593762|e_gw1.4.3736.1,0
p3_t237631_Ust_maydi_v2@um02854@3312,0
jgi|Aspni7|1184088|estExt_Genemark1.C_chr_401_t10335,0
jgi|Trave1|17896|fgenesh1_pg.2_#_775,0
XP_012209210.1,0
jgi|Maggr1|111086|MGG_10705T0,0
jgi|Lacam1|360114|CE224369_1241,0
jgi|Undpi1|1462|HiC_scaffold_11.g04853.m1,0
jgi|Sphst1|33213|fgenesh1_kg.84_#_40_#_Locus4198v1rpkm45.35,0
jgi|Metro1|4132|MAA_05675T0,0
jgi|Phyinf1|5251|rna8856,0
jgi|Phyinf1|789|rna18264,0
PGT21_032648-T1,0
jgi|Colhig2|6540|CH63R_05332T0,0
jgi|Fusox2|7380|FOXG_11375T0,0
jgi|Stano2|8069|SNOG_14700.3,0
tr|A0A090BBB6|A0A090BBB6_HYAAE,0
NFTN_EGTN_4134|0,0
jgi|Lacbi2|604530|e_gw1.9.217.1,0
evm.model.pcontig_022.163,0
jgi|Clafu1|186502|scf7180000128495_G13344,0
tr|H3HDP3|H3HDP3_PHYRM,0
PVIT_0000381.T1,0
EGZ06929,0
jgi|Maggr1|118106|MGG_05788T0,0
jgi|Copci1|4980|CC1G_05776T0,0
jgi|Usthor1|82384|UHOR_08590,0
jgi|Fusox2|25636|FOXG_19478T0,0
NFTN_EGTN_3552|0,0
jgi|Colgr1|8384|GLRG_02468T0,0
jgi|Lacbi2|572813|e_gw1.1.5882.1,0
jgi|Pilcr1|821700|fgenesh1_kg.00031_#_134_#_Locus35209v4rpkm0.21,0
jgi|Wolco1|147595|gm1.540_g,0
jgi|Phyca11|509937|fgenesh2_kg.PHYCAscaffold_51_#_64_#_Contig1782.1,0
XP_008908214.1,0
jgi|Plicr1|46252|fgenesh1_kg.18_#_161_#_Locus21722v11rpkm0.14,0
NFTN_EGTN_2148|0,0
jgi|Colhig2|8428|CH63R_07220T0,0
jgi|Cryne_JEC21_1|5259|CNG00700.t01,0
jgi|Sphst1|47177|fgenesh1_pg.40_#_42,0
jgi|Cocsa1|82312|e_gw1.3.501.1,0
jgi|Pismi1|684553|fgenesh1_kg.129_#_37_#_FWMTHQO01BLL4Z,0
jgi|Melli2_A|788350|CE770834_1833,0
jgi|Lacam1|674914|fgenesh1_kg.23_#_4_#_Locus11346v1rpkm4.96,0
jgi|Altal1|574306|CE574305_9518,0
APA16046.1,0
jgi|Colgr1|10495|GLRG_01885T0,0
NFTN_EGTN_3427|0,0
NFTN_EGTN_1828|0,0
NFTN_EGTN_2492|0,0
jgi|Colhig2|4677|CH63R_03469T0,0
jgi|Copci1|9512|CC1G_11194T0,0
tr|F0WIE1|F0WIE1_9STRA,0
jgi|Fusox2|1197|FOXG_00607T0,0
jgi|Copci1|2038|CC1G_02351T0,0
jgi|Ectsil1|29827|rna7677,0
jgi|Ectsil1|26010|rna1783,0
jgi|Conpu1|104822|estExt_Genewise1.C_6_t30149,0
jgi|Gymlu1|65299|fgenesh1_pg.157_#_9,0
NFTN_EGTN_1735|0,0
jgi|Pisti1|1001355|fgenesh1_kg.33_#_97_#_Locus10732v2rpkm5.67,0
jgi|Glotr1_1|94582|fgenesh1_pg.00009_#_278,0
XP_012194859.1,0
jgi|Maggr1|118913|MGG_04662T0,0
NFTN_EGVN_1175|0,0
tr|M4BJP8|M4BJP8_HYAAE,0
jgi|Sclci1|1207271|fgenesh1_kg.2_#_137_#_Locus10869v5rpkm0.37_PRE,0
jgi|Mycgr3|93000|fgenesh1_pg.C_chr_5000074,0
jgi|Plicr1|38992|fgenesh1_kg.5_#_163_#_Locus207v1rpkm815.98,0
jgi|Maggr1|114019|MGG_06662T0,0
jgi|Undpi1|12008|HiC_scaffold_4.g01707.m1,0
jgi|Clafu1|184927|scf7180000127330_G5610,0
NFTN_EGTN_4132|0,0
evm.model.hcontig_225_001.1,0
jgi|Venin1|19994|atg7268.t1,0
jgi|Sphst1|174853|e_gw1.75.82.1,0
jgi|Trave1|25656|fgenesh1_kg.1_#_477_#_isotig06167,0
jgi|Maggr1|110477|MGG_08436T0,0
jgi|Nemde1|12874|g8064.t1,0
jgi|Maggr1|120755|MGG_08373T0,0
evm.model.pcontig_005.51,0
jgi|Hypsu1|143827|e_gw1.61.14.1,0
jgi|Metro1|11663|MAA_09636T0,0
XP_008901245.1,0
jgi|Pismi1|688227|fgenesh1_kg.270_#_37_#_Locus2595v2rpkm70.74,0
jgi|Fompi3|1021752|fgenesh1_kg.5_#_9_#_isotig00511,0
jgi|Pilcr1|24417|gw1.00007.55.1,0
jgi|Picst3|67514|estExt_fgenesh1_pg.C_chr_4.10201,0
jgi|Pilcr1|85528|fgenesh1_pg.00008_#_120,0
jgi|Botci1|7136|BC1T_05765,0
NFTN_EGTN_909|0,0
XP_012196293.1,0
jgi|Physo3|311814|fgenesh1_pm.2_#_1282,0
jgi|Conpu1|82369|fgenesh1_kg.6_#_359_#_isotig05112,0
jgi|Phyca11|541441|estExt2_Genewise1Plus.C_PHYCAscaffold_60788,0
jgi|Amath1|65347|fgenesh1_kg.92_#_28_#_isotig22483,0
jgi|Lepmu1|6095|Lema_T020690.1,0
jgi|Pismi1|480498|CE356046_17597,0
jgi|Hypsu1|167926|estExt_Genewise1.C_570033,0
jgi|Cocsa1|51176|gw1.12.307.1,0
jgi|Hypsu1|209214|gm1.13299_g,0
jgi|Fusox2|20699|FOXG_04453T0,0
jgi|Aspni7|1117337|estExt_Genewise1Plus.C_chr_202_t20443,0
jgi|Fusgr1|12405|FGSG_11229T0,0
jgi|Colhig2|1669|CH63R_01669T0,0
jgi|Colgr1|5918|GLRG_07697T0,0
jgi|Sclci1|110548|e_gw1.14.136.1,0
jgi|Venin1|20438|atg6707.t1,0
jgi|Punst1|136316|gm1.7541_g,0
jgi|Hydpi2|106940|fgenesh1_kg.3_#_611_#_Locus2419v1rpkm105.26,0
jgi|Suilu1|83669|e_gw1.109.45.1,0
jgi|Verda1|6201|VDAG_09853T0,0
jgi|Trave1|130750|e_gw1.10.598.1,0
jgi|Clafu1|186112|scf7180000128021_G6925,0
jgi|Colhig2|4008|CH63R_02800T0,0
NFTN_EGTN_888|0,0
jgi|Metro1|2772|MAA_00118T0,0
PGT21_031436-T1,0
jgi|Trave1|30445|fgenesh1_kg.9_#_151_#_isotig03818,0
jgi|Cocmi1|105638|e_gw1.175.2.1,0
jgi|Lacam1|111176|e_gw1.278.44.1,0
jgi|Mycgr3|63538|estExt_Genewise1.C_chr_110205,0
jgi|Venin1|22251|atg7751.t1,0
jgi|Clafu1|188876|scf7180000130108_G9914,0
jgi|Claok1|202|g12380.t2,0
jgi|Fusox2|15767|FOXG_15151T0,0
jgi|Mycgr3|95663|fgenesh1_pg.C_chr_9000187,0
jgi|Maggr1|115863|MGG_14692T0,0
jgi|Hydpi2|37836|estExt_Genemark1.C_50106,0
jgi|Fusgr1|2115|FGSG_12020T0,0
jgi|Fompi3|144421|Fompi1.estExt_Genewise1Plus.C_480086,0
jgi|Fusox2|18796|FOXG_16371T0,0
PGT21_028772-T1,0
jgi|Sphst1|774281|estExt_Genemark1.C_3_t10124,0
jgi|Cocsa1|171272|fgenesh1_pm.7_#_213,0
jgi|Ascra1|2360|ST47_g4311T0,0
jgi|Gymlu1|35314|fgenesh1_kg.3_#_509_#_Locus8559v1rpkm11.52,0
jgi|Stano2|8872|SNOG_02677.3,0
jgi|Sphst1|197095|e_gw1.1088.2.1,0
jgi|Lacbi2|479537|fgenesh1_pm.LG_1_#_2254,0
tr|H3H185|H3H185_PHYRM,0
jgi|Verda1|7987|VDAG_02829T0,0
jgi|Copci1|1280|CC1G_01483T0,0
XP_008909379.1,0
jgi|Stano2|6540|SNOG_13405.3,0
jgi|Amath1|45185|fgenesh1_pg.4_#_54,0
tr|F0WCD3|F0WCD3_9STRA,0
jgi|Rhoto_IFO0880_4|12044|e_gw1.2.977.1_mRNA,0
NFTN_EGTN_2138|0,0
NFTN_EGVN_1102|0,0
jgi|Physo3|407546|gw1.9.1730.1,0
jgi|Verda1|5597|VDAG_09249T0,0
jgi|Fusox2|23512|FOXG_05636T0,0
jgi|Cocsa1|204163|estExt_fgenesh1_pm.C_190021,0
jgi|Sebve1|173975|CE90325_476,0
jgi|Undpi1|837|HiC_scaffold_10.g04301.m1,0
jgi|Fusox2|23497|FOXG_05624T0,0
jgi|Clafu1|195657|scf7180000130859_G853,0
XP_008899673.1,0
jgi|Wolco1|162466|estExt_Genemark1.C_4_t10048,0
jgi|Stehi1|123252|fgenesh1_kg.11_#_209_#_isotig11644,0
jgi|Metro1|534|MAA_04865T0,0
XP_012203119.1,0
jgi|Aspni7|1182629|estExt_Genemark1.C_chr_202_t30190,0
evm.model.pcontig_042.11,0
jgi|Undpi1|8728|HiC_scaffold_25.g11192.m1,0
jgi|Cocmi1|21657|fgenesh1_pg.2_#_87,0
jgi|Altal1|422856|CE422855_670,0
jgi|Physo3|353745|estExt_fgenesh1_kg.C_1_t20138,0
jgi|Amamu1|176126|fgenesh1_pg.5_#_76,0
jgi|Fusgr1|588|FGSG_00487T0,0
NFTN_EGTN_1484|0,0
AB03528.1,0
jgi|Verda1|6571|VDAG_01905T0,0
jgi|Hypsu1|52456|fgenesh1_pg.10_#_72,0
jgi|Cormi1|3643|CCM_03652m.01,0
jgi|Sphst1|257529|gm1.19419_g,0
jgi|Moeaph1|5547|PaG_02522T0,0
NFTN_EGTN_1024|0,0
jgi|Tulca1|23383|gm1.6938_g,0
jgi|Pismi1|537946|CE413494_182,0
jgi|Cocvi1|42302|fgenesh1_pm.141_#_11,0
jgi|Botci1|10474|BC1T_16322,0
NFTN_EGTN_3712|0,0
jgi|Botci1|3674|BC1T_14820,0
jgi|Picst3|32948|fgenesh1_pg.C_chr_6.1000429,0
AO090023000782,0
jgi|Metro1|3277|MAA_09975T0,0
jgi|Cocsa1|36976|fgenesh1_kg.7_#_403_#_Locus1376v1rpkm77.15,0
jgi|Colhig2|11047|CH63R_09839T0,0
jgi|Fusgr1|8977|FGSG_07755T0,0
TDH71388.1,0
jgi|Batde5|24698|fgenesh1_pg.C_scaffold_5000414,0
tr|K3WZD8|K3WZD8_GLOUD,0
jgi|Lepmu1|4466|Lema_T101380.1,0
jgi|Cocvi1|16662|fgenesh1_pg.50_#_54,0
jgi|Suilu1|811413|fgenesh1_kg.413_#_10_#_Locus7575v1rpkm9.10,0
jgi|Nemde1|14490|g9679.t1,0
jgi|Colhig2|7535|CH63R_06327T0,0
jgi|Clafu1|185766|scf7180000127851_G12795,0
tr|H3G9H7|H3G9H7_PHYRM,0
jgi|Botci1|9980|BC1T_01630,0
jgi|Enccu1|400|ECU11_0510m.01,0
PGT21_007482-T1,0
jgi|Dacsp1|90507|fgenesh1_pm.16_#_169,0
jgi|Colhig2|266|CH63R_00266T0,0
jgi|Trave1|136117|e_gw1.14.279.1,0
NFTN_EGTN_5274|0,0
tr|M4BUE7|M4BUE7_HYAAE,0
jgi|Fusox2|16499|FOXG_02791T0,0
NFTN_EGTN_743|0,0
evm.model.pcontig_047.8,0
jgi|Colgr1|9830|GLRG_10429T0,0
jgi|Nemde1|11166|g11524.t1,0
AO090023000559,0
jgi|Fusox2|5819|FOXG_10357T0,0
jgi|Aspni7|1130036|estExt_Genewise1Plus.C_chr_802_t30201,0
jgi|Colgr1|7912|GLRG_09163T0,0
RQM10732.1,0
jgi|Physo3|478071|e_gw1.2.11543.1,0
jgi|Physo3|555909|estExt_Genewise1Plus.C_2_t200185,0
PVIT_0011253.T1,0
jgi|Nemde1|11463|g6848.t1,0
jgi|Amath1|64911|fgenesh1_kg.86_#_68_#_isotig20675,0
jgi|Clafu1|185255|scf7180000127548_G10823,0
NFTN_EGVN_6746|0,0
jgi|Lepmu1|6936|Lema_T118810.1,0
jgi|Hydpi2|31425|gm1.8580_g,0
NFTN_EGVN_2413|0,0
XP_012195485.1,0
jgi|Fompi3|1168541|estExt_Genewise1Plus.C_850030,0
jgi|Glotr1_1|45575|e_gw1.00011.416.1,0
AB00511.1,0
jgi|Paxin1|68529|e_gw1.3.1861.1,0
jgi|Venin1|19512|atg5285.t1,0
tr|H3GWR2|H3GWR2_PHYRM,0
tr|K3XB79|K3XB79_GLOUD,0
jgi|Pilcr1|810910|fgenesh1_kg.00002_#_382_#_Locus2048v1rpkm99.30,0
jgi|Aspni7|1164020|estExt_fgenesh1_pg.C_chr_304_t20016,0
jgi|Cocsa1|141788|estExt_Genewise1Plus.C_6_t30351,0
jgi|Plicr1|119436|e_gw1.25.88.1,0
jgi|Cormi1|2024|CCM_02030m.01,0
jgi|Colgr1|3889|GLRG_05999T0,0
NFTN_EGTN_4438|0,0
jgi|Moeaph1|100|PaG_00112T0,0
jgi|Conpu1|133640|estExt_fgenesh1_pm.C_1_t10030,0
jgi|Lepmu1|301|Lema_T003010.1,0
jgi|Plicr1|55192|fgenesh1_pm.10_#_111,0
jgi|Venin1|25167|atg13220.t1,0
jgi|Punst1|139302|gm1.10527_g,0
jgi|Trave1|41223|gm1.107_g,0
NFTN_EGTN_5972|0,0
jgi|Colhig2|2850|CH63R_14516T0,0
evm.model.hcontig_035_008.129,0
jgi|Clafu1|185671|scf7180000127785_G13002,0
jgi|Sebve1|325831|fgenesh1_kg.1_#_517_#_Locus4755v1rpkm31.72,0
jgi|Fusgr1|5304|FGSG_12554T0,0
XP_012199626.1,0
evm.model.pcontig_041.173,0
jgi|Dacsp1|20756|fgenesh1_kg.4_#_85_#_contig00201,0
XP_008901582.1,0
jgi|Ectsil1|18941|rna4090,0
jgi|Colhig2|979|CH63R_00979T0,0
NFTN_EGTN_6950|0,0
jgi|Clafu1|188403|scf7180000130039_G3149,0
jgi|Maggr1|119428|MGG_01336T0,0
jgi|Gymlu1|36677|fgenesh1_kg.5_#_365_#_Locus3821v1rpkm48.00,0
PGT21_019513-T1,0
jgi|Fusox2|7472|FOXG_11437T0,0
jgi|Hydpi2|108954|fgenesh1_kg.6_#_412_#_Locus14041v1rpkm4.42,0
jgi|Melli2_A|1063472|estExt_Genewise1.C_8_t10355,0
jgi|Cormi1|2080|CCM_02086m.01,0
jgi|Fusox2|25095|FOXG_19318T0,0
NFTN_EGVN_6023|0,0
jgi|Phyca11|509345|fgenesh2_kg.PHYCAscaffold_43_#_143_#_Contig4297.1,0
jgi|Agabi_varbur_1|131699|Genemark.8035_g,0
NFTN_EGVN_7265|0,0
jgi|Rhoto_IFO0880_4|15487|fgenesh1_kg.7_#_1201_#_TRINITY_DN570_c1_g1_i1_mRNA,0
jgi|Phyinf1|2458|rna11643,0
jgi|Maggr1|118190|MGG_08700T0,0
jgi|Colhig2|2308|CH63R_13974T0,0
jgi|Metro1|2159|MAA_07846T0,0
jgi|Stehi1|126593|fgenesh1_kg.29_#_28_#_isotig13315,0
jgi|Physo3|261711|Physo2.s_473129,0
jgi|Lepmu1|8117|Lema_T030110.1,0
PGT21_020413-T1,0
jgi|Stehi1|152593|gm1.1523_g,0
XP_008898122.1,0
jgi|Paxin1|173771|estExt_fgenesh1_pm.C_1_t10293,0
PGT21_032572-T1,0
jgi|Hypsu1|134597|e_gw1.14.182.1,0
jgi|Pismi1|119358|e_gw1.330.6.1,0
jgi|Cocvi1|33649|fgenesh1_pm.6_#_31,0
jgi|Blugr1|20998|BGHDH14_bghG004983000001001,0
RAW39651,0
jgi|Suilu1|99778|e_gw1.836.17.1,0
jgi|Sclci1|56973|gw1.33.136.1,0
jgi|Dicsq1|104348|estExt_Genewise1Plus.C_10_t10025,0
jgi|Sclci1|95137|gw1.3.1183.1,0
jgi|Undpi1|5264|HiC_scaffold_2.g00545.m1,0
p3_t237631_Ust_maydi_v2@um03752@4254,0
jgi|Lacbi2|385556|Lacbi1.Eugenev2.0000080373,0
jgi|Physo3|517658|e_gw1.7.850.1,0
jgi|Suilu1|803922|fgenesh1_kg.84_#_34_#_Locus17268v2rpkm0.00_PRE,0
jgi|Gymlu1|224362|estExt_Genewise1Plus.C_22_t10031,0
jgi|Phyca11|531679|estExt2_fgenesh1_pg.C_PHYCAscaffold_20006,0
PGT21_009169-T1,0
XP_008898871.1,0
jgi|Physo3|299515|fgenesh1_pg.3_#_1775,0
jgi|Stano2|4219|SNOG_11044.3,0
jgi|Ascra1|10564|ST47_g2100T0,0
RQM18768.1,0
jgi|Phyca11|123476|e_gw1.50.272.1,0
jgi|Pilcr1|829961|fgenesh1_kg.00188_#_7_#_Locus14745v2rpkm0.96,0
jgi|Hypsu1|203006|gm1.7091_g,0
jgi|Psean1_1|84803|PANT_26d00029,0
jgi|Pisti1|993043|fgenesh1_kg.3_#_365_#_Locus6088v1rpkm29.16,0
evm.model.hcontig_006_013.145,0
jgi|Lacbi2|306626|Lacbi1.eu2.Lbscf0031g01280,0
jgi|Moeaph1|3877|PaG_06453T0,0
jgi|Psean1_1|82171|PANT_12d00124,0
NFTN_EGTN_1953|0,0
jgi|Maggr1|115942|MGG_00305T0,0
jgi|Colhig2|7799|CH63R_06591T0,0
jgi|Amath1|66381|fgenesh1_kg.112_#_20_#_isotig24206,0
AO090005000512,0
tr|M4B2H0|M4B2H0_HYAAE,0
jgi|Fusox2|23826|FOXG_05870T0,0
AO090038000364,0
jgi|Glotr1_1|139032|estExt_Genemark1.C_00008_t10057,0
jgi|Undpi1|3406|HiC_scaffold_15.g06779.m1,0
jgi|Ectsil1|29015|rna12555,0
evm.model.hcontig_010_016.114,0
jgi|Botci1|8057|BC1T_01009,0
jgi|Suilu1|82415|e_gw1.91.16.1,0
jgi|Maggr1|121129|MGG_10661T0,0
tr|M4BST4|M4BST4_HYAAE,0
jgi|Punst1|42823|fgenesh1_pg.3_#_335,0
jgi|Punst1|146229|estExt_Genemark1.C_150146,0
jgi|Cocvi1|112878|e_gw1.138.25.1,0
jgi|Phyca11|507766|fgenesh2_kg.PHYCAscaffold_30_#_35_#_Contig256.1,0
jgi|Sclci1|72007|gw1.523.4.1,0
jgi|Claok1|876|g12855.t2,0
jgi|Hebcy2|30181|gm1.9289_g,0
jgi|Verda1|6576|VDAG_01910T0,0
jgi|Gymlu1|46378|fgenesh1_kg.44_#_16_#_Locus1248v1rpkm149.11,0
jgi|Melli2_A|2841544|fgenesh1_pg.5_#_96,0
jgi|Verda1|5009|VDAG_08661T0,0
jgi|Colgr1|5456|GLRG_01135T0,0
tr|F0W8D1|F0W8D1_9STRA,0
evm.model.pcontig_047.41,0
PGT21_006929-T1,0
PGT21_011552-T1,0
XP_012212575.1,0
APA06419.1,0
jgi|Tulca1|22266|gm1.5821_g,0
evm.model.pcontig_048.111,0
NFTN_EGTN_221|0,0
NFTN_EGVN_7229|0,0
jgi|Gymlu1|161640|e_gw1.14.606.1,0
NFTN_EGTN_6713|0,0
jgi|Suilu1|802469|fgenesh1_kg.56_#_14_#_Locus16432v8rpkm0.00_PRE,0
jgi|Pisti1|1003036|fgenesh1_kg.44_#_122_#_Locus11640v1rpkm5.41,0
NFTN_EGTN_4657|0,0
jgi|Nemde1|14305|g9536.t1,0
XP_008915652.1,0
jgi|Venin1|22706|atg7870.t1,0
PGT21_008541-T1,0
jgi|Pilcr1|825411|fgenesh1_kg.00056_#_75_#_Locus16496v2rpkm0.51,0
jgi|Sphst1|782724|estExt_Genemark1.C_1200040,0
jgi|Hebcy2|18068|fgenesh1_pm.8_#_68,0
jgi|Hypsu1|143313|e_gw1.57.91.1,0
jgi|Sclci1|138149|e_gw1.167.63.1,0
jgi|Suilu1|809633|fgenesh1_kg.276_#_21_#_Locus2085v1rpkm85.66,0
tr|H3GXU7|H3GXU7_PHYRM,0
jgi|Verda1|2251|VDAG_06733T0,0
jgi|Phyca11|567678|estExt2_Genewise1.C_PHYCAscaffold_260119,0
jgi|Agabi_varbur_1|125782|Genemark.2118_g,0
jgi|Melli2_B|4516083|estExt_fgenesh1_pg.C_1_t20329,0
jgi|Undpi1|3164|HiC_scaffold_15.g06538.m1,0
jgi|Maggr1|120307|MGG_08191T0,0
jgi|Amamu1|82273|e_gw1.60.68.1,0
NFTN_EGTN_2048|0,0
jgi|Fusgr1|7778|FGSG_06730T0,0
jgi|Venin1|20481|atg6750.t1,0
jgi|Picst3|89245|estExt_gwp_genewisePlus_human.C_chr_4.11141,0
jgi|Paxru1|832855|fgenesh1_kg.975_#_1_#_Locus1242v1rpkm139.21,0
jgi|Fusox2|10122|FOXG_13131T0,0
NFTN_EGTN_61|0,0
NFTN_EGTN_7396|0,0
jgi|Paxru1|821182|fgenesh1_kg.3_#_8_#_Locus4373v1rpkm33.48,0
tr|M4C1R6|M4C1R6_HYAAE,0
jgi|Fompi3|1026093|fgenesh1_kg.103_#_21_#_isotig00260,0
jgi|Fusgr1|4653|FGSG_03474T0,0
jgi|Cocsa1|126950|estExt_Genewise1.C_16_t10287,0
jgi|Paxru1|150102|e_gw1.597.20.1,0
evm.model.pcontig_005.95,0
jgi|Fomme1|141100|estExt_fgenesh1_pm.C_7_t10060,0
PITG_05258T0,0
jgi|Venin1|25558|atg12548.t1,0
jgi|Claok1|9219|g18988.t1,0
jgi|Cocsa1|170295|fgenesh1_pm.5_#_532,0
NFTN_EGVN_4770|0,0
jgi|Nemde1|11451|g6837.t1,0
jgi|Wolco1|86986|fgenesh1_pm.1_#_498,0
jgi|Fusgr1|7685|FGSG_06650T0,0
jgi|Sclci1|134422|e_gw1.129.68.1,0
jgi|Lepmu1|476|Lema_T004760.1,0
XP_012199141.1,0
jgi|Cocsa1|170194|fgenesh1_pm.5_#_431,0
jgi|Colgr1|4431|GLRG_06511T0,0
jgi|Fusgr1|10807|FGSG_09330T0,0
jgi|Dacsp1|20074|fgenesh1_kg.2_#_339_#_isotig05647,0
AB10183.1,0
jgi|Cormi1|473|CCM_00473m.01,0
jgi|Gymlu1|618296|CE351989_14,0
jgi|Suilu1|807211|fgenesh1_kg.172_#_11_#_Locus17017v3rpkm0.25,0
evm.model.hcontig_009_024.264,0
jgi|Hydpi2|44658|estExt_Genemark1.C_1720002,0
jgi|Fusox2|17989|FOXG_03654T0,0
PGT21_023308-T1,0
jgi|Lacam1|8056|gm1.8056_g,0
jgi|Nemde1|8826|g6754.t1,0
jgi|Venin1|17422|atg135.t1,0
jgi|Sebve1|62812|e_gw1.3.659.1,0
jgi|Dacsp1|22887|fgenesh1_kg.11_#_159_#_isotig03983,0
jgi|Metro1|3161|MAA_07574T0,0
jgi|Phyca11|115729|e_gw1.29.495.1,0
PVIT_0019983.T1,0
jgi|Hypsu1|207659|gm1.11744_g,0
jgi|Fusox2|16547|FOXG_02829T0,0
jgi|Conpu1|113847|estExt_Genewise1.C_240014,0
jgi|Colgr1|2055|GLRG_04689T0,0
jgi|Cormi1|162|CCM_00162m.01,0
jgi|Amath1|146051|e_gw1.44.99.1,0
jgi|Fusgr1|6019|FGSG_05176T0,0
jgi|Lacbi2|624614|estExt_Genewise1Plus.C_LG_1_t60034,0
jgi|Claok1|12364|g10874.t1,0
jgi|Verda1|4518|VDAG_01518T0,0
AO090005000674,0
jgi|Tulca1|32428|gm1.15983_g,0
NFTN_EGTN_5200|0,0
jgi|Metro1|7020|MAA_09502T0,0
APA15871.1,0
jgi|Clafu1|190347|scf7180000130321_G1752,0
jgi|Rhoto_IFO0880_4|14843|fgenesh1_kg.6_#_1227_#_TRINITY_DN3457_c5_g1_i5_mRNA,0
jgi|Lepmu1|9952|Lema_T052810.1,0
NFTN_EGTN_5016|0,0
jgi|Colhig2|10515|CH63R_09307T0,0
XP_008908779.1,0
jgi|Clafu1|193657|scf7180000130703_G4260,0
jgi|Fusox2|26283|FOXG_07872T0,0
jgi|Suilu1|386570|CE275175_111,0
jgi|Physo3|286253|fgenesh1_kg.5_#_105_#_159103,0
jgi|Wolco1|132795|estExt_fgenesh1_pm.C_70069,0
evm.model.pcontig_001.233,0
jgi|Amamu1|19145|gm1.13155_g,0
NFTN_EGTN_5495|0,0
jgi|Venin1|24841|atg9327.t1,0
XP_008894068.1,0
NFTN_EGTN_208|0,0
jgi|Psean1_1|81209|PANT_9c00307,0
jgi|Lacbi2|704717|estExt_fgenesh3_kg.C_LG_4_t20215,0
jgi|Blugr1|24843|BGHDH14_bghG000924000001001,0
PGT21_029980-T1,0
jgi|Undpi1|1613|HiC_scaffold_11.g05003.m1,0
jgi|Fomme1|160705|gm1.11035_g,0
jgi|Physo3|514939|e_gw1.7.1078.1,0
jgi|Pilcr1|823204|fgenesh1_kg.00039_#_102_#_Locus640v1rpkm273.11,0
PGT21_000580-T1,0
jgi|Sclci1|23316|gm1.4771_g,0
jgi|Dacsp1|106829|gm1.3947_g,0
jgi|Mycgr3|103792|estExt_fgenesh1_kg.C_chr_30297,0
jgi|Gymlu1|261046|estExt_Genemark1.C_240094,0
jgi|Ectsil1|20876|rna9523,0
tr|F0W919|F0W919_9STRA,0
jgi|Phyca11|537430|estExt2_fgenesh1_pg.C_PHYCAscaffold_890022,0
jgi|Punst1|53371|fgenesh1_kg.8_#_383_#_isotig08678,0
jgi|Blugr1|20063|BGHDH14_bghG005458000001001,0
jgi|Ectsil1|22835|rna5027,0
jgi|Fusgr1|6674|FGSG_12801T0,0
tr|M4BPK7|M4BPK7_HYAAE,0
jgi|Glotr1_1|102895|fgenesh1_pm.00001_#_1032,0
jgi|Punst1|122104|estExt_fgenesh1_pm.C_110213,0
tr|H3H465|H3H465_PHYRM,0
jgi|Pismi1|685806|fgenesh1_kg.159_#_25_#_Pisolithus_microcarpus_c1051,0
jgi|Copci1|5515|CC1G_06405T0,0
jgi|Colhig2|4781|CH63R_03573T0,0
PGT21_028628-T1,0
jgi|Altal1|1000211|estExt_Genewise1Plus.C_280173,0
jgi|Sphst1|270370|gm1.32260_g,0
jgi|Cocsa1|151913|estExt_Genewise1Plus.C_16_t10169,0
NFTN_EGTN_6407|0,0
evm.model.pcontig_027.160,0
jgi|Amamu1|526943|CE325706_2227,0
jgi|Paxin1|171935|fgenesh1_kg.64_#_39_#_isotig06648,0
jgi|Venin1|17262|atg3787.t1,0
jgi|Undpi1|2193|HiC_scaffold_12.g05579.m1,0
jgi|Sphst1|204272|estExt_Genewise1.C_150238,0
jgi|Paxin1|155358|fgenesh1_pg.13_#_49,0
jgi|Tulca1|221247|MIX11653_236_77,0
jgi|Tulca1|63610|e_gw1.1.562.1,0
jgi|Botci1|15109|BC1T_10789,0
AO090012000917,0
jgi|Clafu1|183882|scf7180000126422_G13769,0
PGT21_002434-T1,0
jgi|Lacam1|105811|e_gw1.160.78.1,0
jgi|Sebve1|331237|fgenesh1_kg.39_#_16_#_Locus5272v1rpkm27.01,0
jgi|Verda1|8718|VDAG_03476T0,0
jgi|Ascra1|766|ST47_g2816T0,0
jgi|Venin1|16456|atg1025.t1,0
jgi|Undpi1|1448|HiC_scaffold_11.g04839.m1,0
jgi|Ascra1|7170|ST47_g8834T0,0
jgi|Clafu1|190787|scf7180000130355_G7905,0
AO090012000736,0
jgi|Sphst1|780046|estExt_Genemark1.C_560075,0
jgi|Fompi3|88029|Fompi1.gm1.6120_g,0
tr|H3GNR4|H3GNR4_PHYRM,0
jgi|Ectsil1|29452|rna7302,0
jgi|Rhoto_IFO0880_4|13119|fgenesh1_pg.3_#_151_mRNA,0
jgi|Colhig2|14416|CH63R_13208T0,0
jgi|Stano2|9728|SNOG_16236.3,0
jgi|Colgr1|5389|GLRG_01068T0,0
jgi|Cocvi1|98132|e_gw1.38.108.1,0
jgi|Verda1|3845|VDAG_00845T0,0
jgi|Dacsp1|22129|fgenesh1_kg.8_#_277_#_isotig01796,0
jgi|Pilcr1|811928|fgenesh1_kg.00004_#_142_#_Locus1748v1rpkm112.58,0
jgi|Rhoto_IFO0880_4|15945|gm1.4606_g_mRNA,0
jgi|Amamu1|13300|gm1.7310_g,0
jgi|Fusox2|4727|FOXG_09553T0,0
XP_008894979.1,0
jgi|Fomme1|144509|estExt_fgenesh1_pg.C_2_t10131,0
jgi|Aspni7|1175046|gm1.5775_g,0
jgi|Claok1|898|g12874.t1,0
jgi|Conpu1|145357|estExt_fgenesh1_pg.C_90363,0
NFTN_EGTN_1755|0,0
jgi|Aspni7|1184323|estExt_Genemark1.C_chr_401_t20108,0
jgi|Suilu1|806262|fgenesh1_kg.142_#_48_#_Locus8861v2rpkm0.96,0
jgi|Fusox2|14520|FOXG_14800T0,0
jgi|Rhoto_IFO0880_4|8938|fgenesh1_kg.1_#_1861_#_TRINITY_DN61_c0_g2_i1_mRNA,0
jgi|Maggr1|115059|MGG_01145T0,0
jgi|Altal1|1055189|estExt_fgenesh1_pg.C_360012,0
jgi|Phyca11|120577|e_gw1.41.369.1,0
RAW28570,0
jgi|Hydpi2|28162|gm1.5317_g,0
jgi|Phyca11|509923|fgenesh2_kg.PHYCAscaffold_51_#_50_#_4102212:2,0
jgi|Lepmu1|10858|Lema_T067690.1,0
jgi|Phyinf1|12944|rna4772,0
jgi|Botci1|13581|BC1T_10091,0
jgi|Nemde1|1386|g2910.t1,0
jgi|Fusox2|22501|FOXG_05232T1,0
jgi|Conpu1|31984|gw1.22.36.1,0
jgi|Phyinf1|7328|rna8748,0
jgi|Punst1|72638|e_gw1.10.1159.1,0
jgi|Tulca1|236495|MIX26901_9_76,0
jgi|Wolco1|106403|estExt_Genewise1Plus.C_10_t10348,0
jgi|Hypsu1|220336|estExt_Genemark1.C_1490005,0
tr|K3XBG2|K3XBG2_GLOUD,0
jgi|Cormi1|3832|CCM_03844m.01,0
jgi|Paxru1|169554|e_gw1.2595.10.1,0
jgi|Canalb1|58170|CAALFM_C201360CAT0,0
jgi|Trave1|50807|gm1.9691_g,0
jgi|Metro1|7940|MAA_03189T0,0
PGT21_024243-T1,0
NFTN_EGTN_4357|0,0
jgi|Verda1|6425|VDAG_01759T0,0
jgi|Paxru1|836327|fgenesh1_kg.5317_#_1_#_Locus12176v1rpkm1.69,0
jgi|Cocsa1|123388|estExt_Genewise1.C_12_t20252,0
jgi|Paxru1|161487|e_gw1.1479.8.1,0
jgi|Phyinf1|16224|rna2581,0
NFTN_EGTN_6269|0,0
XP_008901914.1,0
jgi|Colgr1|9327|GLRG_10267T0,0
jgi|Lacam1|126409|fgenesh1_pg.569_#_1,0
NFTN_EGTN_4150|0,0
jgi|Cocmi1|35121|fgenesh1_pm.36_#_6,0
NFTN_EGTN_1342|0,0
jgi|Fompi3|91969|Fompi1.gm1.10060_g,0
jgi|Colgr1|6285|GLRG_07933T0,0
jgi|Tulca1|19489|gm1.3044_g,0
jgi|Enccu1|1779|ECU08_2030m.01,0
XP_008903077.1,0
jgi|Colhig2|11896|CH63R_10688T0,0
jgi|Amamu1|167435|fgenesh1_kg.68_#_80_#_Locus3446v9rpkm0.80_PRE,0
jgi|Altal1|988177|estExt_Genewise1Plus.C_9_t20216,0
jgi|Dacsp1|97374|estExt_fgenesh1_pm.C_250046,0
jgi|Maggr1|120684|MGG_07357T0,0
NFTN_EGTN_6745|0,0
jgi|Agabi_varbur_1|86579|fgenesh1_kg.11_#_136_#_2399_1_CFAF_CFAG_CFAH_EXTA,0
jgi|Suilu1|807938|fgenesh1_kg.199_#_28_#_Locus2346v1rpkm75.63,0
jgi|Amamu1|165789|fgenesh1_kg.50_#_69_#_Locus11403v1rpkm9.79,0
NFTN_EGTN_170|0,0
jgi|Amamu1|187494|fgenesh1_pm.58_#_9,0
jgi|Cocmi1|38260|fgenesh1_pm.100_#_10,0
jgi|Lacbi2|191258|Lacbi1.estExt_GeneWisePlus_worm.C_250198,0
RQM17938.1,0
jgi|Mycgr3|54752|estExt_Genewise1.C_chr_20306,0
NFTN_EGTN_5534|0,0
jgi|Sphst1|785826|estExt_Genemark1.C_3960010,0
jgi|Dacsp1|112154|gm1.9272_g,0
jgi|Phyca11|534078|estExt2_fgenesh1_pg.C_PHYCAscaffold_200046,0
jgi|Pismi1|50192|gw1.82.113.1,0
NFTN_EGVN_2822|0,0
jgi|Lacam1|114150|e_gw1.406.11.1,0
jgi|Clafu1|192051|scf7180000130544_G3095,0
PGT21_012867-T1,0
jgi|Maggr1|117161|MGG_02827T0,0
jgi|Conpu1|169446|estExt_Genemark1.C_160277,0
tr|H3H373|H3H373_PHYRM,0
jgi|Verda1|8382|VDAG_03140T0,0
jgi|Mycgr3|110888|estExt_fgenesh1_pg.C_chr_90482,0
NFTN_EGTN_2614|0,0
XP_012202077.1,0
jgi|Lepmu1|104|Lema_T001040.1,0
jgi|Altal1|1016584|fgenesh1_kg.3_#_20_#_Locus8551v2rpkm0.73,0
NFTN_EGTN_3198|0,0
jgi|Pismi1|686519|fgenesh1_kg.180_#_18_#_AAM14580.1,0
jgi|Clafu1|187262|scf7180000129052_G13617,0
evm.model.hcontig_034_001.152,0
jgi|Clafu1|186199|scf7180000128125_G5069,0
NFTN_EGTN_7084|0,0
jgi|Venin1|14874|atg3286.t1,0
jgi|Ectsil1|24314|rna5419,0
tr|M4BSM3|M4BSM3_HYAAE,0
jgi|Pilcr1|396833|CE297333_1309,0
AB10178.1,0
jgi|Metro1|3123|MAA_07540T0,0
jgi|Ascra1|1968|ST47_g328T0,0
tr|H3GDT0|H3GDT0_PHYRM,0
PGT21_014390-T1,0
jgi|Gymlu1|74563|fgenesh1_pm.32_#_55,0
jgi|Cocmi1|27820|fgenesh1_pg.102_#_26,0
jgi|Amamu1|185362|fgenesh1_pm.9_#_27,0
jgi|Amath1|140559|e_gw1.12.21.1,0
jgi|Ascra1|7523|ST47_g9176T0,0
AB05191.1,0
jgi|Sclci1|19564|gm1.1019_g,0
jgi|Pilcr1|92941|fgenesh1_pg.00107_#_12,0
jgi|Mycgr3|35016|e_gw1.1.3410.1,0
jgi|Undpi1|13799|HiC_scaffold_9.g03450.m1,0
jgi|Melli2_B|44768|CE44767_1046,0
jgi|Fomme1|159575|gm1.9905_g,0
NFTN_EGTN_6115|0,0
jgi|Clafu1|195300|scf7180000130833_G2862,0
jgi|Altal1|1020648|fgenesh1_kg.11_#_92_#_Locus6276v2rpkm0.00_PRE,0
jgi|Physo3|336229|gm1.15804_g,0
jgi|Cocvi1|11127|fgenesh1_pg.0_#_266,0
NCU01052T0,0
jgi|Hypsu1|937449|CE716443_1165,0
AB10062.1,0
jgi|Clafu1|188550|scf7180000130056_G11288,0
jgi|Cocmi1|22078|fgenesh1_pg.5_#_87,0
jgi|Hypsu1|208310|gm1.12395_g,0
jgi|Melli2_A|1020151|e_gw1.14.1686.1,0
jgi|Blugr1|24837|BGHDH14_bgh01194,0
jgi|Undpi1|11722|HiC_scaffold_37.g14017.m1,0
jgi|Hypsu1|57020|fgenesh1_pg.69_#_43,0
jgi|Colhig2|12590|CH63R_11382T0,0
jgi|Aspni7|1031029|CE31029_30,0
evm.model.hcontig_040_015.86,0
jgi|Fompi3|1051400|gm1.7080_g,0
jgi|Batde5|86691|GP3.022500,0
jgi|Botci1|278|BC1T_00279,0
p3_t237631_Ust_maydi_v2@um03586@4086,0
tr|H3GBY7|H3GBY7_PHYRM,0
jgi|Gymlu1|35297|fgenesh1_kg.3_#_492_#_Locus4987v2rpkm0.33_PRE,0
NFTN_EGVN_6947|0,0
jgi|Dicsq1|99263|estExt_Genewise1Plus.C_3_t30070,0
XP_008907874.1,0
jgi|Copci1|5074|CC1G_05883T0,0
jgi|Moeaph1|424|PaG_03322T0,0
jgi|Dacsp1|24381|fgenesh1_kg.19_#_4_#_isotig10175,0
jgi|Rhoto_IFO0880_4|13197|gm1.2046_g_mRNA,0
jgi|Ectsil1|29298|rna12819,0
jgi|Pisti1|171089|e_gw1.218.1.1,0
jgi|Punst1|66654|e_gw1.5.1454.1,0
jgi|Altal1|1020921|fgenesh1_kg.11_#_365_#_Locus5346v5rpkm0.78_PRE,0
jgi|Venin1|15863|atg1971.t1,0
jgi|Hydpi2|170158|fgenesh1_pg.37_#_22,0
jgi|Melli2_A|550995|CE533479_651,0
jgi|Metro1|10155|MAA_06112T0,0
XP_012212692.1,0
jgi|Trave1|16652|fgenesh1_pg.1_#_633,0
AO090003000412,0
jgi|Colgr1|11988|GLRG_11625T0,0
jgi|Nemde1|15190|g11030.t1,0
jgi|Stehi1|136130|estExt_fgenesh1_pg.C_1_t10296,0
jgi|Ectsil1|30204|rna12957,0
jgi|Stano2|116|SNOG_00148.3,0
jgi|Dicsq1|176274|estExt_Genemark1.C_1_t10048,0
jgi|Fusgr1|3062|FGSG_02682T0,0
jgi|Fusgr1|5192|FGSG_03012T0,0
jgi|Nemde1|239|g7852.t1,0
jgi|Ectsil1|29727|rna7577,0
jgi|Cormi1|396|CCM_00396m.01,0
tr|H3GLJ3|H3GLJ3_PHYRM,0
jgi|Batde5|24031|fgenesh1_pg.C_scaffold_4000270,0
PITG_22950T0,0
jgi|Tulca1|23402|gm1.6957_g,0
jgi|Hebcy2|439530|fgenesh1_kg.2_#_472_#_Locus5199v1rpkm10.53,0
p3_t237631_Ust_maydi_v2@um05310@6045,0
AB09528.1,0
jgi|Sclci1|1217080|fgenesh1_kg.63_#_2_#_Locus3061v1rpkm51.15,0
XP_012193603.1,0
jgi|Colgr1|9535|GLRG_02142T0,0
jgi|Verda1|2001|VDAG_06173T0,0
evm.model.hcontig_001_156.1,0
jgi|Melli2_B|2786214|fgenesh1_pm.2_#_229,0
jgi|Clafu1|188577|scf7180000130058_G8964,0
jgi|Fusox2|19723|FOXG_03807T1,0
PGT21_029940-T1,0
jgi|Altal1|1028041|fgenesh1_pm.2_#_401,0
NCU04467T0,0
jgi|Nemde1|8623|g5639.t1,0
jgi|Colhig2|6059|CH63R_04851T0,0
jgi|Venin1|24280|atg11320.t1,0
jgi|Verda1|1858|VDAG_06030T0,0
jgi|Altal1|1031364|fgenesh1_pm.11_#_78,0
jgi|Amamu1|165704|fgenesh1_kg.49_#_63_#_Locus14293v3rpkm0.37_PRE,0
jgi|Agabi_varbur_1|74560|estExt_Genewise1Plus.C_60783,0
jgi|Cocvi1|21661|gm1.265_g,0
jgi|Glotr1_1|140071|estExt_Genemark1.C_000110242,0
PGT21_015305-T1,0
jgi|Venin1|17695|atg3798.t1,0
jgi|Nemde1|4904|g1488.t2,0
jgi|Venin1|15796|atg1785.t1,0
RQM09255.1,0
jgi|Usthor1|83012|UHOR_03131,0
jgi|Botci1|13897|BC1T_02411,0
PGT21_017255-T1,0
jgi|Fusox2|19379|FOXG_16811T0,0
jgi|Melli2_A|302928|CE285412_203,0
tr|F0W2M5|F0W2M5_9STRA,0
jgi|Fusox2|7943|FOXG_11735T0,0
jgi|Copci1|10428|CC1G_12411T0,0
jgi|Verda1|3831|VDAG_00831T0,0
jgi|Colgr1|4404|GLRG_06489T0,0
NFTN_EGTN_4048|0,0
KUF95193,0
jgi|Copci1|4716|CC1G_05469T0,0
jgi|Melli2_A|745011|CE727495_37,0
jgi|Trave1|46788|gm1.5672_g,0
evm.model.hcontig_017_004.157,0
jgi|Ectsil1|27213|rna15652,0
jgi|Sphst1|258450|gm1.20340_g,0
jgi|Mycgr3|111676|estExt_fgenesh1_pg.C_chr_130200,0
jgi|Gymlu1|58091|fgenesh1_pg.18_#_133,0
jgi|Phyinf1|1025|rna18500,0
jgi|Fusgr1|6628|FGSG_12792T0,0
jgi|Stano2|10290|SNOG_03849.3,0
jgi|Dicsq1|101787|estExt_Genewise1Plus.C_6_t10472,0
jgi|Cormi1|8977|CCM_09002m.01,0
jgi|Blugr1|22583|BGHDH14_bghG002809000001001,0
jgi|Mycgr3|96869|fgenesh1_pg.C_chr_12000001,0
jgi|Sebve1|329323|fgenesh1_kg.16_#_1_#_Locus2449v1rpkm76.09,0
jgi|Erynec1|133|EV44_g0078T0,0
jgi|Maggr1|120126|MGG_14307T0,0
jgi|Lacam1|673403|fgenesh1_kg.12_#_111_#_Locus13057v1rpkm3.20,0
jgi|Sphst1|265445|gm1.27335_g,0
jgi|Hebcy2|6999|fgenesh1_pg.2_#_242,0
jgi|Pilcr1|821364|fgenesh1_kg.00029_#_93_#_Locus6722v1rpkm25.92,0
jgi|Wolco1|131023|estExt_fgenesh1_pm.C_2_t20226,0
jgi|Amath1|66976|fgenesh1_kg.126_#_16_#_isotig22248,0
jgi|Paxin1|134562|estExt_Genewise1.C_180314,0
jgi|Colgr1|338|GLRG_00338T0,0
jgi|Fomme1|104560|estExt_Genewise1Plus.C_3_t40228,0
EGZ10744,0
jgi|Venin1|24478|atg9040.t1,0
NCU09924T0,0
jgi|Venin1|14472|atg828.t1,0
jgi|Moeaph1|1438|PaG_04446T0,0
jgi|Suilu1|91159|e_gw1.268.18.1,0
jgi|Nemde1|8655|g5665.t1,0
jgi|Mycgr3|34332|e_gw1.1.3054.1,0
jgi|Fompi3|1023758|fgenesh1_kg.28_#_28_#_isotig04254,0
jgi|Blugr1|19709|BGHDH14_bgh00219,0
jgi|Stano2|7985|SNOG_14577.3,0
jgi|Clafu1|193086|scf7180000130678_G3314,0
jgi|Ectsil1|31662|rna2455,0
jgi|Cocvi1|95411|e_gw1.29.326.1,0
jgi|Altal1|1025173|fgenesh1_kg.27_#_31_#_Locus8660v1rpkm5.00,0
jgi|Aspni7|1091095|e_gw1.502.593.1,0
jgi|Verda1|1954|VDAG_06126T0,0
jgi|Undpi1|12|HiC_scaffold_1.g00012.m1,0
jgi|Venin1|19647|atg5794.t1,0
jgi|Paxru1|121743|gw1.1471.12.1,0
jgi|Sphst1|48775|fgenesh1_pg.63_#_113,0
jgi|Lacam1|675276|fgenesh1_kg.26_#_59_#_Locus215v1rpkm495.55,0
evm.model.pcontig_012.280,0
jgi|Gymlu1|67173|fgenesh1_pm.2_#_367,0
jgi|Amamu1|178489|fgenesh1_pg.23_#_16,0
tr|K3WEX1|K3WEX1_GLOUD,0
jgi|Dicsq1|173623|gm1.9392_g,0
jgi|Erynec1|4300|EV44_g0563T0,0
jgi|Colhig2|3107|CH63R_01899T0,0
jgi|Colhig2|4570|CH63R_03362T0,0
jgi|Erynec1|1669|EV44_g0174T0,0
PGT21_031716-T1,0
jgi|Melli2_A|3121374|fgenesh1_kg.3_#_14938_#_TRINITY_GG_25541_c0_g1_i1,0
tr|M4BKF7|M4BKF7_HYAAE,0
NFTN_EGTN_1961|0,0
XP_008891386.1,0
jgi|Hydpi2|31870|gm1.9025_g,0
jgi|Venin1|16288|atg3132.t1,0
jgi|Venin1|15749|atg3622.t1,0
jgi|Amath1|75567|fgenesh1_pm.34_#_3,0
jgi|Colgr1|798|GLRG_11729T0,0
evm.model.pcontig_011.245,0
jgi|Conpu1|80395|fgenesh1_kg.3_#_149_#_isotig06420,0
tr|H3GF71|H3GF71_PHYRM,0
jgi|Cocvi1|16735|fgenesh1_pg.51_#_53,0
tr|M4B2N8|M4B2N8_HYAAE,0
jgi|Batde5|92876|GP3.084350,0
jgi|Melli2_A|2850351|fgenesh1_pg.15_#_571,0
RAW32042,0
NCU09280T0,0
jgi|Sphst1|28227|fgenesh1_kg.20_#_8_#_Locus13820v1rpkm3.04,0
APA11167.1,0
jgi|Suilu1|803222|fgenesh1_kg.69_#_42_#_Locus6073v1rpkm18.37,0
NFTN_EGTN_1324|0,0
jgi|Venin1|24092|atg10496.t1,0
jgi|Altal1|1094353|estExt_Genemark1.C_90223,0
jgi|Stano2|10382|SNOG_16527.3,0
jgi|Colhig2|9854|CH63R_08646T0,0
jgi|Lepmu1|5143|Lema_T111680.1,0
jgi|Lacam1|305924|CE170179_478,0
NFTN_EGTN_5620|0,0
jgi|Colgr1|11186|GLRG_02865T0,0
jgi|Tulca1|23538|gm1.7093_g,0
tr|H3H468|H3H468_PHYRM,0
PGT21_024099-T1,0
XP_012208665.1,0
jgi|Stehi1|168932|estExt_Genemark1.C_8_t10150,0
jgi|Gymlu1|46448|fgenesh1_kg.44_#_86_#_Locus5069v1rpkm32.98,0
jgi|Hebcy2|25227|gm1.4335_g,0
NFTN_EGTN_5820|0,0
jgi|Pisti1|1004420|fgenesh1_kg.59_#_40_#_Locus22056v2rpkm0.29,0
jgi|Gymlu1|38643|fgenesh1_kg.9_#_365_#_Locus13971v2rpkm0.37,0
jgi|Physo3|527015|e_gw1.11.3080.1,0
jgi|Maggr1|115276|MGG_00932T0,0
jgi|Fusgr1|10105|FGSG_08196T0,0
p3_t237631_Ust_maydi_v2@um06221@6615,0
jgi|Phyca11|556331|estExt2_Genewise1Plus.C_PHYCAscaffold_860113,0
jgi|Cocsa1|328239|CE123680_344,0
PITG_15217T0,0
jgi|Fusgr1|3249|FGSG_14017T0,0
jgi|Physo3|514134|e_gw1.6.5022.1,0
jgi|Pilcr1|810835|fgenesh1_kg.00002_#_307_#_Locus13842v7rpkm0.36,0
XP_012196461.1,0
jgi|Conpu1|169078|estExt_Genemark1.C_150043,0
jgi|Cocmi1|4167|gm1.4167_g,0
p3_t237631_Ust_maydi_v2@um06222@6616,0
jgi|Ectsil1|23839|rna14502,0
jgi|Metro1|7112|MAA_08259T0,0
jgi|Fusox2|5101|FOXG_09843T0,0
jgi|Lacam1|424528|CE288783_4214,0
jgi|Phyca11|12797|fgenesh1_pg.PHYCAscaffold_1_#_249,0
jgi|Altal1|2778|CE2777_3532,0
evm.model.hcontig_092_003.12,0
jgi|Melli2_A|2841790|fgenesh1_pg.5_#_342,0
jgi|Aspni7|1133486|fgenesh1_pg.chr_302_#_370,0
AO090010000144,0
jgi|Stehi1|87701|estExt_Genewise1.C_210152,0
jgi|Sphst1|777110|estExt_Genemark1.C_150192,0
NFTN_EGTN_2035|0,0
jgi|Fusgr1|3299|FGSG_04681T0,0
p3_t237631_Ust_maydi_v2@um03977@4484,0
tr|H3H954|H3H954_PHYRM,0
jgi|Cormi1|6663|CCM_06681m.01,0
jgi|Clafu1|193913|scf7180000130743_G6305,0
jgi|Gymlu1|38279|fgenesh1_kg.9_#_1_#_Locus6502v1rpkm22.17,0
jgi|Lacam1|676551|fgenesh1_kg.42_#_47_#_Locus7367v1rpkm15.32,0
jgi|Gymlu1|238458|gm1.3668_g,0
jgi|Trave1|74031|estExt_Genemark1.C_10_t10443,0
jgi|Fomme1|16488|fgenesh1_kg.1_#_583_#_isotig03439,0
NFTN_EGTN_6915|0,0
jgi|Batde5|35593|estExt_fgenesh1_pg.C_90272,0
jgi|Gymlu1|212647|estExt_Genewise1Plus.C_2_t20153,0
jgi|Clafu1|187316|scf7180000129064_G13346,0
jgi|Fompi3|1054081|gm1.9761_g,0
jgi|Undpi1|12545|HiC_scaffold_6.g02214.m1,0
jgi|Lepmu1|6863|Lema_T118080.1,0
jgi|Cocvi1|88819|e_gw1.10.318.1,0
jgi|Physo3|284608|fgenesh1_kg.1_#_643_#_159056,0
AO090005000347,0
jgi|Melli2_A|2859286|fgenesh1_pm.8_#_463,0
jgi|Copci1|11964|CC1G_14413T0,0
jgi|Lepmu1|7017|Lema_T119620.1,0
jgi|Clafu1|193173|scf7180000130681_G9832,0
jgi|Cocmi1|26052|fgenesh1_pg.59_#_8,0
jgi|Mycgr3|93442|fgenesh1_pg.C_chr_5000516,0
jgi|Fusgr1|13122|FGSG_11406T0,0
jgi|Plicr1|42393|fgenesh1_kg.9_#_334_#_Locus4077v1rpkm40.22,0
evm.model.hcontig_008_126.6,0
PGT21_031698-T1,0
jgi|Hebcy2|166653|CE86393_104,0
PGT21_014020-T1,0
jgi|Venin1|22028|atg7900.t1,0
jgi|Hypsu1|60344|fgenesh1_pg.578_#_1,0
NFTN_EGTN_919|0,0
jgi|Venin1|24323|atg11363.t1,0
jgi|Sebve1|326552|fgenesh1_kg.3_#_212_#_Locus2168v1rpkm88.15,0
jgi|Gymlu1|917011|CE650704_49,0
jgi|Ascra1|8796|ST47_g10347T0,0
jgi|Gymlu1|243971|gm1.9181_g,0
jgi|Phyinf1|4208|rna10610,0
jgi|Phyinf1|2690|rna16,0
jgi|Fusgr1|9111|FGSG_07871T0,0
jgi|Fusox2|10048|FOXG_13084T0,0
jgi|Stano2|4773|SNOG_01257.3,0
jgi|Verda1|5423|VDAG_08901T0,0
jgi|Cocsa1|83212|e_gw1.3.279.1,0
jgi|Clafu1|190775|scf7180000130355_G7893,0
jgi|Fusgr1|10051|FGSG_08243T0,0
NFTN_EGVN_26|0,0
jgi|Lacbi2|691897|fgenesh3_kg.LG_8_#_68_#_Locus_10731_Transcript_3/3_Confidence_0.545,0
PVIT_0022525.T1,0
jgi|Sebve1|327002|fgenesh1_kg.4_#_245_#_Locus4706v1rpkm32.26,0
jgi|Cocsa1|166620|fgenesh1_pm.1_#_651,0
KUF84256,0
jgi|Sphst1|35523|fgenesh1_kg.138_#_22_#_Locus5243v1rpkm33.32,0
jgi|Phyca11|19610|fgenesh1_pg.PHYCAscaffold_50_#_32,0
jgi|Lepmu1|11271|Lema_T071820.1,0
jgi|Sphst1|272711|gm1.34601_g,0
jgi|Cocsa1|37941|fgenesh1_kg.9_#_257_#_Locus1342v1rpkm79.40,0
jgi|Gymlu1|74756|fgenesh1_pm.34_#_43,0
jgi|Dicsq1|107364|estExt_Genewise1Plus.C_190262,0
PGT21_022650-T1,0
jgi|Amamu1|87685|e_gw1.143.27.1,0
PVIT_0006122.T1,0
jgi|Metro1|11517|MAA_01416T0,0
jgi|Paxin1|14683|gm1.9254_g,0
jgi|Amamu1|400589|CE199352_851,0
jgi|Lepmu1|10967|Lema_T068780.1,0
jgi|Hypsu1|164160|estExt_Genewise1.C_300195,0
tr|A0A090BGX6|A0A090BGX6_HYAAE,0
jgi|Sphst1|52899|fgenesh1_pg.153_#_20,0
tr|K3X8E7|K3X8E7_GLOUD,0
jgi|Moeaph1|1809|PaG_04681T0,0
jgi|Conpu1|83523|fgenesh1_kg.9_#_284_#_isotig10194,0
jgi|Glotr1_1|122355|estExt_fgenesh1_pg.C_000110109,0
jgi|Clafu1|190542|scf7180000130334_G7843,0
jgi|Colhig2|6356|CH63R_05148T0,0
jgi|Physo3|336175|gm1.15750_g,0
AB01108.1,0
tr|K3X9C5|K3X9C5_GLOUD,0
jgi|Colhig2|254|CH63R_00254T0,0
jgi|Pilcr1|813191|fgenesh1_kg.00006_#_313_#_Locus10031v1rpkm9.50,0
tr|F0VZW5|F0VZW5_9STRA,0
jgi|Ectsil1|30285|rna15492,0
jgi|Nemde1|14219|g9763.t1,0
jgi|Colgr1|39|GLRG_00039T0,0
evm.model.pcontig_003.423,0
jgi|Verda1|9274|VDAG_04030T0,0
jgi|Amath1|54267|fgenesh1_kg.4_#_305_#_isotig22283,0
jgi|Colhig2|6906|CH63R_05698T0,0
jgi|Gymlu1|240535|gm1.5745_g,0
jgi|Venin1|17977|atg3857.t1,0
jgi|Venin1|15328|atg2125.t1,0
jgi|Dicsq1|134934|fgenesh1_kg.7_#_375_#_isotig04397,0
jgi|Physo3|293464|fgenesh1_pg.1_#_637,0
jgi|Conpu1|85948|fgenesh1_kg.21_#_20_#_isotig05272,0
jgi|Hypsu1|56414|fgenesh1_pg.56_#_33,0
jgi|Fusox2|24464|FOXG_06271T0,0
evm.model.hcontig_016_024.33,0
jgi|Undpi1|7710|HiC_scaffold_23.g10183.m1,0
NFTN_EGTN_3641|0,0
XP_008908548.1,0
jgi|Claok1|9766|g9126.t1,0
jgi|Claok1|7228|g17651.t1,0
jgi|Venin1|19399|atg6082.t1,0
jgi|Cocmi1|104530|e_gw1.157.13.1,0
jgi|Colhig2|11601|CH63R_10393T0,0
jgi|Blugr1|24896|BGHDH14_bgh00473,0
jgi|Enccu1|1283|ECU06_0640m.01,0
jgi|Undpi1|2834|HiC_scaffold_14.g06211.m1,0
jgi|Metro1|11581|MAA_09734T0,0
jgi|Lacam1|674830|fgenesh1_kg.22_#_23_#_Locus10081v1rpkm7.04,0
evm.model.hcontig_013_010.89,0
jgi|Phyca11|109662|e_gw1.17.588.1,0
jgi|Hebcy2|113312|CE33052_4085,0
jgi|Cocsa1|264679|CE60120_23195,0
jgi|Glotr1_1|139782|estExt_Genemark1.C_000100206,0
jgi|Conpu1|77112|fgenesh1_pg.16_#_19,0
jgi|Dacsp1|19580|fgenesh1_kg.1_#_284_#_isotig01329,0
jgi|Picst3|32505|fgenesh1_pg.C_chr_5.1000669,0
jgi|Hydpi2|188846|estExt_fgenesh1_pg.C_190132,0
NCU04430T0,0
PGT21_019756-T1,0
jgi|Sebve1|327727|fgenesh1_kg.6_#_324_#_Locus7162v1rpkm15.92,0
jgi|Gymlu1|49516|fgenesh1_kg.84_#_32_#_Locus4248v1rpkm41.70,0
jgi|Pisti1|114960|gw1.192.64.1,0
jgi|Fusox2|15213|FOXG_15251T0,0
jgi|Conpu1|131138|estExt_Genewise1Plus.C_14_t20358,0
jgi|Metro1|5027|MAA_08391T0,0
jgi|Aspni7|1182370|estExt_Genemark1.C_chr_202_t20361,0
PGT21_008660-T1,0
jgi|Colgr1|249|GLRG_00249T0,0
jgi|Botci1|197|BC1T_00198,0
jgi|Conpu1|102278|estExt_Genewise1.C_4_t40202,0
jgi|Undpi1|14177|HiC_scaffold_9.g03827.m1,0
jgi|Physo3|338028|gm1.17603_g,0
jgi|Claok1|6651|g17180.t1,0
jgi|Paxin1|101070|estExt_Genemark1.C_370098,0
jgi|Venin1|22021|atg7893.t1,0
jgi|Phyca11|537800|estExt2_fgenesh1_pg.C_PHYCAscaffold_1690001,0
jgi|Colgr1|7179|GLRG_01631T0,0
jgi|Ectsil1|28723|rna3816,0
NFTN_EGTN_4789|0,0
jgi|Psean1_1|79058|PANT_5d00001,0
jgi|Fusox2|8545|FOXG_12213T0,0
APA10118.1,0
jgi|Phyinf1|14298|rna3465,0
TDH66736.1,0
tr|H3GAU8|H3GAU8_PHYRM,0
NFTN_EGTN_3095|0,0
jgi|Maggr1|114902|MGG_07560T0,0
jgi|Melli2_B|3678856|fgenesh1_kg.10_#_8705_#_TRINITY_GG_48123_c1_g1_i1,0
jgi|Colgr1|9329|GLRG_10269T0,0
jgi|Claok1|12739|g5619.t1,0
jgi|Botci1|10340|BC1T_07482,0
jgi|Sphst1|267690|gm1.29580_g,0
jgi|Colhig2|9469|CH63R_08261T0,0
jgi|Colhig2|8827|CH63R_07619T0,0
jgi|Tulca1|21610|gm1.5165_g,0
PGT21_032286-T1,0
EGZ20364,0
jgi|Stehi1|123621|fgenesh1_kg.12_#_300_#_isotig04425,0
evm.model.hcontig_009_024.261,0
jgi|Venin1|23934|atg12194.t1,0
jgi|Mycgr3|96882|fgenesh1_pg.C_chr_12000014,0
jgi|Nemde1|330|g12092.t1,0
jgi|Phyinf1|14341|rna359,0
jgi|Cocmi1|37406|fgenesh1_pm.79_#_18,0
jgi|Lacam1|678554|fgenesh1_kg.74_#_42_#_Locus6040v3rpkm4.28,0
jgi|Stano2|5434|SNOG_11929.3,0
jgi|Altal1|905830|gw1.5.441.1,0
jgi|Hypsu1|31817|fgenesh1_kg.1_#_383_#_Locus1677v1rpkm75.10,0
jgi|Hypsu1|182346|estExt_Genewise1Plus.C_140002,0
jgi|Cocsa1|287841|CE83282_952,0
jgi|Hypsu1|71590|fgenesh1_pm.111_#_3,0
jgi|Colgr1|10810|GLRG_11038T0,0
XP_008904809.1,0
jgi|Aspni7|1016721|CE16721_47,0
jgi|Amath1|40345|estExt_Genemark1.C_230033,0
jgi|Nemde1|14903|g10904.t1,0
jgi|Lacbi2|661274|estExt_fgenesh1_pg.C_LG_1_t30122,0
jgi|Blugra3_16|253|rna-BGT96224V316_LOCUS246,0
jgi|Fusox2|16336|FOXG_18377T0,0
jgi|Pisti1|814109|CE641216_389,0
jgi|Lacam1|243466|CE107721_2400,0
jgi|Hypsu1|41022|fgenesh1_kg.33_#_34_#_Locus939v1rpkm139.58,0
jgi|Punst1|93317|estExt_Genewise1.C_190345,0
jgi|Fusox2|22147|FOXG_05024T0,0
XP_012199507.1,0
jgi|Sclci1|25764|gm1.7219_g,0
jgi|Venin1|21098|atg1941.t1,0
PITG_22723T0,0
tr|H3GJ77|H3GJ77_PHYRM,0
jgi|Suilu1|810897|fgenesh1_kg.362_#_1_#_Locus9277v1rpkm4.55,0
tr|M4BZJ2|M4BZJ2_HYAAE,0
jgi|Clafu1|187816|scf7180000129551_G14121,0
jgi|Ectsil1|17717|rna16156,0
jgi|Physo3|285087|fgenesh1_kg.2_#_433_#_135682,0
NFTN_EGTN_6787|0,0
jgi|Ascra1|4456|ST47_g6241T0,0
jgi|Cormi1|5144|CCM_05159m.01,0
tr|H3GJA1|H3GJA1_PHYRM,0
jgi|Sphst1|254255|gm1.16145_g,0
jgi|Hebcy2|111477|CE31217_404,0
jgi|Punst1|76699|e_gw1.19.293.1,0
jgi|Cormi1|6072|CCM_06090m.01,0
jgi|Mycgr3|108395|estExt_fgenesh1_pg.C_chr_30019,0
jgi|Colgr1|5737|GLRG_07394T0,0
jgi|Altal1|201813|CE201812_1037,0
jgi|Mycgr3|92794|fgenesh1_pg.C_chr_4000574,0
jgi|Glotr1_1|92245|fgenesh1_pg.00004_#_210,0
jgi|Venin1|23221|atg8980.t1,0
jgi|Claok1|13073|g11169.t1,0
jgi|Melli2_B|3263785|fgenesh1_kg.5_#_22666_#_TRINITY_GG_32907_c4_g1_i1,0
jgi|Botci1|15224|BC1T_11131,0
jgi|Melli2_A|4634788|estExt_fgenesh1_pm.C_100361,0
jgi|Lacam1|130298|fgenesh1_pm.24_#_6,0
jgi|Physo3|499978|e_gw1.4.4694.1,0
jgi|Pilcr1|486667|CE387167_1646,0
tr|M4B769|M4B769_HYAAE,0
jgi|Claok1|11032|g9829.t1,0
NFTN_EGTN_5499|0,0
jgi|Cocsa1|191966|estExt_fgenesh1_pg.C_110076,0
jgi|Gymlu1|56521|fgenesh1_pg.11_#_100,0
jgi|Clafu1|193338|scf7180000130686_G884,0
TDH71670.1,0
jgi|Sclci1|1210201|fgenesh1_kg.9_#_60_#_Locus2032v1rpkm71.62,0
jgi|Amamu1|166877|fgenesh1_kg.63_#_21_#_Locus25622v1rpkm0.87,0
jgi|Stano2|6834|SNOG_13802.3,0
jgi|Clafu1|184315|scf7180000126929_G3713,0
jgi|Lacbi2|588564|e_gw1.3.2922.1,0
jgi|Physo3|248889|Physo2.s_445200,0
NFTN_EGTN_3711|0,0
jgi|Sphst1|47621|fgenesh1_pg.44_#_142,0
jgi|Sebve1|86308|CE2658_144,0
jgi|Lacam1|555283|CE419538_1163,0
jgi|Ectsil1|26500|rna15304,0
XP_008906292.1,0
NFTN_EGTN_3023|0,0
jgi|Lacam1|134889|fgenesh1_pm.278_#_7,0
jgi|Pilcr1|39554|gw1.00013.297.1,0
jgi|Cocsa1|33939|fgenesh1_kg.3_#_137_#_Locus5400v1rpkm20.16,0
tr|F0WTL0|F0WTL0_9STRA,0
jgi|Moeaph1|2296|PaG_05224T0,0
jgi|Mycgr3|104299|estExt_fgenesh1_kg.C_chr_40342,0
jgi|Cocsa1|322101|CE117542_63,0
jgi|Metro1|11413|MAA_01514T0,0
tr|K3WF83|K3WF83_GLOUD,0
jgi|Altal1|923978|e_gw1.1.922.1,0
jgi|Aspni7|39335|Aspni5.fgenesh1_pg.C_scaffold_4000656,0
jgi|Cocsa1|159747|gm1.4563_g,0
jgi|Dicsq1|124643|fgenesh1_pg.3_#_303,0
jgi|Maggr1|120736|MGG_12445T0,0
jgi|Pilcr1|128954|CE29454_1175,0
jgi|Colgr1|4415|GLRG_06500T0,0
XP_008904109.1,0
jgi|Agabi_varbur_1|130575|Genemark.6911_g,0
jgi|Paxru1|827080|fgenesh1_kg.224_#_1_#_Locus83v1rpkm1120.35,0
NFTN_EGTN_2671|0,0
jgi|Suilu1|810820|fgenesh1_kg.352_#_22_#_Locus13096v2rpkm1.77,0
jgi|Lacbi2|639780|estExt_Genewise1.C_LG_1_t120341,0
jgi|Fusox2|14244|FOXG_14616T0,0
tr|H3GR48|H3GR48_PHYRM,0
jgi|Altal1|1034197|fgenesh1_pm.21_#_188,0
jgi|Physo3|308251|fgenesh1_pg.39_#_1,0
jgi|Lacbi2|475888|fgenesh1_kg.11_#_301_#_1316363:1,0
jgi|Fusox2|16436|FOXG_02739T0,0
jgi|Lacam1|364280|CE228535_372,0
jgi|Cocmi1|8015|gm1.8015_g,0
jgi|Fusgr1|2493|FGSG_02178T0,0
tr|K3WW63|K3WW63_GLOUD,0
jgi|Cocvi1|18448|fgenesh1_pg.81_#_48,0
jgi|Glotr1_1|129354|gm1.5661_g,0
jgi|Amamu1|168832|fgenesh1_kg.88_#_54_#_Locus16011v4rpkm0.00_PRE,0
jgi|Gymlu1|152604|e_gw1.3.963.1,0
jgi|Phyinf1|2251|rna11433,0
AO090103000088,0
tr|H3H0V3|H3H0V3_PHYRM,0
PGT21_010502-T1,0
jgi|Claok1|2360|g6515.t1,0
jgi|Lepmu1|4225|Lema_T098970.1,0
jgi|Stano2|2884|SNOG_09277.3,0
jgi|Pilcr1|787994|MIX27032_272_73,0
jgi|Agabi_varbur_1|113990|estExt_fgenesh1_kg.C_60311,0
jgi|Venin1|24504|atg9218.t1,0
jgi|Mycgr3|10942|gw1.12.65.1,0
jgi|Amath1|197673|estExt_Genewise1Plus.C_1290030,0
jgi|Venin1|14745|atg343.t1,0
jgi|Physo3|251859|Physo2.s_451592,0
jgi|Lacbi2|486092|fgenesh1_pm.LG_9_#_255,0
jgi|Fompi3|1096747|gw1.44.120.1,0
jgi|Mycgr3|111117|estExt_fgenesh1_pg.C_chr_100342,0
jgi|Cocsa1|40566|fgenesh1_kg.15_#_232_#_Locus19960v2rpkm1.16,0
jgi|Verda1|1446|VDAG_05928T0,0
jgi|Cocmi1|106105|e_gw1.183.27.1,0
tr|K3WUU3|K3WUU3_GLOUD,0
jgi|Agabi_varbur_1|45427|e_gw1.21.117.1,0
XP_012195723.1,0
NFTN_EGTN_1903|0,0
XP_012193714.1,0
jgi|Colhig2|8118|CH63R_06910T0,0
jgi|Undpi1|10797|HiC_scaffold_29.g13245.m1,0
jgi|Nemde1|2102|g13587.t1,0
NFTN_EGTN_6980|0,0
jgi|Cocmi1|31696|fgenesh1_pm.1_#_125,0
NFTN_EGVN_623|0,0
jgi|Altal1|1064474|gm1.8709_g,0
jgi|Cocsa1|33643|fgenesh1_kg.2_#_779_#_Locus22697v1rpkm3.16,0
NCU05054T0,0
jgi|Gymlu1|904849|CE638542_3338,0
NCU00642T0,0
XP_008892676.1,0
NFTN_EGTN_3607|0,0
tr|A0A090BFA6|A0A090BFA6_HYAAE,0
jgi|Venin1|22538|atg9527.t1,0
jgi|Clafu1|196539|scf7180000130911_G13035,0
jgi|Fomme1|161377|gm1.11707_g,0
jgi|Parbr1|7024|PABG_04979m.01,0
NFTN_EGVN_3788|0,0
jgi|Claok1|3052|g14272.t1,0
jgi|Lepmu1|4122|Lema_T105620.1,0
jgi|Paxin1|8547|gm1.3118_g,0
jgi|Phyca11|18960|fgenesh1_pg.PHYCAscaffold_42_#_62,0
jgi|Undpi1|4357|HiC_scaffold_17.g07723.m1,0
PGT21_029263-T1,0
evm.model.pcontig_065.77,0
jgi|Venin1|18432|atg5938.t1,0
jgi|Tulca1|33879|gm1.17434_g,0
jgi|Dicsq1|178308|estExt_Genemark1.C_4_t10231,0
tr|M4BZ57|M4BZ57_HYAAE,0
jgi|Fomme1|146247|estExt_fgenesh1_pg.C_5_t20038,0
jgi|Colhig2|7769|CH63R_06561T0,0
jgi|Tulca1|30283|gm1.13838_g,0
jgi|Physo3|306667|fgenesh1_pg.12_#_245,0
jgi|Lepmu1|8430|Lema_T124590.1,0
jgi|Blugr1|20322|BGHDH14_bgh02452,0
AB08710.1,0
jgi|Fusox2|13054|FOXG_13704T0,0
jgi|Pismi1|685823|fgenesh1_kg.159_#_42_#_Locus8706v1rpkm11.78,0
evm.model.hcontig_056_007.46,0
jgi|Venin1|20411|atg6680.t1,0
jgi|Sclci1|878012|CE731397_1477,0
jgi|Colgr1|5000|GLRG_07065T0,0
jgi|Hebcy2|445815|fgenesh1_kg.14_#_197_#_Locus16137v1rpkm0.79,0
jgi|Agabi_varbur_1|108997|estExt_fgenesh1_pg.C_210015,0
NCU03641T0,0
jgi|Lacbi2|665992|estExt_fgenesh1_pm.C_LG_1_t30302,0
jgi|Sphst1|273943|gm1.35833_g,0
jgi|Verda1|9472|VDAG_04228T0,0
tr|M4C3N2|M4C3N2_HYAAE,0
jgi|Physo3|251811|Physo2.s_451544,0
jgi|Usthor1|81699|UHOR_13115,0
jgi|Stehi1|125786|fgenesh1_kg.19_#_197_#_isotig13470,0
jgi|Sphst1|778607|estExt_Genemark1.C_340166,0
jgi|Maggr1|114697|MGG_09106T0,0
PGT21_015724-T1,0
jgi|Punst1|140074|estExt_Genemark1.C_1_t10466,0
jgi|Melli2_B|765510|CE765509_10994,0
jgi|Cocsa1|134024|estExt_Genewise1Plus.C_2_t30188,0
jgi|Sebve1|327572|fgenesh1_kg.6_#_169_#_Locus308v1rpkm701.22,0
jgi|Conpu1|85153|fgenesh1_kg.15_#_116_#_isotig02524,0
evm.model.pcontig_054.66,0
jgi|Lacbi2|595855|e_gw1.5.963.1,0
jgi|Fusox2|15038|FOXG_21840T0,0
jgi|Pismi1|677267|fgenesh1_kg.25_#_1_#_Locus18569v1rpkm1.34,0
jgi|Sebve1|28713|gm1.9985_g,0
tr|F0WXA8|F0WXA8_9STRA,0
jgi|Lacbi2|481891|fgenesh1_pm.LG_3_#_891,0
jgi|Sphst1|54387|fgenesh1_pg.217_#_12,0
jgi|Colhig2|179|CH63R_00179T0,0
jgi|Cocvi1|18954|fgenesh1_pg.94_#_22,0
jgi|Batde5|27262|fgenesh1_pg.C_scaffold_12000211,0
jgi|Dicsq1|136845|fgenesh1_kg.15_#_154_#_isotig04355,0
XP_012200194.1,0
jgi|Wolco1|138374|estExt_fgenesh1_kg.C_7_t10090,0
jgi|Sebve1|12104|fgenesh1_pg.83_#_5,0
jgi|Cocvi1|105483|e_gw1.72.147.1,0
jgi|Hypsu1|47508|fgenesh1_kg.107_#_46_#_Locus1236v1rpkm104.05,0
jgi|Undpi1|9109|HiC_scaffold_26.g11567.m1,0
NFTN_EGTN_2967|0,0
jgi|Fomme1|16161|fgenesh1_kg.1_#_256_#_isotig05590,0
jgi|Cocsa1|289601|CE85042_53,0
jgi|Cocsa1|41470|fgenesh1_kg.18_#_138_#_Locus2217v1rpkm48.33,0
jgi|Sclci1|24370|gm1.5825_g,0
jgi|Melli2_B|2768092|fgenesh1_pg.1_#_229,0
NFTN_EGTN_4169|0,0
jgi|Sphst1|269752|gm1.31642_g,0
jgi|Cocmi1|95190|e_gw1.64.61.1,0
jgi|Aspni7|1146384|fgenesh1_kg.chr_602_#_109_#_1799_1_CATW_CATX_CATY_CATZ,0
jgi|Verda1|2108|VDAG_06280T0,0
jgi|Metro1|3664|MAA_09671T0,0
jgi|Botci1|12903|BC1T_09613,0
jgi|Altal1|1008274|fgenesh1_pg.9_#_122,0
jgi|Cocsa1|80541|e_gw1.2.1796.1,0
jgi|Venin1|14131|atg615.t1,0
jgi|Sclci1|1224358|fgenesh1_kg.246_#_18_#_Locus5996v2rpkm9.20,0
jgi|Botci1|11485|BC1T_08924,0
jgi|Lepmu1|6612|Lema_T115570.1,0
PGT21_003540-T1,0
jgi|Tulca1|19413|gm1.2968_g,0
PVIT_0017504.T1,0
jgi|Ectsil1|16936|rna1052,0
jgi|Wolco1|23474|fgenesh1_kg.2_#_736_#_isotig09109,0
jgi|Colhig2|13364|CH63R_12156T0,0
jgi|Hypsu1|38656|fgenesh1_kg.19_#_167_#_Locus10923v8rpkm0.09_PRE,0
jgi|Conpu1|85498|fgenesh1_kg.17_#_90_#_isotig05758,0
jgi|Hypsu1|36371|fgenesh1_kg.10_#_211_#_Locus9427v1rpkm4.87,0
jgi|Sclci1|849160|CE702545_3629,0
jgi|Colhig2|6091|CH63R_04883T0,0
jgi|Plicr1|478582|CE297307_318,0
jgi|Stehi1|107779|fgenesh1_pg.2_#_441,0
jgi|Hypsu1|132202|e_gw1.9.134.1,0
jgi|Fusox2|9617|FOXG_12450T0,0
jgi|Dacsp1|21278|fgenesh1_kg.5_#_245_#_isotig00156,0
jgi|Colhig2|10462|CH63R_09254T0,0
jgi|Sclci1|1220823|fgenesh1_kg.123_#_21_#_Locus11391v1rpkm3.58,0
jgi|Sebve1|15890|fgenesh1_pm.12_#_113,0
jgi|Plicr1|543894|CE362619_14621,0
jgi|Cocsa1|253948|CE49389_223,0
jgi|Fusox2|19213|FOXG_16677T0,0
jgi|Fusgr1|11932|FGSG_10316T0,0
XP_012202667.1,0
XP_008911700.1,0
jgi|Conpu1|58152|e_gw1.8.389.1,0
jgi|Aspni7|1202043|MIX1916_1_7,0
jgi|Lacam1|680784|fgenesh1_kg.134_#_10_#_Locus10949v1rpkm5.52,0
jgi|Dicsq1|129740|fgenesh1_pg.62_#_33,0
jgi|Phyca11|18953|fgenesh1_pg.PHYCAscaffold_42_#_55,0
jgi|Maggr1|113004|MGG_14301T0,0
jgi|Lepmu1|3848|Lema_T093610.1,0
jgi|Fusox2|5241|FOXG_09956T0,0
jgi|Fusox2|23248|FOXG_17509T0,0
jgi|Parbr1|6945|PABG_04900m.01,0
jgi|Fusgr1|12789|FGSG_10891T0,0
jgi|Lepmu1|1613|Lema_T076380.1,0
jgi|Dacsp1|53419|e_gw1.11.182.1,0
PVIT_0012813.T1,0
jgi|Altal1|1026605|fgenesh1_kg.42_#_10_#_Locus13873v2rpkm0.22,0
jgi|Hebcy2|440674|fgenesh1_kg.3_#_448_#_Locus20467v1rpkm0.54,0
jgi|Glotr1_1|117968|estExt_fgenesh1_pm.C_000150119,0
jgi|Phyca11|573405|estExt2_Genewise1.C_PHYCAscaffold_530176,0
jgi|Hebcy2|448582|fgenesh1_kg.31_#_21_#_Locus7619v1rpkm4.22,0
jgi|Physo3|518079|e_gw1.7.153.1,0
XP_008914859.1,0
jgi|Cocmi1|35187|fgenesh1_pm.36_#_72,0
jgi|Fusgr1|2586|FGSG_12106T0,0
jgi|Paxru1|832182|fgenesh1_kg.796_#_1_#_Locus3448v1rpkm47.95,0
jgi|Gymlu1|76419|fgenesh1_pm.56_#_37,0
jgi|Cormi1|7788|CCM_07807m.01,0
jgi|Hypsu1|71855|fgenesh1_pm.120_#_1,0
jgi|Gymlu1|174168|e_gw1.49.31.1,0
jgi|Paxru1|831858|fgenesh1_kg.725_#_2_#_Locus9051v1rpkm3.36,0
jgi|Venin1|23278|atg10171.t1,0
jgi|Batde5|25201|fgenesh1_pg.C_scaffold_6000430,0
jgi|Suilu1|797233|fgenesh1_kg.2_#_104_#_Locus9436v1rpkm4.30,0
XP_012209294.1,0
jgi|Physo3|288565|fgenesh1_kg.9_#_157_#_scaffold_9:2940953-2943899,0
jgi|Pismi1|73459|gw1.162.69.1,0
jgi|Suilu1|109454|fgenesh1_pg.383_#_1,0
XP_008897732.1,0
jgi|Colhig2|12113|CH63R_10905T0,0
jgi|Altal1|935362|e_gw1.10.601.1,0
PGT21_016916-T1,0
jgi|Stehi1|61093|e_gw1.10.843.1,0
jgi|Trave1|131837|e_gw1.11.1493.1,0
TDH71625.1,0
jgi|Lepmu1|2635|Lema_T079360.1,0
jgi|Sebve1|25209|gm1.6481_g,0
jgi|Stano2|10069|SNOG_03548.3,0
jgi|Conpu1|95112|estExt_Genewise1.C_1_t30246,0
jgi|Sclci1|12796|fgenesh1_pm.2_#_194,0
jgi|Gymlu1|222839|estExt_Genewise1Plus.C_17_t10237,0
jgi|Plicr1|357007|CE175732_778,0
jgi|Pilcr1|818931|fgenesh1_kg.00020_#_149_#_Locus11705v7rpkm0.26_PRE,0
jgi|Ectsil1|28526|rna15813,0
jgi|Colgr1|750|GLRG_11668T0,0
jgi|Cocsa1|37689|fgenesh1_kg.9_#_5_#_Locus34226v1rpkm1.90,0
jgi|Gymlu1|32636|fgenesh1_kg.1_#_319_#_Locus2286v1rpkm83.78,0
jgi|Gymlu1|244528|gm1.9738_g,0
jgi|Metro1|10945|MAA_00998T0,0
jgi|Pisti1|995765|fgenesh1_kg.9_#_363_#_Locus17698v2rpkm0.99,0
jgi|Fomme1|171588|estExt_Genemark1.C_200055,0
jgi|Dicsq1|109345|estExt_Genewise1Plus.C_320165,0
jgi|Phyca11|128001|e_gw1.73.72.1,0
jgi|Hypsu1|86525|estExt_fgenesh1_pm.C_240013,0
jgi|Plicr1|247694|CE66419_1754,0
jgi|Plicr1|25857|fgenesh1_pg.1_#_527,0
jgi|Undpi1|9542|HiC_scaffold_27.g11998.m1,0
jgi|Paxru1|831037|fgenesh1_kg.593_#_4_#_Locus13471v1rpkm1.34,0
tr|A0A090B8K9|A0A090B8K9_HYAAE,0
evm.model.pcontig_021.71,0
jgi|Tulca1|17876|gm1.1431_g,0
jgi|Plicr1|149099|estExt_Genewise1Plus.C_1_t20200,0
XP_008908466.1,0
jgi|Cormi1|6843|CCM_06862m.01,0
jgi|Dicsq1|161983|estExt_fgenesh1_pg.C_190051,0
jgi|Melli2_B|3421591|fgenesh1_kg.7_#_1116_#_TRINITY_GG_21797_c0_g1_i1,0
jgi|Phyinf1|17552|rna13405,0
jgi|Undpi1|1488|HiC_scaffold_11.g04878.m1,0
jgi|Colhig2|853|CH63R_00853T0,0
TDH69188.1,0
jgi|Conpu1|163581|estExt_Genemark1.C_3_t20325,0
jgi|Fusox2|21218|FOXG_17103T0,0
jgi|Ascra1|6497|ST47_g8207T0,0
jgi|Pilcr1|819279|fgenesh1_kg.00021_#_196_#_Locus7439v1rpkm21.28,0
NCU02331T0,0
jgi|Glotr1_1|32348|e_gw1.00001.1535.1,0
jgi|Plicr1|35300|fgenesh1_kg.2_#_146_#_Locus366v1rpkm517.62,0
jgi|Gymlu1|68042|fgenesh1_pm.3_#_512,0
evm.model.pcontig_013.350,0
jgi|Physo3|285354|fgenesh1_kg.3_#_130_#_159073,0
RQM18384.1,0
jgi|Lacam1|96976|e_gw1.58.177.1,0
PGT21_029199-T1,0
jgi|Hydpi2|99196|e_gw1.41.19.1,0
NCU10507T0,0
jgi|Undpi1|5253|HiC_scaffold_2.g00534.m1,0
jgi|Venin1|15557|atg2546.t1,0
jgi|Glotr1_1|97055|fgenesh1_pg.00021_#_42,0
jgi|Physo3|330296|gm1.9871_g,0
jgi|Colhig2|9979|CH63R_08771T0,0
PGT21_029315-T1,0
jgi|Tulca1|29599|gm1.13154_g,0
jgi|Sclci1|118117|e_gw1.34.44.1,0
PGT21_001452-T1,0
jgi|Pisti1|1008573|fgenesh1_kg.170_#_14_#_Locus1082v1rpkm168.81,0
jgi|Sphst1|274847|gm1.36737_g,0
jgi|Verda1|3277|VDAG_07759T0,0
APA06125.1,0
jgi|Stano2|1733|SNOG_07778.3,0
jgi|Hydpi2|172077|fgenesh1_pm.1_#_373,0
jgi|Fusox2|18594|FOXG_16196T0,0
jgi|Maggr1|119950|MGG_07810T0,0
jgi|Cormi1|321|CCM_00321m.01,0
jgi|Paxin1|130423|estExt_Genewise1.C_8_t20430,0
jgi|Amath1|6114|gm1.6114_g,0
evm.model.pcontig_029.124,0
jgi|Fusgr1|9690|FGSG_08554T0,0
jgi|Tulca1|34620|gm1.18175_g,0
jgi|Plicr1|269577|CE88302_1371,0
XP_012202765.1,0
jgi|Claok1|10298|g19830.t1,0
jgi|Venin1|18639|atg4744.t1,0
tr|H3H0M3|H3H0M3_PHYRM,0
jgi|Lacam1|11334|gm1.11334_g,0
jgi|Ectsil1|32402|rna13539,0
jgi|Venin1|18282|atg8687.t1,0
jgi|Cocsa1|357503|MIX16922_111_100,0
jgi|Cocsa1|184100|estExt_Genemark1.C_130425,0
jgi|Physo3|262301|Physo2.s_474250,0
jgi|Wolco1|28787|fgenesh1_kg.16_#_57_#_contig00385,0
tr|F0X2E7|F0X2E7_9STRA,0
jgi|Nemde1|13119|g10821.t1,0
jgi|Paxru1|784799|MIX22503_5471_97,0
jgi|Aspni7|1178550|gm1.9279_g,0
jgi|Altal1|1017963|fgenesh1_kg.5_#_195_#_Locus9256v5rpkm0.46,0
APA06741.1,0
evm.model.pcontig_057.58,0
jgi|Malgl1|600|MGL_0599,0
jgi|Altal1|714442|CE714441_25172,0
jgi|Mycgr3|103572|estExt_fgenesh1_kg.C_chr_30061,0
jgi|Altal1|1087100|MIX18998_75_37,0
PGT21_011019-T1,0
jgi|Amath1|62981|fgenesh1_kg.58_#_7_#_isotig18049,0
jgi|Colgr1|9907|GLRG_10506T0,0
jgi|Claok1|2366|g6520.t1,0
TDH71089.1,0
jgi|Venin1|22491|atg9478.t1,0
jgi|Paxru1|145762|e_gw1.390.13.1,0
jgi|Maggr1|110711|MGG_04348T0,0
jgi|Lacbi2|310136|Lacbi1.eu2.Lbscf0044g00140,0
jgi|Amamu1|158071|fgenesh1_kg.6_#_301_#_Locus8357v1rpkm20.09,0
jgi|Stehi1|152300|gm1.1230_g,0
jgi|Venin1|19656|atg5803.t1,0
jgi|Mycgr3|88698|fgenesh1_pg.C_chr_1000115,0
jgi|Trave1|72570|estExt_Genemark1.C_7_t10353,0
jgi|Cocsa1|125850|estExt_Genewise1.C_14_t30083,0
jgi|Fompi3|1022265|fgenesh1_kg.8_#_79_#_isotig06015,0
jgi|Gymlu1|36514|fgenesh1_kg.5_#_202_#_Locus822v2rpkm183.31,0
evm.model.pcontig_091.46,0
jgi|Trave1|141737|estExt_Genewise1.C_2_t40023,0
jgi|Batde5|90724|GP3.062830,0
jgi|Aspni7|1158531|estExt_fgenesh1_pm.C_chr_402_t20174,0
jgi|Amamu1|188224|fgenesh1_pm.115_#_7,0
jgi|Ascra1|5933|ST47_g7663T0,0
NFTN_EGTN_5756|0,0
jgi|Fompi3|126914|Fompi1.fgenesh1_pm.12_#_19,0
jgi|Venin1|20925|atg6146.t1,0
jgi|Maggr1|113352|MGG_04757T0,0
jgi|Sclci1|1207447|fgenesh1_kg.2_#_313_#_Locus1958v3rpkm47.17,0
jgi|Pisti1|616042|CE443149_338,0
jgi|Gymlu1|979872|MIX8102_311_58,0
jgi|Nemde1|1377|g2901.t1,0
jgi|Mycgr3|77890|estExt_Genewise1Plus.C_chr_130415,0
jgi|Sphst1|239587|gm1.1477_g,0
jgi|Fusox2|18492|FOXG_16128T0,0
jgi|Batde5|27250|fgenesh1_pg.C_scaffold_12000199,0
jgi|Pismi1|112670|e_gw1.162.89.1,0
jgi|Cocvi1|31993|gm1.10597_g,0
jgi|Fusox2|12683|FOXG_02504T0,0
