id,label
7eb6b7c2b3d878ee66ee9015681cea255f8ed423,0
141cc744040def5d8b795fac02c08ad938a18f66,1
1e5994454cb63f35d939e1c823290352eb2220ff,0
5167848b813e699d1fe16924894dec04a791056d,0
78b40d8e636eafeab4572ca073ba7c3065987ed9,0
9142c7e48965b003d9f7f490344d539fc774f555,0
0d5b8f54277902406d469461ac93baa700df15c3,0
2c74c8b264a19b08b0e00f2f0e7ec51ca69dc1a3,0
dc9a76320a5f3c12adbea48072a57d8e53819c3c,0
ead3344079c45d6a009a97c1e209f6ed6cb7e6ed,0
36cb066fd2ff08994a48b1661460c3fef68d02ca,0
638e6cb5bb06843e643c30048f3bbde6ed93a79b,0
c8f1899444e31f631f66774d11f2a10d20e11f60,0
77c9b1f03637d018587ab4a2d82d32f9953fbc96,0
7f62b9f956794819afb3b83e59359bdaea94ad80,1
775b99a3954bbf23a8272255da24245c49f73fd8,0
74974a18c3f87029fd65be4668b37566d02dd7db,0
8d7ec5d2aaad7a4f8e64b0c9b304361ebcf828b4,0
54e2e86d64d9ccac6b9fc96652b3a5c066472c03,0
0df0261756fc460c21e84b4339a7fdeeb738f4ef,1
fc97961c144246c5f411add99e13f5ca4b3e4577,0
594e313e32038335c790602751a48ae7f5587dc6,0
cc48ba1563869063460b5899429a52e4714586fa,0
375a1988a1efc4a32a367f894484b8b2e7512f1f,0
265726772f5750143676253eec0193e866344214,0
705ef5d107ec00285febe11509c9f6ff18f4089a,0
b26f868292037f294d97f6fde54593e0f616d838,0
5217950a8272a1e7b1dd4cdd146c0c590f491f7e,0
f43bda5649c2fe55bf3d2c07b643cd7611cc881b,0
d894c05ae398fa0a4963b672786cdd13286e55b7,0
6c6a32652b3ac82af0a26bdbb93b5acea2f531d2,0
4026d8c2df9e0889685afebc3552566882fbef9f,0
ab6bcb90e43bb8d85983be311e4e2f4dcb727a06,0
89b3abbdb3be10ab0985119b7a2b4d0b36775e14,0
921a3b814bc1e2526d5afe99af6dc34291b952b2,0
82525365e78d98e1453da20fba7d2a7edd253e9f,0
ac3c08e574b3698ac5ea766e6dd7bd74e76888f4,0
e78e7a4232fff4728e2dbc2602057229941f2e8d,0
c59abfd5268bc6ca68eb2b051761bda073299ffd,0
7f0ef85ac19db5a9d4db7e14c793702939c43601,1
b7dcfc86717ed2f554c0177a8c32b81e60b7bf2a,0
5cc1d576fbd59619a4236c121e65e77eab86ef17,0
587be7ea8aa3d69e08616caf1cf716e396326f4b,0
64878ef1e41128017d797a7db6e2e182957399a6,0
67ee4edd78fca8b7661b818c0e1fb872488914ea,0
fe53cd1fed55f213394e1f4dbac24153c4a17379,0
4e30fcb6aefe08f8d2659b639e6d7855c2b59d3f,0
5b422cd82a1cbc63ecb7e437a84662f2932a3c2d,0
d62ca9fbc7c291b67cf3c4a79e0cfbed63d8e112,0
2fd690ecde971a109a1fbb8c2a268776f1ffde85,0
70646a0e65bf005c34673d3505171b49206c7b5d,0
9c8e3ff236e905683f1a797226bcc4a86535875d,0
31698657415257c919d44826e77958dd5ed8fa48,1
eeeaad3d5b4bb2eac73b77b39fd561d90fac4057,0
80f04a6c2b581e06a505beb1a757f8b1d54aecb5,0
bb0fee3e645c6ce75b8e3c05af1ac22d319e3895,0
a9af51d9a2e1370c582eeee65e0e5b3212e8332f,0
725b9f260f2bb597cc59259917cdf2d320f50499,0
a2dcfe306706ab306be405427eab30bba8d9c0a6,0
0cfa75bf4abb55b6e3365c96e4def2937dcef621,0
107a92923a5574f1644ecb2fec4eeb831a11fde5,0
bd697db842e33a9aba765c811f1b092eb8cbd3ca,0
da83d4a35afc7fd5e6e01488c1cd6bedb4d399cc,0
250926231f44933a56effa53941ee7005735909e,0
6d98615442cdca1ece0e0d42361d5f54faca0b5f,0
72551e561ee41f4a6895fe7e61b880a78fd42788,0
37b1c006dd82fcb89f9b5438f53396cfa4649cd8,0
6bb81dcf64c2bf5347684745d4a35e5da35ca4e8,0
9d4f4143cca17419c491d34899e7a9cc3dbc94ac,0
9ef5812453e43a5c96387be5b5792fca76cc33b7,0
6a958179a5842ec1b3d5cd6b6132b209044b08ae,0
afc70c16fbd3a878e6093042bcc22e6b2b4ecb28,0
bec8245a6fb8d4f89de62b98097fc63301b84acb,0
e8be798073a9f1e69117a943694074a0e33e97c7,0
8df974338e31a6d8e6b125797428dbed8754a052,0
026c32c6911bef4b00af56ac4b49aaaf1a7d705a,0
c939c70075f07a169c79ad94bd53216d1ec37289,0
f93027fbf41648d73d03c6bbaab90eed7f5601f3,0
7f3e3635bacd0ed8ded86915efda3e7d183eed69,0
df2d066a69d70b9f5a46df6c49784fd37d3d6a68,1
8832be12b00975c959ea2a845197e8488b196dec,0
72d895e8ffbc398e3307d72b8e8e94cedec72a91,0
aa25cff8bac851566bc334085ab2cb79695a1f1f,0
4dfb0b4fa72f37bba6454516951dee559d030c08,0
67cd7ac86adbbf73e4d24162ad509ce5affbff0e,0
1b8d81085cc52f668cc703d2b013206454bffff2,0
95e2afbf1ae7ea372bae180b9c679ea48eb2f184,1
75128f8805d4e323d7eeb88fe77db649c4fd919e,0
9b00d242776b829c6a34b4d9a272c24257aa9cd3,0
5735b4e7809d80327e731b8fc5c9eeefa304d0e1,0
8848f40b720073ec27ce0ebe70352f4ee4671352,0
8c345d422a3f898ca3d3328ec7c2daf34960bb7d,0
83c19b99a7d490f24030b6cfe6d8347d4c9a3fc1,0
eea05ec3eab8ff2cf0145ba8070f2201802e28e4,0
0cfe837c8dcedbebd6f611bdb6c30dcc768f7bf3,1
352434610d8a2b07a25db0788886691e14c83aa6,1
ac8e1467bfdb065d8a4e2740941041540572faa8,0
1479d60c78d82eba910801d30fc52ccf729e871f,1
486ba2254a96680a5991c40b69958973507f1332,0
0dc43d99a9d4fe0a30e2796c82294829e3cb3054,0
85f402f4d8f169a516a6bc31708c3012b6fe828f,0
ecb9b8901e821535dab2da06355f41514c9951bf,0
ec3df88a3f3b5002fddbdae16bc36ff0f60bc2df,0
aef4b1f749578d8af690f003bc39c61afb8c6736,0
02aa1f6eab41ad232dbbaa78ab6ce9365ec26cab,0
16ef190676f111a80b92ed676d4173288025a2d1,0
270853d7333218ade9aec16aac4cbfb6772a6a16,0
fc43972d4d70c3498d7cbf72c126bc22492e2832,0
e5a5445697d5b0ff8b6610603b1c11d849381617,0
326bf1bc1438310b74fd8ce62069a07c478a67c7,0
244a5f6aa404fd73d500568ebd42dec2bece0bbd,0
a453ea1979fc4755677ce59764151ec6c4850918,0
1dc92b5c34baa70bf82ea8bd7bdeaa2b84edbdcd,0
dc2cfc57f2aa4fc17093bc6f0df78017a8fa9159,0
30506e6f3a4bdd79ca806f9e9e589d9561dceca9,0
cc9fb1bec8760edd0c7659f36cd76cb39982caf6,0
38b03fe732e6c1ced9b685e88814d9c948e9d2f8,0
45370ef9b81cd0aca1351c9afc603b2dc3725475,0
b11c5c6724a3bdb286ec2ca947f5625d00a892c1,0
5689e88e868ec4dce0a1761b691ac33bb1ab6d4b,0
451f8af7c98d430f29c27982909db4bcd87dafb5,0
b16f4b3cb39230b5781dd0e47d5b2bd5e5ab7b2e,0
b372f253f1120f2fd905d0ad209acf3737ee2efc,0
188e3dbe60b984def34ed62b1fef50c48371be4f,0
576dca3995757043734fc383af4a2cec586b06a4,0
25e39362c55a41da07b4827c75349e69a736348e,0
b922bac853616cef8502c294880cb0e626cfbcb5,0
55dbe511743641c1c7f25c175e0f8c541d883957,0
3b1b87ce314787eb6e77e766f7bfe714e153d3dd,0
e57fb14f5c29b08290db2640133598fb5a798985,0
b60aa278b7d121eb0c73865940a9f97e81364db9,0
e5ca697bc451885b0362320322ce5a153f73eebb,0
12dccde0eb8f72ba3c7002763b0312df23b91f42,1
3c7d37c9c66ef1926418f784dd0651b9317c74d9,0
085010bd08184a57eb0db9b67daf099a46239ba5,0
ce4229c536eebfa0f63ffe523848dc214ee7737e,0
52ab703862c3df26ecb4ee939fac26b768ef3c0c,0
a64597f7274afa07ae704586b313b67b7038d186,1
058ee0e66cd4f04e337cb4e3051504fa284aacbc,0
a4350e7c1c9c9e901b457866ecdd0cbf09a99a2a,1
8787a5336cf33c0a2875ac63cd098bb5b26ea9c1,0
94d758afa3c6cbf5fa7081427a42e2897b0d7be8,0
f937707925415a883a700c2b05041c0b113425a2,0
132f4242483ef3b0b9c96f375aff7cadf5e9a789,0
6476d6ba2f50ff3e275952cc33edb12a9f84a260,0
5947413cc56f1f9096f1205246883ac31ff171ca,0
61663502edc6ff01caadcba55ec13786065a7b48,0
fd9119629148cb826ed43aeaf0555796b7e6976b,0
d1e779e289955456ab438464645f21ae6149697a,0
efdbeb6cf9a52c71646d53a31561bef6bde1e9a8,0
ad9e751f425becfaa93990e222c46531861dbfa6,0
0a566de850370ca0d692370dd28d53ba3f180d3c,0
ae65c3bd158e42c8e1238add961cea5e73f626e5,0
3198460f99083ed2f6fa5377fcfdf4f5841695f6,0
20a2e788fb6a5451bdeff9af24dbfe216dbdcb7c,0
6b35ebeceb3d2facb95ae850413a09743e0e318a,0
655cab72316f91c9f34cab43f72b3efbf02eb265,0
90b65e120cc02890024bc0ce8dc03ac6741d7328,0
9a5a2ab401ea5e3b456c42c4ee5bf4d7114a6cf9,0
6741ae1d0dfa327680f40d4e8894de44bc80bfc2,0
5eb6000810a48f26aa42a59a0ad1118e267884c7,0
9ca16493bfe465781669ddd6512cd1d450190b99,0
71ca298bde3de201c46925de4bf11bd9cd16c1cf,0
8e442fcabde2f2e630300883075eac7d7cca7d19,0
a2910dfdc7d5e175ed37db48e397d8e265ffd78d,0
83264169d7a5f7868dd360a74de56e3bb0dbc357,0
84451328ffee2357fba55b7ceb9cf677ccf84b24,0
a1422de5fed70fe53bf3c5126edb6c69b70dafc9,0
18477762d125ede8e6020ada5edb10e2db43530f,0
c87476621aef1acc90a9fe58c16ea7fa19f427c2,0
7a853ceec4917b0674611cc33ccda3ab1b0fcb85,0
77cd4a0294c7143241aac20dacf83f87f1a70bad,0
5ea45b54700f560f282f3fd21cc5e94dc91eddf4,0
8bc6d6d3071af1b7b3f35476953dbdb9b9bc4f5e,0
0f79d40f98c5af3becf07a5cc7f1b06e1398589c,1
bba31b007c1e08b4e65785d231b19c8b1c02ffc1,0
2d0a25f92c985644569fe92b34a8b0b8df04bd83,0
cd62bcbc117ddc767984360aa138f4647cb71e58,0
04521616f410442f55c33d95ea3d96bd02bce2de,0
e8230dda499ce3f535b72ec0188038eb1e715bd7,1
1b4f6f8f4d7e936b0e94cd7836ac5ca273582069,0
53f1c5c85da6a5f7be2a3f7a8d9d0d0662cfecf9,0
6c27c0a70ea7c34a917031ad1cbf107e736f23dc,0
2f90281b836f1b90e01c3f7769c407570a647448,0
5d26b594aff2677ec2e222c46fb86602cdc46af8,0
43bdeead2d693e444266a9af05f90f2589ffa7e5,0
d2fbccf372c98c6e5c29709c263307678d4d614f,0
e45fdea6947190ecba33d44649b1dad1e6455328,0
2a2b1e5f10f33de78dc870ec599a51c77ebdfab0,0
0105b13b5eee78180f8420eb1f741fb9d9ba61a0,0
a346d7fabeea0f4a2bdbb48be642cb4709669ec7,0
09248edf143782caf90a99b77dfd99064bf77578,0
3c7319729ecf0c824710040fe1d4b678aa54f5c7,0
0a16c6db00f154d4e2b79202eb09174e73c8ce45,0
0ea6d440159b5238feba411bfef0037d6fcc2c40,0
04d981ce74b2227d334826b8aa1e33614f8b7101,0
396595eec310edc7d2c5e59a91ed9bbe7f9acaba,0
dff88cf157d5308824bf0c1745ad1f4f11407801,0
1dac6173eb8d941ac344285011817234dd01242f,0
35c8fa506b995330e230c885c7cad436c901dd4d,0
df059442ad8b0fe9ee558be1c0928c8b34ed0ced,0
d6315a45d4e761de6289f45205b4a064c4354845,0
1fd781d0a663a0804514419f00c9a97245bcb850,0
4ec15d39a6f1b44ecdd58e6eb574595f07e93e14,0
62a9bda74f283b326bd30a9d79b6367b716de57d,0
4a8e2b6636f4fa1caf5b77840fbe55ab4f57e733,0
74f79ecc0c68a77efacde9421e3693807d9e4845,0
4adbc0e70fc92ccc6755bcc80eaa6b386ea1bf7d,0
0c0a8017a6583b78c12cbf2e35d49815cfd3b4b1,0
95a021ed8f733e4fa5d0f35f3b6b36687db8117e,1
c92da161db108f2158ffd0a3b01c564982bea464,0
e952fbdb26d847e597bb70f8febc0b7876d99f7c,0
ae0999449360ef954d512af6b6187caaaf1241b9,0
22779b0d17afba9b78a92eb33eab3c3076222416,0
35f795cfd19f7f9ddbc191bd70467d56b40424c9,0
edb4431441d50ddb7ad984c305edaa0b24936fb8,0
a08248298889780e51c10f3192a53c019fb524cb,0
e42c7287476ecf148a241d42688700cd29b5324a,0
caa54311e477368a68bdba25362ddd67c1894872,0
7aff68b5bfee5d8e31c34e383696950df632a335,0
1b7bfbf558c16b0843b09531968c0002b1663714,0
7391b3286d5ca3855ac29ef01f8650b91f55561f,0
5e6dbff816d1365ea21640346e38116bfc647e5a,0
8e9b85310fca28999d5249ad3c984762b89ab8d9,0
04f2b48565021f288b159860c5581f1623c10e56,0
50ac9168380f5ba9db525abf261a5a4c7ae88400,1
f9f91ce5e6e00b6cfde0ab05029675ec922fbe61,0
2eb837a1c43b99940c87de105db250af01fa8a16,0
a1ee0ec2de8676c001594ae5474f69de03063969,0
19ab6595f7e06e5e814a0cd7b3f1fe0698a391b3,0
61f8d0287c37cf479a1385869ff5712bbbd3fbb2,0
b171fa0e44ca3c8b03bbcb807f57aa59d81f1380,0
49db2f726ff0ef26f4d3a9d422c389ccf1ffa234,0
ed91522f6cc0eca2c97c86f164b3465d78dab5a7,0
30288ed03bd93874c0349fc8fa13122771d1b114,0
94e2dbf7150c5e971ecf0228e6b19285eed88c1f,1
6f6d1193baaa5e971d6f40bd9b5c8fcff633de9a,0
11e58604ffb773444ac2c2004b59c5cbc99a873b,0
a7ea4bb4d2b1b0bd85a8dc951fd6dea6d457c3c6,0
2a617d4c51da2527f39390f9a96b2d83b5625a9b,0
10bedc93a8564f2bc803f2b9eb6827b190a570eb,0
fc697c1e41a912b09bff8a6cc13791abaca706a0,0
b7018bbd8fce44790c6a370e63266ad9804f2c92,0
00cc8d9d4568df6126d429f00dd60d649802ac87,0
4f4239a34c9468e8716dc7d1bff1eb40a1d53c66,0
88df85352bad853b93774d037515e8c55fdac547,0
54aa1d718d1aa7da2f9e9852382459dafeb19a2a,0
1c6a212ede270d11e42a9dd27f61d71d60302be9,1
db3214f57c6cd2d3bfcb0211ac71d6b3b0888553,0
b5296b3472e5acbd106d87d6864b326eec7f1e74,1
95becde21fda6c726a2e3cd6b86efcfff9b07f35,0
d52ae3add636eb08fd0c16102c321bee6a730f38,0
766eb6166b394a77e240399eedd3815c927e48b6,0
8f70f6f340d7e0934488c8e1712ac622d756e619,1
575bf6b9a80119a7d8cd0b612c0f3a332209b1ac,0
3fac11b055137b6f6fd31d13c298b33cca360cc5,0
29b4b041dfe9e9beeeef54db98cf2360fd7bb7ca,0
24e3c1581d13707c9aea863ca1655a1b1a1ca671,0
4325b6ff1e319b5cf49a6f800aaca6a04f24efb5,0
699c97b06de395c817a6abb3266cb83a2da9434e,0
0cb67e4dd556f650da31b75b179e13ffcc17f003,0
b458c5aa976719feb0115408528bc9e5d5399f8e,0
ca9df36c2f65048826635f45cca0bbc4e11581d0,0
3eabbae0aa4d8c02617ae53c8a5639b92aec474d,0
66190d27b33b356137271ba8857db244795298d7,0
d19c7a4841461cc7b041b18ad8a7eb1b2b508123,0
2ea161a634a18c9a8180a040d31a989cd41a222c,0
ae1a6685b8ebef8b75fdcaffd965442a0d164244,0
17ebe44b3bd9f7229bd2534045f776d2ab1314ed,0
ced10bf802f692a767da460606c3cd01c13977ae,0
5e7525b78bc019b16e92bdae1b3f47413d3a5975,0
78f7483a0eb20897caeb0ecf643e75be7eb8ea0b,0
997197f074572e4649cd9534f10ee214d8edae8f,0
cdb5f5487102d5560de794572004ec5533060c65,0
1edf4eac156f1f389b87dc68843caae485ef08d0,0
8cac8e15abb801acb554fc333fbe47bc32f7a471,0
5232d0bfc6a716cbd86f48f132cb44d490cf5ec6,0
4a86916c9816ea949fe7bff4924f32c1b296adbf,0
cfa7ef25452512bf6b6befc6703a6e28e84cb099,0
f2723ddb62bb81d8c9f668afb5cc5dde32948ba6,0
27289529fd72db676ccfe5efe9ea9b000ee991da,0
a1c278991374513b626527f8f15e275736ea7376,1
067e8ac8ff5a755e90dfa4b6a0d33b24dfa9826c,0
f34cf5bb80028b10ba0ae2906f3830cbdf185630,0
5182b10ace65298c82cebd58ba201f2f49a6a1ef,0
82d144faccc01df9abcfbec2534bb94fb3f97e58,0
7864d079ce2f22b545adc5cbf06c53f3fdf5ed2f,0
5302885eba57a24add33387eddeb16bb81e2bdec,0
0a70f75dfad1faf55969da5c6ea6afeb6c679a2c,1
10fae0e92d40aefd729b0d906058c3c073615e50,0
66e1e8d22e566ca9a38d5c1ef654b29efd65d925,0
a3b4945673223c9f85b105025c679c02dec91c87,0
b1d5dbfdc1434fdf9b79bf2ac9f4d2f175db1405,0
06d11c9985f1b324477bdc0987cc03ed9e4d20e7,0
15a71fa5c98d9e5e353abcfee4b0103ec03e309c,0
2664463df1a356e16a8286c5c968a7cddb02a423,0
1e043dd0e8570c8b2ee61ac7920cf092336cf80c,0
f7f60d506e1c880756d7e13ac2b07a6728c81fa7,0
631cfc4d8ad67caca61d00c11977b2798797d846,0
acae57a34739468a09e0188e178d78c38589893c,0
141c3eec54ca56a55844369081aaaf3d5e52e400,0
a2e6d3a2ed51b0528b70854614c21f92b1f8545b,0
b2b2eb755eb757ff906cfe12f4a22d1712a77a53,0
c5d9b4043cca46be6d3ac74e2266cebf0616f257,0
e3661a879399a61cc8f58b7ba07e2cef3a1e3bf7,0
13fc67f3445900ea3b67c966530235d055987803,0
b7e41724ea1dc80791099721ea283abcf817d4d5,0
7039d14ae595352929f8332aee9b0d4a6482a1d1,1
1bd1183fdf61c4dbe744da1a372214a7d59bc05f,0
5f5f40279ebcf246bd023e64ca82d300ee05c138,0
55cea7f30d5aac01c7cc5d26bfae26cfb5682646,0
dd25ad41b990b89416dfe8ac28d790ee93bb236a,0
f53bbdab3df37f0f40643175406b53c22616916f,1
d6a2a6a0f4dec4cd1de15652117958c0bebd1cc0,0
aa688334734a411c3160de0a194401d328686ba0,0
4b4ae2594de04f88100f256dc46308214d693716,0
03aa3e6f07e61c273af55ab1c4dd448165808141,0
84be93027d1c744a1b6db3e5843958af12aecf83,0
82fdf6613342f071b9312e90094173138c66d40b,0
a7529b76c0a0dcb6965f063fcd46ec1634756aca,0
7c0a4225a112f52fa7d931c67a1b2a236586aac9,1
0326cd474efee2fed62ddd7c36bf60290116af61,0
2b21d724065938b25923d81c706f347d51e67bb9,0
4149604011e9e60a348e24bf3b394d08f8e7843d,0
3d31a56cf61dbdff5529c87a0255938a6c4a7331,0
d7b5b3cfef1765bfa928b16e0420a07c2f91fff2,0
94ac2822bcfaac59a0a72365e6c561027e1720e1,0
22df4e39fa0476dcc40defc2ca61847655da7e3a,0
e796210875b4e5a068835b8e345d5d095bf3f94e,0
bdc19947ae077a0822e1d17a8e1d04c687e43f87,0
7669435786b98aced648dbc34a1f842225118501,0
34fe26c10442891a4f1108cedec7e8bf60f6939a,0
8bed238ad0420826a78ab2e53b86ea86fa8d85e6,0
c85fe457a22cf7bbcd39beff623fe0bf843b270e,0
4ed22e13291a1c06860408f5537e1f9e31a3320f,0
911d90627fc9e30994fffdcbdc86590eee5fc9a8,0
5d544d43238001a0807000b6e578b5641f84118d,0
2b75b0147fe3d06d65637da401e188965935b243,0
65389cef1ea23e6b0542e5ee308d195bcd6524a6,0
8759c15460a27e01b609b95253350ab689a4395f,0
0e08229291ba54e35aced08a86c0e3c239b654f8,0
3bfbbe6aeeb47727192184583c59c375745fc1e2,1
78a1e19411fbf7c8a2d617b3233705b49aed7085,0
a56046f4c7b9203d1945b7941bb16941036ab5f2,0
f50d751cf86ff874ba02d8b31c789df113a134ba,0
42514d3633bf1cdf608479f2e3e7dd51844ca8b4,0
c2db43ae51ce825ca40ec5aeefb51bf720417962,0
72e282bd1a04b32afd054b168fe55535c19b996f,0
5017255d447e26a5f7bd6b55073d72202da5cb14,0
8e0e879f67904439b1fbb2231937511cd613cf8b,0
977f84d92a25765959e81a16e0aa4b621aabbd29,1
f496b6905a01feba45edf4ff0fb4d83a0769c03b,0
417215f5573289a78b27790ed01f17107b86d59a,0
bfeea0967ab3b9dbb51f00e57f14d794a305cb82,0
b7f958ac89fce29f874d5c4d2757cc5707316f8d,0
268bd9c6925edde2411efeefbb35fff200d93c72,1
7632be6955226eb17068aa1dec79b0722129c25e,0
60ff32dc32cbdb01bc0c44b5d7f2fce44a24cdf9,0
5108a7ef28f128308911dc8a26e44184b43e3b3d,0
62bab4641b024b72740efef5ae10b68d47c62333,0
ecf870e53aeab9ee1731e5c5d60ce98aa9d8d833,0
3e37f435bb87ff8e5452fdadedd4ab8fa7a391e4,0
5fc1eceeb2ab3c725c7b93f93ec708e9e4fb1c27,0
cf995ad5d4cbd8e5d490bcf29e6478c9c8a0e217,0
a6a41d3fd9fd92c553132112b06544bd0ba56dfc,0
9ace0cb4f44ff3a2067b3ca1d2b5e24f703b4110,0
0a544fd0ae6f3aab14c3d43fca5ef7e9533a3ac5,0
89b44a89894173a94c109c64965e0a3be58717af,0
cc516b63edd05be4a94c43027a0362a9ef7f70a2,0
55ab623600c84521c9759130c63d0ff141d1431f,0
f3d4d32e7bd2dd83cb78b8b5f5a9e99a708a9b2d,0
67cb8b8c3f080507fe6043634590414ec96dd78e,0
4a3ecc86729124f6588b9618b05161890b91bb38,0
64ac258bf7ce5dde136ad1c729064e25a66cc9a8,0
608ab2076c9ab9fa3c1e329b945fd91c1cf493a5,0
4d17353f3a680cbcae0690f467e69d6cc2983922,0
bff6ab853b7d2c2684c9deba7a24657c2d9622f0,0
d12927ebfde219de6e8792c436e9fbf8252e5c26,0
702489574c627556340ee999a5d37895024e1919,0
b1d6976f155e039c547350b039b1a036c50fb1e3,0
64bce84ddbcb2eebc02bf532ca371bed93b65a16,0
b277d5c74d85a092598f2dc262be91c3dc422b8b,0
7dc86e014a5402a3b6e39314eea42134ad9e89dc,0
8ac85698b69099f15b753262496cb843710daf8a,0
9591094f80da3f4a18e6b472dbcb5ebd58193fa8,0
a393fc9ccd824a8b5de9e85adb314046fa6534c3,0
f8845d5cf3131053529059dbf4eac45719c3b2c2,0
8d6046775abdd91fe4e92eb61b0a655ad3d75c65,0
6d6dbbebfd4dd8a0c573bba032a065c1cfc1abc8,0
dfd47b6c60851506fed07495f9e7289224b77c57,0
1539dfc3e046235830f28bc638fbd9a9058f6882,0
530645bdb9072c6d1bf32f8d7ed528e844b66f89,0
e5ad0eff6044aefc900dc505147202cd857457dc,0
e455e58dc90ec8ad2d583a37dc03a202d2f63dc7,0
17b4f29580e6c90353a47fec2a92f8aa0ab6a940,1
e2299da0dbccb7c93ffc5eb5ad2478b4584d9ac3,0
80690f60f873c80f726df6161f7c00223e730b07,0
e0b20c19865c580810e67371d6a637d7c2b73aaf,0
5d01f1be2bcaab4fb22eb98135e4eae157c3218d,0
c7453e8ea8bca1b366a54fd191de75992ee8643d,1
e12ed40edbfa7a82c21fe4996d0f83195c14512d,0
13792eaa74497764652fb8af6d35f4f7b894bd06,0
393be8b9c642d77452e63a26e227764a368a2e6a,0
5e251f75ddbda48e07bb0643f1288e9976b1b2c6,0
f867b31b3ee9b4fee3b038c8b484629d99953cce,0
8e3ce4758aed395c063f38f4dc07578469862038,0
de0b1549ebe89aac9560867e87f3f709e0d78971,0
bb2aba371dbeb4e7a180bb440295fd52af7ce9ca,0
29280015b459ca2ea6e7ee51d2797092931f5511,0
070a993442f9f620f2fb69ecc32c5b9713863840,0
5a8299fd0cee6accc0c22abb9e6fff5f030e0968,0
226060e26dd68f2a5c07cb65317f20e94bb8d7d9,0
3334878280239fb2b2dac3ffd443e50368c8af61,0
b1bbc7aaaa12bd3db9a9b6eb7f5120e6ffe3cf0e,0
22c4e8541287c7cfb050e10a3052592cc4c9cbe3,0
eb25a88ff710300304b10e59c697e32e435543c9,0
693bc83e038470f387a749a8f9d240a2a513fc05,0
56e6bd0cf5db6cc8e1c0faaa4be32f575c799434,0
945acbafce5427b9955399716c170ff4d6ae1de6,1
ca0c782080dfe8d522bb0eff26abc0fb051cf811,0
961a07b5667c57f2c1825a990efb9e72d0018fc8,0
c1facf3e3c832f4e27665d56cea9ea2555a7baf5,0
2d5365468135bb35ea49cc6ecc0ea09e37b15a0e,0
2af9b76a2231a9a0613f3cfccc9550ea45a083be,0
b25109d51cd506cbf9a2129c4f0c52599a83687c,0
dbdc8eb5afa62148ef59c550abca1d4cf8417c5c,0
bffb85f88ae42ce3266b4608ca99919251036425,0
46fbbcf04d64317bdf4625a0e9b9a3f3572cf9ef,0
93a1c347663c120ff312c8ab85c674c4981d803f,0
03b3dd448ebe505ab6fb4dfe12fa5bbf0fdc654f,0
a418616a3822e3ddf34d7437f38b4ca9ba7dcbb1,0
add0bcb4bbde55f897acd5f2cc538ee56f5b648c,0
38dd8a81d0a2e1e8d59b23ff13a92feada0768b0,0
c3ce6ba7284071e84f7d308c292c34873ce22161,0
8c9c06b5bf0461133e210a06efea0b9a9b0d0b04,0
72d09d53366e3227d409fcc55f4322329c2124a2,1
0cc9c54f4aac27c84bf4fb3fb853b458def62d38,0
b1fbdc10057ce4ed3cd8c108e22d706c7acd74e6,0
02edd72eae557a60936bf46a6b392bd73d73b2c9,0
f01b8e55640ee70a152a299f8b835de7095124d1,0
24df286d468fce4e3f58137bd0bf10c96875cf14,0
ba95a3fe9e7913ae0aa21ae1c064eeb5ea105165,0
71a5dae8e3886c0adff229af933c107159428854,0
3b2f00f5e8cd8bdfb0e4884535709cddba5a6d14,0
7dbb9577641e5bf4778174db25b8d7df87172fcf,0
8545aa29b0c8c7b4e5cb5b38b6723e818ecd3b6a,0
1df6e682e6f782918987952da1194c910ba9a244,0
abcdd371b0a9cc87a46673cba1ccc1fab50525c4,0
cb84aaa3d89c91704699463fb0f3676ebac85877,0
4777bebef2c36ec0ac87bd207c4ee08297a85e20,0
41fd20b769f64c1f15d60bcf62eb274309252366,0
e4940b9a0d46ed371de6549dfde24fd0b21eb31f,0
e08d7e421bb58468e7affe2cd8302c01fb10e9d2,0
965fc74fe9a3e8d15b06f80da9d318a8d2a5b9de,1
ba08fba0e8f60fc98695ea7d592d201324e5032a,0
5154c53dd2da208f092cef963c3397b158931fea,0
6e63397d4dd2e0d38132cf4386f7eeb9c9f89bdf,0
9fdf3edab5b0a88c0f41fbe9d0bc45e16fbfcc5f,0
0887a554da0da299ef86928b7da330769e66d1de,0
2119d4ba6f0113df18c6a2224f64ec1a11fb62eb,0
6b3db151b7dc54d46ee86e06489178b31c9c3bcc,0
36131ae30171a8394e8a7935c54822e4cded4fd8,0
30b17f3a0173dc77ea4a3d59c527a2e4574caccf,0
8346629929f2e6214c03c908d0bd301509f7717c,0
8403ddde9d6d46cec2e0b336eca29365cba4fab9,0
0e3f5a050987b12966694ee401f7e353c3606bc4,0
6dcfcc5e88e3b5270ab0e9ca4b9ddffa3b9927fa,1
fb76fd26dfafcbd56bfc5f14cb680705c0b15c69,0
f7869e0c3c90c598f550f0f1cc2895ca1342ac0f,0
fdfa778f62bb7de1e9810c8a1c617630e252ed85,0
1cef4a9188d7b61282e34e1f06388abeee86d881,1
de50cf171d82719e4d8920cbef81b264045e08cf,0
13ccf207e914693a10d2ff5228875deb7dbc8a4b,1
ff92b400b5c4ec800a441d8611d4292121e8553d,0
669153b952c4b60114bdb10ee35075321f68ee0d,0
865cf5526bc44b027d72a2e35801c2e206f99bbf,0
45a6c54764ad806a3ba1095365c829cf5d8c3788,0
b11916b53f92de5093dc07bdfe32689a3d5bdfa6,0
22297db56f36a97290af266f1ff39c2007ab43fe,0
28402f7b8a27999d221faaefe7b13aea3627d42e,0
06b7e89cee3d667b577f1de3cb8c4796279287f7,0
844c5ccce3b1f3461f67c7b0d7db5165a77e6df7,0
bb59c0e3979cbc9da11bff4b66f0777bf38dfe14,0
b13e8a210564978ac2ea77349e855ba575e5de76,0
dbd6666d3954343f929ded04f3b28e94cbf84dac,0
74673a7dd2a402f6c39eecdacf7ac71547c90f19,0
6ae0353a1b86867714eda0c1e5d2901c00c581a0,0
7951c5cdd67a05b9f3d00d22d35f00932e87df82,0
3169cdc220618fd2f51d0aecd4ae9cbfb893baed,0
164a1e72070f74066ffd61188cb21aafa22509b7,0
9ec255ec068f4cee8f6a225edb8af2e0c1058edb,0
6fa2c0dfb81b1bceb4244c4a1e384689eb8122d3,1
19d38df524f0583191e3f867057c9b74dc099e3d,0
3fde909cea6a696c991c435c057ad9ac25d28657,0
6b800f17a71d4f9d759a86a85bd3c5b5be148392,0
544c10839695cbcb765d8fd2d9e9590d5b391504,0
c6ab0fbfec6374644f247cc7106a460e8af2b882,0
96c64de86f2b9138a89d0eb29153a61d32337fed,1
d62aaed4d0e417191b7547d29b913bd5ace2f294,0
4791e103f5620efc0d909d2dd185cddf2f8e8b75,0
734151347b0461536e85e00ff26a370aa76fc7e2,0
8b38e03886f3409851f03ae00fb2082481773886,0
4326be182a69ae9644aad7ad55910c25e7b584e9,0
66803170b96c473cce30a40b2224e48a1211f434,0
c45df9a541f4a97a691d2a0a366e0e593e49c96c,0
3004c2393a8c93ae55e401d59cfed54eacc90a77,0
132e10ec4c27fdf7d5e97b8bb372dde9f403d412,1
732124d64a4227b9ffb9ee9efa1ffec6a3fe575f,0
644acd3e831a945e19b5f62ff7a16ec4b08f355b,0
2fa168981cd57bfb34836c98c451fe68604e7c3a,0
b5b1c908c071dc9ced68dac2b589aac58b8a6a0e,0
3cd860f6991517bda25a48849e825f09d0a4a6a1,0
79b5a2816e05aba3fda7d94ef26b7bbe59c22484,0
5f5a5d668685b12e420ff9ecd69a2ca83c5eb9b3,0
4aa74683d2d4c4e6d743fdc1c8cf82fc2409b721,1
2a9dcc7b46e64e1ae019f93b6bfd81b9466283ad,0
dd9f2195a5db0854c662b600f8013452729c2239,0
a3997843a9784d215012264cc390d0d615bc6cde,0
56747c263715ce263c300e50700edfe77ef2bad3,0
882645265ced6374f227470707096553cea4f44f,0
8b7e5f96feaa6ddc50c8f09655c5a5d5bf00068d,0
fc17f7debfae7f0d90a57b67967a1b0d8d5ae836,0
a010b79b03fa7bd29ede67d3b54a2feb6cdd4c5d,0
494dbc54862ecb628bdeada8e08ce7c39214f551,0
f191d4cd35ed114f086b439a0e92589f420ab1c0,0
39ac0673e4ddd519f0d646395568861ee1b1642f,0
c9df0496ffbcba00b3c579bb180fb17323e897a4,0
2ace344421fef8b23a57840bb83d0d61f3372e25,0
91b0577e8da37d24372529055a25650eb1fb4e69,0
ba3d29f17869af33163bcd6b5ecf7367322a0e88,0
2da93436f37013bd7aa672069384a9131ce040af,0
1a286ebdd432e3d7a1ce5155c04751439336593c,0
35880e251e56ad223179f3a3f451615661075220,0
daf42a30dfaab22f59c2207ce4e42837adbbe0e7,0
61e889433fe70a22ecac8135f20d522d65473fdf,0
47a952ae3dfbe56f5cf277a27b1a657a4f2cbdb2,0
9d5fabd0750ed63434b3378af8a914760044616a,0
194056f0a74f5c71301956e9b62be0615f7a1462,0
3a4304edcc23a46858789ea768fbac5887ab3579,0
0d5dee025c6a5c010ebf0314655cabf07a6a1e87,0
c7dc5ec705c06419762155dd6be638ddda56a565,0
8dfbd92ed3921b542391af542e1884be33dfddbd,0
a735817d14b3c3ebdda864e2e2d1cf6f908a3dba,0
a59aa153555b32e31180538c597041dfd5ca1f3c,0
e48770168b6bcabb286f2530fa19801baadffc05,0
b18b674923d129e8ce0b3848b865e0dbbfc35c2c,0
400e7f92d62044e3b73d90ac7857f13a0b91aa1f,0
9356e19f99adaf5f44fbe47bdbccc17c0f1e6a26,0
cfa940c0141f5507d7a5138b42bbfeaed13641ba,0
7a75eedb5158c71b3ec235342b46442784377d6f,0
4d643406f281ca1f4dd62e6bdb22164a6c1f0e71,0
cab2d58c2a95b5bd5d4d604b408a1bdfaaeab96f,0
417332dc31a957b80e5c8906edf64c72b264791b,0
fd7128b1bc11da815a95aa8eb8ef21d60da7783e,0
351c424324299c62e278c66d6b92e7a152144dbc,0
b6c9c0e88f1193263bb040aca4fb5b03385d5086,0
89747e28b2edbc9655730f2c0d1b1b559fc5cbf9,0
8ceaaa1999c758b53239c24c1817cb459b40e77b,0
d5468bf18396b67eec4cf8e925613a47d3fdf632,0
0464dd22d7c5390c3482a8bc63e57277bf46d88f,0
c315c69550454c4af5a38acc7c8ec75bc1ae3a25,0
c1f0dde6565bb66143439f399356af90a046995a,0
d6ef2762dc232f68e6515e29fa0cbf432263401f,0
aebb4ef504edec68ab49d86bfe3e78d831707d7d,0
500e880f74d17305a2a316e02e09bb219a93923d,0
5e1362fe65686c8c7d9645a7fc2ac8cc91707f16,0
46ebc7eda5e6dd9e6e48b77f095236b439e97f6e,0
194e0d8cc8cf073f0319cfe6222a2217cf4d3efd,0
88206ad5068f39951a4ec459a367cf863779322c,0
4386ad23f7e8cb7aac828aa3bc9e8dc7f3de5e00,0
955b1c4ac7eff0aa02ab8e607028c6553ddb85ec,0
da6067edf3f99f07bc17a5ca13c45f8bd885af49,0
ed08678e63510f1ba6130ff91bc59cd45d425115,0
4c019b21fa96df3d4b2daed745c25e6ee664069e,0
1dcc9f9d7bfd694acf5130efbee89eb4d9c2be0a,0
4a4a74e6b3b0d89c49923825433190746cf1b837,0
bf05cd1c80a7230a19bf9545a44105a0e4672b0b,1
471e74fd9013298ded8b083b993cd0066676d09b,0
3bf39e4716880b9ec986c1f273400e4f5785484f,0
d10cf86fac2f4cd44fc35cd61085e643bb1d03c9,0
4ea80c9d896e587813c7ed5819903e9d78df6b6c,0
f146dc693cc96cfb7e66b3ef6472069c638e362c,0
5aef1dd0aba7cae3f0a9fcede3e496c00db01d24,0
01dded766743825fd827def778cedcc80b797e2b,0
6d9bc3560f53743bf09c026ee3552dd8227ac159,1
b6059b6a4b3301adb36fc3f09799bd33266c67c0,0
da07cf514befa7d3bade4b37c7044367c07ffefe,0
678d3b5e85eee7ba24b9e2a5df3a355eaa30ec9d,0
a3c8d270fafebf3ae723daadc35a1db96fcbfc66,0
440ae3537f3c7799e6066e687f8af0ab91f5869b,0
a460f2712040252cbbc7bc6add505409beba87cf,0
49d0427b217e10089351eedc63c064cfe57afec4,0
000ec7a37b7f2a6b2aa921782170dd911f338ce2,0
d3c0d85873bd6ec6ca16cf36044a5a561747334e,0
a2fc16e57edc92387e8f2b0759ddd9f1b74880b6,0
b85dd9d88e9222474b9c22ace53e9014c56794d0,0
5f44d1bf507b451d27a5b2ccb1ff5a96b1834414,0
d69bc1ff967e0c863024b62aeaf6c2b1cf6fa774,0
094f619ee75ec1ce90d58acfd143227dd4fef544,0
fc68e3bdb3afbeca6848a7cae2d8867fc6681579,0
49587092dff83d5008e1024af0599cf03f677ec4,0
6d547bb0c52b9b50f0011681a44b853594a34582,0
f3d4e2ea90a673a2e064e29208b79150bde95c2d,0
263dd83a85dfd21d61d0fa7f3c157b2a72ae5a79,0
8bcfd042b7dfade8ad68e773950059636b42878d,0
776205b0e77307559480d106e118dbf478b0eb34,0
ce786c909817deb3eeab1d85fd46ea932915bc64,0
adb6b02b2937b444ef3ce3c9cc909f1f6d5fa2b6,0
b7b710eef3d9fbe3a4ae1d14ff0437bafef3d764,0
cb70cd7481571789595d45089944d43efb51923d,0
a54cb12a88c173be027885df11336232148ce6da,0
d64105757b056771e829713fdc7bd810a56e7fbf,0
a6bee084dc4d3ef3950e574a8f785cea026c57d9,0
5e44c49754bcf16ca966065347556c1701d4ffa8,0
d69cec982e97d182777805ccff041004bbc8f0ce,0
84bed5a30890fcb589b35ec33ff34330b59df5e8,0
962fe0a32508fbb364a7f568aff02605c99dad6c,0
0f3f81362a360598168a24d4eac40199a481747b,1
7a5317854b4c2d6583768f49c58ffee85d1f75b9,0
4420804ec030cf07029a1f3262bde2e0fbc3a1ad,0
f270976b88d827519264855b274327d74a3411a1,0
3b38c93a946efdb71c02ee778dc3463b56b0c419,0
4c7824a1f0094eb347b7ca9fb7100f846a7a3efd,0
aeedf9c10e89a029634f97e5ecf8044dc72a8c35,0
620116358c81171d395fca013d0be96e3caa8b56,0
10594d62f0d8a9e6e1f1033a49335d850c504cd3,1
6ad36d086d38bda24661ffb77f7707537b8810d7,0
bc618aff9ffcc9536bee85cdd5af37a56aa56f07,0
169edbe15be8d9ba98182ce268105a65544358e7,0
816107c3332aada44da22f7c5d84ccac00a0024a,0
5f74d20cc53549e0ab4325c2d708919d031f7a71,0
ef4b18ee36b1f6b8ebbcf9761425d4a346e5fbbd,0
9212ef1a819dcba754b0752e2c0030becc1906e3,0
f09bb42e34a35ca33b385286c589ee22365a4085,0
4df9da3ce298462db901ecfa67c191c99d396f79,0
b59aec05ece1602870632071135ed5e0b53f1279,0
3f2323da0de1c04b39c011f58afdb6f8762196d0,0
f4719d267e2d870a31448ce5643d561fe6f278a9,0
8844a7530d1635dc01cef23cfc8c95c1cfad9fac,0
64d0d94d6042803ee2ef42d5cc174ddc4888f3c4,0
c25a1acd47a08ba2eb6355e544fef141318b54a3,0
c0a187472b3202d63ec593e87cb6d54cb74202de,0
95eca6223a35e8aadbb02c598c35e99da21adcc5,1
c00c47050bdef47593a8c4c69b8af59aa4d18beb,0
5bc7514f368c988c3be1d0e8be94d39ecb727404,0
6c001ea83563741853ed2e5fe0297c1dc976b7dd,0
0b1cd8afb4f8931b3d35bd37ce336c3a3feb9685,0
a4018e33fbda07ed861d5191edf52e835b0a5c43,0
2032ae9ea9ec35f3010ae9ae773e86fc4b9f7231,0
196b647c9b9745e2fe7662b17b893b1299fa62b8,0
fb77846d439d4c99e8e126f031f46a32a33e472a,0
b70445aa76738a3d82e6a5af4e6fe96c10f01951,0
70506110076668cf8c5120d1584c817ab63dc9d6,0
f7a976e3ec6db84f7bc0d9aa3dc0923bdd82c143,0
591cd84da2490e36502bf75fbdc36f75d0af85eb,0
290c8a8e3987e0688d7cddea88c13f8d32b3dff9,0
55c605bdcdb71f1e5d28d53331e4811c901b0327,0
459ad2f264cf711a711b0b37e057aa605ee03f5e,0
b9c70c45b38864b6bd72d6563036648ce0871acc,1
2a2bd36a0bac00b8ea91f51d9d291d5e83680e58,0
6d76fb65ed635fab7931a57ff6eaaa67bcd68d2e,0
d10ccdba6fb540d7c2d7cf10287f55b7dac66f45,1
103a250a80ff810136463fbe184fa586a36071aa,0
bfa71e1d65a442d2a7eb59cf5a59c05c78bd1a52,0
3ccc477dc85df283b8e019dd21c52f0f2229a513,0
b9c7a86044df622564ae6e68d5fc1e700921419f,0
042072e020ee603a864bcc908d05809b6953cdda,0
a3a55049241f94db99765b4f3c7710f5d736f2b4,0
227b2d8423741a3bee0b9355249a74d3339e4c02,0
29188b77b1952076c41e2dd301f15d917d86e872,0
8426eef3df41abd25c5dc718ff0fbaf3091af9be,0
f9c25583aa2391d65030fa8af7f26e945dbc242e,0
9f9b8d2e507ff662bdd7e8b892b004aa01040763,0
194f549dfe25c0674f29ceabe6619bcf55c0b2e8,0
ec1a8eaa196dfc40a369fcc27b14cba9aca12726,0
57f583370b8fbed1599d798e5702891643241e2f,0
f92923dd84412d6d9a38ef7884121487cc4ba490,0
6036bc01d7b7f7e30565cb550d9b24f091baca86,0
50c7ac8f118ce019edecd85f902150608443e218,0
7dcd67997f165bafd6f6efa1fc567e38a29622da,0
e25cbf3830c703320b5ef2cba9db64ca2f1d0fc7,0
3c8ddea50525c32056679b3e9754fbf6f4485f65,0
da2ad298fee5cdbd0a5d4aeda4581e2f09988833,0
f595dd8f36cc35d380c79dce2078d17adee7c904,0
9f4b4cda55312add95e52c84523c552aa87496a1,0
c44ee941098392df49581948c528fd937343112c,0
b39a5c108d8ff93e9807825a6559fccfcda5b210,0
e878c293264c8864fb0d20f0c333999f46ce7ff7,0
df716efdcb2e5c90db464f57323810e0fe815b8b,1
69ccb5bb913ea1609dfd130d91395793eba80bb1,0
886790b4b621652fc5f083d04a7ff01fc9d2e434,0
9301a75ea21adf5fb45740644b12d9f162bf2d82,0
0fb104170e6fe57aa9e8f4cb2e6f6ae07a548d49,0
58682c0689031cf6d156f0d34b5d67f0bd2ef5c6,0
944295907c072231c976f850496e09d25457123e,0
1b766fa09763b8db184c4acbd88bdf1b7ba105a9,1
002af1876aab1762f43eaebabab053fffaa6592d,0
e190425fb652ff2495ec364c253722995ecd9c80,0
12d72a0fd775b7431891972dd0b272de997dff44,0
dd91257936adfa94b55a9403524f1d69301f3775,0
bc0d57fa5b4eb7cb5984a12b469751c55abfa7dd,0
b7127e2dba786a15e8220a0cc967942960c1cc6f,0
60659d9d16daa6420a605a8874fb978d51ecc791,0
611efca3d2cc7bc9894a6056fd1a9be2805e43cd,0
a66a70cc1e342d85de880ac023421acb40b15464,1
3700dbdafd741765fdc84999d261d890decd4548,1
eb7bca6bb0273b68d6f0069227724e0edd5861eb,0
e39a2040af2dbbe9f40ba943271e55082652e94c,0
236ed7461ee6539c81f2e0c82dee81989938d0a8,0
267c18562fcb2a049979111cc1c0896010de0ecc,0
6ff16d2c81c564b9de5a31862962051713328746,0
2c532d0da17fcd815e9ff8ec2967591baea588a2,1
ea4d927476236a59e56633924148443ef1014d7d,0
0e4f6913633bdbf8f870db02212916504d82f657,0
92f2edfb8abd056bec50a9ce4b3d9fe08e1677e0,0
07116fd3f90aea5dd0725c9365ce536198f3adf1,0
f2cd7d8679349b47f7c60d4c2cfe3ef9f25e8b9f,0
f57a329a29994be49ab6eee1bce5c43df1fe1936,0
86f2f0f42d02a2ff7e05e311f59dd6314cbf8649,0
d79513275c4f75f6f82f664a964a0e8277b179e3,0
7847f12ffd953c21630de76ca9e9e2ebcd3a4a7c,0
51317555503c1c23c4dc53af40623defa70615d9,0
1878f9f89cd5b45ae2fd622958cce9206e2e86a4,0
5077b9a49cbedbe4617dea0772a092f3d808ace2,0
d0f8d522b8e660d8b9ef38d6f3da9b8358b34b68,0
f999b702086d798fdbbaa132c61b99307029b671,0
7715422608585956a4993027d0512f93901c3c14,1
7ddd52f564151638a270113e5e928130c2b6c4d7,0
9f518464b2d108388abdd38840a0b51783c512ab,0
c39c543be499258dd2e10b38d7d063e5ac536523,0
1078da3091e24ba82b40f28701e64f3d9d298a60,0
293f1dff40cffd8efe28b9e1057eccc42dd8dc2b,0
da7d9b126c58331f5b3621963e70396af2b25293,1
dee61beec2c8b186650ef32596181116552ea1d8,0
efc4a655029643ec50a9125f75e4c3f86c2d80e6,0
4c8a5c17549efdade4073ff39a414599ad06e3e7,0
ce2317bdc5630c1ae18c1d380815fd3874f943f1,0
01c47b134e25cac8dfd4d8941ff22b8d7fcb825f,0
734a374842441796e14e828ef4269702ff8e28fe,0
01d32a4d5a6187b0362fbda0373625996bf489e9,0
9b783f7b8be196f7627ebd2552e60b6382bd3f07,0
f5bb1b570fb9a132410a4e664e9269fafd14e149,1
be7b037160dd40c2e90ac6d345cfa6e8cfa297db,0
09c4b993efafc7f16602f76f1b7e2bb7636fe37c,0
b27fb2966b9b4224272c6c2c3ab8482370909422,0
546794299c68b257d7f4029def79d740aea838b9,0
534c0c7c203b292112633bd4754393fac26ffd06,0
addbf135e32cb7ab6eb419fff921fc476b4f329c,0
ecb8a8ce9f1632ddad280bf256f5c2676c1af21c,1
a92cee3c2b01bc2c7ba63f3798641533e8ac13bb,0
cea0040c3f2186c8ef2c84b3ad4ab5e5b8f11c7e,0
f2a21652e75dbaa1c3caa94075ee30280013d0de,0
965d91e87167bfda43c6431a2e2bfa666efd295b,0
7015d10b8e57e00f3c71747cbdc08b2ab105dba2,0
7676ea8ca14330f7167a0e70a69db5b6de801e70,0
203d4850d0bfb5c6ca5dd2754cf5f3286d53fad3,0
f68818d51b5545dffb261cde5167b81b4a32094e,0
59f2e120b8cdc11a6312e15069bb66ac64b75a61,0
a259e1422970a8e4982bea3cfa82ce503d43bdcc,0
1f7635cb0a69ac09228c8fe57b8f9ecca9a480f3,1
4f28f204861004712457004856930cbe02c64650,0
ac5c51f408630b158cf8ea5fda082bedadb6f67d,0
05c906b532299f860ac9dc2777d04023af61c6ec,1
bc68299115441d62ec5c62a3388013abccac5d9e,1
06c1cd25757073aeca0cfc1fdcec3605c88ffba7,0
d7672ecb8412ec637acbe839406b73421e112934,0
60530a3028de54681d4ef566692eff15838a0a74,0
13d53cd50afa349002091a1c4e798ea5881871dc,0
2c1b882d2669e6d83c26f3e59fdfa4858152c4f3,0
2d42fdd0bd3580f7a8a5e6a95199f5e2964c0c1a,0
400cc8d33399d9c3a22ef5890e0ab4d860beaa9f,0
a510ea61577c210785deb89243488ca895eca737,0
db33e1ed6b5e248f50581335da4382cf415d450a,0
64c559df285abe6d19ca3e95bfc50a94a18cbca2,0
e0df3dcef9782cc46f6e654440238a6a5e08b364,0
e5ca8c31317e60300e46dc5d400d621c729a02da,0
0493c1ffe83e0dda5e2d435d9b119f4b590b0034,0
6151ed10f7f1d45bc7a9ee359483da5662b58b88,0
14088bbefa57d283e7b28a580dcb7793dff82769,0
c619518f58191cd670d5592d8e3175626e0bd772,0
904495f939b5ebdedde20d82788f55ac51eaa769,0
d46602a569674f3fc33f30a51da399aace783264,0
fb28388529ddf6bfe50956bc7cd1638834994ed7,0
652297b4442e2244988c18360df898fd7f94eca3,0
744fa271d60b377424ead8e77ff7c27283819d9e,0
8077c19604220ec751e15b910b91a64287769714,1
a9449f78e70bfe197c532f2c4a3eaf9fb2afaf04,0
0b1b870f168cc53084c7ca19af43819d1e5a77fa,0
90b932583feb157d16caa862be67e29ddc2730b8,0
4a44bbe0ce5609ee074ddb00cfd8e9056fb8453f,0
d070fb428be093ef611c134546d202c612b6120b,0
8f5cd4b3700d60e9ee15be38bd77053dbc8fe807,0
61564073cb49d85bd5acc6dbcd860f2c8e493ddd,0
94deaa74ad988afe08d3e0e78035a107110701fe,0
4dd05be32c3655203c1b98e19088dedc617a96f5,1
ef77e3f74e62e087c91fddd227e78b54b7ee6755,0
8b8802a0c2a8b9e13045d56b32612eabb00d8d24,0
7a597a9de27aef6046c40e5f28836a2892902c40,0
5c7eb55e6a9374947c3dd28e8a614f35b6a8c0f9,0
0119b7d293df49cf83d7e99e99daffc754252268,0
2d8d3a4dfcc39e6100423967c5288524baf57a19,1
cded2fcdb70d4b442a8e014607ab1ffebf56496d,0
cfc30e3611e7ffbd1b157741333aef014273fe7d,0
f7e9c54edbd7a7b3411c06029a2702279cff991a,0
0ae0af2128c3b991aff5e964423f5c6b66f429fc,0
3b8c960fea9211592d844fedcb63214049c076a5,0
cb94009baf68130c522b21b76b35d93fda89b67f,0
7a4f70071a8f6e863e4aa703eeaf88f01cfce1a6,0
058bbee2ea99270a5038839b0da2e8a1ce433d1c,0
383bef654bb73d19991997a5c32c71ea8c89012e,0
3e927bf7e41ceead3641ca547e9586ce6d33ba1b,0
63887922d8e7320a23fdc2b9b6b811fea186a9ea,0
962827c0b789229b69e472d6c2feb1696be3a9bb,0
e4a021773efa0c15143f509c677514980347f1b3,0
5b1ea3af64339c9da3c1eca860c2dc0d530c5e1c,0
635321c1b8dc6dcc54b07c9332e6c935005856db,0
17a4a2da29abed57c9186622d9a7a986bdae712b,0
d9005009eb7251cb0e746ef53b37c31c375d1c38,0
0a54102641cdb6445985e612095cfa55494071ff,0
fd601e042c9acaa3d4d890d3ac025b467affb62f,0
2a84551cb5ac524cea63103051aecfad56420475,0
5e5e384c28a40fe2278d05c80c5a3b7c3e7982b9,0
00f6cd5e84bb852f18c7f78f309ae477ca2559c0,1
8c54dcb28cc959653ac0da1a6e553183f36c0a97,0
31a82aa114ed8efd53ebabdf744326a2fbbc8fb4,0
cd87d194a6351c41cc47df27ed2650f904609eb3,0
49c1050cdce5b7abdf131701270a9691309af156,0
2ed53b158bbdc947c26905a46582dcde7bb23986,0
2e454a158e07acb48818ab48beba70683305579c,0
68a513db609937448678002963a1c7be0b14ed27,0
ac28e789d969e35ce9339b5c856e78338963f672,0
f09da12fb4ed798fd45664c086acf3799dff94a3,0
a7be6762981eff2a84217436ae3bc381127e3dc7,0
85e6dcb75a8c10afea1f2fa535f0daf23bf07f66,0
4fe5dc10c25c998e5047f3216370d0a46e797d86,0
0626d1895ba013863d27d8f7d856e7c3a45121c0,0
3ea9e3b935bc7bb7ab86fd8158b7ba9328705960,0
9b861952667374880d0b9fb453b9d8395d320b13,0
e66085737a6c8a6037380871143368f3082b98de,0
23253581fbd4ace45093bec68376048e3e697d96,0
4762412f4fc72a01950b77aa536662596d9f47e7,0
9c0b4f5776913a4ec4bd16c53adb6131eb564f84,0
6b38fd98c12b903efad33464f918f1455c90e023,0
d674ab83648f106c92df8db6ad5cf6cafc11009d,0
a38b24b9e003054ab69f6626b7ed5d06bc8ecfa7,0
dea455d1c27d864ef1b0720c008e197b77a903f6,0
cc0ee1d9790c9fe89fc1f42f945876a808b2c376,1
373670ddc94046b96f9f45f39519732f3eba78e0,0
49bb003730fd399b361dc0818eb973bd75ce3207,0
c2ebe36062f2b0a63fe24ae9400c3e86dbe72d20,0
72032077175aaad3c6e5360c3665536164f021af,0
394a619ed9a28d1ae899185dd4779df66862d0c9,0
183626ef942b27b015a1d3efc26f503bf39b67db,0
90e330cd948ea25b3087d12bdcbb8fdeb81cf21a,0
ac0aecd3d2ed3ced3b22fd77e02bfaea476dd4b1,1
bec5f58a16899c9bb877d9b24c3eb358064e0181,0
8939d8413b981f1fcc3a9708d02d40cb85d44463,0
2b791cf27dbf269068922d551b4cd2433bb7455f,0
45ec9347801f4db205e7406556d69d166bbccf09,0
b5137bcf7dbc097a3e5dcf2f4d96b9b96b36f69d,0
f3990645ec289cf3384a356e45bd9e26f1095fd9,0
d1206ed7085b9283aa7bec9ac08440115e008cda,0
16281bfee5b9b64041155634554159d2086f4bfe,0
58797f9d224bb03a4a9d41fb64e61f97e5acd283,0
a66e2561b0d835c4b615bc107b761af306eef05e,0
8af1b03ce33a88de9f210a0a2c5b42a643cdf5d7,1
60d891566a9fe78e24838c3a5fb9219d0abff6b1,0
4edaa2944780b2f9a7da3866b0042482636eaa48,0
088e0d2a40fb0a1a32ba7a46f662b7d500e8601c,0
72efb2bce805041c5ac248a590b61ce4a2630265,0
10863b6054bf69e80e8e0d85edee7b5d73544fba,0
bb1325bf43660ebc521013805a2756abe1049a90,0
dcdcc4969b34e0fa8195a395a7d38c63f01071ae,0
e09bb9e0929839801c2dfaec736921c1a1379e3e,0
3b50a93f0675215d8324f313c892c0edde30d6d4,0
7a4fca36638ed2ea91bb2d79146e74fc5d9adf3c,0
09eb9ebf791230f19f7663d13dfa48e387cfab3f,0
2444e7abd5fb5744381ef7b1aaeefb07225c82c6,0
1705d3f3845fed106a570da248c20c7301464a9a,0
28fef076d3f8f4a7caf6960d07a9bc44cf7568f9,0
ee82696afa4b3b25883c93b515490e8d286715e3,0
e62784aef98ece4159ca4a8af8717f3d4f55eb03,0
20508c852e7b54002b9060faa1ba72cb3ac74490,0
c7d9061a33cd5ad12573b16bb2d366935bbf7335,0
6dcd94714c0cbb3ac778d2b59ae82919eb70bd6d,0
3bd595d2c0e0a3e85912b81e7590bfe1ee5f03f2,0
311b9d72aa3bd97e5d864d52307db6c132d7c167,0
145335ef67cdde23a567b79abf648a1d56f9118b,0
1fd0f67cf5878fd10c76f4aae2a3da60b8709e54,0
726be6773ee01953ff17df465a36187c79fd135f,0
caedf52cf8a1dc74f72b1d6f7997a2e9e392346c,0
4e86ecd8f9050347b023653d0ac9dba467d293e4,0
c1b195b0be90bfb897bc5a0923b37a57c0c9cba2,0
b44dead3666474baaf60939806b1da0716eb4a08,0
fd5fb6842a39522c93cc78fe4fb2dceb91ee2293,0
559251fd61936b76c4dc6d1ac63dab7a1fffd00a,0
5e562009263ebd8b741a4a9f8388c2937b2f707d,0
f5b6e8a91a5554948a1ed297263e21d6abf4ecea,0
8743f5ea4be1fefa3d25b2223140eed130b12f27,0
35227d39c43486b5f0f6a182a67fff26d95b08fe,0
9908b0f26294cca8b40e1538d76fede19b0f097d,0
4ced6e02c53234d8e6eadf47283f848bde2f0b92,0
4031b6bfc6993dbe81334c3cf910bdea082e73f9,1
d9f956f73a05247d86ff48c1e65e124a245fbd89,0
a74dc75efcb5658b0e8dcacdea0b77ab15914974,0
7d4388524ed605756489113a187d63d5fb698ad5,0
18b33e3c9d0295e876c7b8963c9f9ed4d384e224,0
7d80c487386c8fefc3acb18a00ff56d0399c57f7,0
f671087212abedcb984d2f09d6b6be1327c7a2c5,0
2ddf538f061f7559d4283527f84cf434ca293104,0
9a5ddd05ae82e744d524b76bd379ffadcd8f7047,0
0c01c1c5d89eae358b929fc628f0d7955b33cf8f,0
afb3f3db7fc2212218fcd2db39e15b61340ea4c3,0
4102b8b416b76d3df0b9a311b808eb4512a8dbd2,0
c816a726055ce468932932006355b49d26fa8ba6,0
ddf2243fe014aca1dec33fc6e3ca7cc3e3e2f42b,0
3b7e7630e72c5bd006f895f44adfb38895454ec5,0
473102b5cb736801e3017829215fb8f0947b5cd7,1
a3a82365e14e24a6f90028165965c25ce7d8bf63,0
b27e68ced7ee389df4b7bc7a98bc0df5076dad51,0
1144ba81445722331cf4f9b9bb4f828e4f568069,0
3bf667451ce42ee8a2cb8a8d14273486259dd612,0
3baa3479f986ec88a7936cb9dcac2e254aefd052,0
0d0454cb3bc4ca495f52e7b231d0bc410c133ec6,0
3f1e1cbf1954be04e983e4a4bee432788a766803,0
586c67ed1b2f83d2fb4ff1d165ed8dc36549795c,0
7f3006982b1eb84d5f9e64dbf40d095b0f334319,0
928adf0c17800a3ddfa5d49a0b8b24e04eac7cf8,0
58c1309bc5aef33feb8e66998c8a93db908e923d,0
23b5f2e4c4df9645cfe7b7bea99f03bc625c7398,0
ac5c63a3837b27e578ca1cf58fedde58b307005a,1
6799e1a982be6e1e570db1a88f1692b25cf37bb9,0
4bbdcf6db38ab4a1a19e02ce6650728f6de5d192,0
6894cfeef74326cd1dd6686e3b33a036a7e89102,0
680ea1edca68fda025711675c6be01fadac0a0a4,0
a53ad708f82e9cfece8be140fa445d6595cb8c51,0
bd16473d31db58a851aeb7b75ba9277ea1fdd013,0
f3ea9325bd4b42e6ec3be7f66ec8ee9347673eeb,1
60b6a71090eba40634793a8bc550a50bb95e382f,0
549150d38df20eb2c23aff2480c24021df5b7cc0,0
61971cfee4046ad829d93db620eb5ae8e493fb16,0
83a8604bcd059f0236f190ce07054ac47b3a412f,0
7c8c777454cc1d976a26d56c376bef993cb78fac,0
87f40bbeb4588e936377a39356ce03ac46872b73,0
2d23ef9e79966dea4392bd753a9f35cf7220caa5,0
1d18470aeb2a70c24804d378248232d93c8972e3,0
e33057b2e96b4897f628f333b0c5c768429368a3,0
6e77c8f9ee29b39c5eab21a7d780c61e1462bcd1,0
83ab88e62882e7c6d94f6dea7aa4d9dba56c2a6f,0
d7a751c118c715584550f97a649534e650f7df5c,0
800c39bec305a5666d1f832b2595fa3fb265800a,0
eb0e914c9f0e634c7f6316c9b1adac57cd012995,0
5693ce2b529e026a6616f577b21f6bd0fe1f8e10,0
f0c54a5012d5efbffe7ebeae1cb43d917d0c13d3,0
23eecd888f8d1410b9f1ee1a81d254c684d32078,0
493eeacc0d5cf5f14b5d2996f6f70ec987b7b59f,0
c84649abaa02dd44ded7c39f7ae555bf1947a00d,0
be73d0a14613123ecc11ae4676313308b533c569,0
11c13f7fb52d7c23fa60fef980a7f510114e635e,0
ab4730cd5571fc90cae29e3e4fb112bd652169d0,0
ab6aefe9ccbe290c4b5a2a19852df69f5cb62209,0
8219919769e738006df1ce4221ee1141ee84587e,0
5e34683c22ff90a93eb9544526ae788c2ed84d40,0
41df1879edbe474aec9c9a05a12810e0b45bf804,0
92a51144fd56f2d142ed5608b53e04c1b1767d35,0
027b7417970b14da3ee718d366aff329ed607773,1
1d09a13dc83c07bc42a1d526ffb767c25f5db2de,0
a619c07b5c848a27e3e13dcb22d2f053ac0e1d26,0
840854822ba8e00b9cd4aeb2b16c5246ffafbcbe,0
0476f08c5b754b4a2679f95a613e031c0de1e3f8,0
e5777aee55eb23bc919b34d45bdb51c1ec49b1a0,0
7f86df45cb300972be51c3935acb771e5af0c7f7,0
eb96d2974e078c3c1a348b83e199e37d0cc8dae8,0
21b18ff41fb3d69422d5f554633cd2bc25e6cf99,0
86be492f18357ffe3ecc2010645fb68764d5386e,0
793c81dd44a6bdc44431ceb1003c8e58ddf73651,0
b898563fbddc3ae402c9ffd67c7fcf3fba4893aa,0
ee299b788128f4cf18fa53beb5d44f0f96c6102a,0
91009a2cc444eb829deab6eef53ec5cb08a4e81d,0
b76c8adeb34044359feb799596e04da0c12ba82b,0
ad8fbd85dfb8d27305852da17df5bf4aac662f59,0
75deead814965f9517c5d9dcc003fe1640ade1bb,0
583bf98834051a02af644f85c555db77fe20ae1a,0
19d497729f9ea60c6ae54597896a3e6fc58c2b2e,0
b0cc862dce073b3f51bdc08b3285934e7755eb90,0
c940b721aeaa55a1ca8153f81e7ea9c9a272f02a,0
b08ac10b7aa737f42080d11fb589f787d4d89036,0
412b783d86cd6fdb0a8cd1003169d00edc930281,0
bf49f8bac7299f7040257070b8d368a3373038e6,0
ee2f92f2e3004cb29b07eda350c61bbf1d59cd39,0
3edb1b56fda9eebe66d808528955c3e3ef9d6302,0
b0b9d0bed5bc0e6bd2e0063836ab2a5b7580670d,1
136cbcc89d8d629e05f2b8d896d19c687ad7adeb,0
fb55db56960e03112d45dc32de61e56efe4828f3,0
194b6271b89ecd8e70b284417bfd9bd818670bc2,0
23e5cd6c904d1da296fecfe5ad05fd655c7f5fbb,0
d66f1b9e11ba937f877e97442536a86fb10dad43,0
e3548ebdd20f96bbb8503e4e8ec1374883cc05c1,0
c2e85e59bde90d2d530a3d32546c0ef620f58ee9,0
fbd45fc0c75be4e50591429439f22f6ccbe5f5ac,0
f10339cb69fb3d6aa9a7e7acba45e77a5670cf72,0
d0d3076186b4c85a4f5781fd6802edeba6819cb7,0
6ce10076709d5924fbf6438428e57a10245c0fc1,0
228c86b03ef253a5677a38e7dc9ee0df71e86770,0
400ff439c4e7afb3c01dfe30f177ef086e4c8820,0
a8460dfcd88009d31ce0b77a0e73abce99e33179,0
1b2f99949070c13ab92909cdfb3d68d218155bad,0
ca340d90f93216e708a7bc0b5d917d06f26e331b,0
21f454f40bffdf6104cd71a53f616b9bacdf88bb,0
508c1df86600e13eb7c65cdb919527b8a529e381,1
1c25936c5bb802c090ba7ae42d21b5c60538150e,0
7db399e5d42c3a0a0e2a8bebb0ccc2725bc50bc1,0
2d5bc2666a9c581d4c189988748cbfe6fe71102d,0
72f69ac41afc22771dc3d8f123c0523f83157733,0
2b91ff300b8bc51242ee42c82c5fcbfda823dc2a,0
b1f36fd8c5c1e3972bfc52ecadf2bb6202083a20,0
a130211f4cc4c961ce1670ba4884c735157b4580,0
e31b43dbcc79f41f1002a49bfd3e223b808236c6,0
3e4259b88d165c8879183007d33dab2ebd5eead7,0
06870c29316c7e2105026efbdf452a12084766ca,0
2108ed1f79ac1c55c56626cc65de0e91a01c1893,0
6ae9f0e0c499b1d8eda6f670531d82595d5a698a,0
082080106b6862d5b8055fedfe4c876360a6675d,0
c5db846440d36cb3dbce37d7082acdeb282807ce,0
8ba5d2b60641e15964ea934ee9bd9b128a23c1fa,0
364b9b4533c0d4c5dea8d05c56c017b70d115a87,0
cd025a36a77d50e9b88eda26f82cecf1e00865e3,1
6157f8c3d289600ba29aeb1f1375d08200f3b4f0,0
245d4cc9b39115a82031c731e219d0f01f5f3f96,0
d5c915eeeb4f905b9ef410ea681c316af43ed5ee,0
6160b56e7338489d4ddee6a6b0f4e3050176b5f3,0
1886ed6a26d24cd8a782ba969958768af33c8e23,0
05da4c472d49a39cbdfeac697fd01fd4a511c577,0
08279a96d7225f590efa492ab18cc868f5cac066,0
8529d057ab19ddf841b802ea625c985c848dc637,0
6ec9f4bad942370adb32eff14e027bed7bf85563,0
ea40d41af3e00f8085a53c1de2b7d8f62756aa78,0
472e09c20bfcded5a4caadf7aeb2548998028d8b,0
f202c8ac7085db9998ab69d7f714c92fcb6a94f3,0
81d486fd094fb1b9fe553adb35fc78cebd050099,0
b4cb30f155cfe41c7b14eade4c2b01b8f02a53b6,0
fcc074ae33ecfa597effa4891730939d1b8dff18,1
c3064a93c67da78bfecd878b0be5655a38bc123c,1
ce332d76c0359996a3e66528173c270501b5e5fd,0
511a32cbe11ecef721f2835ab1e8dd8c48c41d02,0
9a5c02a9d22dfbc0928bbb10021ee5b84d99d23e,1
299e2839f8ba58e72aad4d8a54afda61bc757db1,0
ffcc2ecc452239c54d7c584c732199306ba21028,0
4e54c5f8f4699eea60108ee04fced88eb33527e9,0
2925250ac91cf454da62d4b259a11921c36984c2,1
3bfd2d597b032b1ae5642bd856da5ec1f3fc7237,0
775907978c042c1c40a52edfef4a78a8a1f88c1a,0
3d5e8ca8e930505b7fed733e59fe7cf3a7ba411c,0
9e5f64c1a1cc8c480202aee7dbeae2a531c0e15d,0
5d6859ad9666067cd644b825c2fc5ef453ae192c,0
1a7f8ac28b48969b164707f9c8e86ea500cf14af,0
6f4bccb6cc98d441766749215138438f21178f66,0
cc9445ec614fd967f3247e4df2fb03a305df9c9e,0
83228f8869a9b0c0d7a7ea28c760b453c8805da9,0
4ddb92bdb620de5e51b79c63c04e3e57834ae5eb,0
26f5f42de691afbb4bdc23b9d22b12cd356a9075,0
299d0e9c2db7a2da0e76e464a1d428a6f5d37f3b,0
e087dd293e3bf2bbf782cbc3c762d1fed6c4b9a4,0
154a6ec8ec5e738ae48a6f95df465c4e4488b9a6,0
fa925b70e5a081832ac89d1cda74275306ce4abd,0
366746a7c23b3b4a6bcfd53b5b77bcf841378d61,0
db1b926c4ffce70e0a8b3cc2c76b73709c9c483d,0
2c28672fd1163464192e9968798587ee3d819e15,0
e173516a22244636c1d16612e54bfc0a3660f944,0
f7026ea67013f59d42f855ee8abb48b23def7100,1
e046b49523a676aa297821083994788023dccb97,0
8d7a085f22a80ccb25eae731ada37b88faac0d4a,0
45c09bebaa7515ef98a5c1f44af3e886641dd970,0
5a43a9a8d74c714222d91af3a8e0e9b3d9d4b7f5,0
0a9ee863d05784ea41e4de2f47323f45ef8654d6,0
8802037f5afb8e3b1ee645762d5ff9ea9e2badab,1
c596dd625cca6fc2698ab96c0b911cf980cdde7b,0
15aaac4d83302f5be05e5e91d8e00df7e1a31332,0
bb699f8d7ababbab3dfbbcd471669715bd36e682,0
5489c1bb6f61371bcb4203d0e7f6b05c377e514c,0
f0729a9ca1dcd4522a3c0544e3f15cf04729e551,0
cc67038250129bb9d664f416fc7999bb97d02c75,0
9245a8e7f706e6b8785b9eaf1cfebbb74b47a6f4,0
6924cd6e838b210ab747ea244a9b9e9a8652f986,0
ccedd78b451d46ae8ec1740c7bab01dc02338d7c,0
52444dfae028cb499e65787d2b6fac8ed908fffa,0
2d5daadcb71c5c0395b389465db9f21200052a21,0
dde7be6840516509f2e7c34252ce58fb702bd5ab,0
e45bad79f157f3ec774b08fffb3ad2436cfcf5a7,0
576df0ad6aa21712a62d2283ad6ef5b31b12cdd3,0
89ba94d4dbff7e73837ab8169b73d4d6b4b98dd6,0
b4607ff87a50f35b850ff583354b0c66589118a2,0
70737b2f18be531fad533487efac864cc8da2c4a,0
18efd028b09c2fdcb548016baa54c79c9d3fd5bd,0
916c127b453d60f0ebfcab4bfff306e20f8db6ff,0
b62b7b2407154af3db27d9bf39a9c7369ca48da4,0
04094a3c85b0b66285cd04b0a058c0c3c7013b0c,0
f9dd43f0ac74ae67a43feb7a4893e310c8c0c7c6,0
56ce72bc3495c39cb7f7ff5e32464f9c48f6cd6a,1
a7a69ca23d17f0feb3920221314e87937f60a87d,0
dd58119a3312ce36b879b47978a786069c0973c2,0
05b3762a75dcb21c621d58b725d3ed556afa4a94,0
e67ef4a7f4d6cb6960ed3b55628a90ee813b22ba,0
cd48b7bda7efadffd65f60cf2d9afe748d3d1d76,1
ce5bee2fb627ec28c60009b9c89a7b36209706a9,0
695252d1f6f216695e791b2df621d7535e59c5cc,1
057370f43963644513358a74c3833bfa2ce07edb,0
3a172f8e4f35d84953f0ffafcc4eb6ad6174d17b,0
19fea3f4c8d051cb906822fc346edfebaae552cf,0
bf617c1f765f93ad6b992dfad9d5900e6dc2024b,0
1e854713b6c8df35ff709d4f030067aba572453b,0
70ebd0121830b4ac0a63df8a18487d2537564d42,0
380f095661b6124c6f72552657e48258a733d161,0
b3b2cc2430027d52c459f007461e0a595f15c2aa,0
5c071f3e8cbc6a569cde728a9f96af922d6ec6aa,0
0819a8d48b9615170905ac1f8338ef357635c085,0
a3223bd0cb5d40eaebe8024bc4ef546dfe09fe06,0
0c1e481d9d213ecff7f4ede714301aa2da473951,0
3513a593ad98564570b382a01f625f98e5178b41,0
9b21a0e694af61363783ad6654c8a02b08a15c8b,0
e75cb8be160d9bcfdbaa9c3f5a5126106cf54d6a,0
af4a6759cd983076625001adc0f55d0a09d9e869,0
29653b4b6362ae00ac80462d724708984f4473cd,0
77df83aaf3a618b65227696930e061d357d653c3,0
179f33604ada05340a2aaac9b9ce19ee95bc96ae,0
8a80516c86015865c2b1f29ecc9fd90cae9f14fd,0
5ca373519e3c075945b64a3957af5a252501cd44,0
a658d396977104c2f3e73f69d0ae7e27aee539bc,0
a189f20d597bd66ba0e53ef55e9a014bb6f12e3d,0
24d1b02b0d076f6a81b93d6dfa8cb4055555f19e,0
cc10dd2a59130578ee3f2584633ff076e4026e53,0
5dc62522a91f3fac2e4bf3142bd88d0860cd5911,0
8d2fc08dbeb92909d774cd171270c89979ad8624,0
ae5dac95bbab53776b79fa5080192a68c0c2bd19,0
8468c9a92f325e3316a4c4562a04de7889ce111f,0
d7e3b68ff3231e318d947ed0a89f979245c122fc,0
13ddcf7a9342f83b3a65b34d988776bbccb21274,0
e2938b42f3e3307043b4b60532a60d7150e7ebde,1
0980be67b0a1974d0f345bbae096bb2e4a77a9f3,0
52c961d1513d7e942bccd51788e561df64d58bad,0
d88ed60971b17e8e3e5cb289d061ec56b47a31d0,0
b8764dcf09f09b937a3e6253aa62e7f896eabec1,0
e8802ab529eecfd928c56ebbeb363a0fde31df85,0
d455612bd3294c1253acd358ce3d6cc977913a53,0
24a839f5fb107fde81462c41da801d53f486d44c,0
6f4125e27c14853776298ce49c684d95298f1710,0
673aa132a55be54969a670409defedc973543f68,0
d219da5be1a60af43cd3d8077f42d313fb5e3548,0
41b9eec8a62fce6f25e989de8d7172f45ec11751,0
e33406703270aa77ba8ff9b715ee8f9b691f4cc0,1
b9f08170808e2dbb59e1c64cc8d248536207c053,0
a92d203b62ed06fcad968ebe00b35b288bcd89d4,0
46c7d858b6214821ca7a19c5aecb57a1017d629d,0
b0a904505a2905d86c5f0823d06e4f1c3839e940,0
8646b4030d4a08df6656dc0867dda24dd442fc8f,0
6e1747718c4c62dfdd3a26d8716e86cee94336fb,0
1b5e60d2253233cb786ab6eb3efec4b926e9dd52,0
76bc436fac5eb70d6f903837289ecdf5d238dc1a,0
4b886820f0d01fe71a9b37b46a557ab371275bef,0
a9cb7671289daa16b9f632d4df8ebfafb301ee00,1
2058cef6c822a0c6963314ce0b4ba43737f1a861,0
ce2417dd15df83065fde237eba248154df437ffe,0
0d9c72128125fd6cac494cd7bc31901bb1a973f0,0
06e1ea5c4b34712c9d197274ea2659a4694d4191,0
e80223c69a1aeba1302cb4c8eadb7476597f372f,0
7ee4c25cf8ec8ed8d25366cc037045581047c75c,0
83dcf6bdab64a4f40bda06656d3d5edcad6a4cc6,0
d2af9d22bc00db730f6eda258a2053b3bdf245ee,1
f07e83c9a54fab6ef38368e2baa3da51504edded,0
a376663b308dd4b8c1b2077371cdddb55abf5f02,0
d29628030a6cd758747209ee2bb9d036b35d1da5,0
f865e5cd4ddc8e25102043feb857c21bba2fcb84,0
fbaac74070a3688cd770ead34bedffeecff79162,0
ffcf7ef676befa6e2f5e7d1a59db8bb66cc7dea5,0
44265aaf5a2b0dcd4833f2f03d177643ba4a35e0,0
3610ce5a9a55e42b87fdd9f693846fd2dd9eeefc,0
9cdd4596d28362ec4039472d4357b631d48f2bd8,0
0d349f504c75d443e42ce66e72577ae7de90c797,0
db4fef70426f6aadaf2b8a7815ba497ca0a05ab7,0
7b241e635b6ad2125762be487c27bb9b80a6dbc8,0
346aea46af00c6fe0a42a04367e2982a6c48178c,0
42abd21bc895f876821461069a9b30d1bf3d5606,0
aa1654489999356b7e392afeac21cc52f95dfac7,0
7f1232e10d4486411995047afe706ab636260feb,0
399fa51c932d7e090bc70953e48f03f6142b980d,0
a7bb05917b2c79992b8f478798e96c26a7eccb37,0
65824eae9ab37e51c6b3f7d1e0cc84effcc3a593,0
f49ca63e20d3b8962d3bb7d28dfa829a2e09ecac,0
53b9ef53b7003261a91bb1fcca5d5d74f214f1eb,0
0517685a48ac96572326b158b27b865bfa1a3ecd,0
0825f53241c0fedcfb1a15557ee8dec5dd54ee2c,0
db312d4682a29ba388ba24e0f0ae2f77d28d4021,0
3bd994d19bfb20866e27a1b610cfd916ea5ade3e,0
1e6d7b11de4b9d955407f5843bfd7e01af048b3b,0
07b0c1ddb6e808bfbe44538999eeccc5bfa4907e,0
9be30f9515374bcdc2728099b2396293e10ca438,0
07924d2e4d81353dd33808ce75cd9757e22e557c,0
f9ee8a22eae8076c9d26d0198c8e069dea4c37b8,1
083e3b9c7fee6445a3a595e4a0dfae51c79c92ce,0
93f073536e44ef5786f114dec07f4e7bfc7473ba,0
493dbfd7e5cc893c9623f634c17baca95bc90329,0
1b50cdc8df66a6e56a0e5c47c51e25609cc2d611,0
a55de08a025352f678e3f9853e8c9ac8ab0ef656,0
fde13c16632b5a919a32937dc106c59e3af46b1f,0
cc6ba800460ea98a162b688798adb0bd253f62d0,0
cc3c70f7538850f3a31b7606f6e0fd649bbdb798,0
99743ed0261d7a4902963421577758e5c83830a7,0
b29b694c2ac6b3002843ffadab623adbd6a8ade6,0
29078bea6704b5bb2eaef13c17d7d43386badfe1,0
7dbae3479aded8f9552a5ceb4b98a26947805014,0
ae79511b3bb0a66e3423bc55268f69dc5bdb5832,0
8113f30ade7ea396f0ca0c69dc854968ffbf01b0,0
3280463ee6906cad1caa418bb37acd9415514726,1
a69c8dbe9c440dd34c1587ebcd22a761e7b2b208,0
1b87e5ac9589cb45d303f52ad040b58d6e8fef1e,0
b20c2bd3df1b44821c7090013590bcbb73ac61a3,0
a278a2aa2fe2dbef8dde0404f8bbe8acebe1dbf6,0
9079a4872885955bc5cd516e410d0baab1346d0a,0
1e5c3293b409b32e1dabe44b687e5f7a104f48c1,0
6c002af91289d489ac0471817b27e67e31300e34,0
9288a32094756332eff112aa3b0a4f9ec2e3ec16,0
6f42f96d4242bcef39b104fdd99c906f19d2eb95,0
1c240713da5dacd43c2d592e40ccbd3db8db47d5,0
ec944feac30dad055c2386d6b755e9b561c74bca,0
a50dd6ad803f130cab82f95237be738cd341f2c0,0
690d6e17a40d1de14894658c51719b6000dea5e3,0
61c2adae06a7e5f068e2812085fc3006dd86ebd2,0
6558c7a94fb6036985a2a98cd309ab19a3493424,0
f75dbcbfcf19503320304ce3061293573b63800d,0
5f467be4aeace1efa1bb98fca5e21bc96e47ff33,0
2b40ea0766adb60fc2789d1d1f40b9c11ad16a2c,0
522e440869972f028331eaec5a06bb6810c310e6,0
58cb6b3c57e03cfef70a445eece094def2fdd841,0
6c2ed614ed912e4898b7ad77a5168560911b58a2,0
9aad02afc1ab351f0028508f9aa758726d2cbf1a,0
6f525ba35f84658fc6942e3a7f90d9e71fcb4339,0
2481dd0a653dd47b38825d0cd082b15b91cc4e1c,0
8a21237351e0caad1451b232bd3dd25a1fa27ab8,0
4ed8fa557c995ac78f1f9faada5b801644faecb5,0
595f1fbb3f356131e8e79b37d153b7bf6375ca2a,0
17c1df7aaf730b84f4f1fadf3c7d82d9edf2aace,0
0fe4b25ceac4f21b10e43f5288ac386c6d7185d5,0
f8020cd83040d0041bbe2eccf3f56a21fd9c3b2a,0
2b035bb719a57639f2ee2aafa25fa30a88293a62,1
1ad31743ef8cd662d75c64cefee863d4ed0a2ccf,1
78eadbee6ee23910d34575495c366f0f09f0e2d4,0
74dc65424e526832a61a7909b7f753fc1de99c4d,0
d200b698d202c96276bc1ad6eaa28add20c24c40,0
50ad2b83a89e05d3e359346223fcc02bcc3b74c9,1
7207fa857a5a82ef4a5f2ea85d9dffaf071368d0,0
41473b1b342beed94da697299e3c3443ebb2159a,0
751127259fbe1787096b56cfe932c5ed0cf8635f,0
210d0144083af73320cd8c367e69bbc82e22b01b,0
77c60ac2c45a3c40715bf64d925880b40552f154,0
b606dc0d29e901bf7527d04da70ea60cd300fd51,0
a80ba7fb95a9deb20ae9fe12a542318701fd6cdb,0
c0ee0aa16d5d29e25d1b125899ff0037c99eb150,0
e886af51b7518993664d157c07795ad6071c4d28,1
3c302aaec746bed7a5c6a75e05ea212766b24175,0
b5a6490ca3d9a025757c70fa7e60d19fc6d97165,0
a4fc8a0c17711d32ea74765a203868cfb44e3276,0
a5c0a5a0d1274b477360942ce13700f7e248796f,0
d127d3c0bb21d4d70c1be688152f1609333aaa9b,0
579212a0611a3f4249f03d188177234217afba0e,0
71e831767280fcc203b2cf85a7d29fccb75f817e,0
66c3bf6e2725013c136dffef7917ad48a850efbe,0
91026a1c4bbb4ac004af2d1ffa189fefb56b03e2,0
0a678b6aece546273db01c76ada65e4c0130ba85,0
bf619cb75299ce8e28023a427584420a9277f895,1
dfa746c3b82521f4a984ad57ddfda01b93cf6008,0
cadbc859e8021487833732e3eefb2cbd84fa9458,0
aba22da7f667d58d1753d1c8aa6c6d5c6de88b7c,0
39beeb4aa7baa1c545c3710d598a1053a0920cf4,0
d8b37b90cf804e3ba6f3034fbfa1926992136f25,0
50b7b35ec2b60803edfa10e3d838fe7cc9455cc3,0
e18a6cd11fd5937ad9b2e46adde752f3e471d441,0
7b007b10a8fe33e626856f9ae8f722498979f0b1,0
fa6815a8e53d360cdba07fdef04c26cdc9c7b5ad,0
f16d7119cc05857d6a4728d032e49eb252054444,0
010d754891f4391df4632d8324e67afeb5a49d4b,0
6f5f0470431b812a5ff7f4012097accc0ca2ead1,0
600828a1f6bae1ce43732c5ec787c44bc8f6d567,0
cc4d890312d16e45a9a08500324449c91785c799,0
022b7f66b88aede6a325b104c05602f0d2431baa,0
8e4f32bc93b3dc9cc93a09e960faf871eff68832,0
4985f96eb8299f4a3cc841909ea9d588630e1d38,0
5edf7e547afbe9dc9feb8ba6174211249138f6d1,0
680c59364bbacdf1ea016b6e2820ff3ca441c6b8,0
b62f371ee8b8e1ff18c458acc760581681eee0ec,0
4ea7cf73f9e6ba17c89dcff6748600541004e0ae,0
5190387030e0b176b91d589d5f5659c8d881fb9c,0
2ea2ed771b388e9734d9151c71bb844a8aaed7ef,0
ddd7b83198293ad2625c52deab67cab239a6d43a,0
5bc9d94199e03b9bc7d2ac0c5039e12b4f50994c,0
51d501158c4b0e7014f75d0b80c93a440041b081,0
fa326c061af1f01be57ea864bad26e651b135164,0
67d7c9f039660eb5bb0feffa6a06f5ee0c470ee9,0
43eea3de6696cf0ec2bb43c796ea81e54f4606ce,0
fa7bd8d1cb3dd96f36e1f67c4d8d5045f9ae0f39,0
35f32eb5161ccf136f25632bc2c999128cf94797,0
9d4ee1dd6e6a9fa3921681c9f179cf2df586df52,0
4cfeef9b53d587c56e9f059252feba3046c01a46,0
69e8c6fcdfcd9be1beed9c59d1ab7c56a11ad5f8,0
e746a7a9e265de1e830428b3343d475d234afaac,0
4c64c19d989307aff373a26acbef2eda0a11a06c,0
93802f101fba77818f3afe5777ada978cc476dd9,0
831edfa78cc082804d0ff8e0664b67cdc3eb2b25,0
9d4921f355d0fcdeaaa657b74a30fbb5a92e12dc,0
c6c6b0d0adbf168c8060452de7d50d45aecc5146,0
0cd8305a0883ead98768cd9e2af29e9cadf8208a,0
98301f51cb7ab7c91930306302245cd280067783,0
06faccc2e44f41aa805d10c672a3008b1ca2448a,0
3a0b80c04d70f43202647b6040e62121190e2202,0
4132c0a7ec406a6871cb5013c708e18772edc5be,0
be9564f7e3a790f09e88294261af2a56eb4586a2,0
e2a4bb9b7d504ab35d96517eeacae1e94e6a6ac0,0
c37f04470fc71a092ed6370bd294a7d56f5e1c12,0
e97a70e9cd4c076b32e49858f2604e46037b266b,0
35ef42cac1a33076775edf2c161e95339250c682,1
527fe5d98f954368891d75fd0ca649c7621d90c7,0
38e737c091ebcc54825d0328458262c509e527a9,0
6310346cc060c51a5ab23b3c81f75c2c6d50a470,0
ec7f6061a8e8e3be96faa8bf0145b7faa75e05f5,0
3fac438a14c4cc816b4a3e896c154b56a5a20718,0
b21713e747d31a7749da5f2f7fdab7a6a104efa8,0
aa49bc4f0abacff0d6449773962f8893b58ec36d,1
75225b3a5a9d5426cabbd2593aac7d73a41c9454,0
e3a636b5f540facb43f657a574b6dd4a8ed78356,0
f07e2d08383e898c217b67661a6aad6b3ab05e3c,0
49b4c977f59fc088f085df081737c7bc05d2486e,0
28a1aadcc0da8c42b5b2bca231738367e763d654,0
8c95b405297d6c01b21a8da4127c255ef005231e,0
7a45f8296adc080ba2dab6395f8657d7a7b46e21,0
2e4cda39252d2cd050e1ff825fdc4bc33891a18c,0
0a573ac7a1627587f8792f22bf3eaa80310526b4,0
0e0aa83924ef004415e50a8775742c7c39be78a6,0
c945654f4e800c06cd930a3ecec8d7088ee37677,0
1bdf81e81d020e8a79587d28385a9366b5180f59,0
cc491a30a64692cd8bf04840d214729f6769011c,0
ec041876d841c35f42e5b4754e255a40599309b9,1
6ef0895ad6fbf407271f9b99a27c6c782001322d,0
dfdb0fb70b896e99e72015a5ed23e8a48641cada,0
94dd18ca7bbda1a5761050463c811083d2d48d6c,0
69e5e83d6e294b7af582790616cac4a027070cbc,0
fb4da04f88b59f333d9b43c2e263be5610a4e13d,0
bf824b767178d92670bd199b7afeb4ae0bd645b9,1
f1ada4572755def14f57681e4a9efddd4ffb6b84,0
348374b45859520fa885aa62c6f8350adec92442,0
50ed784276eadfa5bbcc9ad4d67e2f36350bd130,0
1d051999bfadfe8e89458ae088a0c79e010fc541,0
bbdcdcb4f62478a64e9292d7d95c79ab37f38f10,0
cc2033a8025eda52d044d46faf1baa2bdad6db6b,0
c9e55ceee049c8ebfc5b41ef5fb27e68700a4b30,0
81eb243701b4452dd04ea3c5a9f763d6370b0f79,0
504dd6f02cf50055548253472ddff4e4f0afedb9,0
bc90195dda96a8a32b2d93dd2a75d30aba1fc454,1
b5f9365f41f2c6eb2b2243a0937879054b2889f9,0
172e04da0bf1891c927153c21b889c8aba4ed468,0
807149ed47863ad222e8b14cbf143e8142cfb20c,0
ac6f0785497dbc8cfef2d0b2beaa364077632ef5,0
6bcf9b75a8a65b881f7502d17b1b2e1705e6e762,0
eb6d02e98f289262d4c40da3b697122a7aa692ac,0
1aceeb2c83f717e275cc61bcbef77e84c91723c4,0
98a2fbf0e495c23dbd2b1ef580c2061a622d6c33,0
c22c5864e362cd21d393ac33358019f708439ec6,0
a348618686a6606b8a98afd6da3e6adf6cdb292e,0
f45f31ca805c083dc664bfe978fea131904208a0,0
76957a29c07cd57572c8dbaf8fa92963709e1194,0
459b609bb0d259897e349c4b7ee7063ce7ab508f,0
5690433b331638936ceaad2a9e2d57f6368d850e,0
2dfbce908ef6009b6e430b6f1b81b0042a34550f,0
18f5969da5f6566ae4b1e3a6ac090fb3797c6ccb,0
ac00e0e24da56f3e37ac569b625895a1d8e34946,0
a1461ca83e3b69a449b33e9f8ee35a3984d5876c,0
6d07099e500da058c8cfb82acaefed71484f6d91,0
c4ac846bec8ba4b414269fa91602590a0129995a,0
6894441aecdba64831f78c71ae5c9c30233afb67,0
1b62b8571cdc44597d01c084e9e2d073924e1114,0
18dc387432b0071ae1c9f556be39d445c030160d,0
0e63b2f1c07bf1a279d3ad7b01a186253095a824,0
667f146a0d5477e987940cd931acc94280f1d3de,0
ab8a9fac1a4696932baa2876962d291461d244f9,0
438672706cd1d0dbd7ad750da10f3874c8d6f592,0
2ad6599de67f840f7c33fbe9cda03d95b0a4496a,0
4e43e42beb25c1b8f8342e4abad1ab5287fbd3b3,1
d338dd65e9696b3c763983170459488db49bea1a,0
8b68416e66ab01375ade844ef0c2e1f5bafc5ede,0
18f845cbdc053dc4c8eb1eb2d1a51cd4e719badc,0
93fdb25eef73e045cd425aeba74311b063c3d8c1,0
bc489ebb98d1f324a5f88ce56f3634f324d7b8a1,0
a4ac08c10176c7ddca0d69c236eda4fe7960dec6,1
05951074fd0b74ffb4f6a628c95d4577f3461387,0
fa195fc9a4f757f91e7c13fcb253fa1b93df49c0,0
d375b6db407d5eee76bb2caebeebfeed6a9aae0e,0
d2eacdb1841f190ebfb3ed4bc95b0029e7d0420b,0
72907c5e76efd31b221b854fbe6b9bc4a20cf0b4,0
e412c221f210ba37cabf0613a20ff79438f7e266,0
3008d70a3c94200bd8b897da26614867914b8f36,0
c7018911686cb487f156c96cfd60cf8249f69c7d,0
7e9509fd04ca37829182364ef399fa5941853e8c,0
48687b90d10f61b20fa95a933bbb5a3a2975ea3c,0
8bf21d77a3003248bdfe501550d4c60d0f6e05ed,1
c37723d329953d6249ffbc327f78fe48b7d7153f,0
e9488509edeef64b08ba600898d1df77ba53ccdd,0
6c1ea74042edcb6015aee76c270f7a004717c748,0
67e7ff2d4c59e2c1ef466005a0137c0605548c52,0
9cd0fa02fb086d1a52476e07a7330da63d543394,0
d4303ebe712a8f0ea2ef1213727eb62c888596ef,0
9f6aae521d5c3dfab3349e2ae4023acece2406e0,0
1ee5a955951c8c394d223168c76e133b2ea25e37,0
60e032c9396df18c82d1341b91114cb44b330f79,0
517a33b8c6225f57476d91e6a4d76fd6e026c60a,0
2db587074ead5fa400a5ea78b0928a5bc3d1a913,0
88b2bcdcdbe3d5b9f7cf029db236b8d2f7c5689e,0
f6b609f04478dcd6f3cdd7f2dd8bff5b346c2704,0
4c90929b138066541b7bffefb7fb643f7eb968fb,0
b27cec6499146af6d6ab918d3f7b4d831dea41f8,0
3a1bc54dcc879412b37db49a8daccb7186858377,0
a1645414af206281ba9af19b34d6247438536b12,0
aa0b54f25a8a42a6681f21d1e5a47c3fd99cb125,1
7fe11e5c51022649f31363f2282dcbdd1e37bc93,0
3a199415108f10734b184bc116ec94d8cb4c3f44,0
7c12727dd099d7f7436f257201869e13e140c4e7,0
9bfa9d10086140b857ec76a59d6622631f251027,0
ac440a163ed64d89c429b494fd32af99e08e471f,0
40744577714b6c11b4547b2c6c96434149a9e60d,0
5c4d76941bd61bc68a5ad285c989b9085257be0c,0
3914abe5c731d8400ed149a27d26e5f998f59741,0
964dd11652f0a609de4e70aafbdf25d69671e118,0
f00b1f6011e7d716c35e78e152b25210d13119d2,0
effb1afe4009898b5f70f844380a2279c02eda41,0
d00ac58509c11281a46855bafdcdb549606da3eb,0
0f44c70ac340fa8436d480064e00573d038b5978,0
b20518751a3fb21ef45c0d50599132499a85faf6,0
2533ab4015c2cb962627145b8615591105bb78ab,0
7e3a30dc7d331736aad36fe47468db050bd084af,0
e962e71b2860aff3a4790fca8001c87a7c3a0a49,0
235ae27257d4684715bb491388bf3b3fef85516e,0
f0ca5559ef3c75e53e2c891b84d8743c073f48f9,1
09798a7be820dccacd1a46e5b58f604889af8105,0
2940a0b0d237242ba3db470c9d65df7049dc04fa,0
12e7ddc8da493ec4f8f6628ecb33d859f44fbaf3,0
ce213b981136b77d32d74ddff406f56a8cff1eba,0
6535f5a9191c5d7811591128313c19bf8a8d993d,0
91c8ed60aa9b5348c0469a9fff6d35f01b13b6cc,1
b16495ec0f28d6301ed5dc56ecbd689b1f38512f,0
106da218cccd91ae75f859968574272e1b8e9c7f,0
b2ac5eae2f5b9b32b30001415b408408edfa919a,0
e5aded589a6a343928fa612d2dcffe47a3bf825d,0
e18304e61fceeff4793bc9e69b15b7d7b5af9fe4,0
03b80b67ce6f270e047c88d111e2e0ced143883e,0
faedce86c75f57bd02f4000ad2e8a9b3e4a4dd3d,0
cccfc8f594d433ff15b51115cf64f862f8274a0a,0
d8637841bbdd4d977ef76cc8ea27328b592983e7,0
a1bfa95e16eab441c22b1012ac5d577e3e7cf2ae,0
542203bbb10b74fb75713d504052894d70fe4c8c,0
ead2eaab715563acc41e390b0891c6858a826ca0,0
cd84ba820e22150ca198f7eca6b0de448c7e5410,0
6922b1917f80ae686941cbf9393418f6badda9ae,0
edad9c496285c01c44e98d96ba772df5898b8349,0
d19639bd52d51ff4c2fc5a5ea529e0967c94f752,0
f6a36dc095add1e4d3ec4284f8b1746b94889b66,0
a1c0fb47869d14da6d492cd316c758fa4739291c,0
1e11a1e1edb4483150ee8c6c91cd2baa0bb9f8fc,0
b06ebfda6146f34df84870a2a1f3cf8e90c8257a,0
becc3dc32d98e7f34b3210c36a3e7feba97f75a1,0
c1c4fda0026562d129ea9d47d9a6fa7d1cc550b6,0
889ad6b15dc83743aa79fef8e5a15cf6523c24ac,0
637ef1fa4bb115d8390ebcff649c59475f38cd8d,0
77f7e0e9a5b21f2e513ebcf78812f0952824657e,0
99cf713a4e67fd11276d30a87c672d8e5ac5b822,1
562d458cbdf97efe490a6e88e6c849bc8c41b178,0
3a552661317653c36e0b0f5b341e81ed28de95c6,0
5144083750fb7cb40d2cae9047f7db15c3307ba8,0
a37eaee63ed1d7cb8d961e2cf4dcc6f97065db09,1
a9200fab99265f05967ee65a8f83debdd6348e30,0
67489f64e9116270ec371f141101b4ee3a8a20c2,0
b2515fa48a18a91765127f24d8b123839790f9f9,0
89ad056ef7e45dc4d7e19322e1c865ac01536d2b,0
ff765f648c231fdba3f499433d6a0c6395f6cd0e,0
8797933b2ecc8670cb2a58e20e853da79e33ed82,0
35dfdefebd25e047f85985b83f89cb02ac75fb9f,0
9b9e71e4c92af60f4e478ef19c86aed7aa1847ef,0
e1022c4fb4910fbf087e247882c5ce012212ace9,0
d6033057b2288413dd1e4e79b601348f5ce6dc5a,0
4b11407e74bcef8de62d110c43050bec4ec28961,0
173f0d6c05533836e9293511cd2d389e8da5ccbb,0
e6095c4d7686b2c7a9fcb5014aa4e7930966891d,0
45ea131d62f519e2f7e7154d98ccef53e5cd8c43,0
24c0121b442f3649bb3fcc4c0fccafc343b1c736,0
5a9dcd7f42979f67bf729862b79752bb8431ac08,0
0271d5b6eecba31469dd8063a016fac4e95bf562,0
e88924bdffa4106fd0777ca3a7abff993903f80b,0
6068cc46bdd8d1cb53718aa9da6ff97f2456d634,0
4ac16aaec5627e4d363f6ce77617497e2b21ff0e,0
4b6397179906a30d4b1a71bfb6d491d41c806043,0
1a8c708863e527b9c61b7c970ae30cd33a38a865,0
613f9e45d60ce1e6a91d57549c61e8f697ad8e44,0
c03ccfd7ca7fa0693b298c3d2e69f234167bc26c,0
ac7b67f3d2f21f207bced6c0d6bce32258692c3a,0
0137c76b37aef5677122f3a46d5b8a5fd5067cf7,0
f5204435730ff9d02eb69e20e2a90584806688bc,0
9bc6b450bed440a6b8778f4fc6e7b1238ffe6e48,1
057443702b22d6ce278b487bf144123da6dcd0df,0
7bd292f2204433df5862e4d6e8ccb2e50703f7d2,0
231a0b283d54f685eb500991535c665d281555e7,0
c68db7d81be743444ecd40fc8e192bf571500f23,0
99b5b849da23973251f6cfb684e44bf32458b612,0
2aeb15b8291b19e7fc6182d7e7cfe57d3c320d51,0
a7c5d4d0932e356d0681235590d457d814b74da7,0
75d6594683d77536391eba197fd85d32ba9021f7,0
c7f82b58639c2c7cd30a792944b1b44aa943fac0,0
5c95b10654aff7368dbf8b62cf08374c9df15500,0
adfe99c1e38611ddc97685325297a642dbd66473,0
726b92951a954e9b27fede289079c4f7c035a023,0
0d63aaee06a0191c7a49ed7f31f9f4f05505f07d,0
8388c2811d59e9d615e90c74550d19de4bc1d5eb,0
15369d17ded6e8a42ce9d021c729ff49f6d355c3,1
d78b4295930fabc7ebd2d9cea5a06bddabd5f7c0,0
fb9d352e3e267bcb8eb654a29230a1bcdbeef94e,0
fc113fadbf3c070c8883015e149465834bbd555e,0
f9387ecb0e60ab70fb5b8d8dee5037bf09585b17,0
4bba2f6dc6745e491e59287a7d1d9b4346a8189f,0
6497b50596ae54b58fd80174c946eb611b79b74b,0
3e604d08d4e8370bd43cda3379167158490913ab,0
50a59a67872485e41b5fde3ebb5b33ab2412ebd3,0
c2088e2cc79a52a1052e978a95246f9dc6b001ce,0
af6f5d97f234fc1aba87463fc986c9bda4876c77,0
d16472371a785204a5a7421414662a64309f66ac,0
bc1fb6e1254ff1cd9b0811bda04d571b255e294e,0
2b34717f2ec02a1b6a9df5893bbaf2668097a3fa,0
d7c6155d80a9ba7d73a1e1d71a523176433709df,0
8a1255ce1943d0ece33eaf8088608cbd6bd10b4a,0
97263b05818fce89a4ebc27de841d05acb35b2c4,0
d86fc4e5d3889d37d423523de3542322a35f3e07,0
9edc6174f8a3480504a52c97a78e89bd0d20d0a8,1
e988bf4677e4be4c21169c44bb7e8ece28af9a06,0
d83336bd07672081690fe117c353f4cbe233ebf3,0
3d481222f1147128077ad5783f27b6fd233ffa56,0
1260869d305366b435f579c12e7273b78194c657,0
30c51e83c65a32a289462957a75cc9b899e84a98,0
9e6906e25991b9f845b128bfe5b9fba7293d0035,0
029a9f7e8a80c9b39980b40b3df9c4ec7a15cc4a,0
d2d4ea4ad8e8bb7bf7602345d709d1277d63141e,0
584a7938212ea48435b898bc329b1f2f9510c7b6,0
dd94d5bcd6d78322c8005629a617b8fb1acc0d83,0
f384049897c66ca1d520e527b21c12b628c3ba83,0
fbd661fd40944919b23d54bf2e6a35bfb32c8d57,0
43b22ba9019d5c5f52812467fadb73d7e95735e2,0
1cd8f532a8629be88768073ad3d213d83f0d8238,0
15ed4106893a851116754c045efbabd8e872cde8,0
0bad063e31bcd30c03aae36f2fe009b2e16f93a8,0
59c172ed00a6802911f5335f4240409517bda892,0
44803d36a9b99d64b709967db257962484c0659c,1
41c5e4fbf10c720b0948babca0973cffcb3ac8a1,0
2d7e42934847e47d63bfb6516a2478d5fc835648,0
983ad2a6dac0855dd5e54763b8f3c38525841bff,0
40cd2c0d6643dd636e5ecfeb180f0ba11d0fe723,0
eee0f3e8badfe779b6870dffb6318bed32f5aae9,0
17edf88dcc60d4e2044f4997621dd8cfe98e9f3a,0
e42ee3799f73531257ddeb81ab58b8c1da36616a,0
d9553c5eccd836d537e7d65e8757e3e283a88fa2,0
f7ca1e6cec1398748798dd17e462fc9fc55cbda9,0
ad5d5e7f6dfabcca42f9e7d27a09d8a46bc265c2,0
02039c2865b17332fa9e353b4bb7fc304c65a5de,0
cbc93c6adf94ddcb741ce360f7b10e514639ce58,0
9d40e3b8d79bd0caea2e09f99f7f8cba75b3ceea,0
582715a6dad97d97d3f0f76ec341246a66f97d37,0
c79cdc8b86ddfb088691bb7ce4bbe807381ce71b,0
9e78932fd553431fc60917c7cd05bbd3bcbdb8c4,1
f6a37ddf3bf76da754647abb1446ce4131e70d18,0
476be8f6692cb26d29e30155770f9fed72933af4,0
456fef574581f62ae0e9344f25862daeac23aaf6,0
09e61e4bcb459cdfb1fc59c91c0442406b18973b,0
8d6a8dd638e1940fc7e0c154fb2b58a77e6f2f83,0
4d7b0d193516886ea8f18efc3f5b413d3d5e4fbd,0
60a5a8bda591b04ff1e64bea63f09942d376f343,0
e97edab8df1e9704d2ffa5a21d86a2b9a81f70b4,0
2340b3a5a358d83a68a9f17d8c50f6b0f9be66dd,0
d474be8376f1d193ef3c504193b30d2482fc5f3b,0
670b56727845a2b8232225378a8c107bc609ee8e,0
e3a7ba3fc0598816b49260f069721ef70a4a8096,0
956315eaef127e1c5651f72d3e5f4441879dca3f,0
de6a9e7de83639d14d48292c10bcfc0f1c6686be,0
0c725fb95d1dd95a15c2a6a7077ee5be853bd275,0
2e3acb9da85924662cd9043a41ce292a58c96835,0
e7ad95258405e0715696489ffb9c55f4775ad2b2,0
d49f3204e27d9650f3b44b8ef67aaa26bb2b2a1d,0
ea5a605e08dc8bdd5f211498f5213da44ac0bc66,0
bcefb5ecebd0874cfd727dc92ec5c0c5bf6d7b27,0
f10ed706e2cc393bee479c97799fcaeadbcf13e5,0
0ef8146b93565910a56311c0159670b9e34d6d6b,0
2649e925d6fceae78d4e2355d9977aed717e1a15,0
0bb5c78ded7931b6e5df8260ad055776c1d2163e,0
03a7983ca8b13725117a557c0b61221383818638,0
707a75c6db33a2234d4156e7a1ba14996472bebf,0
0282d3615d5bcf5404bef3a43f84adf5f90d403f,0
b3cd8f7b28e55eda95a7ebfa6ccafc2c731b0d78,0
70716f2614f0ecbbbf967518efddc0d736a56e0c,0
513a4d3f389a8f4fecb94005625abf0065c8d4ea,1
311bf8feb237b3b489145bc7924198006c4c6693,0
b7029028660c1a1f71edce48f80bc77b16ccaa8b,0
3e66c83e1ba0d4c657e319394918682e6c1613fa,0
4370b125b78e1c3198b9a6405e5896b30f29a630,0
b9add88ec4e1da66e9a856e26041ccdbe1427151,0
4f4c3812636890cfff31aa9ee07996e1d3afad00,0
58a15bc4f25ffb889cb98bb750f5bf4f6cca003e,0
59261d1b6e2cbb3ffb6a6f0e85e4c7faf3b4a34c,0
f6178fb9c18a09315d4fe0fd3d5e2dcdf3a09e8a,0
b68d1cf426208c39e1cfb40e71452cf38020d39f,0
a45cedef256030a401c8af0d6c5d4248b7419a50,0
d69662e7b32d5c0cdfd53b5e2e4c4167d1be096c,0
df2c6a4c4d9efa59dc730b4a430ca3d47bd0b3a7,1
a6cc21dbd8ccf31e8131d856bfced9e6469bc953,0
88608629a8c0b1a136651055f749d315cc672686,0
3f0cdf6c02cbd4e21cbcfbea1a2c36dad4fd78b1,0
4589026122231e4679bb867af0236311fde6fb4a,0
d3009c634a5eb5eaccb1821f69e84c63fe6ed3f2,0
a1f5c7d73481d116347f5dbe8e075cae37f3e500,0
ad9f07b3caa745b0c03f31ce1ee2cc30203523df,0
899109714142dc35adc785710d43776d3730c0ba,0
4b1ba1fd17f5a9964c7255fb38ee9ff7d91db56f,0
dd7adc4d9db0e41dcbd0790c5209736545d19de1,0
6836427773b32c86a6659f073d537d7bcd8aae83,0
05d97c15fe891eb2e66d4cdff7b655869101e695,0
fad1cd3a82bf45f13021420aeb937a2c6adc7c4a,0
f18a6b6dc720881e18149e73f37f8752e970cd3b,0
e4f631d58d27f83d9f86ba7d2b2ede23b43bf455,0
609dcf99903ce6e40f499c0ebf5197463ff4f662,0
d5d3af95f666a2184d6010289fe4707770a73c9f,0
098b2b787292bfb909956abab53f2e06c0416c22,0
83100596ebfd9db7f5f4434c00689ff277a478a2,0
2d3877e99ada78b8974f2f605106f739c98039c1,0
3ac933d88a0bd213c4033b80e0ff4cbaa9c78b6e,0
e5ce5e06e2851b78fe45f36970f8a6e9afc1894e,0
2810dcfe9bb2e2797331447f1137fc6db0538829,0
19f6024eed047d92abc77c3277f3e5f1ae3981a0,0
db50fd6ce4f2b96a63756e0cff797c9e04cf2784,0
0fb213b81f92a0382eac09f387ff0dfb4af58e71,0
363c2e9251d4d3a635f378a4d0c4c58d449e7c88,0
ecde592c38a6095a1ca2ae5a8e079fed3cbd322f,0
ed1f24611d233de8bfc63f07b81a448a3817bc3b,0
876cea9296237085ba3396f7d459f96c40ca1bfb,0
64d8c4e93c0c63a0907df07579fe0463ae16fab7,0
212a01ff7427e26b5eba17c81bbf0509dd130351,0
69a38a15f51b056980afd47174a5720d3fcd4c2d,0
c26537ab0bbbae06f6b320b0de29eaf8f0e0fd63,0
783a58c2bfc8ea32fc31f761e98171b745a80218,0
cf9b7faeae9cba583fe18239378815944a7ef050,0
f0572773888f88c520fe4ca9f11104bdba986aaa,0
0bfbef8e5952a7ecc0aeff86bd7b9384593c8237,0
2aed1e6933b66ee4656d948792c1272efc08c67b,0
5a1f086b5cd5838a4f9c567f07be0a714f9a031e,0
7249cb3664696d2e11c97f41cb6d1ac3aaef3e00,0
f4a86edd14ce3009985773eb3e9ab69dc7bde83c,0
2daa296e90c60155e2b8b231bab80422594491ab,0
f03202e8e531b97fc0130a64838428bf6420c3fd,0
48c48d58e3891f011eaa95fa0ec423a3a89d5164,0
f88064ca69bf248d8a75053ea53009f7af947a58,0
94f654fb77350ac1b748ebfc219fdd756ec8cf9b,0
23b0d394deebd31e75001bf35ccbaafa21376c51,0
3be5d46dbd9fa17f2bfd013e4cfb69f79d027560,0
df604c32a75c410fc4e77ad75fce8852b0df345c,0
15cbd9fe30b187d949bbf9fb3ede9f96e70cab74,0
0bf380865d1d0c826eb98c70ca28d294dd86af4f,0
9c51df13694258afc6f54c59bb67cdb9561d0276,0
3324e1f379f48a447c475d0065863ed1c7cff955,0
f39dbe3610947953ffeed8a86b2bfeb9fec0f88e,0
c17dd2c5e76c7c1cdb2507b4e1cd8fdd013efa1c,0
9c5715fbe235c949928c0f635a79e11bf9e8d310,0
283e1d4b95dcfacd65642a314ffa0ad869a6a7c5,0
aea5a496d405499fe1272ef30dac950469ab54c0,0
8f990c5ff9f0f438e571c5f6f7dfa3ce0814c341,0
f563579ff3f83c84e9a079bab54911f590346e64,0
fae5977878ff3602c7999b7d6dda4a844e8a4cda,0
347e3a50668fba763e4fa714d6242add81269b27,0
22abfc2b71bf4676d3957511b0777901b914fd81,1
ab8ae49f83c5550c77d1a3f52291093e20837732,0
233921dd24e6927c65a945314c9fd439818859ef,0
1f2f1c64fa9e052109a8dbb164ff916a8480351d,0
d7a81ad2bd2951b37a5f8878983f086396fee698,0
cdd9c8985f292bc9e56640b943507e3d34d998c4,0
59d297a86fe4e3ddd18522f2e17a2b35ee249b18,0
341f53abdb0b5e46c7c45fac9032df953a78c021,0
9cbdbb11a159f3a67a84f61e45e758c02da16827,1
1958d9349c23800810db23493757ec548fbc32e5,0
d6cfce6579e915186ad06ae3bfbcf33a8aa10caa,0
ebc20d7a5ff01643c45ce3cc8775ae495e7cc502,0
794750395195ce430f3a7f1702614ac128bde204,0
b1fbee5772f317fb3b0d5ddc9b7c82507f61033b,0
0fa28b2995bedbf2fb113acf1142757e20774c7f,0
a8768c9e2ce950f4c8f1f168f3dd272997595d06,0
4183aab5f519c3651c99259c84577bc01e54eb53,0
651c0c906ca985d511eb2c0beed07c101600bcb9,0
1da3c29e1c55ff3df51aecb26a9ae97378293ed3,0
a8e9d6f84b475aef08b5ae31d32fea304fb52a9d,0
302338e839b6cd5bdf2505befd15ac067a60e7a2,0
c45031c03e9d93e000327e71c07bae2821dda984,0
16dc1df4751048744146d254882d201408362072,0
0f503e1cc52d2ac17c52f2d9b8301c3cb5b6c639,0
550337ada5951fe37b46b10a168253300e8c79aa,0
b7a8977a851eeb2da715da6ef62f34569aa39963,0
ff34bd96c790a133145bc90a420252beaee270f3,0
518e7e70770bd205d3e082d1dd44cc036a9f08b9,0
582af0cc0572027fdbbf5280e69e1ee2e682b0af,0
cf78ac9c784c0fbff4c78a152aaf060fdad48b54,0
51d71067ecbbec59d79d5ac0ee6ef2926f7b7f34,0
727a0074e74d09d7ca00ded03a2204632682f075,0
24661330a524462dedd5a57c60788992b2e388b3,0
a73225c963da35bffee48cbe5463f1060b6b29a9,0
ebbaaa296e8fcebb92ca6e413333a27869d28a0a,0
cc6745131f11bc475c56229a0f86b4aed3bbbe3f,0
d2658cde1b08dc95cc88d8da123ad3a7cd5c727e,0
e5734a7a66d27a9030c54b8034dd5da99c4c6c35,0
7efac0ba9e662a04075710cc0f71b8bfafd8a874,0
8e22be82ff75d1a2e37d7382c19a8c043155fbc4,0
06af4e7fd7cfbf95dff7890e5068b488b1e67c10,0
db059c5e9ed8b1d3aa228819c2a71f692ecb674c,0
901f694dbb489dcc168f5420119e3b8392445faa,0
e25bddab6a1ccfa17eb96fe4b67b3b0e150e29b8,0
49a9e99a0dc6012cc3292787997b43a565d893fd,0
f4b8b923955ae863df9d6ac8eebbbcf4933dac58,0
7b26b4d7ee18df46b82ead0f8e825360da6a65db,0
42ffc118cff2d747d63954cc26614f5b9baf6ee4,0
69c65bf39c202cac5bff54e03d1c68750ffb08bd,0
6ece0500f23eeaac9dd063da7b3e72a41e24b1b4,0
84a5e739807a9d46f89adcbc8344e0d022adb03e,0
b3233f6b2a81ef9631f79621e17e95cee7dd19c0,0
7dcedac07e368d58865883af90a8728fc9510155,0
29c75ff35e0680c4d4ab7158a67b4c1abf0acf92,0
04fc3d5b3e056d6d2ead133a9dfcf630d1315c3b,0
33587ed0350a28b2aa19c74eefa44e127a8f30b7,0
3fc838f40cb9e36dff73f6e95927b51930d73ea0,0
c38fe4c6d3544b00d182cd46c37fc8fcb2b60907,0
0fb14573517df5e7940f619702a81ae97fbb6bff,1
3ee83b9c3c050d003ac2cf9c55115e9544d8899b,0
cc0c779d2355e566620d304225913945bbdcddc7,0
b684215d37aed81c51af5c2f39ba151a771e832f,0
387f25e6fb121038b9f6c9094bb1589ebcb76fca,0
de0df38d37318d7235cfca0c963a9743c4582cc9,0
39f1cecbe73717b00145895f755e5c2a67af87ad,0
365764bdfdf4be194c52b9523c2812f74f291f7e,0
5aeaa970fdfe992abfade825518b373111fb3518,0
a170ba56a1596315110128fc82d119e35f492137,0
095e1de089451f88cf56e8d27edadcf5a33a2db4,0
ce94a2e2983c232619021800c6f5384d17b0af61,0
10b218a36ae19f220123278a6734197e49feb1b9,0
b44982db7f94972dcf0b69ab4fc83aa072beeb3b,0
cca56493a14605bab96b306bc789910c187ed81a,0
9c534691e8c35117d1da980c73cc400af4da2004,0
55fe7910ceac8ad6aeea26a7789100426f36a300,0
1362529d827182105bcfde9846268a7cfc071c86,0
36bea9c80177d2758ff0967771a0b2651947a1fd,0
18001a4f1915520a8fd9655686b1ec34c668e1ea,0
41ac8a270f550fe28e2e770212e77884ebef82a6,0
7f028960375b6b0454710cd7b16aa17f94bc4195,0
59af00e6097cfdeddb3e1522ccf5ceba29168ef8,0
f93e5228dc294190ce5ce52f557586033153cf61,0
1c4bf18d4ee76c0c63d030d9a05482d75b2d6239,0
c0cb349a497afa32d3a3cbcb01874efd62e19199,0
db104e5214fb5aea8e07f77c124e13730af1f816,0
79ffb352d9a00e65690d834af1af68720bbd26ab,0
dcbb7359edd7007c9c105dfff65b77bea556331c,0
9f837ffad895cfd6b78a2eb82425c3760cb2a9e5,0
71484a779c7eedaead18fda2000e7e342fef5b7a,0
4aa583cdcc8391106c672326e6bd8a12d768784d,1
897a33af03a7f5e60c5d1feb538c8538c68c58f7,0
f0da2c8b3185a018420f9cab34825da710d44167,0
92980a695cb1c785fca796acd12dc52f3e7b0b0c,0
25d89e70c89523e1e63d40288f5700b1f3616350,0
604fcec6706d5a927e1eec39fe1fa30ff377a62e,0
897fa884ce9c157c317cf81f510976283e7f3bbb,0
1f5a291b0ab937236faa578837f803c1d103dbe9,0
98421964043f793bbae2428d5043f7bdcccce8b0,0
6b26d314d1748ad36c23fc02550467debc641430,0
f56bb5e255e6c475228646bb6abae7fb6bf02c51,0
c6ff9de155b1caa532a850e466078a44c619e52e,0
95cbec1e8a97c0bb525f066634a4117450dff4a0,0
eeb6d2b8fc3fdecc2974c9de2625d170e338a4f5,0
39dce352d6c70af45d0cb43a83466ab4efbaf845,0
4e81473b36fd8efad1113b2caa82248857195bea,0
f9f6dc3741c8bb06dac084cdd5b9f12a013c1f98,0
0b58e654a5f3da845d71b70a4dbf21dfcaa8416f,0
69bf13da7e640a665e8eaf3284fa1ce2666337af,0
79d380b84dd63fd3f93a15298ba14f7562ab0c80,0
b0e473c9287aab8ba2c5837311fb9e34153b34ec,0
154f2b3f0eeb544efa95dac16dd35194cef0e0ba,0
37bf90c362a5e02ce179ac273e8c5f4df1390da8,0
961a884526bbd380a5ebfdc06a5128cd3d9682ab,0
e88f3f5907a4fa33230f63a8b8279aaf29e971a8,0
1f2dca28e7d6f8f72acbc4963142e671eac3724d,0
4c5e5ca2f93986e8346eb295174469d7c3f13b97,0
930f902e75435024b12db8e73058e7ba8687a4a6,0
1fd1e114a936046c5e16edc61680f6e9a8638378,0
bf32364ee44088d568af343489ff242045b26c03,0
a042aadf08e3a7da2f46a16ad34871157ff96264,1
89c93b9232c7b7589251e3eabd74c11d5bfc2c5a,0
6519043513d18d36ad1ef0dfa2272a2dc9b58d56,0
debf53b8de11190b1201798354910785924797a4,0
625898762cd5bc31ae1578f9a9c4a646c4ed879f,1
0dc87220b35dcdfc3cb8f189be72fe05423cc119,0
c617b402c4974201e23e4ba8b3161f2d70831e72,1
2a5e9165ea6f68cc62092bed180c62ea0bbcecd9,0
a6a3556f259754dc82e22e37b8b611ddcd9c8635,0
fd9110d760c96cc9b162d0d8b43b10ae0ebb0923,0
fb943bfe172c17390a97778cd01a94c00e831e3e,0
ea6caab50e909251e8a621704ecc7266cb1bb0ca,0
d2aa0b99a3b7dd7d113ef6ec1dac3a875dc32496,0
3108ac9b35621f9f84b8b1d7514713a89e604e6e,0
73b41f636df1fc19f79d20f05b4ce92014cf3412,0
707c0c987e8c5d0a35cf50590333e89debdbc92f,0
c815fb03bbcb51266fc8f63674a19e91b1fa190d,0
5193f6c990a950f8f04419f21c32703e02d8f961,0
454454a1a84a96edad14ecc6a9612a98682a54cb,0
205c72236f19067e0c2047cf5c86cb06f17f4b1a,0
58c2a93ffdf02ad850d19c5ae5bd4b6a87c89439,0
67f94a78aaf0fdba04935f6b4c49b18bdf8419ed,0
b24f0b08e25f7b7b8517c939d77c1625df786957,0
ba7d4c6a39a82e4c0f633dcd4f46835a4a827d0e,0
1d19a10a92ae4e19ee34cce4bf385e2e44c67704,0
8f29d1a91b55359bc3f65fab18e9322d2e027c18,1
a7090bb41fae5d5ec6b7ca143b4ec878cf9bdf7e,0
43b7814028efc86f811aa18f16a988672cdc44c2,0
b965b1010ae1b2dc236843a48cdb0f63bf642ab5,0
68a950f73750f15b3768088f0a1bdf31729e3892,0
2e7711e1c06e089f6c5b2febafc7400d87573ff5,0
ddd67d45cde16e43ade6c345f8614c9b636ff007,0
b49f83d2fbaf967ea7d4b01795e2d4d36335b6d6,0
7a5399dc7bb3c39c360b42e45ff1b00fc8e75185,0
d2f38bf90b3ed8d6507b6e2f81a5973c2015e9ea,0
5c32feb5b691956726de6c304c210bdc5d99d232,0
05f6b7acca67d9855aa44dbbf3553333a887d79c,0
9879cf61f7ae8a0a9970b5bae1ffceca57f0fae2,0
ed0a0ba742a8b2f061e1374ef3c6dd1b71f841d7,0
cf0186b20ebfe222b83286dd68aba9a500e59652,0
08c2ea99ff369f7e764c6e87fc1361d2b63060b2,0
2e3e9fc579bcfca2240afa09f93ccbab5498cd47,0
92c65220c13ab58eb0f0d97232e8263d48a4bd27,0
3cd1ebc1b10d59b22868da3aa7da8b016247ce84,0
b197200cad512f14f54a86a9a8ff1420a66559d3,0
73bd972f9a25af5a0a139bee4652077088705488,0
b5927b47ed3dc95ebec17b4c86cb604cbb5b6237,0
50c90c3dde3b05705920a67b508639bbf3405ef6,0
b9d9bdae242c9c9fbb9b920c2103a2ce52790205,0
fcbd704e6b0f54dd239d40c825a9093c1ce23d62,0
08777a68349f64e29518ec7dd378687daf9037c6,0
69a98853964fb6454f5adc3151e45256b521447a,0
3a5ac81f75c544fe228d22ee90922e2dafae3dfd,0
fa41a1738f4803a72b4457047af33432aa2c6f85,0
2c6563d72c5d1a5bce470f0ed12e56e42b6790c0,0
1dd7090f13a4e69026a7a778258f586d8abe20fd,0
e2c98c608785a929c5891a3a7a3e57528675d7e5,0
93bafcd8722b0c8599d5bc940ef20533c24c2c53,0
d8031a26faf0dfc7adc597c9d8aca686c689cf94,0
fbb5a3551ba13157d413142afd70f4021e6adcca,0
43b89ca7356d887e2d6e2448abac5c3e7a9d76e4,0
f64eec1b0a69d31d975c17380bf1d6c79676150d,0
18a7d52add31ced4f20cff23dc33f5b304b4fad3,0
b6a2fda025b859616debc9dc9c060189834d1d98,0
c07947b6e87ad803788904b820a5347d0b416de7,0
a059e2bcf58b6b36cf4e25ae63b8d4bef71d3636,1
1b6d49259a5a7d31b1915809a177b341ccbf5acd,0
518298b82567480e3545f53b0345f0b04c20643e,0
cb31182a0839e4efae9520f05e068aff01f69dec,1
1e5a7caf1d0e279c2a6d5d5243969181c9047bed,0
d010cfa2e87a20c73ffd0f1c28fbe27c53dbb21e,0
2fc6dae5006e238b7f2067f91c1dec60bd5e3139,0
97536b28dacb70cd2e5ae4ba48b494985548c67e,0
e69430257053623e8995ee7b4118d9b556d87480,0
1a14f54d195ecb0a0f0368b83bd2c320f4fedf74,0
6f75c1771564141bc3ce73020692613e2c719a57,0
b8c17faa3d372b31f39d7cad1ea67b5df484e55f,0
bf4e2c4c713b116e169d4bbdb52b364110f2c201,0
0321a512cf5442bd80cb1427fc3e0a90e5b5a361,0
554aae9db15144d81da592d0ee4666bc159d0120,0
9dcf1fbe9ea6457926ed03473c463da0201e2c17,0
f125dd00c8bf8b393e64ee3d96e4367d22efc4cf,0
365e44c4f779744780a77198811868a199be6f3b,0
f472a2b77223d0497fb8efe82fe975f9e183e4bc,0
5e65a07a4afcaec67e719963fe798e50df104feb,0
1f57e19423ca447a7f4d01e6d056648893877968,0
1fcfe5f2af098efa0a82ceda7d6a0aef008944a3,0
9660083c5e5fb81d07807e79b5390b0ee45f56d6,0
d29856adf426157eade72a0f9b030f7eb75c8f14,0
8b37be621f54aac9e96c47083b2435818eacd677,0
965d84d54117b7e60d1cd6eb79678c6601d90b97,0
4df1469d9eba9c48a4f2fd6a0262e806d41a8ccb,0
8e709572bb979178c86b54986f35806e547fa96d,0
8d1b1bba3ee936abcfd1e83529dbc0c758b470e8,0
d9669294436807f14ffd925b6fad46d220aefa0a,0
f025233d78386e1a4bf94097cf242de1e1c43386,0
452bdf6039f917826b45c457db80a28d6e57c7f3,0
372d23f61865fa8b17baaa4d378bcbf7783702df,0
66d82f6d791081f58143498c70860520474a2405,0
3c7514500039e4ce6fab2522ab7bb17ebb4fc3e8,0
dda6eb077812a31244b9843ddc1f6d45a117b6f1,0
dd845432acd786f7c4dc32ce1ce1204a7bb253fe,0
ba83af8221d0e3b7a5c6dbaefa1f5e794fe078a3,0
325fea419b8fdd6980e740f164c6b7687b216c22,0
6a1df9bdb6a07dc93e67e6a0cb39da6f6d9e88e6,0
332b2d39f90cf813caaacc0253093e4d80493f9e,0
c0c4ec7469f2afa1320f765971bb863bf59b5dde,0
be40dd4a0238bf989aca18718093d1d0dcf16397,0
b6dce4ec61c46bb55ddcaeec89562213d37a7e13,0
4d9d94a123bf6eaa08efa623ce608177c761fa75,0
4d3368d483db42bf0f76e66dafd1b281c7d01f0b,1
fa54ea765bc106c41a31873e4628abbdd532052e,0
34591b8c9d6b53e5c81b3b574b657fddea352c1b,0
2020498f77dfda96111ccb99431d95fe72c04344,0
c5627f3615c48a3f83c2642fe0af32a55e7c26c6,0
c29f2c7b2b5c5dc37f7a7c9c60490906f0716f25,0
aef8d587049da943fe88e336e2d7f7bcaa3838eb,0
64bd91eb962d2c6f1d5daef154177806432b2d15,0
66dda424595d766446ba1e45c6b61f1840bdd167,0
20b822270ecec56cd7e7aefcad345c49a73022a3,0
f87b0bdc47af7d82607f2846b1b10335deffd426,1
011e6da44fb3e89468f6759d7e2a25a0cc415817,0
a95de4e3d114c2b68684e8660176f476705f84c6,0
b2b9ba2de0d77b066a802fcb41c3661aade00473,0
ac84d9e84507413815f76689e81eed66b63f8d10,0
39df378baa47f5419683d04b9531cc8321cd1840,0
e3e0f7affa6b024be67fef684548a8aafd40aab0,0
259518c6fed6675455a945aca279aee676d184a9,0
c3781853076e398f8b3a556e7a3389b66beedcb8,0
f78ee0c72262e380055bb930134d895302963d87,0
489221f6dad10d83bfcd932d86a2ed80d81e60cd,0
3fee11fbd01d839571fdef2eeaaae52f7c926cf4,0
824ea512faac4254a3efd73495458e68519b58a9,0
25c49aa0fb832647c86800dacfbca5da86f3a7e4,0
d4d8fa8973ee8e9099065668e3d75f4d7215aa7b,0
6114a0a0e2c7915a4b2fc3e5c882cec9d6d74b5a,0
a3f6b9659237fa51a32edc94b270c9bda9eee588,0
862e4c20d85ff7650dc7c15424a86224b3066399,0
7937ec8a45851823082c1c403c72066c2fa988f8,0
5a925400902ebb785591650bc53430156b53bf5a,0
9f7bffcd73c8fcb62dd05f10bd1b9444f9395e5c,0
818370d0441f7b1d680539d7791b5bd06f005607,0
9aeb050209cb3cfe01f3f03d46e6e5cdd8e0d344,0
5217d899033a190f1a747a66acf6e169230b3459,0
bff875107302eee7504020164f4f9587e8cf4870,0
c368d45b23a05ec8ec684492bc59a2599d1caa31,0
82637c49c2d074f52f3cfc7eec387eaf66212065,0
7d0fb273c403db71c1d65360846df92d2ae690b8,0
841924240e29be333144971be3f840278450f7e4,0
365f54b647e10e3131620f3f3cb60b811aa78ef3,0
d1223418116c54d21612f0bb44b9c694f77da8d6,0
97eb716a7c43bcba55e09c500880c1d8e24576b1,0
0a1e8beb029fb9635678bc98f4467a8aa9eb7745,0
9cba87b38bfb0954a0a410039d89a9eb8bb35c4f,0
d767193fb52574d17f18e814d2009f6c397df2e6,0
e45047959eed4470acaa9fe10b7f94b255d82bf1,0
8a8e54d3edd2c0077c7e101831d628873e65bb47,0
8020795809ee81b03d4db9797d5f93692d29cde9,0
82c17d3b002e3ec0d60496c5a820a18f74e61920,0
7b5415f59213894a58e4898d075ba83e9fa3cc6c,0
3ae07f46a6a0cf62a5de788f5ac50530ebfbcd95,0
8cec985aa9d667e843e13b77c65c98afe73fd015,0
8bbb2f95f5c46e9786a4d353cbef06b3b59da484,0
1969b7642fe2de033058455de9f9577eb5a686ed,0
5ac91bca31dcaacc1e3f941527de5c2c7922d485,0
18164167349ef072095cc8c233c63045ef5e5cbb,0
49582537120dd218a5fcb40a1ded781e13d21070,0
3810699d92dd82bbb4d007749f32d986b63bd5d7,0
63b667d8a78bceecf0c3b32b418a2d1e54aa5adc,0
839e0b8f6f47b8f23516460426af6d6dc07a37da,0
013e06c519aa2bc4f6b243fa023d2299f5545867,0
91a1309e3ef83a402e2f54ca9af2ed18a9460db0,0
386f57303a6e787a7837ccf1f721b524e19c6303,0
936e15879abb39343f5564fd1cad7f53998dcb41,0
fde5241b02d36e9d8d8e108a24cb99f7ad214036,0
ff35078107ced203f3d1ca00bc107b96399b2bfd,0
7829b4712c39d0e66555d5b8add96f2d6b1bd299,0
4e5cfdb84e9609c1a91a32aee2426ca468e67904,0
005edd3da982e2ae2e86f885853957e62ed5b42a,0
d102797f334c73799bd1fd3d06e8e245eb58a583,0
37e7287457babccf204ad92a98260435d041f879,0
319f5d9d93d76c9b7c3f563d3a48da1a18a1bd0d,0
ea29861101594fdf063eebbd9a3fa0c3b9897156,0
1daa7c624734a9318c640b9a4899862169debace,1
0f3d4c93948a50507b476b586e3a3e7164fad27b,0
81f9f1ba14f1bf6ade44f04633c0ee98818431de,0
979fc24ed9bc3ee023467ffb827fab722c3d524e,0
d7510907daa562c901880db1c08717341c043b10,0
bc9b38f49d4eea97933b350b0ae30b73c430771a,0
579ef2f1da7e189279c217d17cf5dd49fadba3d6,0
6219a43bcaa72a08a65f769db723db3eac35d1bd,0
0c8d64e1169489d4b0e9d3af1dbe3afc29fe1a8f,0
d5f20b7fc4001f1663851440094e4c9f309d2f77,0
462c1bfda39a5c46e728a9674de0a1f830e9eb0a,0
359be1cb489cef240427f1f055c68df5984d6067,0
9374c15a8e1f04e56afa06958713cdade2c1f1ad,0
4689278b08ca85f1cd83dc254eaaa5fcedd5b694,0
49cdb10c6dfea71649a59406791cd29cf1db81c8,0
df45e2a926b84c1c2f5ef43e207c2e0325ce5857,0
6059d4d1d4251595a0f694cb9b6f3516783ba5b7,0
a3765aeba7fb50f0fac6ddcfb5c76aff0e97c702,0
244c4ca90d5ca3fe8ce0b5e427543c245c2b6e03,0
91b932bdfac8ff504340dfeb10b3c13fe0baac8a,0
51f4eef2ab2e3c21e0eb52fcff049367a84fb434,0
0dbffba15fc366875bb73c61be382e896a6e4c24,0
9357d754f6fd34cacdd4b83e9105b1ba81652c92,0
c2eebd9126b90cb43486c04d1862ff22f4338bb2,0
116eed812eaa49d89a878f7115c4343bfdf0c530,0
a1dfdf1863a316bb448eb821660aac689429b00f,0
c39c3217fff8708da563a2de1025777eea79993a,0
7471a59d15e3fb13ed2ed4f6b568c8e3dd597028,0
7c5cfed9bdbd0c01535533441984709318c88251,0
e61586b87cde37147a8181550fcbbca4637d6fea,0
ed7efa2bdb7884ffe4ed513fb4f68d4c925439ae,0
d037ef0e856add8cb5a941337e1017b1f0057e11,0
36fc57674a51ecc452f1a36f5ca30ecdf99a8d02,0
22b35cdd616d186c6b9b11f8d515aa06ada27062,0
7d522075bde7f438993f7b76d9268a2eef571092,0
b64a3a015bd232bf256e6b50fde91fe4e01b3a55,1
ed698e7b6a30a8583350cbbd41399461c0cd1923,1
15b753484bf2ee6f0a12d116d481904a8159b88a,0
91cd129d04dbaa38c5628ef694495cb3b631cc02,0
e1fe6036996c9c228d003725764fc2a02b844404,0
8eb4755bb7ee3736771fccbcc9941690cce4977b,0
06ce160f8c9f09d037088b0b8f771b09d223d2e9,0
a5e679696a237ad6198f5a501bfc0fb1e1c0daa5,0
361b6b41bf17f88db1b2899b871c6e66ca19cfbb,0
053b32350a544df4cab49f6c652f617d7d836486,0
8aa9360e9cf893ac287718a5ae2b013769346f8a,0
3aa95e343cc99586a775ab7ed4903acba6d157fe,0
27dad00770680fe402f64af1c76e313cd1a499e6,0
296c88b46515032dd71b59fdbb248a976cba8c8b,0
5f458991dae18174ab7a2cd3f65e9f9a7fc165ac,0
b6a54620c3f52130d1def7ebb98db2d1bdaf1fed,1
e537988fffa4f6b0575addfb690340523bacffbd,0
bb8704cedabe5b361cc43785dc45f8fbe8975a29,0
2e106ee58d781710d56a9a2a17f60f9fdceaa7f2,0
7716ac42d6f6b60a3c153cebecd5eba8faafa78b,0
5463aaa573387621ef709a427bc5870295d6b46c,0
d4d01e15a87bdd0bf25fed92d05ccbaf19f87497,0
6e146ba47dede3c3829eff1f4c5f4c543f26ac07,0
ea2227c2de8f0395665cd1fc81315f36bc4eacd4,0
af63bdd3b15d0792ce62110c76b5e7c1d02a8a05,0
8ae32e41ad626d113fc83c0e5406443011e7bf08,1
dcdc9b702165d9d9a7d492f91ea06f7d4ec2913d,0
847ba0e37b71998190b67643e2aa9898756ea535,0
94533f7a8d23682fdd5fb237ba0cb2a489bda088,0
a8117acbe991b7de077ae51a06ce690ee3fed47e,0
d4932cd20ede68b989e9080f9d65ec418043bac3,0
3aee809d2c770dbb14ca17f9e0d314b075e44a9b,1
15eca553e2028bab4d2198fe3f501e5361d80eba,0
1ce4f376b7caeeecc10cfdbe02d6112a17995423,0
823a942836c5f5bd8fcb13d831bd85d941ae89c3,0
f24d3d7b29e837bf42b51dd61efbb12b7166823f,0
1e2bee89886c61062048e1de4a1567732dea8be6,0
e021d712f8a484ac7225a3390716c4442863c113,0
dee55a3119c954e9bbd06a49a8b160104902827e,1
65b156d9fa3d1395e623b680c2556346e3e6e086,1
1deb3f15313cd9d43786d7006b9453aa25a7fdd6,0
ae525b2994f2bc9ff290bf06866512cf46ba7394,0
b2e48a9f6803b498d6a63b6bd1155ed0145f16f8,0
2f4819919e8a636608d2b0f0e64593cd45fc4234,0
e3b5056eab8671fe8e0e3cd960ec6814fef63bb2,0
4899715684d01155a01317d145ae8bbed18bdf51,0
2b1915ac0dd8e0deb945904de47667f4160df8e5,0
8ae59ebf5cc97951228be91d5158f9db2063693e,0
ee147da158bda90c7d102008da2bdfd9dac6a8b8,0
aa85af24129b5bbffd56361d8c050e0a76f64722,0
43b70aa0e7e7da3c5a5ea34449cdfbd234bd8996,0
e2706efea31601bfc9780d653dced23cbbc1f463,0
8b3b433238ba55c5024adcfe6cac8a6b16a34ad3,0
29aa115499195cfe5f27e290e4b1e732c1320c90,0
b9d54f79e5e80535adf19714752ab8c47393cc88,0
8752f81fbbba9778e35f94c52b34bbc0622d49e1,0
8ce23fc28e7ba22d72b2d9766e2b7938a8a6aa3d,0
700739be41fa460a1571d37a0396f2b286040c7f,0
a4e8014d7c61e4f60fbc97e8c5f26a489da7bfea,0
7266a0f0dd1736d24c70a82673f15db5175570eb,0
65dbc4fcf38f43c67ea500ac886f2e5d48c317d8,0
e0d5000ae0b157d49b8db9fbf460e491b2daf0cb,0
2dc5f758564d899a9e8f077f975fa47ddac11905,0
723222fb9dbcdf60248352168f2d8f2e22777ff4,0
d8cb47eea7424fa3faa79096148707f3a8a3021a,0
776f7d7b054778dc82fe5cf22fb551936d9ffc27,0
7f88fd557251dc2ec82b9184208b04be6c66dc24,0
543792fbbf076d83b7735bb012522620d41f4b7f,0
f7b65de5fe5f82da1982dfc2aecda3427c779d53,0
618abb8f9c6caa470ddfad762ee9530f07c95628,0
e8ead5e810a0eb3121c2a2e9308dccab4430b447,0
3cf05bb93acc2b27f23fab92fd909e396c7a3fca,0
a85a0f0614d136c42d849a035e710c1c80c6a04b,0
025125d7b8d64831a2d5b5243428c941873b842e,1
b6971cf96798a48d1792d182763a51cf27fc9730,0
e5ad786d9aa80e3b00441172dd2d4f259dfe27a5,0
00ef7e4ebf28452eeb736b6d24a4a38f0b0278a0,0
ebef3ddb03e2092b27a8ab9f687bdc74db38c201,0
5e49bd0238766d724d6a64ebdb02886f81b1d81a,0
8e1c73f681ccec64605ba6b022bf4d1dc364a064,0
5b9328827d701fa85a7825c0781fb3228cb8b201,0
9fbaeb030524d4db8a345335a8f52a4c1478931a,0
5f809fb2a4017e5e198f9bf438ead6eeba5c1884,0
027ac020b8666efa646fba3b9115865b862aeb8e,0
c8e74359d55ffdb01fd24101d686c8238197737f,0
9b70be1bc38dd94dc6784a6e62e5f5097166d34b,0
6ffc1b33e4481c97c14186f95b33a7817ff7356b,0
da047bd78ccdd0a47ed49a8589e2260ef82f3ccc,0
53a6c07efb96f1ea00ba6eb07ae482064fb0dc58,0
9f43b4544f950e7ac74b9cc4b6498807d0f57f9a,0
f219990120d9783aafd38f03a46fe676f419ee4e,0
b0f0bb1d1b0883a26824ecdebfd3880e10571bac,0
22d1f7987668252ffcf38749172b542212414051,0
d88f6a4af881cbc70504f8a8a5c025a9bba32cba,0
6ac2b91e557a8e11a7e955370ccd1b2794189226,0
408b88f77b1ddf766cab1b5193f812fa62596042,0
2015291baaf6c839e3a978cecc01ee7dba026e9e,0
8c108461a36c6be97397fb68e907186b7bfb798f,0
c756294b4fcff9345f51e7c10fe29023e08e2d2d,0
65c1c62face81fb569cff9d5d3a7125daeef7e34,0
3c026637d56cc8b08bb16ede3a61720acf0075a0,0
1a3545bee12f84c4d7750c7d83fd231bc75b9808,0
ef8f7e62f88af18926f30acb5750417d832b41f9,0
38f27672097bb607b3f48afaf1afb298195a5a75,1
55fc6705a4b65afadf45ea68b4bfa870e1962fcb,0
aa130b7b75f353657cae88226bf27a177212af4f,0
a5bbec09f01eed837083d6a4a0274c64e5c3cf9d,0
ca9063e4e2942cde7b50e8a9f8e9a522b47e203f,0
de7b85c8b837245c9d7145c532b6c99b059a5844,0
2e857ea2e8069169868909267039f9315584103d,0
12524e733777a8de01e5924d6beaec04960cf0ff,0
b9c90a2c3582e81fd85b6a13676d67cc81c0fb22,0
eff7f7b27af8ccdad5fa97a0ee2e320de3045cb5,0
5031e32d0465f8fa440f18d077b79277a2cba307,0
b44c68556a3efb4a1822ed23411d32941a827962,0
fb4748005ebcd2ddc64f04775f6c43db028caeaf,1
08559a49534b347089ca7202422ecc5402727393,0
8c1e1344668dd349d0f5f9b72d235881d8ec64ef,0
ccbba7189eb16045179c5bd2fa49aa771102a4c1,0
1b9f1e003d1cff60d39ff00789a27456363466a7,1
0708fcb8c32423be4f74588ebe3267bcf6b21f96,0
d44173b5f7337f3737f50dec41d58e6acc111c4f,0
f6aae8e1d0609fbbe69ab1b6e7b5774de0770ef2,0
b63631657919ebf5b6408a1a2ed8590d881c537e,0
6dd8f517252c77ef20c1d3279b5c1b0c476bc6e3,0
262d1bfa35cb2de38c63ce87f29a775229c1c87c,0
97fc669b765500bcf5e375dc737a0b71e33d9b41,0
164fb2d961a2c2f9db47611efe94a737e3758c4b,0
3af669eab7799aaed8da26174eb877b41721c78f,0
f3e59d866a1c22edfb669e272c53a41c5d66130f,0
2da32195bdb473fc150b4a9753ff126b640b1a6b,0
066787de5281f7eae32bd63906b6454c12ee0eaa,0
50c074b1e3b2320e3b8bbfefaaa263ae4e207bc5,0
9d5fd9802f068368ab841a39e913a513558a31ff,0
6e1f86b19da94243262b7e04bfc876ca47adcc48,0
a525429b2cb0434478c369bb61de5d8bf4102229,0
838390542387f27c3f859fe1deee27a19f87bd54,0
d1107801cda8bbcc624a164b3bb1c008f64477ac,0
713eb1654dfa3f94a4d1299b1629ff8c2de6f1be,0
ed9b017c4bb9354b684033beb5c9520096f1332a,0
5f6e90dd51e452b37a1f2e4b34591588d96f59e8,0
ac3b15b4dcb506f93f989b6e7021c64b6454a60c,0
173cd27930565656848abd8f7973daf3002fb48e,0
0ea04ae77ef15d0bb769b12d863989ccaf843280,0
4067dce67c016ebfaff33d62ff3adbfa3b442e56,0
0a4a3a3d649c57bc734d1534e64d632e538bee80,0
2efd8b6bfd91345ea3b54a71070dc268d0da3c3e,0
ae4f5a9c9d49144c9a87440de3f81a4915434a44,0
8da67e30153e21d1471b26993d445c48cff03921,0
8e81fd3478cb6d2586ded69474279ec4fce78225,0
ea285062d5d494f5964cd92df3fa1f78b5bb7664,0
3ce666628f4c048d455358af5b36d3095724507c,0
36cb4fa15fb42873237b1b71c5505853679cd751,0
b071cbe2001da2111501676032332c84a1a10295,0
245e69cbefec7317f35ed7d1270711fbf5ec6816,0
f69f1516a0b2722c2439fe6be976f6f7e8b30e14,0
a06a006ccafead2adf3362f6e98059c3f56ad2d8,1
6463aba286d213e120b68c8c06bbdc988b9bdff8,0
8b05382d171b0b7760cbe09d3f4c3258fe6c39eb,0
ba0c44712c1719ecced198abc8b70c150b8b83f4,0
f1a1ba3ce70c84f90f7be843ba224a309c5a77d8,0
a88a8c918819b7981af426417dff55e569897e03,1
7e05d616e4a72a5b316c0300125e90e66dfa7e5c,0
0db999bf66fb71ae7ff91ab90bb2c509a6911cf7,0
42be0c1baf64195568dced07b62e98254370deca,0
f8e126e2e2882923253bc2edca2a76de517f220d,0
5854c966f37f9418e86149be10af9fed0e8dfdd6,0
bb379bee16ca12130136d78c3718fb4460649944,0
f70be7a7ae7f3d8e4f2ee9e201ec2b0cc91d06c9,1
f9494bf34e4d5bb17c1b0e0c1e48a9412f2db161,0
bbb8d8e1a901de6fdab95f2eadc84fee96498ac1,0
b38ccc2d7c018a40c40d2776ec9f0747909e135f,0
f59d1fc1dba948429b3c831b2ac458a2a9cbf0c9,0
bc6de6c948f5e75117341a771d7402492d44a3cb,0
5b8f63086ac5841afc18d8087beab182fbf4b002,0
8bb8502387bc2c3fe3421d2154b68d2f76eedc63,0
e164d416a8bc4227a71df19c698c21370be0920b,0
f41a0d50c4002fdb45ed6a000087b3cdceab6e9c,0
b4dd2755fd28fdf3377f0cee90ea43b23d8cc462,0
511d0ed8db36a9f7f59031ff373139ba2ab86bb3,0
149120682a1f913a1409c6b2f99a19eb906d1b91,0
79c029c1b2009ffd68dd8bc365d4c0fba25c6983,0
8aea97728d815c72987bb446cb5616bcf14783d7,0
334d0e894cc1f79427abba57b88b61e8411e2bb8,0
b963d90255f896d6f7732d333e98a040c8337962,0
8903616ba60062e739d5c313c4233e1027a7da4d,0
6948876229cd11bfd82fda1f18d9f336a2c94f8b,0
e6b5f550a18bb8535ee638820e45428a00a5fb91,0
2bd09b1d743f62a245ae815485d7f2cc70e6f207,0
867415c0502d421a4d1f28abb37517af2f765378,0
ef022f9bb9caefc9119047a727f8c79d99821ce9,0
f6e6bf48083f431556e175a519c878ecdff139b3,0
896d433341537d58f2ffa2e49d83ec75d52464ee,0
7477bbddc1df1e3063cc2036a410b4c8f0c20373,0
2828e77999691544027a75164691f1e3e62f4098,0
da564868f70065fb3634eaba9ff1cca68d1ad2bd,0
95cba429c75b0a4cb8a9987404e20a95f825130d,0
37a9d0a16b2e6917ca07f9d33b90eb8bb6ca5fc8,0
656957bc3e76355fdc0bbf36f4bfc9f97025b4b8,0
1a158ad599ec8c22998171e7dd5a2956570a0de6,0
c67ba67b88cbfbf06cab616ed19ba82bf9ddf896,0
cb520ad464a495f72ba618ddcca2734de979280c,0
09383c63409e431e590e7c11b356444295588bb0,0
87be8bd7921023d03d789805dfc8c09463a01eb3,0
fcd62b4787aa64822463cf1c8cb499bd74a3754c,0
ab68f1648720582f575c3c5432046acad42df117,0
45b4ea71062e14d261a644f4e250b2e3fbb0a4f4,0
7742c8e27a4055582eb70b258e72bb6a43ea36a9,0
705fc1b7c19872b5553cc4866ce1766a9548db48,0
ce4d64f0e6ba5fcefeb1376ddda882298198a1f1,0
dc789893b8dc406806acf09a71650488986584ee,0
b180acf976d48d8f1abd48ce16b1eccf948554fd,0
736474fd6938d54bd8684d599d0a6358ea5f3c87,0
f4a718c6c9a5f0bfdbca147bdfb94478257121a1,0
ad09b30c7bbffa2fe4f1d84d26bc3003effa3162,0
2c09513a76a46c143da2daf5c3f779e04dddf0c6,0
5b245882ba341b26eb5f04dcb511f295c732847b,0
8d355f8cb9fbfe6d85409c1bca3ca0e92ce411e5,0
64670e2153004ec93590d4b6967fc699bf740831,0
3055bb4be68a8fdf19528e77cf0c0179f81b4059,0
deb584002725d86a4785a3ea01724236cba819e8,0
cf94330537d6fd2fe1a2aa429d7344706dfcce26,0
1e683dd5cad51bfe75822c36667652e23266e30b,0
1fbd3c387e38d6744af5a678f896f8ec6977c587,0
51c35c958e87f155ecc2a300700895564d2ce9e4,0
45c3a9fb10a302c054dbd86775de3740ea9b61a5,0
87c6dcc5a3f12db8947151adfa3269a66bf9cfff,0
df21accd18b529cc3a43c4bb6221436b99b9af9e,0
398dfb5c9c265760ad4217204fcabcf36c859a94,0
893168460596b9cbb01b7a0180cee3698309c4fc,0
4fcdb5cccaa388fd89979d72a1ebf1ef7c2080f6,0
6a5745b5369baa21a17e0c0e8158127582549811,0
080a979d20a755667ecb3aef52b0e1e27d2b86e9,0
bcda6dde7d4bd60e96094d79ae9aaf27e42c3c20,0
ec89bf3619e3751ce9b15c2e214b8b5e364bae8c,0
14f9918b436256e3462dab622839cd0a1e274e3a,0
687a2c27fd8f81e3951a6878c03abd3136db925c,0
ac09a8f34eb92cbae1002556caf642f73eb29d38,0
a2910ec58f5de9799c21bd12cc4599b9e1cb0d8d,0
ada83b1dd66feca92a76b4d362b2bb7d143ead6a,0
8b805d9e10d3aef9bb2ec2b5fd8248d9554f492b,0
27a3ab0556550a8b4ca366aeabf11f301b184feb,0
ba10a48c6b2e86e1719a044f8fe2bdf122bfa181,0
132a8ca1317542aa8dca4707c76e41c0ec686f1e,0
1434ab5c1350246b5c618fdb56ff0c026929a656,0
6da2be1382ff3eae275e50306e5fee35da05a5c2,0
cc36bc9c925b6e8eb0b53bfe4d2fd04fee154848,0
7ca357223484bfb5b48673e9faf2ee7409e3a31a,0
c3d78389d2e4b171b3a13aaaefffe50978f14e89,0
7aa2345742b964aaf40ffa67f797ad193b4c47b0,0
87b6ef4763cef517c4f7f06a5a40e8dcd4a1086f,0
b632ea5ebcbd97b234931e2e8a1b5a6a2057227d,0
18e1e262a21004f35c12e60b15c04ed816c3df7e,0
ac65dc8aa92b7948d936a5c1f173c21ff7e393ff,0
a5f0458b5d3b9d972f6785b2ea85da5af5f2a6ca,0
b35fcd23495f5c6674a2dfba00409b68913b625f,0
ddc0529d9c5eeade6ee0d270a601cf5f6ed8ba3b,0
7f13b77e8b0ec3c4419327678a2d399ec69de787,0
5aa93826a6b87a9cc9af7f0525ae78e74c343fcf,1
6dfe7ffa36eef977ed2d5fc44e9041e648f7c803,0
9dc3bb34c056ce2c250dde9491b4b29d4cc0bcc6,0
9ac721af7fb21e728366371344103a72ca87e12a,0
145c123de33b5036c8ca11965f8b789e6026edf9,1
c60a81c8c717dcf78e2fc59b1dded813cabcc208,0
234cdb6ff7c3d00bf7b4ab624fd780d4f1e60615,0
0ff74aef2d5b1c37b0ca7dddea33fdda3f04f6de,0
355222d1eb2b98a7f4e841f195bd49e236a79c0e,0
16410c750067a7c0f36a5769e75d0fc286e05f3a,0
d2b1d821a045dc3b0efdee76871dac889800c3e7,0
e34223b69950a99a2db74215c766e6f30028045c,0
4668afe7f0eb6f1cb741af526490e1e04b008f0e,0
ded9eafa3987155ea3986638e564226b4613b16d,0
a32e5c5c226b991f4dac855a3b1dfea19d3aeb89,0
336fb1d35ebbd3922d5d520da8ddbfcf5ccc6d16,0
57c9c6a4ce1438624177e213100708169403f75b,0
94ef768db1cc9c734b352c26810ad4e48dd024b0,0
71726c2a07bda1fd780b9f0d5943ff230fdb710f,0
30c3263147668a326752009904e177ba044dfb8f,0
9cfda27a12914cb6324821f4ad1239742900dcfb,0
c2d71563a00c28ace9c4cd08628627dbdb815de6,0
5bc3820c5b429844709ef8f75c6c2be4dacfca2c,0
1d3697581ba1dc361e4254d3fcf5a18ced93c201,0
cf9c8e321106d4baa2c7e2be2ea45e40f70ac03c,0
06bf2b10086ffb6f4cdba36b99e9aa5352e6907c,0
8631cbc6056e8a938cc29fd420cf481151d1d5bd,0
761e0cf7c085ce2e5e4b2add5a11ec262a410cd3,0
e78853275c2856ea5ce670a51bb1c1354bb3d9e8,0
b1d9d65a178930ec1edc51a4a76dfce29cb24350,0
af56e87c12f8b1658c9069f4dbc9e32b54ea614c,0
e2bb7660c3823509361ea85bdeafb002ad652d38,0
969195bd97bffc67fe3a89af7c92ab884a8ef495,0
52ba7651c29570f2aad52a91a2236dc666994d1d,0
4ef6d7b994bf971a8d3af232f19ccb0ecb2b17de,0
21a45a697699eaece1920d581ad72281aaa26cb2,0
ce75b2052a55d82de07334ada212eed9e0b0a14e,0
07764428e66b1d45e34e3a7fac149c7becd8a3dd,0
1c3ea669de9acb9314cb5921e498040636b1876a,0
d24fa2f270c3b3f3727301269c036bbcd52a15e6,0
ba47725edb237e75ef6cdb3946d0bc2d48c35ade,0
1e5be9b50c1c933c166258d7356fad2a84d62304,0
a286e56dde4b313fd4d6e4cfb6ebdffb57f880df,0
dfccfb7bc45f72bfb1240cf43771666df212b2fd,0
b01ba71fef7e3d31ba2e6b4c40e7b64fe9882666,0
e4f4db523313d935150fcd8aec2ee893ffc81a73,0
0849e8a2b491ed168b953fef69d1baa4f3c8928e,0
0a55dd3c324928a4b67e9e6781071421b375d0eb,0
fd475cf310a24ff1867e544d1ff038483807f551,0
139b3d373496a1d31c3b3f43d0f183be5f90f538,0
4510a201bf269a3de6506a7daa2103cd0d977379,0
7f1720fc6926bf73a3a335fcc62b1dd3dbb83050,0
127537eb4b735420048496574bb0b0819ad0d712,0
1f5a0fbc428a56e082823fd819a30cb8809582be,0
5814703ea1c977a7d559f1ff01c9902bb1fab2ac,0
b7aa201263c15be6c916b7be424de86b15d7b072,0
feae615101ff9e8febaa9b904eec3f97de1e061d,0
0aee64780b52e2679b84aefe1e5825615974b121,0
a0716756bc7c4f3cab0121ece80ae94bb679d12b,0
d6567f53d90809c21a519c66e2c42340e2b045bc,0
e829d58f336c878d21f9b899a125a479009c8560,0
72c21149886584226479e344cf5f2decf4139863,0
4b5904ecf4091c77ec4516d23e1c719e590090e4,0
1ef6a11c9015257823a404c5c376133818c437b7,0
6a4474e63d069f03780291fbfc23af38a7014350,0
acac4a5f56aaecbe0b2c73d10fa8e2e8c2a7ae7f,0
7bc988f5356df9145ad970da24edad68160b49f2,0
364ac3042469d6bcecca962dcc8fd94611ea934f,0
194af2ac41ce05006754bfc9f6a12948d3575b89,1
9d8995baa8118d8c1ed2242dd6595275e87acbe6,0
b242bccc729b0d7049898da43463c9ff894784d2,0
6d7f3ab0f742b5815e725be075742f9319800324,0
fd5df09cafca24581449a4e91a2e10f4cfc3ac88,0
368ab30df1515a2b1ebdb36245f6c7221fb8d3e4,0
f7bd4236f7db0f0bebfa0e91cec8abe7b3a4babf,0
f8384cbc837a42f634b87417980854a117d7d29c,1
3a5df8d515af994a1a7bd3de900228afa6654256,0
ca39837a5f97d68896125f88213976e2b5413ff3,0
93bed3c75379087a88ec3610636ea78e27502be2,0
1fddc7451fb863de890762d1e5aa02eb93d43873,0
cf060a663b8faa68130d61f8c4c9829381b34cc3,0
71fcd8a1146d372e3f1a015b4a51bb2e4ec95a56,1
fca6c4e30beff39feefd1bfa17c296b2798a97fd,0
418e740f61ec88c39ecb3fef22a2a96ab8e750d7,0
dcdc7e3c44b039e30b90039a7a4b6e513a906754,0
869a6798f55aa06a5d204d2faa0e5fccd0ceafec,0
75f360915988dec647ad043e0cb998522cd026a2,0
21fd7fb54ddfb873382535ba5755e17eedc2436f,0
ef1b242626b6afcfb991381000dae7f949db37eb,0
8db5c369622ad52ef4f474eabe701617050cec02,0
4a68cea2d4ca703d7f77f79192c410df2312b157,0
d0401944f16f087914d4c38a61966a9fa937d614,0
c968808ff6fe6412de88642f9cb1b9f2f4727f50,0
9124ed071b5af1a233d6f649e6ac4f97cf6b1e38,0
caea6afbe629c063dc0c4cfa53f0d9e5bf2dedbb,0
eef7476ba597a385c9d1225c49745f044f944d1c,0
5b8a6e3fa27167bdc94b7799be97a624344ac24c,0
983600f75b0eef92a70fdbee4b6f7d9ca4d5482c,0
7ba1b761fe3356a399b1ea449be42b317bc37b01,0
6d0877cca08ebb1c0c8791cf47413ca9782831f0,0
f399b7df3db19c76f0616a887d8a1f2bf9ad8cc1,0
dfc3711fae0ec814fb85d670c7ba25e055cb0161,0
1c81b917e03cebdc055de16cdb4877014c317d16,0
77e0590d76cedb3cbbb2c62181558a381da32331,0
cd58ece8c4eedca7a5bcf88840d95b5d50673ea3,0
114e1a150f873d484d92d9929f95c71badb97b97,0
6a5df0004ebf740884a3208906a7bbb835571ab2,0
43c690a32d57a4eb0262cc0ca7c3398342a1b666,0
d580119065cae5ab23419e4d1acca9405cc8ac99,0
1fcc61a93e6c05f8c1b2d897cd5f9cead5e5e8e9,0
0225faa9f1edd0e2ad8cfcf98a613ee429429bc4,0
ed3a45d24c9de9e62758410ae5dc5d9ac7f8b370,0
3e53f948754392e52e0e38b75e221475b4f23f55,0
2c3380197467e96a236ca091a8f36ead43220b56,0
7801a0ec89b8ca1bc430c98680c8b2850d0c357b,0
d4eab09b1ddd3a813f539b72e9a61a25dfa330d9,0
e29c014281103c3f52ea3e31bee3aef7d52ea8fe,0
c996ad6ba546ce4ab1c9fb400461c4c40d2cf842,1
828b77a483b06f2b7fb9e046eb6a53a67593863c,0
b3df2940b8d7a83fd841aec58226e85b4af924d2,0
ffadc412f386f86e51fe5fd73e430404ef3cb2c2,0
b8a5a5101db5b380a768c018180f3061ffd014d4,0
23a947c16531384acf5041aececb267ece230826,0
82a26518cec9916802d6ea720b6f78a1a06d093e,0
529a38004d7d90a961ade397259b7f6a4d93c2a6,1
95c87cb3011079c05112d2c517a26dac07ebf4eb,0
65981e485e0ddab1788814280ef5289a5d28775b,0
037710ba3f86d9be7dfdc8c1db6317fc5f1acdec,1
e29992eb44b38c6cc41d94d57d261765817a8046,0
eb64781674313fb81f2fee55c2ddda85ec057b76,0
821fe01522ec49aef4186527f2985ef7c9a39fb6,0
68c8b6d0ded94a1a23dfb005acec08d0366ee8e9,0
73eb8acecb049618fde6bb9bb2cad50e9be52d57,0
31cf5b60e1c00645d8774f873dc7e726f361ced5,0
0a1db3474bdc0c961c399d040c0db94a0f42eb90,0
5a4009c73b21a6a8f354491afa2eae176357600c,0
e542be0e63259039504d80b23a82cc84de18a3ca,0
009942ea4b0da1c54d59956034cc8786bf7176e5,0
9a5fde7f6cc06c439936cf5fd25fadb727832b52,0
823e10a7f27bcd7e9a6f356e551d130863ffe1af,0
c9a9264101dbb0fc15b84f3be4bc068350cb8076,0
49ee04162862cbc686ce8829c8d52f1f71f83328,0
7b07f06bb7af6cc21e9cebf103c50e4e0422d501,0
99330459a75cf5be9d091b62ef91954e7ef552bc,0
4bd0129404132c741cbbbc12d379bd4d10e174c4,0
b613dfe7ef7dee08bbc6ad662b805bca70b8943c,0
37763e75d32953709e7598ec263046bdc5710927,0
4078cc7485b2b3a0c5c870885801c153fdac4cd9,0
fd05c89509c9f4b7b42b321b83ab7b78124aa520,0
9b7c9376927c2d069956614194ad345e3618a4fc,0
392e887b12235e22dac10e0878fb496442819d2c,0
c4c8ae72ba7146169a4068c41db35093b546e476,0
0aa7fe29778fc941b934e92afe8f0dd54a9a7d07,0
5f491301d64048022db40139a657fdfd1bce6533,0
de0635e5e905e1729ee4d9b6984a4640c3666d6f,0
59799555d760fa3d917b75b8994ea5787c753577,0
086c0b59669182b79a0109a9716d7c99e075966d,0
311b8c434b161a59970891e0261d21ace7362557,0
51511da43e83e5e7a01718e0c49db3c0a7fd4c20,0
dff181c5afe313d29a9bf289bd363d2a7c4cfd35,0
30117da56a2392dd06fbc35a424e42cecfe10805,0
79c551fababe8b185edc2bcf99481f1ad2d3a4a3,0
a762cfd522803205b55def3915178385f0d9c161,0
b21adce6b6771111ba536bcd3f9d6bcf0bf2e69c,0
1eb630ef679430123d04b97172fc3eb3a44a7623,0
d43d0890cb3096989859a881b0c2b42bdd48296f,0
9e84206f19f113e3ba774fd9d4c9f029d55bc3d1,0
fbcdb2560f2d6d445f00ac09b4137b7224075530,0
0fb48a52e0c85a1f1ec67d125f4124734ae0654e,0
87c02745f470f9fc0b4d9bb22c5fc99fd02bac5b,0
a1d9f9bf4e1557e6a52aceb4d3f54771d41bc853,0
18568d827358fe446454ddd9a3e81b11299f8481,0
ba53d069be54c681e2b3e3919d4ff0f6f08ec3b8,0
f471231391f0669989aff6cea2f04dc716013f4f,0
ccdaa8628c939e74f1d04608b948fabb064331c2,0
08984e15ce68b95b1722266a7560c9664e91f8eb,0
e5135a7849c832f65f163578e6830048b4819bbc,0
2fa6a7de39a879091436c2775f587e30d045a5e5,0
d1d581d3db997170a03a2766696e64a001f7debe,0
48c1e4a1b3ad31e0a64793c46a4357aa11f9fa2d,0
7a5721c8302494babbe94f7d90797cc184246786,0
d8b61bdd71df3e5cfe42c9de580dff048b43545b,0
605bd51458762790686e25f5f3f059faff66ea94,0
4fc7eea99f74fff65e0a99a99a4205009dbd9953,0
dfacfa8a13fab4b719e29bcad76954f6dd11be07,0
3ecbac774d853c74e9c8823012b06d9d3c250edf,1
abc9496c850e25746926c267cc1f0b23482aa457,0
95e8fd12e2ce4cfe187513687ae151d459a03ab4,0
62ae3fe1a19d3ff89525edc1612cd981bb7a5cc4,0
829855b8158b2ba40ed3c9dbea5cf581353f5777,0
f50a0a1b3d173852dbb121dbc3b2f73acb497cdb,1
a70546c06738c47e9ccb416521118226872234a7,0
854f17ea936d3e02d02cccc80fdd6bbd13146431,0
e2804e840d9f002bc59f3496509103b8d57c95ba,0
72c9663918f0d9b0c35b4d6306803fb0d276f9e4,0
afb8791a78be98ead7b9c2051cb737f183b05d80,0
deb7e0dcac391c32d0a3869bf76f17b5a95ddac9,0
502a35ea034f86bf860e29890ae00c1b047aa8b1,0
7892fbc2b554c726e442a526f425bb97ed0b9218,0
9c4d2f94b13c24326f58244278df5ced6859abab,0
c46a9bee7bac494aa8be6aa4384a381f66ed6b75,0
f9b34f87ae253fd6ecfd5a6c6f560fbd82828169,0
266553fb78f6e9f04548b4d7cf0c5bcd33c4c5ba,0
ff167901d440ccec1b8835ade36510a585d7dbfd,0
cff83a2b61f03c63f02de44e340085051781aa27,0
11028c163437e78d426880f8fde58081c125e311,0
0d4839922d1b70eaa67d3402f2ccaa0677ddd704,1
758b2a72fe0f2356ea48cdda87b1c4a04343b478,0
88bea26389949f3a69d581db674052d9f1079a29,0
c247b30ba4f112c79f818f4caadb5b2981b7c294,0
cabc627d22992ff42499fee1a264168a33ff4f05,0
413a8e7193db1304bb5a13a3aa6c0db3fac071c9,0
15e4330144657d5b8ae8d75e7a92f3089006660f,0
66908abe3856d00296be95bbd7807f31e3bae89a,0
c537f21deca2dec8db75232c08fe72ac25fba1a4,0
1eacff1aeb3888ce34c24f554bf284c967224a6d,0
6687f167414a137efe679aa80af6453c12602f6c,0
718c3ea3e5482ca40b488f2f5b04a4c05498a5a0,0
4d5d74c30ca7750d0f76326af981cdb571a966e8,0
4ef2f69aa7b8e6e8870b81015ff6480918759334,0
a45dccae86e0ac029cc08804d7acbc28b492b1f8,0
da9437ea4ea80f6f87e01d7b3f1738d19d56a16b,0
4b3db20da2317f08024199fc0dbcf5529d05fbba,0
23ef7c8a55921c05b988b9ca205d8d51e1e1c4b4,0
23b71e98c8a723432670d35529887ac4befe299d,0
e8cbea6254f06cc5b4ad63b4ee273dd882e2c728,0
e0f0cc9778a5087cba3c41a6caeea2bba961bfdf,0
4c02355a1c06af64fe940c406d98587363dc0c24,1
0ccf2577327650e0cd17f7cac5643fb480906b60,0
daf3e4b2496ebb33b85d486b58139f722885ee92,0
12d3662955429725b463e64a762959ff859555e9,0
09a0cda9b0e8a01cd5059104744eb18d6d3bdbb2,0
9b295ba0d675c6aba549e7fd764bf550aabb19d5,0
fb22c8ebfa70145830d63bba23e97f87f6de36ca,0
792332cfac81f1d4464431e78f206ce9dd6371d4,0
6f23d81209591021fc57e2b16f555c7956c87d5c,0
bc4860d4e5028870731f656220d0824c054833da,0
73fb76950d88f998e3bfc7fe4a08be40bd3a6fe7,0
31701a6a771f63184c17c36383d3af197bb7379b,0
f8e31452e90d315d4840cc4851bfd00753eb41f9,0
f15aee370a866f0f337cf97deadbc14079114e63,0
eeae531635af162055769394c7f9912760d2ed76,0
451cf02269e253eb5b34f124064c6008208a4cba,0
a4093c5bfe669986d773760b550cb7fdc3ff0a16,0
726d9e45aabc01586f2bff3168b0b4aee7b402cb,0
5ba6fd3935f8a2b9ae8fe88eb8107b8246bcb23a,1
d9f2003f0ce5dda89e155e8a12f692ddeb1c25e4,0
6549ab9c613044b11b5687fca11be113b53d4454,0
25ddecf9bfdf003793786b4b39216d8ef99d499e,0
1cd780cf21450bf8844176b804321ab76c1c6f9b,0
ed9ce59791f295f4622b5c216bb138a30df7c89d,0
e7296deecfe9097735bfc160de30dc1c2c607f34,0
9cd2e77a608f635d366103fe793fbdc2289f9b17,1
a07a67eeaf91c383e10178d2517039334750f335,0
88b4d0759b94f02d327a6b5a4f395a1e39536e7a,0
5b03f4d1795157057c6197f880bbabecb6028c20,0
80a28618b1bd40a5300762c4028c563ddfc0a386,0
56633b60db77da860cfcb9e54352e70a4205c0cd,0
751b26d5336c417d580b89aff4f474d1f5c8b2ee,0
c0d5c9d2c98dbf80bb2da027c4448e3ad0cc34ad,0
888ca46f20594f73e019b0f13be250fc0af6342f,0
c78ecc3941fa898e221b7a3ddbfc7c1851b9b74b,0
c4ca0061912274a4b20a42a6bbdfea66a5f4d2ea,0
2e11e3eec10f4fb7f35451ca03f94940191d9f6f,0
41b66e004f3d075698ed959a6308961fe44eeeb9,0
e1d25565d0ef5aa248a50d9afc4ecd6691271d95,0
232f4ab59a2f1181d9396cf09ebc4614357f4c85,0
32561834c2cc6f95110e77a1dc4eee58295f925a,0
b4cd531ec648f549767097cb4fde815a07bbfa96,0
2d4b8021021fe7b98aafe6b63f57d21cb3273756,0
ddff4eba5cf2983582c59c0cc0124ce6682a95af,0
e2592f4fc82ef61ea280448995bb69dbb7099e63,0
af7ba208ad13001033c18a64c47039c224199b5d,0
d39f040b4dc0aae6505ab9f4ce9ef315b87c6511,0
57f15ec1c0e20eff634a7133ea0e56f9a1063074,0
00d8c0ec9437b20e8cbdb3c6aeff7cc693be3116,0
dcd9550a98bd27cd4f4cfeeb486f1820759b90dc,0
a98ad36aeafe67d6c6a6d083e7519f95a37ffe12,0
4d164fa782f301bdad81d1acc0abd4b5168685ab,0
cb8ed461a34b6a490e307bdeaabbce1d6890ff82,0
9bb6061101f767f5e59887aa133b7bddfbc37058,0
274601a9fcacf9c73edc193ee487da6e24fa27d9,0
8d942da5573f805d41a9e83e9513bc804050cd09,0
8e1b74911c2b7fd994a768f86523b95b8602f1d2,0
301f124d58829a774d6eed985d35fd667c566a8f,0
b15cb48ef7d1132cf11ec67a49e92a62f647f73e,0
b09e53c7f4043ec21a854831e07d670edd74df32,0
de4341dfada35fdbbf4f5e9cbf241af694a50a3f,0
e5061cf7aea1ee0a67fab926b804c3f03111ef6e,0
c4c74539235f4a32371255720806e60b189558a0,0
df4b535cffca8c4ecb9dc9c651df449461f580ef,0
dfa53a63bd4d4d083fe70fc367efcd9f9eb85981,1
f1b06217c72d5f35347643646b0990862a580054,0
2d9748bd3d30121a4c5e05a8b20c07660acd2fd0,0
ed5e3b0d5110d2201494aebc805d56abac8ac240,0
f33cb60e7483bc5d0451851a23e4e833bc670a25,0
63b1b12dbfcc27142ee81ab5b80e158e0826cb55,0
05851dc184b09cbfa6e0e60e878ae920ab419de1,0
9eede2cb0574fe996768fa6656fbfc4ca2e8681a,0
c4fe31f794da6c2b2fe444231eed1f7204cca619,0
d97ba6f488ed73caa88e637ec028c0e4b0cd617d,0
c3135285d3cdb2ef2b2b5095d7ddca777f690af8,0
c99bc00eb932d3f6775143d31807850095ff193d,0
a06e71b316dc8db9ab6a247d147090555566cf7e,0
636061a1857c048fd49c5f3b26c3a66a65513342,0
564bcc8eb37cb54e78662027808bfa6426fc0d6b,0
9101e393bc658138f6525797a18811c44603edcd,0
f745a39f15170a6fe0ac9f0603a3215ba0e111a8,0
e4e8e2c018dd6b14c79f9fb4768e35d160f9b32d,0
ba5c4eb257373d06172fe4896904c86c43626534,0
f55334d8e6e7fe9ec605992a1c3fba1b0d6eddfb,0
440996a804bf385da8ca4edbfb24eb0d231aac1f,0
1fd5c1a84806f6bbd44b0c95f5631b17a430b2d8,0
fabec30b41fbca6684cba3a181b38b5282e39568,0
6d8d900354819405d606e5d24fbfb8db147545f0,0
311bd52771dd16ac6675fa32eb9c7a2dc5ac5e9b,0
dee66386debea88a9732447a4f2124b5310a9a82,0
af1f3c364d84c4f905e01a850ddf11ce3ef9cc75,0
12499658e5d788501211cedb7a3a25efe8c0948a,0
85d60932ea57440579910c34881dfd182287ec27,0
cd884c58e63d1f578d786b05186f56d97100c0a2,0
29b879cde48796715f3bb52f4d5227d2d72973cd,0
30734bcd802fb82244b2bf1cfeb89df08e8b7c0a,0
6ff3fd6ddc73f33abe90af9a3e4e5c31df96a947,0
6d91d2da2a59f58714c92f3da932547603afab6d,1
232656c4441c5e6eb9e95d28613f19a7a1dd1b2f,0
7fb3195985130c3f139abe21c7076402071369ad,0
a5d6e802e45ebcab0ade8e91597bb9c728120859,0
a7a8c3d4bdb86df1e8ba5fd7d92e084ba2b62eba,0
ff44f6ace0cd6fe4ae8986c4e754b621656152c4,0
137735701e53ccbd00566b421c37c3916d1f39c0,0
dd1fc00a7ed9fbb4266cf49e929cc8cce07bc60c,0
ed7592764f9b132f9d549236b6198c0956008e65,0
b93cd26def7e0c62680c01338486cd8ec9677310,0
16ed8441682bf8e7d48730be8fddbf896988e7e8,0
528de803bb0e1ea481a37d7b258e5c52b2b90580,0
8360bdd25929bae49af7d06f730846a8f95d8374,0
bfa1d88cb2e7534bcd1b6b5c236b81a17e538c33,0
8d067b9e2c6ec5d9113109fc33e9150510e7dd00,0
0740e75ae1667d3a28acc80e976bd101719c2bbf,0
13300969f786152f1a7c49802e92eeb0748ef9ab,0
93bb10cd98d10fe6279a06bdbe7382240cf304bf,0
1b4c9442d0f26f1c76fc5c58ee7d4c158b8fdd4f,0
104b03e86dadbcf6d08683ac1420b37ed8cd403a,0
d6646939243318d961269a9e570d476bbfee0638,0
c0ff03eefa6d9fd44c7c9d8ca7e4bab868390592,0
b3ed90fac2d57c2c923195e927e7ab920c69a3bb,0
673a9288aa34fcb22e2cbec5229ba66686337b37,0
db180575192847cf65c9fef91bf43df30dee249d,0
1008c60810062f0bc127ec04bb9a41297d72b17f,0
d16aa8563e604615a6848be80199cce3f42f30ca,0
0ff71ee85cc23769100360a651cc8596f8c6e625,0
6286f27b494f361e8099f9976e9d6dcdaacf993c,0
6f1da1b1e95adf1329fe356517a8742a5a89a47d,0
aba67142d7607423e51286cff5e1f106071e0ed7,0
38684313e3dc8f01814585989ab966c31a8d4755,0
c170bf58b836bfa22f5dd958fe72345ebc15c32a,0
72b53767387964744e02870815c831aee15685a7,0
dc643c6a2ff4fe4b5abd16a52201083b576b60ae,0
2e417d8da2f8292a756cf6367a544f6dd9b88b50,0
56f6cd5b210e6cec1d009d8f50dc1d03dc45c341,0
1b5d37d290bb6128b0d33b33725d5f6eda0101b5,0
3f645139447997f1978f13c9329384f01e181428,0
520bef93bb36646aabedb1aa968650a4f107471b,0
0786aa47fa8ed7cc9f03342e559106c30710789a,0
cf8bc83a66b6bfa2a7ff2581ecfb038a638787de,0
be2d6cf6b0330ea4d48fa9efea8ffa164cfe85a0,0
6c7585f864097f3115ed1f542338b305ad52d3ea,0
8ff079c6bf2db3b3be0a2847eb10f0dec3f77170,0
60fedca0d5aa0f251b22c1a9d74619f74275d0c8,0
bbbe69275b5003748786c5251e4af496cec42c1a,0
f36285611b4d2a0ad63198bc5efa1443ad72db11,0
be7ef8139e6d24906e7f7a8095e160b586e6dd3c,0
f7e8fe6a6b05cdcc6dcfd5ce544ef1776f43fe05,1
cf27d1b9eac2bd10aa02624443e1573260a37926,0
5df2edb86b820978774a9d577e4cd6666d5a7180,0
52cb9a4cb99386f898b0ed7d2a554450442eba90,0
a0cf81f17c55de625a06c461e7439f88997158fa,0
466731a5e771468caaeadbf86b5ec2121605aebe,0
03f8f43006e6311aef4d32601a38addeeb19d04e,0
63409d2f270bedbc9576672da7ee1784441785da,1
5ed15101affae0ef16f4e5b08e81d541896372f8,0
6d90665dfaed9edd923a264ed5a2e7271f06e3a8,0
cf5356017ebf3e61cf93737b9cffbbd94ef70506,0
736a52ed7086acfe45f156ca67fe4dbc0f1b80d8,0
19390c9908f339cb82c21529bcac2489d618b122,0
3bb03351fa1d7ce8b809ec575cbc9d149b9b1c01,0
b53b6cdc65dfec723c8c82257219840773d0d957,0
2eb916ae12791ebc187a8ec1173abda891325a7a,0
9bd45e515f91b3c11acde12760509a0fe29c9bfc,0
4cc3c3508b95c4e11639384871a421286fcad3fa,0
ea7f8d80c9b809c931eb23b38da86e99d4cba1db,0
7e92e02787c7954cbc884705a6c09ea68acf56f8,0
ba3e4604c1554a5cb14179b539eb26b42eb54c6f,1
c10146d1037f2d7d7b5bc856d5e348f3d648c3ae,0
2865d84aa14649d4649dc0ce68ce501ece927b70,0
f9bd888ce61ccf4b96e6beceb3ac6d35d4e95e1c,0
b6cd7023d618b18e83968a3ae609e90a330af62f,0
f16651a4e1d26bd5937387d5a51365ebc0d87a71,0
55479164f56f1056a1123d9efd5e693ac9f6f8f0,0
6fedbe1b91c8ada397c03992bb692263a4262538,0
ab152ee7b5fcccb22cb0d3f4c4ec9e938b167eb0,0
3284ac3763f23ae30316894b729012d96934e94c,0
4d917eccf9319dd49641457b1eabf34ce70eac10,0
6b77ceb269867385cad4ab32b3fb563bf5504796,1
2db88a9cf20ae71ba73589810af9b73d60f582af,0
d2cde1f760ec70c699118257d9278dd2a8ca204a,0
31610ce96a8b2a0f1bc4b64c3e2bfb64cbda753d,0
039e9847ca2554f9aa878b3894548fa0ecd7f4ea,0
e235eff267497f444f207d4d15815e081c3357a1,0
9ab86b2de11b4ecfb09967654f086d45341fe1da,0
f9b967f15594745003a14655f45fc2903e953f79,0
ffc4208f33fcbbafcfc08bb946760dcac2ee21af,0
b7f7e0ef1e75f0640ff6f2a8112d788fe50533b2,0
ea659fdad9356e1be1eaae89c810f07f137004c7,0
bf11b2ea734dbfcd6e9cab7a86e4063e1e096c99,0
28c566426ada7cb654ff7d5a8301fb2392c04969,0
2e81565c358b4b2403033db6e842fd3a99898f98,0
199ab8bdea306716a8488f291fb1d85e6e1ee7a2,0
2c9f1c24144f7874beee12e2dba00fb6301956fe,0
f5d21e179891fe51aebfd1a673f961eb53e7df46,0
3e7b803dbc7d6f03bfa28d36ac91e8244664bae5,1
af421e9721ae45e54267a68e7b2f8e788349054f,0
b81a9a4b55ad191408f667bbe3aa06a9d16230e2,0
d6e5149658e5c58c81c440a4e58553c679988bfb,0
7a6723a00bb4a8d93614ccc33b542d8b0c9fe592,0
47ce776eec3138f35f41e2e0c71eb52b1fb888f7,0
75e42f2d72c0dfaf3dd51bbb141875f5167affd3,0
602506b75139d2d2741a3dbdecb9d517e064db85,0
687f13025b3ac003896f0ad8cf1955c06a668a10,0
b846dd5e8327b3d0a2ac8ddcb22d5a829c954070,0
ba3a622eb48bb3d8ba28273281d19c35867f5772,0
421ad9d43758604a060f72f6b21a9cdf55472c11,0
408443d1d46adf4a0df91bb904a4afb23a87963a,0
08a5e08ae96b59f12c7ed66d701a569c804c3880,0
0908182fbecc8741c5423ebc5b49548d5aa381b3,0
df3aab6294bd4606c8cfe832912be1930d608155,0
4cca0fc1083ed6d8526dbd86d5be8933b08cb50a,0
9233b9ac2ffecf30644e0b5f6dd6b654e3558226,0
4cac4409f19b21e2d82967dcd50f2f7324e7a9c9,0
443ca5b96a489e2f0194bf44b2ea8611cbd1bc91,0
83c805a20dff36cfa574e561268b3c15d0e879a9,0
66cd2bfd0ae991934e2f679130798630434f88a9,0
b68c33f16773b7a85a924f57c93fce649869d168,0
d5c0e16e040d0dc3a213208e82ead7d96f251701,0
78fe422c975b27aa1f68b6c396335c7fe9bb6d15,0
99b861427fa5df14074f9e6717811e1b7a72ab6b,1
e41d7f9545932da6f85763689b5112b6cf0a43e2,0
e2571a7b41aba1e3eee38129c1d3834c1d32787d,0
a82e0383c7f9ec04c277da31f2a0f67e57b07eb0,0
e7ee514ee6295762bedcd85744a96ca136dfcc9b,0
a4024dab599cc9f35863939c417bdfb5ab8784c8,0
fdc4301c6f801cd82d838d322ace8e39b6440016,0
aaf8f2431ad6b29c33d91668a215b75ebc2cbe27,0
c1d37411993070b0cf83d2df885d351b818c4c95,0
1e778c796c9228300b2b5779b03ebefe9ea643a3,0
e63a7e0108c606f30c074016c3c052ef0261200f,0
2b3f2b246a0fa06775feb15a1a104bd4bb7a4b8f,0
beb936db3441bb2bf908f910ed9ef32774d8607e,0
c15efe312cb43b6618cd93c16bc328d58ca27f49,1
802edb709e07a989ad7dca9d7155fb3b24437511,0
f6ea2e10d40c4ee41727e5fe129cc079587a008c,0
342fe7f9c7455ccfc718c07b973e3bd419275a81,0
d590511392d5c43ceb83d6872ba62f3999e4afea,0
6b068d9a3f57e5bf16dd8020af26ed2dcc54fa05,0
c459626e40d88cd019f0249b25c564db31605abb,1
213dfc7d70489d3196a574db21f43fd2dcdd5f96,0
a37de43bfadc19ee23f24555a86bd653ad60c419,0
682f0c9163bb2f8ee1dcc341183dad2c705eb268,0
175220ee611d3ad9f64c91df14161914c11eebd3,0
aaeac5648f6e47ec033c058b4702999edad4fb1d,1
615ef8d7457ae8e6018edf3eefbf5470c33b002a,0
a09dc7c09990bab4ae3aea36ca0d8cffad3c5a31,0
44c969a920639c9aa7a72b0d9fc92d76c44acb79,0
91d636359c3332ea363110cb427c373435c331a6,0
a4851b590e5b6087aaf7e61c34897cbd20bac040,0
2d778c3f64454a4c3a707f17143cd69af1a87105,0
58bb3a00dd5eb3a858f45c3184c5f2e58d445e19,0
d858c5fad4aa50d6847b413e04eeac8d854301d9,0
2890d283bfa9484db1398ac14ebbf56d28c9ef3f,0
1c33f760b08922222e1e31efb0716eacb7444ef6,0
cb27c952712243ab3e57619079276e83a390be86,0
2d1a2cb72d608c64663008654f7b3273f42659b5,0
96a14eca9430b5019a5844991d9ec051e0648991,0
d550e40386e29fccff97a97cc2b758e0dcb16a73,1
f3945a72fdb3c8febdfb5eea494e181ba2d2ab17,0
568e2455129944514e037ce846811a303d45091d,0
2bf3fca6821169a18dade0ddd0ac543e1f1ed6c9,0
f5b8a0b78ce5bec851f15b89aed7cad5db243a4f,1
6e65c8dc8a18fa973aa200be41646b20324c9d03,1
216e55f230b7d090e3e9dafc0aafb55b75f1cd8e,0
41e4306823543092fd35dfa1e12345766bd03a3a,0
1a84cc6755e5ec773bdaee06413e09f2231cfe2b,0
adafc36be77b7a88a3ccfa2dcd05f92b1a158c99,0
a6b185f4a2fce8197febcdffaf74ae5755647990,0
87d297f9463811542af1e49fd48266ed70e989b7,0
724deaf5d16b94665dc413582ebe0edefd8c4a7d,0
299e17ffc47f213276b46441712546f402aae8ca,0
c1c278ca03b377b203e508a8c0a1c99c986d6d5a,0
4d327480127868d3362a95519d69b4a67ad4cdd9,0
e8114ecdd329657f25520f0e4500f24f61f50026,0
e1d3cfd176c7e1dc7f6bd970d00d7a65d5ffd446,0
61c2db00b02ae165807d6d961b3d0896e3898a9f,0
f60f1a829d8737cb80878b805b610e38355067b5,1
4d12ea26b840d7ecd4719782be5ee96f370884e8,1
5a3a43881be94019d42fb3ba16e6f9204af0188d,0
0c3a7b5b5a65169a61c8c4e9fc583e546252e541,0
8814ad3a51542e64eecf0bf19ec508147810423a,0
9cd94d308284df9cedff7b03d9e68840488a426d,0
321c0a1eb84349ab07931e1e348b1ed750908f57,0
b3299bc4b1c6cb51574ba6fa35962407400ebf78,0
460386afbb2b98363ee3a3de8d746ca405e5cbb8,0
52ce2d43cd684cb9edd55c2ecd286b4810465f27,0
d23fed7fda51fb96ba58225ad2d5b51713846a2a,0
2da0079c6b6ab131280f2c7739fe6effb97d0140,0
8f6e1581f3b0f10987bbbe8e1d3efbced65d958e,0
91c88d9c20b3306b6d53c5ce50463fcca9c7aee7,0
0941353c69056fe3b37ed52bf19e0010c945c021,0
0b882631a173f9f8d036caa810d8749a332b7756,0
704b27387334b6368730ca7b9068df76c458df86,0
434c0ca976e761df36123f1c264c4803fb2f6134,0
20be6af3fad761170ab2b17c2c12f284a6ef418d,0
fc84e99458c23d20164b2d7397d545522aa7d10f,0
cf6a5a88ed781806118fec222017226e2356c4b3,1
8795a87636ee57d43bad933c12c64558fa5e194e,0
cf290f1e13e428be2c111cd44beb2f42ba746145,0
b14a8df7bc9e3fe8e9d5ec0bd93089a06f3e6b98,0
7d1537b28cf07b604039e3812410ae9dbd673cf1,0
ad83d47e174e06ddbbc41a985dad1737339874a8,0
e7daf054646c27eea616c18cd58f0779759755ac,0
2dd596e48ad734ab2604cc873f035b7e8d0ab42c,0
dd25d5f1496852bfa26822758e230b6e1dc5a7ae,0
2af5ec8464e07d563e8b3c76a6362ff9f81c3e93,0
98ba7273c20ce05f60580f1ccd38ac6a2323dac3,0
94182001be2f6974b12b7391d6e8d18d3a78736e,0
7dbc1b6dbab30b8b2ac610a2e7bd95490e227b7a,1
158c501022d1b34cecfb72c426f69e089241c2bd,0
17d155985387b4beeb7ff0f338c85ff3f223f287,0
11699ea5ff847683fa170645f94eb79ea4e4c09b,0
3d346dd80f29de2c6ea6083bf821a022ef983759,0
95762fe48785849966eb3c6e2142a5ad039ec1cc,0
dbfec579afa34af044bdf729358654434cf965e4,0
d674e56bf2a411f97042ea8f1e222ad6d23fcad1,0
32d54496c23e4c4d6e11f3b4fcd6de27450ff3b1,0
2893a878c7c78b062142ab47259c5eec83a4ecdd,0
a7cf31081a0c87ee66b1c2e97e431a4d9d73bb7c,0
19b142b973ee3395e23089050558981887ed8822,0
bc89cd4a1932e3f2c345642c0b6fee3f3f9d2b0a,1
1c93134c06636370be3c3ef51a33c62d84eb0b91,0
b718a551dc71b52b3d31e05aebaf96513d3c8060,0
a135a396942c801f75f2131be2ad60d6c46b8bde,0
e874b63f31be00f072573ec0b8ebcbe7cc6cbb48,0
c8cc4f37a95795956bc046f1b94b293560cb7eb4,0
4ebce62dc4f9a5d886e0b3be308d5590adc9fc5e,0
32eee1ac405d4e7bf26977173cbcc917c7795482,0
6b64da0e663f9fa83f37096459af45364f01e815,0
0f546ff322bef9db9a359181bd659143b8c831bf,0
b4a87480e0c67be0b0c6f9dc0532bc53cff53a25,0
100ad8161e4bf2022e597bda417a87029278e5ed,0
e01019914c3fa6528f686262a4da17d58ec83589,0
5d8a76b0f18b35420e047e564f0ba84b15f9252f,0
3ff4fe25c97d52c0cc248f61f176cb8b720b0641,0
54315044ffc566786d203a3ed99b02bcf77e3320,1
294000aacb42f0607ebbb93d2a1d35805c7043a7,0
dd96087058ec3d35500a208683205d30f57fb4aa,1
32517a6925946f674ee9ed85268763654f6235e3,0
4a68c23a44a1a4615c385df667bd9959d29b46b8,0
60f4a37ab37cfed7cc435d3047c6da578a2fff3c,0
b69b77e6d411be39c3b951e220d015cc4f2a8b84,0
57e9a82ede27722c54f47614b533d3be33835a60,0
1b0b0ab6a94975ad9120b4fcb8d31c46538b6252,0
e85aa8eae958d07cd99997ce3a82838ea876af63,0
623bc075da078d1592efa48b3e0312943e2446eb,0
614e363214db5ef35a2b2df77b32b551e4e3e734,0
0b284a402f33fb65d2afb543b8e3557a19e1fe5f,0
e23dc0bb39849cfca76157288c8b98564f2fd642,0
d9c681ef7a681b57e8c862f960f62ca45e2e08da,0
c6dc71dde991af8a0c9a64dbe93e443c4413c894,0
00d53448dfb046e8c421aae5636113f36cf27532,0
5badd6755df8f16f7eded517df786caa3ed2c50b,0
64e931d28596b23d22a8ac5d75d3a860b435d2d1,0
c62b9931177153b957884de6d0753922e37df356,0
d33fe07d8e035c36ad1190299124ee518de69a78,0
040ff07c6befb9bc71a005d6cccb683a60b56884,0
b1fc0fd6b552d1166edd94da3803414a5e18e6cf,0
10236a21893d9259836e9eb54444e3f23fea8509,1
46d79dd9fe44f64f441af3d2dd9b83e286676485,0
881fe3625a3f4f2a7bb30cceee3ed93121d5fbf9,0
05af1e31c80193b4fb1df9d03b69bd761895f1b0,0
f691bb7ac5f9b14fcb3cb6ef8e527482343a88a5,0
aaaa0b1a70262583f93c0fe3b6a68a95af7c023b,1
7973d8beea6c7407b033cb817b061a5c96d099e8,0
a14ac8ddbd8f8268f34cb4d3393a5d81b140f732,0
4472b28146a14bad0992b2b9892fccdb6d9a14bf,0
fa4eceefee825f3709083b32bb0797a83d2baa58,0
abf34e7aad515a21c0a61f7cae9c533a7b3d5f61,0
dfa9129e7ef897426e4e95bc70d07fc02d1844c5,0
6425d671de757bdca82ad6cef6d26ffe7e15c2f0,0
42acff298a4b0a3c9bec9bf70cb2c4a562a11592,0
34f21da1a6867fb7a6838f478d4183c53f7a3d6f,0
a691ce9ce62fd98676c5c2c90883e7133d9a5cba,0
23a7ffc06c904f301edf46911f5a6fbbf18aff93,0
8c00b4f1463f5f7c5d34bb501e5970f035bf8f52,0
acdda8e03de7a416d122d311e590edd73fea017f,0
1819a522cf78f6d81f2f7bf342c2f17b460fb642,0
836e29e4476a1de8a46ff4fc81b0686394f55b54,0
1552a0ae8088b82c8bed2174f6eb1c1183066fa9,0
7885b9574d4e17859cde633be9ce6d89cedd7960,0
dcfbd7a4a6ccd7068aecf143c869be3f6c9421d8,0
53f9ebebbba6a40c2bc7134fb1c882a622ca7571,0
d62f15b4dae7cac35d21df450e4ed5edd1c385af,0
925f4c1d446519a03453f9e6d72cce07256d6d0b,1
25517ec589d378be5f65e4e73b29eacf80770178,0
a0a16bd3246b188c177f81634f45cd4574ae4a60,0
eecea0227a308fccada1540d1c4209e7aab1a119,0
4827d5502702aa1ca3dad1df94e4dddc58e42d52,0
6faf8e20e21a247b7fd0415b3a43c90d5517ed14,0
5dd9ef36d7d173e86681113547d4a0e6aa9c81e6,0
4c31cfe107ce7346694124e24257fd476cdc8a61,0
46796d7b83181222b82d3f20737ad7b2aa95164b,0
c79029498aebdb322234c64603d7aa5c27de0bab,0
2a3a20558d31a25fa185d288d75915f2731e4fb4,0
eeb3daddf8c2a375e4143997e3d2836c1aa0040b,0
d9d6d781b5b932f31cfccf505e916a220e6acd3c,1
30b6eb12d01b54d5ec5dbc9757ebc41ffe1ba161,0
fa819bf85211eb64420741de9e813e93f50648c6,0
0708180a4b490c1a3da45b5fd1b01e6c70d58acc,0
dd9156fd9924507fa6d989aa69d10b856ca9b38c,0
7e13d93381db764c72f81382c75b835f4907a026,0
1620c8ecef4f2112d321b49f1bc70e9b1c1cf9ec,0
4e153a00f95172b029c933b3ede431d27bc761f7,0
7c80332f2a982a3bce26c8bbebfe5b2732627fc4,0
54c2269691ee4488965fd6fbafa64e3514e2cf89,0
0579ead020f2da926ddfe5771a4552c056d5ddd8,0
f13b3759460271661bdd2982021dcf4005e2b731,0
210fe16097b01e629b948c942f4ef407c12443c0,0
2666bb457d5c1f17ad31b9a014b477e60fb1b8e0,0
dbf607f52a5f098325ab3b13e24578741654c716,0
5a78c2669c20c2345d172c57e172c0945a9c544f,0
36eaeb6da37768e633f2b2a110c39804e29b39a3,0
145827fa5193aa275f8d2b3c34f5db9444a3b4fc,0
74c62307f770788e759ef610a4616489d2308f9f,0
3e5e6320514bbf47c02f15fe7a0dd06ee768db8e,0
c47ad390bdbfd2c7c05d5521d10c9b967deede32,0
65331de7d081ea1cecec9441edeefdaf0c456e4a,1
2e898b043212b020035b6216e546df58d198e011,0
e7c3c1c37ce5a02cd331fb0ddba78dcca14d1bcb,0
e34737aab00b45d3b943db4edaf9d54390da8174,0
3bfb464f6b8aa56288910589d088995ce7c6b475,0
dca8090efbbe84a95294195353020c7fe5ecb631,0
caa6149f4ce700d53890227fa55f8c37639fc151,0
a6caa38b68b099d071459204d321a6e423a19ff9,0
734bfabfbbd08247d980bbc9d9351fa2e34cd791,0
36ec53c913cd4313129ace84d9f9cbc71a990584,0
dbc1876c410e1b9da005f4a24960ddd15d5d6f70,0
c84b8aea7ef877f94972c60325123e8da0c86602,0
cce8507a339d46e44ceaa13da3c92d3725b1c199,0
0dc3c88371d4e671e03cbe9ab1e56a0c5aa60508,0
0ccd42f4f958243a7d27ab55d327ab55c4a4fab3,0
9722abc05c1bbe5e343b73b979dacb465a31319a,0
bb80fe8fbfa5d7ecf33dbbff5cd6abbff2da76a2,0
43dbd3a24d07219a329b96f8a085431d0b385eab,0
baa879f10a4337a78586ff9e6d492740b53bffe1,0
2540b2d960da1054e1787753277fec414bba9d33,0
c66013d78c4b69f98921a5f94abc198865775412,0
4daa400152e40230874ff47916c4a661d48df439,0
926a2a7af14da526f42ac4bccdc44e085c2f2eb5,0
d143c8061b940edb05395355fd5b9ca8be789b0e,0
c670d9cd4c0d28c848b56b010860f94d4a8bf018,0
8103840853ca0faa776a337fd13780fb9d8bce0f,0
d63e6bd88fe56eee36e11c1fb72d37f420eb30f0,0
f2bf49b1cde4be1fc9da6cdb753cea364a7c2a40,0
76e0737c693ad6c937ad399a0129dabc1c0a3dcf,0
8940f6105f4367a28c6ddcb83e07be93a26443a3,0
ddf74286ec3f9a3369d04f37c6fc29e18e5b78a1,0
62562cc893981b06f89f2a56afd304d6b0d15142,0
51f22e375e5a51cda93aea0c4d3317b3f87350be,1
dc34623203db8237f131038b49ee4346a3d1e921,0
adc3041561afefeb027ae1fe39d142d08c2ee89e,0
09e6171ffa60d82b38a624b1a29fbaa68daeb5ed,0
f879634007acc0c17f4fd6dfaabc1bc4c01481cf,0
5336ea0794e627281b0e8cb7a403d332290b25d3,0
b7ce300c91b72adfa2db19f4f128f92c62c5b51b,0
c7437fa6c7c232a2896285d45be1205ce3cc93ec,0
db3cbf34cbbb4e7aa205710eb3b1546c081b7f59,1
8e5c96bed1f30ad7bd73c644cddff7f140ebb620,0
bb77018802f1dc522b4c19dc2c676c4b478d9a44,0
f618be5f2a907163d8b813e07a4c19836c6c0e5c,0
a8ded5b29064b56c9b76e479fca8464a9a9e4c78,0
56ac7f4456aa41b484013d5a4dd226b70109642e,0
2eab589d52cc48b930e4d775bb0c1964b953da84,0
da1523ae9267686adf59432e64679eccab63d0d1,0
4dc06b6b082ca5d85821045f6077ae2cc95ee1f8,0
71d801b3ec08159c8fecc8e8908c5b0c36643e97,0
923ed13532c7817553660ea9dbd06751f4f5a37c,0
80b937274a0f7104da10b8aa50fb4c315ccd265f,0
98ea28ff13834d4713780f09a9a20d33ea526bdd,0
4eef4fbbe367022c00405f389ff8c0668425451d,0
2355f83a2fcb38b5ea5e62e8c1aae7d707e415a2,0
05954be4d2daca76d2bfadcf23d9cc5132f7c84c,0
d32c12deb5216b7a2a98a2f6b7565b76ba554800,0
b16d7c4d58cf4ff9e3e2bf8cb0be14bd2771d1b0,1
431bbc3bb9cae7590025ff910c8c688ad2d3fa44,0
71e8c8269538eedcbb428851c7fcca20379ce11d,0
ae8781df53f2074811ef1c40f8c432588ca8fdb4,0
8fc47799a0fa2d2c81cad85e2de608c81fd267bb,0
ad722416333132bdec1d470322ef9dd06949f51d,0
c9258ce8647c82e0dc824049838b6714b24956d1,1
d955b06ec0d58ed855d51878d510664dcd5a46df,0
7a3f6ada4f953ea4f3f47bcf97ca63fb192f0423,0
134cffedaa161e2e488022133e7fbc4ff59bb599,0
9179d2094d65dd94bf743a5e4c523252aa000985,0
d2c6ebdd22b59460ea34a7b837ce12ee6de0c3a0,0
df7105652d502f395a137a8977f1849e2a2808c2,0
c3e547d304bd362c8d75908224b3152e7a996254,0
b397b653fe77c75a49a96a41ebed7dfa4ffa12ea,0
28440883416f3a91bc738999de3bd558053d162a,0
918b4a6e2ac198af36178a1d99c49f8daf3ef3f0,0
ca3a6494625afb3dda57ee00882a9e4724845709,0
78112af6bdcf06421bba8f6cf2671095f769bef9,0
942c9189bab3eebfdcbd89c2805692b51febfa05,0
01bebbb5be2b9e31daf4502a1f82c18c93119390,0
0ef62b87f2a0e871dd3a2c443ed0b9adc74ba8e1,1
c09e6762509d8c61f101d83ae426b451559d0c2f,0
bca00dc429ae106e43c3865bda17fcd522eaf489,0
157111db8847eae9dca8aa69a4e989e1f96bc6fe,0
e2d4964d098b5554a3f20b212f61dedea2b098a7,0
335c40e0a20bc39bf0bf300874180f14904a60eb,0
a23452cf592ce49d2682dc3d7dc1cb1e5276b451,0
45a5b30dd881e3b65b90edcd6e51c6e18086b586,1
fe422d2d31bc1c0b9e92ba599eaf3b44e7acfc1d,0
a4f6eb9d104a7369670733a49d0409d60f2b466d,0
481013828d2d37ed03df3774e50478c66d1628d2,0
ac2a3bd0c43a9d9d8aaac6ee8b979a38b57ddb7c,0
73e0fefb53303ee46b8f45c9082af468f77884e3,0
8b03b9cab92b615c823c59d52951992c68efde7c,0
a0a1adbb8651ad8dee1d5422c6fd991ddc7d245b,0
0fb393b7d6f17f8027e4086aedd8204bcb4b557a,0
fd496e85e6a642a7bcb8043d0f426f985eb257f4,0
b70e63a7c4f753197f60c7c0e322298944192468,1
0bdc87e634a4ecf9bc1881193e5b61a679d2228c,0
b130ec6eeff40fae2673a8d2dfa518a66639d4e1,0
52bc0a71f50b846e273e38af15c9a64150d3e2f7,1
a0c21be9204b61717d87b4b3ce2608153d1cf8af,0
5cb5ae55b719d5fd163c9cf8db4e92903680bc50,0
365cb86b04d71340807ef7549172925d15e1b1cd,0
097ee3efae5a146c5b41a5c31c6656b438b1eb36,0
7d6148e3cc321991f04b6656a4bf2b724030554f,0
0e5ed20fd48b8583723d4933bb117dc53c7f1c07,0
d08966db46fbbecb629ae3e9e9882dacae26034a,0
d5d25175e3ff490b8d4425c032978d69c32878f7,0
1c7e54c9747ebb42cdaf869ea8d28a0e2a462eaf,0
f68fb13a20ebb863c0bd04b08c7cc7479e7f52a7,0
2e2685c71be2986edb7bd3bf79cff094aa3c69e5,0
920052a35a4b74904db169c66f95baa2697b39b0,0
5b355e064a764b5c03069f72e06d6218bcfed8b5,0
56d110cb34252ab40a29d3a501e0041cbebf5fb9,0
a3fea061df715aa0ede190e752a3c50cbcc5a429,0
de5480ee8f6f91c83c0e0bf65dfd7ba58c711d0a,0
8c5453dad9351a34f84b6bea667b63cee6a3f997,0
3a8e2a2c3adf23aa937165811310f20b82874b66,0
f7f576a648fc1845eff0ac5932022a10e975b6b5,0
8daede934de994f6fb46cb98c13e9654bfef326f,0
2ea3e8a412dfe8175394620c7fcd0781ce66c0e0,1
4562b296813728e5e4a3fd6dbabd972f8a7fe7b4,0
f0a6de93d0ba3b4dd60ce4654d243c7f2778666d,0
6472195b0466ca8a9744e5bfeafd5f8b3b6e2262,0
f0b144bdd756cc53532ff2a8fd53d148c56bc1b1,0
04603ef1a3833fb7b357b0e128c86c2a1d5f0052,0
f36a6874e2622fe68b5478b4f275a1fe7940df60,0
48a4f232c839a680db6e069ada83ff483a629d9b,0
ddb2f0167eed19f8964e27a64755fa2a32dcdf1d,0
5e3ccaf3430661271d574ff3bf9761d2dc789361,0
b3d0a5462d445d0d268123d741652e0e192286ca,0
0e69ad5997a87f228254a58b4addda3ecd6b5b6f,0
c2b1f9df91fe40bc13b1bf573e87ca46d19a084e,1
da1725186b0285eb8c1e82a7a2da6cff6d4dd0a0,0
9f2b3bc0e865afbda420f5c929f93cf93f84c886,0
c326ee54ba04882cfae6ccf2dfd3b50626989034,0
0560653ce9594ed6bcdd5553073809741d35ec89,0
d961ec667e6321dfa32592cf3742676c14dfcbfa,1
d9fcaad6f79859aba11d70349e78f7ddc364953c,0
c2f0a2ea7647c8bf14418ad6f7cdc1496ceac22e,0
0f382aae210cc074059343085196158670f4ae74,0
bbe0c21146288a4b29ebae23b5fb5cc1ae5cd971,0
3d84c4c9caf711a0287248129e99ec0d214242f7,0
79b8bd76535d0e7285401950362bf9e166a45d23,0
0c4fd9bfa4516e394ce29332e6cbe191630e98e2,0
048ec32cf6905920fd437c669ffd81c66b48bc56,0
e494a3839303197383961f00b65fc58200b81ea0,0
a3f86c6f73f1ed2dfda65286d886af6435114f4a,0
08b8a90f9169455679124192fdc03211a7452b3f,0
2358373074696f540d31dfee9768a1b37d94691d,0
2cdf170f4e6c455217eeed6dba16ab8a89eab5d6,0
e7852abc87adeb89ad9a99005acd593b70d1527a,0
b91663410a8efa12fb366cf52f28b0aba5667538,0
07880f416c39247311916bd822141c0f66ebc8fd,0
de6daa43df71c3510efc8036321894fca2abdb39,0
f421a39348cab97631cab9bf21d8d7e9cdd8ea11,1
926e84c8a449c6b89d4cc983d012afe102a05a69,0
c19302d376f35946be2832af89bf034edccad629,0
326bf8b7b0b787ebd0976fd0177773b3e2ad52ee,0
2b02e93cacb82d324559cc24216f9cf1000eca47,0
29e6cbe162a3dbd4af1a339163e1904d6b50a8ac,0
9434f3b4bb25aec5d80dbf4fadca6a3d3517e826,0
da6313f9e5db511f48c8a8e2bc79dc6fd208b061,0
d32c6f16036429e46ba97d4155303959a0d4b201,0
9153ce008516a941e7109049eb210289c261d23e,0
6c5c29092300b16bbaec7a432477a3ad6005a16e,0
b3f29f42dad6509be7019af6c15e150ccfd4fd21,0
b0189acc1cf47b05da02781395567b844e597bbf,0
760869419410cf5206579d9d57e05177ef6bf9ea,1
57f494d54f9842805094de0017efe032d9024b18,0
3acf08f948b64b90c956dc6ba6feae75ebfeb43c,0
51b488f5914d77d867415dda9d8fb29e7da0af1d,0
27765e6fff4d35bf9cef24fd5795b14fb3f5eb56,0
227117a5a309fbeb7dedb3df935ebfed338b4c7a,0
b941b1ab0c0aae706a12f4806b6c63249036b6f8,0
ace7c8c4e5b742a200478115a7795af44a381227,0
279bd4b2166d4f7180bacb2158c6e1fda0d1d92e,0
fb515af9cfe6833d423e180e5e9add04a0392c11,0
3b0bbd235676a800846fb04c2b4f833442f1896d,1
e62fc1fe5c686bbf0ef4ad10672c6bce8904688e,0
fb343583b870f43997609accac7cf686ef7432d4,0
650ddce5540c6f82b998af75153fbef1a0d0ef9b,0
89aea74f87ebdde27daaa4dd1a8706d6362427c5,0
3e3133a3bb40668d899729dab8e56112a4ad1b52,0
0da845d23d81265f96554123d9638b30432114a9,0
7c91ebf09806a909e754a917939a3681bdf05be2,0
3b434055ff028e79343867fd36947e66ec523f44,0
6220a28ee43e1c72f388f52c61106d70a1bd2247,0
1f5f84f0fbbaa7152e77b77007e61fbbbb0fce02,0
a22714d1f4dea28f413a41cfae242096b73b16cb,0
ffa14531c2fab26fe97b9c0d47275f2ffa761b18,1
4cca5b4476f1a6a4e834636f0b6425b0334f4c7b,0
4e3207cfcf86926e920d5e33ed2838c78bd624f5,0
80b552299f6780e99a035a09055e7090a47b6574,0
090e5a0644f90d261cdbf1a0e97c887060c6ff79,0
608352c622081e333255d37fe53ba5d1c7791814,0
ed18b196c80a304fd6d86f0af6277bd9dddc958c,0
e24780bd004c6d1d0dc787cfd63e824070f8fb2b,0
ec206ce71a335f5f0fb072bb615753c1ee044207,0
21424a21deaf9eae67b7f2cd53a9ad84f62e1505,0
079c7d14788d05f2e77f4c5c125e3e19aa87aebc,0
f4c07539beff38905020d963898113cdae3d116c,1
64b7d9cba77f920961f666cc6b5689324a8e36a4,0
f97e96c54e1b0dc37f64da62a2ff8b03375fb9e5,0
9b92e783c919c551a66896ba908ddb7db3a76ca5,0
4a7e5209bd5a7d542123ee3e55b9ba8c9a620067,0
8d3b1111094f14cd3d0a71726ba640e1f7f855b2,0
cfa519b82776064b299394fcd24ddb68884deaa4,0
db2936235fba1dc5c4981ca7f9a3505f92992304,0
036321c36c874facf264874026c4a98c976d4d3d,0
46c3ed06e2e5bfdf32270c813f1575574eb1c14f,0
6a344ff63a1a32cc106a8626365f300572ca74ac,0
8d5b9d2ede0f3135bc11f34172118b92761803f0,0
d70e6d5d3c910c3a79dcc4d52c6fd14cbafcb144,0
2fb5ae7b6cb98697eedea320922e84ebe37cc1e7,0
9fb945b6d42f1f60cb59d8cb233951612c1fb454,0
5424ddf31cd5c65067f176a74ff888f68de25371,0
9295dd6e333ff4427ab55af5ff9a6a8b7831a20b,0
0d4cec27af799b0c26e6ab95264961b350f139b0,0
94501642a45d3d18bd1fd1d2e388e0890d805d84,0
6d075e8ed140b1079566c73d9b00d84dad28710e,0
547ca1d991378d556a53d98b53d34d8103862bcf,0
9ff44de22a8173156305b10cd2d24d0f6893deaf,0
6cb86da192c62c4d88af86a5261ac01de0c28e04,0
4e9afebd95a22ff5a6fe010ac1c8046cc5274fb3,0
d944b0c28bb74e6b689cd13898c46175475f58b2,0
0140d9a73166ed17aa31e8dd729dfac10c708c04,0
919d6581a78f12de71e24b6db205bcb49ee8f315,0
90045d6a42cd508ffba47c6096d760df553cd326,0
b600b84bf21d80e2fef9a77db3207caba07f233d,0
f13e5f1531f648842fda887b958a875f8bf048d5,0
7109cec6f30a243fdafb05de50f0115bca6165a4,0
9e876a8aac6995f047b36409955e9057610e38cb,0
f3792e8c463e94e1e9f3350adfb4a51942fb749b,0
e36d1a8b73bf83ad1aec4b59912f6455a1f012e9,0
d6958a559dbf689e8f7317274fb21c263ebf88ff,1
72bf918cfecd175aaa71e35505fab73ce8d49931,0
07d2783320403cabe85afa8b0042ee4c8fa2e9ae,0
0dae2bde2ebbda854061312bd03d344be7db51fd,0
a2e2fc9ae429b7073f6c5f1b1f2b9ad35dd356ed,0
e9e3b970593ac2a7343571ea2d4ad46499e3d785,0
900c07cb37fa1a718e85149cdf625ffa94b3272c,0
33947bb4cccb317f76c7ea82ae198fd2b312207f,0
8425d70cd9b136663f4aeabea8142fd394e7a4b1,0
44f01ef880cc675c76da62b730c57d05fb22b2b2,0
6cd5e9278a162165fed1990c7040ded683eeb974,0
d00cd56d7185d3718af2eb4cf16aa1cd079951f1,1
a1d21ba77c91bea7b5bc7e90e219076f5d017877,1
f84e0ee8adc0b6af6f7d00cb20c3d012f0a202da,0
18d950c21de01b9e7c21ad46339c7462112a890f,0
83f9bf29e9c93512f7e00fc4982b1bf2960a23f2,0
5558c27e2f5c9fa7df3600d17e4a933b42c5471b,0
1a685bdd70dcc84fcd5910f7d6f6b818ebd8c8e5,0
efe55bf0c06b7d3288405e87463cee04f693ce66,0
6e8a8ff96aa6bea47c3bf68a4c5e6d9e3f73093a,0
9b5dbda6640f358a19018b623f124ebcb021fbc2,0
adc4b72377ad729ace6a6a51f965ea1e04404095,1
fa1d5d65ed1a658e88f2e7b658e909eeaca27532,0
3bba3c70811a2ffcdcaf87f9d5045b55c45b54ba,0
d1f2ea155dddeaa06b5fd25804bcf2bec002dc7e,0
99b2b31dc63584013837f6aa2678b8734d1b3078,0
8c365d0ffda0cf7b0f6baecad91d637a3f929505,0
a4ffc1c4d4db199551decb6a567047bcbe749b73,0
2c7ae048247dab7c60c2a4765d286abfcc5c1f9b,0
56d6b002fb51cd7ffa02469cbb4d0b86c1d6f8a2,0
147440108d5c0aa3414decf6b3c5811dc8c48d0a,0
ab13cedbe047890beed1eae8c85609b036ecc143,0
c5e7d112078aff32f1802898936733857aeced8f,0
80774c039d2c90f8b2cf543bfc56d719c5664aec,0
f9213b8f13c436d11e27a0bcf63849894420785b,0
f15fc9449bfa0ad2ec812e964f4372d5177eb27b,0
deb141603ded7dce8487f8989052a142d9e96724,0
f34478e51e76d32ad1b4f4fd8b17d9864154ef80,0
ca0eadd1707dc088e76739f9fd398caa8ebd68a8,0
ee8e2b3de6f18337a9d7ce2312b5a8eb8b2a9726,1
31fc6616ec9a9179af6abd69ae71e43808075526,0
65034c64c0728555d1f588bbe38acd5fc5bdb900,0
518878a540c51fbd38f4e1c6487aaaa1e2264155,0
107328481cdac7b676cd52bb151006ccfeb0e91c,0
89f109e95691669359ce21ad4d8ea274633e9269,0
987a4b8ddecdde0d5291ea29cf7f01eee61c5e3b,0
ec4cf51b3211ba3b6855c27594ec2552e9efefb9,0
8da7996d41eb68b96a04b0ee9d64b54d6dc6a129,0
9e3ca62e99a53279d8048d58f648fcd1805f47d1,0
044d62f93067a02186d1e72a056313cc5518ba2e,0
a856213c1c80b824d74343d303c042b276707b8f,0
d5a840348e2a06b0b0340e75d0fd171de319af87,0
80632a2b0af6f5102f3aa785c5c4d0fc9bfd186d,0
1a681bc12916fac1bb91bd65fc79032bf7f0ed36,0
8ec2e188dcec0501d5db0833192ca3ba006eba20,0
34f2996068fd9283a942afd013acdd3555d3ead4,0
5b67f5d540b7856d592403ae969fde838681441e,0
c825457ffa5106a8cffd177f46b9749ad6d4592d,0
b680ccc0861ae423683ced8b92e2e446fdae95f9,0
43264a69ee5dbb910ab56a9e34445f71a0e240c2,0
5caab5de7c79fe1ac13c1c35e3e1d1f661fac3e5,0
aa3a8546a1b7effe464fe0830e1fc7d1fe5a1638,0
8e9580bbc6e627ddfb644cdda2c97f595e5cfebf,0
5cdaf074ab3388a26d6394222eaed76908e08446,0
1eae851fbfea9a73b807ac816a58cc8feb563050,0
94bd0c95f2feeae79731cadff29a033f97c58c3d,0
4471498c6f48006e64f023bc863dd768109827f9,0
e156fc25006bd5fbff92cbff17ad825ef8732b51,0
27be7540c38f28cccec95314846ebf176c396cbd,0
933ed1dc698d766b0456f9b04bffe08a42b3aa2b,1
0abcad8702b3a4b79b3fe405bf7de5d53afa081c,0
ae055ee05cd91f48ba1d35c29c0850a66a6b8ae3,0
a9e84d146cc8c1177e553e2f7728e867665f8a6a,0
018c189a2e0bc6e8fbff497ccf69477064189cf4,0
17f2005a493ae50b429e0e22c26924bbb3973dba,0
00642f176e0cf541a53870b88218f889c48cf85d,0
0b394079908ab5da540b1330609a0b55581989ef,0
4ae492e12df9ac200ae89dbf38d97eca7d432d22,0
5f79c82fa7783632fad718b71e1e23ffef2e0d98,0
9c6821f127c83d07d0e232d7f263ee2d8d3cb7b3,0
821889e434d16d72b76c7e4fa925a07cee287c7d,0
3b4431a37c94d3ffa09b507f891d5c8e2bfa9f3d,0
954437af22d05c771ce9b29730e9283e42003270,0
d87caa77ec8215829aee036c6b960095357baf0f,0
1f0f8885383fef013256711de0078475cabc4f08,0
58cd59f9619c34294a3690db6ab18a304ad4a6c0,1
3eea850305df05b3264724103b01fead9e4a02b8,0
7a889fc4fa115dd065b861e39c152913f2b33cb9,0
71737f22637ecadf17605a64a3bda5455ca30f2d,1
86489ebce96763384eb05862ec6a9627ecf88fe8,0
71fe2769545add669d8af5fb804663c354288425,0
1609efa0b8387094201c56ef8a62e47dc8be1ab5,0
31a59098282347e0df5ed7d455a66cf08e6ddf35,0
835de63c80c64065ca2fab7fa018099bf27e0339,0
d30423e864d9d322d35bb8b60301a3e34351f95d,0
c1f9fc3e4cbed921d1bfb71567fb3b1e08b8f805,0
605891a1e385f272ff7e94f2bdf0ab455f24de25,0
0e8c0d7e80e12d194ddbe8a7309011e4b46decac,0
c728f9d64cbc859723642c3497a489aa8140f369,1
a524ad2a75a09501dc0bf802b93724339de71968,0
105d55d83e0493874cdaadfc02c7f5dc0112710d,0
b20799e334fe33bb178daf308940d15de67671c6,0
fbd847703b236518747173a23e718b788e0a7fc7,0
4d8148e8b3636e18810fe9d8d243b353f218b993,0
86966e2c06bd72cd2539d4f46496718fe4cde9aa,0
558b54b88d50efa63617860fcb86760ad48ab44d,0
8f08145b351f2ab99c7632f4ce9b2d41bcb7cad0,0
423b18b6bc497558672ced5a185cc615e9fc4357,0
5ace5507d96cae5394878217de00cdbe89abfe09,0
8d0de51c9538165130f0e03e38be17cf86963311,0
feb0ba984da7ee2d171b8a53e86844f72d8e3c1f,0
b5cb3ddd1fd71b99a84ccf7c5f18d2f30267a21f,0
024ae68377921d646302d8e97a3f0efe03515a48,0
d4d54aaa1c5b67342507684b5581dae7ffd0a2e6,0
37b47d08997a29f1adcb4770cd3a481cccc158b6,0
bbb458e42547cd94132c4c554d093ac9ea6eafe3,0
42b069549b37d3ce44505a9ef184a26c1d0138fc,0
5885c676916bcd95a618b30d2ba1c90e4c58ebf3,0
51dddc72b8038d5d0f6d21bc4aee5274ef9361d0,0
997c023ea4b7220026bd876e9d20e93f77847e7b,0
b481c859d1ec570e13656373dd3375a845b68e79,0
f00f97f7aff547ce3672e6594f1f2d5b805f3097,0
86c2db34a8aba8f0c7aafd244b1268021beabbaa,0
49cce9828deae2546fb282e30b0524d572692870,0
9a28457cbf8dd5835cf9708fc3d15315bc64ceb5,1
8f1c2724d972c3cac1ad9314b3a99ac1dcfc09bb,0
404346734005e53ebc5f26b937d66f595108aad8,0
6214551991b84c242c54a7f58d7d0561c8ca34d3,0
198b786b9d7b6ace800c5dc17551aa7f74a0f042,0
480be88c76a42e14dce20cf1a645f5eb1a115b8e,0
edcadf74b91f0ba7c6225be48a204aca414e51f0,0
c323e328a0d8b51977c80e8c95c5b46c63c50075,0
fc7cb83bd72303e1fecebdbe77d974863ff4ec95,0
7b97565800ae21de2b1e00efef97b7e94ee1678b,0
5ec34c77f8ceb27a446210681ee421e04bfe803c,1
0eb271c7f4843648f182990f830b90c5c48aeece,0
ee6b61055580fbd4c663e63e2aec83d44e6775c6,0
d667ac69e4d1da60e0eb0600c05426a1b179cdce,0
ce71234560f8b36597b8383a187b501b228a5390,0
7c0614338b0854a57619274719901da96fc85990,0
bbca8932da6d0ba286164b805a67c846d44c3123,0
0b227b4763826dbf47a90fd259edea54de68f492,0
12e83d31d557b1224284bbb6b67e3b925c1e2789,0
5ff0d54700f465a717700268449f3eaa9f8ea34e,0
04457b25e9cc7d04b098c2dc42d9b5d84fab723a,1
ee39aa433a175bc5dd07c2fd424e8de41179015b,0
94e0ff42543ed6f4ae3064a99de751be64f603ff,0
91acbc93d824b95429213f84f7f9e75484a922e7,0
d4a66dff930c02d34f4ce886063a24257da2a867,0
0940dcb7b67863123ad29290a0f12477c33e10f3,1
9452bb17e9fb901f42230516994a455313afd310,0
babc4f2b689f93249834cd2d8249d78603b13d30,0
391cb20ac24ef533089b36e8afd4d6bb27bb1151,0
70d77c54d4b7e47cc62a16f137b6b42e1343f301,0
562a36252ccfbc77a641f0a31d7c189b39ce3041,0
0b910d4612f55283802008e5deeac16b6abfb411,0
7547565b2f359ccc0ac8a71f484ca48cde9171f8,0
7526bafe034fca2a9615f4553cf58bdd65b33018,0
49db2b00d9106a4787b3e4f175f7e2856153c943,0
4795e8eb4827e609a553603c8bb289bbcfb5daac,0
2d4ba12627673b560cea23847278c10559a42256,0
755771b141fe651d8d1d657d84433754dc08410e,0
aca83100037c0c7d9b5348ceac7683616e37eeb0,1
6068bb22f0ee27bb1355b34995b162c9a84f22fe,0
789d0f8683b5127a6352102cc57857d473def19f,1
dc426ae470b049dbebc45ae2c582334ee99cf04b,0
477a7c1b506d84eb0c5065a0dbd4dc277e9ee264,0
3a0e494b854226c014ce80fc9d7d8ddd2ca0e99e,0
4525667e99e714a412dfc5f1aa91c2bfd78701ba,0
ce65a21d1da0fd4a2f832d03a56cd2b24233e50b,1
ba54cfb8ee3cdc2296722f00d0e684d411df8d59,0
917d86e3f5b0c92f0dfdf504fe48b0e9f38d74f3,0
ace1530304a94d0eb9e82afe35170dcc2fbd7fdb,0
a2ab4f88311be09e73c5b353349b78fd27dc44b1,1
1956788f53779b0932ade48ffba44a700f1790f3,0
0b7d14cf35e4e9b162a7857e79dcab8b45b99ad1,0
620389abfc91614aa3c36dd77557ab80ddaf4d3b,0
b0aca7ba203202f5cc7cb988c5587fb0c0e9faa9,0
94593820aec3ae00340d5c2b208f57717a383fe3,0
1ccaf4804bf237a96179c12ee045030ff800adc1,0
deca021e061010131316033e302fec96c078737a,0
03cac55a6aeecaf543fae1d5c2a06b9915a11092,0
d86ee4d1b9d75b8afe7d76512164a2defe1b2c66,0
b6e0712d334639ecd9fe3cc76c0f26124aa63d95,0
5c83bb2794a70174fa9976e7f1af023bd20c7b41,0
0de3d2b91008fe40b578dde0701e58a03b8d4cd9,0
b4c34759dbbb9e18e3946ef7335c058d26194095,0
d259cdfaca444881c43dc972a15f8836fd68afc2,0
1286e565bdb801ec5eeca4d2bd3d84a727a238ed,0
e93f83d6f69fa24edda802f77f862378d1d63c77,0
93e3b3abe0d13ce36aac7dd68b967191aa3eee9e,0
ecbdd36f723e503414a5c7502260f1f8ba9d01ab,0
fe1e3cf2c36e151e368e93ceb4cc4464bd062ac4,0
19754582509362655cec870c1b3984abc87e4766,0
bc496f34e923b936bc6dbbe889f1f5d7ac3bcfde,0
d99a2b77694deb24a2cd8f453093aa57428a9b30,0
68928ba5eb58587b92e2ac0727238e371a481064,0
8acddf2e63ce17d4dfe98bd1c6983eca699f5681,0
443de8fcb8a2f2cb323b811f5bcfffe5bc76ee21,0
cb3502bb9bf70f590b46d5a7f087caac0853245f,1
231b65d86b101b0d0c025614283bf52bd2814389,0
e5ffbed2af072ecdde9748cbf20298d25d8b9d73,0
ecd5a15e73847b0dca53eff890f444c1c2d23215,0
054a0bfe6ec1132af90d33e4bc8da727cd4c37a9,0
dd40949b5502e3c7ae49a34378672e1e049500c8,0
18ceae69109087e154654dba24500d5015671594,0
da30508d9d54f5b835641a7ef3b2cb5a3f3814ac,0
7234a20a270c581379343df64948ddf9a4ac2af5,0
919150ed118ed2e8bc82f45dd32e9a72bf928820,0
be689916df213f7374e1ba6be703cbcf8ab691ea,0
10aaf4767964092c76b1dbb6a71ce62b08c1b5d5,0
5af71ca922b754d8479e8ad1e9e932fd719744a3,0
08317a860529c20d28c575b65898efc9c9fe9f09,0
735c287f821a61bf504b9c5c9906e184c7a1f1ba,0
ee6fbd072848006b45813500846ad447878fac0e,0
3f0fdc00fff880d9f19856aed1887fecb57c28e9,0
f3b594b09f17583dbdadde009bae313a2da9e66d,1
6672bad398a562b3b782c7a4ca04a760035b5583,0
f06a125ac7e5ba8b7507700390dd3cdbbd19fbff,0
0301971aef19171cc6175d2cbdfcc8cdb1c4acd4,0
22a3d2d1d0251f30ef7af273187271f58b89f4ff,0
4d59f690d02e5074d8dc9dd9241d74b77e2d1883,0
633a25a9842f7914458b62d88a7d0602ea4a44e5,0
3df2446f3f10f2ff52d02c0e084a558a2d19dfe0,0
0481323cdfac37c42777e409a37205288f841df0,0
ac1da16d1052df37d5faf2d3594fc225206507da,0
d7c4e383b1108485f4b53c7fed43f9ae061d682f,0
4b1bff892d43f3be1117b54af6da96ca60c593a8,0
064ea6c2cc839ae1c94cda9c3447c935c6e183be,0
d6fb265c68cbe56ebf043e88b5e040ea434429e4,0
50e1934b6a29f70f9293bf40f655a32e35030311,0
5780f86c693370feb8239f532392ea3a216f0ff0,0
2c66381d5d69889138b3860f5973f2ca7b1c446d,0
288fb2595abe5054b6ebdf7f8f490b83b553a36b,0
b66933e434c1611af492dedf9ba4e4134939207d,1
d6ff1391312a89f5b3da2714ed407495fd08e353,0
5f41557cc1fd2f5ef6c6b716d76b625826e12b6f,0
ed93617b7586c725ed0db28dad15960a24331105,0
a79a45a840e6e6f7f6f2117a9fd4f03f24d678ed,0
5cea78f2a2087c0c1a866ee21bde113301a7d128,0
c52bcad3fe105d016096729f6af643fb1dc13bb9,0
82c8e7dbc24adb8b7ff15b1edc68dacee37aff76,0
fa8af471b41b81678db27afad724495f52c3623f,0
c6ba5a2019e4ad896ca326d4b035ce0bc4f4dbce,0
149e4c2e52c95068e07df350a88e06965832fc55,0
f7633fd970d9242bc9090b2275b68c2322297eb0,0
584d7de362c829be4fdd400ce893122e76cc6232,0
a03cf418908dd15379e7491b4685ab212ad697b9,1
7190908118c69d9c6c5c2e2837796b872b5b1e01,0
861fee50c95e4527efdf3259a16ac16317795cdb,0
6818faebac36bc6f107e671f121f835d20d81941,0
a5c243e1d01af0534cd473151a15250b7f2fa4b2,0
25a1f82f194ea978dacb7e793ced3d403955456a,0
38d1779d9057df1a1abe54c2bd1c8534430acc14,0
9fe1e245643c61a1959cbc005b2f7951e8bb3eb3,0
329eddade4fb4fa7afc008d729b3995d5dc7e978,0
ef5c145db64b9c92d06ecf7078ccb7a95627ed2d,0
564588bd3294050b3035aa86c42b09cdf33dc69c,0
a80b45d01c493a2093b923e1a25fb8618ac39cd0,0
3c9b9c98a4ece2e8af7de16b2e86b4244341929a,0
95e02d97441e177e4cf7292ed248000179f41aad,0
6bdd2a4c895ea41a0f58be1ca54ce9c6474d9567,0
be6464eed2921c4dc544ace972726b32984905d5,0
442a1bb66c6b8bc1906357318c4ee8f9b896226d,0
f6cedbb97db4431f07f95512dd22de1e84379673,0
1307f5e2d02f55c905baecdbf90208f19d4700ba,0
d7419dbc555cc800107b3e3d9fe32545cf138d1d,0
8be52a66f390a584eff7ba2c2fe35561c3f71865,0
22ce1c70634bafb8f548ad84854072011e75d4cd,0
cdf30f0444d22f2db88712ab64cf5deb0ee0617b,0
ed03d4a316f88c4fa869f65f2b6250b56d656da2,0
b6e56a5dfd7077407606e1fb92c83fb9257192b1,0
f9791ed7de79a8062e72301fdfb2e68763fea32d,0
9170ba5c7fdd977240ea7980aeb09ed8a8f05749,0
b7479635f51d02c5b32380123e2404c3fdec8ff3,1
6b5f43b334ee6974dc1124c6f5124ffad7bdb570,0
433cb1744594251aca1b5113e42926f2dd21fe6b,0
831691309417a393014faeae20c96babdb205a68,0
8ffbefec5bfdd6e93b9d420b0fdb62f11f72d1af,0
62dea11c8d3bc48983fe0df6bd012f211e552660,0
f840b4799a715d4a6c066641eb9bb2f89e7ab1a7,0
db442ff26d427aca8198ad5f3a976db096b97d10,0
d444ec5809fb30af0345d44ca844a9c67df22515,0
e9379ad5bab414496d1f24f73cbe1ee9eced24ee,0
23f55d0f5710209c218e327f1440a8b0f1f0464b,0
6d8ce18b9f8790256993d954bc0049588107db0f,0
e9c9266fa323bb2dd848891a0343baf83002f8d2,0
31d492333b5888d3eb3dee03b8648d50b3ad57a5,0
baa6568d5df164375ec910d7070c79faab66f804,0
d805a5bfb03b69fc80927cc2aa400579d2bb3da9,0
4019eff7600001de59c4bb568a403566f697b776,0
07d858422e63990a96ede8b2e6eedcb036b83cd7,0
881274fdeb1fbbf52ba9e6862954da9791987bf4,0
3986da98477ccf33fc408f842cf2ea4bfc3094a0,0
4bea02c52b20a053a9cdadc2f23192b77bc9b40d,0
db1f332753f69c0dea64a7653faf050c12a8a24c,0
415e13a6aea97bedcf58ecd288aaa4555779f280,0
b75276a06f435bd91906d5504a7e5b04ddcec591,0
a0a3c4415199e30509c4af87a5fb5d0b9c455a99,1
9bfeba204e3863e3c2f317f0bfce1d03a10d33b0,0
1799a4efa34416e45702723467fee05a34e23571,0
7145ff071c00673d3998d713882f070b093b7303,0
6f030f1792f667e58f3697578b15f6208a0b65e1,0
b746d027d95afd15c52b9a4a4345b8e3c4436b1d,0
7e7f4601ccfbf08b08924b9c94b1b4ffee237bd2,0
dd7e99492fff413a214170f6cf453f526a9b0d06,0
e2cbe35431aa67dbc30e7c32b55dcf4f5a974db2,0
f92b25534d93343cc6ec2438a9f9be8b760318b6,0
e2b273306f12a5aee9ab53055dce51c6491f76a0,0
ff340e76579104d4ac7ba8b180db64e329d5f0ec,0
f2f1736ac891b9f7ad58a0dec25036affe6320e1,0
3eacaa71d44aac773ecde83cd8f455c898a6de3c,0
4b07e180d075a855c80c38d86daab74eed7f09c9,0
d088ac282ead2e28f359baa114c781dcfdf6101c,0
c0c00e0804e61a35f77005c6582e9b9210fe98c7,0
d4c0ab0ffebea8761a9c5458bc648eb247a7b48f,0
eb45df227f02feb20ae8591c13154292212da436,0
87a9725d4b050627767cac4eaf4d435cde804c94,1
6bf99b65d3915e57606d77be6039a46bc5205f4a,0
4d38599dddacc9dba74e6f4d0725cc44cbc0d85b,1
5aaa95bd53187954df33afd62b6d7d1f62dcdae8,0
9df5202af4123a23877574e40bf6a56a2d67c998,0
86bf517662abab67285d2179b1e239d31a4c7c05,0
5caeefe1ee1e4a4e9b8bb26d41c2f51ceafd33bf,0
2ddeb58eb5fce07653d9df57a02b4d7a5c5980ba,0
d72140dadff3b4f09a746447802d859dadc243ae,0
a0fa46eba4846b3d7cf862ed1019c96fb9646d73,0
d4649a8bb2cd6b61b4723e4fb381cf8f1de1a18e,0
f145e78e0a5c3de62fd5d5040f83bcbbc195705f,1
5cd627277d55ce03ca76ec143b74cf106bc01ee5,0
0d18d12911e02058af6c6c26bd9e53b04431af75,0
a327c242ac12d3ba6773bdc3c30c326f93733b47,0
b2d759612450c659326e32f9d51b0cdb8c9b8159,0
120cf129ef23f5a50b62fba2150d36dd6eaf9c06,1
2ebf017a00f93524236784bc2955d2a18a46c280,0
00b36403c7c578982759383af293f07d72ee4a31,0
61ce7d29979db2cc6f377391257dcfb91552f08e,0
f834b2545cba91026354f290840e499f5aa7cb01,0
1ad3eeb021e31681186b0e0a882c6520eb9a3c06,0
0fd06a2db60f646dbc92b4c5c5e4fc521132c542,0
57b9064bd09af071f3929a7211f11efe16133753,0
2fc3d412b9c6555b65b64c1efc6b75d8cebb0037,0
ec084be6a3742766bfc81de9296beb779d637c92,0
531b65c2e90002fe0eefacbaf1adc6fdad716bb2,0
ffe50c29eb1fa4df14662d297dfbc544f875ba53,0
1ef3ad17da8b6b12b3f2e6bbf9073c148eaad5df,0
1d3067a78d4c7e6bfdb249bea04b6d2d4a92de8f,0
d4091c9c9f121dd939ebffb0933d9acd1e9816b8,0
6a9dadc242cd32f776da95caa9c0f6a0d807c840,0
5fbeb8d6e98f3f8ab877aa676a48ae59e79d5c03,0
c7d3964d66855fe89dbd19ccfd4200489acdf036,0
390cf3f06fa69dde31a19001d458ccf88573e611,0
854baea34ff7fb8dfac35a1f497a612b64172570,0
585f2d08e5737e13d5b43dbfdbf0712dc654e167,0
ec58a8a06826376e9de7a8503615e1d72ae48130,0
978383ce0518f3d805647b615f849550673fa505,0
1b6b01bcc9a79ef5f69030c63b7729e2db072b1e,0
38f4c39287105b7ae5e051633b7f97a60086b2ae,0
6198e69774126b2c955ba347cc18131d819555dc,0
ee66f4855318a8eda85ea3d2b49056ed0cebc56c,0
c125b23318702947d21c55476e0c88e7acddd399,0
e16e09ac6a5db829aea77ac968d6c6d716f51a37,0
899d2badf02a2d98e1564a3d7dbea2108d7c4f13,0
e3001b67481282155023a56dbd7c03416414abde,0
92e6190564e3b6e5cff81eb0cd5d8fedb9e19aed,0
77f31b5b86bdb1b4c0bf88a4c6ef4c361fafe618,0
71c0f4f5e5af98dde5e14f06f41137594ad845bb,0
30597521d408b17365a841637ee9e381422f1a1b,0
a4562b2f27bd8767e770db7e7c3841e24831fb1c,0
a2c34e39a25f964405f08d66a4f65f8e2d8981b8,0
891d3fd3c19f4cbc56d833422eb85185349de965,0
b7ca671bfff4876a62751212c0e588a9bc27aa9b,0
6b9ae17f597d2499cdf5464e30d91901ebb71d09,0
6d8ed58577b2372ea0b86d77ee9c09ac02f2e7ae,0
2c5197126fb2d74ed6898e80ffbd5f34e34013ce,0
31f7a396f1f43e587ea89d6ec03c47fc56d9c408,0
fd3e9d02841fb1cb893dbd8834738e4a0abe3656,0
27a3cee591f520faa744b94b7a04e72a4a6c1722,0
34a5065756314c7d09c8e8ab3cc7a0cac934044f,0
bc5d2145e08566083c394ecb8fd83b1a028111e5,0
d3acc7bf5bf6a945f354f7ef524948dd4af65b65,0
ec61915c4dd9c084e4a8b6e9baa24d66006a0af3,0
44808987ec5de4069e7c9012e01b09fac4c316e3,0
8b68a99cccdcc0f8d7889b363dccbb2d2911e43a,0
b5e32f8da3bbb35a48f846d98594b6cc2a8b49e1,0
b65276ce3b1a16ee214985043bb7b309b8317a80,0
90803a9c9c6dcb6a3e8ba95f3b33c51604871e77,0
af19f6dacc47f6e6cd936c8ea8c287bb0f24cf9a,0
e71aa369951396b91edd861041725697d18b6065,0
155d0dabec000b49804050a7c07968ca3c87e0b6,0
c420e5694dfbbbc213a5645c58b8e9e5ee9acde8,0
8457dff618accb95707ea18a342f2a5c08cbff80,0
ec900a6b7a96023b11b796814d55f1968fbcaef9,0
b74a16ea80639f666a74652a115ee5a4dce72422,0
90e930cfc135bd47cbe492c05e0ddea27b88e453,0
e117109962846967a47935d94da07621a57e284a,0
9b8bab458dbe2603a95afae7af0e28c1fcfd14fb,0
79969b0ca33100ecf31117016d51404b594f56a1,0
e991964af5ac913f552d4faecc7d576f43572366,0
7f63aaf9c3b012087c149f02d1a4ed5859afc427,0
31247f54353c15d40d00235e3c21550760eae6c4,0
55c897b34fd6490a522bbf916bc5b166e70e9d98,0
c016486a6e561df7bfdf7ed825c13c7ab1e32bc6,0
a551a760d7ca538c86ed41836cf3cc4a6a257b33,0
42d6e9594a25e957a2654509c0b78a5677b457aa,0
02ff512470c506d53a8e38f197722ce3d4999a4d,0
25656dcbd4ba267045da3058eeb09f8ce3851e3c,0
70372bcfec2bbda841c7444d2ca28db96bcf2d34,0
d9007a8e58af7961c3c55bd9d4e0e9d3b73efc20,0
2bea050ef30361b2a863682a31914ffa8a1deefa,0
420ebcaf54f2fa4c32b02b21062d7a27d28bedcd,0
9ade7e90d212baabe9f6af96fbd3c97f6e17661f,0
ce54690190dec0070df596990d0f7ccccd863d79,0
e13baf0d2daaabbae23472cb5abd69bb9b34e1c8,0
a1eca92206f9fb95eac8bc55edb74ff7ca5a3e5f,0
a3195aad358310ad6be5d0908c852124dce0066c,0
e38ea3065d376789b00cfba55db67c64da126692,0
79ba667b0c7cbc9c07f536012197b76c4fc2e044,0
3f868fb6c521cdbf2a543934f62d0ad7e800f739,0
b110ab9a6e9e906bf782b677a1eac49a75956393,1
f0d6899a1631131aadcc7f5ff93aefed04dc5903,0
b103d3664fb6d4dd3e85ea66b5acfef7d058ca14,0
5dae633e9c3cdf62ccac0d7e02ef4fba2863f9b9,0
59236b9871a695b9ab5b9701bc4b6111ddb7e676,0
dca0730577fe022f3b95e74241e0a4b5974e8598,0
e5bda748f5c47308efd7ec0307a1a410dc8fbcf6,0
88fa645afb06de89981080fc463d275702207c39,0
a38fdcdf5b3af8b87c6d43fc25d5547dfd3cae1c,0
a598a30c3ff1d3d13b8dd8ae823cc240d502b64e,0
a6af06e515a60b0ae6571c5baca58710d939fc52,0
c7386aada086e6261e96f83fd5c95c160faee14c,0
1f377724763550ce329e12ad0327e7cf66290eee,0
c6a7d87d95f22d0b61543e5639555d2619033ef4,0
2f2723616930a7e3b3cdd469eec0d2ec1b10d930,0
7a5ac00c281b2bfc79c8b828a52436f46d026434,0
9f61d26fc8d6867cd378c5a420e4b5f60cc6e252,0
d64492de58903feb4914a41c1f1fc75492b464ac,0
f98f038d70d814584349f1c25f858ee832d18393,0
c9e8b65fc6473c5e991627c6e2dee6186cdeb33e,0
8fdf7b3fca51da0e9a981de6a4c75e507e92710d,0
6a8ca6c6db7cbc51d34de238750f14ae027fa712,0
e1e7bddc3de6493943dcc15f15c3d5240e28429e,0
d6a8598ad6dd3018308ae1ccd81006c5a4169408,0
075a55ecae789ba1f1a8941d422c1f9d1750b4d7,0
9ac83cb50e34bc5294fffed280958016b99fd8e4,0
60ce30676bcd186548d28f1ab928e70c5048702c,1
be1c03a660a3ede67ece5ea4be2dbe2a5fa33e5e,0
b8c691e55d268c272ec04380aaba39d5adda5630,0
0e0f6ece2c85021694281908edaa8eda4fc2f6a7,0
c2ae031933e99e2b71897254c41630f55328e394,0
7c5ad86d7ab2c23fcaed402aa3862edde16c22e1,0
6b452cd8b33d703bd97a59fd77611df3477b34a6,0
91961e9330fdf7b3119ecb53001be683cc702b03,1
6c55b2e414ce83e48cd138c005d4a76c0fa9c9c0,0
dd69519ac173c28fd18616820d8bda97dfac6b15,0
a01a1c9b08d0035da65281ac9221cbc3f9dc2b26,0
1f85e9c63f9876cd1d018cb84de5fd81955cc65e,0
8cafb277eff4b4a9a09096eb394c2b1c6c49f753,0
19109d770b9cfc99eccb583a1ee5d6cb83b6c3ca,0
1c2e58928e040c704c51e230c10ca6edee714555,0
5f22745cfc226aa66327a859ddb03e108f87792b,0
4d5600ec986d8a8f78ce9aea9770c6912117fff4,0
08d5851c9dcc266ac2c291ce598d2015c0da6bf2,1
9dd41e911c5f57f68c210889b1210b7aa07832e4,0
165f01f5ec440ae9d740b82d81eb445068748f77,0
a655e6b862555141ebbdf125e2cac9ce0eb5bd06,0
5359c5ffee4b77b8765c732a2cb7acd736a15aca,0
bcbbe7c44361eb622de006243b8ed1c5c31217ae,0
a43e238e0bf1dace23807a4b4b5eb697c351f609,0
47279963799fb5f60295948ba4d3d502def8fbfa,0
2123d3088ad35715f2c84ee5e4b31a9918dfb3b5,0
ad7ba26fb4b5d051808370b12fdcf70e6fbbc6d1,0
4f6f74420df8c99f1594c60201db6bc629da582b,0
68f4df8bd4028a411a3e2d9146d148d8aa83eaab,0
d6504688ed2c62155b5ee2a82446e27d79c34b0c,0
7498d9ab29c7c91913a40bfc926ddc2035631415,0
0e6c659b884669efa7ff2cb44505175cb24e8258,0
dadf71e8b9fe41ad91ececc1bcddcce99cdad5da,0
212caf35041a1560b073527cb4259b974b8b2990,0
c1636fae7bc4acfc0524e92326f4d15dcc849a07,0
a7c89fd90cba154f3d9bf398ae19f1336265e96e,0
38fcbf87907c6138dadead90e9cde47ad005971e,0
258bd97bad1470d1b0923f2f8c05ca9d161d1d3b,0
172526b9656dc392b35c5b444dcc9b856146e49c,0
38f7a2588733ff3ffd4d629c8c91a5056d094e90,0
416b7911e80e6d659f9c84a01962b85b3fd770c6,0
1ce7e6887cf618ef66eecfd88c87a8db92936753,0
1fe74a9d7c693e39e4986d99a65aebcef8615f9d,0
6a4fe6a7af85277b45bb903a4f133e62f1f2dd36,0
e124ef0aaa637481cb4b754029662c95e38cfc51,0
b98da609ad49e3bef5c474da638e433e4988fb66,0
b44d60835efd10eb478d8ec1732eccee680e8031,0
fe4565984353ee56f03b2b670eab11842b151d19,0
140a23b400de0031c71d3eba66d189d342b992b5,0
4a36efc973670a2beb258f1ff6e95235d37db310,0
c29ae1c8639b9f664b668b5ddd1767d33ff06d27,0
4179d262b310c8c512b2906a4cd1c92d32be8142,0
bcc09b74cbccc8f39afd0de62ab4d7b9f78b9061,0
0d60281e4b7a947a2b02a6082fa7fb1a54ddfeaf,0
c71d99d2a477964906cdb6850163901b1c853289,0
d2898fc1e8f303e4a2f1a03d63d3def683738c47,1
2f627691cac3d05a938234d8832278e5c5b769bf,0
62abb7079c3ad5cc3e276afe9718cdea4ecd7da3,0
d5823d722032c11d22c5d608f5392cbfa8904d19,0
708783b4611cea44711935550437e0fbe1c4c5ae,0
7f863c76f2a53c0d75ff0c0fa43cab3c856528ff,0
3793920dd0d36371a334142f69d50e146d61387e,0
cfe163a76ce57309a3fd90292ee4076f8907da81,1
30ac9c5a919c5ca11924b6ff0071f9e13977a674,0
1ff6e9a425021a4e017ad40d18ff87cf0ed8d8fe,0
bd1f418bf84fefffdeddeb36694efda7bcf1357b,0
fd55a5326d2af59a1a636411a6fd16a6c775edd7,0
c5e9a4869dfd8cd389bc9e72e3672e970fac3479,0
f0ecff3086905831d9da803015af7420a0f4092f,0
c8cc5127fe32ef9775b76f6ea8f00988207fd980,0
4edb92f48f5071d12c573c99ffd935f364d85aa1,0
8fd41e47e0f59ab93ef479a1648a3a0068c41216,0
fa8a0d68255390aa3d42f2a27fbe82159f47ee2a,0
092c590487087e0eb63905ee3f673a0851844a08,1
6d20355352a9b71077cf24ace79916122e484463,0
d4ab9dd30177306ee51f56ddf19423d5cab404b9,0
e9e93c51d25dd75c99b221efd78dc549a0cc22e5,0
8f350c6fc1f42dd5035b5ef8deb7d0cea365a24c,0
962180a7f523d4aea4524d33d3b23075cb480dbf,0
fd5b0db623f6b19cc5c877f317ff751322c2d125,0
c1b3a6c421cc9525fcf20d23f11243b7f6d41b8b,1
7edf05f850e4fa6432daaca042b53f71959f0af1,0
44ccbd93e173f9be0cfbd01d3ae4896d62e8b264,0
8b81813934bee5fd44e64798cc63c53e04807679,0
f8e209dc2f32eff387e5fcb3df69e170314b15e9,0
842fd0d6f43f534f732a6dd183afd47e2b06355f,0
91fa0657b1aa4a415aad0d273bb09f4a26b610a3,0
77ae9ccc465c24e8f60a755186a1b207fd980cbe,0
d0652b7cdc09d995fdf879ea697435bf8a74719b,0
48be8d457ed26f0f964399faff796d1a3583d1b3,0
a8f90d25e438a25b23e6762d8a864c68511c9300,0
46344beb2f5b295336159ef6ebb4e61737ddee35,0
1cb658e0b15cc9441aa2e959b2645a2f2990999d,0
a14e6842741ce698f6fbbe8bdad883fcecd4ceec,0
710277081495d4355f0ff6bb22ecbca177120a3f,0
ef43c67c63508cb4779798480c131e737d685987,0
1bdae1c591ec25ad7e4798d84008b8c59d38a118,0
9ddd3b50e96921f852df859522ec96a44e8dd307,0
3b28383212138f61ca7c8aa3f0b75a21a4f0e3e2,0
f7f3ec246e7080be8a2a04c0cddbaef127e51112,0
44336771aa088fea0d9e6c3a2ab616162bf66430,0
d900cfc30779dcedbaf1f9f72b48c00b253cd7eb,0
65c4ddcaa6cd3e33eefcff99868f9554710552a4,0
d5b6877965727c312d251b91f0f78fd49143c6fe,0
255c0533e50f505a280485b8725fa7b0e9b139b2,1
fa178a53ee8090e0a07d9ca496828f64f008b8f2,1
a82b256695f35ac09be059267bada8b5cccbbece,0
31c86f113d7265bfed36de9a6c0daf2668536e9f,0
fa59018be26a67d26c229015d72d5f3af651be48,1
8c9337fd3cbc314e067ff43fec8fcdc5db87b6bc,0
982d3869fbb6958bda4210d1266d127f0d64401c,0
da5f2d8820df539b84f1ee32a9cf5dc558aa1fa0,0
a37f47ce302fca58633e57ee168a8627b2dd728f,0
95c9a8a95c38bcf44dd5529cc17058434a6c13a5,1
d91072e7102f7d97ba2385e7554c570cd817af97,0
428feb71d2b7e37ce878460f815b2ccae8abe4ee,0
7824ea3bcdc44d19c398a4c81e74ea65e486e869,0
d55514f69a9bc35d4651bed2eec37402337d2d73,0
793260e01f6746379663c3fee4de0be134f59cea,0
e57d7f6e07c8497b68e572d00462ce6b9a0d50bf,0
fc9744906d7848c2647020de35dfdbcad41e6afd,0
c37a0b6ebc2c808340dbe64bb84973036e006830,0
8eb7b65b12b6b70b7a07aadb55e87d5c2e22a027,1
546a7ca0cc35e8e820ffb2a69a019ffd2bcb93d2,0
a1a1f3c285a69d0e470566b91e1f52f5e3818fd1,0
322d51bbe146285ff890d97dbde0273f5e72b209,0
8ccce8141858f6f90644537d6bc9bd9c366986c6,0
f1dbe674bb3848c4e2e6598bd8fc13700727b314,0
b3ee9993ed9ec574eefb6affebef8ee965acf742,0
b015c1cb8cb1aa0987985a8217eae9677bd9150d,0
3fadac795345d0420a703cb93fdcee1c12b1b0b0,0
efcd5af6559acd8e65b484057ed0d3a2969d6e52,0
3a4444dd22cd58b91a57aee198e10c8088ac8d0c,0
4715545e730a07694c5bec3fe54a5b1dfb0eaab1,0
883df86e4be0d6506292e02ec1d062c61caea4ff,0
0b7034a5842522d8ecb93046f98499f0572f319d,0
7d45e9eacffe09bc2ef53ba99c8cf5acb0451d76,0
062d251437e216780a8cc1d33f4ca10cd41a9bc5,0
b6984b4a8bc85c8da4616b79a78ce222e16a25f1,0
8073b126570be90f42049c7082ba88e53070ddcf,0
9b0f3def734d62797f609310388c0672de706bb4,0
a2e630e4aa60e1b0dc8bcae865a1f1371bdba653,0
7a7a6ece4619980cec96245d7283a585e41b9aac,0
ba5281850cbc9efb4841f5664902045fdd23ab0e,0
923ea2e925983fea10786f69385c1ddc282bfcf0,0
6e5f977560b1a17c555080bc62669c26501885b1,0
fc89bb7ae09e58223857d7a454245c1201d4f2a5,1
3d44ec26475b090570a6f8c0eaba86f1ddbebf0b,0
c2f150282e5afe00a1bfc421c0621115eba6d81d,0
62df4e1c37b37f462788df458bcfa99507de29aa,0
55576c02304c5a341d78451cc492959ac26fbae5,0
58be7d6d43b3cb945086585ae3b7399420933136,0
b5a868b4f773ec19f17347f26aa08ed3d8c6e426,0
aeef7f3ad2172b06b75d740fb0d20b9a88011e95,0
c426361f54705d2a4b8ea4f70b90773c0d8383a6,0
32d05066ff069486bee861c762f055b588c872a9,0
e0c8c99efc3832e80830dd10934d32e3d469e933,0
3208492d0355e275dee77bf1212d0068564ddebd,0
bedcfdf47a80637d85f4f4b0dccd38c74515d7b4,0
57e06e534019ccf208a4a713798890788ff27de7,1
3f28cf7748daf7d45c024f1bd6742f6c015ece77,1
0009a5b3b45138a0f704462dfeb00fd97aa426e6,0
b37493562e762f48eefb09599b91c3e510a5a8e6,0
b8498f442fa944a7d56df82405ee09bb1f3c991d,0
f2dd25d2b93caeb5f0881837d08723c340fc264b,1
19ffe10dbb44ab9a21f1d4c26645c60759c55667,1
c3e0fce04106c397e995f7f89a2855269ee88979,0
080787b2761c58ab3bc92669d5ee5585753dfb0b,0
f19ad161d4ce3eaf834ca2e0206b7eecf81c35f4,0
a4230538d1e59f9b413b268ba1522423ff2577e7,0
838a29526ad83805586af9742c4ae1286798f74c,0
e3e55bdb608215205be507401b7ff95cf2471aad,0
e84b8e2ac37f0c7f8e1e3b77a231651b95043e76,1
e1c531191e39f91e8ff0a8e898e5072e184511cc,0
88415966ac51311d4280f60457021949ed4ca194,0
5dd3f0203993dd9d41a22d5317ab46a20b14c6a3,0
709c2bde4f18da58519be9a540128e4614784ad2,0
9557bc689bc7b7c646a29c6324406cc631e52697,0
f4e33ec912f4dde801f8f2d8cb6fd87174506016,0
83da84f36f4420e81d51b1a1022c469f39a9e1ae,0
d4e9bac76da32b13852d16f5469fa55507f5507f,0
8f0f2afb761373cf090b4a57a19a31af15bbc7c3,0
857b8f6cb1916f48db475a68076f1a85c33237b1,0
144509985ddc1794616e015f46c30f8aa94cb9bd,0
49525b769d8d8a5ec93e392f2f891cfd3b270654,0
b477bb8e88d905985bdc47d6f756e1cb5ad18c12,0
68166dcbe4a0b93c9fefe98e738cbe80524eb0c9,0
3d89dfdee9f04b8220add83013efe46f0e126958,0
c57b3ebbba28c283b10649eb6eea10105ba23e2f,0
5b74c5cbc7dca1853a58669254727aac438e0985,0
3e9baffe13f6131e652c91b1eb9826c50f02473d,0
02810e2409a88a18c177086bf09d3c0b0ea65489,0
b149ce6821fb7c1ae7cf36081acc7cd325021a71,0
d9d615c66cfbbd813fdbae25577cded9098786a5,0
ce3bea6d3cd8e94f9f6a03b778e71171931832e1,0
375064dba425b76f1e57d858ed31d1702aa7deff,0
559be29bb977adb92e0bfd424d2e422c2186ca0d,0
565c708bdea2b0e72391559bb411da04b3caffab,0
a5296267e32d69d52f4ce10f84110fa85c48c342,1
2bd9f359bf41bfa3f65d66ede1a2d20d20a89a3f,0
6d2bd597615cff579228ecae9ff3166aecf88b39,0
78280ac775fe757c429b144e8a097042ff3b694c,0
91ea7917da44cbf53f009a4ffbb7855af3cc820c,0
453aa71c0f33dd0edfa1149c13c00ec540556fa0,0
c7c54f19b46496d782004de3ec345babdfda68a8,0
54de7db8ec64e218b4e8a34cb81bd977942e44d7,0
e82919f0901bb6a7841d97a3c35d2467e63f25b9,0
ad3b44f83fa775f835f024a2137aa6e4d7c37092,0
4c8235e10cdda86f7b41663b0f5d74693c13e592,0
21e65d44c5dec0477889feb4fefd8b62c7a5a3bb,0
fc43dde018f62f746afc5f6b2623440d6ee8db00,0
9e5efa6c1dc813b8ad5ebede31504016a13be3c4,0
beec13223d850ef592f363ddfb849605457e6dd3,0
bff99b19c8a68057bc077e774de719f2cbe9c4a0,0
7227d4f3bbc843b57c2972a4f4865dae48447680,0
2ee97c161f41110a58262710e1be6b10800fa27a,0
20bc0541dfba850ea88cd155f2c3b0f36dfbdb63,0
43c0b266d03ff9666e601ab140a7bef1ec695ca1,0
f262963a578ab1023dcb0192b8712f9c6cc2c21c,0
9ee2ff4a6b1f4cc32f3cec7af5d503fc7b43e264,0
600e0559a9c2a7942bfa1a1e06fc61b71128241e,0
52032a0e336051dcac831bf4b22e4234ed2fcec2,0
260a1bfed6234bdd8b8671b45a9ce9907eb5955d,0
401f1dddf6220c4bba1df88df643ecbf5bcbe1de,0
2ed2d2e806068e34545ade0bc3ff84e54b3e1940,0
3000270d43aaf023bf807f240b4dc220c34ba6d1,0
3ce12dc8162fe061303b2e29e2af10322d30adfa,0
1ff6390f0dc5bf79055678a4995098032ce9ee40,0
e7acf809ac953517d967432a78a29027e12131e7,0
d78493356ba5540a0b7ec60fc540d1c91779b5a3,0
184bd9ac860c126408c6b2aafc754a9544a538ca,0
68bffcf837cd78a281953d5fb55a240ba0dd6002,0
58c36e91572eb5400189a9c3b4db716d721158e9,0
62d9bb6bc0cd44d9727938d871a1e39bd7983b6f,0
61e81f34d976da6874a787a998b3f27cb2b6eb60,1
e08754d4984bfb3aa749e29e09864e76a320ab2a,0
a26205796f8ddfa3095ecb8e319daa8f51b896eb,0
3c43ece1a599ef07f2ed84c26a82ebb0790bb056,0
ea1042a91a134fb7b01598fa904c910592533799,0
77fe14d047b3b2bba9d027b31e46d483d1a4a3de,0
8f3c1d05fe3cfca46110a63fed5af0abc5b5a514,0
69525bb1a6f2dbcb950c2503476116cabad7169b,0
ad65066a3f1c205217f5f98f2ba6ebafe8a5f9b1,1
5418c3a0403104f1a1e231a92cd9530f9de51982,0
c5b24a98d1aeb4c1b081ea3535fdd94ee835e9f4,1
f5cd4a4649cd3bf9b45301fabdf3514eb41a151b,0
ff49fb1c850a34ddff11128b48bda77059811e47,0
e7c1031b8437bd26ff81aea3140d246bb7b24587,0
acc3ca5c055c2e12b1239e6be5336dee87230b41,0
d549e51bbc6357543e54a3e17667deb949737e53,0
b901634e57c00b9b39dfdfc2068fcf26776acfd3,0
786b01ce91b2a97a3459aaf15251fe97dd0ae0a8,0
f11ae95bd86f79c4f4cfcaeda9b5e5df229b0578,0
0839810ac86c3c8b392e40d0cfedef7d50ff5cb4,0
8ddb7eb72decfcaecb0d02dda9eff183dda57065,0
b587d022580592e71c292e4c57544c0fcc79e95a,0
3e8c77ac27cd9eacaedd532b42e29b6e8db5b31a,0
faa4ab1172a14cb20176ab0b5b028c5ca914a455,0
57a7536bf62416ab239854c917226ee10079b1c9,0
ed9326f7cdb3c834099dfbb5cbfccf19738dc809,0
aaa62575de3bfd19f750ff9b21d267c632a013f8,0
0f81a2745aa61f906b7cdd83c5feef75b3049b14,0
1ec01ad3156e587e64488b40094bab7075603ce4,0
b277aa701196fd3d0e7572d2cb45a026d9cc4456,0
8bb763af787a9d1c0a0ba845a1afe1a8f75f63b4,0
d9797cd1eb6d6225b62380f56512370f83cf587b,0
6a558d428d1de7595362a9c9f5c30c28282ad7e6,0
9ad2a14f57f5036e3900fc3069ab394a7e993245,0
4d5577158971e39fd05cad7db35fa11cee9d126f,0
d92885ffd55d547042d2c14264aec2eb273a8598,0
7f9cbc608df1965f8e3498beb3bf2d136ec8f80e,0
4531ae48e503368c0ce36a4c62b05a201732e629,0
dc67c0ee0cad3a1dfcfe170f11af010503c8901a,0
02a71b2846ea0ad24430694ee3fc0cf7bb6c6f60,1
1fcd968fce170057c200f083ed72a06eca941819,0
b364c6c40d257ac4061415fe20c75b8bd228b68f,0
aabd2f40405aa11c3781974e563db56a07b1c701,0
c115befc8354141d2521fa9559202e21c1f13577,0
5ced0587afe1ad1650a4273f4806398325c7e936,0
7dff2d2bdce260f512b363e83c44df40c608a7a5,0
0225139c5f1dc78176e807a33627591c35099606,0
a18206e9b2b3ca6abceecb8d419aead2882b239b,0
4c0cd50becd3598d4978f5360558568c78184f79,0
b43e4e6354d87af6057eb193817adcd42240bcff,0
555fa7d0fe5a0b001dc2ebf3c8b8f1a1c1822649,0
5abae621c149f7a611545aa27f0a8dadfaa96cb1,0
ad9ac0eabae21fae09111d5a804ebea0b623d888,1
52b1e9f74e36dbe491064914343f39fa1e686489,0
e556961a30023e912fe8b606922a6f087eae46b3,0
47e639c113a5d391d04a32f3e4d9767278a25e19,0
87fc9fc18c9861be89f9b144006c6535333f71d1,0
baff1265a810ae82139234d1d86632f5b7d3b9cf,0
a990537f1ad8cbbdc94b0edd2fcf06604e59123a,0
205996780087adca48d4cf96e0b4b3627cc88bfc,0
3e738dceec2f4903d6cda20dbd671fda5f6f2dcc,0
b6bb5e42c285135a8317aded0261e074f7cb16b9,0
833bc06197bea9f071b82dafae3a60e9d888156a,0
e4be35e56eeed3e7afca3aafd7cbe8391b379e82,0
82d3cbda565e0c7512de9509cfbba8719bc59203,0
29e3ead72d6386c3a9319345af72b60ee4b341fa,0
a90d454102a091e3168a4aab1c319bc77d967d8d,0
eaf8b7c06b6c69f9838646f71da54d9be873c0f6,0
894df768855fa66f3060ec3b9ba4a07d97be74ce,0
77f6df298e90eab0fb3b9891917bcaadc4ab6cdd,0
9a60b5eb045ef1885b961bccc463f0069be9d4a3,0
c0e895056134d10add2ff6d9b81462d8147c7163,0
b94aac82ffa1847f681a86ae79202275a48e1d08,0
9ceaf3c7fbbc608c08f4def3b3d768ea6764d514,0
b058dd1806fa5012707865baa7677f11f05edc2e,0
deb4620307c405fa62fe3f1bb1c07e5d495196f6,0
c5d1551d1f6acb2d0741ce5d74cf5d47459126f7,0
2bcd52524287665cec40fdce57e2273a118c24c1,0
42c2768f9754352a88deac8e886e3bdd1c49254f,0
5e75d3e4d34fb735b8242e7ab807fa47d516b553,0
614d1500d3f8856ec8f5a895572972df19945b9d,0
e27c653cb4b5c182b70a3d2f209b70a15e2c5b30,0
c0f00821e60654dd96a52c8a0defee067965fb61,0
df6e31a2ca4ee6c75d53a7ad274ff72a8b9a0884,0
d24acd73eeaec9fa791d52e5b88c68e708d2ff95,0
19f7350694af249a750223b5ce70543d0506287f,0
e0b152f4bdee8d348da1b9aa5da90b0cd28a7da5,0
7a2bb54cc5fc69e2a849d9e9976001064bb949a4,0
bf7782c80da525109bb6eb3817bcc095bfacbe60,0
c0b1fd000f1ca1c944f6434d53e5189b33868f32,0
efd493813d19d44a4b1f90994ae5299cd72f494c,0
b19fa1cdb4f1c6404c532f99b8fbd8bcbdfcb7e6,0
90d963cc1628745bc7368a5dfcf7fe724e9a7460,0
cfd61f7437665a750ae7045ef7b6929b3fccd6da,0
0eeaf63604bf39e072ea3d517696607cd4eb6e9a,0
8b6293f9ed2b0f3f1da43e33843ab6e691a19cc0,0
37b633a50101a06e8be96348aed99fdb2ebc4612,0
14d9cd9eb9be1535e85d4fea9bab0104eb560b71,0
85037331b32980542bd50d8d42f5dea6018bec61,0
bcf11be53b0ecfb1b2a2b91288e66f44bce7eea7,0
497cd983959c12f7e9b5f02787927286780e56d0,0
5f62c69e913a5c90fa31ebb3b0696a2687a870ae,0
012a6823ce09129dae2fe6451254ebec84dff307,0
366dee57c87f07f462745a7c46480f16672a8559,0
e0086954e8e4926fa0b1a32cfd738a119762e701,0
b0dfd1dbf1f6d747a9bf3bc93b95da52cd842ff8,0
efeb5fd5f2a0c5ad66409c65548f983926af066a,0
6e36ffd1ddeee5654d5f4b693fbfc1bf23c81200,0
ca215ee448a77604aa4eb8f2ca3d89f998a1f0d9,0
a33e144f7b75161009b3b6ec2328689809cf799a,0
3ebfa7755cbf1904a2d35d53b27cc305cd63077d,0
7f27721ca4dca21c059d89b4dde01ca025e0e141,0
21eeb1a98c3989cf11ff96f8947f47495fc7337d,0
2ebd9d0adc50e1db3ab335d22d8baf53713066a6,0
8d5efec526a0abaf10a9e06121eff59a07cf844f,0
f2bf1d1d145338e9e30053243fa8e06fa2163a9d,0
4745cb33cdcfc3371a1a60a1b98f3f23cae9f52d,0
2beb2b7d17555ea7c7f2a12c2f9083fd971f795a,0
b8e026a7158b9608af4f1028e272c0e66a4b8db5,0
037917b2f43d864cea41604e66754a45f2ffbd5f,0
4ece770cefe29bc0690f4b33b06cd3aa3dec8785,0
458dfb11ba2807e081c781043de5ad2b0e9ff804,0
bf1ada54c658a9f525af4edce5365bfd7c566c11,1
ca437acdef77791b63a9e844dce568bfafe0e15e,0
5985f070ce7b223d3e7d711488f6cc196b2fc8db,0
01491b301664502bd75f8e0105d55f1f3ced7fb1,0
5c7c7f9e9fb2aef4816ca7686bf1203d92b11b88,0
441020b8549b92f52ab4b3717d8f7a994c910a7c,0
7139c0d60c93c6e0ff6cf9858e5c30eb72caa4fd,0
9e7a4832995f3ce789ed856dc37460808419fb43,0
4ae5825871f107aa98cb5eb38999bbafd44b894d,0
e7ceaa1c37e3acfed5716ccd105a401c1923d0da,0
a4d322e39890cf841dabffc6afc2999e0cebc1e5,0
32837767ea798f628ca6dc2c8b59db2f41dbe87c,0
528b2de14a2ca26a09204ab9bfa67cffa19f362f,0
7756ae9da191736dc2f85012f83025e70b78c35a,0
d0da1136df1b7cad72c94acb668d61ad6fa9a5b2,0
e9dff6a894e1cdcd6c31e219472c100f1e2fe519,0
cbe09dc955b06899d62b8931700881da44709157,0
d32e801841f14900f582385b2e52cfbe615b1432,1
d18850bb1df42811f6a8a43020f947eafa15eb43,0
939f5af9338bb5f866d740eec19c43407d18c8bb,0
a0b19429e0c252635121b23e68b4527bb33d0bef,0
9420dbcf6ac70b60e85bccb3e536a8e0527a7641,1
755fcc81bba0eb82a10f155c27316cd1a0ae126a,0
b3c77f41ff220d87aa63020bfb85c5c2c9c47f08,0
c158b6c0c188d0c207ef57863d4d794740c15981,0
ee72d40104c9e749c371077a9e3940a5bfefd90e,0
870145854eed13613c2a81e1d84fa7bce184b614,1
624afe1da5d7bb42a5c3f26d27248fcf558aa2dc,0
7a1a3cc3a51318109e6faf00ccec054cbf4d0157,0
0df15eec5e87786c5f3db3d73cef6a8e6713b204,0
17c8ab96ad57d343030368c430fe9c5eb5606686,0
de2fae0c7647d918821b6996d720d3a4251ebf5a,0
8e30a96948f146967a2fc7b424fed27bdedccdae,0
240dc2736993c6c06d740be64b1da5ef528280e5,0
79b6fe6c991c535249c90528b17fbc0987b73fdb,0
af81a9e9a44cfc62f320e8c3dd56c60f37850e85,0
ef81304c181fbc6cf0b7a8399060ed3349e6cb7a,0
4504ba8b8c68c7f922839e97e524e06b0329f0c3,0
294b8968b6f4f43f6a2a4120c4e65b076b6dea04,0
9cf96ea1104198484f9991063b967cdab55570f3,0
7fb153819b6ac0ff26a4c9b7c69e9cf150224632,0
6ff0715e0bfe7ee86d7fbdc8ca953647d23cc748,0
5858f5fbfe566a491601a7431b278e22b42f47cc,0
6dd189839768ab3d1e85fa525b2697518f58bd30,0
94df2b6449591ad4dbbea055643f260b562e7cbc,0
8feb5e5980addeb1d8ead9fc9a72989b4acf5707,0
2dfcc57f12a8b401687ae3cdfd63a3b866d34727,0
318a573293bfc9cf8e06bfa6647c44702ac72433,1
b47d623560b1ebd571e6df40d4738f84703f76b9,0
2ec3883dc6a7ad342350f53bdb4d50c4ce586b60,0
6edf14d81382d57dd07015c62c098459f4f7d667,0
8485736457017584eb36aa9f0892548f1e7b7af9,0
34f20fc287ec7f964fbd61d395f34777df7fcc45,1
2670effb536c37bccf83e47bf8b28677e3c99bb5,0
6bc813279c757126a9210b88c67f817edcc94c6f,0
e807527d6c2f29d78b864a95d2816e93b141290a,0
6d4a8a9bfc46f1d8d0afe7890b068a37a6f8a60e,0
eea9c21d559d2ba819c1027db5bec3a7c4813d49,0
a01415e80427ea74607a0f55267a1a5144d0f35c,0
9acdd001d0a6dca8b2c13b95095d2dc9ed9970d4,0
da6532aefee17203fb6f51d04370bdcbb5d3276b,0
2257bcdae4fb8bc9ab898c63c1294969f0e463a4,0
aebf02872c349e08ec17d8a8b24827ad1947e65a,0
efd9ce95e10950b8d539540d0bb6c60f62294e1f,0
ef1e88efd367e1d4c271ed52215511073fad3a3c,0
a73cbfbb63db510d15d8d95bf28b736367601dd3,0
11010afca5fd73449600dbfe941f541114391d8e,0
51fae3d8eb5f6ab6d0783032f30b2d0938645111,0
91631744bf5649dfe231bbec86ec35d3b91959c8,1
66b8599df801511de7e99c7dbfd966864c01126f,0
1f27007368ab4d6fe86a31e41d23373e956cc04f,0
f7032e3f88ecd466697d8ddf0e777518123d14b1,0
a6a78c5ae794f29a9181f3210fcaaaa5bf8c05db,0
2ddd2c9a3751e12c9007f13e2cc124f42981c7de,0
26a4d57f66601f77d3f7995f55eb9633252c9335,0
49d63fa862c2b68123b2826380842c13c1d454df,0
262a881b6322438909d4ead865aa661ef7718f25,0
54091a17be48c6a4fc2c49f4596fa02da007807c,0
f2e1a4f38b9ca34cca40b839fdb4e2c8095bc20f,0
4490bdcfa5004e9f485117fd63c6edbd57b2df7c,0
a0383c10ed649641f3358f2e73c1e8f8aa9f2a66,0
d76eca2a0d5269567715749ff8660436f5d339cd,0
741843ef9a2276609e92b9f626089c7d155fbaec,0
33211f4536946da634689e23ad48eb95d90aa480,0
d8079cdd3a28490a643b9349e634051b5c933229,0
efaadbfdd754a84fa4b4fc0ef0c9be6c1fe4ccf8,0
6d13ed3fee7bbabb5f7000943b0972f8297695bd,1
835afa3187a3678bfcccebdf00df44da5a274733,0
7e4af38b079b93fa6107859b7039992b88bcb6ba,0
ffe3351d0b154e417293a04ea3560768fd24933e,0
17df9efffe6583c9d42ec08af47b30b4abfcaf4d,0
5a92fff38a74ff1b8c4f0dc4621201116eb62067,0
28738faac66ba5c38d62dd60daf30966c1dd1365,0
4d394d9f776b5f30db57282aaace8e5abe31aa88,0
25c6f7ab62e4fe6f54d89e668300947ba02c36d0,0
15144a8e7e3fb681631a8605f5a57ed7b07f818c,0
62d5ba28ce1c5176ea0f2f30bbef4da2f048d97a,0
d26117ca338d4ae93d7ff3c70f6f3b12423e3dd9,0
e6d9e5d7c75d7ecb414d72bbb00b9f841ea7f50d,0
262f6e6dc2dfa35e879361f55a032b11c519ab12,0
72eb7063745341cd3702c847656d7d3429f0b6d8,0
98dc7a9dd2e268e8944f0871910ca892c6594afe,0
d63f4ee9e9d04db0e9bf11e888d60bf725f6433f,0
e75efab2900176aa5f30c232377112614eca5f49,0
69216311451079e358c402afec9a009801528733,0
152812b17228338302fbac049edebcfba2149c93,0
984601017b5dc25f1d70ce8897bce415c533db8c,0
f01c344fb68540bebb496034f9a15368032a3ca9,0
752ad0777d42bd60c6852f096dcfa346d04d63c7,0
97be9ada418425cb0935daba0e33e3ecf16a126b,0
2880a740a61fdf0322fbb68112a9b4b24a08c319,0
d88fd302aa4f89cc1159d9c02bbd69f5ffbcc26a,0
cf69e60a91222ab8f3ad853cfe4a91f20d029ae5,0
07df353f3f261e7cc81bdb269416e843493ee255,0
2af4b30411cc37a91f25400deea27ac25e6c9099,0
abd0e21cd0005692ba92f17906278135b949431c,0
cb0d8c03df01f0edd0cae7a3a03091ff4e6420e4,1
b0eed4c0138f43e9d1851a68d5c1c0ee38121306,0
9f2bdb75102f374a930a51c932dd4d372c29084f,0
601975e57b5d913d3f54b45c24062e4a1390a240,0
b993b2ea7e6effc4fd0ffb30327be9151dc98515,0
4b78cf98130f29876884f4e567b703c574d19fbd,0
1262a08e1c304a33b18d984ff3454d8867ce0cd1,0
2558e761e715eae361b19f568ce81161013a6875,0
1e48bce0119e6a67000c9142e63a1c57cf003128,0
5b9fdbfd536f71e496a9f0a9dd95a26915ddfe78,0
3976f87c884a78acb819b7f4dfaa682f4c1de54a,0
75439c5b05dc53cf3943337787ea954e8d2d8b83,1
3876e2facc42eefe7c7282138208e63fd89ecb09,0
6b63016fe0c61196627934c735c19267c06bd8d8,0
a99793f66810dc4623c0f2687740eacbc803e899,0
8bf443abf026e2c6197aaadcfd62cc5d9fef4a07,0
474d22de3e5f64799fe8f3ae7297c2343a2a105d,0
7696784dca4b133ab921db90ae048dc90f19d648,0
caf5eefc1bbcdccfe0a53faf5c8cc124769224db,0
55b0274ede6ac1c92a2debec2b65d059b1587357,0
6ccb7709090db0c9b6ccb1e73673c5d3b0568b20,0
f8827e8c67cbd87467ac639e3dae7bbed06a78bb,0
2a0d79aeecb84851321e15fdd6dcbfadee390d29,0
88d7ae455912f9733b85c46bced35542d86824e9,0
17d5e85e4149590de2749907fbc35abc5f8d70fe,0
c1c6dccbc9808f59ba32bfcb374339e306bd3979,0
8340806332ae7c93c82136aaba0250ccf5c0b625,0
223bc20ec433ad03a3868db204fb6c39d8502ff0,1
77fb91d1eb6c09a6f00e84e926cbd57f99a19af5,0
fd9ea2f8dd5e3fe766f66e98a853420db0c20b73,0
c73d7257dfd6179ff9440863690f393255fabd32,0
60aec8583987ef3c89c8d496f02f1717b74bd192,0
8994727928304e852f5706ffb27da7f91d1e30c2,1
14cb37b64f5dbef7fa093eceecd60f5c54ebbcf3,0
1c81e824f0b6e405c87056b72b867550cf7edd09,0
81694de22124b5a704bae708b42b0efd5c71aa55,0
448832115b033cee47abf4cc512293747bfc89d2,0
f4748658cd1bbf30080f3ebf04d56e8e6637a279,0
ee8957b72354e107532c6febd4b0ef4ca68f19b7,0
69f03a25fcb51cbdded195a6b85ef046cc0d5f84,0
44c9f75ff36d63dec0fb7a23076121d34c0990b0,0
104d0ddc1884130e7721ee6c4af48fd0bee763e0,0
77309a373b47ad766d574eb45b70c437b1914224,0
2b70e6e9f818a11f2ee8a6ee4748a352cf89279b,0
55143041a0cb5583a3d28448c97085e9740e03aa,0
86f3d968447f948c5e9bac60ab640fad4c2885c6,0
4a7c2aa766c1ae091d75527293b23e570caf175e,0
9641fd8036dc32842d1038513620452b3bf21ac6,0
566bdb9e1f5a4b274b28a672593893907af8b8c7,0
b411bfd63a4704a7064257e43d40cdc96fbf83b3,0
1548b859a1a1fa2074f2d54103bd0ee54bc1429a,0
1136c1a5a20c81c4c66f70ae8b22c1f6b4e3bd43,0
ffa7281e61a0b281ec3c75cfae122cba36dffbab,1
acdd2d0f96b58ea08cfbb0db0a486383f268159b,0
f416b5ed5daff2d15d37f9ed3c443a18eb320fd9,0
2556374be9a767904967416a3ae6926b72e3aff1,0
aec2ebc39bd48c7d556a31edc24948b38ca1f78a,0
9fa8b43db98486b40e60041da04bb63e9f49d8c4,0
5bdbc463bd8d0092591bfd743487f80be59501bd,0
24307652620a5339518f9eab0dfd54fda425263a,0
999c182241e698fec5e9b44879e67c62cf45b205,0
13d304004739042912cd9e1a394b5362d591a15d,0
91c471764c7257e449fef8a82d189ce4a7f443b8,0
f69f5ff95f7a1e57200048c198f8e8f48122c1f3,0
4e9d874aaab4ec83f3067bda2353b611752d5c08,1
60bc30869c97931806c9d1a29b97cac645766b16,0
8459787eedbec92981a94c9847e182fbe437f8bc,1
09ea2db33de48981744bf456977c6aa2b1d8ce3f,0
cb95f62e2399de4015475f6a3780a3a0dfaf1828,0
53275e0cd5b0d587c00e6bfbd1d963abdd7fdddc,0
3e3c11fdc02ea44f564bc8bf032c1ff93276be72,0
348a4b9694ea68fe74006b2ab226e8e7ee5a3fb0,0
016594600118bb4aef2e5a8d64d3f9227c012aa2,0
5a178fa98f72a59d2789f52e03c5459c3b716e60,0
8f7277e1e08377168f2a57e1440c38522c0b44f8,0
10d8adb7642e24c826d7938144d341252a332579,0
17c8679f5412c1c7b57f1b41230db999dd587ec0,0
ddea2b7a50cf0a8bd830de9d6e7959b8bfc41e10,0
62e7535af9d82ddfbb4643391ea02d89206eb807,0
cad9908866dcda271cb6e5eb439f381649bee397,0
5e5b25a78b6e58b12052b919067157b7042ef220,0
33142ba01261c564c32b1dd61f83179643d8622f,0
2a5214f1e81064b4b57d59da8ce6bb9731a5b354,0
f4ac3f9b5028cb4d433296eed49808cba268c995,0
aea0e08e907dd52cc3c1fa2c84947d5f02df126e,0
7a1b87df5523d4db91c29d7f0d3c74d84922921d,0
fb7d1d0b0e6f1e381f0dd8149dcf13ef725b7562,0
3b56afa2a44774947d1bd4455b687dc7e6315e85,0
1b2195128cc435bb604c37627cbcea8b3e5c7b5b,0
01d5be99efbbae04191ebd2c0d967acde018c906,0
27e6762e9a94492e02149196432d7917537ea06f,0
3fd8d57ee29fb5c848a194314b9f7c95ffd914b8,0
2d3c22ad0cb2e9cfc210f6e79d89d530f322f7aa,0
9128d905eb4fe73e1605fca616c246ddbe29f2a3,0
a62bf58eb10a7cc992f20f7ad31d190334fd86f4,0
19dac372d4b72bdd7b454f64037a12653b019884,0
965fb5b85469e7d8a68e76cf4d133256443767b4,0
57548a173ef1d2c48ce586d6a6c9aa03eb047f2f,0
3dd8fef4aa0206c90f645cc650f59b3789d2e58b,0
43288765a6e7f9a8e7bf511bc613a81686709785,0
d1f45c4d13ca9a2d86ace4b1b50256b4391d47d8,0
14ebe917650eeb44255825ebfe99511aa1c62ca2,0
2c56c8897534c4e3691915b228eefe0c888d201b,0
772c837aa55d6c9156c33e0dcbc2ad338b497739,0
b3ab1cf424a019ff2abee2eadfe1de4be30c10e1,0
54aafb11d17fd531db053ccc81cd0b31273f1ff8,0
ef376da12a4e29d499bfc82689a1590b44afba3f,0
536a0d1c5489beb37227286c213af2d7979f3822,0
79076570cd0f8789277ded7fec2fc782cb902484,0
5a331070b6c7dc7bb8f59e8391aa95bd6a28a483,0
2ae262345147b3dccad57d65c7c825128f296bea,0
11bd924eb6cce4cc6c8eb9bc78cc53fce26a6fae,0
d766ffbcdffec48d0b4790eaac8fa860a6e72eb3,0
9eb2959af54d9d2368c0a48e416924f9e68363d3,0
3e98e29c770ae9c5de94feaf4ce0c2da16a61515,0
25eedb50d8475f2225771fef6feb5ded0d38fe0e,0
6833c5257a201f701dd9c11c2d5122bf25d15fea,0
22b1915e1db2b0a47db4be3681ba369d66b1bd51,0
39378c179c29949f7ba21c635158d210ce979649,0
0e07a23c9e32bfc8422ac11025955e41ba04adef,0
1deba5224763cba24621784988fe9aab003b68dc,0
20037073e865841ba5d10bb48cd1761f90b98540,0
a8ea15992ad00d5d2a6cd623910feaae4acb2e4b,0
74583cd77c6d1bb0801dfb7da26be2a13c354cd3,0
963ff0a0e3f45f32c5899af63533d22b367dee76,0
9ca77a07706ce730e5a677623409a3ed1e7c5a9f,0
ce7f0d43d0d96f115631e015c8fa6f00aba42bab,0
b5799fc1ea7e0aaaae7efe04f7e5deb53ec50b99,0
52fa9bade605fc66ea66467c451201a469e1b27b,0
00e00b75beebeb7346a7ee3983a9ebed42e3b1fd,0
1fd3e72377ad7fa899a6d571c57e84a81e6e06de,0
78e7d213db59c3316e9d3f96c11e8b6110594702,0
652a84dcd4f8ec9f6b08a01f99d15ae7c9837da1,0
5e28826ac0dcee1ddb2fdcf10d6763a51a6744c1,0
7c0f20878f50310f0c2fbcc0a007e5498fe68985,0
ef12b8b694846b526bb05df164318cc3e22b419e,1
edbdf97231d3c66c4d3a6a81a0aa6bc934324664,0
36d090134616fe77d47a62b77dac56539dce82d3,0
6bc42bfe025703701184a7d5d5f9ec83b399e791,0
a193ab27a5efdc0d398021fd5a3726f2c3376273,0
de42f33fca2395a84b5e8aa7b426e37378a54e10,0
42c1d8ada22ce731a6f9bbd14ee49f93e8de61f6,0
4aa9292df27d894e51220f079cf6f11aa3f817c3,0
9e5101d158cbd07e60d7abad80ddf27414cc0bf8,0
c320dce00db9f2ef9b0a348fd8e61157365b15e3,0
ddcc57171cc19f435856e1698d9282437065a4fd,0
ef1913aece64d93de7a28bdbf4fd43969cff8d4d,0
0f34522e3f7a5ec15f285bedbfa17f4fd8837c11,0
e4b3ee07c26dea0366f6e39b5b718b0960b0a174,0
a56bcf95add067e6a971e27e30e9ad0f9575ba6c,0
8c8da3aae386b15e45b691a7fa8cb8eab34933ee,0
cbf5eed3ed17a95cc1506fa2e3f1b392d02b4659,1
26d2553e306342f9139050e1645826ad614d0a26,0
1a09d51cd4934e5c5a30504bb83acf6df20b5946,0
f4aec942ebf8de29bfcfe15ac134d2571e9cd0bf,0
0c1dc84cdac0f9789cd6ec8be5dbb48d26e927e9,0
da7f2e773282532114ac2b20a853ac5850fb7922,1
e5167e8c327ba8af6b8e1753c432d31f6ca80582,0
4fa6922055cbffd59583b751d4c3b9cb736ab651,0
365285a73afd8c32400246634a1b8de4598972ad,0
977f3f87997181b0a37a4c385cea26aa6912114b,0
00c554904b2459e77bf06b141823108680221c17,0
e78782a59e8024e919020baae0dadf8532ec4de1,0
a963753c1d2c4445d681b1402a6ee46f90f86b77,0
6461266c7fdaeaedeb5d8c79a7d56e9bb0e7a2ed,0
3eb86d5bbe35706baf4e34d7bb49b549ec826e7a,0
872d1b441ad09d6902ce398e03df4b28a89cccf3,0
415bdc71550abe9a469a61ed09d888248968a8ab,0
a7abab49efa241a287dec4a27dc9c72aa15daeb6,0
d19220e03d2f071b7e1d47d74797bf61153d6c0d,0
fbd3e88f52c929d265076730c65fe55c7b864681,0
0e4e899c886dd029420dfa60cd7b93c2f00b88f8,0
df2dcd2c95ac302d6e5d4677b9351260476732db,0
1fbf35eab0ef01fe9828bb18e227fd4ec1dfc44a,0
b3d1fd9e0068972ece86562a2dc0fb8614f7550b,0
dfcbaabfb5c6965c37fc67b57e7062f44a9ac675,0
625798a8285b72f57e82f5ce8b9dd2293c1d8dfb,1
f4ffa16cc5d947b4970ce9e3489ee6a90d22a2a8,0
654c476065acb3898b7c17f051c4c65362925bb4,0
be42ed9822267bef0675c349662a262ea911d013,0
2aa9431be3139358a43e7bd768e3426e5f2a8e76,0
94c74a06c1c014813f755e923d3258185e55fb68,0
dba4059ffa6b114168ed9b1ec4e39620380c76c9,0
8caa46752778fb729e070a9830a79b6e0d304a42,0
9006c0dec1dcd8bf2bee5831b5fb37c59f2f45f7,0
6c9baca552cd8e2966056bf6baaad3edfe0a7413,0
130e8e56c7e4d14592d1a0ed60fa5ab928eb98bb,0
9a554a6a5cd7a42cae8a0a8e933ae778aef3286b,0
f5a9a522d4be602921fcd2b3cd770ded35a5f18d,0
5157eb9d878b174d1e2878f51a6a67eaba4308b3,0
d407bbf16d4b63e603ec4e5f4d41fb0888aab445,1
8fb3d411660983e8a668bd98845e90486723c128,0
045924f31ab6cba001431652b76daddd1db26379,0
d0eca88b80fa5d9a3341625560228f5f86b81e9f,0
970d0e254a97c0d638b82e977abe6b36439ec3b5,0
9e12f450c30226bc7b347f3637ee8b8e328fb1bf,0
c155d54a1448f3227ce79ba7a1fbdf62f18857d0,0
54fa18d1b50597fc033349845a4b2e9e80a55575,0
87d76e53afbb9b32adb2b74acc818a1982722908,0
a5c6d51016e8f60ac423b2884158c2ebddb39b2d,0
20c96ed79f038d53867b92228e3d0c7d5e74ce5b,0
f3326a67ea17272d44d63777db778c2fc4be4ff7,0
db13d1868a718d5971eb4ed02258661f1f47d105,0
9e9eec30d3faee2cec5ebe502617c919d21a91a1,0
9352b29ab9412e7fe984dcfc99a88a1765a166f9,0
6c9018c29baf19432775415852d5709bdc4b83b9,0
51aa00d763d6d16fce88cb639899d812f26cda13,0
47fbfe5e06223f84c7b26d2f7bd15f3176bd36cc,0
0436b4cc5ac1dc4bdc6a323c9a92e748a0902afd,0
5a6e41a2d372bd0bf4b2d28ce8eb68dafae10386,1
7a279d2ca92230ff126201dce3bb894579f57972,0
3a4046bf904d5a6e1e4eba25893ed0ea5b4b757e,0
4a94d30e7d11cdbc85b739e1125b3670df3498ee,0
99029e2e401007c316a58a3deb40ff7a663be961,0
e42cbf860c7bc2d5e1bed176f475a2b73287bff0,0
c3d48ef172b8f87b21bb9c8328c271a28e87ce92,0
95181e80e448ffd2fdaa42a1a5117c6739cf889a,0
3497533988e6619f8ff22943614b6d87f85eda72,0
6084e8fb2dfc11601a6df9de0b6f3a03f62e5a16,0
1397dff943d33d88d5cf2f28de8a5896b870f2f5,0
ca43d378e7f6b18204e4b5f002602b7335f3a499,0
5ae8b273f7acf992ba3e05512f9eeb44d06be692,0
4b48e859a071c7657240106f7a0cb6ec9f258916,0
2660962164a0a5386a47bfbfd1bdd5cec55294d5,0
4d1893c8e495d6f1ffb201e06fe1e2eef5be5ccb,0
c0f11629150e4dbaf6805d328b8c6061bbcd5fae,0
56863dfec2931dcc3fd4d3698c57dc58875bc9cf,0
935aad1b60c254e7c2b436277ca57c493a7ecc29,0
b4d8facf82ee271d2fcfd3ba23a7c445717ca907,0
e57fbc1577e32be68e7647ea864c455d2161c9c7,0
87ad4aa024392d818975f17f8c96a3a93f3c6db0,0
d8bd28576b7c2cc9def1dd0ebad5f8c441233c1e,0
0eb5b800984a56918e29b4b3e6eea575835960cb,0
6ef379f7e97c988f49d5880ca450e31090d2032f,0
68cb71dff6afede6c6d3c04ece8f364cfcc6d002,0
360097786840d95c612b4b386d708a5ce3648ffc,0
bb14ee238c6ae9cb3458de00999268e414ee0681,0
90cb14aca944dc3afa666e0e1bff7f964f26d755,0
f9ea0ea451c366f2fd956f941bb7f4f3476e5fc1,0
68ca612c14494001b939f496c447baff56c74dc8,0
91faa11de25fb8db9286a6b4deca671783bc18b3,0
12a318ca5e6b17797827852c03d909ae212a6f53,0
4d098d3e20610e2937df5418ef1c12b03caeec46,0
974a8f09f3ec5b79d40822893decccc4fb08d647,0
44ce6674c0dc4a774323f861b3408ec5ccc5c31f,0
30439406653d5992b31d22209905ee5c23f36049,0
d37230bb471ee806eca0133985647c9b625a5621,0
d8fc420e80ad2c94bad609349b14856864e26366,0
f94d65ba73608a9f63df7d8431cdccd38651ef0d,0
e39f773a8c703070964878f83ba3b08df1550532,0
02437bb7f46a1ffde99f9065d1f5d39483f932be,0
5b3b02bbccd10dd0a3af7dcd495d8b555a5ffa98,0
248a1c6813b841caffb0356d3ec4061b7acea68f,0
7d31d30559eaa7db31cd952f4e1977efc91d8804,0
c181af2872b6995480a93d0613bbe603491019e3,0
dadb75c90cb62fa8fe6185edcce63156d126baa8,0
86e62dff4cb5290c56f855f57ebfce9e31ae4cd5,0
7f1af5d068f2e4f65f9caac73a6005a9a40b0f0c,0
5633b70e455b41fa6dadb517d33bda5f10d22de6,0
ad3c3551f3cbae1be502943731b27f0dc4f7592d,0
e33fba9ac7d0d5514f9bddb35e42e062a76e032b,0
ee9edb52e989db88266670c3e7dfab72ea904cd1,0
6fea19c575c56fa4f1a92f89140c6800cdab9034,0
98e5d726cf81750e1f27b1b576d5a9e91de56d6e,0
ee216cdfae8d970044d5205bce17aa0fc01b08be,0
d877609e0fed1bc3fbb79baf006980259c201186,0
bec501b8eeb4af99cbfe8d545958a146a3668c4b,0
f6729e0992596d86a5217b897869b8004c65a94b,0
3de9c89819c128e099d9ea9deb5c387bd051a957,0
d99fb0e19a1d87e960032fff839aca28165ec7bb,0
69b3080bfd3f0f1d5e937c0f0e843e3ad889c9e2,0
1e4d38d1c21848a079a26801d7b567f18c5fca2b,0
16b5f9e4c0caed124cfedd4c52eabbc3349c6fb6,0
fc66d709ec4ddb1b1136372042ee1decb5a83955,0
bcb0c9987c6eda2bb0a3500dcd876e02b1df8ddf,0
f402f8450461efa9c366c7fc7e8bdeafb1d386df,0
7a8ae02a620bf3fbb777dc4bd26eaa87878a7274,0
02b2bd9e81fe2c39a78d5f664ea32ec604c3bc99,1
7eef4d3e31cb112280e70368183776f734efa76a,0
a9203d95500e0525d7c208d8fe16287f3f70a998,0
1e4d88b37762ad3b58ebd39386f7aa412fd61cab,0
1a40053ed3eafed1ffa64cd7135156f12030b23e,0
7a0833e7d627e69750955616394dd9698a6cb15b,0
65c0bba4b2b5d0c7cd34e5a86993140419e52a67,0
1340f838b0e6ee067b3093859ee7537f546c2253,0
96c8cc675624fb7bf3f84858efe6fd0a1ce8f07d,1
b66474116ac2d6102c16becfff45e07acc72b8fd,0
c32826baa2acfe7e7bcbf396dcd23f96d933e4ba,0
f323393c5eb5fbe7e3121da0a0510ea1da7b8fd9,0
273bb816aa8ebb025f93e393ac1994e11a57c02f,0
0ff2326f816a650d2130a23d672473b571e0e758,0
2acba71c36fc1165ab6b82f92b2f75287860ab2e,0
01c94da19d87ba45f3c9215e9d610198b22d9171,0
ac68f6d09d73e86f14fc1258444988adc1ea39c0,0
1120798ed4c6c4cb02e61e1bdd4680226eaa4b11,0
b6cc40e846e2e41276b75014becb8aa1a6884990,0
8f11305158d43e031b11ac8400c9702887a484e1,0
0e4ddbe88e664728d6c547dfe0bd8a53fc6f86cc,0
b6ca5771b2d4eeee9fe98fdcaf32558a8d2712f2,0
fcfae03a997c017bc3eef42c14dbb59960fed7fc,0
2fc080f77437d43123f64688971a719659b38f38,0
b719b8bc00a51d06db8726652dfbef08545049e4,0
e9df28d7679477d322b71112a263e1ee2da86f6b,0
810619897c062c69d756336e922664a9df322fe0,0
1f2b24c57cba186b85713ac4cb310f20312e78e5,0
ae3725dbe134ac396871128a64034739d5b2da03,0
11b9a179489b6894afeaf124202603f0c36f74e1,0
9ed6ba3f794225e0f22966268fb8b7cf024c15b4,0
5d44867bf1fa56db14f81c90966aaba10ded1f26,0
e460b34895cdabee2eb3749ddfec648b16f89d90,0
964434ac07e870c0ef1dcf6a1e692377020be797,0
6a18998a852c33de031d45435a37e9745342f752,0
3ebf52d4d758896e6c9b890c1f3e6844cf45d0c4,0
f8e24f0f06016e61fef1834595632c15e79d2747,0
5788beffff69a9fc815e65b982226e286cb73447,0
ddebbfd55adc03b7cd9a94ab99b2c9319bd0e919,0
3a5b9c2343f2b8571367eee98f476f32cafe8eca,0
981347e24e2ef4de9461656ffb81d4dfb1a0d30e,0
e627b9e5442a2af8d98a029d7c962af67d5bb51f,0
af89b668ca41b5787113266bb32649d7c0928477,1
51ebc2f6cd0571b666343d4f626dbc46fcf7ab9b,0
01cf78b84777ae3a8c0e6536169f8f00d8a08668,0
e6d6463f77a656cac754f1e8ecceebefeeb142b3,0
86d8088f0297914fd459fa10f4c7cc89f01e8b8e,1
f2fa320f8a463bd75c76d8b64fab65914751767c,1
b7a0e191041c21a25cfe68a87f43cb57c45014d8,0
1fee651d3bc5c4c7733f2fe29b52a4929789b0dc,0
99121bc3f6bc1f12916d3c29a437a7f0fa87b322,0
b6dbd74b8389f3fdbf6b80de7bd46d884d5b5812,0
5c7526551bc724de7110693fafad820adec1e349,0
c7b05482844c57f1337a4ded58574efa56bfa3af,0
7b4ca644dce21feb794fb05c812844a220817bfd,0
bf766aebae83e73a249edb8df110de1110779a75,0
c49da1f5bc4d53c56ea5e12b1397909877e244a7,0
c451fd23e355840445819e54cf22731756e72187,1
000ed8ca7ecc8ae26f43142bf36406179a21e3c5,0
c3ba7e4bc610beded89134c5692786d7ab9d14e5,0
7d099126e363abda6975ef58016a172c8430887e,0
efec80662b64e281530c4d5ec846977d13dd899a,0
0d06ce69abc58ad7a587ff377f4d492cf39bb7c3,0
e54468141d63870e245f10ccd5b5a421fd03651f,0
419b0968b25c2f074831c5933b65f2f13cadc935,0
d506db05324beb79c593420a3c376d76ee2123ba,0
c274a729db9614de26d272e7c487c71b6a7c5ed0,0
585255854c0a0e7d6a8c2b25d3b53edb2444ad33,0
d2a2238707e9d148a27e96d1e941a3bcb73a6584,0
6af04282257f966114b541cd8e85c3d694e8394b,0
cb54b086cf593d0a13f1e7fc0cb5119ea4643aec,0
a592efb52ae4b1fdf5408e1ffa0317ffb7021363,0
60e7bf30f640269819ca2ce5d05c57da57d68543,0
bea03f8fdb9d90237ec8c9f5502167c03b4ffcdb,0
ec9accd76527e5544b12625552bcac357c89ce97,0
5c650e37d0c57fe50e81bb65900fd9b32f872d43,0
df5c608a34cb9e567864f8213abe4f8bac8d48b8,0
42a111fa30b6ce1ab6babe06d73d734c0c828eb5,0
d57e387d7a21ae5091a22724627f08f64b956888,0
f637473ccd5c060e3cfd090a1d2423f319de50af,0
7bbbb6326ff41c36405401d9ef790a23c5b95e74,1
ae45c0685883c14d313845da7979b9e38ccc09b9,0
31f2aa76c89bfce74dd66850b5ab1a4fc4fe7292,0
dc8d9e1ff5bb4b57007acdf6c5c3119bb8da00bf,0
6ea215e21613305ea0966cddeed92edada1e212b,0
c183015f712b01a602c8616aecf9dc711baff26c,1
5e257518c93f9eefb40699a2917899b9983d90c0,0
67e47ad3c32f6f5a3077ac107a29ac7d1a0aba4d,0
d9a1875bd2fdc268e31ccca96f78fb96ddbab772,0
4f6ab39c298c68f7e06d844bf5f66f4b97df66e5,0
f3441539c57f51fff55be3a37c6ca750784d0f78,1
3bf19dbd83b8606037002561b93e8a68bbe970dc,0
976e1e80e225ccf6feca113b2955b8b3cc6c3b9f,0
f5cfb3f2f8569affa56d742c1d1dfa101f5d66a8,0
427ea4e0d8f0d1dc122b551042d76918b48236ed,0
21969565848303fdfde86d1f632f33668d038d95,0
1783f13d128438a84187db6d287f39baac03feb3,0
3462da82d29270e589606a4e82969a391ced42f9,0
6ad59ac2f00875d786222ab9ac26dfec96636a90,0
3525a66720eb3765b75acdf40586e784446252f0,0
cbf6f24d12cd7ad54c373016928700396a4e8d9a,0
2f1d64d272bcaf89e0adc7b316fcf685ed6a6ef0,0
e290a5ac2f1795aab71b4ed25a9d106c46d65f97,0
32f1a9c88fa3ecc03d527279740285afb55c67a3,0
f4763f0674ca4f6eb63fa8f2838c86aace349353,0
e890d2e1ece6a7b435b792433bbc20d2bd7075e0,1
6b71227c3b58318acd39782a4be4e24a4b037302,0
fb5af5898edc7d8bccf81bb4c3538f94d8377919,0
137f88c356a7023de59a4b13311298d272925e7f,0
6d3a2a3c96e87253730ef32bc38cd40b17c0d6a3,0
5960978065c373b798fa9ae17eff22a62482e0b3,0
ed6f6af815373db5929344b21b2630de77c333f6,0
29e79f4fe1bf755ae5d33e51ce05ee66a0d808b8,0
e9c0058f4bc3d1c1063ab8694828a3a72aa36973,0
d54804634e10e9bd503acef1be1ac0508ca971ec,0
0dd17c80948c648b6005e75e6aaa16b16297a5dd,0
ed6ebc7f6c347e8a71cdf0f3e0943bba5d05dbf3,1
f6911f7a73159439cc8c3c5c5b6bc4b9ddb1a7d0,0
a3a7e7cd05c4beb3ade27f581c2be8426296a76e,0
04708fd9eb3bfd765bf9917aafa47433234275d1,0
ba9f1b8afbba136112a2a50c0c227829ba8d00e2,0
6a8e538ae41950c882f3e3d775e2530c7a1b18df,0
b2960e508196f041e88ec01260bf48bb3dc588e6,0
eb4f9927bad02ec354f34a1d3e64544f70439388,0
4ea796040b4db232995e0c641bee4867e174e618,0
722b28284f3aa6182045f0a45dd8a907d33548c1,0
844f60fb611297e88bbcc1fcc8b5bec31c3fa551,0
4f93266644dfdd53027b4932f73863ff15e6fb79,0
5e334da79b6c5ce733205f57385f5ce2557d4d7b,0
207e5386a3413d12506c261dca56b000d2040356,0
29493d13338e150abeced7eb9d3584af88637871,0
972c8116b7050ae2f40764586d85b4404351f3b4,1
3440999ceffff32699ac4d0af535174a4e054035,0
ae1a136724b2058986dbecc41ba308a441549fa6,0
7b38e58cff244a229ef160075907f2e32b9a6364,0
0f1702575bf3b1ab23712d066d3213ff0da4d61d,0
665a3cdb87040e4b1de3bb58a3e60ba185c179f8,0
702fa72765682446acc5a731d5e514ec09756ace,0
d0d4e76ee9256287b54026118bdbd24bac97527f,0
a02cc9dd5ff6b145a034a7628c219f8f49235eed,0
0a2aba02fdfaa61f8bdeece5d20cb3ab37c5d632,0
b62bb1670710f7980abd6c987e4e6852f48b8512,0
f18680043bd2a11fab2003ece82215c2a22ed8ff,0
b321752bbdcd69eeee56c58cc1408eb68e9eea93,0
d16aaea960a249bc70c5b2fa05d7a0350d75ac6c,0
71259125179d17bee242ffb2692685be931ef36e,0
bf182b82920bcc6a58b08452da54446eef1befb0,0
817f918d9f081e0dcce131780540ccceba7e1d39,0
b93a43a90f0ad0155e50dd35a4aa92dd6fd33154,1
964a297868ddf42409c58f6bdaa8e30ce1d85533,0
1b23dd6f5dcd4baeecf99e6b7b90a7b4bf55d370,0
c8dd3dbed4bb48b5753d0d0a5e1428563b00726b,0
2a57f0e1b5c4aafc0c8d4305a36f90be4c956c1d,0
9e182f26bd91664e3f405ef8e44afe8142a986f7,0
4bb983c3929a84e165bf739a725220b5838a553a,0
110b04ca299d012fe5768f65967e23afcb153523,0
a573dc49d018d302cd3e043045efc29f8293984d,0
a2e6fa8f6a156a9c9cb1829fda22904667708705,0
d5db85060eb8e883db2755a89d521b9bce5c0d8c,0
e22004f42974aec8234a2cad8f13a0d53e976da4,0
052e3ce57d8b8bcb4d5eb7554faca906ca8136dc,0
e4100d1c94babc150752dc0d6c1e8afa669c9602,0
3aa756d385191e3a21b65981ac9503388e88fa51,0
1349418bf160bc661073cc17abe89a1939b78687,0
bb56a97ec1708e60d95bc1be5a43eec3643c9947,0
2e52e1eae4770736fb2fe7dba0b9e00212eba12f,0
0867081b09c46a7fca71c02e52a7ac85d263f7cc,0
70adfdd3a73ad59527a9f6baf3533aeeb39a4d15,0
eeef05318ef93cfd05801be38a605d0c1fe5f048,0
caa82f8dd62dbd154a6940f066717205c626fc17,0
c105916dcdffcc8fc0913c225d1be7f308521906,0
c5a1517bc369b80528686440e645320b37e26a00,0
b1e9189c991529ea6d8c87264b1de8962346d267,0
fb66646a868ca0f57a0027308c0131c30cde45e3,0
27e15975386bbc75c7d4e3a67545b58c322f2dd0,0
c21a0316ae2203f8fd9b312470242c45ea84be82,0
d2c84d386d34cb2c49c756846d10f1188038b6bd,0
8d9f7d99c524fd32eab2bf06eaf0a2a563b405be,0
6323bff6ff6bb15d08ac5b534dde54c3236a45c5,0
a268ac6494caf5b27d48828393081483caf6b77d,0
4281c95ab328781e850e2d3e63f4cc30b593ead5,0
8a59577ffe8f6d9b326d903db78cdbe00dd1432f,0
a62cf16af568ebc62261d5b5e97104031ff5536b,0
476f31e25183e89e554f7ac8b2231bc649b4c6ae,0
59297f2265f1d9efefed2ba9811292cbde30c87e,0
d5aeadbbf26128bd450a6068ca6f83670dc25138,0
4fbb13916643f60902d3a09aac9cffa109a3ec5d,0
7266a8e054afd6f718047ba2e90c11bef00d4085,0
02667171942c40b046b424a490735104209b1528,0
c19356bc86b7e59f7c08a121c9089fcefc887917,0
fdcbb0db72cbcf66c4e2a3a8f614bd27d28332b1,0
58641c2bb5d1df33747dde8dc4a2142bda906ac1,0
993d935f1a62df21cf3b7d28909a37f9ce4c7107,0
0fe186c6e44f56046b3084ce5349e862bc435b58,0
b2bbf6354a246a6ffc791ff2b4266e42147dfd9d,0
09c6812f35a720ceedd27ea47086842773196ad8,0
4ddd546f6cfdd14a622222034a5214d8333c3f2b,0
8f696c0d8f4b2544162e1d4d2f1b275e7e5728af,0
a6b42164ede31dee27c141cb48cb9e11348d5db3,0
ddfa0dc2d69a0bf04bfc30e12698e970c850bfa1,0
d279e3f3fb60ce165b81f46b09e93e40e44dc859,0
9987b77adf0dd036709bd27aa55a3b59cff19cdf,0
5580d5426ef1f6d6e558c1ea9d4b2ae1e4ad5774,0
1e9a5e3a87fefc22eeee102a758f9d7af9927f4c,0
d379cca987286fac0a51873e9ed3c844eee3ae12,0
2bf878881461ff2d4d427a08996f016746e04a4f,0
6da2d7ffe9df2d1ab31172217e241a3bcfc1a145,0
8b8d50aa803410a46fa24617433ca8b3236abaa1,0
f63b15da19053273a66f477094cf2e323154fcb9,0
628283b2187cc75935c8e24101edcf581c16a987,0
6a66630926037163a8d29c6ad3854f2c4113bc5a,0
65d65f60ff8dce120a6e20a6d5645524869ca2bf,0
0061f111714c417221c8cd22caf3c254cc6fe83f,0
688b7334ef82c1e61651f811939d03314888fc8f,0
427d8eac1f6647da30917b79733ac95ac519466c,0
6a97a7f87b17fac1991c79c9bced849ee0719ee8,0
47f26b062ea534eb47ba6493ff7843d45e04f336,0
69d93cfdb7604e874b661be936d2bcb5740998a7,0
75459e0dd86ff9330c3f5a8ae8c31222c6aab7eb,0
5605f329aea0d656c71ef51cc5dbb2b03b60b625,0
2eb690f0c6142d631342bb23c8875a2a272fc9fb,0
9189a868b96a1401e2088302b335e948e51f165b,0
7aad0ebf247f3ea548f185d7316e5fc7569092ef,0
e19859bd96e8e98b67f72a178742dab5037dffdd,0
1d0d6977ca9a0fc85ec0c47e9f9a505f44c3b63a,0
05f0afa93eb409ac422583f530626fba8cf13ebf,0
e95dbb29379c4bb63387fcb36390c261a07a16d7,1
5fccd2f23157db6f3ccc1cf097ef1718aac2bfa2,0
852e53b33c9727ab6756ef8dfc29e588593f8444,0
84f846ba8e96b337fa30ad352b55d5c293070477,0
3b4ed7da5ae0bd322839668e6054773b0b15107d,0
9702246472586d590c54c615d3399f5142e7c2a2,0
d888791fa1c4312a07af4be4ce54c09a83f68d65,0
3a9d81269b51c44ed4f8edb8a80b5ce5f3f60770,0
e37e4dbac4bce2b82396e046a2ffec4062a2eb50,0
34e091b0babe3641ee5a73a7a8dbe31adb2d9cea,0
fea2515eb13ac4f9b1e11b7f99af90874397aa24,0
457afd2b5c8f09c5a7337959c982f0a318d7a159,0
8eaad82d063f3b8702bc3a739bcc703c7220dccb,0
339b63520bec0ab6ec0a53613f60bdaffa903170,0
63b07bdfe6ea9a66a390d387c27f6b6212575da3,0
d24eef19db2f7728643e68c2ffcfb117ef688435,0
adc1380ef08def46b2cc0b74e3fa7d0f20c38633,0
5666c1561187215f91b7c297499b341ae3fd3630,0
b6946ad751d3a938740ce36cc77a9fbc5e9a63ab,0
77db151823d0851ee20223a84469a73d7fcfaec1,1
5696eb8adebee12a3c653a382f9483c99766e941,0
7b2e1780406fe3870c5476465998987f82eff9c8,0
1692bdb6c066ec5d523cbf22de768a0bf09ff91a,0
0f7ce0c15c16a96802002eeea25b4ff5a9aab82d,0
a4d7adab54c06dcf9fc8c54b6844861f8cb05d50,0
2b6b6990b38e4d2301608acacf30abfce1f5a69e,0
ff3d2fd1ffb1490c1869c53e987cd3fe51372e5c,0
1a8f1af55829d52f38e78219f438c14768b0ed98,0
b0138ae9cbe0a9b458057095206e6206a7e19319,0
0d7a29254f589edbb9107bf927941fd8560c5bda,1
9e6896f915654191bc0ad3508f428e5b3a87de57,0
9a3a9755631310ca9130c25174134b5bf72786a0,1
c5722446b9666f65f3eb6857112a3b080bf602d5,1
7482b2092435982f1cdf18c048155b60b423f6cf,0
9e172755a4bdffc83e848c0f90339efae8835425,0
0920d8aca1a467de16b828f98a1c431c253f2cb3,0
a258990305788ce4b4cab9a7a691baa2f2d5e658,0
62fa7bcc8c20c62ed83f578adf63adc79dd9a831,0
ba007e58d4432179fe68d5da76413639ca4a83be,0
fe589b2b5674a62e7fae3a2b3c12863e06d2e214,0
7bfbb1668c6360d956f71dd00af2d6647a7e5fb7,0
44466deee288085dfb24b7418326237949d4928d,0
1d1ffddd3adfcee714124d63daa6288dbb323266,0
522c66ceaeccde37a95fe3c57eb06f10ef4edde0,0
cfa345b1b0cd9d2264a04f21f540d363aba31dac,0
b49dd150fee097e16c7d1258e19ceaa2203ad1e7,0
1bba779a30faec5d14fa3467638af854e264f45f,0
6068c2e0bab53d0dd59903bf4189645b9670ade6,0
f6aa79ea80a363bb7530b4d7660ecfb44abb15fc,0
f1aa079a79d66b83f3926efb7b6f3929dfde078b,0
7513ae3d0109bb79726828c2468b64dfcc8bfe9d,0
c93230b260a0dd446c9a724b8439c8b44d2b8adf,0
966b35adaed58356d57d0b8b310b841346d64f08,0
8fe823d0c728295b5301f02aa7fb2e547ad7579a,0
4e11bb4b4cadd4b7e5514ba5afa137d4a96cd209,1
5dffe763f5748bd22f2940aec18041c9c6ee4f95,1
1b2772cb92a68ad09dfca40625eacb6b98aded62,0
ad8abcabb31e314191233941dc374679d62af485,0
b9a4c58a252658d05a6dc9e2c2ffc6d2ae24bc2c,0
46439245971991bf89f281b518859ab7e262a23c,0
ff0d2bcbb757256f085d83eae0a89094dff2888c,0
7b4ca3366e3c523826be75b1138ee2db7452492f,0
a24f181f482191f159a68d482308d6bbb1106be3,0
5d9faede38ca49dc7389ecb4d434d768cbe5c134,0
95765c5169edc43f2adf5c1a78230b407716abd2,1
1448bca989b85365a79f67932528e88bdc6dc655,0
8efaa66d214b463705ca64c3ebc8d3ad69b91343,0
d980675ece813fdc0f759244d4cc0e4ac71db232,0
761501fb0b3cb554a9e85a743f939f7f006771a5,0
e96f3d7f6a9451eccbbd4d2d92cec1257d9d88ab,0
7f65644a0149700f598aaed59fd70f63fc37a7e6,0
82b8a0fc086dfad67d036fa235f57e4ecbd0973e,0
1423ad702a72cf34a175367915d68e9e9010f350,0
7e26dbf1a9c6c3f81bce75f61293f4d439b07deb,0
58accce1fe331aaf9a5e9f9c9e86b6f08d8e4563,0
2fd55383ad3a45626c26744d3220297410b3a85b,0
7a8c4b9d566c019e2cffdc4d8878a5634435b293,0
cd72af0dbd25574fea2ca299de9f36c21bcaaca9,0
52b199b7e8488d0861f97f47c58ba1aebce9cade,1
bb69e2dddeeb9e74f46e6349d844fdfd5f60aa38,0
d553bdd1ac2a1062330d2ee8596f8968b72ca727,0
e5a6fcc64509172a2317e6c15dfeaa3a57df5cbf,0
610daa8bd7e9c68b62ff08f77207fc3cddfc7324,0
d74313ce094e501ef3647994643803e95d09b2f8,0
4b7ba3a53aee0b230e3ba450e5648984b59829ca,0
2d1717a473ed6cef63ee6a4453ce822afae7445b,0
b676015ada578245ff5060ad0705ae16fcbf37ba,0
5cd86523338ca702c402980642d3fdd85f083533,0
fed4c943707fade54d192d8d87fc31e78cfca734,1
f61bd451a49ad1da745a41d8b21050a243aa8513,0
08e42f05445a09b344cd64320bd1eb891d681a34,0
c6a532eaa96ccf8e31ea22e3b1ceaf6048a71150,0
08389d3e86b64176447e7e545acde02af4c1457b,0
e5343822f4390621d05cbc86589161475ff1a130,0
b06b57d27282a3cb9d7658970eecb32dec88e353,0
a6bc254ae6d53d1759b20b61335a03074b51d656,0
138d215eae53956e1fa8ac4444a211c6b79ed16c,0
af652de26ffb15e256bbd683bc6590a139d75823,0
d2f07cccd442403572987de3833a132c6ce723f0,0
e47445453dfcaedb965d39b29d0f577ca0b3e287,0
91c29ad3d1ccf7549cf8d91f4cc50138303b581f,0
0790771e8a2475fd28aff6e785b9f8ab91c4e2e7,0
7dbdc7c5672f00df3619fc37c8a50f7462a120d1,0
f622fcedeaf84da6c11ea67346a9803fdebc8d57,0
a09522e85c211ceb4c269cf3e7611dae981846a0,0
0eac2cd53697097f6e68f72bc13601e37ea3e4e5,0
77302756ce7a2f21ed31834a78adcb2e043813df,0
3f4b0d34d54a47750984600be0b42de9330dc090,0
196cb6a9b8b2a87b0d3aad2beaa6bc33e84aa8a1,0
bbd5106b7e1717233e2dd7181730e6d0c7e320a1,0
3e872c34dc060542b90481e6a00384ae9a2f4cc9,0
6f526fef9e104079c65afbb5afc37c36137a81f8,0
54185d8f10cc7b1f243f3e16153f28342b27e6d8,0
47042ef3c0829cfcc284a8a12f38bee7ad1554d6,0
dbe9347eaa382a7e8ed2834e40da48ce096928e6,0
9c205c14abbe362b9b1a76cdc5f31debc22ba882,1
0617c6f634a96669f0c204b90d95fb763cde4e55,0
b49310304e485a02ba81b9c843417a1f7441df84,0
5548721d124d6618092b50946cad7d5053f273d3,0
2d8d29761466b2e3439959a1379964c8641d87e3,1
33561f7a94e57368cb23c84f54c8849bcdc61944,0
0561b1eda4d67677e3ed9dfad4112b07067ea204,0
d4b2836cb698cc9f72070278bfb4aa9198ab910f,0
9191cbab6b79c52226227a25e613c63d61201dc2,0
5d5401da26ac62c6f9d40a33d2e6248375450e7a,0
517ba4a29dc1c6584cf94010f1b190168a87a657,0
41466c77598af9d611cf134782d8a4820b6acf1c,0
b6c35686d4b3e7b899b819bb37977865dd9ebf6e,0
e286d4d2c27d5d00d4d7e0cbf3336f73f4849820,0
134abf798fc496f3203911a20164963703184a23,0
1b194b8b965dc637bd5227356ab1cb7b30447113,0
84ac7cfd9b9eeb70270fc1d58269c9f6d6ce2661,1
227c6925b8690cf29aad9188161370877a5c5cc0,0
35aed662ea275735b92ede404f294a402a9d4ead,1
7c01ea578551a791f2fb35b4e04879f6867ad5b8,0
659169709e33425bec8de89446b6263a953d8a4a,0
cf8f7045c817780970f1ddc24f9311b3a5cf41ed,0
3f2e618b9a40fba6844d6d9691d7e5f067d40082,0
a62e57ce0b5718ad3d782cbc448ae42deac82b8e,0
a464e9da13c5879ae62d078f897656b77e16ab34,0
eea4a0ac2fc39cd35b847aafdb8d2c226955e6aa,0
3d44f852b88e241092d480f505a64f0fab4e5c56,0
101f0aa8a36d114615b2f4e385bf8c6f0961d079,0
a9eb9281e88c2fca03f05e2c81f423c06d8c86c6,1
7300994529963a34170864d2305e1a6876d54dd6,0
51e25258b2cf35eec8904dbb6a4186dd181299c9,0
a51d28f6a715bc78383b67f790a448595b12892f,0
24607f860b45e5c70b4dbcd78d677ba0a4f0b350,0
57c38c5c9b705ffeedfc7ffbd8df9b3b826375ed,0
eca2fe607896abb97981435cec9ee35abcc07d91,0
91f423aed2cd641032d0139b9f44981f0c6da80a,0
dbccc3f6e56c16c0d626d81b8741c6c0d9af56bb,0
3983688e0f278aa52d2372f85f90e0bbf276619b,0
867352a0724708bc6afd2d9df5f5b48bd39d0ec9,0
a3b34b30b1094ef1e8e71a4bf401d19f6c2a2800,0
5a6d9eebcb0e278f998cecda1c65fcbf910e0334,0
61fa9701e15d1cc82cfc589d3913029e3f81ca05,0
e60fd2db6b964fc6b94147955d2cf567627c9712,0
84d8222e4e07eb17aeb3b516afcffc9e504bb329,0
2b8103dbfbf6a2330c60dfe346efd4d4f4c8e3fd,0
19e46542772ae1bb18b70fe822a529b02c729c7f,0
e0ca5553634843afa04b6e530dfcd7e305efec23,0
1a3098fd50e2d0fc11b45a1c68d2736281ee7ab5,0
7ef25051fcacdd84e551190f768e798217f17d31,0
72f0eceddf54f4c2811da2acfb55756ac0df0501,0
5df3d4c4a6e263eb4a9507efb402020df4aabb48,0
27ea7fcc7d66424bd7e75c45eecb73c38ec96e62,0
dd53e363685bd40ba8902d3f9e0778bfd377761e,0
fa72e33d56305687cee6c6387e334982f881a934,0
adbc5484665ca2e57d4cc27a6df1abfd800b5bc1,0
9a14362ed7a270f4b920fd28839c3297d353cfc6,0
5ab687b49eb9c8a4506f75c8191cbacb173ddd85,0
9675b7c252a86d70997ad43363bf30fe09ebfb00,1
bd7e2bf3def77e2d96f6fa6a72f5fbba3719c181,0
71b6bc9b416c2547635bf50be8b80fcc71b3da7f,0
2e0c1dd532c841cfe9c694854f5e9450d66da7cc,0
66206da80a0d4d8a2959cc59001f1c992dc7065a,0
b4ca29ad2b7e4f82d07fcf79f6f2042a9aa8540b,0
1d5c50478926f4c944207aff3cf64c7d03c3ce83,0
f6bfe283aa9d1219681f5155bdb739533d6ca376,0
53b9133018f7b9d14b2bc007d8bc04aaf5123ba7,0
b264fb740210b360060702cf50a05a26d6598c7a,0
0e6d2fc88cb6aec2486c664ea7593878e436674f,0
c248aa3351dc330199e0145ff87a5208de73a4e5,0
0df11ffb1aa2e1972501f90a002d12d88ae6ad36,0
3d6705b56528eeaf19d300e4be10962e8b0b7592,0
5762a091b0ff5984ac3da792df08d45e9bafa940,0
11496ae58d278f678d0a4cf141f7fea4f6247a92,0
ebf488de3c94c3d5df308d6227e8920966612978,0
4f1d8747381268aad0d2ce935059c5514eb0fde5,0
c3143386be2850dfb056367697331ae5dc857284,1
0ce6a4aab78d9ee4ae2dff4b92d6c0465c2d611d,0
19508637bbb2b73aed74aeb69380adb81761e695,0
29f24199c9977fb0e7b6f9c501dd1f85690a7936,0
27d1a232eb643795fcd2ec6c674c30b5fc480de7,0
fc06c81faf817ceae4e5afb4371abc353bbfe764,0
6ba27cad3d286337dd6c60ab20d8458318b383de,0
d7f49792763cae4e0214c826614d6793f53d5a48,0
41ff810d1e9973908fe087f8ef004f4933539311,0
480b1e91242c96883d1347125cc7e5e7a76a11a7,0
465ca63ff0f3f8f88a45c39ada31f28856e986d7,0
8a64dd2d188eb9916e8f80bc05b6b80e7e89029e,0
67799d9ca79428573e012ce2b9447bc068313785,0
58c78efdc4f6493f023ab9ef6000aed2395916c1,0
b2f3a28d9da5322cf96c16c501c41ec395c88405,0
d82d21b99ffe7a331c09810cdae4b9ea2d806963,0
4ce8a29d39402d51ef4bdd0d87db4d7ae4786677,0
f23613e12dcb7a5e47b1d15485a2aee4f70f01a1,0
8a8b2866110b2d2cadeb01c82150a67937918e46,0
7f207b31451580b67e4c3dee10adfc3f1ff829b7,0
670bef74b6445b2450071c1b85a643dcd7ecaa2a,0
f5134a0d401dcae8f4a566e0e1c036d9761c589f,0
e97adde8843fd465e595fd9deb7c9bc165d53b35,0
892df4c34e5de74a9e33dbafedb3262fea0430b9,0
6f6ffbf2e5311c19f86842cccee948d12d8734fa,0
f72ee4e45d4a35b48d0072275040cfbafb49172b,0
4d0733a37fe1306656b2a2313f4fa9092d70a48a,1
5fb19d6875f3c8c925ab3d151e5282db9276a52a,0
1f0d39e9194d2d5c30eeb3b8a383bd678f2196a2,0
d7af92c0bd57890524cad7799d7d2f4fcf61c35d,0
765e36bcf9d593aaa9ad42e58229cc6e6a5e5f88,0
fc31aa8049d55f08d8f36d6ead3074069de620ed,0
ba5a9bd95fda92f828c60f2013086fc3f86f02dd,0
038f17c255c364d4e577d05322e980967d02dc6f,0
52bb270a8d7986cba7a2b2735b0208704c50f71a,0
f79d8c0817442ac812eae5ebc20eee779bdde6f5,0
db82b7dff12c228ec92a76e664d664dd288adf69,0
44bcce4cff9ac2481d8ee539bacbd2df1df60ec9,0
61d4ba97ef481b2acc4c56cd0c8aa13e6bc44059,0
ebcf1f42462d5279ae2c2679dace51a407b9e993,0
f188feef97b22275b274c34c6b602c63cf1bce39,1
9ffe5d7cdcd61628f1045e765dd2c30b08090f0c,0
b9fe57feb8fb2aa759abd0d0994052b843bbcaa7,1
9882a8ae0ac1185385394ff00c1c4bca85687a65,1
a016b10252f0ff3a528fc05aaafa023870b449fb,0
577b2291f7b0029ded91a2db71b46106ff9cd0b9,0
e0bb2f993697b29b875935b35a2ba304ef56c304,0
abb0b63e175da5be7cc4768b3c58114d36fdc1d6,0
5ba42fa41440e5f888397dec4f7067b7b912385a,0
fb95cb95b62c08eff64b86505a168298e77e6334,1
23192eba4171f2ce7afe14e5e363947673b807b5,0
7074968c1a2c2f20a7320942883f7815f06688fe,0
79965e4e9c218ac16ead5f3dac90f5db0c68a1fc,0
e1166489166dcc6f2b9ef5baba20a0c0659e7c21,0
160ad960ad94cb8194cd333b521fec921647dc95,0
8e2c08c7e196b6379e4d14c13091b04571e3e061,0
49e3a51d17987330ae567251926f230e2577f431,0
b24a0524981cca88a4e2f04615890b230fccfa6e,0
a556e6aa4d222fb7172b8c832a49e99a50b9f76a,0
d642feb29fddef6a4395e8bf3740d33b376f5fc3,0
97dc930202f577e59076459db7e377e89a16bd45,0
0bc04b2fea61152cac35389ba95f0ac4821acefe,0
5ba68acd6cd34e65b0fe9b902ba2034f73e5e12b,0
65c39e62e87458f8a96371ae4cfb6f909808ad3a,0
6b872ef6af81e787cec4ff8404d14c650e344574,0
dbda7de1fda0dea72f388df9e44512a7911adee6,1
69db9ddea70bfe3a0ad785636016aceec0819a9e,0
665c1de516ede902784b93020963f9176fe39156,0
3f3bf8b78fa359a1629a3b407a8a2d34d1090c6e,0
76af42ffddc7e7210c66e1b0735f34d8b3cce6e6,0
122077f2f27fc47243faabdee516efbf0a0f596f,0
6caf8ad2771d716836f27fb2b08fdf3ca238b0cb,0
a67d9c41edc7d343926986a275e2d411ac4aca94,0
b56c787653100f52049c9d028c709f5d324049b8,0
598cd37ed71e25e2c76bbf39836c3bc1f93ea2f5,0
2c2de97f00e7bca768241129aea2057caa49d7bb,0
a38a5360663556f8247609cb30bf53f042537226,0
2189ef78823a76c3ae638e4e20bb82b81a9194e8,0
27158eb344dd7db2e9c324cfd1d01d81a2cdc14d,0
7789497f8fe70b61e19f00c98553f9eaf83d8181,0
727a9312ad9282b51be04baee4e41cff43580b85,1
e98189b578ee4e46fb915601cb6711934f87723c,0
8c77b5eb9284b802ce88ac743481eecd877462b5,0
21a5e90ee70c651592257b6bd4bf3025f11f2f23,0
471522329f102aa8dc9454bf2efccc1eedf88270,0
f39b987515611a0b927866fa5dd48e1360c34cee,0
1880d51dbf796b65e02de6db8750e44900516eb2,0
f43f532ce10010c7312aa89699ac8e9439c7ec8e,0
9289d697ff2f9077720b0b8928c5a22c295e31f1,0
86fbe02355ee96545b86edba2daffe32db3d605a,0
5db6095c16705dfe12d66803ef225a46fcff8fd3,0
0965dde658fc65c1577cdf6577f340bcd591e324,0
279e19ec6d91cae4ff53493b367c75f5c2a44128,0
293c2ebfd1570254fb98a5e871a57e22c17e2655,0
c99fc5ccbf06a4222d347632448892a1d67b214b,0
0b419c090393646b6249121df8bd5c76087cc639,0
e53d7af7c0bb1da01330b351e2f84ed99d778495,0
fbe14ae1b153bded0b0ba20fd080ee40cda2203f,0
aab68f2d43f05fa0d55718650b0df3beb72bc9ce,0
bdcf5a76825ee61c98a724f46ff25de254040368,0
9d928f571b06d8d27178d82c8cec58cf963e588e,0
f5b6b13ddfe61acd80f93579273eb67668ec394f,0
fd7003b6b245105751cef14dfcd13b62fed307bb,0
768fab9ddf33a0ea270097635e5a275f1fd7b8eb,0
edfdcff05ed74df034cc3186ef4139a412c407e8,0
3b0dd0021a7255ddd0fd03bb6b1b9ae46699d6f5,0
d706ee1ba4332b55f84cd262e3a3eeb4702d1379,0
7d100c6f0ad403c1ac9047dc16a23e4c03a5a993,0
4d0cb92c46ed57e07e6cf8eba7afaccbde7bc4d5,0
67fc3bc2ce3ad3f7d659e235f3e2a7506a136e6d,0
1564ae038f254597b328002588ed1fe79703552f,0
fc2295eae702ffccb0c474a3a65fcfa4f0deb926,0
80c3e58532d4afd19a8b245475f9018c8dd3529f,0
a60853220be3487a522a5a93da61c4f13477a49f,0
33d2e124bcafbadc3a258bc6bd4f20fe6ec4ab40,0
a05914ccf72248c2ae24682c8ae61c1e4314c92d,0
2f1ee54cf36b08eb9eacb8447c3ca7bf48188247,0
f76ff0016d498b7dd2b3145f5aa29ec4cbcaceab,0
d937b9a45d968a07b14185d5d632490c2698b767,0
bea69b8603a3139eb7afa417ab07267030e2b48f,0
91a59f5a3e61f358d5478e194ca926957e774b0d,0
cbada4c475b09c7ecebd78530118fa84fade67b8,0
2bb5c43bc755f560682c8905eda6349847856a5d,0
6899ab08b5fd20dd3039583696168ad8160cfd1e,0
f4b89af523ac796af923c4d91f54fe831ecfccd2,0
fe62aa64c45b6cdfa606bca0345371ca77152b36,0
a1a15023d7ab0c678c7ddd50ebe0ad125a361cbf,0
21c00539f643384b789bc5046b471b02232908ee,0
10f8ea866ea149158224ea47efe7e96bab9b4c82,0
0b6aae232fa58ee70c51c5cd613aa9f8de1d67c8,0
52c18201b1c52128c823db9f7c4888d854aaf278,0
25f8885dfd153c68314332b4f3e82da300dc4868,0
cd26c73d1aa383ff39d802fac12a132b0cdbf887,0
f10402b40b21c28d01c0098479341d67a3a52424,0
f1f71d96da46d75d09578fc2d71026a78f3e8369,0
3f516024dc9cca6cec219febf3a585cb6f8cd547,0
8c12117a787ba3d817c6dfeba8b3cf214fa492fb,0
d5d3e5f34c01116cdac7743e1e9775b375dfe3c6,0
04e959d7a3f846ead4e49c20c2f671dd790b292f,0
a82d8405538be29c530c97aa7bd50c8f43f001d2,0
02446c837b02d3fb9f6b6a51d5a3454ba3043992,0
15f936472b9382b1a3fa9c1990d4d8474cc02e46,0
42f5f7ce060125b141bebd36a15fdb865cd7fcfe,0
a15d5591c2819d9df48b36ee31f436a3fb6ca0ce,0
917617474227a8b8db611bfa9bc4e5d1fff0b402,0
3e50144c3fcea27e38c1538bf0f87798c8b95d8a,0
30587ebf4adf5959190135a7ce9758f424a3545f,0
5ad7ff82530985fe3689a502018805f68356da4a,0
8028cd4e042c6e83ad726799de5111cd39f0655e,0
463c76794a4de38d4e3093f505512cc414270cd2,0
1154e857578d119a81178ad2d9edf3d1c2394532,0
8a1df57a932b75f1c18f2191c0651ade209c18cc,0
b76d329d296041dfd0d017189737fee3bde3d379,0
20b0a834536537b444a5bd05a9f03111d07b2fd1,0
08d744b4dcb8429d2ec61e3edfc3c3c8773db0d8,0
0e98056528161e03331e1aeca1e2a1b1ef1e5fbd,0
b569b8bd0ec67de20803bb197c490555a01f6bc6,0
c11848d2d53a390db659691443099f22c11406b9,0
57709492951d53dab010c3564707c1187886ec15,0
7bfc1ecf7f3239204359d9f3e26ed077a36c9cd5,0
f44a9f5b71a2cb01c490fa0066effa4ad1ad8fbb,0
571947e0811b0977b4ae51ed9d2fabcb96298945,0
f75c698fcc243ecb720c7bd8a625d3e2cf562eb2,0
634486601c7a5d33a9dbff8c3f33fcc4f6e5520c,0
24d4afbb5bb881ed13fe38d68ec7e16ac59cc12b,0
36e63b800bb5eee0b65b5f0262570259396c4a5b,0
9d61d48acb62324105cce7f4a15d2972e8261caa,0
69da490de7d59809247d6d04e15b5c2d13642ee6,0
77272d70b7a5a26e128f1c81e4ce6072626dbacc,0
93267757d3c42fe5e4aed49070737136126e1b5e,0
00b9e61c61bf90298a4101fc8abe956d3e371055,0
30c5265b3620cd4572fe12676aa12dd3953686a2,0
b4820a21d40965085b08f2d04c352bc2d92f8a89,0
88d21fdbdb78fb8971444a36e35cda563794a182,0
bdc863c1eb6ebb60837aa315a7ada3dd47195ec7,0
0ba8bd131a421f9dd411697d39702375baec7d78,0
352555b2095758cbfada99a1c19edc5c15985591,0
d7e661bbb55c16bb231d9ff81a0742a0ed888ed7,0
22e47eced69258ac066570472633f8fd8cac0b1d,0
a63b28c71f7d185c4492d083a4bd0fcd78449794,0
f63660f2609eb0345d8fdca3d756603c8c99d96c,0
9a60f12026132f98f66247c14a174dc7fab8b184,0
5b649f71a6f0cc3255bea9e5333ef9a6229d501e,0
417e1bf0d0f831bb37fe91a8f4ceebb6acc8af35,0
321eb4f614d89a09b576f35525a201813b6f549a,0
9b35e3a1101ed159b91bbd673a0fc0cdc920f259,0
d26181f887a6084fb1f1f7f596c0d8194fea28c9,0
40ffda0dd6ab8cdd1a2640aa7482d1f586c1b5e3,0
d43abeafa96f2ab32569ab6bf11b20c5c61487f0,0
e424e328fee8fcc1c8b733195e45d9fc7a05d855,0
7635cc0142b2afeb2030ebf4bf14f66e3d44ddcc,0
85b7e487e7871625ba2cbd349d21574b6ed5e529,0
2a6498910a6e1083747367d087dbf0daca8e2bea,0
aac9c2aeb8534dfa9bba7e2d924b2b86843a021e,0
983359df9d6f188f063120eb6cf75d8283a1f4a0,0
661b79105a9cfcc52fcd250c22a0a0028819d2f0,0
7bf4d1a97aee79c6bb5c442a7fb0a46a9a357f12,0
863f3c701260832ce8fafe55d1a7b379be3c8ebd,0
020bcc9cef6c6ba772ee0cd116a120ff662ccca6,1
5453096d8c40c6d9afb05da6132a759e84910d96,0
f05fbfa27aeb7a7dd2c1f366e5ac89732126de3e,0
d7d270234d2d995838acc7d2a584d26a5e029b35,0
abd9ce446d471ec18b01c6c600375e67bfaaad2b,0
6af8ea068c32d725d872ccb3c39e055399b4e097,1
e337987f65d5abad1d884b40f46c2bb14f95f493,0
749574c7b8f31699aba756b3449ded9da06b37cd,0
93b64e31bd8468e3577a500bd10f25dbfdcca01a,0
5fed4a6f72de7b53d77311a534ce9997b019a6d1,0
387b3c6131a7fec336957d814e92c7d0dca6af89,0
6a0bc0c97d51b77ad8af359e81ebf7955fd8bbcc,0
222a45893c002a77f4cf181517cc428335394d34,1
786d92b14a173c7d00d9e25ba866919bdb90572d,0
2b870a670b3114136e2143dd8c4afb9f2939c7d7,0
8b210ba535ace126de5af82d4b97beaf982b4e6f,0
f6c76d776df35a48cd20ac11eb9ccb9d664fb0e3,0
1fd0de222395713a18df732e2402ec055d43e79d,0
75a9b1e1ed179e04ba54fd5816cfdee7eb56017a,0
775867724297f31dbbf1f9114f1f28c74a5ca6f2,0
485e0f2bab5103ba04b23cae60b310ade31678e6,0
8d38db49d8c9cda17cfb7f61e0983f58828bac09,0
1efe567eb37121abf3d5505c09be046a7c34d7da,0
bf7c8bcc896adbaf77b63f07cca415ce8f481d4d,0
6f6d1e38817759a9562f8d1f05609c0e294f32be,0
ee74c5af33f2f25d1f57854d564ce0655534756e,0
f24c0fd95418dbe2a271fd8e9b3132258d9c84a2,0
2b503ea83294dbc7cf95f5aacdffc184a14fbab5,0
1e90b7a3c0dcf2b4dbe02e58a31b0075352ef7e2,0
708727771df57a441b767b57d80e23066293cb08,0
a0227a177760cc59f9ea68d377d0344fd40fe069,0
499b49fb31a0f130076e2d1b7acc1b88399cf2d8,0
e942886353d7a559b2a414613ae8ac7c6928d0f9,0
f851f5e74b6aa31ce2d59155982d3ce509387503,0
81c207e943d7f2a01e23904421dce576ccc2c499,0
5a9129d4681995e6f3a3638830535945be6dd5cc,0
95ccc6bdf6a9185495c66734d1d309f80eca4f2c,0
beaf5cd377d5964f62a37905a4675ad8796b8316,0
750de881b8975a3e0fd5ab897715a522a604c313,1
b7907379cdfed73549eb329f4a14b8e00613c386,0
3fc50c7e04e92e20fbc1cde1e3dde9120c419020,0
e481a91f9505c5007747cfdf4a993f5f09a62e06,0
c791cc667bb45082c5e90e0a0170d5b4ba996b92,0
b0f491746d4aa28ee2752ad8ab6475f1a9ab8a3b,0
eaf27aeedaa33de8930dad58ef216b3dfade8980,0
f0fcd8cd04f52caf4235598aec412d818e05ee32,0
8a95c65cbcc382cfcde82b88d97908293abfe232,0
c2881f2d1491839621dba1dac0d61a0f49123c39,0
8a3328b1309584c1b7de5a61d35919ba6bc31464,0
7804b13f0afd7f2275150284b02016ef888464bf,0
85ec049b0cbfea355c42356e557520da67c346b4,0
6229a6abd51fd4864a4f709a734640b5841d68aa,0
449ed1f83e9c7543e9c177a35da2a321f1dde9f1,0
6c545a6672cfba8beb2b41b951447c54e9fa55ae,0
0df3939dc4fc9a73dcbfba23dfb9c375a7a28205,0
36a40514afc948772c07ec8feb8f5c04a5948561,0
76b44c1a17bb09eb45d9d24a9758cfdd2f3ca2e7,0
5d4f17ecaa42594457589d90d7958367a6f34aec,0
845090c86aff05285d1fc2d9382ff712b92d9d87,0
fa78faf4c9d78d6cd7bca5ee99b318d7e157cf48,0
bf088ef50a3242553da65a9eb63ff8c977a50989,0
2a9a1191f7eb817436a57210f452ad7056cad0dc,0
46d62e558390e1b80d72d4841368a82d9f4c679e,0
3c3203a87f641b7fc8511baadac82a6514d4f533,0
48afc1b2e79744383091df7dd8ebbcb3551f4db9,0
999b13f29cac7d0f6df450d71e734f6366efd7aa,0
e98eb8864ce19173dc5948204ef1b2eeccf0b7c6,0
c8e85661f51f410f2bedf86ba3144a1ac618316d,0
13e646ed36fe943a0e9b84d52422a4133ed3d0b1,1
b2914e692d19c3b12d9b7c720c467428ae16a592,0
f93aa30a803cfe36319fcce5b1746b0bc75b3b06,0
0aed63e1e8fe42407bf0ee2b4abdd17b13ae3b95,0
539ece4188f89e038717e3a5e159686d31d481ca,0
14421b8d0a3ad5648e6dbca5d0525bbe5d06fe7c,0
f14ce962d0963fc918ae6ab71b6cd9866236c0ba,1
9601aa1c7bf95b3ec1ab13103df6e3438c325abb,0
be538a194a81ccb3e966b3957e5a966431c2ff59,0
3e66ab14919b7201556869352d8e8f5909e28b86,0
fd4929c579ac919d4d86e6487b5a0b3c2b9fc9bf,1
62f3b7046bc73017c62ee2330724e8fa61c97fba,0
3f7ae042cb970da4e0c2f210d9546a7f0c26af15,0
85b4e6ab23f1992f2a1388c240d09cf255357afc,0
b14792312aeb0268c814728ca276e848ee8da1bb,0
4006db7ef0bfef3d77187962e43e665f89f90b57,0
eef8fc5fc6f6523e3144bec912b043e7e70fd6a9,0
977db4a846919ab394e87469b10219566d0b21fd,0
75e3a3499fa4e7da6aed20e7b8c19600ba5faa57,0
7378b6baf245ac72187f376e8772f3f19cfe4fe8,0
c00f8b0ecc41f40dde3177b837e9aa80a6eac28e,1
8942ff2cfd56b4c980e6e6ea3f1eea5eb8f78a55,0
dcdd95b79ffc733bcb4019ea1a2353de57d36c62,0
984129e7f41140f9f4790cee2a062c0ae4827eca,0
44f318a3f43cbbde7d0970a543292697035e9d71,0
33e4af99f28941d0da4662dc4e06126816b329d1,0
f3715a4983066bf292c56e10c5eb269b99b1bfb5,0
dca550d90afd0af4e56a30245949cf6904d9f9eb,0
7abbe3c09749797f6f38414b344370f4122470aa,0
dce9ac89a44e8c9db9ea313760bbb9bcdc5bac9e,0
cc77a0e39b3a2a7d9dfd9d5c8713ea563ff3178f,0
d7ed41efe2600094a4909e4da8a0341ad56be8a1,0
3d78ca892fce790e8b30a68dfc3b22009edd42a7,0
2f4a2bddccb1a039f3b441ddf4fe11871c5b8012,0
300c883d9efbe43401e12ebe1067bac7acc1480e,0
17f496342ad4464b9bd538ce1d3db678b1dcdb90,0
a3f01abe2a4d3066c1c88d7a64e498e727daebd9,0
814914bebc1830a5f0d9adade69d404a3a8836b2,0
4179081a04c319bab9e12749af7f59854acb62b0,0
4765b533268a79c17a34102872f0055b334a9e3d,1
8ef22fa8af49e23bf706fb596705b923a855b0b1,0
064391c6dc6409dc75dc645745c58d4c301f9241,0
e7017c6b610083e52d14d1dd1927f800d6b3cc70,0
3c04ba2dec150ee4edb67d5a26c963fb8793e107,1
cdfee40a04602f62559061332ba3202273c0e4f2,0
b904208553d8dcba9015fd63f5c1a8d7077439b1,0
1d0dac7b48ec6f2f51b263daf28f26e25c115da6,0
c0c97a7e55bc95a23af8170bc6f4fe4ec08ba1dc,0
c2f627d3e04d1045b31f8c9274587e1b56a39ad4,0
69970088a9bac05878eaf87243244ab042c6e6d0,0
354ec8ad006df75e0fdc421ad99d84982d360bbc,0
7e4819ea3266006c1025b36fce7f473e04126862,0
7df8c8277526cdfe12b72098ee4c362121b81b88,0
ad57d227b4682192d781c21f5a7fcb27ca3180b1,0
de619ec25c905c0f9253523f2a88aae0a9aac74a,0
346ad4c23713ed0019edf5e147aeadb06fbd08de,0
3e483a55fedd1d88b001a2e9ec7dca4ac6ae4195,0
58b1663d3661818cb35cfe194629a5ca301675df,0
c04592d6ec3480637690f5afff671ce810716064,0
5b5311e42ec5d66d990367dbf5e7c3d6208e919e,0
60104dbf25eea74c603750afd10fb33b57013bfd,0
ae5bc31ab577aa8b2977768057449c66bede7d18,0
0c017749004a177485cbc0c995badf04b9430c3f,0
3c972c8bbb92a49cfbaaac2ec25b7b85cde75cfe,0
94cd719e6e24d1dd224ba94b1702e7ee5599d658,0
2c0e8cfdd91261c691e6363218c48a621f92069b,0
4b71c0883842b92bfe93082428378dae599fc463,1
6359c96dd139ed8411a612e9a73ba4b8c03d5f34,0
9b2bb0686611e69fef26c5be0c6a9eb01091d5a4,0
902892697c798e8f7bdef17bb7268f21c6c9a1d4,0
ac51ac65a14074bc7a46be1c94177fc69f8999e5,0
6819b541067b60c7fe76309602937c50503da50b,0
953d68acb88c13916ce5b0d0cdbf129eb5145f1b,0
95f59b79a6e4a06b67c668996ffe163e9ff98bff,0
af09a09e13787d26bf0c084411562bac4c7ef6a0,0
ec724d084b1ed323732e7cdc7ab9cb6ada41be1e,0
78efc70ad0c41ca6a657df7c13f7220f3c8a1a13,0
9fd4d92bb3b4da5dabeb53c15d743cb14323b8fc,0
675893019409b7b68a012da4ef6f332beaccaf47,0
aa2391f52c79aff92bd0037ad58aebbf7ab487f0,0
d35ea21e97d366e01da20d774c0e73a63caee6ec,0
364efee366e3be3a6cf4aedeaf08ae7df1822fec,0
39eff1d45d14adc188a7bea58d793d64565eacf3,0
aea96193dfeede23dd612fea73116edacaabd100,0
7273641911e93014ed49021691e0c073a2e1b6d4,1
d4fc9fc36dc83d2cb12ba212b85160ff134ffd62,0
1fa8bcf80c8932d9c600f51e212c143728335695,1
46c1eb04aa8f4ce30f1f1d8ae0de037e0c9d33a9,0
30dc15477b2eccf4828cb3bc410f3d077f1a7f3f,0
9fcd5c90bb2e9473432aff562f9c1a29e0f281cd,0
cfefb6d30bce2f54e4752a16b2da2c712e33ada9,0
eb7084a3018175f4bb267247960dfdb1de6a28f2,0
383c5e175de7c5ce5c4758bffd47adf7c198c794,0
9f3d148d8f448611baf7130315bd03eeae05f3d1,0
0d99d7bba42db52f5a286e73537aaea45e73d95e,0
cb60cc5963bff1154814c76f3657f0966ba1eb8d,0
f825b8d6ff94fb47130b1513e2e7e0309090174f,0
f22665652d9ebc549cbbf519fa912b71df2c1328,0
c93ee2576c586f44b285ab69b6950f0b059f6472,0
36bc518a6087a93e68df3314c0f34a75e5861b31,0
13ae739c6f077650f5f5752f9682415c7a0161fb,0
7d1cb824cf8de4013075f8e57a15a2e9b0e333fe,0
6c9af4a89cab2eb26c18c96219c139b875acf470,0
de900822fd6af93b1e1da47f0b464544756c59ad,0
800d202f5a05e9dbe2d37b78ca7a6ac6ba0b79eb,0
f6a16aea875ba3bc00e32d26d8c086802ed31dc4,0
1ce225cc6bca1689380acfaff5ecf0e651867c8f,0
923d4cf338def824e73b32f8ebf8ce05a3a00b60,0
ed6397898ab316fb6c1b524807e19344117e2aba,0
9b049da9ba1b6b1896285447a17b391c566e05bd,0
ae19c4ef670f7bd2a3e00171132c503aa75e4a26,1
ace37599170c4283ac5b444f57f0a4db6f8ad793,0
a9f0fb6c71ccb17f64e98599d7c750716b893072,0
4c284559e314a03aaa24868ad4f4e8f42019f1d5,0
df0ac119186b71a544f48b7e6daeb386b9abcf65,0
cb4d19442bc7f2e4a809c8c3bc245bf8b40aa17f,0
d17b4341f8cbcbbe23a5f0d971ab39759c02bb95,0
01fdbb68af29d1077b23d58004860916c0f36f08,0
15bcfddb556111cf163c62df101ef365316f921e,0
5e378775c2e0abcaf00f7a245de7d8d2fb040809,0
e886c43c94dde8f9faf17389f263ac649bd5fe8b,0
b1156c5145a2d3c59d4ba2987cb2cf392e6ccc10,0
d1f825f13fccc8506026ac0c2f4d53e033e959f5,0
5a352e7c6117b2de06c9b18a4e8f30f21eeb15d3,0
b7dd2d480f85cda4fde6846232a70ffd6d0aa0da,0
4b85b739c9a88bf807ae4927ade32c777072eabf,0
9e006f6b4910365e5bacf97595fd6cbe76900ff2,0
98893bd8adab9a8d8509b0e638ba8ff12f4fdbe3,0
af46b11094770279a62d2a7c5fa2782bf2f789cd,0
564ff4ea726041fadca9d7dc758e797113966a53,0
bd0cd2ae13f75255eef63fa52c6c00434ae5aa82,0
dfd9b7467dcb783699d9de035ad52f1cd77426e4,0
150e457dbcf38d528c46ffe9f477c4eadb58b5aa,0
170e65c94b21530f1bd27d19d7fc701c321fbd99,0
a4eac00fdbca3a8c27de89ad7dd5d37138f567f2,0
8349915240fa1248f3296499286c8e8b511f8afd,0
281712f360c5f473e444ea9dd4c0c664890f6b0b,0
2639f145f8b4c408c56c41160b43c6f07fc192e9,1
28178dbdf2fee9aa47eb121f48ac5ac817c515d6,0
d35ed2db127f820c236c89c98b6691d79939549c,0
8863679955f02d177d68776170624a339d7e60c9,0
1f340c1ace97a2cd01f4241c66c7078edeb0253a,0
b02e1059b6cdb02f92d0920a7ba5450e5c8bc2d3,0
8062fa787154ede81802ad772ab88b90ee3bdb17,0
0149e7b0197b37af8b43904cd1ad37d07644a4ef,0
663da2591a1484aaabd5bd8b3194329c553219f1,0
f088c33d8cbb2b64240bba7e33578f793129bbff,0
0e84bfdb524a83b7d6e294d9268552826892581c,0
a133b87fb8482e50300d6c985388a77bf8f291ff,0
b4dc373817e9513a6709573f43b83fda6bf4dae9,0
eed3ec6437987ddaaee253a7d48850df950a4d8a,0
876d7d88ab294c95be7e5a37e5941cffb680e27a,0
bdc77b6359358e92c1a2594318e82f517ef6eeb8,0
3af95a04e36ff2618d1a08512bdb66c2d92529fd,0
c3bbda0913201d2fc341d399fc034a7158bdedc6,0
b4e4380d74e56a5d905357efe55729eebad23e85,0
4098b7ab2649b75fc3c12c67a5d15400f38d0bec,0
abdc1f6d37d39db49fcb2a0e748aa163fb90ce46,0
bf91abb912a7461e0cf1acbb0c6130dda6c377df,1
03a427d1df86472b5a1c24af32136ba05813882f,0
59abf474fcf9987b9368dc89a29ed1900de91aa7,0
fe7f0154912d41edb079dc00a17260adcdd75fa4,0
7d45f22044ada2084648874e77b36e8959ad2aa6,0
b41d9b80524f1b2b1ba539361f80c6e28a9863a1,1
0a3d1699d5db4cd0fb444929c000c5fe3382278a,0
b5b2676d65e943e8a43a80b6d145719b0d8d6a3a,0
0758cadff564e02cad57391793531f191591df7e,0
74cdc4bcd3cf76d066023a8696e9554aaf6d621e,0
881914b03039f01c9fca72b41b8d22270f379bc2,0
cd990098ee19e1149f41c1edb8b8d4be4e9d5172,0
01a80ad08a96491c40ad4a3b3167b3f6b6463994,0
5cc46235484c27ee062a47609f06f2593016d063,0
bf11a0051900cd88c172632182d03ae25ebecd8b,0
8196ad2257fbbe008e4517d7dfecfb8ad1e0bb46,0
2667596a719a28e511ed14f4018f3b529647473c,0
3e16097a16d13b9f44742cd7d206a0f410fa9c71,0
d7c4359f577c2f50e3273916bc99a41906da0d26,0
39f274d6da665df29d5d99c4c6b8369fb0975475,0
e772b9e3b3aa8b6b6f11be32e2b8e1a462689092,0
3a0bbb9990a1a53d078b813be535711a47839ec7,0
801c857be62dce4af48dd3988b3413e885473fb6,0
0cb80520f1124dcb55d101e5836a0d80787e90b9,0
6c74f544b4f2ee9f4e7ca98cf48d779f92b502ce,1
4d8cd1a71efe51d07e0feb22883725fd16839d92,0
bad5428446f5901b514ee64ff8cb90fb9bf43b09,0
b92c277fbcc49373f4b56b1caf18f80bfd91c5be,0
88d3f06eb2508a2400dae26f4472fa6e8cae6c0f,0
5676a60da009d060dc5c855007eee542149be70e,0
43ed15ae4c7df3347bd262be8f49fe38c2ddaadc,0
7da5692b348913e8ddc8537cc0a6c9149651a654,0
91e797288fcf1795ff8c1dc160ddd3dcbd4b5cfe,0
4970011b88457223b1e9205a1723cc9f714e9f0b,0
04860c372df207cf1c51b6beeb4906ebde354cb8,0
929ae266a4774cf65d1d6d247ea20e6857d875d9,0
3b8b5384ba5ff4d0cd09016dda743be0d9aa7566,0
e5c5bf03df4f076b3343d3005daa052290c12394,0
aeca689b00fa052603ff167dc3e2aa7dc5be5fa7,0
66a2422f37173a04a925fd076d8aa77f1482263d,0
95705e78ac7ce626e8c5a5f3304372b71aa2c0d4,0
d694615e08d7d5f064e487596175fb03d6180cfa,0
a31cf11ce121328519651da3c2a5519027f5831c,0
4c136e4bc078ef18ae8307e8569a86fa5542a6d1,0
f410a8f2606a90dfd2c87b1012db5148a142a1a1,0
dd99010f16111fe48c2c460d47a87c72d5940d01,0
31c2f3f48b5509a376c5f107866ed6931728c4e4,1
4e46db8a2d8ede80cf4ec9cc92b394a9fd0f268e,0
c1b3d4499f49f95f235accaf2d4142c6e2cdb26d,0
b428370342c318fd80399e30c83f1cff1555cfbb,0
0e935d133df5da060f3d366c4a5ccf42ec9b238a,0
af386fe071eac365f33f58baf55c985942cac7d2,0
dcdc9715487d3d41ea74634626d4114ea190da5f,0
f71a725bbd5eecafff56f262f1ffe4a3b9e12cbe,0
afc648e1cc71abb952a5744f5ab1613e1e3c8885,0
cc115768d65ed3a103ecf5c6b6555d164ed978de,0
e86db53bc4f4f719f5c112a1c05e1b2243f70262,0
becd20c8eae145e884a52d4edb8bcc7cd2ad4e9f,0
befd18c081d95bd73b1acd397a1d2073b23e4279,0
9af7c270666f4e68bf8139f746116f0d3799da0e,0
3155df389c2b5ec4690bcd4eb372d7ec195dd305,0
b12995af8f5ddfb35d680d6adfc99394d5ba7882,0
3227f82d23456cbe71f82c38b6b09eabc8266157,0
ec25efe696caa5b6aedfa0e1cb5bf6b3c479ccbe,0
e5eaaea0a8c73c97aab9b238c040a8ac1c9bdffa,0
fe72ede5b189bced2a8de932e5cc28b461ac4d25,0
7bec103c801210db398829544a29940338954ee0,0
8d1b4b0bd117ea722504bd9ada19df82facb98e4,1
f8d4480c27782eff4624750d7e54f9b497f8e831,0
33874cbec9a135a5097be99a65061c570da30bdc,0
abe54aab5fa5486c9a0619b07d213e184a45c293,1
7df890563a94fee4a4efb463c5c608e0c501ddc6,0
798c1be7e55cc38f1b5843563088c542d687a4c2,0
2b0dedbf845ce1f59c4b2438ef3039a0e0b00f75,1
6dc845aacdbf2b758938fe14373ea62137b2e02a,0
a8514164b8c5eab40cb5cb522f97d59f6e397aaa,0
b21468af2a9dfb76035b5be28b5b724aaa58ffad,0
50067e65198f0ec591cc4c799d7c66bf0f6d0aa1,0
2cced13be2c31bbca42e64f4d3b1ba743eaf806c,0
931d43706d4e0bd9365613412ff0d466f5ad7354,0
9e276c7b3e34cd18648225bde0d4f98b0fcf8c13,0
c5e1c7f6ce1d0379de7d659d041907fcd0df0aa2,0
391b5b2a8b57c01d20220ff7328a7128af5f9818,0
3d951939137c88e530830c805a1aeb594ece2a42,0
9b930c78ba4ab155cd3c831e7b4e52b39ead78ed,0
142c16293959b1948a17fc5efc42f61a2432f212,0
6740b5317ac33854c2ad84c1133e920fe01bc8af,0
6bc4789fb2b55298195fa81df7adf9dfadcb7e4a,0
9690eb909b649adcae39e1f49aee8b971c89290d,0
a40ede64a0dc1c643d1da99d753363c9fed85642,0
03d1890f03c2c72b9d0608e67d2fb29675b3a892,0
98e9a9300b5e8946d937b1ccbbcd0da07d005c99,0
c50a9770781d51627a43771f81bbd7cfdb17a726,0
118e738f3a8321a3a9e8aaae10b34da33ea9344f,0
36aa505b1440859b59dfc349a75201c95b6ae868,0
ce9141cab6c719062939f8fa86ac9b199bc021a7,0
0e55bf91b77fa411a64756e6b06cc7ccaf07f8c3,0
6b4f027dd289f22f83b849be0c02372fea3a6d7a,0
4bcfe2365d2922348fce0a73f582fdabb253668d,0
8aa887a01285151e39f1fe230aaede5bc9979d11,0
19220ea271f63411a400ac1aa87c7da9fe9d0ec1,0
ded60554981fb447fcdbbc6450f7326656a88001,0
12b6448411b1751aac08a7253e1231cf16bf59c2,0
7b7f76d7d5d1777d6ce6c2f623102d2a888a5e3e,0
8b1cdc5d7f89cada41936dbb92d7872c9d71b391,0
1d3fae9eaa435ed0fd827d3e3076f212f552e720,0
b2894b25a5fead08bca6e843e968308476146b68,0
304c4990c8e1e279bab0c6ffb35df444dc858274,0
1001f81031cc23e345cfa2113262ed1234725dc2,0
ba185df8e9d5836dac2484f978bb2762507afc8e,0
1a1af94a54fac1512c03e047653aa782ba1b6932,1
f1efa4248c9835d8fe8dc5cbbbddbbba5fc76869,0
ee2098c558ba163badaa8c571c43ed6ec4c52fea,0
0ac1ebc689f57a2c47ba26042a46bae3c39580e3,1
57165594b75a3f26e97e8fa7c67a8d92296dfedb,0
bed0fdb6d7bd38678d4d8b3cc4f9406dd9d3a735,0
964051f88a3db555063c047dcf62ee03a8e69b3d,0
f52b2eeab5d8de46e6992dab05d9c997d3b3f46e,0
3c907059c8bd7c3e138d6ad684911426ef4a7644,0
809ea4b00df9170b2dfe399e20b2333f42c3b63a,0
157f65d03cdcbfdc42c49abf201d560f56cf296d,0
43d4d89590cb408001c7a266bb8a454a51c3c7a3,0
d9e26c936d943e187975f590153056c6b95d1db7,0
2e585eb6ac5bdb712ff6609332cb65da1fd303ec,0
ffdfeb3fe453d51df49bf4d4ace71d4cc76bc1ba,0
57c20c27e1495120d58267ac5fb49f3c6a91c802,0
8bb09d2ae3d2ed54d86fc08b423abb7eeb36a226,0
bb87744f7323a32757f7ccb45e8acdd414ad65c6,0
9dfb3e5d1bd77edbb7e2736dd3f7e62e822662ce,0
83cde39c811b4a427108df5b962f9f2b0af900f8,0
5b71920b31d452f405cf4b741d04d3dae8ded670,0
1d9284eb3a13874f6b3b98e59a9098f6f7511ac9,0
743f0eeae5fec17db031a67bb3ac5df2fad6b21f,0
b7caae83651fa00316b2ee7e22479a1b56915499,0
4ca0bd7f984999177db770cb4f5fc227ce27904e,0
669cd1123d5e450bed49a271c61f5b6be47ef7ed,0
20497eb3fa78e8066007c569b081ad682edab68d,0
24bf90a26de87f8d6c5cdbd97752e239350726e6,0
f8715d1f80f9cd09b572db2d3d709f4c38c38733,0
2f8a0687a1413d544634b8ff6206f14359445655,0
edabab660c7454f43b38434b47d3e86169df64f1,0
7760c1af14754790ef849785d9ba77b6f386fac2,0
8b698c69758e479240a6cfc96efae5756ce6f187,0
4e7d75d19220077ec22d4c96e4b876ea89ef138c,0
91db2dc3ec259f5a2b4066e6195836b16bdb661a,0
c23886d5dfabc11d7abc5512af60586893814449,0
a3b9d8a364063cbaaa9c88a20dcea9e868ac74f7,0
02688d5df87580da1bcc2f685d33bbd51f2ee98e,0
5ad3ca7927fdf448bc2747003e36bddacf1177ec,0
7d86a790eb70510437dd48ff61e1e5109aebb2fe,0
9b46b00cfb73c0782db6c264e9020a584fd730f5,0
f3edc0a5d24e7cedf3a342faed8783e2edbf9cdd,0
adf4f3767b753dcf6f73eee25ab40a4c78a00185,0
57696f580764aa808ef71bc690c7ab255b66b394,0
d73d85269fac6679de58c99debf44df2319ade17,0
ec3a2fc4a2f0ff96ee329e14355af571afd8d1d0,0
14b1de6fc2f42038f413a61c9123026666bf65b6,0
87f46c6cb39ec444e5e3a553e5e59b40c5cea95c,0
4093f5f833604963af44bfbd78cfaf27cd30f2d7,0
ac0667ac01f4c8729dc0f2518067020415c71015,0
c5a833266863837e8b6ab3d8adc3d091eeecc1f5,0
ea90843da26c2d0002a9202f9df665681b9e652a,0
eb1ad50b870c9c0941c0aa062d6b294898e3ee6a,0
4c2e4a2d6cf24bcca5ea7068ec50b50fc8d5de86,0
a824d1321e8633286ff5252c4a6a034d616671ff,0
d3999e0466260faef3fff63fba7aa9de0af90fec,0
2e3dacdc2731f7789cd7b43d1a730e8d05c308ec,1
9972fddaf7253e99ce2133f44278adb397d51bf5,0
2803006db3307af01873e38e663396b156879c18,0
481108883fd6c7306eecfa1a24d4ad74e8bd1f9f,0
66b82bb49807413001041eccf65a7f637e9b945a,0
00a201adab779b1cb763a1f83a0d8091a1329d41,0
7744ab3fb77ce9579fe4181f4757630d048bcd1c,0
fd4d707d6146d8da8bb99adc2f9f6646b0a1ab79,0
80e3c537e309e077b6a227b70d2ffad86ad893a5,0
de64c788ef32203eec3958e96bf9b01b0b6bd882,0
57588f6ecaa890bd54633d564a21a36496fc124f,0
fbd15b8b102afe055a10ebe5fd467794ef6facc9,0
7dad0b51ab1b94ab6f2bf109a5e6376f405fedc6,0
c02988ad123aa5c502d6fb49782a1d3ef2880229,0
546108385fcc71697d2059c606bd849ed22cd372,0
5a71509d7cbd1d3e0237fd519a60699607778bb1,0
a9357cf4343fc65e8236b56a069050037c1f8031,0
5a11b5beb05e10b9f8dc42bb6df0d012d769b054,0
e8bd8aa496e02f1ebe711f92cd3571c7509d9464,0
6f1b68672c3497b6b3aa89e15679368d46ced200,1
e23bd3ab08a7d36a2cf2d3f665e928c3cfe2f1fb,0
932eb3092c753a5bb116c3455cc16190111489d3,0
5b2d75ade3116cd98b9acd867e6b3936badf8829,0
8459ecdf31a20388ee12b80d01e35ffb8034ba2c,0
dda6b351156263111340568915bf481233566ef4,0
59b74b0cecd3c704ad661c2a60d606036d884d06,0
7890b3e554ed43366bd35e1362b53bee9b88fa32,0
bf19ca1261df5a688370fa23b9c7da0e4a4fc9c5,0
78fa62d46be87b7a04a1e5f643b9ba1da2eac1fe,0
e7947e32ce20f90e9ac92ae41f203a52aff293ec,0
7eafe831caceb2fb84eeca76aab936cb734172a4,0
20a02b0cb8c3dd48d54a41b2b7aaa9d9dae42a13,0
258d6f33161c052a2f429c008f82a8eb6c8c8539,0
7cf25c9a6dbdd6ab355e568ca5af00e39f94ab1d,0
ce5930f33969cd4e033428cf11e31686e70086dc,0
ca4602fbbaf7e6ed16e4e8a292a13da8de7cc18d,0
4c83237adfcaf6615379104dee57d24165b3870d,0
2672bd819ebc9569e760fae24049608271dcaac4,0
83cf91d4e722ee2d97ed4a05a69336924da75e66,0
664159c6bdb8871a701bf18670de15af66aae7fe,0
5fdfd04ebd5d618a42cb68f37e1a0b165d1af958,0
90e7703dea9233a2790432f7c8e863aeb260a59a,0
2538a2206a0c84d0feead622291c0e85e53b43d1,0
5a00a3fb16cfadd3a41f979c40a81a6423ffa9e1,0
21c26008d583aa935b5edf355b2c0d8065929573,0
b05f19a2771dd736e82a994df39da313ae820497,0
321ab71e03b2bfc1fb50f1bfaafe22de430414e6,0
5d264523aba8f8982bd3357b9a6b9dfe6d0950f7,0
140686e670996982ee281be6d6c11029bba3a6ae,0
b8d7a4e615962aa034b8b297f49203e58dd605f5,0
a47b028b397f6d66e77aca5b95d6279e84b5c8fe,0
563ebfbc1db6e1862aa8cc4b2d59e0fcc91b2dc3,1
274f0298df5f93da5eab4a9c65252d3d28d529bf,0
2746035f5fa029a6776f5d5f73c4e22b088e1b23,0
cb8502c59956eaec73fa96b58155aeb0fef1e7ed,1
1049de0612513e3d6b72cf6bcc473ffafff81f86,0
c07397f065adbfaef19f27c2873ebbe14edfb5c9,0
2f6c6c63645580bb6e06b5024b90f2bd864f19ce,0
b271e0ec36bf96da32a45b37daf3e5b07511fd02,0
07faae7f1f71525ab8f9af61d3f6ae216ea75f96,0
184b5a91170a61d9b6b2307e5dae6f7c7a13d6a0,0
d733c7c137e2b064b560d5e6fae0fc795fec0c9d,0
8d14b1515a266a86f1e6a7c2d53323ac32f869f1,0
cbf3146f815bc99f1670b506570ebe5ca9221325,0
109b27eb34966b1c085b1c322031dc74e37a76ae,0
67630fd188aeba6819cf9b4f7ace63386e56e7d9,1
b2c38c93eaef3f53250ab082780b96f0e02bdaee,0
35399d863b7f6c80d14cda6113d714a3779dd39d,0
69cfd4a6adf0246a28faae739da5e32b721c7514,0
a56510b940a0fd899c4064cd91ae9bcb81be719d,0
3ec84b8e3f6d89e2e2c2f8257dc4af7282bcc8da,0
789db8af8cbe5537cd71bd307e88e65c4f4f99d0,0
820854c1c6d18efbf93d3269c98de7dbac4e3ce6,0
05961113c946576a6f01481eb0f5fbef4fddb388,0
1e7a8ed4b0ea0ed884c3e50df9ff4e8e8d5c1386,0
0d1ee19b1d1b674f53088662d142f3d96d72243a,1
4c5d60e0322f10dcf48e5f70d6eaa2295459f1fa,0
6eb0978d8e5e7af7dc73dd2b34854f19d1be8e3f,0
77d1aba9c80986df480e598369c20a433612c3b1,0
373ade17e562a4565cb6df25b6d6377bb2739669,0
545a4e94862d172d6e6e433faae2182b2121fd7c,0
139e8d991db1a0fc7960a8aa346b104fefeac932,0
e674a0b6f2bf2888525933ac17a8438dd8eec834,0
8bd7c6fcc6e8806189e26a71980d00a6bc6fa9d9,0
6376685bdf7f1f8171bc12a9281cd9b994f91e4e,0
346d77e967bff4642c09b2c172cedf258b3a4534,0
891cd753ddaa72b0f0fcaa1adb4cb55d9aa7ed2c,1
ee77c2da2bd88594046994918a637dc6cd04a606,0
8f1a4ddd52e27ceda70829bd7f1d41a9962b8bf9,0
c53b0d2bc9996ae2b002a2965b55c68b8b0f6050,0
3f52ab479a16c0620242445ea5bbc6024dda6b53,0
c69047f10d86f7be9ab8b5c7fe30066a834b09c5,0
de2b9cab3e84a86c634740d8485b547c8ef1c634,0
cc960b75b2dc96000479d817a5cfd02fb88bb2f3,0
941fe16a3f9f16045debd47c252cf09fe8cf8bd5,0
1e1d34d9af390cfd402d5882f7814a2e4365eeff,0
ad626ff2bbeff2ca0b7b904fd0d6caa6f7ebae64,0
75bf3ac7f4621674a178800220c8b594603631ac,0
1f9f59afc40a7d8f9777e3f54fc0adbf4e8f2604,0
59760c556ce69d12f3a5d67850320f08bb1d9843,0
21004074053f134a8a8022a60657b94e8a8a1f9d,0
e6265d2059ad127af279d94230a958d5e2b8f4ab,0
bc4bcb3b99fdd4eb7ca42b035942ff938a10df82,0
96d0f2f113d3169b48d9db03eddbf59d8490b2f6,0
0b57589a99e5bf90c8aaa00e599f16cce8980e87,0
e065fc8dbc4f673fea043f1417f2e431d9818d55,0
00a8960efb3aaaa6e8e1595c7d3f70d6a88ed52b,0
0ac7d4877ee60da1930b5bea0c8dbcf84f73b5df,0
dae2fed2e623d30645e7fbfa380500e8bb0ea91b,0
c7ed37826e23012b68ba2103795ea1352f056e82,0
d05e3860e733b34a132623ab028fa528122bda45,0
3682944686d8816a58734987810058cf130be67b,0
18d472336d5b1d171dde0baf5cfceae8fd9e1c60,0
488c29059dba89a15f0b8d7d85910f78411f9e67,0
2b4e8e6815cdbfa4a2c0251e21a6a315fc7d2614,0
9fe3ce8707d69042d09386b9b41a2fada7853920,0
f3a4940545e80db336310d38e2ab58d5572da567,1
499d6cd5b1c4c04ab1f6503762a25c6eabb68ee0,0
01e168d111dfb234aa3f02550dbe5c2871e4302f,0
988ebf904f692ee0220cd49a8c413a724ed7f188,1
121ab554d813a3cf519234fcb2ddae8f0fc08bdf,0
381970739308ac80880a6b99884007732f7d5571,0
acc206996af088fd55b7cb4a6b7282103109f734,0
82c3debf1d7c065a149599bdefcfd4e1e8a7f6b4,0
0b5a7b7f0d40ec9c50674132c80f22dbb7bac168,0
12841336846f0cbd5609ab3421939f8ba100b019,0
f59523fe5a107a3db1830679a3a3b679fe7da2ad,0
2633f9806b5e0542ae1adcc0431ab25eb466265b,1
8154914e09da8c5501a4afc0ee681513913b7738,0
928f3c58fe3a70fd85069bc7f3c7d89836e28f1f,0
ceaedb6b4d2a14c2efe95fc93603e2570f3f4192,0
822383cf8da8a1f4c0809d46d4cef6eceebda61f,0
aaf619fe3c12cc3ffc1638b5777806034fbfa724,0
99b118aa904cd63e825d4e0b1c3156738f976cea,0
11d46fba1a2bca1528b97321aadc119381edc6c0,0
dcf270f5ae3592e88a4655e4848639929e9e4368,0
711e640400860b9599e0b336d0b95c9ded9c00e0,0
4c211ecfc1b55a81acdfde7f559a3a6ac7d489cb,0
054263fe1f0faa9e57e1a89893a9af3b7eaa474f,0
c19e8f4c29541139a29bf107471f5f2f4b686ebe,0
bb1a04f1366cfc9625d1741e7af792da6e7bf79d,0
28b8895a52e27af23e4144c658d7c24622b89d37,0
46537aaf56398ef740edc447e85c3f536aad535a,0
edeb53067aedb0c124b879a742727fe834ca7500,0
a55e39132e3f63e47fd051dd22277dea37559999,0
548298058034d8ac7abf1be8f40e5a0536a4a058,0
80561c21ff94dac6eb09a4bd2efc442eb1381cd0,0
877acbbd657e1fc9df14944e7b71ea897649c7b0,0
9f8369125c3dde579f0df205a1f374ac7e3b005b,0
a558da837481cb6e69b1c1f0ffcab9df093d5760,0
70ce32a042ba98e1b06c98e43fc3eceb2a60861e,0
6ed54b0b1bd75b40b27c2a38bfa669c201c83adc,0
390654838c79e81eb561c14908d3a7d5a28a5469,0
ba58a00aeb83cee4378903bd6a73d4f22e526ae9,0
1c3f0397d4778998267422d989d3cbc7d8aba527,0
3f71e85d1b10207e9254884e1e0943f2463bdff7,0
bb9e4d461424744eee15e8471df18013d0d38d91,0
6dcb3be8d1c2c565a5c4beea6c37e4d49b90d60d,0
ca1e9e5cd5cd339641b8005ffe7a112e4e655eb9,0
dc2d0c529bf57cdaedbc9ea19f6f3b0ee9f58b89,0
db07a7917309be52f0c4f81b4e9b1af89073498f,0
235d3b54bfdd36cab2d8ffc1557e8d8707114cdd,1
13c4ba07ed81d150d5057ed4e384ffa814ac4a5e,0
4ef11e5340ac8023fd6f80740fc5198168c69a01,0
f90b31ba7889d363518a86ad1098a9a9b7967d97,0
25b002f35c34888981232ac33199d4b324971550,0
80260df81ed93df3115491f50ee78d1851b1c3ae,0
f55ee5bced14380be135319c37aa06bb3a77f305,0
6362b972f9f53c6d37c6db9767029128d61adc17,0
b97c3d647ec8b28ca0482c1aad7eeaaeddb54a8c,0
f2a54dd79e77ae0243b76101919a0697f0e739be,0
5ea6e960b8e8a21e6f5393d90e9c1ce0afab8588,0
8a54c7c2548a94031c3e080cd2e630661b9fe2d2,0
045e8d7772ddf35927d71deef2640bfb0e1d68bc,1
388e7ee1637fd239948e0ac764ed684348bfb58e,0
940bd0903de49f554f797a7e18cb1d7376d08787,0
b4604a66dec6dc070a0c84b0a86f9fb04be66845,0
144dafa555b4d3c78748613b75e75f4dd1dcd58c,0
9c0790b808ee45470a9a19d1f216461ac0a3e6f6,1
49f0915ab66a1dce701cdd04a061ad0e57ec087b,0
128744bc17db7906698208206bf0169a9ff63ea2,0
c9a0da03a8d275401c97e73df98ddef035e3dc05,0
39e38a14e9c23eb39fe013d5e1e9dcaf86ca7ffe,0
f2c94fe304686981b3ecf36b627ff09e5852a5c5,1
5c944a6951f79ca97621fd132624dffc0183ecf8,0
ac508d2b256065659890a48d08e8930453c30d28,0
02f2244ed118c51b5e3b0407565b9888d359782f,0
c4c9610da8204ad254fe8b55b3bd71a8f95d3f4d,0
e80e0b977208cd59c18fa4d4dbea7ad864656965,0
f8c9b0611e1059983bc9b5ed7eeece09a0bc647e,0
a3a3cecd6b931aeb18b51ae4da0baf6a89a22a84,0
d92fb3c4f083571522c6ec0e6767bf1dd8cf9467,0
fab93c0577c26213e2c26cb9627c90271504523f,1
06694f1b3c55421b485ef7e1c5ac9b825bc800b3,0
e8f201e69e1ddaea8143587591288b2ec8050d69,0
fcb9e82a8b004bb7854178750cb335e03f5d4a2d,0
5e65006c462e3221f4bdd8f5574731919c1d45e0,0
229d477434d594977991fbf0c46aa66c8a14a915,0
8bfc7d26b7aadeadf575b56ddb9f363e4263075f,0
116a2bb56232f74eac4fcc1d3ddb1c1369b82e5f,0
baf3b8606d2e1058ca2d83f2cd91e9e097d64645,0
8a66b25c70801305dfb98250ea9b898aab887d83,0
fd9d21fb61f9bb23936bb277bf64a2d4b0665a9e,1
cbc16900f8472b9a13c05f74fdfb84f27b1354e9,0
4814a2a949a3292a51978da97352154ac617f394,0
aec8d3ba6b562ee1040c26b1fafc3bf1eaf1dbbf,0
c744fb4f8d342ebbedc0a4bba5d53c1e742418b4,0
7fb2e8ef91a1e24b9029d11461e34df5b5012a4f,0
29d6d98eeac157d2f84206351bf645f3ed50fec6,0
032cdfdb1106b8d822dad5a0e53930940af6ad66,0
51f31637544cd85832af560fcf80ce0e4effa93d,0
a11747049e7cbf5571a9fea59bf91f98bf07c0d3,0
710bbcccf0194155ec9857808eeb9f6471bed7cb,0
d5c50c090f6c09dd19b3589e9a525dce1fb4517a,0
bc5cd5b02ca43fade930a953b130aaacf49a40ca,0
1c028477afa1bc714476de28d3e8631b0f32c41f,0
d4a0436bffac0c4b6a5395fb677a9c563d00a044,0
7c4b86fd60bf1f7cee772692ab27db6eb220859e,0
fd0d162ac9b1b003ae10ac6493ee32c399ffb360,0
efa36f47f62248cec532aa1d7358f15d91b7b706,0
044aaf27e12201443b5327fb6f4b4ac2edf8a56e,0
8530639104b0356d6c1a7ed36815f094ec3bbd45,0
5b72ad5094cd7e6bc9ec1ee48cfee812f95a8d0a,0
6ad368544ca0c4701b21c742d0ea35ff2efc5724,0
9b63226266e09adead5c16387f46804fbf5ca93c,0
3dcf76997387ca9865fe3594e256bbdbd1484ead,0
3348f50d5553747cb340da63115c601fccc81440,0
c9de5833b50ce86e713916a9a594e225c21030ef,0
c38be3b94a68424b33309d3d8dc0b8af7992efa5,0
1bfddfa4646aa1cbed174c64ebdcc034b91dff22,0
8420f1e061809a2756b7b21bf9f2e5e75cc1177a,0
21c14b9362fcacb5654de9c77e891c12321c472a,0
89439cef31719a9100f633fd37a3a72e28ed889e,0
49a375dc2b5f616343957ad977cca4bb86826877,0
55db5dde35b03a77323e5f4c07fc2d04993f1dfb,0
e0e23ba583180517ecf7b6e14a6cd50850d06f12,0
1421d3869ec05f4ffe95dfdc0e9fe2a027cf7227,0
9b045e60dd73ec8ddac4fb956890b022ea3db3d3,0
22e46fc2f66b28c1a6ed0c5cc6f00ddc64c6bbf5,0
aa3922b70a70d098aba9a6b89dc74c1c53ec11be,0
864c35ff61a9897cdf0b99e14e27868112b3aadf,0
1f403984f0564205b3725753c2ef4dc8439a5b5b,0
009471710669cf4e1d198fbc19724af1df7105a5,0
fa59d6013b1a0243df19b721a091962a1105008c,0
1c810f5acaa31326c41a57e7cd45d73ab153bd09,0
58bc1b5679e4ef5c632342bcbf93a53ae59d4438,0
017576b660f7746c7ca08d9cbc66b8f595e0f071,0
f67c05fb069d3dcf8d48e00dfc84a4ffb5431e13,0
5e4865c3e60db817ec5bdc07fb5e642ff6ac6127,0
2565a126acd808ab41b682e92586f00a3cba12b9,0
1070cc49cf6c0d3d2f2c5bad44ba790fc5b97946,0
2ef8b61a2f50604128a858785946ee14b2e56356,0
0e161c1c9f3cff987b07ad641c270514fdbf9157,0
e7007f55f13ffbb9b9f3112377ea7683947a9c34,0
4f81203cba4630fb11aa01c51b0e800fa7fc2ba2,0
b7f2620537df52b7e8f952732e4afb32c3593314,0
0812d64ce302450427a9cd0b9ba5de5c90eeaf84,1
36346a2a21364cdb9670839fd5eedd1877dbec81,0
b69109e56216f01898a77ff02d9cb56c6919bc56,0
47d4a02be57195fdca209d53bbe15f5bb6637928,0
e8e1d973dbcd82da53a62ecc153673f4e9c5bdc8,0
97ccd9d3b8783d01d55ec1feda28e075f50808c2,0
22e9961a3c6c014edafca1777b8eb6021c5b17fb,0
811237db0281b6b291eb787afff4ae7910d1b81b,0
cdd106fd8658e2702097337194dca02525e556b8,0
03daa87180b6c253e3ff5c2f91e9483b007ab54c,0
053b13c48ac49506f96994971b294e9968145d8d,0
7c08037c6aee6d4f1941aaaf0ce9fd46ec4b45f0,0
1d36da9cadb8fd36fd01d83199e0129df00b3c69,0
2e03c116156bced4f89ec12c1f9d8fa10e9a500a,0
22e9b2f0c5be48a753c8b842cd36f81cebc2d630,0
fe583e9f903e47be95770419dc6ee4b4c1eb494c,0
91b3ad5b1bfa91b3c0b272c99e3c7391ee29e53e,0
f3c0877c54303dea06920d7768269648730833b8,0
0c2db7ca78a479814e2998d4e4ca60e213877596,0
2b63e199e9d9f971f33d632a5705479f34ba179e,0
bdc789d033c403ec84a2328d5048716275676801,0
8b631c61a88181d564321f09d9abbc4563f89a00,0
93446fac76bfc236ec068e2917be7fb0836c4001,0
40696a6484c26c1cf55b7ade685c8681f9df242c,0
c6c9f31429a65191ea615b11ae5b4c0a4595067c,0
afac6d619a593c6bdd6984a3026f44d6ccc31c17,0
2f105ccbb0b56f017fad4f2a4b4580d38a0e2112,0
a8e3fc447a97df464caadf15ea39efbf5d8c0973,0
6fc6beb4744f27a6fbde8c16271a621675c32799,0
8455618970b88dfd87a8c272bf13bc6a3275e334,0
6d1e06b12e9de0e363dc3400a3178ce3d990a222,0
a2020a5856f1167fd4f88dbc924764a7961763b4,0
4c621d4ece54677cbe6c55bd6ecf292d1b47e1cf,1
5e57a5d312042f937d4bff7a5ad4c5bfa1297228,0
94eba09bfae6100770c886a411726341e5f3e7fe,0
2517b030468ac6afec63d9c314fbddf5821b87bd,0
fc49f8059eab861fc4cd8df325e8c85b6aab356c,0
bfb6116c381d099b43e2bc15835592d1ca6e0fc9,0
89578fd339bb2b2721d4fd79216a505b01408750,0
ac859b03802c581eb0fac4a33c3f85afe9795456,0
dd3a9a72a152602cd5322b9c93cb164965b701fc,0
392c872131925d55707153257673d132e8c98d1d,0
2d83598a36829213bb498f6e448168f653f8b4a4,0
228337c3c3fe1cd722cb925a933fda93d8175279,1
e3b9d70e8e752d7eb80b70ee6020d7b92b723168,0
1dafd06fd46816df5a7d677f6921c7b4de447ad9,0
0fddb4a0371f4edb26f0d0b65313327a24eb0a99,0
fde22cdd6d67c49ca4e0e35615557489542f7baf,0
f2cdb483a3a74c97336cbef9ec2221b37a34ff80,0
a7724205a24aec0e05fb77f6742f3e8fe93ea4c8,0
b6288436ff7ae7986df1a974deea4abbfa95a615,0
6e50f55daf286be6c41fa5f032a68734fc81290e,0
893a120c1861f3c626e1be38877000543b60919a,1
7149d275f193dfe9f41ae0ddebf03d60db8640b9,0
f73768dcc14d3276be563976f97bffa55244d770,0
5541f622592518756cdfc9eb1fce59c3d149e770,0
9e22fadf2f286f6c405f1335de7ec18dc5874200,0
ae091e57bd9ab045464e497620412d135b9839da,0
ac65b4259fc3f2edb004e23c16e0738b62f29d05,0
93907b9139b8c0121e17b8a458fd52529a5824a7,0
6e23c2ab30ad6fbcb128f052dbe3ab058c027da2,1
bfdc6dd2bfcb6db68289af68f8b9bdcd1626becb,0
fe5dbb0f8a63a01cde286d1f3b5cb7090a7126bd,0
f00bd228dd97da41fd7c985aafe371649767f486,0
3847cc7606f837a32ba4140ff0c82b971197a308,0
9034be60716726860902696f2b59d2bafe80fb7c,0
0535c2d03de26b2b5cf2d635c8f6d2cade47ae52,0
6de81af907c0c4220f9ba6e34d5ac971d3195d92,0
838e27ae89f2c1efc8360aa45a51e4f21e2012df,0
edc7777fe4dd61f395ea8e97755a6fdda003d3f9,0
abdf6433c21e9e5d06f77b5ce72b0dd67b20e8c7,0
60a74af8bae273c293636b6e45b9d51095b2a59d,0
93180e93d58ffb17b27b2be6f4794843c8187c8d,0
18f8530ef7997dada7bd919f1741fef2389bc505,0
eae5ed81d885df8ce82cde508ac7c9949568de23,1
1ad84afcdd9ced4345878f621743085f2b72b86f,0
98bab468c37ad0455b9f48a09390ce61b6e827d1,0
4e5d859ebd1e335b05051cd14bcdaf77f77187f8,0
d592ecc163b19a79a5186dac2f70bc1186128480,0
83fba9ae30b568be65e4e331cec7141c2933aa30,0
3027ceedf45ba0342e33fab59afa10889566a377,0
5c5c930b0edaf19e17553830670d2f1b5cefad23,0
4bf6529d984431fecef9aca18ea68bc4840be7bf,0
f5e651fe648be33cb91d33c4009ead82484f9fd9,0
084e89f48259bb992a1b5baa4ab1b76fc6fd3957,0
5d75f360a4f077291466dac10056c4f6d053968f,0
0d1f3e925205bfe47a182dc7c4da3730ff41a46d,0
adf3f8e3c59399b12f5785f60ccee8bdd886c034,0
27b14e66f839ccd5c35b02735b4a6dbde2df07fd,0
508dafb6d691e80e446da20f187ba40cd34b80aa,0
6d6005580aaf2d0f5cfbacd7bfbce6f30971f3a4,1
a381314ab1bbc0a1e02e7e0d16a4cf66639cb34f,0
acedcd9f9de91f92ac5c155b5dcca9da3badaa22,0
ae3b8b26add5fdfe7b329a4db293fc10997e7405,0
f32f8504d4c7ed8604669a1272e9e398eb651a50,0
ee852a4e1e9162fe3bb333c5e567f0b49ab6ebf7,0
45386820f9908d1b7eb4241751aab7941d36df13,0
7e5f4660c05c2592e309ca1db226d1befbf367ff,0
bd72d8546440f3a4a9268786eec3d0c96ca278db,0
e6a2008a8a2eab8d182fc0c37a12fe6839684e50,0
e3f3b1257553285166a4a73b5068c63210c182a5,0
9279f533191164c209373ea2d766ef7acc64fd98,0
484ad603d9d5e42055ee4a1ffc35dd4753f5971f,0
2da27542fbd68ded3e3aae68f62cacb9e4cfc60a,0
4677e19a5d00a5dfa10970f68cac342a93aa049e,0
f50907328df733cd480d5c3f63e2d10e3437012c,0
a318f3ea8b017c9d728620facea45c1d1fb724d7,0
3df490b1331773387bf7275ff9b9831582c4fd46,0
203b733faf7ba95380ff9fa9659b3e991b66fbb7,0
7a03f1ba50736444e93545aa3be20af4a80a75dc,0
0808c5d95287fce4cc97bf2b4c6b3e172a67e0c2,0
7d1592c3700f16b5b6fb7432af68781033e7293f,0
17c0e5326ced85442eb97bd3bc9bbb87d85012ea,0
0f3bc7174f3dbcf89a91298b165dc157b6f0b697,0
eb49a459ebc3b461b96f759241557d250340bdbe,0
d06eff64b9952e60a22a4ba6377edf698150343f,0
0debdcff660005f61c45c538bfabd6140dea2bc6,0
a48862cf429d9e667b089c8fae7fd1230245b723,0
106da1df2b4705ae8844cf44a79d3e3189e860a3,0
e44556a2728c1fde4c6cd5a89b3ca591e85c4cc2,0
285b12d2fe709ecaaf4c901f8e68a41e6376f8d1,0
830c970a7297265e02bc2ce19076a6a6bb8cf215,0
714dcf71b3e700f7a1b901db06a94587994e3699,1
0fa4f4a6de4ad9df7482b4bd7a732be423d2db9d,0
7e8a7d83256326b8aea005a166d7063bb049f95d,0
624a378e4e91886d3e45beede18d297c1747bd98,0
1cd49032c5e92bbf39520ca6c4cba0ad71095427,0
acb4a2e8a7de4400538471ac835cbd67c3de0e4f,0
064edef3929a32dd7632041d17690a06fe618af3,0
58a3106bc0bcf78ffa60493e0fa4834a3a131d4c,0
0468559dba0302deb325f8423690be8791310e33,0
12ea10d7302b73b8c79a9e492bd8c09f8f54cd3d,0
aafdfe58f12a49ff54cc2a7c236c4b1cb2c13abf,0
7cb6c9a3b331b34ac2ae79ba34b7237c09d00f7c,0
0045e12069a8dc1143cd070d0f61ce58b891166e,0
e6a4711402609f501c1b105a93eb9a05b551215b,0
8a79bb2e0c5d7e2901c823c7910adaa5522cde2d,0
d3ad2be4d8eea38246f7751374ad369cf7f430b9,0
93f29a26e399b50c62d022fd33fa1d6eac96f7b4,0
71cf58a3d776c79473763d548e844149c4906d11,0
acb37be87a0e080373675ac9cb3b83b274f8470e,0
b8d876e8ee606295f0275133e625d261eba3df47,0
ee89123fdaabf2a993f7042a52adb86aadc0c652,0
e13a9ba87cdd27af6a1f0ea021c6a705a1191702,0
df82d06fff01b17cd511312391751cadaf22c019,0
e9a031c5117c5ead19071ac01c37b65aa85ada0a,0
e242c96f62ac2b49e4a8bc41150e80d5b086c167,0
c93002a2aff98115cbf647957e6913ea555bfb26,0
c40d74e580445d7734af519d390d37892f3df542,0
335856793d40b32e395b0106f94d0da48d76c95a,0
2cefe0ec21ae2186e06f2db6406051ba57eb5aba,0
c3505ef788b336cb994cbb6e1a31bb316f0dd794,0
c1f5757691e70fa70b795a809b902623a53553ba,0
8e638b3b1248344c402e7c534c63f6e0e93ed364,0
30602919700f9c74a7ac9117ceff84221543cde6,0
cbc1c0298b5aa6b4340ff6f778b8cfb2e7981e95,0
69aae76bb8591a3e5143345c3a560c994345deb1,0
36a6db72623773bbfd2be091d25eeb88220f1751,0
2d1c65a7e3ded5a38883364d84197128e8690df4,0
bd471e6cb3eeb698ada7caef5422fdbddc064598,0
267e6ca42af7af2363f2f72a04073a1f12baea0e,0
cc4f70b80f125253eb7fee3386beb0cb5bdb9ed5,0
6b4f451f6824c9d8a2a29b9f087648c581ba29d5,0
db27509fa3b158b92b745dac80ed213059cfabb2,0
33080bd677a287b55ebe8ae4f3332e7b0a90032c,0
c7f537fe9e7395f6c5ae2d322e0fa48d52b9bc8f,0
fb60fdb5ba76f40f37daa391b94b003d19d759a7,0
56780df3dc79c535607db704b355925abddcc887,0
447fd8fa0e51e6270eeabcf19d1ae8425af2bbc8,0
df8a370f0fb42edefa072c93fd2eed34b807567d,0
2f6c203a9cfcaab07adc700ee722732618f145c2,0
94fc8c8013d704750815f3428285d3bbd05ae11a,0
0c59c30f210ccab6aac1ad13ecc7242c3326c690,0
94292d6e826ebf01d4e7ad33da7dea1b019cc378,0
59a2aa8ee44994e28da189ac472f39df3638aa2e,0
6ed1163cb15d790e32c3a90ae7b7a4206fc449eb,0
6c96f77a738b91f4c3ef622ddd99e09475392cc9,0
b86d65ccd805c00477d885cd8b4598cfdc0bdf0f,1
ea7ec2bf75522d4070a98bdbd320dd664d23659b,0
8da5477b5e534b24b0eab031576610c11a84091d,0
45cc7d4299f751d7fb06e24441b2f4ee0316246f,1
95a0746ac48521038c1668e9430ec08d456cf370,0
aa89cf4f006774dadc090dbfbb35479ec1c96b44,0
02928b7aecd8ff934a289eeeab1f25afed59e6c0,0
d69d75803db29ff43cd2a507fa7247cc24848993,0
4cd6e894f3045a3e2f02c5fac0c6b1070e6feae8,0
48ec05e587209dd3864694e96d3a0622e321c09a,0
ead56fdbdba8d282940bbeb8d8fa9d2b16bc764b,1
e27821fb061d1b2944d029f5623e5a6fe6a27b41,0
cd213ebd27bc341355e87c64afd76f2c52d7cd4c,0
c975102cf2448cf53918d51faef0d3c5e3f8b48e,0
a6d3f81a3d42b96c8091b506e9ef959b0d828d8c,0
603d87d55420b302bdc37eb85e10e4d72f2dc137,0
645ed654594083c93c94650f2fce720870e86508,0
1fd02b626b80d0f04193f13521edd9a7d31f9bc4,0
dd70ea0004c4feed350276dbdad9e1e82f6d3444,0
246b033a84bb29e0a9df243727b2c6b9bd7a6adc,0
8daf9d5e986243b6f50aa3334e2d179eabc7be11,0
b95ee2c23c3657e2ddb98bbb4ed35af35b03a116,0
16c28a06971e9d887a89ae07403df520341a54e5,0
149970dc266f898b843d77016182c22edbf48316,0
bd3025be376d9073c6f3539f4b40d47d873d910d,0
656e0a25920bfdf994663fb3faf8d6c8412c51af,1
09a1ac3e28b9399bfdc5576fd07e8bea62069725,0
cc9162fb31204d9f83208606027429d38f714648,1
edbdcb5ca9241a793b8c38c61aa156b272a53fb2,0
9a30f880f584d400107f15a851fddd13e9e54cf8,1
4af453b28d172123617b14daa50de3403c9e215d,0
45168342ee6f21ffd3e103cd3523453433a1263d,0
b31d2658e7326fb93f169426367d21ad1e0c25ea,0
572260ff053724532576c13f221942aceaa5bbdf,0
415ee88776ac9a6e504bbd63cc3edc68c5c8772c,0
20cbaa1112ad7c9da736257021a1393cf07b609d,0
a3b5789c4f861b7f27ac3f94b8eff47659ecb202,0
2c18a517c457c0ccbd68d3f8aad2640389024900,0
0a3db1bd828825eab4e4080499d4d619a511c575,0
ff1e5fd15ebf2905b446f727f3747f217d3e7406,0
0b13d3abbf5217fad2cd7e42e17bb54748b5b3c7,0
d473b4ea0216d99f9e8d98ed0230232a790edb97,0
68e8bfd6c00da22cc7c60d102f88b832bdb62ff3,0
66fa01cd0b715be24a80a1a930b23583c5de1cae,1
e7c8dd303cbc3b41e20a610535e919c7d7f0ee45,0
1e705f6546fbfbd6a310a6740af1a8677a875b65,0
b6c17c35ec35f7604ac285cb6288a79e7191a74f,0
b27da33358e1288d108ac8b66cb72d2a6d3e3d0b,0
2f029bce1cd02ca152e73893bc9e1e5d8aebd398,0
f54ba4e280e1c2fd1e80b3712f57fde0ec999c6c,0
880b5211fdd5684053e62789033b355bd4cc1a12,0
57deed7239c8492bc5d0e2469f0b26674c6e8877,0
3857421cda0a9f7e138abd7c7d63f37c334b301c,0
c406f13cc09a19969000ad876f2567998d6f503e,0
3f5dce2c656d75712592a0fcc746eafaa0afa8bb,0
4c7b2c5c571ba844573de6da4b259406d814c384,0
2dd64d015787a972450391fd76880469b72bc515,0
aca936da24c575d7135dc3494d03f2a7f1c24a54,0
c33691f8ff4dcce95181ace24e048cee7d461b67,0
5bbe2ba40e1021230cc8dca8bc8f54d48b11cdcb,0
99d2118e597d151e135c89bdcd73c0a48f7a217c,0
986efae1e542de80e863e4a09d7cde6f4a40a68b,1
ae6830ca70be034badd0f4eb2a3c0641740a3a4c,0
deb588f2633cc5facc6af2c173a840d4605c317a,0
829a025a226e8b2c71a16687679df5d05658536a,0
c6daab07f60114c08ed6e5c2e5421dae8ad61464,0
b7ba78030984eb2e1db5b069b9cdf246bf36109e,0
7a6c48c20b9fb4df69a9d8b896be2bf1db67980c,0
e8faad8b848bf80bb23b5074fcbcbf3f9067f845,0
88dd6ff2bcd11d24096d7f171f68716191ec11ac,0
ad19510177ce4a958c7a8c13b4e303525be5500f,0
c4667b6b084d1dc21b736029775fe76aca377ef9,0
5503232cf4b5703523b7835d9e3355398c08d05c,0
0ab2b7865d9574d3aed567b52b3e164153312f4f,0
779d0b1831321b444e527500aa45c39341480da3,0
b5f8bd82d95a8ad9ecd65d642d925b73c9cb11c0,0
efb51ba7349d43e5117c16465c34e68eb415ad08,0
4b91236171f4e331524aa3f467965f885dd7e9bb,0
faefcd915bc2b5c80c3bf6e0092ba62982b23a89,0
f1c2eaf27c420cf759f0d43f5ca7f02dd959cd64,0
88d0ca4267a9b9fe6f54ba96c99de0597d0f5be0,0
bb0a75f3d2433fae78f7d8c3aeb433bb69332be5,0
28c605c6eb453c7d93c85469f20007ca2c254686,0
d41d5af1568667ad87422a9affc4386d2480d5bb,0
9389385600dc895838a4ceb855c03a844818feee,0
b0e1dfa73df17c278464f0e950a1ddee276ee772,0
98f2577f938d7a1ca4ddd18ea56b45d827d572ed,0
342ac8bd0c95123afc701d04025d189d241a6934,0
c92a83a19792021ed01f5c3fc4fd0f104aa0a466,0
b8225c1e44af757bcfbf18ffb3cfa45c159722aa,0
92cb38d979838456d9b3b6386e7c5c46842eca6c,0
7268e93e53cd90382e88878ef9e221ec065b3e4b,0
47d059fff33b28d913c5d9f89f46c06c84eda10a,0
0e71c54d4125fbcdab66fe31b1a8471682a5317d,0
e788d46de14263e53ef939c577afc931970e5c51,0
01f02c6ed60d648728c15b11a06ace1bbb4e9cc8,0
a816a411d4ab0d4830e8ebfbbb2029c2d995fb31,0
c0fda4f52198291fd8a72b601bfb7cc494155b7c,0
4775c05b9e169d913c7b0e5e719aadde31821801,0
8af33b43a23e82a25f5894a7bff301c4d519cda7,0
3c82c75a545548921024e39776cd67f559aa145d,0
2e8808b288d3f8f083f3281fd37d671fe50cb622,0
6934048d892e4a2baaa86f304d473e0d61ff908c,0
7ab5c1952ff01b0e3d41e419809abcbb488ea144,0
7bea174b4a6f94193fba2bc29c2f15739509f1a9,0
02f3c7348453a8214b081939f9d3f9aafae6b307,0
7e88f43e6f883ba1b17eb422581e365de6381487,1
cd27133460c7c622befcc04a5c7118ec87b47fd1,0
a8c4ebcc9854ec245ee2f968ad86fb2fd84aa8d6,0
b1d96219ff7f85dcea92f53a47b1cefe19cf588b,0
f23fcb75b1ce54321a04413ea622dd2a9694bfb4,0
7677981ed29745acd39b05de9ee2289b3acdc1de,0
214c525771c903954a735f8a1ad89e810f3ccc99,0
bea1acb85d00ee9cc58f8b04aefc0f4db6bdb049,0
b6d464e053e6abf8c51b729c9e03297595cfdff4,0
1f61f511ff650a49ab38faaef23eb8d5c84862e6,0
eaaeb1f82ab5f2453667bc01adb6f6d301759fb5,0
06be3350065c23b7683795d7924104224fef1369,0
d49cbd6f07f8ed1ff85dd92f4a74a649acd2f833,0
192b444448abf5ebe68b762b6997bc8b047c23a6,0
d287e851742febe7ff97ae4665065357fd327e28,0
44c21869419680a66af67a4e65b2193c4256040f,0
ad0f67ed778468eb2e6f7d8aba6e9dd445ec97b6,0
d178454cd254030c38c3cc75a552bacb83552475,0
ba16a053120e333a243a456c938d1949b5d4e77f,0
ed5ce819fe588560e7c556ee2a0a9e16f3c6a814,0
2d7a5c969b2b0fdba09b18beceeb17523f996ee5,0
a82db35c6ccb8e6b15e36cdcca2d03e30e7a31aa,0
80a72c54e7ca4be15250a07d163c203b99352827,0
596519d98c37f4ed026fe32b9d58a625625dcaab,0
a6f624c872af85eb5648e79b8dff340ead031f08,1
98763056ccf3cf56611bcfe0ed9ed736666f95b7,0
cf1e16bf30bbd47510be6821010ad1054b88ea29,0
418b1660f8629a9c1b287bebcc3b98227a5b98b4,0
698cb9143b32249a04ce7952f0a703bc86d7e4cd,0
f77c38029e4436352cef4966a803fa256cb78cd5,0
aa0039f1071703c488f31eceaaea486ddfd187bb,0
6a42e071f1d202e73e517014d92253f054b31366,0
f687976b3b2797f5e1a7c3172116cb5a9312a1d3,0
5848d4ca635f8e9daeafac6c39a7e2d8f1125df1,0
e2096b7308f53f8aed554fd374f4bc0c0c718702,0
4d7a49702c80351da5a8128143d905e3da9b3a12,0
9f2e03f5f6575e32119398a70bbb7a4a2e453510,0
faed1750eb3370403211b53e870056c5d3f4a49e,0
29d4d6071a976619e5e7daabf3b8fe1a336b9c2a,0
8476082ebaeead3e783a7882a50ec257107ad45f,0
f6e094b93fb83530760c8409100530385f70e2c5,0
2fd30e678b03301396d2d422fc8ead8db2aca20f,1
c674e3eeae40bb1ef36e404f9a2880aa4883b3d3,0
41d3bb88999a2b8e496e46618a85df5bfb436dfb,0
19f76ce7cb03b7d4ab8c7e685884754658786c89,0
2f3a9fba760cf40ed4e2de4b7ef80aab21f13225,0
99220a3e6f721ed93b37296e35f75003bcd33dfe,0
2bcf26a27c1f47dfa2532fab13c823422e98c01c,0
c39f2c1e0ecf69ceb9d300b2e7bd4c5cdee3cc6e,0
36ce187d9efacfed3af5d44dee1e6f9d7e57f12e,0
bc2d340575ffe0fed368f08ca14094b8f6783198,0
a60a4244a995bd8f7c320f3a4d78b525eb2792b7,0
67ba81e5ecb98af27bceedc046701e5d49a4448c,0
528141745c62f6b26a0d90624430891904b91579,0
04f57b2c5355dd433f2fe45b7768e8bbe3315e5a,0
2d705cdae15740252c2f8a40916cdfa826644a4b,0
f6effb2160b9c60e491ce5526fec83cab6193ce7,0
2d0dd7b3335448f374a153334b9eeb3675f45869,0
dfc9369b984ffeb843c376da873e42829168d65e,0
53e62ff7bdfb9463020857e5da82b25d1edfbe97,0
2ced6f52ed5b99403bb5f0f37ef6c5c30fb3aa45,0
0a87360f2cf513455111dbbf0055f26ab24dcf25,0
816577848f6fd08c10b1b38bd87552fbddc9038c,0
ae2634e562f63526525f0d9a7e41bc282edf0b9e,0
bf593881b5da950c5888acfc8cb97193a90c496b,0
5aae215c5f7bac56ee63e95da52aad4fef1d0f84,0
145544cd5f2eb775a2097096ec53519cd4b0ec89,0
fc084e52a86d46e687995c77af42e5a9e613ddae,0
7d00b9cea13ce72cf011ef1cddc82d915eef6e55,0
ccd28696d1335c37df87db6b38253dc5fde77960,0
293bb1a903f5a14ac056ad8a400fe4ef6989e22e,0
63f7b0a12b72a50463af681a9df3505340e7f572,0
968283ba639d9307520bd1af110dbae84edfb8a3,0
4c360164e9a91b575e1850d8210518c3016bb97f,0
45a4cb17d1bfa79b668738f10007e2e2e18173c2,0
a1be9900d7ff23c3ddd23d634277b999fb54e5b7,0
26d52b601ce24a2d1288aff2020e9f7c18fd82bf,0
e2534b10237f34ac7eda481666829dd4feeebac5,0
a2bd8742f9654bff6eecf57ea9be09ea9618e43c,0
ed3225be9ba914a3b0dc7cbcb8a8dcea7c6e36cf,0
d8f08c68d796e2d259caed188d75d898572aa4a4,1
c72c68842dc8c4b0008cb29e52ec181141adafc1,1
6942f4a844c55be20116232cd2bbde920d9642d3,0
4ea944f91da1b8ac974b4e716344c847f1b22526,0
55e80c700fa649e63f1b53eb46b7f000a5669aed,0
599abfe24a15bc77279adfdbb294305ad5f6b075,0
06c8bfb677744037e097d1dbdfe473ae6acab36e,0
c480069b11f0c5fe8de7c4904222aad58ab97e23,0
e3509bf7b58491b52504467c42c450f291699f85,0
7ef788a9f290cff69892a1805a878f2c7217cd63,0
3c2f2f6054240300a477f3319c3168955254d77c,0
f321f4933b2608527a4a2dc100bc2b7281719e9e,0
a4d4d647fed7f964975ff85ac766e5f0c47c3ec6,0
798c337ab559ca947b23e34960d8cc3f102bd090,0
4158728cb896b894bef26da0d10a55f935a10316,0
b07535504737d5c6538ba9305f4648d67a8d20ce,0
4c08caa93e7445c3fe77e63891a8bd64e109c391,0
16bc279715c0416006d9104c228b3dabc31ee372,1
65633cef644faf3f7f7df3814eb566213e49be0d,1
58f0616951720d21fa8c2edb1bb2e45955f8444a,0
ae0b4d503c5f46eac2938e02887c1e01083714e3,0
64eb693b0e29b5bd7362a434d1314324179ccf6d,0
b10f1447591db238b13a68d04693061f135eba4e,0
8b339db324d751cec2ffd844305698e13529cb4b,0
0a0c92a479109ee22d40e1b234d4cebd2a93f862,0
9561e08d333a5a3723785a0513b81bd93536435a,0
408a5a17807a73bed0ed4da76b58183413ca4a64,0
a5c2fd6aa120cd8b93a7e4c614bf342962d8ee58,0
f1d0a5a621cb0bb238e1ffa42927de76ee072358,0
f92562eeb6ac4e62b22c6dd041db5ccb63925e2f,0
dd70942b295a1ab78aa554da80739591b7c067fa,0
f7ca39aa2d5fe050697299ced130101d25ae49ad,0
93b947fbcc2f09129aa9381aa4d6464f58e24d69,0
ae1246b922ee7c220a9e09adaa93cd4d917670f1,0
98baa0488585744013c3c2d420eaa1bd9d5d6322,0
bf9d24845d1b71b34ad4476e663f85a0ced402c5,0
e0c01afed403cafd3e183ac4450e2bd76255e62b,0
1bd6cbb348eef2114665d2c80fbd2b5af11d2c8c,0
8509026421e4c0844fc875be62166ba21d60e13c,0
8cf4dc20b667afae1c1d706e699288c15dbdc042,0
c268cfc9ee6dce243074b97576682410c561dfb8,0
553c58994bffeed1cf6740b13aee13b831fae41b,1
46bf217681f0774f9c6386fab97b7a25b28ca49c,0
db4ceeee3129514daa494935d40e9d3d48c1cf80,1
43a0abc2b16f4275c62522e151e292eb4f2e1a64,0
5ba9250372f9d2e1a3c5335709ad6fdb9133e1bb,0
62b8739a6f29a40ba218c283e0c5cbcf7a18c069,0
e2b8458d598fdd756897d2c4f769fdc0672a9aa9,0
ff741dc9d248f85984bcf36a08719b92000665eb,0
e001b9def91d6d36e8e6b9ed531e1d2b88a7d502,0
4d1be29122b276402971f7eb5337cc6e9ce50ec8,0
5a6fb0f29ee1ff25be760f717cbb77650f6e025f,0
0353324448c43a52b248fdcfb6069234e54003f2,0
606f59ee1a38b7708d630ffe0d4a70eaffe66693,0
8292bbde640dd8387b81b9d2f54397e4542c7bbc,0
a073ea5f4d2e3ee621141079685c1127b1ae537c,0
afca9afbe3af6b2bf45004542fec5e1d7daf0d48,0
99fc70b38a1096d72e62a083360d8e6697c7f942,0
24fbd970f330e9b95b27450648964d20cd17f2ad,0
18c5ae07e8d3732beddded9dd2b53175f708651f,0
93f60ac397c1a7bf3a9bcd9290a7e22fb2e7245c,0
6d43a2de6ed114538417a79b229ead8f18262ea3,0
b54acc5a426a51f3ed11f4b090d4ccee1ca45270,0
e509d6688f823311015a2486ec5c53a372ae41a1,0
ea0d2788a8cece57970df2df57db13733f2c837e,0
7c423bcd9e11542fdba283e09cbf6297128472f6,0
34d4bb4c162bc6229b91b44b70356a7c260c957f,0
bdfcd5900d409a6d9c7c8b9c11d054b287a9672a,0
ea89794e5aa33639c877ce6a1ac8ec0c697b6c14,1
cf818f71e6af13d564ffac4e84d92ef65a7812fb,0
925155fdb2cf117dfb07975f2ca7c34c0b34f40b,1
5b82c0a7c787e6150eeee477f52a7dc1cf46a07a,0
5b506660e9803b79cb57b94b7fcab80a46f5de25,0
d9187a7e5a4a821d5f8e8b234e53c65c0d3d03ea,0
3efd3a2b92ea81154d5a422209e30b3182a04821,0
e0a139b791a53c7f2f6064ad4e5594bb3d3802bd,0
4264ff04b40903581a835dcf868585738528fcb9,0
382568777f0b1a7bda65ccb0a58d007f36ce1f90,0
9dd76237766ca31754ba2e59130a49f5605e5cfd,0
f26563b5cc0783ef1eb4b4236cc4145f69d68f4a,0
25cfa18904311784ce15c1ee3c20a0c305a550f2,0
765cbb21481e6ff21e74440c1736d45eda002019,0
dfb7e47c949b1cc5845e18fa72a1e97e2900356a,0
c7b2b13f74c023d36341859335863f3ff429082e,0
badaf4a86bf3cba92e017e8725c366ec8aaaa07c,0
f306f2d0fe193815864dfb4f8a07b164158c9f09,0
2892cd1cbd7ee4298417e9e1e8f2f74b44c84c00,0
652d33a576e2548fe6e638f96f3e3a33fbbc54dc,0
0304f68810f26700d35e1194fe8d3dc9c8eda618,0
f1744d7e4af9e0f648a39acaafcb59ee67a0635a,0
a8794754a988f778e2c371fa973e5d5470bbeb54,0
8cc152867ab88bb4bf24e8ce12075d20fbcd9566,0
8040ab49a6845fa7a08f8bdcfefc6a1f27333b05,0
575f6328601e4c10dc67800e91ca170c2350ab62,0
209dc43feccf419220d179d083e7f80d9a3adadb,0
7e8cc89bab8a02a51f905d183dec688899326ed9,0
8a3adc8edaa06f89bcdc4cb3d0ec45b736953b5b,0
0cbe527c7a7de1bd76e574fead94e3d266163874,0
bf1acd5f0acf59a72640835a445d357443a64b62,0
77c8cce4f21de8fa2487b17a843c1b83c568f35b,0
69e6983364f8420c5726a6213c68b6c134850c92,0
8eaba39b30dbd0e2e99bc15338bc6c59dc0f3cfd,0
3c2228602ecceff6f52fab4f1c8dba22b17db558,0
b8e05f2c784387caa9f871628a3c6f529682d116,0
2dacb2f36598c465a7827f47150dfebe73132790,1
e55fbf282aa5b273e723ba68babb59813da138d8,0
7efe1bc37649aa706dde56b4f9f738393e28049a,0
76989b419327b213b3f574bd84d45b62956f2ee6,0
25579d01fdf8f0d003fb2dced0ccfad809ac9bff,0
1bf905c0074d229022d2cd4e7e07307c9ca4ad29,1
c8754faedb6b07ec5a386dcecaaaa2830dc6939c,0
18a3b93a4a775383194cbc8eb915f3d89c34f2db,0
fd5b7ad92c953a8a599bafa5dc2641274746c742,0
aac725cb95de336ecc925f05dcca4f58479004b7,0
0467a2d309e0f328c691b16d34ff75f41129da02,0
75b7e49c4939f6aa6e0102b2d00d5e28d173beac,0
8b0bcf725de9ac24c813f8df40e7c7ada3148e2d,0
6cbf2278b7c670d4d8af4f112d91178f943809b4,0
913e2c775c4764813a3fac627e1abc27fe061623,0
75f73868c6b1fedf2637d9dcf9fac81b7873fad7,0
a846f08f28bd2656859315a20355edffff0b0187,0
d6dc31e8c9130ccdd4de4451cb9b1aa9dc6e65cb,0
ecd905b15aff5b2778acbec2bc025e7df64672a6,0
741d45f8613544099b1555513f97b1b1100eb103,0
421eb22108fea555ab7643d0110ed04443f1f451,0
4055562bf3cedcf4b6e243e6ffe6040384bfdc5e,0
47a9aa416c0e3d2467a061d9bf94bf5ce2c77f8d,0
2e11129e22a33bfa2c19c9616c2ffcf92ec02ed2,0
088c1c5965b186dc06903df3cd38206ab832c766,0
e80be859456dbba5bd08fcbbfb00a0d47057fe6a,0
0b903614b5cb3eff9a0b1755e08c990a2b1c37a7,0
46cc9b620d1fd533a79f8422166a484979729741,0
ac78a2663550c9210395b15d3c15eaf10ab950c7,0
ded5a27fcbc2174c9224eee60fbea02575b1aaad,0
dedb76408a5e549d621a62e0f87249df8f48940e,1
0643b97cbdb05e1632087bca0f71c7762821876e,0
feaaa2c1e688de5a326339a313718d8cb0645e91,1
0a8f4b04c9d6eb165a67c04ad0faaa119c962523,0
6bf8b62be306fb52c1c0b4cd12c82e62f20f3cb9,0
94e04a59420d475702482d24d5471eb63a5c8448,0
bd61f39d0859cb40ddc027e500605223da12e870,0
891cd8939f79c6f4b376a4c045c1f436762f20b5,0
534f2087694720bb6a600521409e35c74e2fae21,0
bab74ef513308773b0cf3054d748226162ccc2eb,1
e9e13902a6fe2ba33005a4b9bd87395412113d12,0
e98ef7e7f787ad8e280941cf6cfc51c6eb751871,0
807335914c64667dba4270246be9f1d20e10ee01,0
b37c6b916484cddf02240005eb8f42cac4f1e746,0
3e77a367a36ca2130b244c175a89f4aa9daad496,1
6c089f689f5822f796f5fe0239158188bdab5e9e,0
a3c7511ec28bce8feea24ed95faad2badf11ed23,0
264bef9cee8a31009ecd2b0fbe0813f68faa1d3e,0
6f242d20e0fe81660807b10a68eda4da11394646,0
3490a516b56b411ea853484602e085e24af1c794,0
73da285e9ffcc44929710994ea50f8eba1937193,0
d4abb026708fec6bcf74751446675768562c7c80,1
da959154fa370dfa44095818218f19b05f976ed6,0
4b9b3ab94a5771b0dae74d688831ffb019e1eb7c,1
ebebf5dfd56c534a95e8fe42bd50d0fd7513f7c8,0
b60b1a3f22fba17548dc857a940af292b928a664,0
c52118dbc4a9ca0002776bd715b32c47fbe22654,0
69b4f80e4f6bb584c53fa2d021e1caede361fd3c,0
b36d39c3ab6bfc98b419f1b0f837f6ce49a5f4aa,0
383d9fdfa3833489b916e550a1dfae8c8fc3afff,0
2e32fcb221a5d692b087f5abd5ee4b45dbda418d,0
b6d7a78c1ce63df4242e84c8a1c6651888a8282f,0
2cde07b5753ac690f258953cf0acad02d1cdbd9f,0
8a4adc5b8e28cc30b75fae5b43f953817ab5183e,0
9c611c7841406c560841ad44bf63d73b83b61134,0
12a063e1c4b8f139e3c825e3c2aef63f0e7a34a7,0
0961f5eb1d533b8a6651e04a4b9e1776a2c287a1,0
fe55b70863d6da70515bd9700be95bf53acf4b72,0
3f6a4f007c00175735206e62f4077818a743fe0e,0
760de2d20933666a8b5e9bcda3dc1ef192bd792b,0
db7f681b9ac96595c4d293edafa91dc7bd1dd991,0
e228ea8031983b89deac972773a326f76ccf906f,0
cb340379e37944fa61b7190f9df640df0624e772,0
82f732c65917274eb9471d197dec9138393a05a1,0
e89a5a01053248209e6c7352c27cd2667999c36d,0
c3d568cd0832922c639b720e8efe711ff1ca35fe,0
3ee6d79bf15f873e1163ab4ac134fcf985a5b82f,0
bd1bd484ca09bee52716862555dc2092ba9fa9d0,0
d5aec19956053d6606de4891da2dae8503b69511,0
0c5e1dc0ebceda44a1fbe4eb54f0d0df4aa3e987,0
1be9041429c4e14ece86bb910d85e59bd1a43a5d,0
02d4ce51d2e50adf9b5439b55a6e2de01058a160,0
6717c3cbef6a6834af88e2af2b0db5d71762166a,0
d6903a0c28e716fa211038610d22dc1a74a9858a,0
147c6371181641fe10417d6830b56b616d25eb89,1
279d275095e3c65335db0f060d8a557bb85c4f3b,0
27a51a1d536ea604f1611870d53add8821140a4c,0
a48bc4a27528e77c66627aeda11885ca742bbdd7,0
1bf2cd30fcad5da24b234dc527c2c74a5afb587c,0
930856ac5aca017ed10642c772d5037eb4f5fc00,0
63c62fcb06b071c32dcc590c334f7918cf4150c9,1
86bb0fceac750c39f2c0bbce41a156fa2f103548,0
4cebda9758942474b887f476bc49c4c6e10295c8,0
0f11475ca79a60df539c9d1c87b85c0b8e1258ec,0
6b1fc95e3b0279cc4f640faa7ea3f6f9b22ae753,0
0d9a7972759a86545257fa8c21cb4954adf2ccd8,0
3117e5e318c79922f13aeed2997e53ed58dd7798,0
b4ec2bedb991941c750e5955cf04023e14b4c0d9,0
0c94c9a28cdb50f0fd2cd7a257d7a7039efec4fc,0
2376117760f3032da0e22170688a7a1f49839f72,0
84b3b890371b22d1a6eaa5c4e535e66a637d33dd,0
4ff57a2832d5bdcc75b745bf4767ff26bbecbc07,0
714408ba5e9cc8e4ba76d39b36102fd54cd85275,0
d65758c91c3f366efef146097dc8422ce26fedca,0
4b73b3158a58677a40594603e65de2e13ec1b77e,0
c0357b72d5943d01b83e42452751401764ffed9f,0
7a03495f78741063a990de599df75dac6b160055,0
8d173ee87940d2796ac116821687327693deea21,0
f63d5fa9769036124709ac0848f87b7a70781d39,0
4ba82059ccc8c318a1b53fa98d0b789560d88673,0
6f65a47323c2b44a4aced6a2fc1304964fb79e8e,0
b1e946315ae843dc366751ccab51236e8bef4176,0
3cdc527a5705a748b782a15288aca994f2ac7ff2,0
f743857bbdb7c6c3479cfa04b133aef0e39dfb7c,0
e60bf82a8d76c34f319388f05dd85ae911771d6b,0
5a04f2a6a86eb061064d7084c2f61b9514f0a034,0
506d290074c011b02e4603f1e094c134568c044d,0
dc2fe2ac3b19737482d2826c8281daafdac73eec,0
78c26eefef0cce83a95b2d97a74ab60adc7f662e,0
ced9c0e6e4bd05f34de6eb921ca4de9b41deb7ed,0
1226d62a7d9bbd19e2105d5a75ca543f7571f224,0
a0dcdc249f5b06c94b2e35c1d85fa95030e5af9c,0
d640df66b286b9151bfbb5489733372e5501ee21,1
f3fab9612ddb3ddeb1e7ce14986b3294ba6b8a23,0
8033d16512acf91291d6cad400126ad350639a8a,0
fec7dad29e5a203e97d90027960abae64fe63b82,0
ce1aafd01ce29c72817b5fc457231a5f0cbb349d,0
00b361a89bf3ea3f115299edcde0d78f24394371,0
16aa56aa3311e06288791f3ed14626b457a1ed61,0
9db93477ddf91461e9500dd69338d6939f039f97,0
f455535e3b018732cf72d34272747e8d345832cc,0
d2d433fa207a7774dcc076dc2cc2381cec8abdc5,0
5d7bdf7bf9459184a21b5ad30446dae653bc6e56,0
119d80abd1708e7de3ba7119463b1afb29658cd0,0
1c8b76274ad64cec18746d85e76831f3b7cdef46,1
d873c1be672568d8a0810dc95cda0e10d5fa36ba,0
cee5c7180f2a4b85fb6a089b64334701995233e3,0
b51caf303b7ac8e5fb28b17b446601d7448dad5d,0
88038dc91d4a7a1a58ac93489c095f544bfeea11,0
0a7684d0fb06667c0a89ea50663338b64db3c570,0
889ca2dffea52f9760a1561c0d4731212e2cdfc4,1
3b4528892ab11105b0a079703db11cd4b72f82dc,0
1f48e9e3650bec432d557c7485eb2ded260a3b8f,0
ffab780cc9a0b8755abef5a23cf7b65ae84582e2,0
aa74111c81e83b447ed944f0811df345b2d0134b,0
0869f888602530285afbbe7f43d6e0ffe5898d86,0
d593943e2bb6f944626ab5859fcfda560adc5885,1
160c6c9e281cb34dda2553acc25d39732d12bbd4,0
b223c4dc72850b74cdc17ec0043924ee75e1fc11,0
5ed6939cd2798d33cd55ea6ee0a144edcff2a92f,0
ee6ba4c6679147cac95de8db192e0a4f7a9eb9d4,0
414cc4cd937b37340654ae260152cf397c959eea,0
2cf2824db458e1a2055d07afdb3143578bc506b8,0
81d90a2da52fdecef680f97d64b7fc892f1384ce,0
85b03f54f3563d93c8fba8e0c454c81999ddd1b7,1
cef4d2d1e252feae0a08169adb511e3b608d1b32,0
5d70a41582cbb48148d0fce7d1e966f929bd1f7c,0
1c1d38b1808a784feab736ad71d417672dc99250,0
5f0a83edd91cda6eb76c93dcb1b5cdedb0c47689,0
bacf264d500da7cd1ce08c43f016a8eb8d41cf02,0
7c1c9662a4ac6bf35417c5d8386ebada91284c9d,0
acc3b135be0955383ec60e27d4109ba01c506827,0
11f8ed5b77e5edf2ecc84b4da6c14215978a44d9,0
1b3e878c8f09d1ccf1a05f2e702e9acd5ee25663,0
c12c99c7de5be90bf07af25ebfad8808e3fedaff,0
6b9e2aeebfaa495910d3d75d62979279e4712d5f,1
11a8bdf980714b230356c0f07adb353206ea7beb,0
dab9d3395d0a641520f618b6c78d40bee5aafa32,1
1ab9bc690333249770b03dea2f5a9cd2007f2b6b,0
46c635229f95f315e300bc27d0be5561bf32237f,0
2f294ee7b9e85d5acd1f32e14abea836206fb986,0
3b046e363f694705c2a4ed90e2fefc5c47052e66,0
57d478b8d796a01b30b5a0382f5f46c39dd85535,1
19d6843ef36699705db31183ce0cc9be16ab9ad9,0
7edd94b5b98ffeb8097208765dbf0e622b55316a,0
48167a62dcddf2772bfb201980370737b5d1e9ba,0
9db697953542da3b9b29b9c7b1f01c008ed659f7,0
ba457d92677443553e3e982b2edf970bd399f08d,0
efca071c37e780b2cc0e242dee15a7cffa0e6052,0
a22fccc01c17bd2e61a9b566320b91de05c26ed8,0
03fd0a59d510793699a2b69a6435930cdcd5192e,0
41b81ce5499608adf3d8df41b6ddfb8b3aec10cd,0
a9728ef52a368f6c862cb3762ce1190261dd428d,0
406999c1b908ecde306c10158018426c8f4abf79,0
4214763fbf344bb3a6c66fdabdb2985db73bb1b2,0
51fdb5ba56846e0d629119edbcbda856fae00e7e,1
d90486847eaba5677291b6241f8c8d22e640eb51,0
b8440fc9517462bb4647819e0628ff00d0882346,0
3fe2b9c17691652fb204b7315190e0d97a724e54,0
2b54c111faaf940723649d80387ea857aa9c565f,0
c999b62dd12396962da2d8224ae7f30c390f8ec3,0
b18e1abacfc7ae780c97394c9b1e76d3b7d5f5de,0
22f1ec205add0069f138169a5f501e017d773b7e,0
d0a0b84ea2a65ffb034e4bc203c6683fde81dd9c,0
c41ae591ac032d7c58e7b521e2e08024de982a41,1
2d860ee59c3573bc8eb6e984416d7892faf56f69,0
19c36241fbb50c07105396c36326d90f58f3cd1b,0
dd831fde28cc143b58f8cb844904cbb28bef08fa,1
96e3ab8d0f0e2f11837bd85a1779138768af0b5b,0
4d6b1be874667d54ea8c6290fae474d83d264968,0
3a7600185d400ce101e4106ed31acec306d0eb2a,0
a335899f770c67e004717558f8f9d52a4c0bc551,0
fe7565284089f83fc06fb9889f5026b0676cbae0,0
c60351c2ef3e0da91183c84dda9e496ee78647fd,0
c545c42abbe655da317a1b4b070059a96ef4890b,0
c429cc76b2b1f305c293d8fc18a8ebcd313420de,0
7ae9bef4f66eaf53b20b67734952065d25415468,0
85c42ce1801587e20889aec57c6069720cfe5efa,0
1da1b4db83f116c69c0f3cfef9b71019251a4011,0
8f07a0bea4b275becf875b1a78606e31d5f69018,0
3a62c3d1ccac2db03a11f2f3809e3806eaf285eb,1
b6a991b32ce164b54b4e8441e6f3e1e52226062d,0
325719672cb603276f0000fdf0f11f47fa2c0722,0
d7152f4f82e8984866f56b7238f8a7e581b57729,0
67dc7790ed036bd87eb64962714658efef0c6a52,0
38c6e71a4c0339665fb3578d55ea332db153424f,0
2fe2f7a9f1ded0f78ef979ca21fb4cf29124d1cc,0
32eee82591bcc4472570fe09582a3d6c711b88d6,0
01feb4573815f0f9f26c246eadb53f2fdb36d36b,0
d7b0057dd1a4a9230fa5abb6533a7199d24e1b7f,0
eefcd079dae8d9f433235bf5cf3cfad039ccd927,0
427b4e00d97d510df3b946737639d21cf48461de,0
a938f60239aa5c569be74daf98768897e6145789,0
b4158bd2d608db29fe5cbf87a7b7e9b5386b3aaf,0
96c76b96cbdfb20c922a6ea1991f9956c6d18330,0
b34a0bef4d1a1b3088cc4993705d64a38521ada3,0
2b492d47b0e080c67748728f5ab5e25c67d54695,0
47aa0d03b86bd0c56e6881de8f724797f77f2520,0
4f086e85f4e8319fa2c980377cc46540ee86b992,0
a1056b08888968c7acce701435f5be58254b6440,0
b9050cf64c59d211db2e0048b6cfd447d7122acf,0
8b3905d9901b2ac8050c6e44cdbcea298aa1ceb7,0
083af886b4fcec82b118ac7025aa68a3b7d4220d,0
6388b6ef315a775c021ed461ba65c6984da22a90,0
a859f6fa9e06eea1a62de4abb604953ab9b7c7d8,0
11ef7a6e21258e68864b599e4d2cd14830b5a827,0
427045dd56c72ab5c9d2649764d04057885e70a4,0
13f5f4cbf51d8ca354cdd2a7facf82763fa9237f,0
cab65b116bfb7c57c18859b0bd2d9a247020d209,0
ec9d3308dbdd297bf3c5e8563639d4ef94852a14,0
ab2636b35456ce08c4761c1647ef556c95bd701a,0
1761d0c43fcb36485c5adc2c14c24329176d003c,0
7a25c26ee1c5958ef761147282a31eb02942f0c7,0
dc8f46e25396973b383fe2743defd23e2579bbfa,0
1ccbed307283b427f441f4864f5bf90d490fb1db,1
8202d6bd265bd312dfda1c097cdf050f28d65c7e,0
0df9907968d7e82d243a7b3a77755a5d25d295e9,0
80984fe226d174e91d16d4963a47f52b675b08be,0
dcf99d12846a17d38a662913d620e68b2e609d3a,0
264198ceca0f564dadf9f40b48d8149f6b5d0bf9,0
4cb040cb38389df8e9896ba4eb2854be6e6fc888,0
13f0e273b9dfc73cb88ca57ec5d932bb7916e3a8,0
b959bbd9e412af20e3c57bd924093cece2ff9480,0
47cdb77fc1ccdb3637abc780652334d60a159799,0
4a908ad153b2c48942d8d445509e2097eb59685e,0
dc91b1618bba276d5f5738d4bdfccbee5f6a7002,0
73739e680f98ec4625fe0a4ae312f1ab912320a5,0
a27b908e122d181071b86867306e25036314af04,0
f5a715957e39a8b1ffb236eef8a1a8c8a49d8325,0
1f2a8f19ea2904f248bc5ec21b7050a7fe96d5e1,0
4d528e20d13c184258bf025f7b6f68fa1b6170cc,0
70a24dec19546cc0ebafb3c61f12bca5aace5059,0
234705e8c8f7e873633602d42733a2a369b547b6,0
af48425987396b5d7bb518a0c6ee6888c58dc28c,0
cde51f5d4eea21924ad1a7f4f0e38a192dbcd0dd,0
398927ddaff1e456cf12e91a497c27f7ccc24689,0
9115ec80cce7d0ffb093613428f5188d23234eeb,0
474704b06b28a33a04e754a178d430f4c5295ce0,0
562711e0c3d4cbe478c7b843016c9b16e04a4748,0
ac16ab51ad6607a035b1cb73746904d300ac94ec,0
533c22581b5c819975edf27230987f1b496979bf,0
379d9ee082a0b36b46874df4465a52dee0265574,0
aface67d2922c395f37fe50a27ec86694f759689,0
9392e05101cba574803f90c7cb8405457b0b823d,0
e57b2836dd1b8bd2c78ded042d06d9b7d5180da4,0
d5813636931fe72d380c1a5fed60ef4376ea0426,0
78a8be5844b608dc0a1978330810abd83b332627,0
e7c494052fca9c88be798a89cd5e90fd5bd5f7cf,0
3684bd46fe7a242c7b9ea4158ffbde146745db81,0
8ccac55e68cbcd201d88b36c72a3b2fe8151dcf4,0
2d005a57f0fa47acdc7938c9a102fc123d9d5a84,0
5db403fe264879bcc8e34a256dc527eeb5c8a930,0
f5fd6348f5bafe9d3277fdbb5af4e788424f63de,0
b3c6ff971cc965cdb1d932e8beea3d1028f74ee1,0
72397b8159e5e316d99cc5f7103e8190639c46b5,0
3ecfd52f7c4bf1926f956494492515d6d6a1e997,0
56401681bb8b9fa0a72d0d6fb2a2d09564321fcb,0
1125670467444029e73bf5ed3b6dca7a1bcf292a,0
1309c574854123b1468e6640d0bf343b2982a337,0
d9fb3c60e13aece18bb4d8c3b1afa2293c134a5d,1
9641a834e4433e0c7eb273883930521a1915c690,0
eebc17828ad1478c716e0b14cec2af694e20f8b6,0
5e7059228cb0221fceb737aa4a8538d3058509fe,0
fd35cbde649c0309d7cc08cb4152ad35b7a34a3b,0
1c9860b0f53899a28e043b3273ae2288635114f3,1
07d3972a750bc6b32fbde82ae919944d2636214f,0
a7a4f0d310c624ed1daeccc6ee1c027a99dfb45d,0
086babaed64e0b157bad8925ddac51403687a4b8,0
22bd6c5b890428ee467294c35b2610461f036f4a,0
40d3fb66b702fe9876640417c17de1faaecc8fe3,0
43c38da4a1de7efe54e0da699301bee6ba156c3e,0
e71ae7ba6892fba80a6d69e67b8e21ebae8c7ff1,0
f7f797507992b5a54ecc349781b7fb56c4ab6dcf,0
b45a3819e6021ebb2861c6cc27ade7df659031cf,0
a4a52fda17d8034e2e79ee157fcc32d4c700af8c,0
483b49e41d921c4543664ad818fec152f6d9fff7,0
2d43b7cc9d2a581d1d582d93ee178d610db3beb1,0
3fe279da493be3e213eea6c70a366437cc4dc4ef,0
89a425cc5438597f05689094f39ad76d9847555a,0
5ccba391537938efc85eae109ca253565d9f118b,0
36a47190863531c9c1aae981fa763b6c38df5b15,0
8e23e420b3fc8d8c0a3a3c8fd7f5db6d0e604b42,0
32d2df6a513caac930c177fa1b749585efd2ca49,0
09d98c3079b9d37db5a66837e8f575e4095a19ef,0
a0c44e219cb07cfe8f741077254150166976d285,0
3a43baa92fca0624b0eaaf2b701707b8998b7089,0
bbe816c39aed94c64749377b512415b489dac290,0
9348daf51f0b0df7fe768330078473b184e0709f,0
24974e7337dda85ad6c2b058e51493e6ceb67292,1
d37929329d5e4d287630409ad197a4b63981cf83,0
f3b7dd6d3dca7cc7be71ac198e74b2342e09b736,0
739b8db711c89c1d69571c247c84c574725216d9,0
9050e1a777183527775741df8323cc7504d7603d,0
00344374f4b7be7ed331ed5b262059e0c5175ec3,0
defed750d3a068d55bd5c37685b73a15ded56678,0
6a545997bd87187a20954f18737ce4c1e0c0b4e9,0
fed0fbae7cdad4a5b35367ac50297b7dfe1000d5,0
95ad20f5f973f0ecd132cdfb4783c5b2ffa0e068,0
cc88860c6188c5f4b9b561c1f765726061a37116,0
bede2bbb530a56ad1313b6181f0adab8f7fd03f4,0
97a8324e4b4b9a30a5fa0956aa7befd0bd2355ce,0
49fd5edf36de536d411f75e823d436813032a84b,0
8f48ec489b5a491f3e883ce21b132156f71d68a2,1
5ce2906b9129195c4183500cdc6f835ce53ebf21,0
76bef79c3f5f1d9fe63f91e5e50cd56a0e06cf13,0
7637a9c15c4c3dbc195038adc126470fc8271b5a,0
10dd1f38115be2073e7647daa9bb878d4b4ad00f,0
2ddf405ef693b1e0929a8bc77fae4fe03447aeea,0
096f5adeb438e68a60b3eefc6313ad05e178ae85,0
761e2096f01efbd9228b73d17b268d7e153fbac7,0
e946d8c67e3a474abde715b9663e4f68addb7922,0
b0d0ab895d1c42acc7997819c86ca562ae43d510,0
a94bc73fec4df55247aea524b428d1b9d43db9cf,0
407ba9befc5b86e226c06021cbd5de922946116a,0
1b0abc78257d4bce02b6fae04e90ca19d9b4567c,0
8f987042b2aa3cc2163ad63150edb383c0b8cc48,0
9a3b08e72128aa846fbd6d0af05288b4c4e877db,0
209d117988e992411a4fdc8e373b65e0938a7daa,0
7569d2e6e452b0a5ef042ab4a190e0e7a6f2d450,0
d5bc02984bafd0d197dc770647b90208d60cf1ff,0
3406a5ab7c8926e1ac39384f57712e9889ad55fe,0
8f583521451c626638275dddab9c9e782e2dbc00,0
e3cd1f08b0d510639173fbc5efa01d2643221d42,0
8fbcb0df294b71e71b56500309d151fdd905268e,0
d255a9b96b38c83d81d2b53fda8faf60228d4fdc,0
baf08eec39775cd10b56d1eca2c552dfee84ed82,1
02021ffdec403e2a8d9009f3a712d0e11c624524,0
de16dc036461b6dab9ce59618437cac05615f9d9,1
156e750c572abe9e1832a2f8a22368989900cbb9,0
4541e6f2f204a10a5a805f907c83109cfd932957,0
9de37ca0055e60f12a51ccdc863b3ea51f2faa4d,0
cc3e89a4833a6828c5b319c8d0435762ebdb7ac3,0
cf317ff375d589b3302c34f8bed75b67d9648d44,0
a339b2ff98f7612573d718874d30127e9bbf8359,0
79a6e95d100772a5a8e25fc86ab97ea9d2297321,0
465339da661ca0e056681f5f077f2415c7242796,1
168f045f3d6171e166c4095612bf55038e2f51a2,0
588ad7ebffdce4b137f2331e49b986f59f0f73ee,0
f31b21b7d58068c76b0daa74770574eae90b3952,0
cf5a891c58e047d705850a5e886d4c5c4bdc7244,0
b9038e82bd74294d080e7d896933ccb98099ec88,0
47ec8612b9030c3ff7add4040ae1d4e5e97649c1,0
c462b8db1ad6e21ef418690479a9ca495ba387d2,0
b15cb8cea19f46448c9f5ad1155c89b4bf2d8988,0
47c27b70bcf05e02149bc6f1867931316bcc6693,0
cc8b423782176d2ef7c9ac2e5842dffc318ab457,0
7b674e7f6fdd936e71408f2b1d9e6c18a98ae1a3,0
81a5a5afe9263ccd6b2782ffef9d00979cda5b70,0
fd4c0ca903e81570d32919b02f7bf0d2e10ee8f9,0
fc9431b6bb5cdcb1b06c8a96789ec8e0428365b0,0
8ecd6d69d2ff390585adfe64d3a90b5a79c48ee9,0
e58210341149e1d982aace540f1878ca7eec64f3,1
7f6a0766462631f7d119627dc6a5905bb59a15ce,0
c3721879b4b5d2a24a8a4244144dddb1c375ec05,0
89a6e46e865255d5e4f4b3be84d7aeef3674761e,0
4c754c555d0518104b6ab194920b8f0166ac9ad2,0
34150c72ab1e29f3b44eb9a2945ee3cbd972f14a,0
1640f7b2c8494f62fa431e3acdeeac8c8be715c4,0
40c859ab68737bda35a39ab0196154b401c9340e,0
79d2db82ea1b2c519435b54adc89a55ab3e09cb3,0
eee401a6b16bf875e2c46fd0371107d1d3ff04ae,0
e0bf895a4709c58cd106f9344c4409871af210e2,0
debda88328a6c04fd0314c04e4fad57c1594ae2c,0
20765499c6314354a8fb7b2ed00c67a7206d22a1,0
a3caf3858b63500b989ce53e1b873f760a2e457d,0
539382b87332d51bf77f18e34d0856f6c8abfe27,0
c3c21b0563319223abee5209c93a2853ce6765d9,0
3cc8607a710e80980185b6b63996399e756f42a0,0
c61224eba3921e369016a5ce233e3111ab999aa9,0
cb6d62349e53e3501460e8cdb4a4684200592efc,0
23781812901483a284c496d9b801c185cb72c3b4,0
456c3d3a2b568a34746e8721e2afc4f70ba9a4b5,0
6b66a6faff8b590d7b73825f12e3554ec5bd603a,0
e344031dceaf2769e6ee31ed432ea0f12ca2b8c9,0
6af2e3c8ba5dd3c1fa0450eba8e3c0505ce93ed7,0
a69e77e0874fa7d409d9f85aa25a202645bdf0a4,1
00e435aa2809ebdf3343aaf3c7fe92306df21286,0
9900bea401172168890a6a3b16b63cf5cb4906d6,0
7068ccd29cf96f54dd8ad3f3f7c4caa0955699fc,0
b646c685ffe30bf7c9725bf2477a35cc214b8e66,1
616ef096755e8bb6b0182f9e6418dcba5a5a5ea5,0
0bb346136e173c0d840f8e22728627731efe74f3,0
14cc5bf265ff2b11a9dd0b0a64e603e512f135f8,0
d2294b4094eb12e905c3da8b4532477ebbc0e67d,0
3c6b272f644c9abe0eaa9652c201c311f913ea93,0
3ea8ada3175c28648db6f6d36045fb3c900fe6b3,0
f0140957920644e342e674f08b407165a4e0a066,0
7a58dddbe443ee3bcccd6f45b25debc7c1a5c533,0
c3aa9619bebb6a7f1c9116d1f40604604eaef273,0
c3f042308d66822ec354bf6767003f9928880659,0
a1773561c97b20a1de3ac654d6c9cba36970f816,0
7c60cca00dd5aaeb293d45f6aa405486e381beac,0
a6f02da53c8594cb3779d6d027a16f5e238d0891,0
72a36751c702431e5da9540bff8ebf5bb9e5d539,0
c9bef144b92a0368ab84b52d2c2e388d19636273,0
4a7db42f01d61b1c21ffe4a57443f98300b8750c,0
421c05db814b2e5a3bfb873a0f6450b9b5ee43fc,0
414f81235da0aea39daa5973592465b63148177f,0
db8de6dd10e84542c6051379ae6fcf36a780598c,0
c0b2b22426c7ac18c54e48b41bbeeb9c91131906,0
86146cf8f5044ce63f1dcfe27d45917caec635e1,0
d8754e903757722b9e6ec2a60d18c5ffc93495a3,0
8536c0f44c8f5caddb634017d895ea01c0a80cf8,0
e40d44e315ab29f021456a6ff9f7e3ac8ec5ed88,0
1656441adfe519db76b100f5b9053a5075b38b59,0
ec5231b039cb71500dae77b777784d9884a1c075,0
7b2bcb5c294e72f63e834ae464371a2b103ad6df,0
9a53d375eac2b9c4faa4ee6a5e0d900919774013,0
8564a9b21fb6ea0030df8ec24fe9bd089250594d,0
c9e691bd9cdb9d5252e628046d902d5e022b13d2,0
9562a041e2f1878e57176128d00abb594222829d,0
094319d1be1f88b2b95582618e241b764433bf45,0
c87d236198dd49167f76e9b289c5cda7c2410391,0
7968d62f1eada513bcdb9465b28a602a50ed3b6b,0
1115a25b4c085ce1d0503b1cf7cb46a7deaa3ac9,0
f77ad19056ef87378df9d1b260b1aab2b9024929,0
04c899222e601b9639bdabbe130dabbe96a82fd2,0
7710e9fa935ada0c83f34674d24a5a33b6ded97d,0
93c353412a20ca8457264fa8e408d9b1ae4d858b,0
f0195f2163fd6a7e8bc5c8672d549b0bba3979d9,0
838c700aacd13a09c0362c6dc0a4ff3938cd8e08,0
fc2645994824e127c917376aee8dd8a14ab52120,0
1d0aad23fa2114cd7259b751f586f7bc452a702d,0
fb87c58f45e373a1244f08565d3002b09caf8e65,0
2f961ec0a6bff09f9fe8640b9669239e3e88053a,0
397aa6a4270af15f9875061f3e9a9eb912eec935,0
a71868dd4345f758807e0fbd6a11417f4c64e73d,0
128365fefe36d1e854c99a102b97484066271152,0
f00590c6509911dcc2cf9d3a52474cac288145c7,0
9eb36f869adbdf16fbe5e7a7f86c5d546141b474,0
a6a21e3d23b13de4f730396aa9cf0b37056a039c,0
d2822da4cb43a9495ae477ae04bc7c55328874ad,0
6d93a297308062bccfbc4ffc21914a9281bc4e6f,0
5ada75857ce0fab831f57a8af713d09f3d561fc8,0
1483bdf480455990ed7a021885e95c3c3037b60a,0
bcbffbb4541c3e148a34a6610276023ba8000d85,0
923cd33ac333f8b6a0dada5e82cfa9bf783ba43a,0
58626523dc9df7b248bbe8febce4261ab23d389e,0
431fcbae2de5af91db381c9cd1c0bcfb7362621c,0
175e8979304c5ab4c9e65c5fbd9d1bf63aac9d17,0
12d2d34c2f471f3e56269391046bdc313e04b64f,0
492a6035789ed1e944c8658cd68539b80f4f1a59,0
c2baec94901b2e40873298b7d9cccfc5071b930e,0
1c1d632cd992c66d6c6bf6475fdd34a55a72db04,0
d83ff1b422b85c01f0ed09527af4d1c0c7dbbcdb,0
1f6dc7d321ea25d72bfbae12ec1b09a412e10e1d,0
bf2a91c2fef63b8d657351a50f8c14a5591f4e40,0
982be7277fe3f4dd61a2747a84748f503102e3c2,0
099b378eefc1552791c216ffafa354d4deba6a77,0
c95c4dcd778551cddac101dd010693229a87d483,0
abce33cc1c138843587440ba8f3f4b38fb34b000,0
8ee210c0d419380637b776b645c29073c2055118,0
89a7922436bd29d2d905d6e392245773df107d1d,1
f2285961035f9e142821b38b647f3705507301dd,0
c487766b9eb7aa7aa235159649dc90a204d04eb9,0
cf3ff6fec8cf67b7b3cfd6f5e58ca4b1e4c43c20,0
f11b30b757bccb8d3f97d3a39c770093dbd981a9,0
42654d79da7ef9352748bd88ad1a71e825b51f05,0
6da2b6afe0fb0f543378f73867b28e024e776947,0
2944c4cd1c128bdf2a067546c22aac7896d4a5cc,0
bc82f1977bd78b1e6f8302795a3c9dfde61a5f70,0
859fd221730623cc51fa80e882fba5f79dc7c294,0
3c2be2dcee9b5d30dbf0d47e51f69ac8978bcd17,0
fcc31eaa9a70775ea7f052ee75a8bdd8301357cb,0
c45f42227b73c35f1114f1b9b4a75c6e363be3c5,0
46d88ea03d63724fa3ed70b65387bf827a8cd236,0
c7d177b28c1e3a232976e438bf1668ff993983f7,0
887330ce43efbc2f9649932491301c36cecf09b7,0
8d1cad7763c4b64c0581e3350ba8afc633da2c5c,0
d63b60a192aed7dc43f1ff5e13cc099e7e852e81,0
624623f48242895b1f1d252ad8922f18ba86c23c,0
43768225a046f7f3044a83920cd26bd640e8ea27,0
7674719f959cce1f7d8a6f61f2645163438e1600,1
ac891c6cc8e35f9f036b2721b1ea057c5eb771b4,0
68155929dc6ac12b646de68334508313bda4096b,0
239cf39054bf11e095130190c209d0b5d19381b3,0
4b1759b1d37d719bf1e932edf066f53edee5bf70,0
8e91d2fc33ee53e540eac644d435985c50444b6a,0
8830ccbed206dbee9f9e2dc23214515ead5dd799,0
ac0cd9d1139176f4706b52db6f3dbd897a4b85a9,0
f02040b5b78fd8537403ad9204c0eae8bfa0888b,0
2d35f69f8fa8d37eb58c3e710ca79aadfc8cfd02,0
23ed6c4ab3d1a99a75179005cf42251b9f142796,0
459d0bf16bc26c85b81b77122b424f50ee321d22,0
9cde07ddf9f17baf65b9224361962db0bfe41f4b,0
7ba46e0668317c6710855019d61a271f429eb8a9,0
e249fc1215f86806b8194485fe5dd30a391831cb,0
a1525abd4b7d198a390b5331cac123dad12bd3fa,1
e1c0c4680a43a35ab4fee98a917e5ab69eeaee21,0
693f4389ad7f9bccf4d1e000778ee48ecded597d,0
733254f4aa663ecdafc9dba7339f1f4907c6b6e4,0
59890872529aaebab9bee694453ba33cd1e406b2,0
d690781c2d78dfdb835140b8677f3fd62b592658,0
4ab276f56a22430f3316a6eb3158caabb7879289,0
e25c40f4b5e8d50e5e53acfe71516e5089a0c8a4,0
27fea4ed4c94e9192d3e229d36dc1500e630bb8a,0
79b20c4f86b7d1c6aa4a78d80cee2468914540bf,0
10993d73384df37b7e35368ce9b81c3c48fd4843,0
afc070954e2ec3637e1568921b5172c6fbc0fefc,0
24c6d5884d7a917501aab0df254aa6795221746b,0
651f002049d9847cfe6e7194302daaca2ec9461d,0
a271618aa2311708573218be529cf3572e7ea22f,0
bb8120ac81794a752a346e04f506ee6be9d0844a,0
daad618f1f9b9a9ff283e594a61ee8183f02f05f,0
2d1477624254931c36fe891dff21e0bdf6d03b23,0
7eada544be5a1990b830dfafc963a0cbb5d938a1,0
e45128d8715767a65186f39ef2b5c3082fa7a005,0
e8d2711ef92e104f7245cf9473ea542211667c0e,0
e2a05ccb524254687c7af9525e98bca81ace29ca,0
2dbf88aa58be903681fda6c0d7ada7c969e6af8f,0
6becc38ae1de0cf9fc7f0f6a90487cd5e03d0e98,1
e0dec5ebc4a325aa71efab9c2e7858a11a4f8241,0
41ca2998a2399e4becdf17d272af57f09cf631ab,0
93f38f78a4f5a1bb3904418e495ba99618695ca4,0
86a7627c48a57d98a71c3cd0713e3d6ac5c69705,0
3009d1fbc219e8b90b72a9c6c4e9115efd715d36,0
885e45fca797a846f79609ab5306bcdbfd4aa70e,0
60bbbb782ea60b3f47ed1aa5d38cc461f02ec780,0
52cace5a16ce6b99a808a8d50a5e1605849d0593,0
5f8398a97784dfa8d2d5fdf7c6ceb670809ab89c,0
ad93abc324b03708a5ad98b596561eea386bbcde,0
cfad545eabc65b7ab37c967fac4c69c41bf92705,0
2280022e3781941a545f2bc6d658e47fc0ef6bc9,0
4d100c03264df3754496bbb4a6c4f1f2fe5d9015,0
aa9ec30c5bdd905c26992acbca59c7748ae3707e,0
c2dd106f571862e9f2b5fedd5595a0374496b634,0
b1667e023f28c1f6a4ba331ce6f9f723aad6fde3,0
346cd7683e5e640a2ce595a72a9e87534397c470,0
68f37914e634ca9f9c03f850a72f46d086ba2610,0
296b0d923fd25d79207e4c9e5ef80231b124d2b7,0
aa1996361c11c731e4aa81a2347bd3319950de23,0
0de61f3348b0241537b66f4cf4e9d43ac745d6c3,0
80ea471a0b8b6d225ac60df64d6bb6efe3cb94a5,0
f95f8fdbb11ead48b578f236c99e1fb24e8ef0c8,0
ab20dc5d6e3a517e25aa0a9b38dd53bebd9e5e47,1
400394cfc311f23d4fb1c1f19ee53d5f787623ff,0
1838fcb5894b0ad8ccac4d95304bb832e75d4e31,0
35ca649f87c452af3004458a7d0a437710bc71af,0
d569215a2f248724c79b9ebed32abb44232329e9,0
675e2333513fff89a249cb78308b2c2e22daed03,0
6b310160189a2e3249a6795712e9b14516dba4d2,0
51151ea6a7480f6a502514d36858fec1341afbe0,0
d818887728f10d9d4b8b649f34665ba3fce7e633,0
feb81b67b330e380d4c5e59c79f2d71091cab436,0
1f23ca25baba0b510d855c8633c42e949347992f,1
1d85319c83d950dcaba9c203ace78d30d0e1466f,0
86e5868c3c2f6870e6d771909f0c3898a567f230,0
a34de3572850cd15f480e6ca97dbf202a17b1423,0
deb5bad0459ca0e2d07186e19433359c48429517,0
ead5654855a4afba980c1b6b01a4597e25a97fd9,0
598914543300e34f1c9beaae849bb55e109e3920,0
b599ebc6c82c529a80ef21945f61421e94ec112f,0
0407ab8b01e501d8f592dcfd5c7b2e6d73cb0b88,0
f8722ee918956a66ae3e961fa9ab5a86c98f12e8,0
09f575680a70876fcd2a4d09c238c2863ef85e5a,0
9998108607bcfc9e2cb9703d6f308ede42ec7404,0
74832ffeab0d42316023b55932ba8eaa0fecad9d,0
3abb1b854c39e47be8be179c8a2c79ec5043adf8,0
375c290b66831fad14e0752e9dfc98d9e761d9bf,0
bdf5799e705e75d02786b51b5dc89aa5738db0df,0
362fef7847b64bce120b1264ba40c5107fb4db3e,0
82c6a8963fdc110d88628cb4a139a5ecbad8857e,0
7c8e3f035946c83ffc729adf7236afc89245cfab,0
7f0500e7b7f9392e0b7bfa8c8dbd16184c672c7a,0
a43fbe4e563f8e280e9838c7a375063856013981,0
91e4741d15ed00ae7b9f88a21237dbd9194d145e,0
d3cd6e8ed152ba95d5a1eab842875640d0008c2e,0
821df833d367ea8378ef71d64900d8fc9b3073d2,0
48fb4ed4d04c9e9bf3fb0eecd01a06cbdc59c777,0
c444cbc84d78f9eb5a93f363bf60463de3742e97,0
0271abecdf9f738b6424ff8d87c3626ac3eb28cf,0
6d38734835be742cd789f92c1f9278e643bce5a1,0
5e710f14f13b2ed8a804f4f87681157a690a74e1,0
ab0a5bfb5a421301a52f0436ff5bc4b8ca310840,1
847bbf156106ce61fd29f2c8e0fc9ce8749783c2,0
34028ff41f0532c29c3fb84a7476e47beb680ccc,0
f959cb550a024483b491abb4342181c64cdb4b1c,0
e2c928e01a27ac3fce7dea285d6fcb2ac8efece1,0
ec4a84a2b75c6cb44e942b5a16c50dfbc1ba0b68,0
e3b51ff9942a4d4f9ea52c5c02257022dbc9799d,0
41192123f37f6125741618e47939f67f35854d0c,0
16bb9e4ca205d0777736ec431414541b77ff3412,0
8bbb4ed1f9f0c00f3a2c3ba025f086c743e26c9e,0
283fe6cd45af931e7635733b087df9c411128c49,0
362e7070bd25565521240e2a333b009aa366e362,0
7f63d67e95c9ed8864c9c449dfbd3dd0de95576b,0
3946cdb96fd1211c6007ad9d5cf796c4773242d2,0
bbdf4568b159ede03e2a832c357fba495aed15df,0
8f15bc4efa7fcd67e768c30ece8dd7d3af3577bc,0
0b5d140524e5f4ffcd2bd19e8975ef653d1e9c1d,0
c00ffe7d5151d5ed1888eedb2faa958bfd0f4b10,0
82bb5e90fd0c45a5bfe215cba953f1bf807cec92,0
4247b218a89396c72e76538083194544137a4c0c,0
6d6c66e5e03a91beff55d01941e2faa8e1a47999,0
477e4aa5f931aec7738de408b99872c6c7067b4b,0
733045d4278c88a83134f16c8a03160578c5db10,0
13022b245d4e07bdf1e2c28491e87c73ed60de99,0
b278af9c2a83d3b43f6320bdb4fd16ccf976b7c1,0
78f9d249744670c0b52a82422c07ea355d60f874,0
7b5e595d813acd9cb030f3570340c09125ee217f,0
1fd3dc8ffd21c986b569e842d65cf4b13b84efab,1
07b3bab21a428046ef1f078582ced21ff1ac1a91,0
89c33216a7424c7d3a0f27c95d8f8495f63bec22,0
a0bf592d0f44880ed0eabd2c27dc5b3966d0728e,0
ddc829987d55200cbc6d0f99a8d87c465cf3d8c6,0
0dffa1a190de68b4cd37f05ef5c5b5faabe6a4ca,0
2b18cce306398846267860592b9b760f9a6aaaa0,0
d5d4db6e7bb343b9ca2cd7d6062d6ce497e0e374,0
aab53c7cfe36db306d4c1e9f788d0bca6ed7239e,0
e2cb8bae3d2095ae6d621dc973abe5cf428b4881,0
f25d017b390002e346a129d8020afa66062e4200,0
5f35b02cbf77103a688832e659ae476db4a321fe,0
b5ca6937413a5121423d0781b123369488a8ccc2,1
a6f97fa48a4b1dcb2276d5f528f884f0ccd3c33a,0
988dce9788da7901f6529d971930b177dfa75eef,0
b252c61343469cef64306151521ddbbfb2c77a3c,0
00db7116c7aeed93e2709ec27b4e6a32e04d4a9e,1
d306a877eff2359d9c7c9921644a81d97665810b,0
6e6caaa5a2a3b9290cc0b10b7ade110ca8ba1e73,0
c02980af6ccab9e21601d266a4f5ca55fdecf9c6,0
59640fd5e36c9650581a95a3a0661fa652bcd5c2,0
b30a1956a89a620f96edadb104ac8f9deddd2444,0
36b95e689d41ff198fb7490e3f529f8d146edd41,1
725ac3eee3747cb6796962f97a7fcf056311acbb,0
ae455a7ab04252fac479e54c49cdeecdf28b37dc,0
474647e03ad425fb515fe3a82f41c3364732296a,0
2509d8d1607157e6dc863e82d103b3703ac707b2,0
29c6347fc0685e35daee0e70747710935867fcb8,0
7aa89b4a1a5d72e9ceb32e6b3a645c935fd3b38b,0
ecf690f8c1a2d614f028ceb18e588e39afda2056,0
89df8f27002cc765e73faa4f611dd2e2b776440f,0
25d839af72583000e4b7ca9158e6076cece698c7,0
5e78ad1b687704ae11222125a0b5886944a553d8,0
75fb2d550ec98a69f3576c8c12febfbf5cf907aa,0
fa8a19dce1231d1bb5e332ef0ae939d225e2ca6d,0
d953c85dd2fadfd7d5b54d284f3386f56a169d01,0
79a2a6e9e9d8d5b8ae4f6f6616f5c7176d49a324,0
78854335f5782a36beb7c625b257f2d107f60aaf,0
6dfb85fc5d57a4cc18bea31b6d6c45599cf9c70f,0
a0cfaa72f23bd5e79dc60976b9e821c18f4574ff,0
8ba843a7fe3c05dca06a9a1f8a841e07b0bb38ba,0
e0eea4633c2d6d07e2cd7491f03eef8eaecc4437,0
1271af03a045960e347ad1346ec388dc2800fc6e,0
3c4db73aefc87e4d33770a423445b0ce21aa7305,0
307f040d07b120610025bf32db20c53014e134b7,0
57bc930c4069485596a46b4276a7ce132e9c3139,0
4d1a79e8e428a2e95fde362ea4f952952eda547f,0
a22cf29d34b81d2748341c19dd54e7bf328ab499,0
e64e7d08c3c77b44da1d4b7893a1179e45a5930e,0
9d47a1f9f63ec207b7781cc71744c7a07f3d4a17,0
eac27b6ea57616385f3042b90feb237b30fe0c9a,0
47e26c6eb83a4c8d0571c640208e004861db6eed,0
0a82685118c7201c0b4cc23bab8b5448d0b06a31,0
8821faa55e15863cb9435b7c104a2e38ee28b9c1,0
0954df716bed5a1757f71488d300f60a6220d47a,0
8d8953696af2c2a935320ffc96fb5728105f87b5,0
af01ce367b3b0b0e914887e2f8155c539fac2187,0
563c73aac31b541ff41c57f98afc7f4eff404d32,0
992c3b4ae45a8ba1b21f81010a42fa2cdf431510,0
b3701de1e8353e3cf3260c0b50c68fc4797968c2,0
6f5519150c1914fc957afde9c5b2d92f0dc5c03b,0
227faac5368d4bbe48dec2984f2b8c79b81a5ac3,0
3b466135b7ee3c618773d90b0d31a1288bf95360,0
c5af4918aff5da3faa602efd2d09a5a3610d63e9,0
8a716eb1ca30d6cdee5980e76c4c75eda3a0725c,1
149af1c2926a045e5ab4607d0cb9afbac7f0d062,0
b65c33f21a1bddf4fb2f6bdcc564f1c2ad5334bf,0
549e4a8b777b04e8c019c6bff62c36d5647ed582,0
c6a14b4325b6216b50a7ac293e732f81ebe5b5d7,0
171bb8997985b413b6401c48728045555823238d,0
39885a2670f94f52bffdc646109dad4ef22aef90,0
588d3545c57cbe6dd63f25575f538b3f80c87e5a,0
796f87af35b67ec5cd82a6311150e95b23f506c9,0
c75018219786941ac7657b5ca96633921112640a,0
926f162cf0c4d2bbe29946585ee5967eb1da90f3,0
60b3371163937a2dca0a4126217c09ab7a1aa40f,0
e47f093fb8f64a86291f4f323f853ca90fcc15de,0
a95070acb4ae4b3b5fd4dab803d004978e773e1e,0
1b34a4061dba5a5d94b9b67a7783c36053fb7084,0
3bf156f46a1281d1f9a69f598b3afada8c9875cd,0
2842c76883219390d16f193b55ceadaa23eaa695,0
d1b486aa727ce029b9524e815d1a042124e188d8,0
43be52099e6a1b61845a913d270d55c42b44010a,0
ab4099d0adc36a27a37a2570c889e33fdb6473d7,0
db641ef4cbc9ed8d48bdad5c9ebb6c97aba9aecc,0
9e183e1e42aac5aa9f2fd95658311aa6a5f40584,1
725e350770c893c7ee5993b3277f8e6dd05d233d,1
79aabbdc10c6d2ac9d6cc62e5e3fe021854193cb,0
e1afcb42cf3fa277a8edc0f82ba8f17e8ff8a6e7,0
6aea7d46cbe9883822ceb7897ff8c06f455b5e4b,0
ff84f14f819219870da4b737a2f1c6ba462cc93a,0
642f7dc9ee6be7082105234c21225ebe5b3fb160,1
c399438d088c04c00e8fbd6c834a10806ef4eda7,0
cd283b1da445fc4e39f5d41971173c07d16e51e4,0
5478fa3bc327b8a22654756aadb328663fd88d3a,0
8edfa8c9e1f5d9749c746563e07848b51c9cb832,0
94819c17647edb31a52ff1a143ebe3b98cd16daf,0
3a3ab452a3aa565c362065e9e451d449ce92dd32,0
1c918fb5b641159e9bfdee012dce0c8773a4d579,0
26eb62ea8d7ee5fb34e8031940c2826ef4296171,0
ebef0624193f18e21a6352bdf4fe376f0daf4f4a,0
26763c1563e856b71ae0ec9c44f014991b869238,0
d088d7c84f9d1d72f0e1afb3cec3a8d0f8cb1b7a,1
77c463dd6aacc32d94741664870e60127ea9c45e,0
6638358f6ab29ce8ba753194927ea41acab512d6,0
5fbe811df8e330d13db350c2eca6055ccdfe74ed,0
1db8384ae7528933d87473ce731586cf3005813a,1
e278d6b74a60ef28adaf6bf36d70076a6efcac71,1
185cc4e2af4b515835ed8ac85ecc93411e1ecdd9,0
d48da995359acb27556ac09796882b797c4cd453,0
b7329213b15147cd738ed0a7547b68dcf6fd80be,0
da6c84771b896532c900e6448f487fc7fc6c8494,0
23666d167edac8bbe28ccbc300a0181529f15017,0
e1b7985390fb7a8bfd03dc60fdaf4b4cc7d0c068,0
3ef48b12fe78ff5302c9be137a8f5f45a283f248,0
c2a5da94ce04dd4b2afb713e8f8530439c348bed,0
a056349c71028cfa30049a8c4e56c6425d161fdd,0
d5eacf17d94a37e8bc2fea865b76c781047533d8,0
e09e9ff0b9b28c8859b34ceeb677e1bf0eef9200,0
1996d770640ee5636f9facc41347e509d743ae57,0
be24f6507c3aaecebae58dde2cbf5b2c7ffe4664,0
479d781444e02b8e86c893e77a25234c14d41521,0
02e8fcecda27cffbd175cf17c6bc7cf19288e233,0
c499ccc9487ef41e999c04fc7d035fecceed6700,0
6456e24c6803d8ae279946b078e8b78d9115556c,0
9f41f3c72a41aae1b875f525759f2e62857dd0bf,0
01e4939ffe42f17208e72bd65a9eb0b64ba12a72,0
f278cd2d1cd41bd9c59d78cd65ee989c4ff940e2,0
a21fd9befd1d3d61c61ed8c31070b2ee6335c182,0
bded9b0b386e73d6698ec5306e1652f51169a331,0
08feaadfc84c5e147142fa43d1943a603679b7c6,0
c7ca49b829d7178942cb6380c3351d0bee28c93f,0
3e1d46d700e53251d3ab055e12d612396b1d8db9,0
a4a3c1681c228f62de3af524143546096066b6a2,0
d781867a1fdaad8e6c69955d9ce418db3bc0aea8,0
bacdaf69d3f66a18bb3268d406e12ab86ddc8fff,0
3dadd3ef1eee6d6a3b58364268c8c47209bb0d01,1
1f4c6db32f400c4942347fbbb27a297cf46b4b3f,0
90c3244a8b8021fbcc1da9e935800fa6a9a66457,0
80efbf5f50533b7f5614b28577a5f8fdfd073624,0
27a8bf5c023fc988e9c9e625570540c5ec1e102e,0
35c3211b2442497e25f5c9a717dff57978fdf4b0,0
c2a673a5e57c486ab96ce8249f1e086d4688d63c,0
92cc2024ecceeb82ad445b3a6048376c86b57120,0
d1f38f868ee43d7dcf8dbae538a97386e82a4f68,0
bdff1c3558dde0f59a4636561f0f5c4c9c2b4ed8,0
feee1c0ccf3134875f3122a196b783c4feac1d5b,0
3a69b575f7c651276e371a11fa4c1db6596f78e9,0
a8815fb950f04add17f7d00a673ad9c4a3b66a1d,0
f2856e771bb72006ff5790e282f2760aec24160c,0
b372d5ed11ce636b6fcef9ce72b8b3f9c892924b,1
993ed9d310e9613c4bce2e1b3488c0549897df2b,0
5a0cc7f4ac99531a2162d04f86bb38b244896339,0
437243b3f7c07f8b66b6e378eb3971ce4da18044,0
f8f19699d39631776939daeb63530f8f1e0a7cb8,0
b12b2a30c56643232f4f366313de7af70e51f80a,0
3d29aabb980e2dbd58a087e8032706fe47791837,0
fecee781fd67b2010dfb16162923e680e5ad71bb,0
422606d7afa85e7eda62b0fdc78ea18a1da7be2c,0
bba9907a128ffd78a357c28110c333b616ae434a,1
f79bc2fa8c121249440219c524ffab65f505754f,0
9c2df7d86b9e38ae4f67980102887c80f7e8d6ae,0
bac2f526da31e0308d60cd6bf2ff4aded940fe9a,0
5772a1ea328d943f31561699c99d60aa1d2bc2ac,0
92da5fd0251e4a36060594315bb4aae4521e0f93,0
8978502b02156ed13ae534307f6a751b85af8107,0
8727a8e0fb54612a50432589921548a595c02183,0
5bd84eb8b1e40e8ece545c1c184f08846c099818,0
fe73c4f6461f3c560980b55611134658cd837eaa,0
64e38fdbe853eeccccf8f6b81d2c61edc99df1ad,1
9e32ca36788cb32b60e2af48a51d9d34851b498b,0
ae6c8c09de2f99cd2e811c07c07943300d5a2e3a,0
808aaf2c7e3b8a1979953e38e585c2825620da61,0
4f6de9121d1a5f55b99d9931589358e7450d5798,0
a263881516e67cc8cde552f1e887a87e0f8599b1,0
399c00700fc4bd24da4b80880139c6bea351e285,0
1242710ec21f5c5e490404b766581650e916fa33,0
3251351b691434d76dc75e64cc2bbdeb6235c6bc,0
ae9f89b357aa215b4d7f38d4356d346337a6e453,0
719822b852ba1d40794047690e11a55aff9d3da4,0
cc3c26249563a40c6b48b26facbc897d408dc29c,1
39596e0a82785a5b2b5843b69c85239be41a6657,0
c6c4def452deda293a42e36c138a64292080026c,0
4ef49852be341b0b5f7106a7762c3abaf0ca94d4,0
69484737df38acc1a7250d967c342a440394e44e,0
742a58f402add06915faea8303e0dd803baeb509,0
440f72efbb954068ef2163b3b8a348f7ddf05ed0,0
8e4dc2ab448afecd94339aa136bf92d4c0a3eb70,0
e5d76ccdf879dee549510ce791990d108e32343d,0
bf76e35e44c2db8fa9098757bc59c90a553152e8,0
444f9927891b73df07042346c8b1756bdbafa38f,0
a97884c1e372411052d3cfee0d95bb621f61215b,0
a5f26ca006ced1594dcfa29e10c52b03e6c6e15e,0
e1f7f2d72b78778f84967104c4d1c5c9a868bf88,1
1abb42a68c1f0a33c7fbedb36e61a919e617261b,0
94c9c841f140dee43c5f65e3507e4f6dccbfca5a,0
017f43b2a1130727cd753ce28dea7e155a213b52,0
511b75d5e49c887c95edf9e4db2dec6108e839d7,0
d7a04128273471c4c694d314c4be22298afa6331,0
d20d180f16ecc74a21cc065bef87e29407c95760,0
819fe2518e50f740b620cc26e58c46018f589200,0
442228fb2a0b44ed9f4c729a48aff0699a231ac7,0
a290d262b402dec883cdebbe77b73c4e15c07f45,0
8ea3f78f8c67b2d65ea2593ab4258889812bc61f,0
af9552be78282d7a55644865913551a31e6e1b88,1
16ff9ec7dc4c71fb9a98082db0ea04eec485f4c9,0
ff9a81c7f3cd3c746be95f7d4b7544c4abc6bed6,0
05f4454226f20b9aa48b19cda6326fddf413501f,0
c6463381c4a26e5e4cfb7a085ff22dd83381c198,0
4ae3a97a21356360bea9e155e697a25e01124476,0
2ee145e088fa0a671afb21a03d8c37e7a11c5297,0
768f11ef55e13ee9bacaa3b6bcfeee071312d8cb,0
8c65267a884ed88b643e3b39ad062c87fada8eca,0
c5c14f4be2fdd9749f359e4ceb22f5d810936703,0
57fe3b633a0c928dc19f80c17726d6b225ce4a6f,0
f43d84d22bb0084fba8db479b4951c087ffff052,0
492fc8a3444ed20acd10978dd77ea28260725ede,1
89d99dd736c1bb1bc9af9b7303fa87de7a7c62ab,0
ddbeabdee91e051bee687ffa12f2d09712cc48f9,0
86a668121155230cc5a811f1b821d962b4fbf203,0
d55f73d10936c7ff2ec2078ecd3b4394df008f6d,0
94fcd9c22fa4d0ce9ef138e7aebe52b1252d3376,0
c862215113598ee351d661f50d021be9a1c03883,0
06805957553a908900489ae5f0c6b8e5b9be2d90,0
a59aaf85e9304302885a15b50d1809591ba3cae0,0
d1a53f6fded1950f023b4bfb34a5d8d87273407e,0
046986272bf9cc42609643d882fad01d7619d033,0
5d514cda5e824224f3df55d1d32ac3b408e0049a,0
0588f5c1e9745e34162230d7b90ddbb48b499571,0
b3d7f8909596041eb5c9c8b12a26e58757d10454,0
677bfc3233fa40fab22683e50fc1fd051072c8cf,0
83892d05f31742fbb5c16086beadf2e2fa58c744,0
b38e1c4b41c978196abea76b8207c1cb6b063fab,0
1a4581320c91a8177e57ca3282af238c33057eda,1
e0c9467e3c68d872af5083aa2ca8812180289e24,0
06b2102b1fe154c1cc6f41996f9f5d7db0f8837d,0
5c7ba1e4f3119a727cde5463d11023f989c78994,0
073a287fd100f97f5a02b70d9cc5f048c54cd963,0
27bf03c18003e80f5cc62f434aceea21bdc4db9b,0
c8491ea639ca938ed60b0058d14c90e17d3bbbce,0
abcef6c319c2757b7337c270ce28833c583e1537,0
21ebb0af48817442288d98805890239df7ccf0b8,0
8a292f65cea1e937d214e65e8d5cac80f256a346,0
2389913854e2fbde5179088aca40da51fb0ed420,0
a638724609c2df4b075615a0944e7ad781495a6d,0
29819c920479c712aa66bf419c9c13e834a7da0d,0
e008f6e8be97a8b040b436304454d432a56ab965,0
b63668c784750e003aef185d52585e3812156568,0
43fe3eef977d784b42f602f028e66e02a967ce26,0
bb793a1bd7c88f4591fa5302db9725e7957062f5,0
dc3c772eb42bfb5155396b7b8d261f6d0a0c0fb2,0
62e8624a50ec02d9a3d389ef4ef58a3d5feb6e5c,0
04e20c8574b1e476eec8b9045eb8fa8f860703de,0
a1836f659bc2ca586c14553db2032cdd0060e1c2,0
69a31ea0b5ca9ed62f4d807b079d58b63a884f8a,0
a1e3bb81eec6c7b121884c8c36da8896eddf5873,0
d4817c9708f9455036fe7b3c883fb50677fa02f6,0
3437d723df60efdd0d9997990a734f3531782c5f,0
6cf449bd38c5aaae72882f71f43a3fdb944d95b8,0
4e513df1140d00468ca8bc20b10fb1defbb87348,0
c67845ebe789e5690f4d3eacabec078b98e1c2e8,0
c72587484a2bc85b9ff82f7da3a70fae4eb7f544,0
432168642022d718558c6d88588d9d7d1a68debb,0
69d450ce1e5c817d99a5d89d0341a19de97fb0a9,0
8b3564d7b3bcb43d56378254aaa62d6d65ea2d30,0
7be3272bf2ad558873acc44d23a804daacd7a434,0
df7d7be784ccb92ec91695517e36b45aa8e6f00f,0
64c2375891c1792adb497ed13c04e13dd62fd5fd,0
ce859fae7bcf3dda2c4a1ebc07a1493d35936e3e,0
93a8137021bba9d45ff401323d8e81f74e926937,0
3afe8148276628240e40a65435f4e56aa86ec279,0
13f7bb27412310cc09ffd3af14630c3d4e3814ba,0
abe9b42c7cf054e3157cc94e36fd9d121385bd16,0
033e8a86912433aa86699e4f82ba88d42f3c8da7,0
0724c97abcb30f2a88d6872d8d1440b729926661,0
7c6acb2439867fcf917deedb203c05a623b3b34e,0
1af7995a470dd1d152366c519677a31ee7e1d554,0
05eafcf6b9f8227cd753d26fa117ce2bce1edf61,0
b2e4d1d0e1ccb0688f9b9672f4b0ccc0c02c9936,0
91368d87e30b643ce0323cfdea9a4ad0a594b333,0
49f7f01223f1de45e1f2f9916bd993066ae7107e,0
eaa62c9d4318769ea5445d6cb8af8fe154805d53,0
58ca1c8eddf161671bc7f48a74d6f72c079210d4,0
9d0133938a6e0993b921ffbf19fc807970eee680,0
16285b066038e70279cabd7f530ec1208bbcf839,1
cef098f11afc3795483a40f39583a49885b63165,0
8414b9c368fbbc010261471b44e49416377bec87,0
a6ee76b1ac31bf2b3435e943f86561f52b7f401b,0
5563e596b114d2e679fc921aa291cc7ee9154e90,0
9df707af6b0e4550fc0bc3814e7295ade2548eaa,0
b1d79b098a268ff8c088ffe57d38db9698f14b35,0
abfb3e049e4eb3f2607d9bca5dca961683eabf66,0
9f170f401e5077ab6f01d7f6fcc6207d91f45a6e,0
78bccbb3cf19ddc549c127f09747af81de1c1e8c,0
12dd0f6b92ebb34eae4c2b30423c4bff08b49b04,0
da14f9a61b19d26216b0b3fb63bd23c16149e090,0
63f06f25da730d9ee55d60e9ac01467069200e8f,1
08efb34c49007a56299ad579cc0cf327cd31812a,0
b431efe4d60b24e6e4fdfc4c44dd5e7be9268787,0
ffc260435132b7146da70ea8048dae7a6104c99c,0
81e59958522c5f97f9262d7a4f08f6b6c776a543,0
b34d3466bda184afb5a750721b5ec3b1147e8ee6,0
01493230dce777c4ccb70c5b3478892fe7064a71,0
f0943ba904fbab9e0476685d58340e4046c4cc95,0
40b0b1ced0a4d4a29092cebdaf80545dfde28161,0
bb7b1e311da1bf81b6c34903c38d4b12de44b495,0
d47037e72187c2b19cbac061f02aa92302794ba0,0
325fd71512b7ec50a7c69c45569816b372a14e8d,0
a2d2359074f6b598319ff350fa33ff931ea4549e,0
ed49c309aeb4407ec141b886fb69ba881d14c8bb,0
98f12e98fddc457cbccd862897b42ff06cb05869,0
dead45ba98381cde9226cebe802ba5b4d71c1be4,0
c673c2028086eeaf42c08a0e419623bb0b0c356c,0
18aa4e287a7c4274d8b1e92e0a84d6352545d3f7,0
4fcd6cafa22a88f58b250e86e3ebd5a52a5344a2,0
d11f9ca3ef63e66ce0e4e6428e173a7178f6a8fc,0
179428fdefc1ca89183d1eb41e23d3bb0ea9545f,0
2f803dd5d9cad11eebe74f9a20844a8ed59e7e38,0
0ec52d492f9546343bad414f9fb5607ddcde45e5,0
b179d4e606c12cbe33f68b15a16bdbae6de21026,0
41d1d935d36f04e2bbbbb6c4427fb0bf2ec6f02f,0
fc7e85884f0fd44ff96669ac981ef8fad84216f6,0
89dd16ed298ea7cf28d5e34dca2e14a8ebc0cb02,0
0264f72e92273f50c24d3aaff2eb8e120c0a5f42,0
c15ede5790adc7a119a52663796e1d30e25f35f3,0
f942aa39f1701d4f697aa6724ae06ba5061a2f11,0
41c92e09bcf55634c554606b44866bb1039bbd8c,0
6aa446e51b6c21300f6415565aca0229086dfcf7,0
bdb4be51040e239d0e6c94394bdb483c576be335,0
4bee9f3fe763db9d747b36b8ef4808509ab1cdfe,0
49b805e957d0741d320b870d6fda23f0896e15f1,0
01cdee0ae0a6cd9516055046bf0187d0bc8d2bfe,0
9082f4a1302a901f10b3362d62e1f22d718378b6,0
b397fa919d3a83726ba84605be31ad88758aa649,0
78e1cd890da9ad8ec37fecdc9b321e76d5ae83e9,0
9f65c7e5d9335e21221198675c157cea94c35547,1
c3753568e483a0f9ff562aa0fda3cda73d24a1fe,0
174fdeeeecdeae57850f2cc7b6ab83a8306fd97c,0
254678bd26e6be7b4f6558d4c4d734cc5016ed25,0
96050b38c07a7ea952640166c7898f4557ded0f6,0
bab62de60e6a3a013bad4a874cc4577202d8697c,0
a8a2012ca72496e3a3a51cfa0dcab219b19df4c7,0
60fd0e4c5cd65a7326d35ca087056e3b8f4aba78,0
91813d0e3f686c1d92655d3aa08d2fec5d5d97de,0
bbfe3d10df232bd640f9f8e12a8115ea1b25ac95,0
73b48443823827451b33ccf0019e7c0c2d2cf6ad,0
a1ffb9a49911c71171c72ef765a845e2a263e45b,0
a1ba5b1fb2a1a5afe968fe5a06e4cb04cb9a7dba,0
400ad52fd24ceefcc6eae40229969c85a08300c8,0
7ddc846d3f79f4845886ce118aa02344322028f3,0
86665ebf641c1aeb57400340db6d6c62a39e71fb,0
114cdce539600eb63f5a268cb28523f2bbe267cb,0
b693acf0a37fd4adf79435ab128f4ec81f40da7c,1
7e11ba8fc63de0e6fe806cdbd497be3b297a0d53,0
11a4793844530340a4865845ee03257459da6185,0
e11ecfa0d4f99551c5144fab3c537bf4b0717b3a,0
1800d7ce2450267390c6ba3d4b027b78818babb1,1
fe8b66076f4e1776460d010285c28f6d6b944e0d,0
4b25744113065b051cfdaafc0d36aa3ba7b5b98c,0
586e96ece3cde1534d01691765027a0b19abd9ac,0
c765aede23f2db639f06867b404f4c8cc93e11b4,0
d114a415f3bf48d779e249e740a58c78ae946ec4,0
ec502c4f275cd56198e7cdaaa9fa9a9f71e14c17,0
033cd8253f4e65c5b2c3ec5764168599c7c8e8dc,0
cd9fa14934739514660de6b004182082faa82b4b,0
09c142c03a67676f5eac6892abba2f44a2cc4401,0
566c5675ad8f682610dbcc28818e4aa635c68023,0
662eb086284c5053b27c2c4fbd10259c8c60cc08,0
9715b863f3a082fae4d28e78a99e8ee96c6dc1a5,0
c83f2ed30efd705da21d9a83701111c106f0d1a3,0
697873093ea2e45c3665e5dd31af6210be989e0d,0
76db23bd371bb256d8f8d63f16b188f9d534e1e8,0
2f338dbf6ac9c3865dd04bb1155d23698be05df2,0
7db2dfa491864d5fb9af15c2ebbc8b7bf776bd5f,0
c950e183fe44de38ffda3b0bcf40ad0f3dce547b,0
ff3ec7626b05b109b8652ccf0ea5d6ee46d8c141,0
99c58f112b6aac1bb41dd1e5f5b0fc40989f6dcf,0
0b1dbb83b95566e51ebc6ff3f272c307e57d72c1,0
50dff2f56e513953792750fca7accf596e74fc5b,0
15f03ad53979e0ad724f1c6704d6a64d3399bc64,0
6cdab9d43ebbc06e6705e807f82b89d3f8fc73f1,0
a9a1b3b389b4fcf2df57cfae72bbfa35b57bdbbc,1
9d561bae4c31d80628a74b65e1231190165f5f01,0
8f69ec893c5d53bab98d94af6b194dc337f8a7fb,0
75f0ffdeca5090116eeef34eb9fa5ab514a44b9d,0
3fd1c2f7012fdb0d62a1e436dcb0a0bcfc610e9e,0
2ea1069dc320c62343e6f1a1333eab88417b09af,0
c617632069b0285a329edfeb45051f73bd407826,0
b34af22ed26c01abbe33d8bd7b67b21f64111f84,0
936aaa99113b08b451961621816cedc52f4a28aa,1
c2cb24571e8bc7431390beaf3ddc2192cb16b230,0
e5138c9b126e0477e695bcf4af786c096f69a17b,0
33687857087e2d12b475ca7319e4b4e624ff97aa,0
1ffcde7c2e4cdaf8fc06c38e03625fbbfbcecb0b,0
b8a1eeb4fa0ddb567dfdbb880291a8816890b1f4,0
b0a0ff2b9f585af8fc392deeef5703295c59fb1f,0
9c32c4f4ed48bbacb553a67335894e998d270280,0
028dfceffb1ad044d47175cbd12fa2a22e0e45ea,0
16509ef7385f63d8e8fd5257383efb3cd30db1f8,0
a4473d3680b0040d961af0b02933d89ef3e64cc6,0
816fb4246292941f7f8c01bd431876096b8820de,0
611185df76856d0aa6ddac118d1a1459c3daed6c,0
5c01aa74283bfa55d5c8c2c4ea691885d6eca45b,0
20cda258c3690a34c1df19e5f747433f784bd7f8,0
3f275e932ff24232680669ed9055976d7b84f733,0
ac531ae563aef0e4dab77969d76d6c5a3a4c712d,0
42cf90d6480c632d7d32a587a114a3a6ebd16943,0
0767ae7d5d7144cef9fd6eec27b30734c2596f7d,0
216684af6935960e790c2239e1b27a281e64cad6,0
47dd23a94b51ee15e5e7cfbd9cd0a70a35e94a51,0
c518b17fe52ee9a77c681c5d64606ad923dcf472,0
911cfa7de6b29bd5499c745293b6f7eb009f5bb9,0
ca1d0bb23f8ae187505bd6db0fc14e34a9d7c6db,0
8318cf5232b20f9223ac8562853bb03b93720763,1
cb1a73f0a672671aae05ae9cbca64b60638465e0,0
a15f9624318d4c95b0c7295617209fa7eed9e504,0
b0f01fd65632cf58893da87d23bc6cd1334c3941,0
ba5cbc88deba0d69ea3841574321d49edbd42415,0
9de3568cdc94b5f5d3b09486d4f02f67d46ae930,0
3150f143a3e594d8c707796f9dc17ae30e882e6c,0
4b276b858418885be41aa5756a0a26717c7d53b0,0
639c4894de40efa55fec17e679bc1221e270b101,0
0d85bd93155f13b45eed008b91512c3350b6a50d,0
1ca968096678ec4f25a1d3155d4f7ddb051fb325,0
81d20ec39e12caa36a9a51f12567aa1439e2f496,0
91aefc9d721f74c212599c8577bdc71095509fe9,0
69b6335cbe23fb4d8b84075a091db8652c3b1737,0
2aa46c25c60daa48adaaca642889fa87c484c6f2,1
2d4dd345b006a5ceaa9d17bf678f175a953c52ea,0
aeb1b1903143c392681afb6de1deb299bd265518,0
0b2896f10e86178c48fe6f9e8527632185bc3e2c,0
2666fce0ee876474bcd700a4291ae8e289868ef8,0
b809338664b828696c1a7c405e630182a7f5ba05,0
2b5bd71db302eb15273919ed475f763d41997538,0
71d17da4057e3c081d567ed9dc13da2898f6b05d,0
5fe23823e30164505dc187bcb93dba4addbb237d,0
b9315dd58e35006beb05b6fc404a78bf5595301a,0
e968c6a24220fbf0d5adc57f3e0109a787c1290b,0
d3dd47cc52b6c997e7515ce74b8a34d6c4fd3919,0
e698869c874486258cdf08f0a347833f67a89bc6,0
7ef26bf08b61ce02f11ceda7af6b0db8d87ad7be,0
003b83cacc2f5e0362480517df5baa7d1bc4d3cd,0
0f14192ff6e8f0756e6d4195b31209fd0fea22c4,0
ef4b44426fd2026e28cd509e0e81b49ee9652266,0
0243f4fc8fe247e48c9e31f8f8a6f3de9123a6d4,0
a4be3ede726719db519412ab42fdb9ade23d9c76,0
c17090848bf6e0ef34b153ccf0c5a56e9d848325,0
a771da3479f9fe1a3b03e1cae2f728462b4519ab,0
1d1d1fe5c21cebc4dab6ff818517b470d6cc2243,0
bcf330fae46e925487b60f9ae1c32241a2e7cf58,0
f976048630d99dba199c9fb5d1305c7349d43b47,0
a90c72d9a97ea560e172fc0ee5af482ac4156fde,0
cef4157ae1125c4f04ea7741c14413049ef2e34f,0
eb710703bb5e7fa6cdfe7bfb596cd98571047e56,0
f513ea34c8b05591e5aea948ad2e660823394539,0
225f2ae81d76ea2a2606ef20c51a52ab8c4f6e18,0
ef467593c1109a01ebdecc3465d7d773713a318c,0
1b127e4d33dcde59c4b63a25bb30cc471db1fe0f,0
008dd033d93930370b9413efc5b200f4c70848dd,0
6e90b71624e4e06985f015afc8dd3aa02ec5b5e9,0
8e8d83ff421e600408d7a4d92bd381d4c868e441,0
2cb343d70f2cb4347ca45281f19bd4d2499d27df,0
e5f2a49193f06364405750a389c6e207fa6a1f23,1
6b6f4436bd1a78a98b11e6dd536561c202b0fccb,0
80ed14043bdf26c6a268633f132a8fb4919d51e8,0
a89f6986179070c6306b46fc894095d754161401,0
49857b62d5842c6d337923d3fd080f39a4b65e46,0
88230e60046316849e3214d961047a847de0eb79,0
f1d22431988f3052d90c46487811144f750e95ca,0
feb6245cd15bd0bf10dc06487da4ebea129feed6,0
c62f3c3c70d42f1809c7378ebaf586b273657db7,0
f3e7be1f8b44fcea6ba06eaf5d9c85ae7ebb695a,0
34b71152f1c6fcca85eb0ae78bfb465ababb2037,0
6a3127447059e011a58fe75877d92517318ad827,0
23c3cdbeb28a476df21671d695c6358fcd117b31,0
d8e434b38652c4d7c1b0900e186258fc5c1df509,0
8db77bd55f299645e90f990fb04402173d8246e0,0
9d619130f306646d4cc7eecdad267fe9dde5c822,1
778301a60f8e0371ec18761a3f4d6165315f7fb2,0
608a0cf0d2e8416b8d7cd2b2f1094703650e295a,1
b2e9a42819facc627d5d1caccbdc6e4870ae738e,0
1ea4891b233a2bc1ca889f0b59d901823359f6e3,0
683ea27d465f9c6131d18e80e89b1cbbb67d24ff,0
3aef1e59cf8428b1ee044a02ac3248fbfbcdd102,0
a488855966ca3363caabd7359b6162612f4733d9,0
6541c8878507230ccba7245a6326f0057238aa2a,0
4fcf5c3d6c805f63ece8a6655f605424679cf78c,0
45cb58358e2010b065e3a16c4d5b804b5ab05705,0
eca99303a7f51aad85cef98c1e9459986e1f2c96,0
c356f127f15cefaa185ebdac8d140250c51e6d2d,0
e12501fb6a97839d0bceed97ccc02bb9f8aa8cbe,0
4346386c15afb50d9b89ce1228a878d7c7e41c2e,0
c55d12039318585b673f67029bd33ee87db2e18f,0
b151f4318fa113a4b0c03f9bd9fe32af46d3b8ad,0
5d1a8a9b661534d7b60edded2ef1b428049dae43,0
96fe34c3e2ca2e6817d9a14d1049c737fdf8d540,1
0d4f9eaa19d7fb351e9b8e51f0101546d38b4dc8,0
ef468a87bfe8ac522776e605db5367e7d2c082c5,0
af9540a9cd9d990e1959160c59e4d46ec60a7b70,0
38fdd566fc1c1fcfac2a5ea35af440419d45703f,0
5af8074855d8f040f2a367459cbbf123c1066938,0
dfa7f15eabe504395bd053b718021a9db1842fc8,0
d6f7466052a9a6e50493a9fb62960222de52b62c,0
96dcfa57db4c56fd62ca59e83fd26bcfa99cd3d3,0
dfab36c4c5060dc51101981e6c3c01e48afb672e,0
c88f44e7635d76e5dc8f35a00cdddac253e52d56,0
669edcc045d48f5d10f4ade3cb3330672c912986,0
8cd9e062be97f59d5de231f90c3b19006e8f0235,0
9587dd9f1746af95201e1b50ab8c5983a8217e69,0
b2cfbcd11c46d8d21544e12674045d8678e98ae3,0
1cb7e1b306b94c577a65720008b8c44426ad8058,0
397d94031390c92f3fc575948238cba3ec58f26e,0
28a2c16feb4a816402ec9105041553eadf702347,1
46bcffbcac533907f6de989d0d4fe196f1c56f37,0
3e0fc62af93195d463c64d79c3d55220b2f7e1d8,0
953b547c62e000c1716192515a83bc64a79e9caa,0
bb156ffc955cd4a79d2fe5ac951a9d0385bd08df,0
decd14605ea9e774afd76388b54cc6350a47256c,0
34c4412fb1cd29a07cca4026aeb55dadefc3be90,0
4c762aa98cb960434d7bf69760de003f44cc994c,0
465065e90a56d1b1ba54ba0514b2212fcab6edc8,0
195574c6fa3a652528648c5a0a495405db1694bc,0
06be776959ab18a26cab90886cd43e6ec9aaa62c,0
e3f48d9d9bc6a71253757ad9a6fc77e93ff18eed,0
6f24abdfd3ab72813101f1ccf69fec67b9306eb0,0
931787717f3595c2e755c664269bef06c56aa659,0
b558c0cc37db25917b779f6f9b6a6ed612781574,0
0712c873a7a0af5b6b5f54f817471827c8f132a7,0
896d0204f78511f8782ed4c1ac71d98e8160c4ed,0
a2443a08e441e4e772cec4da2c7f5326b9a928d1,0
9e76b203c4367c533010c11fed984e099a88682e,0
a2b1534e7965a160b33fdff768d3e0f2378d526a,0
b26f14731b34f6f7f29d2a5eec25ce6124fe209b,0
b693fc60fda85dd1d1d9d1f2306b59d41bd4ebf7,0
705f91a6b804c8b992b6c0f329640f4baebe7801,0
84451209dfa0e5fe1013e423937a2610cf798dac,0
3fb83def90b6d1fccf27a601845b03c28641b3fb,0
4a56b70d79ba43e07098b7d941c9d381bd949433,0
e069d2dfe91ceca03e55e98728f3d70d9c2ca1c7,0
9443d613e7f354d33a6b50efb38ac961c4b3dea4,0
8546d45c48e839548b0dbc9b30458d3227a8f1fe,0
74a232a8f22ab7074ec72aae69b0a6b62e6ecfea,0
11f71fcfa0c964c53a39ad2e4b4edffb65980a3c,0
9eaa9c059a654fd810c23a7c292e8d5063b1995f,0
5b85e2ab36270b021631c0d5e771c4f50eeead15,0
8f87ed1e685ea658e5a94b173dd1ee0b6274d8c5,0
91a762931b0aeb7bfa76a267dd8ee91311e88b4b,0
a27886307e8548d2af424199b20b810164054f9a,0
853f6cd85cf74c2e6b5dbf6f8c24adda0b101630,0
0a48b612636ad0bda510112d13dd456c75e01bbe,0
90a3d6349daa226d3c59c1c678d0c25c8b79d8ab,0
a1f635af90d72a00be42e5019473ac21a2421016,0
50c6039daffd7f84ea78f1f2ee9e38f0be66064b,0
dd7aec585537771f9fcf699960caa87d125b9c91,0
6fbc08002c8f3fcedf69537c41b74b5cb5000894,0
aa653e579db48e714c0db9f3b549959c84e6e1bc,0
53af56137b0f2c9c76591d26fcc7d2e1638a5dcd,0
74888c7102132c40e94b6ad56e9853d6ec891ce2,0
9cebc51de2ef666f90506d1a880cd3ff9e5d1fc0,0
f4643f9112a7bfc4bb7ec408f428b142fc0bd220,0
4475cb499798e4f495056f659daffe058c0b22b5,0
978ac23c2b7bb4a589fbcdf2a71749e83cdc6293,0
9f813afcd7405edafc2a39d2c0d61387375dbe39,0
2ebc84c0801c3da3cb22698d472a53fa4a21425a,0
7d931524adcc1b2312a3010f0de4e8d46c67e3ca,0
f88bca085a1ee59f1ab5688f390c47a69fac635c,0
c4feeffcbefb69826417bd5d19f7b6067a355f42,0
e7c1a423a85fdf5dbb5d6b262d0413da32f6b4be,0
681b57622a7a25d1d6fe0ed6abede9b9c52e577d,0
405ed1aebf853b2b5821793ce41fff7dcdbe3ac7,0
9dba142e4d3aad73740ca4006d44d30f10e21b8a,0
c3c1327dc727cd2df251d5ce8d55c33b265ec0b6,0
cb71f579a0146dce0ce9bf952be0b9fb547a53a5,0
d32dc19032823ee3d41b31da299644c4583cb85f,0
b1790fe8f6d729666b0a46495d5197d18f13e04e,0
2ba65d07157d77c8687bf139d7fb69446f5a49f0,0
9dc6972bf6965227b35105cee827b65b3590649b,0
82ce75c9ebe18c93433ba7f20c6762dcd5f90d31,0
c5135c77ccd8e17dcfa8072b02786535589cf16d,0
3a93d068f5cbe708a04b6929ed03e67412b9bffc,0
e8cc2d5f486d038bd77507e28e1e60141bfb4682,0
6260fa9c3d460aefcfcb72ba2ac9a2624cc1a3bb,0
992115b18984cc7e6a9f14d9ad845ba43346b801,0
fe9b66cb03411038abada198e4263a8c8c7e1eca,0
a67a0cdf0c191853031c00d8271ff7a99b82cf13,0
5e41f5c4e845f8730fa3e209e67caeca10287d06,0
0cd77f8a7f1015ee075d925d2df819e341eb1523,0
494c26a7bec3b15c8cfd196d974ec32b9b7d0ffd,0
5442fd6aa28602f2dd86923696c9ebbc79d7b890,0
4aea15dcf582ee25da6996e7fa34441d28d93581,0
4205c456a9b4d49ce213f3a8f5907ea7bf2cd5b3,1
d78a43292d807ca64977a14e3864d9e29eb55d64,0
6f43b35c26cd219af8c0fbf1adcf82b605bc1a12,0
9600d2c291bc01ef348d28fd97b34879377a86d5,0
ca0cf678bf4997bbe7f51905adac9e3d18c64db7,0
fb44865fce42d1421ca8f447952f60493e1399d8,0
7e5343e0068076bef3310be10db0a9d103146111,0
c9d313a05b07b0697365b33b71032b3391ea53c4,0
e4a5dec01406aab5b3fabd279b967030f1f7a12e,0
dcce4f423cdd56036dcf9ec84cca21203345a71c,0
e2395020c5f335250765d9c4d0ac15f03050c82c,0
3ab173b2cbfe489d8294e3a7c0dea110e07f7565,0
8677ff10030ed75d80d2d378df2ff09add696fbd,0
e950c514dedbd9549b50c644572b8de5f0599495,0
6104b5377115556c23cee25e3c00b140876ace85,0
164b5fb38c3c303352ac01b2d63f8cc293319afd,0
a42e6cf12dfbf59a8d8269eef871da2e783e7a27,0
d4a2e78903b6a68fe7b474b5fa7f19aa1280de14,0
48e2e7c79f6479f56f3a4b3f1b5a28e91fcd10b6,0
bf3c3ae4820bcdb4a1fea85c5bda7e423460bfb4,0
af335dcd5124103b690656be4771b341e517e644,0
6929a87203940df41bcb54e98b083473bda96dbc,0
c27ee13639e52391e1bfb235f2d3550c18e9b97b,0
b31863e4a3cc9b121edcddbffde4e55f9268963f,0
0d3ac8e387baf2b8062c6f5973c0eb7f5e96f6b0,0
b5d4fc9bd708a92ce6d13b4507db28028af83b20,0
ab668ed5f06d2d3d787df076456a03c15d4621b1,0
b249d85e85f788b119693a167c7ae2cd49a8e2ed,0
b347588a68435f6d203a749d9658425c49e7bf31,0
a9cfa5a814e8d83b4c1e89ab74979d0861f3b14a,0
739a0f75e556dbbf06e01bdada0ea889d64ebd6d,0
ff45449d5659ea640a52018f82c1d720c85eab23,0
9f935de3fc9315a6354916f4960f1e72c306176d,0
f188a3d4caecad529332cc1fb3c4a5ebe7c676dc,0
407980e2cde8d24aeb9594173ad5f9a78fdc9cef,0
8ac44b126697a7671068a1c241304df200250f88,0
69fea8adc4db408356436159ac14a9ba3726352b,0
5bdf034469a1a434d1396aa415633a36ec1c5086,0
e1df292924fd8552b2b70c447e568597c0212354,1
dd979f4924dcac6ef20cb7c8359534f3152202ba,0
a0c44413826154cecd5bc686c621c8150e4230ec,0
0ddd967cda214adc118b3edf5414f80a644784ed,0
9cdc3ea6ae556868cf6618b0433b952b9a2ce491,0
82b7f292bae41b1c0470fe2970fb31e567648425,0
bc0603ded271da7320cb4937c19cd97f3a59a671,0
0d4779206e3210c5edd9174dca276defe84342b9,0
092e534cd6dd57f20e4fb886cf6f0c408fda47ba,0
827d1593978e4a67cac10937322dc044f8484364,0
d611d1047ae5e1aca131415339c89fce8a8383fd,0
fab46c452c184f7009efbb1ecb1daaf4e4ed38ec,0
12d98800a1d33046250dcc3592e33ac1384c6147,0
fcf8d4b88ee45cb23a853492cc3551eb0b3f8463,0
d80b6b7d67e4e1e713dff7747789117478d20390,1
04fe58e060136ac8a41cab7c4009040bb840afa6,0
974f815bb269de33b7aaa0645a5962fdb51ee5a6,0
3aecdfaeab193e4ba5e11e557dad5e41286ea962,0
d589b61b546a5f59dbc6f30b03ff1d7779309548,0
d7daac70d718e53e3ec682cc1e6456a35e22a31e,0
a047ad4e5d97ea0b8c90ad21253363d235d4f187,0
f0c60c7cd2f89f07957a57a877b276536b76f864,0
876a8f8ed3f491fabbebce42a2f9e750250a2cdf,0
964a26221fa052e0549e3fe8e43dc9cfe55d6ca8,0
e50c06300038bfc5450a6f7bc099d75f72e3498d,1
edc0f8c350fd729903541ab9a77c169af4927262,0
793c0a1475af5e083db1ff27958752d802f5cd15,0
105e669fba4e4a909410d588530565f053f81a29,1
a86a24fa0ad18ec172a7dc6f363c9ebffceab0d3,0
8434ae1aaca270c0091936ce0adb3443e6cc6a45,0
5cfb1e012703f95abca7c17aa4e85515d6653842,0
356b4de36c6cfe685e25f071519e22cfbab53c59,0
10d4ea57c5603729f298102b6a4b009b2fa85ec9,0
4715723cc494ce11c97bd1e7d0b3e9242a2eb1c6,0
a6090d97a0f14c4f5014b39ab88cb465cdadff0f,0
9e67adb44b7f3ed2ba8d276aaff74eee3c9a12fb,0
53eb82d5f292584154b06060fe3934491769b708,0
807fa45ed4bdd9736de0f3bab7831d6a6eac6b81,0
2d3e7c8b3cae8e2915820956be6fd297af5171b7,0
50b6275213d3b7657db81bbf6fa20b5d24b5f75b,0
4fb9e11f2064950ead631c29a6c5df2d54c5f4bb,0
0a26cb6f822542061d3ef5b47dda99a3a39a3745,0
79a0ffb89c5f655328b7edef308ccb7405ea4abf,0
0063a8990a985d2170cafceaab38516604f7f0b5,0
b79c143bb6bdd49917ab0fe2dc6a14767be0d76a,0
1fc1c5c752623d0ff624c44b6648d02e010b005e,0
5606dc8ef40cf50ab4264d3389d0f6d115d22b3c,0
93704711e32790dc6d9ddae403147c6e71e2ab5c,0
bad4c08e1846834899acf30ad247962185bedbba,1
b16dab3b82fe732136822cd56b61abe566f15553,0
a9e17e54c3b78ddfef910a4d61b2b10bd778f13c,0
f5b32714e13e2794255acf15437a8fd55390513d,0
2633f98f3067bbf64fcb4330c83c693713a2c58c,0
726862d9d7b664bb2e98cc63e1cb9c63872a1d5d,0
9d1251cb674318197a35dbb56b6f6bbaadb1c8d9,0
8741cb03dd4cb576ae84043f8bc4109aeb6c987e,0
1020d0dfabf48cca47a91324c8218d2d671772fd,0
f6bcc493c34f05d988b000bfa82ca3e11f5c5458,0
d63a0da35b7b47f9ed2fafd6e7420b8ae253e54b,0
5b4ee3fe1fb77b22df966d378f82dd14d8b762dd,0
0187ad2c2b0272c146c98e2bfe42db19787a7ecd,0
2b6f938cdf02dfc7b0d0df26599da83e2af27e75,0
f0871623a562799397337b33ee764999e20302a5,0
e7c41dcf2ce4057b033456bc75ed87816a755a46,0
1f756c46b4d9aea1bd052f5af2469dcaf7881755,0
94fdb775d82d0d7f9f7db91c7433fd266eb4cd9e,0
a0e303a074487caccadac9540ec02a8932411ad8,0
5f1b9c7ca93ebf5e3df99d0ff668f8a69709d5d4,0
c467e9222adc1db072f85bb3e7c5ca0732b08e11,0
01ee2e9e1c34ee41fcdd24b1e8dd2e90a717504c,0
d6ebe0ded1117698b473a2737d834e8165874823,0
7d52f77d6fc0a5c094803bbea59005c32f18340b,0
2e662c323bde3e3ba01f6dcce2b51f3bcaed456c,0
f1da89add09c53d56326499c03d4c92db4f5cb08,0
fca2c1490b59c77598c5ec90fe25be12d6384072,0
f5e4970b9e8cb80e6ca743ceb70c38cec8ae92df,0
f3e6f9c4d1a7ead10c5142ec9bf4231fab3ab16b,0
f31629a5314753417c587bb8985bf01ab4f0b198,0
6a77221662bf5ee4933be0b8d9ee1bcf132a4f83,0
f53f8bae06afdeb1d25864518e9225b2a1d5e404,1
c55d7a83d2451e645b459d9fd05ec3fd2e8de716,0
1998ea12c7ccd823480b953c97e17c7180a333f7,0
75d628cae5f054bf6ace19cc287f0c953e5cbf30,0
7d939947a5f198c57a8567add99d8e7821eb3cca,0
2506ade5ec3ea74afea0601e12f121d2cc8021c9,1
41b9120bf9d9867337eb197bf4911644863160a6,0
a1ceb03dd59de4eb6c4e0f8008ccba592dad2fe8,0
5c0947848db8c90a5b6e30f6907fb83edbaa3ec2,0
1b3acd89fdcf0954651d5305150351e1fd7da940,0
92bc40560e859a0f31c38f762d3602bca2aa3740,0
3dbcb3c33b802849df90802a9d22e6d0447046e3,0
4b216d13f414b159305bcada0fa43c15ad079519,0
eace5414cc456e9811c7af02acd9d04ea0b4d846,0
5c584c897a09a68d34740cdedfbb29d3fdcc866d,0
28734cd48236f05610402087b6409f211465fd0b,0
f23d71aa5e5cdbd6e908f6291a5560566c3184f4,0
0f637010a814f6c31950b023c2d5b6cfd950e41f,0
39f82ba426b4861edcea956622e98ec05521e2cc,1
a4deae75680409106bbc70e5c924101c0c484871,0
e4fa093dc9d3499854b04a27316084095a7dd320,0
c77be9b8d742d562cdf13810e3ac50ef5b4a4823,0
c2fcd2f580cb02e9b6971c0b9d36aebbb92f8a21,0
0538400d7fa3f727bca94a673d73e5455cfda3bf,0
24e9f71bbcb16f174332fa915eeecfea9bba982f,0
a21285c096fda6f5e462cfaa1f40a77fd7bf9ef0,0
a4e73e6dce470123c3a0694ae0cf7122e5d4ea84,0
305c86ab570a2dbcb2c1eac45270f1a5c59dd4b3,0
84bc898a643c39bc984b51eeacf69fe021c96903,0
a19c7e8c9b3054eb5f35c045d832303e52dbff1d,0
099a0f5cffda8608e74179df45d1f731f2313b52,0
c66d0736f6b06a92cbf9485fd190007e81ca6a56,0
87870ee5fa5ae3c3646327233d54ee7ba83ccfc8,0
b4c4940487d6225e52ba14a5ef267245d6791d86,0
e542aaa6efce4084781c989a29514bc062bc7559,0
08aabd39be32211a7a6089071c04bf26de78743b,0
4c88217ab3bffa651c4a43bf32f0682458c4b55b,0
d40a206d616a93b1f39e8a3d46fdce10a505da30,1
22dac06b4a20be5ea522b780c0203cf428dd70ae,0
b3cab6966b319ba779b6e44850b716513d433c24,0
a1b0aa706c4145513ff6ea8f94ac7d22b78d0557,0
5152d867e6d1053c4323606d659bb64f2bb13271,0
0912adfdfa7ed7f3050048e1bb2ced0fa741a156,0
74a2f96849bed80ed568445d3e72caa4da4cb48d,0
2efcf4183245632e9d41c38bd650c9cb8f62ec9d,0
aee61ba1a0478cea55a67f7613e020228bb92714,0
bfd1467717ebe8bf5e0e50853941c5b1958bab30,0
f4bf620d50699d78e5e6e791589dedff6eb4c3f0,0
8941f81e5e7676a8558ecc15d0bd4095defd5f79,0
f2c75f66a63a34a3fdc137e87570378b25b58a67,0
59513117db78ba8fd7d6333ccc441f52a308b11f,0
1c259a5e213e089fc0696f559c856f1e20198a2d,1
e459c22fdd7f445cc0ac3267c368ca2a8ce03a8a,0
4457575c01363f7863ec054adf024102b09d2f8f,0
f5b43f9524cd4d294c0589bb037c41da8551704d,0
242a85a8c5074599710ad4a450579632a9969c07,0
7c92f9548dce8b39035eeaaa20eae95e31ace851,0
9942d05ac17d3914989dad7965b69117454b4ae4,0
159b5113117ba7d4a1a17906e7765cc844027177,0
01d6a8ea305d4198921ea8a396f9ea470359a206,0
333f93c48ce46cb7225f7bbd27cbd4fa53b8018b,0
1b91deed9b7ee21841710c540a058a9043e27767,0
a5a40e79c47e5d0e924bab86ed05010710a834ce,0
6f5b7c301b005ae00a34f6558d7a3ed76c4b45fd,0
ab31b4e2c237ffe9d0045e2ef71048f072926d63,0
5ea04d37eb65428eb61676383d3f013d7140f98d,0
07c3658f075c0d4b4dfb9c15a07d5d0c92e0803c,0
112e9bf72201c7925b12b3bc8e2fbc2aafded078,0
5a169e0a311d41e8573b54a09cd1e4bdeb8a905a,0
3fd9be3e41f5bf9b6e60a3080a30a3e9b9ee2fe7,0
1d0e9c894e800302ea4f66598b4b98acfb0981cf,0
3ce57af2e5150e3cfe50cf63729008a1122b9777,0
6793ef49016e4641d076e5537a517f9bdf5a8e80,0
b816dec8f993d349a844d0c17011c8013510bb6d,0
ff07a4f17ae922372fefffa7195261231c3c7445,0
5547da69a73fc801a75a127d14b79df2b08a3f65,0
6344491c994f8072de851dafdeba75fe964a16d3,0
dff869f30fccdacbb4e8558b62295408cd555a24,0
e6d3bc3c4213cff1fcda12004ecdff84ab1e210e,0
0495714b21ee17ce6d09bc246a3e91cddb627208,0
65f640d889e36c13128ff6748b5dca230e192ad2,0
d6bce871caeeb09a7692245e77ccd72dce21fd6f,0
cc6934f7dca145fdefbf68d5c2fb502fa980b62f,0
9e6747b033ad3f3663b8c0c5173ac80f99d8b445,0
be889b58250d00f1ba6aa803348b4c1ab684fd2e,0
7061c15e3671b6fade747d6f05dcf5e3382cb556,0
d4afe96af9c8ea7128774669d8c408322a52861c,0
5126b1da3c2b71aec5306bbea8f5b6bebfed2451,0
b82f901143aab7c7c58ca32c072108e9bdb7bd01,0
431adbcc16d0cbf6fe0542b7f311594cc7f89e3c,0
6efbecf719e86a034e3042c7b073d03eb16c0d4e,0
d11b621402858d5512b463d9d4a694db51e3af7a,0
ce3589a606bd8ef7d06f3cce952c514ba32856a8,0
6a2dd26be31c2907d4b4b1cf8db368062080eaef,0
191067a688465c144644287d2cce246bdd792b44,0
1a7136e404682fcae3ba4578ccc71f77eac6b1db,0
d631b9399453003935f92fe5817113440abb00e6,0
0c65fdd00b20d8c5e89d5117315fda6df3f25819,0
9ee7d900ba798cf27a10164775a9c2d102e0f3d2,0
c33357bd8caea12c4dd904b8d4a118538357ffd0,0
2a1d5a1cedbef1eb25fbee923935469400eb8a83,0
b85e08eedfbe1bc93bc82bb423788350260093e4,0
3d4066edcd2ac3889018a0761fb990c152242f86,0
a8476193ba62cfd8caec7d94866be6d8ccefd522,0
c93e88f96674bf4e4636fd6ceb5d32b93b025ba8,0
01917b33595e0b105946a52a77aa9ad2f01f1bbb,0
9a28232ead0f4af32f26795f3b88891a0972df09,0
9da13588d85dbafdfcb5662e1c2e0ad9253147ea,0
6fdc60f6bcf204b533aae86608ae51a2f02f4038,0
c55c90b9d49ca5b25e207fd05139e76b2da70a37,0
ffbb954c08a697d6d4fdd08df84b3479a0a1e32f,0
f525255e66655eef472d6dc9172bf47e5da3edea,0
41060136d3b473fca24d1459fd26f9bd6fdd6eb7,0
a0f34669755a11b1847c004230ff7098e4344932,0
a59036308412489e34bd6f8fcb44d5073a014fea,0
5919755abb95479215912d989223f9737b5edf19,0
10602b051e6ec11532c39b38b49b9958b99774db,0
98364e763a71e10be609aafddb6e9ae6b7121147,0
e949372a02b238906f58f9687d365697b2139538,0
1e7f2c99540867eeb568229c67d09618cbd198c7,0
a983d382b1aa38300f7dc791739c70fd3f63cea4,0
c3c2b8995646db336197e8ee63d46f91bb27f88e,0
1e653daaba6d880d92240cc59371e192cacd51b8,0
bde6ca84381888a3ef47b5c2e191248581abc366,0
a9cc30db916729668052eb436317a77c98090e12,0
d3197f5e4b31540304eb4e91dd3c7f80d1b5bddf,0
2a278d84a79e8cdc6e4dac16a94d3d28b080c38c,0
677da9caeda0cf7de4a76b6ef06b1f072ae06ede,0
3926e27138902e4d985e79321a04a4ddd1191cb1,0
338c62a1079799f7fb1ad0551785e50a926abfb4,0
fffd97b72b99ae3afe593ba849e998229da583f7,0
15d4d830b37ca1c50c57021fd7f587e993348808,0
4235a303462e9afd0be77ef6aaf49086ee581e88,0
0ed2fdceb4794e03e7dba7c0569bf09d1a9286d1,0
51d3f6dbdfa38883969974eb94270a40c9d6d2d6,0
41d13c8cab8dfbf8a5c8845b397867c84cd99be4,0
bd3add6929479d3f65945f8dde5718531958c36b,0
cde8de829b8a677847b826ccdfbd4ede95216c5b,0
867a9cfba9bbcac34e011484a7a039c05fabbf0a,1
0a53b743e62d3bdec311a32005db153560c674f5,0
53560a868a02538a0650c27d7e33abd1deb5bc74,0
6ec5db251904378a80cb7caf5567f26431cb7441,1
e967a1f68e8dd2e39450d7f3c4cc6f29394e5231,0
6c1304baf1e813a36ede2d711c849d253c14c163,0
de8fec01f673d57db48c356ceff3418946beeb2f,0
0f812984c5f0a218007298ce5fd3b5c7faf937b3,0
87266eaf5d87876a73ad6f49ed62dcb7851eba6b,0
f94c67459f00e8d00b620d6871a3ddd50dad79be,0
d04dcafaae70cef404a21ab6d368766c3958f78e,0
a73c435fe30802767bb570f12535698c852edd7b,0
79d83242a2f97bbd94baf48da9e5c231cdfa6fa9,0
435e3cb10a29edb219aaad010387b03d3e20f3f7,0
8bfba4cf05ee625e5a6de40661d60114b97e8309,0
a398e8801d67c58571844f754999333fd428d25d,0
720c792d9e98f9dacc502ea7b67222ddef90936c,0
9f5018ece9212e410ce89897d77ff71a6a65aa2d,0
8484b38d762b9332834dccc2c865bd93bf9262dc,0
159b199a70965b34b76d3dd76a27054de8cac0eb,0
2f374c234d6d69f177edca3c2b0b45186b8b50e0,1
3f4f307192f70c3d2f8d9cc1dfd2b4b350d4b7a5,0
d9a85964799d4b3d34cc49c88bf3ef6c1749c6ca,0
d0c2279f1480843bde1bf6d5315e99fa1995f9df,0
955db43afecbf4fe17727cb1f9e50eea3d4419ea,0
c8032cf1b3af77fe8f2092756f863a98fa5da3cb,0
ccf5dc34d7e7618d2e96c82820f777ff170bff2b,0
6ba69c114b9c285f7aa372cdadb11b12927f41ba,0
de7d783f105a8a529b5b03eb16d4a593bd3c32b9,0
864f4a1df49298cdce89ec94476e0cece3a85f55,0
b6e6335295243f62ff9f245fc2b09070cc64b019,0
0e2d026c3a0b8a4ad414c1b226dca1f115346970,0
ff00f8e8177c5d16b646979cf9dac898afa56337,0
c699bf804ac3f9d4e290397987c938ea66bec78f,0
b4ba6ec71aa0f6cef6be74827df8d197c81f3e81,0
83de53c60e9fa13f0ba78e0a6ab03176ccf1e078,0
0e7d578fbeb22622650486fb93281c315d805ffe,0
8acc9b8dabe4c384b84a892be35ba410c2c3f2d2,0
90b9fbcfb8aaa82ee5061418de3ce448627b2e4f,0
bdee81f4efc617a8ba0a00270aeb4fa045d31302,0
005ffb860cd4724d8dd119c8317e9caa916c8720,0
2d14e80c398505dfc7efcca5437a194a0c057c62,0
50d136381a84349450e641c84716f573c2c34a6e,0
5d630ff0db7b772ac086cebab888d11d0c079b1c,0
959a5023385f34bef0a6ba01d8a01d869f08318c,0
80a901f484881ce47648d5a7a75722f301f7dbb6,0
8985027ceb5dddd934a7b169098498b166e46a11,0
e584374b22b5bc9c361b9460d7e941ffea96f856,0
7502f275ffe50147ea5e48ce97c2b0ce5afcd41f,0
afaa20b78a2abb8a69066280f134c1b0080800a8,0
209725705b5dbc02bb79f0676deb2b8caa7cf97d,0
acd4b4021506d90aca2ca68b650c9af32e1e0c1d,0
4e9e2e17df468821e0b101cf9d8625ca099e3530,0
2e7fbccd43c9fcbad035789bbf6182467a9e5809,0
c4b5506c006a2ccf977d27ee5e3d521e856e67d4,0
261fc717ecf2e60ac690228d8d32fd51e97245d8,0
63ee6973df1583f19eee49b7aa81083e275b0eea,1
c0b97b132027df9ba67ac1385477e9179d7b792a,1
eadc28c5b38086504e6796e81aeb282aa94edd09,0
d856b5be87c3f4960b6056bb8e336f78ddb6a58c,0
30feb8418be918463bf65e85172e2f19d420e3dc,0
5faf9b82eb980745902ea82edf2cef4936f7e717,0
77e666e013324d6b0efa53b53d1ab4c567d018fd,0
1b33b919defeafd37be37636683edd8d10d88134,0
f34a0541e0efde2a6abe6939c25ebb4accc5cb0c,0
7ec5382b185889fcf3465944e84d1e653ef36a7d,0
8b98e272bae7f56fb2a4171d34bfcd0b546ec679,0
f537d7297255c00ede75f496c55e9306f1473b36,0
0c78a3327b01c60e8e266f60075e8e5c27a6abeb,0
40ee4f28fa5c428c47ed7de5cef685c396ebaf17,0
df06102f749517032317c2466c2dc89a3f3b9077,0
1ea807d6abdd4e8b846beb0c533ac5b295f2c465,0
0122a259117576bc32785c0196a972c26f4d355d,0
e9dc6d0c18297339dfb9fa91fed40b33c379a77a,0
4b9dc4cc39598dd4d96ae8071806b6a39e415af0,0
9bfb35dba749935570016ebd216e31121f818f29,0
ddca9da8c9f53ab594514cf10285be68943b4c47,0
d0d9e483408a8800ddc2431e90b204d88aa7d865,0
51aee884a04ea2e000760ae15225949ed0bb1140,0
2dd58b782beaddf34c6ece2372da994043118358,0
bd1bf676ec5b5a5a3474b1a4f15cb793fc13890b,1
cf832bce975b2b61ea5dd3a83dd214ab53d869d9,0
bef117fff7846899b21490eae30192176ef28435,0
138baece9dc30019cc1d8929993d2f97afe39b01,0
2178cbba5119c9962953b452e5037e2ff1bf5f8d,0
3a8051b5fbeeb5c66c0110113beed27a7b5c933b,1
70ce743bd65825712dca9ad9542cea62ed9afe22,0
5a468d3432e1c3142400a59b15af786410f6cd4c,0
67ecb80351c3a80eee6fcb57f5c1c48851214c01,0
c1af4fdffd4456cf2878ea2a748d1e91fa40046b,0
76e9c436aa97e31deea0a9132086b25380216035,0
cf86fc51335e4e441f6a60c76d1c89cdb27f63af,1
543354b4275a82f1f804f41410d8020226c5c29d,0
0704c2954f807917aa9d564ebfa5f072df490406,0
1f6a3e8cbe95765c45531e29d067823f95d89d32,0
87c566356b1ff7666c83d8c16ffb350648e89459,0
8092794f3b7da36c6c67efe357c67424fe610543,0
d40160af26ee1fb2a9e7ffeb9bfe3b0900f77df3,0
d9d68dd4457e14f402ffa95c5af3cbdd6e36f289,0
e87e63cf7b139f458eb290a063c3bb477284dbc4,0
29582fad477a1b5157e61ba9cf7a4ba50fdca8e3,0
15cf115feab79da1ff0a7c9ceebde128617a8cfb,0
060c4adf6f3e1851e026f2a09dea0d161a5e154b,0
8a8d0627151585c07b44ada3ae4948fe0e73d5d1,0
a5c3b1973b9b75d542bc38347940a10c2266e741,1
ca4c94a15ea21d2eacf76855a21f9cdcf56fe379,0
3a6dd6c62a772e77cc18b16fca875c7be45ad885,0
de6cced420113271818832d3a4ee3512fa63b6bc,1
ed370b16897ea63a19fb6a4ce242481340941b38,1
a9fcfbf01c85f0dfe1c390cc2560c25a6948c0b1,0
a16355e80b83940e26e9234c0c565181ba9b2b05,0
13bb1d32e24298274365f56eb471ef9b75306f2c,0
dfae8666b5b42d838144d84db0f9d1a2cd541360,0
af97dc12689ea492acab18e24ae99494a7d6f851,0
c85afa9b1e56eff48b4a933b6a254048e7a8c045,1
4169a32e0c867a596bcc1d1c5b7331e038a7bf28,0
c7f126c9a8f7cb8e6ed06b10d0cbb0d736471795,0
e9d04e61de314a30955c373a05850033ed19303e,0
fa06fd4e190c756fb7be6b1a7464ed3ade751277,1
f48d877f50f81bba1eea615e49ba8050a68cdb27,0
578bfca228959cafe57cf0fe089a83393ecb986b,1
d9e653a3e046b01e4fc941645e00541f150adc8a,0
7815b391eb3b4e1360eb04af427b66768cc6c88c,0
33fdd72a6763ffcebb850b9499949f43d8ae33b2,0
a89b2172304ff702b97ae69e66faa3191df9b9ad,0
154cad85ac2dac93cd779d98dbe7f816ce482cfa,0
a400c81156e863bfee0fc62bd274023cc2378d75,0
67c45546ac4eadf6c91d560b5034990c86bf5a51,1
7cfac2c6f355278818ce9f5c29a3d5e97df1d366,0
bc62c99adacf1774441d4cad07d6667f64bd7fc2,0
4727ae0a9fbcabfe660d47b7e51757f3a4d500e8,0
9b4f2ac5a12c951743448b9a6a7d3d2bab0bdc28,0
5b87c596c09f29f5245324d699f3a7cfdaa9a943,0
d8461272a675441aed5d2708eb3add41be73dc62,0
5dc4f0962145e5306cf2ab6fd8669cb5487c89e1,0
6ddfdd9927f37c1f5ef95d59dc64022707084099,0
1a182ce55272e285eb01196b6d82721738121177,0
5843cf4bbe6489e4a43dc100e2e20cf8a7326c4b,0
8715dc34400e37db82378f3dae391c3fd72a616d,0
8fc9f0be3105640718e344d96d111c0dba5787e9,0
c4965ab91dce555c3a1a0b9754d776d78f3ccb29,0
7528507cd5b0d02e1e18b0096cc66fbd5307736a,0
5ce07894a2e6574a002ab5890c413930b43a645a,0
e5a1bbfdccfc7fba854f68ccc3cccbe3112241d2,0
490a86fe284e55331818a52188d0c9480c8813c8,0
ddcbc6e7049b6f59c6a1fb756bada017be549203,0
5a40d8b2a729823a81ee32270d9e9a4952b2c838,0
6b462ebf3e228979f8aa5ad66098e3d3ad2bb73a,0
804784d2cea28356d90c49a1dba17b34de6b2955,0
f130a83b0bf5a2f358f27f1cb819e272a834a202,0
2c44229c420760519843f2b9443d743fbaa590d6,1
169283d9338b198abf5a4556611673bf5846ced6,0
89772be68246db49a202e3c680dd627f2f0e2ff6,0
050161faf70479fd182d6a48e720a3dd72e5aead,0
5a0899e103a6f5cd1aa993a1aab3f648714645a7,0
a5fed89ed62d63206e20504de9357c81adb298e0,0
f00c8fc8ba32d351c2e4a8801f2681d1b2ba6ffb,0
471126c33e896a477e649b37702582662e6ea485,0
3d26a2b1e73ad7707ed39f3560ea00331c06c996,0
387258f7568e18c1bd85cf592b8fc9642e47fb1b,0
d82064e93f476e2fce5705aa1261b5f983cfc73f,0
56e3ae4e09d3d0da7ecf926ddb365377eb773ce5,0
54b23f33afff58fece39a3eecf0ccd27f7dbc937,0
30349117738e35d0aec1369b050889578352757c,0
5ee45b9f7d79f5195edd6aaea34f6c75e8b31228,0
a03ecfff588f1a265ee2ba50cb379cfe17d01c16,0
f556ebbd6cbdf1864f5aa42b0e3fb543556125ef,0
874f99031593d3e30b6bef5b9ce74a1e1f07dbcc,0
635b1a971d9d6ee3e85df9d4e78d37d11a4ac535,0
0389b7a7918c9d30c23df6711274bcd76edfd04f,0
819ab7be5b01fea4eb58392ff2b4a1c54df19cf3,0
7947ff5ff7bccf14b9790a37d78b96d8ef4285f6,0
d9351e3f8a1742165854d9393a2aad296dff50ed,0
8cbb5aee8e5a425ced0fe4bf912f4927f961bf6c,0
d2db72944ae8942fcf5569b7d9e3b6db4da31784,0
eec8bd14bb70b448b1c2cf8c98d04d9667f7ca97,1
f7095691ce03a83c4ef43a0fd9550260c0c7edb0,0
547d13d80827d98dcba5ba06f4ee843af88fcaa6,0
cd81b4743b999e1b2297227a8704d412c9567203,1
97309d025010b03fac9cc0189697394e16bebb54,0
00997488a2d48860ad119fb76b02e06502ec651e,0
e7893b15e4a65560093d7e6802ea3335df3da242,1
3ebe77bf9b356aa3c2ece440d3bab75f82c5be8c,0
8c2f46f1203733db43b60c9ec09f12cbb283aba4,0
101491662a826abaf44946b3515e4e054d77cb1d,0
a4318061ee2003063e4682ec49693de0e8a7cc79,0
40b422ca4b8e464793f7a97df7e542f4dcad078b,0
f4c02f64205782fb7b4efd32d4f601ca4c076625,0
25f44a552aadf5bdc918183cdd2cdcb88d1efa4a,0
a8c82a92178533660e6133322b428f56fd848eac,1
b6af5dcc00647b2c9d81d90ed644f15d855b1c53,0
a1af519040fcc19a377d7653daa001b0a55fea41,0
feff9f0d51fb7897f83a74dd4834368cbeee96d7,0
394684722652858fe80734c19fe12de9afa39729,0
82859c372466b493a30bf24aede6a6f902e6a5e2,0
6dc24bea399cf906ed285a0decc84ec0005b5934,0
c21aa996a1c444f7b6aba04de8aba00cbde6e15b,0
d42b8f9316bfe50fec91fd0cffe4ecbdcecc9ef9,0
03722bb650616fa62e9d283ca31b0114659deae2,0
3847bc05a928e25355540449f6a3bd21a934ce89,0
2059197ddb96762092e0389fd7d6b061f3d0deae,0
e283685f3aeecf95716bcfa13be0564ad3cb8bb5,0
decfea90131ca07e461a0ebc966ce871ab1ae562,1
e0cd97ba245a1a2f5de3cb9a679e34158ed63414,0
53877f9ddb420c3386ee8ee0c3a2b7f44cc71dad,0
2edd0c439cf2925b27853d23b48dbd04c0f5690e,0
b01fd5178fc2e0eafb268c9fecd0865c566c9e77,0
1423524be9ea8eab4381ce76d5d99ba83765410c,0
68c474c44391e0823be1471fc580605eabeebe22,0
e5dc2399a563759d317a3b1b93f82cd8306c6e02,0
978387500d755a793fc7dc0ac019d0dc8d1fc996,0
8861e4ea4fb579f1a1d6a0e552767928eee3fa2f,0
6d2fc7bb6ec0cce2f63d20b4b1529dc0c3c06aca,0
71bdfb5b186e42ca9291b97e347e1b39561b4f38,0
73206aa5516ca5abe87e500536f3d572cb742353,0
4378c9e46fa7f90a7fb78f9a6ad0571c7feff637,0
b39d7ec347edce086c56fe67ce7743e13505320e,0
1dabd2a5130b3da687a35b18d806afdbef582ef6,0
e980b636103a65c0d67913a84f6b2351609052bc,0
a6312289848c5100f7679209e14bae5d82e5ebe6,0
9a462bdeab7aa7308975f8963cfd0d2f937567cb,0
f8dd3d04ce4b7aed0a0f5b8e6c0a1ed3db8bd63a,0
a5d4f0ba3e615244676a9ce64319168534ef87cc,0
7e8ed26a9f3757506e5da38e541e3bb10b49439f,0
33c36f1a6bdeb637c5a3426b9d296b561c6a1346,0
c7291fbe58105d51bd2469def1e71e674267e3d4,0
c0b4dd30dfcf50509c1fb8c53e9f12ca0b180fa1,0
8fa0bb2c78ec51c9a94996f04f98660c9dba7dde,0
d9dc80d1d5137624c2c7e73cd1675423589fc21c,0
ebf8a3b1955f5ce2550efc0baa896eb982b38e29,0
25dee717df678f2010a30360014d787854e5b0bb,0
a4dce178b42ef35f4b5486ecafe24d8362337d59,0
414cdcb86706ef5359f848c4f4dd72a62ed5d326,0
2dd0d8139b5d03d74ff4e34e914e4cdf11d1ac51,0
20734595a85efea1944990431e7f6f9ea5b9fe7a,0
03c1602841747ecbcb474062405b66bd84bac01e,0
2e6531fd281cf318a57e0b648f594bba36ea5690,1
a816d468cd0641b121cdc35fd61ca2a20078f967,0
521d7b7ac802e4ddd8360739b0f0e50d2229c03b,0
87cc14eb4eedc7cb10fb1b4a23c13845f70a6b87,0
529a162106161b4f282f9053ba49f30dcbcbcf1a,0
b31175a7287f38cf8cba1c7ab3491a272efbb978,0
ae5dc714e65a46eb098617701bde28308a0d020b,0
3ff2ef49f39d63d1b70952f8a2de0a12818d6477,0
f92b8fcf7216118f1e37ec8dcc140fab2907b1cf,0
bdfcc7bd21410a682d082a362bc8238cfb394b02,0
fa06e6aa8bf96a484377255b4a1191a4e9360ed6,0
6341954d974639322e0b4df2c75cb26e77fd1e88,0
0cbbeaa3841e712cd6e006b8fcd3decc6f5302a0,1
7bb8268c624811997dc5b05bfb8afe232c2fd973,0
78635e956828c243eda64eb043ae3b3535341daa,0
ebf13d276936af51a6ea5608cde2b6f00727a909,0
1e06633c79d30cde36502b9e7dc4ae8722cf491a,0
71e21f71f10b79d31bded31eb7329c4a8144889d,0
ffe95c940ee6115ac29ba4254fb75586e35e13e0,0
59e7a984ea209ab5eb68dee4521bb6fed7e9ab58,0
b7017e2dc5da4899178feb8a499b070ff34a16e9,0
ec26cc0ab19bf53b3ba1cf7101504193aa8801e2,0
d458db147cd00fce7fdd754b73365492a6ccfc1d,0
e76f38d3b934617689346ea11e6a170cde219ef5,0
4efe2b1349211715d200eb4a6e88c84130182563,0
9351fb7b94eeef0206e426b1657e90313fce7095,0
c39863af66694339f3a0cf541a55fba87afd670e,0
583e74f18982d74f868ee889d32f02450cbffe17,0
21446d33ec733c4c970a8c0b825c58a26fd32ca6,0
dc87877a0f8ec5a705915e6a1c4d3a1b21e3ba6c,0
ab05e2b945a7ecbebf7faef97a3fb5cb4bac94a1,0
a320a49eaf393f89f2466764c21ca8ba152ba42f,0
35a579e43f6664ce0994e382fe8874dc270740e5,0
00fca0154ce92de1a12d8e9f52d1e56e29c64430,0
0077bf0d2eecd26d4992b95bb69100f9a835b8ce,0
6896323e39944b7cd4161929388d6a656ee16439,0
1a5e2db0a466e9c8b9f5f70465d1e214eef081fa,0
05fc31e18f4e44da9d134b414c54e5e0af0e8d54,0
4d21af5d585dfd82b073b199089c8150188c74b8,0
7b748d49510dad7e99eaf5725a9971f166400a61,0
acfad10ec99745d60b6a38bb1e57eef828cf3e9f,0
da63fe737e59976bd12afbf1da09eed8f3e0d408,0
375b396d1548b0ed6b607c48fd14ae669b14222f,0
50b6e5e22e9ddcc2995cc56addce6f9e2d4a3cd8,0
248a2444d223a5b6ac7ecfb670d1296288fcebdc,0
a2d2352a96a795c466b381f24197ac7ad007837b,0
f9ccbd37ae026fd252e52401e17a10aa2229d17d,0
7335fcac1737c6a7c20d5fcbe0d24f73eb1c523b,0
be8905d67696f1effd256954f9c9d5396834a08e,0
3eba17a726bd7952eb78d61794405e96432f6bb1,0
a5efd544156253ee96c960eb26cb31214c6a9bdc,1
ee24bd4db215ce9931f45c0690946ccb0c166e2f,0
75c9d9eae1630859fa8b1986e8092da73a2eb34f,0
5bc99f0406fdf6d9d6de1139905f0189337fddad,0
547edac741a27c15f06698a521a42ce276d29376,0
ee4a5a1c9119ab81fb7316a6b57fa661d9a1d969,0
4bfdd5474442ff85e5110ce609d8f99816a318ae,0
40ab8975a964768ddb9e40e2d9e57877b482d3a3,0
6ea2763456f38572df587e388d1f7bfb09f7ed33,1
5c72cbe84bbbb8751cd11989db6efec352874422,0
dcf9b20c19b6ea6d3ffe848c34b715be2418a82f,0
a55ad3b39acf8d42355c2fff8b5330ea2884e465,0
3688019bce96989e43ebe7f3279034f6bb98b6db,0
da7d72810ff08fda5177d0e6266268a87cffa227,0
4b3e9a1e9ae5171e75152e9f5cb28010c93068da,0
7cf5cc6aba6bf4c7ef63052dc916ef52146c1863,0
5b1fc7ad039531e9a535c0b3b5b97591888e5851,0
5761343bdf2d1a7d326d8113f34b97e7c156fbbe,0
01c0845021f4f964ad06f24d7872d6b5a42ffc58,0
5604bb32cb98a7bd7409a041d66a005c539e6ca6,0
54bbe041ef03f9d92cb377a18de5bfb6ba731cc6,0
acb0df7fca074ad9f801316a1580c45e6d91a266,0
4e671dc57ad1e60ee084a065a09cb5df90be79cb,0
2b1596c1358e25a2cfd50ede926c5ec2e03781db,0
45fe7670225e39fc48ab2f702b5dfe4e8e5f7059,0
d8a161171f3ccc2480850684b63354bb2b82020e,0
d6f4c4b7ccc6f85a3f728d2a9e8c02032e7e83d9,0
90326209b783a43b39398f0f13896b21ee2c98b4,0
18596a618d77787ca8e64b030760156fc5331292,0
6df347e83f2772769b8ef7b8a800ded4bf05a533,0
4de3fa8b7c44d02ecccabadc8b671f869fea174e,0
2253bef58c24d661decc100a367385b10fed341e,1
85f891d6c877516f540df89b3c4c9d51e7bf1a4f,0
fbfc1afbb246c5f1f9c0fca4ebf4c5624f7f8fc4,0
c8ae5dbcba850cf0fc5c4f674a6590210e70aa14,0
40f13e1035ea3f0813be94dbc1e79a1ff15b9243,0
deb392c0c3b3bc4dd55b7c873de254d169089aa5,0
d3508efe09cb21d714a5a76b05542021ac031195,0
ebcf163ba7e4b3a4630d83e936eb7e8a2def2e9b,0
5316b54b9a6a913cbc0e9805d4978acecece7bbb,0
0a8290de96e7b377d62132cbef2f92b3a741b4c0,0
740cc3a7102723209eb31b6b9266f4d2612a31b9,0
3d27ad720fe61f9f48b4787bcc48b613221e1b2c,0
901e9cc2b6217d75699736b099422a669d9382ee,0
d5118d57d9c01eb264f4ae6c8d15082f27249810,0
93f81ea530314620af7d6f0436c96497fbe84c27,0
7614d57455fb9c07d95d5cc2c8358f48a2b5a1d8,0
e5a039722e1080301602562b788cc5ba62eb9ca3,0
ae4bf07fa2502596efb38b2170bc4ba6216a4581,0
f581ad576d8290371d26c53bed118b9d0984cb95,0
4afff9400381cc905ae22d69bd1ecacc6586f406,0
d27fd6e5990b381a049e1d1dd0f96925c78a6e2f,0
eab5e6f1d6d00cde7bb4217fa4ba0cbd65de47ca,0
ce2ef767fe34c9401f2f2554ef3dee2c8a462f26,0
f230b2eb07c3f4f81fc3528016622e5dc18bd70d,0
824eca08fc4955b8911a95097295060d09457716,0
9b9b8cd05cb1dcf962fbf5f7a1875244e2bcf9d0,0
3b5c74baa8b8e76cf94b34928437f56de2f24f22,0
67aa32e13bb34d97dd16a6d18e228a39389ce89d,0
8f12c955d12e10059404edbb7b0e1b2fc2385e28,1
78a9ee2b23fa021d03eee1714a188593eadb07dc,0
ef80facb23233c37334c7d22cb37b979f63348b4,0
29570951fb7bb2abec90d1ebb04638aac8635b6c,0
ce86ba6eaedcc66e42189dfe6a3e11e2ac1e49ed,0
86b3e1151f426b8d3fae3babc4b977019d3a81f8,0
59a10b17d507b619a429648ef5cee0017dac1f23,0
6010fafdfcef3c2cabb06645c52514ff69cc0730,0
78b18928e6d667ecd80649326f5be7241c75340a,1
7aed2856a1c5b2714ad4f59a65ba0ea38bf1a2f6,0
c9cbb3ac080cf63f06ea2161ac084c3edcce6f21,0
39e0fc9bd030f1230288cb1d2b3390cdd8c64977,0
6fdc7998e66568d6afb491c9036e975f32271215,0
66bab4f70fcd2fa865cde976d17c508542a95e19,0
e49d369f221deb6e5e49ae7c57f304bb30c9376c,0
6be477d854e10e8068c1bee39f635c588d5f510d,0
5ffed353b6cb7b0711509ef98c8656cb01942e6b,0
c0a3798fa07e9a32def7ac4b25114e97346a6061,0
352d6a0bf9a66b5990a54f75d6048a6d5a5721b8,0
0330c6a074d568a19c993fcb795caf9116841e83,0
9ff246b5b157d26ab6f94ff2d16218cccfc900b0,0
3b71a92e3b0eb9b1c04092c60be20b221f190f24,0
4b47e854a80869496f7bf77f9d9af6f7dd2c2857,0
52d3451beeb1058326d11b968b788d203e2bbb6c,0
0d7d349e3c72d4628b84962dbf4cfb40f5fc1c56,0
db54018d81297d320025e92f2bc7c9e04f0adad3,0
b715becedfc30ffabdd76d72eed17388a0d904ec,0
e694dc940948f1c1c9e178a23ee47fc759670037,0
6b5746062a892d920b5bf4ece39e5511f36f827f,0
3175adedc444e4dd8629a7fa43e079ce72829057,0
6ca2c093d4be7402e07fd9d20d8498558f327f28,0
0e88c7fd53350945a4f683c73cc1f9256856d599,0
3008dc3c1e7d78b91c3273568b524924d1cc60e6,0
0d842137fa4c72e89cf5567842c059b895f6adc9,0
348372ba593301a75d94f329e614ec7630514071,0
595bf026392046962dcf11317a9511d5aff6f51b,0
bcd264afbfc92f3f0f2c4d00853721da649b794f,0
a9894f6221ec8bad37e7aecc2f3f0d5b6e47ba7d,1
89457e3650a9d10e4aafc098c36c022d27d8489c,0
d1aeb8b7020aa3879ce30a543b44031159ae32ff,0
543468eccc58d7955406199cdb312937b7d56d3a,0
1cf112a90bab15bd9da0069f0dfc73a956079714,0
6168b991c8afbe57e14bcbb064b066b8ee130693,0
7f64a682a23324677eda03aee1148376ae53a2c7,0
61addd33d6cc2a0cd07df9583144f36749e6cbde,0
4cdf7827071e7f1b16ec753aa963978dff6d3328,0
5db9fde495b573ccd070fb3c0bbf967ca84f271a,0
3b5aa2857f583d1ef70d73b4c3c6cedaf9639ab0,0
06746a395c02f4d8871ffc0a184a05b5991f7fbe,0
f298ec1f37b281b0b0678bdc64d3c1bbc0569ea8,0
2384629761d0c72e27153fc32f60be02a8ae624f,0
0f6e19bcc8ab3ac031e05fccd17a89a4d2258ef3,0
bf1ea2d63a0b82d559694af902b35998f561b806,0
60608e1a14a7e112dce8a07666bb8e66152d36c5,0
27709dcdf1c0cc71ac90c536fba659ea6106c74a,0
5d0e5e68dd19c29eb45d2a19a1e4d6c5db2b09de,0
a88fb222ff47130c1b05aebb34ff7645cea6e256,0
eecf29f83a16694359a259e5ee876d134d1cc3ca,0
217c64af0e11ff44027e3c9395633c53fef5230f,0
dac6e619ad7c3bb7386d0738be963fb3d4981893,0
9b4f01de4168a1775ca8b5e197f82a8722d20648,0
38998734eaaabb5f924ae67b9f58a1877bbd03f2,0
1af88b6f4cc8d912876dc72728d9dc77bdd2710c,0
ee6c9dfdb065169e8bd69f9c6b20ca744c205977,0
7da479116d64c3457149aed72bd5576d74b9469f,0
70a699fac70cc57fc671a22e7b97b0508a39963d,0
d115ea0eeb742b349e3cf1bc965d64c7a42fba30,0
60d81d2670675330ffd29fe529b961e40a42d7fb,0
eaa3d4bed3573290afb368efd7f62df61e258250,0
a512b8651be51d01e1ad62bd1564864097217984,0
fd11644d4406945b76924bc4508543a1f0dc7f86,0
269e80339f7008f130fb7e9e2260b61e323296f8,0
d0a3f02183a5413b0d74236d163777b2fdfdafeb,0
81566961185727d5008dbc4fc95e645ebc9e0821,0
0e2aa50a4c92d07c0f96cbbede0fdbd2e94924f4,0
b78303847d5905799f9516151f5baba017d6f1e3,0
22f983f4c9931fde9b23d3f8f5867dbddf38c7e5,0
713bd702236dd23d9c0740fcf5039739d07ad77f,1
6016fafc4fa54d880dd0ab8270946acc00c36405,0
9f41e8621a67e6078c5b1e290ac11e64787cfd5c,0
3ff0cff84084d52b187b65512807a999badbae3d,0
c8a1604fb1fdc3af09aca6585f4fba3310cbe10f,0
819d127e2bc2f68c068d62bbaa4e365d0696128a,0
512ed60852d3da2621ebaa1814036465e9fc7ac1,0
7189ec1e2f43781c2329845c1c48dd4f7cb7c749,0
4cb03e18d25498a5957613c2aaf8f018be2c6f72,0
244bf07a41aeaea525ed0bb6f121c9d77ae066f0,0
abc799869cd51eb365eadfec411928daed60263a,0
66748483ab733cf59124ce2094b374286d5a7fb8,0
f5992ff675ad1d717e42b627edb7bb021507c251,0
8d212d1c682ab77da793b379eeab7438678a8ca5,0
fc872ff46907099490dc069887fc841065187e60,0
3ee55f3eff6720ebaee28a9cd69677ed96c7b144,0
f981e8867f9eee86d51be0b7a15db047d5b0ee2f,0
2a15b9b31724569eb5ae9907c27d30c431406cca,1
e52bf5b737546175ca1cd13595a4b76140323813,0
510612a19c30f03f3714c2d2015743442babeb01,0
3c949be4c83be2d2352de04ce23b3b82d45b3a31,0
06a8dd853e666ca9d9ae1b6315ece32e4d67a209,0
d0ca77048c33c07b0d375c568830f8f83969e81f,0
0b919cf6467cefbefe4f29ae6470a54c0557e1a2,0
a31b124f101525aa32bb1da32f29e679d2d2fcaf,0
91678074fcd028ce2db3373fc097f867e96fa478,0
03848c402d0a4bf0e7e39f14dec70583ff1dc5ae,0
60c49f3d8807fc7cd39acca5a399fc0581bcf183,0
baa20ef1753b37bd7813a027cdd2097005a419b4,0
306cbf7b91cf36781ede06b6b3b7c094c5bd5814,0
87b6074a2e37b4efb5190ae8b010ae2fe608440a,0
9b2187e17c7a8f0440df83340faaa1af45f3c1c4,0
f3561685af723fbc2f6200462f3ed78f07eab0ed,0
bdc204e433a520ab9e8ef885af9f5392a1de47a9,0
bab049799f391d0473b20456ce0af69a43085aed,0
ac77d8bb7ebc23a9f7526790944c63cee90ce936,0
5a0ab2d17f8d67f54eb38555b8d12d9ede9212fe,0
09de110031a1ad6c36aca0eb891e05a30c48471d,0
9b467023f735f2ffb94369bc20a348e22011cf3e,0
e7eb425c1bd87011de02bc3cae9d1eccf9afc83b,0
b125d25896966233ca2e76c800920d5fc02409f2,0
19e2eb1a112e54cf20483c2e75eed3c4bcc50b06,0
1afae1c7e240da35bc7804eb55ad4ece6d20c264,0
976b231098060200f3e1b89839ac02de0e9db81e,0
accf9a87cadab7111e23103e03f9b1bc97ce6565,0
3d9e011c3f552bc8e19ce50d617b404e7a501711,0
cbccfb9ec112f65e267e5ad4700a3d7b203a8fc6,0
65bb697a264dfc29d50701e55f21736cabef0a9a,0
7068c451c3d1d0537ce5cfed854d57eeceb0fa7d,0
bb1e17ad1cc56f529ad8007bb3c81eb0ca580730,0
eae162a227a688bc9ee91a97ec5c06dff2803811,0
cacca87cef21dace70c0c091f2473e00f443ed2c,0
8f7eec6b5bcfb5444444844e800f0deb7878c5e9,0
f5ac8e0a74b8ec9a9b896b46612113f512a7574a,0
8215aea33ac5311c8d29f6932ce89dd2638167aa,0
9fdddd0ebddeb35807a37330ed88cfb34214db37,0
7699b0f7a29167db69c88073483b7acfb250b0f2,0
a0481d894e02e620434611c88eb252deeaeff18e,0
cb80c16f76ea9ef498d4fa6a05100dc5192fa2d5,0
03af177f9891ea1bf07c199bb00554c4ded52c2f,0
e518910d0a68acb82dc4f22ad57dd9ec9c24b197,0
4ad027af44b7ef73c1352020940c408674a581bf,0
c437e3f66db07523424d64d0dc2ba92342808e50,0
331cfc0d5edcf2b9c1d4eb53a6a913f3e663e952,1
ce0de66e0380ca8c3575754ca29b3cc7476377f4,0
dc9c53382881a040aed2029382208579a4656ad3,0
d65f6193fb8eea5c53c90562d893a49fa3fd68e9,0
1b3c64da4a8600ec42160cb494f8b766dc73f26c,0
97b2ecb1d971fb4244264e168609d11555b0fbbe,1
9271433eb6b7acd7005ee820f9a3aa8065ccddf7,0
53a4a4f288e3e90981c97e33bd9640a88216b58a,0
7b578b1e54b9c927065dc9c865977b842e5fba89,0
4bbd8660e7671add59674f0b85ca603123471d26,0
410bf480e4ff9646806a6d3a778e2e06d5334c4f,0
3a8a0e4c5cc2b146c52ca6da1a81523e970c50c7,0
d459ba853672bf8c3f87e7dc1bb0e7c8b6c843ac,0
faaf50f089b3a7fbde9312be992708c86d20247b,0
3c1372a6861eff8493c3d2983d1c0e20e73a6b4f,0
783411d64e569431d08a327abaa4d7d404dbe36f,0
35673eb8bd760137db87067872af8931e66b92df,0
2aaacecbceb874b86e19af50af12969bf5b64914,0
6a72310ad2495f83ac6230b4b176e349ac07c043,0
0514df95ebb8a13899830dfd4cda9025281eeddb,1
bb87b6da29830ee7e38234b958e000dd35d0ce83,0
437b90034fff4bb81e9b651153939b5b563382f1,0
5bdd7c19fc932ce3c43492c410069610e399d85b,0
31af79e103e7c1155c5eaf964e82d27b04692957,0
89737f515002c5ec0af4499f76497ba627dbcec8,0
e5ab138c620e346308858f49a49dad6ccb97e69e,0
cfe9fb1c486148ae2ff04018f5e5c9473448403a,0
406a871d9dfcfa13d7271d0f3bf56e756fa7469f,0
a8c912f4af5b0ea7c3b00ac19ac5abb17a8c302b,0
8910cb56289ce99904703ab66d669088aa957405,0
335e928323762a3ad0d82041a9cfe538925c1d98,0
12a727d0a3f32f60456c04abe12715c211d7d350,0
c5e49a3a81750994ff3492144d9774b378ed8bc2,0
e1badff0f55ecef8f213761fee1ce0029513eb50,0
96b3c8401ab0cdf90928a961d025574f857cf084,0
0026b9925fdeebc957bf5238692af44cdb513962,0
bb6564c2e86a0b1d67a4fd02f52d3b7f3af3270b,0
e4dbbd386a1faaa254a841814baaa1ffb616baed,0
35cbcd284dc62e89a331c96e963f44d6fa2bcaed,0
280817e35d70336a0e712c92a4a5485afaae454d,0
01ccabb6c3f61f742462aabf0a8afd5bf2a9a765,0
601121b26c78ce295e6c407e1b2977902f3e024c,0
64daad2b7430eecc7fabf38ae24dd9fa7119ccdb,0
579b5e0ef429dd3d20370baba179445bfb8992b2,0
9c58d70a7440ff351549c9015ba09774abe331a7,0
ee314365d40dd2366a63156c1cb0d85f0e743300,0
1adee4adc06ed9d4b87b50755b2b99659ab31a32,0
33f09eb396287f8d80bcfb7bfdec36a50c3ebace,0
b94753755f36404c7ff5e9178253b439b0fd43f5,1
21fff82c9f74de2408924bb33e7f50561f5cce6b,0
e79280312384c99507851600a2c9b273737d70a6,0
5437da9eb99856c1db2a66c21463e999c7d200c2,0
ad3f50f30b188f4c4a454b116ed574d6b38a1b7b,0
125aa5f660a83cef388b16f3fb861088f31aa3e3,0
32c685cd9ba7085e4c172c265374cc74e3eae161,0
fe2a9e9d31adc89caad60f116de9ae39ce841d9e,0
15e83a71a2c85351d9e4ba618ae821d43183ac25,0
cc2eaced772f3b11d9e013f5d10c82e52aaff176,0
5defaf48b7d7cb21c4c6157276e517f8b10a8a10,0
843217c5d0893b0ccbb34a926f2c87fdfb20dc6e,0
8b64b4806c2f91f3d37f16b621d43a029350a4f4,0
9d1240b515d9b6fe0139832c00e32fe688d5e5a3,0
f713547ebd80d6cd4462668cdd1351d5c40297c8,0
b2ace9544c4c258c2ad6066ed41b629041ff743f,0
0ad90dfe622230d5731e668f5fcaf7e21290c9be,0
60e60112ce4a8bc27bf9ff0ed87d08385ebb3e43,0
4dc81f86b7c35b8e43b0f2a08912ac7e01deb9d6,0
21f0ebbb47ab7fae7dfa94a3c19916f12f0c20d9,0
d53d2a3477ade9421cb4b37998057fb84af954c0,0
c1ad7ee3fcbff321500bfa4fd1e777427f8c9b1b,0
b92ad29df4062f2f79dbb511c2a7ad7f04191d76,0
4a157fc09b080e499e91a75c2e9c794b456a3f94,0
bec979ad2e74ec0bfc2bc16ba899292353394fc4,0
e23c49857a893cdbb77d9e3b7ba31b2bba133d48,0
ddc18352b9105e01a3ab66ab244a5483d0c26f72,0
6fed29e14b59f1eebc952fa2eb31558669fb3ec0,0
35d61bbffdacd5bd3ef328d9406d8fb6205be2d9,1
751a30c1d4abe8c738e13a4d2f462325e09cfd17,0
d9b82d6702e114b73b5ae65208fed4d90cc9388a,0
7ea55132c42298a070e5a5d4b6c454ab1637e501,1
c89707ce3a8d296680cd6e35ed85583ea9778581,0
8060cc370ec09e3e4ba2b52ca38885ae3cf35449,0
cba6b5e71839493b0730132a9e7ac1faf9f578dc,0
53b0fe9ff96f802c304a0512f34eac208fcd5820,0
9c0672b668eeff93876b781ff611044df96f2d3b,0
383e712ba1adc90dd031c2531480798cec6d1808,0
ad1b74aaefd18b6328cc1b7683e8142be24aeb17,0
0ee03deeee420c8072f6411f7e6059e63a354bf3,0
1778f63635fd72bcb10c4a4b33878d2409eb30c7,0
379076fe7bcd287308b3d1043494251444e38e3c,0
022e0df73256778c3efc436142ef72d0b6afae29,1
4615966004631f4a9de7b738968fe6f1b92e6971,0
f3a24aad922fc2b7d4762ed84aa959247ed06efa,0
4f24fa4c53735529ddd6a2ecd7450e3ddedb31bf,0
021b296acbfaba7c648ffba783e96e2483239ec1,0
1a07a37962e7bb451443a32636d897a38c9458d8,1
0f7b38fc99ffadf57f04b0c9cd0318fee2e94bd1,0
6f452da541ef021d66d250b6d3776cc67e057a1c,0
03714a8da5109d06586b219867f4d5e2eda25d22,0
daf5ef8aa03f0eb134d79c723378096158b84ba5,0
ea4dc92030f730bb2639e3e345fe8b54f289854f,0
14330dfa36437ca2490d69521a56d7bebfe69c0d,0
312c68be28f9600c0b696001acef7256316290b5,0
32478e5bd8e155bc51ce8d36d4ff7271ef521920,0
037a8d48c061245edd6533fa757d81349c1842e5,0
358a570b73851c3945d26e0e756b08e0d522abe2,0
ec3600edc4d80c6f95311a0c5d98694ee2663e30,0
dcb33ddd6c8fec1c3f47e430d63dd998d8f2d1c6,0
903c576c1883e904f26350230926cd49b7605bdc,0
4f0ca655a378d493ec11d1478d3d5412b7288191,0
ce29e3b7f0706c1646fbfad724f12959ce4d92ea,0
538038875d501dbfca7d5bae02736d9e27f9ba85,0
9afcc7f6b7167c14296ce94321f68ef60204bb4f,0
481aaf8b6bc03b8eeb8eb4e2e04bfec51125be5c,0
43664e0641a817ef5f73eb949724ca54408eecd7,0
7be021a51e05718d70fe56e1f77dd042e5ed1cba,0
93cc9b0c5f46688f799f98dac3a0079cea65216c,0
548ef5b1fffbf189f7b5ceca379f698e7ccab639,0
84ad93b734133c13561ca958f71cf55dc685610c,0
612c2f1675a10202b2ba489c66160db8d482bd1c,0
26bd9c9c724ac0907a321c8f8e21f146a741ef67,0
1c579f44819f85f9081ac4751288639d29f727bf,0
c88ad7f90d8fd8bdbf211d9afbbad39bfa9712fa,0
329c9318baef0cc0f474f77da823fb87f354f730,0
1facaad5f02e2dfb7503107371b1a850a979a150,0
49fd6d0c078100ba54de5e6bc533f765b5d0cc3c,0
335a80f59805b1fc92b27f48147176d19b269d22,0
e729164f804582bb3e34d584345fed90d6436283,0
5b4d7580750f44609c65c4ecfe250a38a1347ede,0
6446ec187c05c230a4b68bda57ab6e3b3e649cee,1
ffd4ae52e513a19ef2ca7c796a9526172ba549b1,0
4e6ec7f5df199ba6266c26cbef9cde38f126c229,0
99146fd5f701c506bb23d1179a93fb6dd5555e7f,0
3a9a87629dbd597ca5219bcc03ba212f49c84d2c,0
4fddfde9305536ce3b92ada12df4648574b60259,0
920fa852dc399bdba29476cd7f36d54fad485aa3,0
af7109b97906bc5ca2f8e0dda2e14dd40f5aaf00,0
1baa1ac6a1652b88564496af3f68245ce8636fad,0
2db3650538ce20e5691217e584f10d9553109857,0
f7733db90067f9ce95002b9409a87cfc047817a9,0
305df40cb6d4582532db7d58f8a13bce9ff29fa6,0
d5a942f1682e483a0d85165d0f5d7f4eddce14df,0
666bc7df701c17bfbf895364218795253570c633,0
e06153d503a3faf677fc0e22426f4acfa58a7b52,0
e8db5d8fd0bea940a3638f1dc624291563d367b4,0
9be1321020a4c2d71ac71f1d5b26160d6e5e4075,0
afe914a065f1eae6df17c1a88880e67c5e8567f5,0
5631a9a23548cebceccfecc13062a731737557a2,0
65da84d191c604650711d3aea821f0440ccae32b,0
d44f3effc0ba8a2b34ebdf1f84adb8f95cf9aef1,0
5e5043f92dbaf75277ac5216f407f850011917e7,0
a956886c23f1cc2b08ebd2ece84e7db51d3f630d,0
db2f34748e0a8f08f45f06121d9a92f06bbec639,0
af3a3d7e8e4f1808a1cc7edae1fdaa799df3fdc8,0
32e3132de746a39828a20afd3a02a90fc7691aeb,1
5a2ceee7de660ddebc946569064c600277a959ce,0
420e52b7d7ae615b62ab2a2315971ba62aaa7dd4,0
47286aa4c1ba2f8931bcd32cde21b922880f4d13,0
5cba91ad46532c8c379bf219c2586287cc86dbb4,0
7b5c0a9e5cfd9179e65a9e2591c2413e1f623ea4,0
b8a5aa0ab32b8a6468bad683e3bf2bf836eee0b2,1
c3bf43076a437bba6e80d609ac025977a234759a,0
91840993c138caab8d2be906f2adc520f962119a,0
b12e065bc2941078f895034f02d1ad4cd74f7ea7,0
58e0f14c92a40012fe1e7c5b4fa47b5d4f344ef5,0
3dd2d826a9f6329619bc946cac93a2dcaa3cea48,0
5edee535dfcf71c7cff451206310c1c144bda8ce,0
052094e79974f91771f197c61f5e0ff74c8eb21e,0
2c358d23ec197505c8982ee5d4924cbdc9eebc00,0
85772814a00d9d3bfb178dd3c7176138c5ef8dba,0
45ff29292ee62dcb355b242a2c75a51066010fd3,0
d8c1ab19ffb72b82ecb33b77e0caf4d585c158ec,0
5c30dcaa95f417ceab0eb497e774bb7ac1766251,0
0b6d64a5bc8d1c6e46ea7677df79ab68389b3a58,0
1696abfe3396fa9d5701b3535d3b1b1c6c33f6a0,0
15286820d8188e6b647696300310249c973dbf49,0
78393d69e7ef4a624003affa088d3d72e294529e,0
61bcbe7c77fa1079f10a3316f0e76eedc83d1a3a,0
5b981cadc60c27a33e9b5e448cb92c63d2181f7e,1
bc27ca9108f288430d938e397193e1c3ff469e76,0
79faa08290109b1e9110d9295bbf7cf90c1b79e9,0
39da31db253f77df61afbc00ca5e31e696ce847c,1
cbc81576cd4629e5536e466fe156aa91c34b55c9,0
9321a496617fd1064acd175db6e140ff50a8e327,0
f6d089fbb185299dde220b23d94d20c9773d6dd5,1
683dbbb6a37f436e0e2135771435af64822f971f,0
cf701a6de701e4084887278fa7cc6b08c1cfe8ff,0
3aaae13e7acc4028de20610d5f346704bf9de764,0
48e1f5b44ce21bb754610d8b93de860770d85ef8,0
c1eff005130a0f9920912fc7a6941f1b3a0dd015,0
abd62dfb3e29ae6fac7269fc0f7c3247d8909f11,0
55e0cb560b6cb7901d1e067f5c238b0dcb1a0db3,0
efc985b154c7f45a3e3195279c598619580d2c07,0
71a0cb1f8b67c80d8b6f24cac59d7188c7e78e33,0
608abf9119141fd6409c6bef7541928f001abb7a,0
2241d06f7fc77665e755167f04498ac970926096,0
3adf784e9167155a15652eaf525d8870ac626476,0
b38b2e430bcfe29a5674e064483bec3b6b632bf0,0
a027055ba945d07c00df209f1ec0e36afc8a39b6,1
a9bbeb749d3b30b6c4dd58ddabfbf0f1fb157979,0
867722ef7c9a8f5a94578835963e312aa1d62e8b,0
c42e0493a3ab2735954501871e8025a0ac718d83,1
87164a468fdc0536ec2b29ca5d18df416c0c78e9,0
746ade1b0866df62668c3d14f43e124754e999f3,0
e543266d3bc6d0500532cb4eef448e1d5c74f8c0,1
ff41966a5ee9103f2c5355865d738a2b3d4eefd5,0
1f002d2eb34f4d5df4ab31eb8bcaaafee5af852e,0
8534368aaf83f76dac9dbe7b943960758ebbd1c5,0
703eb2d99294066972d8e18fd59eddcf3b04a2d8,0
32259c584321b5ba489c4a8fc35afc8feb65dcec,0
9b0d2339ffeb6b9b37a15775e3e141921786a407,0
b4353d4c3fb18a5c23192a6d1659167419d4f749,0
a106c80b6c7b3ed1b540a35fb6566363f64e2d61,0
6ffa7c728684b1d140ef7249097abf7fd70bd345,0
f029e00ea9d3a951739c391032f6044e4057f04d,0
01e8b249e1c8ca6a6fd14feb11cb41c19d40d774,0
ad8aa5a854ac1b10579165a2165bae024632cfd6,0
5c01f8e6d7cdcd87b01cf36ca1f4734be8b22e7b,0
bc103fda48a0c2642cd5d5901b551c86b316d6ad,0
aaed1faa82ed783c5366c70da80621c363bed5f4,0
b6116a3fb86b759fa29044c4786db311384bff41,0
a278f8877b93188ff7a45c0edf4ce60292e19732,0
4a09a893cacb64122320b9b9a7bca0c3e05788d9,0
3a0d3c4deb4d9189e83ec1db48e7fe7c196e09e4,0
0e9873de5a9e2ee187be3fed29f695d6b8f9582b,0
55bebb43da06e9c9a1cfd5720411beca6839bad1,0
f379b8e6f2903a05eefdc42f35f7427a13af8030,0
2ce32121c38ec9c76afb7a18b068679e592316e2,0
3c078fc59a3afcf07917cb29ed2c3224875a7927,0
a89b94d5fccfc4dfd063fe22ad217a70b8e1dacc,0
a0feb1e47aa8d90fe0fb2120f2088ce33cf33eed,0
266ad19f12e8a13ac455d5925cbbd45e5639602e,0
c9ccc9ee924b6b642f0302792794ebc014d7c4b6,0
a2bfeba578d3c0252c4b4b3da9bae735e6295157,0
cd5f40e46c29c0fbc236cad2603ac95d128e5b0d,0
684e9b8879afa8241cc35b5f91e9d7a575b31729,0
b116efce561ab480ce8523e18fdb310fe2aad824,0
a32015b1efda88f92f20ec3ca9fb3f9b1e36f7f4,0
5da5a9e11902ef229347140f911ce29a77fccccd,0
2c2aa8af7a77355d1ca81c2811e2529b086d763b,0
5abb54cd6949160d84b9623400d63e1ab8d2fd78,0
0fa3d4dfd6474e98760a332b09d8cffdf26f23b2,0
56c080ae48cc2e096086a8954b8b6195c66e5aa3,0
b9582e8c139a83a4da77393ea42b860d53e456e0,0
6cb972ca47f8979917565d0d457a58e7ed019e77,0
829595ede11b38c79d0158e618be33ac9cb06751,0
1a876626a5b466ba14fec0e9d68e7b2ed6df2d35,0
c44ab0f6a753d1b95a8e8552d22b9078847f37c9,0
f2b2a164b0a77b939333781cc9490ddb67d44449,0
8f1e88a431257ca5376dfcd37edbbadcdf071b65,0
b4b03cfeeb56817ba9a0bf908a76254f1e77efe8,0
27d1e71f27e70c092ebc418d2acc39d2cce28f80,0
947a412527d7a823995d62a5a470663178d695bf,0
a39a92317a716183c2de3987a85e85fec98aac57,0
7511155d10afa4ee747baf58e231b648b68874ee,0
0932ff846190f02d6c609a24e7c733994ff178f0,0
9cded635ba123471b91a6cda8a8d49eb77037385,0
b93dae3407176247b217cc46ceac72394903e6a7,0
e5481a03df7a023687353ae05cc179df3d9744bd,0
1a06bffcfd621e16866b13cee497068b8b2aad55,0
218c46c14cf3bd5468e0cd26abca43d3fbe8ea61,0
bbe7e6be4fa68970e3fd7f0faafac1c8ba081047,0
43f9c5dcfe22fbf6761b6b6bf70f9adfb1e654ba,0
3e9727b42a11ec7712c70dbbda87b9265f7786da,0
88a581a070cbf923fdf4f54fca1bdb8a67ca8482,0
1c75b3df34405e90b39495b93c5052f92ca8b848,0
843ff84e93bd97897450791a53732edbbfeaa114,0
20549d6a2f1121ea5c31ca8b817e73824c818137,0
41077985433b9b7677b5deae69604451379bf481,0
4e1cc56e15e136c7b758ef1595a863d8ce24cd1e,0
f8f00853ed28924deebf0e51ad46e04632ef2afe,0
c68e69f1f9c5a226d90a53b6d3e430f131913625,0
9edb9a3cdf48376502c17f9814902b2541f59b47,0
99d59fd4a49d8e6bd7f6d97b34efe4ff04ab1761,0
85a81ce3a30e160b0d4d30c71c1123a5ef35ee8f,0
bfec040d3b1d4a2d175100c7c798acbc92b6a728,0
23e375536f6ce5005f831486d56c215e0965e9a7,0
e2a0f7f80e74e7fa6792e740d3cdc0868a96c62d,0
ba6a8cb9abf85dbb9e9eb721e7590ca2df17f535,0
b69a990be17083415e5b2f7f7673118b8b56d876,0
0187fb1274ccec29c41aeabd8eb9ae37b2f8a44f,0
163e02770c72bf325a4802efb191848bb6af67ce,0
d45d443d27f4b6db60401c52bc210d0e1104909a,0
2d91648ebcfb5e5702bd29e19bc7fd922e3aa006,0
e44c975ba9f74becc0418cebd2ea575618339b68,0
bf342fce94fb5f2ed826cf559a78474ce2a3d3ff,0
ea0463d9f2d326740dc9b2a33e1183f031e9c153,0
ffa0054801f87e4568ba3e26202772ec98449bbe,0
03d5d102e3da3bbf859cc882369cc69e20206095,0
48f1ccbfc9125678d4b9183cbfdb952fefc07d8b,0
966ee26c966cfb253cc64650633e2d53186683c4,0
8f9ec97aa8a219feca6a8faf2101f0765cd8f088,0
db16af665a7a5a8b53f510c66796119769a91620,0
9182b2ba614357234669625f4621783750e068cf,0
0d0c3fac7efe1fb30e1def0daaafe0dc0d0ca9d3,0
814f18e70684c115461bc03770e653231151401b,0
8966ba2ffe6bd9d868d2414ddcc56f5e84d2972a,0
36718d0a21385e6868b7e40d1430e18d6358554a,0
54a5ddac036327d40a359efed8cc44d17b5d6169,0
79288cfbce3b59f25df3c940b6b9d4db167a7e3a,0
7fac92158afbec9fb26ec4a90d15d5c15327f752,0
6023bd2a4159e71793545d9e6e29f9a1718ff840,0
004a59f63a9935a03691d0e9fca07b91a0f9a67c,0
368955ce9b26d067e1b83efeaa373f9053b63a78,0
5fc49cb75e3b4a87de0f952149357c978f139ee9,0
2d3fe0d89a92c8ac8eb8253b2007f48ad1bc9cb4,0
45eeec93eb57b11f7c0071fbaa34905bd07fc301,0
e5f3a3bc1908da31bab603d70378e847b4f84605,0
cd187e7a57843d76d20adb54731c65544be0f34d,0
bc8b4d77b5eeecb3b5bd9b4d7782733198b17c26,1
a9ced8c67c82126f5d9b81965eb88acd12cb8151,0
6296b1a64397f1035d4b5709545588c20eaa7d88,1
f61a811efda5e0999429b7f65f7f5c6d47f2c2ab,0
bec10f359a109f67731960222cf228bd2697aea4,0
0c79b1b7e1527b6f2c2d44701c807a3c62be67e7,0
119674d1c2fba44faa795935bc4a6722885ce8c8,0
30181efb912ea67dedaa6ea174c860a814ab6895,0
618293148456a135882e97a8817490bdcedb3e42,0
d71f4c9e26b544f013d0e9f9d3a6d7ad0592b4d0,0
83edcc25354ee1f8fe0fafff7f9dd2638912a0e5,0
01bbc14aa9af54c9779a8d4e32d318c0b0b5ffbb,0
2202baa8a43569e0bfe20b3e201f9c0f8f7a9d3f,0
94df6bdcb50a56fcff34385ce48a64965a2e39cf,0
65491ff2b08ed490181ee8e9e6758d9c7be7d697,0
2692b71bcbd48f6e08511efc78f9141a12d8e15a,0
205dfdc7345f11841cf01022ff4c3e1e3152eb37,0
4bc84dd826f07efdfce0564c6a5bcbaf4e76c370,0
15aa7127979f6b3cce869f43be0b4b8eae103f60,1
7e8097d394e8a07433c96b0a2e2d06b2f959ca4d,0
0aa944fe805a71381c59013f0fdc604009b35aa0,0
931b38c2f083cb8f5f7ab2666849a98904ad7866,0
39c22e0354357fe289926f84383abfff0f21e00c,0
4a570ccd0ccae5c3c9b8d47d473252cdf8563813,0
7d25bb2d5cf447c7687d08f5bec21bd829f3a662,0
535b6cbe1e8ebc15c84b4bd49984e11119b64082,0
6348c0d22513a073e2665812a77f325dd39b1351,0
cc5995ecfcf0d477ab5903e0436c79d7b42ef195,0
412266a07b10e96b59a88fd60e32140a53b8fa43,1
87e323cc8d9965037ab0d4d324baabafcfe1e8c8,0
88915cd55ef38632cbc9dce95b98a3e4a1cd15a1,0
89b82b1e69f159ae15c7ca8f1ae224620068c461,0
a34d43e19ba7bd38044707f7fe5ca5e2bd788ef4,0
85637b36bd931118d7e519b8188ee8884a3e645b,0
abdee41919763aec96fd12b844327609d1d501d7,0
f86574d8c2eae98d37e3f34972fc4c410bf55cbb,0
d12ee8d891ca07a5ff1b87abdae10db71d25b391,0
5d008b540a4db37940baa73c2cee04bbea36298b,0
75af94535fdb1e9ded978c5ba1dd2a082d4d90ac,0
c7bc9a220265fe4edcc6a6b20ca7bd22c632b19c,0
f769487b2be95fe85fe58198dfdd669efc9319dc,0
15a67a480160aa9396ace6125151fd0e5f9c2a18,0
217b1cd48596cba1392e0d486064299f88327d46,0
a53bba039452b6775f33484b71a1818a3eb0db14,0
37cde9526a74fdf32e452b3b6ec1638156000db8,0
fa5931116c1d95589f802fffa25310bc7fc719c4,1
9e29649f24f7f8ceeef56f7a81dba7c5f1446dc8,0
115ac0d622258defcecb4e75b905cbd65dbe9d6d,0
2afbd58ca4417d29191e0f0f428c83b08cf0179c,1
9d0909b77d8364de892a324eed01b19455581d6c,1
7b0d0b5622bb70581d23becc596841e132faa4cd,0
7a86bb769b1a98612b283dbf22f3b64ba3b5309a,1
8444236fa65e30b3060857284e866a4896789223,0
6677e3cd8f69baa00a6cb16b2edd3f41138f4e01,0
484f80468d7e31f9fca37e720bca0783645c9eef,0
fa7985c67980d0e35cf8171bb61199fbbdf1d4a3,0
2958af96700bd1c3b8352e9def56c4288e81f603,0
e457de469a32c1bddfbdef8b4c6269d377f5eeeb,0
96e08b6d20ab17ea6ab7fa1e69f64264cfa83f02,0
399f16f81d5881080b62bf023a7c8436e5d8e0da,0
c1477e5773f9125805e7018704889199850c6199,0
0acb0d88541fbcb47be19881ad4fd937200bb7db,0
4d67899242c3f9f6a7ec251845bce040fe51f7f3,0
cb8386ae56db7896b4b5edeead05bd6adf962cec,0
bcf9414ee6a1e4e6aa30cc84690ec5a0cc16011e,0
f94adc4bcedd7868282a29c20236965e171f8be7,0
7f9fc2ce4a925fbea695524d67da5f8922b424b8,0
1520824e34b9e41fab905889efac4d015a56946b,0
987be52f5e0b07cde3c9685e8747f76e497d3e01,0
2e166d813fc073d18e6a95bcd693305915913c74,1
9d83e755bc280015ced6cb435360bddaf66ecc0f,0
ffd24eb788a69843621631d5be7c9bbefd86349d,0
0045e4396b2d6c202794dc4b7d111132d8074460,1
7ac7b1906e30d5bfda16ba6692f76413439caf55,0
e11283017a134f2017f691b2657e0ccd9b4ba1ed,0
4afe133bdb04f71d934db285c0b390f8ebf4dd74,0
3076163326ddad614fa1e94c9660c08730d4fe49,0
d25e92410a1a7aa36c5a4443ce88836cd2954139,0
6a394bd7fa883ca12d4bd727dfec610b0261d9e9,0
7165b2c38dde79b6ab30433fcee2067275b087c9,0
895238efa25f86225517af1d51b20958f3d40833,0
71993aa4be67b6c34bd6349b215ab3a801d6c5ae,0
2900c63dd77994ee3002652137bef0cb18bdf16e,0
60098ea892f50c5d73b19e647a3c4d9896ea4aaf,0
df773bd44affd54d062d4f400f2b55627dab55d1,0
ac665479c7533d8688374ac1cf699e0c8181e57e,0
a0cc4f55f61c9971e991adf0fe95d5e0c8098bdb,0
2c67db672bbfb71090743b6fbbb5fcc4cef97930,0
dc64b7a549183c1a9397376d8ae86dba35a72b17,0
699efc0ad54d972c571f2499ee8cc923f5c41d10,0
0bd9d0723f8e7d1da2e0825542b4b2015625326d,0
4e4680066fea10075801d466380536b5f6fc9b15,0
d39eb02f504c0ef2be8fdaf8ba8764c1eded8525,1
61f24037ce70ee855672b233e9b1d20da8a10e6e,0
bde4ddfb9f6ca55e142e5787dd0184b9988389f1,0
d10f7adc7dee55d02586014690b4b65e058faed1,0
c898bbd5f0bfe353ac2ffbb262d97c4b635ebff2,0
96205cecbfdceb41b5b1ad4af66df6a160dfb8ff,0
68c9d87b2dcd58d85d4e052d3135eeff4e4a4a8f,0
d41cd0111723e500160dca82c1e2b25f9d43c56e,0
8298717fc4b5c0e23def8916381867a6a8b720a0,0
9ded8a1daf81bd60f4d1540d5305f89daadfa63a,0
0987151b470ba46f2ad59204da6008ca7d1fe9b7,0
69a8ca1c90bb159cf62329dcc7f3c92b9c71ff87,0
adf4e20a8509017ba8fc9650d361ba46ef8c1e05,0
d05039565b15aea3abe998907a0b2bed5a01f53e,0
b11791d90efae39230c8b9b5c2945de4f67ec157,0
317a3b60f8ddd572a5c6b3ad682683b0e74439bf,0
b09b0454fa463eaac6329a4b26e20dc0f1c49ec4,0
18f0ee00ace3691a487a43c2b980daa9d3f30ce5,0
4c60cd41f5ddd3017dd16e5af5b63e3502c6933e,0
5b6206e71c78b130673a3a07afa2823e2ecf8432,0
ab00b5ce510f94d3b45b96deba11874c327e5ac5,0
873b29a4e2a68598530853e1cfb402c4291ee5a1,1
439bf0fabb6d260d6849bb1928712efd2ad8d8d7,0
6e973bc0ed5a1c3b9eb2f3b350c6ea6384aeb21a,0
733afc6d7e6a96e2ae9ab6999ad2a46981d236a0,0
805ff8bbe65551764559829786f3c0a41eefc551,0
43c31c162c603a587c2889c66c55b2281433a344,0
c437b2b50907129f437d84d76617bc9baeec1473,0
d6c2305922989144082bad3474968ab34ebee465,0
a7bfc4818fc41cdd0e5033545cd5913ba5343de8,0
0ca377a309f1d4759376d4878820de385a39497b,0
7f6b97986383bf739b63fc6992994c09e9324328,0
7b367ab7ae8370b4bb6e123ec2170b596d59effd,0
27f721fe2fc0f9f33f483c5aaeac94579b25a91e,0
7cc63f736821c707aa81b6d9597cef900b6717a3,0
0982b650a5233483a2927ba2966a8be82211479d,0
43cca75e222ae8164e051fb27f33178d828359a6,0
3e004f229b9ee72302abbbbfc11fa318b38b8b7e,0
b78e020af5664547097d63ae9f37b5bf3e4972da,0
e29ce4bb76bed9d00ff6ef9cbcbfd4b78633c5c5,0
514964dcf090fd3bee3c4586f7a84ac426c06100,0
caadada5964b759e8c3f58fe3d60989567e838c8,0
625114d2b4c61a784a2e9604eab7867816c6a5ba,0
9ee22a5707afb3909fdc8f4b56e1993d5a873ec9,0
8ce3e197d1d296b24c3d1833cbf7c274b33c17d2,0
c652e0496014a36773e34ee34b512cbd9feb2421,1
e65e89fe56d37ef1c38aa98d54594500d2ec427d,0
ebb39707672972a1510974d69c637a3ae127ecea,0
6b9adbfbe4607fc91c22bb9544c0c01b432c13d0,0
2d1f271b4f628f5c666b0a92b2134f0b5338eec9,0
71f22f62cd3381514ea7fa19d86ca5cd9e116965,0
1dff024ff562623367267d110d82982b4ae777fc,0
adfbd0608b2c46d132fa46e89400a4028df8e4cd,0
5b907407e6be91ec92a4cc78ea3469fd3bf8b55b,0
efc51216d3469c6492f574f0fa79c518d6b233dd,0
7c02944605d8afeb7b439913bceb400eac519a76,0
c0d1b0dfddf1b93f665f4e2a1d4dc27785aa180f,0
770f4753c3dbbaf2853dca14cd14be755385966e,0
9d35472dde989754fcc9b0708a30a4d4f4e98146,0
1a38bb7bb6af58174ec4cfb9d364d2a8d93809b2,0
f0e06a7495ec38f275e1a630dafe41185551b6da,0
445cc9196418c2f624e879a779b3f069cc79d784,0
4d5d3520bf8d8834cc81f62cf6cc30ac614edfb7,1
930e326a58f73a29c1bf7b14c722954cd3ab771a,0
355b2504a9bb1b5dd67b1df57ffba28a9309848c,0
0a05c5dbed4c1be83e793439dff4280955df953e,0
7282baf621889be88b578d9744f4b4129bfd80ff,0
25efb5521c677119357630f999fd3190d8859409,0
1ac22c4cbf76fa71371425eabe0561896485ece3,0
e4cd343b993ee4d93eb04341bb1303cc831b7823,0
7322d81862eca929b312a789046f8a39dee77068,0
566025b3941042a387b2c304989f6f6038bbd564,0
8280cc8c7433157b5a593119cd91bfe977b8bd49,0
3f210be34772feaabf3375f38c3e898a5072182f,0
a63a2b9f6adc0be594158f03e86864a470456283,0
eca2c87a0abae3a6778e6c940e006aeed284d721,0
ecab04dcc71a80f6c78177a72bf2ceeb6676597f,0
0a62154dd14ef23545d6dd57ff080e05cba9202d,0
7e6dafc6b630bd2dcd40a43c4f5d9306c9819650,1
969dae9830481ba0720ae10c85a9182a57d3f8d4,0
3a5287b0d7ef6cb3e67ef282fd2219a9f2dfd3d1,0
9eab76fbdb4daca4d5e8de7b8d84235cddc0a71c,0
4a21f068e12c3f4e8c8f833e74004daedd986faa,0
7374ce9c307655d65588f913e31cf0df8958d42a,0
a0faee8b146af3591d4de20bdf16a2642d819cd3,0
fc0fcd73b3b82e95812bdce30495fa499a487754,0
6ad62cc7d50e9e65ff9bf87b30ae41082af4b433,0
505c5b6eea46d0ddbded8f33c25cd889305dab7f,0
e0bce6ad9c74de29f1d64c3f255d86f97ac27094,0
89cd6b507418ef9ebdfcaa56217b09a79c69bbf4,0
ed99bfeeffb5c7af254a39577f71a02ecb2fee9f,0
782cc2fb0cf696acdbca7c2f296a3b3096c415ba,0
2c66b87a583044f0c7f07de18352704e523a630a,0
3e37e4d17b4f84fac5a5ff61dcb87f784e14fb49,0
5bc1e1e937d8825c53db31969550575f4b9eacd1,0
7a56f7488253499bc199ef9b65a53b65efbf7ef6,0
1f9d8a721b96cb96f4f2e073e99073aeaef27225,0
c0429f4b54147efce036dc76b2a8ac7321450fb4,0
43fb706a63b3005c1e42ff65e717a3e1c1090ae0,0
f81349281901ae7c20ca1f52d1c662b6589f3ed4,0
8b81bbf82b32576c7f8d9cccd261ed8460f64c0e,0
763030a27f7905503f0e699cf776297bf7c573d9,0
2afddd8fb5d2d5e60d2727e616844262fcb9201e,0
88c1beb67def3d37d63acd737b7a13053636156d,0
c67d16f1feebc1ef8b92d73252fe223278544d57,0
42bfeaebc9e369be4c4834ccc037dd09f0cedc2f,0
0b042912af9cf65836c8450ca88d2fb181426011,0
b8e1f15c06205240eb72ebb46031af4d547c9b34,0
9d30bc093c7b04900c52b7b18c07d7d3e90477a6,0
d2167963c121bcdea44f361a358452bed9ec51ca,0
220d5cc201d182cf01749d15d0bb0612cca3609b,0
484036825eb27bcc01f3718d8453cc5d5445611b,0
5b0a5c46a4a061f6a1ae0cbb8de37ec524c96779,1
dec67c0d1c717adab12b02c32873518912ca18f4,0
5fa314a79f6de45f8ae5df34240b1218e3c950f9,0
2343dfab78d567756b7e4ad9d7cefdd7d1ca9565,0
d9b32752dd5f597a05cf19923a14e97d467a7fd0,0
39e4f085a74878a9416cc15ae658e8619df74d28,0
a10e8e4ca82003c3fe7eb9419c583760c286434e,0
6c25487fb17a7673381ff7ead5d99361db32bec2,0
a0c987d5242cd14ea98f013f597a75509d8b192e,0
996546bbf053701fef8be19a129f02c0a0a9b664,0
40fdaabe9d7e9917896a8bb036da3615873002df,0
37a86b8d9f801b95114906b03a2c0a9b8c8c62a0,0
bbcbf5b2a166d0da95f747a67e201cee641a306d,0
a73eb7d84dd69997d301099cf13adb37199f5991,0
10d87092ae2755881fb40b0e09aa314573515a1f,0
e8e96c13f795d5e7e298bb98fd4a1745a3734c34,0
91b4bda13cf87cf2985140bfb82d2913456cce3c,0
fbce28f98c3b9deb54ca44ea13ed1eae1ac6e541,0
2ca2291889cd0c2db2bbedc1ff4665e4e12e8830,0
8fb6a5c0fd4a962b6063bb3f2c4a4ae0525f5e4d,0
ee3038fc6145533cff094f880d24bb5a7a12fda4,1
c21f1e08fa9111eb09315a449304d5d6f42ec7eb,0
04bed85cc3ce34dc79b8ac2d8e0d62870bea81de,0
49627d5a7a8fda10f02f2b9d5760522df406595d,0
de108925e5db230209d19eae3e54c04fbadff277,0
5cad43476a79343b78d2a41531c4bb62496937be,0
e170653f70aff806b3bdb03cd81ef1462a793fb5,0
85b05678c044f0c2232eabd572469d97ababfa14,0
f9db9b6039bd338ad5f1246a90b91c9fa8ecd4b9,0
14277bc23c8a2d1ec7c02c1e23b37225d1eda37c,0
6b8bea3c361403c98e7ab8537460ffff8c9c596c,0
28fd2533dd5426be8a6f3ebfee2bfc792fbe1eb2,0
d8d27933391b589a4265d66098256df2df7ac3b7,0
94378c52f0810ad96b73e99446d3966db1370be5,0
1d19d0fcd31caab93eb07fc71ec34385cb8937f9,0
aa48228fc936238f67d1b119a128e682f11b561f,0
785ba508309508d6624f726ffff7eec8a0fe31b2,0
688599ac21df796b307d247543cd197a793e1477,0
c8472c6781068f87181599dce08c062db5afba56,0
9c644400c1a88b7ed6edf3cee9d7317e9ed33978,0
ed922c3c89ab398afc197c055daf8741b59ef3ea,0
2e9e8631a6334a24788d42950a838a9b5d2ed363,0
8f134bc7ad2da470a610fe3a4d770b609a07873b,0
623e541f0135dd94abb16c0c0d9786b4877de22a,0
b47b62e943c731443b4414090fdfaa05289d5f7e,1
151a6c40fb1ca98bc08c2a8d3d5a3ad522c4ff07,0
f812691657cc95dd8319fda5ca8e0573fa858d37,0
8d3570310af6ab3b584f49f44603eef8332a954b,0
dcc4236ef4cbeca49b70fcf8834a812a7ed68e12,0
f112f93f54af6dbe3e108c3e59368cdc908f4746,1
a89fe1a1aebaf6a4f1088d962985eb1b11f4bfd4,0
72ee6e711481c1cc7b33c2df7dce3801c2924872,0
46ab6e75219852294d3ff1f5cc68ac917d371b88,0
1660708597aa90e402712f6cbd4c4ade12c36d8c,0
a1d4633a419b6a7b37119df19af224a0940e55f4,0
fabdcca9d54882fa0488fc8a439caa9e93f523c5,0
d1ac8ad3a192633f9c78393680dcdd5131a055d5,0
37521092346d5d031fb4dce72f5138034981dcb0,0
a2645eb9b9b6b299f21f11fc7c630f0241bc695e,0
2a04c9fdf4d68f0425bb960c5282c379a7d40ac9,0
66a46f6318e2c3cee3e069bb263467c401f8c274,0
56795f4615de2d1628bf1ba3836a976e165d3c85,0
15134f41db6363f51059acbfeeba17e0339fb134,0
35f36e07d773ecf8d969cb4b683dc9ab2d30a249,0
a51aeba75923618073ec9a8059d40b18856c8c45,0
ba475e4259bcf4cf43b6ec3cc913386c5afee2c1,0
24ace1baf403bef4dc59802cd6a35f27724d8048,0
b0398445817e81009d8ccf882bf4819d3737cf13,0
fc4be365c5088b95749d95cff403158a2e7541ab,0
03a0f48d4565b86d7ca33f70a9065a2822137a01,0
9208fb3d7201ecd7d7ca41ffbd3c2b8d1230c344,0
15125bb7dcb1585d3f1b7c22e59bae1d350af7a3,0
4403ede6abd63650130ee52acb18ee45a27a93be,0
e4269c71b13f12b366faa9664483155db7a18123,0
c1c22176e831a3bf203eddbdcec82accca8c1046,0
b549645c33b59c9cdfb4f9b4e1fdba1b26bb654c,0
62f3363770673a997783cf48659c21ed9584c0c2,0
b9c2733519f14b312bdfce93299b7feb31ddda76,0
ed695b27e6e9fde830858ac6bdaec4f63fe632c3,0
5a1029fe621af12a618a998bdaaf783220d881b7,0
b0f29ac2f49e08c06497d4711ecdfdce74fcf9a0,0
2bd24abb61c98fe03eadb5d0a358633c81d07e2f,0
64ce36c112875cdbf0ee53e836b4ea1fc1cf735b,0
64c7aac4818fe812582921db076eb793d9bcbc3f,0
14a6716ba528c86330afa75c5dd7fb179aedf7bf,0
269d6a3ea95274c24b9a4cad90c05c40e54ae72f,0
4fdee97f245e224516f3725e867dfca02474e10e,0
b1e9924480e1e1cbda422df3a929471ade2e6afb,0
10d44bb5e1ff9b123afff4dba6e1aef39a48c037,0
28ec22ff4d2fb9db78eb0f0531721fd31c76b48e,0
2d35464eaa0263d128e91a36be4a61573273f9b2,0
551e9036c26045faccdb6af4538f67595b1108d5,0
d478251055eee934e7309d14a507a468c3c1ab75,0
718cfdf37cd963cf434d0abd5b08a3ca16858f8f,0
44939825c4f2aa7e9fb6112ce738866ef3462ecc,0
320c09e78abacf3e8e8dbbb03eb0351224612f37,0
ebef1cef495d3841c7f6b0c80dcfa11d837c1728,0
49fa3c89c5dfce4d0cc58b89a6b2e01a17518a2b,0
4352da925a480f974e144d776c53517b0bcb30e8,0
675e6f84f73551b66eaeedf123686046181fe5d6,0
40cee9a1a87f8c2afef688d4f98dbf2e32ead3f7,0
201a7226421015b751338a683f987d6edefccffb,1
24a97fc8c8854f7b30d8e7bc3e63d74917c707f9,0
83cd4105ab6fb4ff43d4c96b42d8f89e1b2f6eed,0
6e0b87b35975a07699796c16c6425542fc4b349a,0
c3b722bf0609be70c16c55b390a39464b75d21de,0
5b7019abbda76d16ae74509ab31c1632f2813806,0
276fe033086117304bbcf0c5c9121cd934a2ffe9,0
e8269389a9e9b216f38ae5da2ad2b11a0468cac2,0
41d24fdc0cbf8b16e0a88af9326205b064684d3b,0
2788f95db7229d9a84f4339b951d2425bd74ee86,0
6346ef913b0f38ef4e9a9523c4f896e1e92ba7ca,0
f61d52bfd87c168108839991121ec5dd38c5373e,0
3426964c86eb16e5a513a03f9f5971c0157e0881,0
351c2cbac01e05e318e6873d354a4e7f26e848ac,0
77ed187296f73e78130a697faa406f45ab85f34a,0
cc17cab82432d4710d9992284b9585d44c3b6de4,0
fc124c5e148feec1513355be9c2de52eed6b5f14,0
820ebd70666fc1fadab2ef7167dcfcec078be4cb,0
5af039f9862377909faa5b6523a0f578c945f209,0
639dfa236832d80588a05d35c62c4582ac3ece48,0
3fed72238fdf7148ae11fcf5dd0d1914aa7fa616,0
aeca9b16889c81b4998608e99117cf1d70ac3283,0
46f036f5bed9fdc8a315d1df77834392740083cf,0
7e7b7a2e5682381673f8808339262698a5fe7109,0
1735cc90d9cb37e1a3c727b0142843deb70d87b1,0
0f3030e143a8e670ce5c496d7caaada9a591b7fe,0
44b20b9ba5c36476579bab3cac20eec3e08b39aa,0
65830a432044f21305c23d12d6bb6fbf57dcbf93,0
aa996b102f94387bb8ef08f7ca81ecd28e0afbc1,0
df66cdd5e26837e48c2e4a4c97b24157f4c76a9c,0
e43178e54c2eab4082ab2bbdc79eeef8a079ad97,0
61fbd19a71079865375d2ce4bd5813bafa02c3d3,0
1e9364e363ca75388a983fc5536c38c3bb9cbd91,0
ea9ca11338559e107350b9001b05e2eb87546721,0
516b8c8bef6e3c83b486b6fe4ff5f69957142e5b,0
1ecf2af8a3de1bff2e3f3d8a2cadd2ee0cdc2241,0
23241ada3ea6ababff66dc772cbaf8d49705186e,0
78ad7ba3c1f8096b5f0c8c7bd5d7f8713a844706,0
6dd9410c403332f1d7cbf57fefebb7da8d275d39,0
4f7ab5a8f2d5e0c2175f51dfbccbadaa60ba57d5,0
43b5f572f9bde7d83a0147e9e8ec82f553aac273,0
d3d08ba7015ad661f6f36a47b1cb94a6517f5ecf,0
0cb1098dc28d6cf57bf26b327225b99af275a4f1,0
602134bdaf5a957b350794d2c72148e130806dca,0
29f10ea66f27b90c2ac9d0d9007cee816463d7e5,0
e49a3e2b9bd49962f75d8e236da0e319fa1e34c2,0
2b9c062e135dd32624ee0ca118682ba87df35ca5,0
c245bb10b79fb1e27f859a33a2be2507a492e3a4,0
1707f13d94a7a47d6434af184dca75fa5d9c3fc7,0
0b59f0bbbe9c0b76bc8d2a00464714dbfe0ee6c6,0
f4a4f743f5f2fb84bb0326c4d34117529ac8bbc4,0
a0ce008f449861b253cc2f71a5cb9b0df64efd52,0
a26d93a70215e652618f2e317127d7c33dd39e10,0
7a426c55e7948a12a5f2a77f071786f0344d2128,0
6aacfdb200ef214abd2044558aeaa7f5a2dbcd84,0
49c9e8fa711412db5a780522b09dc01559292bf6,0
481f1294969de66e780835f9d8982f27ce3858b3,0
a8ea25229ae1c82d0bc5cefc4ee4dd24b756bf77,0
c5f60b1852d8878d295e813012f0f83aa8ae41f3,0
582a720cce934c2f45ea663f8fd76e005f0787db,0
9eca00870f8cae966b894959b47ee978fcd937d3,0
ca5ead4b99e109cd7fcbbe3e0384d5f175f9b4f2,0
fb1d903e6bcc0f28071c9233737874ff643ba341,0
54e5f1780ad0f14a668f1ea9d20bef0cc18c8216,0
c3efaf91aa7acaf320a4bdda4722114e53f66ea8,0
6f4c692bb1766fd464e32193301ca56a31e782b7,0
ff81673d8d6fcbe2f6c7c66d6738b5b1e3acd97b,0
a0b2aafb2756835408fe305b1284b62df24ee91c,0
ced4778e07890717464abcca5ed261fd64f4f070,0
3de8ceee6ca330269732517e3bb0d8379b6ae4b2,0
437677e51c11842c3bf85b50a7a475c58c726f20,0
ff0d94307c96135b0257921e97aa2477868e9357,0
c6d1c6fa1a93af960dbf4a8f7fd638e8795149bc,0
32d44bbd2d1e2e821d00bf101eb38b193b686922,0
86ad09ed965aa62020226dcefd1a7ef1facf1eba,0
955f8c0ed86186a6a578dad383a62dc0405f2569,0
2a01006d79d2a155d6dd594bbdbcdf49e5778c2c,0
422d7d9dcd3cb667da8f5ef7dd6eb3eacd0168d8,0
b166eccf9df68fadbd8e830381fedcd635aa31d0,0
16c7e1225c728f72c070448d352be008d2c312b1,0
95fa910722b4c12c006cdae1696c816849c9b1f9,0
5e8bfb71dd22f9eebb75edf810f0b40f02cd3f28,0
c7cdf9788077ef114765e5b624329f528306140c,0
6d09ac874bd55251df5a57e4f2679f0e7fa248d5,0
b99f2a9d8d3127586d7a1666d80a353c4dfe3ac0,0
cb6831e49656c6cd030d1b721501d7e3dfe2b9bd,0
73a251303f2077983b19aa554702c688b0091c09,0
7fd11e0cc8ed618d678a2fe8053473558e8ddc5f,0
4fc4d1c0338377ab4b02018566ec4809035143d1,0
33d01d1002519d02211e5ba6db48d0c6b5fcbb8a,0
f30d07d5bd6a2bf92ce012b228d2ac6de67ef3f4,0
f91af84d39a8b77dc337f3b5c4ba4dd0aa5173d6,0
7b7fb88f32a74f76712c267e6bc868ff29739509,0
8e93afded4689212a15e8909d54cc7b554a25604,0
53e24ac23a74a5094e2e1ba30cd414e4fd122926,0
0d4524d3eb2f838d7d495944962f48e9893008ff,0
bf6b8c9746d00371fbf8efebffe6aea26724f203,0
11620e596be70ce56034db3fc6d511cdd002d944,0
03d62000520944b31a7d9aa50429b189f918c47e,0
130cbdabafd0981f91fdf9e7bfd382acf339b8f4,0
9a7f1951be39935b1ad38f57e73b1735f370e433,0
a16a37f5534b9f1e3cf66e28ccb85b7788ae7b8e,1
deb3deeb1a49346cd795aba589719237613ccf0d,0
76d366094fda6a0ce4638d71ea17fefd80747b19,0
ad05f3c88f47fb8e03220c56ca22c375061a01fa,0
b3cb6f04ee8ee61ce6ed387ea69a791e7a71632f,0
c504a86554c06d5c48f21ddd5a656d107c7b57ae,0
a8d1813a14cdd47ef217e4551f3bb19fbc0a456e,0
7816578dae9b871748bd059ea5d74f4b21ce9df3,0
4cbf1109f5e5225d3ad374186ff9a7d9d4165def,0
e5bea96cd91dd167213f45d21146886963e2b15d,0
0dd0a70b456c36de0af8412fa6a2b564344306e8,0
4497a64dbc3d72bcd63c167624297888ede17d09,0
df167ae0b6358fc76c9b4d63ccb50962292ade45,0
010b1f433626a14b6bfcf70cde60972e3ba0bd14,0
898905db5ae5ae1a2f54c011581ff0d86d74fbb4,0
1e12b5ef84eac0557f96d7566701fb2302417259,0
e6c5d5fc9ea207d43f4555be9626586727ba0c50,0
a0408f4da3c2d0d5776bcf68bafd335dd0f4a9d0,0
0a69645d2864fcabe5c1da400f1eb4652d4f8e6d,0
ded4b8c3cf9276322ffd4d5d06cefb00c9f5adf1,0
07065b597d3878313852378d4a38331aca775724,0
3b7d8d7c95b58c9b9c8ee0b7e21154d52e68d28b,1
8122487bcf340211004f1d0fd10a61b2f8914937,0
ad21f31e1d32aca92c68bbb8848ece108a442071,1
86f387da57f33d15898016acdc9c8ad2973c1a95,0
508fc8a76a4058c8beb791ea31f6af1118ecc588,0
f18e696327014778ee4dbc4a1e62ea9cf3f2f066,0
8693aa5ef1836ffe0b3d6adea107fdd72136a783,0
bfc47b91a28003d3f52254ba814f4c9f1602344e,0
9eb73f0cff3d95647abf1a7135fce9f1af9fa896,0
1c304333927dcb66cc701cda16207c73284ace7d,0
6471f09756564b30726463464b3f807a1913b2fe,0
e9c03df448403ac7d325d81c5be4ff1f516c00c5,0
373efd6bac7e18dc0f3299ddd1ece6a413435c4f,0
f34f0ead005f9560d8f2e93e954db8231f1f99db,0
6b5ff46ec378fe80be372fad42e5c920a368df7b,0
fc2844c5801572a0912a026bf767a80ad9cb61da,0
ff797a1faff5db7606d950a5c9c72c838a8d1688,0
660482fa37e22c5e3e7cce8cf2f1a88ee44f049a,0
9cdb85a64c8d160e89a298e98105c73955007b52,0
827aa47c12bbed909d19f386358462baa205b4be,0
b6fb9298dfcf550cd9ab4aa4ef523bfd2d62c37c,0
549ae37ae32d07204823fb61ac8e411da059538c,0
1339d00c776c38f24b3983aca9014f4c5c3608f5,0
f2bb40dee374a192a6b80c9b7b755a89a2ceb676,0
af5b9bf4f4bfdb04589c16a90e953bdf58a5cabe,0
d3363e5ee7c47588b38f7b2fd7ab9d19741e2f61,0
029b8428840bb1de46ddc7cbd6ded7c248a9ddeb,0
81d7b695624fb235d077500f2dd44dc4ec5b0f96,0
de09d5ed733cc3c3f442cbc5f6506b2044ce7c66,0
4365eecad351ea8fb61f01aeb91d3545444ef82f,0
18ff6e2d867bf1c8681328a75a83ecf49e9b75b8,0
5fc0376697c02467f3fdfc0162ffc67b497f83f3,0
d146a8803c765fb419cda9401fdf3a8d8172460c,0
ee55cb5d9d5917c21abd5f94e9881ec37fc3ce11,0
f37724f75a58a09dcfb58cfa7a664929349f3c07,0
7d0fb257d14b86a2dc6b77b845d91cae6f1b5f94,0
2e0b560f89d65d94c0549dad00af0f1c7a54a98c,0
dcc6ae42dd2580445e66f58c0ffb30aa19eb7af5,0
33758f08edca543eb19c86ebdb026d408fdd5774,0
4740453e507093203f4e3dd8139c71d68345c357,0
b348813dfc9d14b0be88fd6567820e374dc14633,0
c16807e4d5ed4138f2f4d6e1fcf6f68422ebe7eb,0
725365f6c480b4d5180bc6fd439c5c465b9b49fd,0
bed194b9717b1e45bdc8efa695d9664a0490868b,0
25f0b3ad843ad70cde704208a9ed0b2b6aea8717,0
f7a2b0eca6a202931ae45f7920f6764f3a8b4595,0
1cf3fcd8c3daf68e5989b47039f9e4b341c08ff6,0
935d8a8fcfef5e787496191063596099e9442fc7,0
8f52251f1de9b48e86c7ebad93d312c2e741c93a,1
7038e20c037262ac924befdbf78e01d2e5b2085e,1
fc990ddb794f770f2e436f5e67ed53a4a01cf6fb,1
b07eec9899aa01ea90145b51bf438d28f4ccdc89,0
83fe43d542689e737f04e2fb356725c5c29b59af,0
3136da5d449639b0810501d8bb24a899f490ebe9,0
2a7e0a612582397a5ca7dd476e3ef9c1a3bd2502,0
1b5d377ef24df0de286d840033cffa92192a1cef,0
ff9dfcd4ed53cfed122b692dda6305b4b70ae435,0
e234291cb48bd1b61f31bc996b638a8259ce13a9,0
ef88f904c218868828f7608785d1cd55cccdeb84,0
dfe06b39bb2e38e8b118ad6f3794bd481327522a,0
c0bb527ef0110870d52f313236f4bfaef7300a5f,0
0a53a111c23ae24ee3e09d4ccfe992f114decdad,1
fd745d73fc0d4755d2ca4a1a075fc315d21f64a6,0
0f26de7ef512c419b885df6a77f204d399a6ada9,0
6ca7081cb248ed95b0c476447be071c094fef1fc,0
a440d9bc8bdc61294862193efbc7a851e00384a2,0
a7b287ecb6600b19545d788f10ee9112af2d539d,0
0261d44c718294011c4b8ad7450ef6848888fb08,0
794c3ad20382122b84dce1296fea5b93c08ad0b4,1
7f17fc5c5c848450752b2a8849c7a7cc105c19d6,0
d4ebc1eafc77f5800294555c8e43899c7a0ff7a9,0
84081962e42662d57e3560b2ecd1fe6fcebb1906,0
0bc19d564f320815dbf4ce8c70e698122cc6d8b2,0
7682eb540630ba3cd576cd10a7fd892c253fb98f,0
2e99f1898fd8e4b2de2e2926de168ebbbfb4ed87,0
b61b909cf3e7fd2f495081e0457129a0a51147e3,0
490bd3e45b4761e59e5698e60c644cb979b03c77,0
5b4093e8180f16df829bc72a176818cf01a6df3d,0
666457ab7e26cb7cd421d21dfea0fdf6dd787049,0
239e1d578d379cc3cc09d2c197c2d4685bbd072a,0
24542a50cc325f1756c431798a3fc9431c09a912,0
e745646050a724a96fe739e056b5710b94399562,0
87e452b1f0ad3bab0684dd30d224663825ff1f53,0
a609c09b289a3b7cbc37d8b5042f90a04c61327c,0
fdb1b2064ca9ff0a06e200743aaa82d533d2db40,0
e84af79a26653360c3a14b0abafc727b1bc4dd2d,1
1c9daf959f3cf83612c08ec525139873e52f0e12,0
c3bb88a3f2b4e602a5f485d8a467bd6c60772231,1
1c403b80ee7db69635fd18eaa1e4671b946a9ebb,0
4e15d7fa049c01f835205e1e45f6c683fb800da0,1
dd3b6969abbaa6654d68eab35a9eafc10b60a545,0
b14999e912ab000e8cb06dd037639d1f7b0216ad,0
06373ba79f2a5409513893e08ae22a67f3e32a37,0
a3abe0d4d8a88db353397709039b2f09e3f51dc1,0
1981f4a19909fd29328888213f285fbd7810ded3,0
23fb86eb1c4f99bc9b55454d95dfb39befb043ba,0
1b63480f361eac32dad078335b9a566a181d3dd2,0
cd7175f3cd9e5b62469260d1a10df6c1953bc1c9,0
f9add985559d35232d4e69bfa8096156b6b84ce6,0
294b8fcea5c8478987259e0f302232a856b30324,1
3e5435164ce70c2d6a7b36e693380dac3e2b8c4d,1
9b84198c850ba6d930cc84dbda229b79becf346d,0
8dd49175372a650e4bdb97aee802bf461cd1c4f1,0
e78bb6f01d51a8421c88fdd9a641252352aecd43,0
d83837ecd6dedeb7ff90b3914006e3cce10db417,0
1cb9ed1cb1450a21122d33e1ca7bed2887f26139,0
914846616477c27a582cf069e74135190571ee38,0
ca0f6081b1d0388be511e2bb1d158905b9f5e700,0
53f5a9a698df2fa7c743c5a8e7973c1f3a4f2de6,0
9b0b827acdf318a265132bee37850f6b0877f210,0
210093fe80519e5cbd72eb9b72259d847ca4d5d1,0
88f63b1a99cc60c53f31489ef280911ba9675524,0
aa043f0cdebb6b6a7a0af4890cfadc391c60af15,0
c8127fe6c3fa1ca0d8d6f2785d716b745bce6adc,0
45966c68f57fb83e59a1ed0da0866badd6e2b334,0
28be0a8f41ce0b0df53ccafa867e8757df9f2f19,0
d4d3a46bdc230807d998847bfab9b9954c52fa79,0
2a6d100ff99759e407f25ef03382720b4675397c,1
76a3c215f44b90e4bb68a9ae0f351342635850f1,0
1e2e8ec89be68e5c256724ae6fc7030e7c7aa8df,0
5c09cf363ec8501bad884408cd4f4b314779980d,0
28a84e91386482ee1943c946e2bc689334bde026,0
494ec7d15e842efb8a49e62a1104da582f9aff09,0
becddb2f1ebaf8bfdb556a685a28c52667a4edc4,0
59f27178dc5371960a7ea2d9a4d786dd458b0fe4,0
79db3c35ee2269c3d6ee11307d63326bf576e8ea,1
769db8092ece0ad371ea2a125af6abc6dd2d2920,0
5938eccf0f79ee72f722306e6d8e622e76af41f0,0
c4daec1307969ef3191787d7db233230d75f2341,0
7489f38ebc5cd16323667225ccda405230435845,0
ab68122d901e11cba873c6866cf62ab2f40470b0,0
ae94e4597d38024d5254cc22147c8e9468a80c24,0
7c34bbbbfc17360e7ada858f0333e49cbb3dd54f,0
029e20d878161bd1ddc5de1401827d8d1bbde5a1,0
0890d4d12513dbbe164bbef0177733e39e59989c,0
79f6aa5647e92ef4fa93bbb250f1d894c5292411,0
6b82379d01af4897f3b797bc5716b798234f0031,0
6e81e04a170e1b8d4766d65160edb11daa277142,0
5c8fc72bc19f8223a580acb3706b607981cd8f88,0
eee0766d94a82556f6d286a7afe80e491b331f1b,0
422768a4915bf4baeb49bbc7675993897d3e8947,0
91a51ae774016068a55f56857b4a0bffbb984168,0
d67d62a929b13c24e8f4432a499a717cc8acd1e2,0
11481829c460e83cc7f15a8678813b0f945d2ac9,0
ac7586ab3b952f3bfb1bb34117b4896779339195,0
3f9dd298bf85029c9f6b73c7e65deee0f197cb49,0
4e042b45369f6ef1c2c655de3f829c8a982471d7,0
23f84b8c0dd801e01377632ebafd960d494c7d19,0
ad41deef1ba0c0d6f9820f8cee51753c79e62017,0
ec363637d4a376b6f40061c0843df08f6f5aded1,0
6b6f07b83dfea678829ae312a2c9a7fc06f50906,0
db87766f4110f0c7931cbafb242296fb735baede,0
055cb0e3fe3e9c2ee1c452e24a7f7dbf9f5616ea,0
1260ab84c40cf740ca622df4e9968c75a5d33842,0
4ea4a7fa554b3c2ce24d16fe7b761e7c5915698b,0
8e64e048a5fb0d79bafac308d7f1691277977052,0
af43869677ef5c374efd9121055650a66e5e0e84,0
1dcd268f7ccb2294d24a354b8bd644c19f9d31c3,1
e74ee7969339322df72193a7be70c2c570aae086,0
30a244d37b153cd62fc53cb86e724c53d37a7ce9,0
150b007b18d4b5dd8ebdc1ba75bc9ebe8f13486d,0
f9a2c98c9f1d65e6f2bb9221c2b2c944d2494cf5,0
911a81d66d09afdbe4aa127ca2f876e3d5a51945,0
e3d42679487e6b66cab0c3e41db4553229b1027c,0
de7deab6fe2c8129644fbfe42744cc1a428c2313,0
efbaa76f066deb99a3c540b8ca6a6aab2d9740ed,0
110d4a3794a7d756ba2b46efbac63358cae6cfcf,0
899c093d3a703ce2fbf7c085947406aab1489118,0
aa34c946e919c800c2f25d5de88533c9158dae5f,0
232bcb358a694da0760dae6504b25b2b45dae0e3,0
1621a2e11fda84f41c4e0052f66c51fada417076,1
a82b56cc6d1c416bb9fa694b7a50701a6dfec14b,0
bb5f6eeaf64ac04f3c19c2833da90a71e8d8ba6f,1
b447ecd38712bac1ae966d4310ad1fa404b5416c,0
89de901e43e3e88db4647fdbfeacd373fdeeca74,0
4e7aeeab68fd282ea983141555c46171719d0378,0
be1fac6825c552fad71c44d664300dcc7499a569,0
2089c0559125e6606feed0eb993d537b1d83f2a8,0
7dc949b06d799eb0d0b443beed5c4d5a7cb2fb69,0
e1995eb8d526f855772c0e668bf8dfca4768c7b2,0
8a3fc17b9e21fb72963972337fecf9d7d95c926c,1
30ea03ebdfd26a8a44ebcf6d64250cc74fc305f6,0
2b0bad3bf4666f8a207d3a45d777b49210d04c02,0
326ca0448c0664a7187a45c56ae337fe60553544,0
bf0b62167270e5132f5ebea45c460d162ffd1364,0
c6fe37f658025cdde6cf61fe390f65c257ac234e,0
05bef671ff80f8db1f8f825d907d4e9c0012415d,0
6de0e349d4aadae35a5e3eaf91ad86ca05fce97d,1
01e2ea95c843dfd6e2dbe59f22626ac3805600df,0
1e5d357bfda906f82eb9ff5de2c994ba004fc70c,0
f63686e4153b736565a431bb49ca1897c6bc65a5,0
8c7784050171e1bf0d31b4eb4420b8baf5542c23,0
1affd25c5f9353a9e4a24a0751896110bc6255d9,0
5de5dc2048bc1a951a7dfb5a25a494d8f1cbdee5,1
acac422baf5b54c95946975b836e393f6a8f8aea,0
10777203be2c8cc8f2192247d98be3facadefabf,0
278adc1f513449043615dacf74fcc8ad9e326a75,0
20e825260e8027d487d4315b00085e4046c0fa6e,0
f34c710e05c9f42135bd005306f4dd0d744f02e7,0
1bf71e9724cc93f2093e20e24dc209c21aabfa96,0
02292bf0135f3c55c88d88277b11d0906b2610b8,0
6b89ca683c22e9165d3eba8657bf38cc58ae6980,0
dcf89b79bffb4b9464e4b234933dbfb5452e3e2f,0
2979179280d3789327bb3fcaacde9aaf6d262cc7,0
9f6a996854c165d51c32041d64516bd71ee746ef,1
4665c812ffe84fefde4bc7f148ba058ea5c0b0d1,0
ac2cbcb83153dec2320f675eb791c11e8e4d3914,0
07f42bc8b69d15b2b8ea0efc6828ea937bd7f430,0
7d3a4a1b8b3b2fefdc9b14e4a15181cdae9c4f7f,0
c3a9b8cc0705b75fe690ba0f21a66b24be9348ef,0
15a139ec5c71e5ed0233003bb612d7120facb13e,1
6f0670ad5f4e99cd0356847f20b3278451c84fb4,0
84a5dfb6e336244e827b84643277a081aeb168fc,0
bfa8b478169d3c2eedbbb9280df37272fc85f46b,0
3d532a0b073d3145b40db7898292a5b249c9c4cf,0
688a6e6894b79775eeb17e922eeaced2e3a654b9,0
592c4237d0382d5cc3f1d78926f80c13c44797ff,0
b143d5e71e629e94a582d1e7c15f2dcfddda3512,0
ee9a061c048feacd391a828583bbe74030fcf0f9,0
9a5f1b890aab31f08b7bed80b34f9a716b761aaf,0
71807167362375dd59d96c981d12eeb79b117c32,0
a7a1524a7d3021e9377b1ca592d45f829ada4034,0
68986263c3cc91b29181f0cad0cb42a751c90306,0
2ddcd60e793f678205c5d2d1fb88f3261142779f,0
82602fff875a1f0a6426ac450fd2012b8b9b01cd,0
0dda5c44a6343c0e11a006f90ba9313568054cae,0
d539f3b0eb6e528e13cc812cb049ed5f118e048d,0
16d3f6da9ce6f6270de143f8c755e8642651722c,0
e2a297907677c1043640f6d9a73a6a2ebc18bb6e,0
9c47579024a2bf310102f3466343cf80103351a6,0
637912886463190009d148aaa38f6b799cec9678,0
e3838f38349c4abb4f7eeb88ed47a7d06a8e3834,0
9bcf0c6b4bd84481e9ea892e950ae04e0d204507,0
8a5da1dde41136563b5c233a7558a88fd74da1ec,0
b066ea0956e6ac4114d5d9a51338020032908623,0
e62904271c0000abb3dea570be40faa166fa5150,0
1b05141c50b4ae8214f19929d1b2c1902d92ca91,0
655babad2059b12213cb3920b1f024e32343f943,0
8fc5170430c41a810fc879fd0db7aac28f500260,0
cf0774886c4326b8e42c800fe4e10df0bd44d3f4,0
868e386be758a46411c86d2a064b9c78820bcf3e,1
66e187c001aac372bd195f2882aec47c002c6968,0
668c3383ec72afd6c12f0a0d40936a4da1aae70a,0
cfcd406dc07e75bb37524967f961a5c3f2c3c3a1,0
5d8796ee01ec65a51e6a5a801d49d70ae8e5f144,0
20feaf76cc8da468e94bfdf4a11b9ec4cb78e33d,0
1939cafa0788f781ec130543bd3c49553f6bf1ce,0
34ac9ea7908444695b87df3e6c9c98a01ba42592,1
04080d1a05d506c16deb4928fe738bcac204b85c,0
57088cd5e475fc2022ddd1359c8230ad2e9383e4,1
b52d5ddc01b30c94e2c3a51993f030fae5bb32b4,0
caa2c016c822384b5347d14848564e1a1f05f548,0
e3f0d46fcead13930633367c6488746a251acbae,0
d7d72929e317addf4d2f9ec822cc0b58e641d34f,1
f2111aa1e4c97dc67584772397c8446cfa61fd4b,0
b7c20adaa6baafd3c156ee878e137c84a062fa5b,0
8b1c24ec84ef910d10910b3b0958ad1993817d01,0
8d149ef016ce594b1b1ec337beda0617c4efe521,0
ddbdab44ae73ccc7981c8f67db0e820014d06bfd,0
d33256374905a76aef5b27175640f68b5c708299,0
17916668889f3af31af4e5031fc317a7897d3ba5,0
aa7bfc737d4c20b40afa7f2fa0c9f312b54d1345,0
ac388b64035080414bfb8ce48536dcc7ea718a05,0
e79944b78fff3bc606698941668c32e768cda3d5,0
ad9bebac3d9bd9ba86bdc4cfc81dff4d78a2aa4f,0
9789acf3ddc8f2ebe7191c6ad38b5fc52c3b136e,0
c4a718d7e422fe2e4afb5b71796672ac3e808a4a,0
1db5f156ca03d10f040a115c2c9317f1c9102e00,0
17a38d5e444cc4dcdc4390ff7d84df46c363b1b1,0
488c0b9545be222bdd175eb9ef092a87d2955bc7,0
8ce19865176bf174b6fcf36cbe710ded30dce173,0
549d05384f92afa7f30d711257bab1d252ac8569,0
749a9a770837b526db2f3fc795763c09b1d5654c,0
7254fa4037714a30eb92c06721fd6a386c1bc368,0
7912f531c4c6144b8028a95acbeccbe60d0858a9,0
43688d17f20cb5f4704f5d363a1621657344a7b4,0
159a35224458e342bb4765944a0a596b426a21df,0
7da2a832ddac8e61f8e73a7154e43e5700c48da0,0
9bd65fd86766546566d6722ae9039db6d7ac4ae1,0
a8b2f54f5b5300ed8339d0a9c7e0fe0d2dde1b82,0
ffbdb7eed7762f68854a255666b7ac754f5eeb74,0
2c692012088e5aba8feb7a0438b4f677c8eaf28b,0
bc71c6cb744ac614555a348a700c408411f464d2,0
03c5fb65b34ae4f0fedbae28cb5b7cc43a5e6305,0
d17d0bbf7f18248abbbf1acaed27c2239505ecbf,0
ce39ca11fc9153d4821f0bee44ac71ae6f8c91a7,0
1f741aaf93c93291256d250527e45965e3efb80d,0
585654673066ba013b8fd9d85d9e7f8c471b678b,0
ed7333ba2114da59359edf3d883eb566ff554a9d,0
f25998cab483e8652fca46db7c9c87787a374a16,0
1573b9bdf56b6f2735cf3adb3380e3c9ff9c2e9b,0
9c596f9b91c1f15a48f9c8594972186a36302475,0
d4451ac81df58a445be6e7c66a7a3ef2049f02e4,0
70c895974022a3444a83d0036ab171c1647256ae,0
7cee88b14b74df9985a6d8fe28631b4772fea957,0
66a2c11325736b542663023eac90e9314e1241e9,0
3d1613ec50d519b5f23e9848c11ea923bfaf7b88,0
0100248e5b1894ea75f285a9d467ccdb708d4494,0
0de67e42e3d88ce350dd9170f21cc4f07d3e0b79,0
2ae369dcbb95b611ef28053c498c6b750e914915,0
add3b788519292c3a2b39a142444d7631b822674,0
ba03c4761540ea5ac37f0924956a34ad129c3934,0
4ceccdc5e30849d07c557189de92248202b1d2f8,0
2f706aa92e547e8cdfa9368fbbd07211400ff752,0
bc18abc714255a5f6dd93c92dd12acc2c764e88c,0
a20d2f503377d6a08a394e16cee5e972ae0a4233,0
5576fb5117e23679c328f63b9d646bd6c3b69c9f,0
ddc37bdeb5bc4a8f2f71751165b4b2965f5e74a2,0
53f34fe1d97db4f77e485773dca3ae51761c899a,0
85a434946b04f17b561a4a43bfb1d7133b12aec1,0
4d344f463baaca98fecb3643e1a0eaf4ba5544c3,0
7c6ccd789833ec51e4d25106470063ef0d35bbf9,0
67a45c03edd2fdef91615ea79d6a0b277b50324b,0
ee871bcaa2638a6eae543a0bcfb110ebd8387050,0
dbd0d3a29272f85166ba176a3171d11d7b3d3286,0
fb2d1a1357e5795ea2a4ec1579652f5435eb259b,0
a9b69ec07460e802fcd47a9c6458471027962268,0
c557b1ebf7732c5b269c5e4174f8da03c0126215,0
4ab22de8679fb5c87f1b9d689cf704674dae3d37,0
6be0f1983c2e71fb4513aeb4577b2821763797ee,0
e8171967a30842317e6299f5e08f40c2dd7f0805,0
d25db6df2fdd7c201d979b26f67252c146ff1131,0
5a42088dadbe2b4932aabea9be6f0303c40cd58b,0
e596aed75fe69ebde1cb6aebb269b1da0063b608,0
a23b9b57d32a81532ceb6e78cb897944dbdab1d0,0
b8cca618c3588ebcb27bbfe1c9065b709164c817,0
17e13cb508480690b404df91473e53efeaf94cbf,0
8ef6f881a4ba641bccea4e3f5f29c3664300d1d6,0
df2f55556f957a37d1c8c36460cb54194570b39a,0
fad8b88cb55ac49a17aa1759b6282d1f13f4ba6c,0
c7f331de55a9998f867a874dc3ad11e01a8f1540,0
2ee2fa5573b24ebcc55f7f68c4d1580fc5567fe1,0
e9b485a278075f1e2f5d0545acf36be81f750e41,0
1be6f40fa77646d4960e41ed43f4411e67ccfe17,0
630cf3005f9d2f7d74cfde0ff6b57b2d7876ca32,0
cbb1606a9b073d4543ec50a7c22fc09e7f050263,0
85de5bc2a4c0fc5547564a17444fd429839b50dd,1
54599e30ad90445e81029bcadacb0a3ef878e433,0
44c255f56581149e426b3f254351bec16829327e,0
5cb52f06162e6cb4db9ba3f6239d1dce8f6f9e89,1
cbdfe5f0fe954f0d698d904ee25a92c88c9c711e,0
cb4991fca295de4ff8a0ef38300ab8608d50cebc,0
86dfc8aa87d0a7fe93d87e2cd2e7d216863023b8,0
9241a44600bc80177059075ce421725d78085f8b,0
a1647151058f8bfcc740021285e347fa071d1063,0
cf663811334441a77b796c2c5bbb5341044cffca,1
9381feba5567d52c1c5bc59a7e4e7cfa62330065,0
ae7924b0621bb8d2bb027f283885a2c2f084176c,0
d3ea5dad6233b7198a7fe98975dbbf0bc8782202,0
e3ee4c4de9ce4e0f6b249fe679077fb8bd801a24,0
f0d3983ade948cecdfd0ad197e7b2f3606ef1fd7,0
ceac6e3f2dc5ea7b891562b454e5ff061befb5d2,1
ca159302422e0aa4d261af72898ad953b795cba1,0
1339e00d716c06d7414d1f4125b84e357b07bdf5,0
7a6c45b952e200c48e78dc34f6c570c53d40b3e9,0
cb229b71c6f1af48394368ee016538323603777f,0
e9bb9a7c407b97176e420d4d48516f885e3a0d25,0
5f2f116c65b02c16ae97aace56e95abcef804a63,0
01a1d6faa74e864e4a7f134a7b489b4e26c3a1d2,0
15bcd82ab657f8f90cdf5b20446351865089a2e2,0
1843e6da473ebae5ad7a393cf07bc02571b7cecc,0
95d7f9897434fb79c033c3135581f98130c1743f,0
994e02eff6744b48ec7b462295004fcd93851ee5,0
bb3b989b92000c70b0fb31b249ad3ca33cce456f,0
c23b748ce1281496deffc454e51d936147a1b06d,0
dbe09f977addba6ecb6ea80d685c9207b37ad639,0
e8424c30210d68bf800bdf353f77e312c7f7f845,0
ba6b167ffbac44e062810a469731e16368a3ad08,0
5931adbc650dce50cb38cd2f0fe596cee6700ea4,0
941d2f148c67702e42b42c9a97847ec21c318c48,1
6df215efb00b3bf3c474ba942e84c0432d6987a0,0
ced89b315ca782020e38fdf8509ea2fb9c34a64a,1
eac20d05d1e5fe14617f1589fb9551577a2c77a8,0
9bfe407d27051295fd36737543c7825013142be3,0
b5d9e130a7c2e2f2518b137fe121bcd75c968caa,0
edfc0ab4446ce654f8cf4f3b15c99ad9b597b487,0
f7597d2e59504c017e6181a7b2cf102161cdcf55,0
9a30412921286346f778cd2e3394fb92c472312b,0
d56232d2896e406684d1fe70d050aa3d5c63a4f2,0
cba3542686292266f93cdf27a86e21fb4edfc383,0
68c0c0bc5159a317b44da53238dc71f33fca8f97,0
e67fc52433231411bb359516e038b4c74bc4f287,0
7aee0c587d637abe23589bec78a0c3740c0a3eeb,0
65bf4711280b415fdd33ec056b80ed6b5b46a527,0
a232fb7a8e000111779a0181f0f14c12b49f2e03,0
66099947b2ced99d97360805183fdae7a4618f33,0
1ef53f78cddb4e713f8a358a28df07444687b5db,0
5c3b31ef7126b75b587c87eb5d44d66e13670d86,0
bc541f236106af76bd72ef69f98945ae4a805dc7,0
f808b1174d1f33932b50e991460712e48d251eeb,0
ee45214f1c99663cd6f1544146a90c16ceb11b42,0
c1505b5acae7995df1cb0dfe78596919bb816537,0
9d2b8348aa9ac67fb952a13b7b1cc0ffa4990543,0
1c4bb261e10f1347891b955d68cd7a4bed7f2164,0
e341693f9d02e7f0f26abc9e029dc113940cb792,0
5e6eb55598e993ef3bfe5cfa1916502d770fba54,0
5592461b8b4f8a99d6a1c929ab35f968c972c2ad,0
d50fd8a5896ec5b2c151ebaad70423391b036a5b,0
8f6e4f2fae363238d0ee0d0ba5be1f46c525a5b8,0
c5475c5191b414414ee1986f776f99d60730db10,0
407c8c3af9e69e76a779fd54ee5352809d73ddaf,0
e0f691b4a5c006a1326f95a669fa7e830c09b0a7,1
69e65071f72e6e39a72124cc14841b7958eec6fb,1
21310c36cdeb53ecc10470e036730dc5f94801c1,0
5faa445a23c85a3ce7f62df1c0e3b84438d6fa3b,0
c41f3b2fe33a949d08c7299802017182c3b52082,0
da7e7ea005914c12ce7b20657a63ed6fc146bd44,0
edbaab6ab423b03311529a3ce156165edeb7d579,0
ecee8c5b767fc9e4b3ac2030191e3858d728c32f,0
f9cb531724cbade0a6f14507bba94f6ded5ae543,0
63c0c6653a78b586bd22eb1d5a7eb17139b02e93,0
159958415b57ac7ada7c938bb09f6f20b71e4e7d,0
bfc1ceed9cc565139ba226559af840bc51428790,0
2dae2b0f83aa1246406938d50b91f2a2ce264ca1,0
b11364ae653366d7f933c6fdb730db16a9720112,0
2c3d02b12dcdee670b22a990701b89f50d540be3,0
955535ed6ef11fe7610f3fcf43bfdb952cf149de,0
a3d2a1a0d58fa42bcc444a09d8770ca5bf9db9a4,1
7cf3b56733a49c3cf4b4e50d8b0c34ac53b14371,0
40d44225034e5713b25d2e0510562bc382685b44,0
e8df887422329618ebb45b72814954affa0440f8,0
c304a8360297663ea016f749306ac488989321db,0
115c6c10df655422db37aa874162d452129038f7,0
97188a39cd98f3c73fb82c3f39c6b94839be1440,0
0bfb846bb636e702abcb3980cc11c21834b8e689,0
9514b3a1d721aa7ef7486f547c80ef6b77c04489,0
7de45a1d34969176a5f09b4e6468ca48ecd4a829,0
673ca63d6c27058d6e637355fc114146ebb2244b,0
a8f929668ee21c596cc071c32533e0901c60cbaf,0
5d910f17a341365b57e50bdafdefe77b8e47f70a,0
8a7f1089da1d6b2bb90d735d4e4d74275774409b,0
a71b9f7a278b9c5612631256f44035e91b89e1c8,0
af0b1d59ad4a8148a879289ed9f061f63458a5dc,1
41acf64880bb2dccb57a8de0f2c6dec702e38bbe,0
c3c4551ba27fcdc6dbd9f22976fa901d13e1a65a,0
e4971b7543aa5dd01d82a1abd3ec4f9bdd1c6337,0
847ba0ba485c91f035ce3ed103432caea04dd047,0
ac94e4ba12552ca47e9754a7a189f4dd79436254,0
bd614fe04066df10a5ebf5b9da37e23a3eb7349f,0
7ace84e4b53b3b75f269944c4cc837945ed7c49f,0
861991bb8eaa2d5f95eb29c619a9ef2ee1734878,1
168cca5bba5e18586e2e323c97ed1c6d1ee0d8d5,0
a9a2672a366f7c783533b1f821557326149ecf4a,0
8f7a25eedc0e019720ac033c2b6cd16a9b53ceab,0
f4df54cf1cb039ae16b323d2506c1fc12b3d2bc8,0
a7a16cd2a7db28868082f96bca78f3e795c06bab,0
1e1fa9fb3cc1fd4b8b4dd9c673a8ae29a873291c,0
0bb81d61f69db3538866ff606adf10e3eaf5099a,0
6529cb7ffaea92f2d6a1d6d0fd4d78effa691efb,0
36315986109ecffcad38c5c961fc994d595e325f,0
517329b9ab14c1f6e34fbef637bd8c3e6b984d68,0
2aaf9b279eeafc1770a720e9438670e4728d9ed0,0
fecac694c4bdb470a9139d81596cf3dc064fb69b,0
de1b90ed18fff93fe469b90b98402f030e0dd392,0
6420742f811710bc03e25c411b9ecc6f02f35fce,0
2ff17c193bbfe6006a36cde5050eebb65869a033,0
e9c857164c1dc593b56631a4638e302cad5664e6,0
6db1e3659344fdc009f52004be7d072eb0992ab1,0
be97b7566259bf43183f26b1b547dc91a63d2d3d,0
14b5dad3d04ce7328d5a0a6e5527d6e7f54aaa84,0
75fb15028a00b1be9d532e47186a1f530e554a12,0
f0d1fce3cbbb66bfe0bfa8d6a3adb683eb450557,0
1a2a5acc009a0e83a560c6957d13849f3f786526,0
57889c5d8612ffac03eaa59b8ec21fec7b106bf2,0
6ba93f1514cb459cc6c0571aede7f5e1e40a254c,0
6ee7668d365de7c20dadb5027444dd32eed918b4,1
e31ddb9914da92c03aa96b71a3eb1a5a7b891696,0
a5cd7a2a733229c8df555eada14b5196deb16eaf,0
6b57268a4259f7f207c4d6035f8c2d0eb4651962,0
8bcbcf218516801458262a143b3adcbba86243d9,0
d571bd7d35ceadbd0c425688a371233aa7c4f20f,0
5f0a990b8498d14f3eab6150258ee4f018745cc0,0
5f1c0a5a17bea5720171c4a50d071ec2f21e8d6c,1
347f5c6bb2cf2c531ee70ecb05e644313f038d01,0
85fb256b91a832af94e985588328f9d54f797b2d,0
965975ac3468dd0293e0e308f4e5772aaa0e2c43,0
f058e07a5346959776907b3d5426fc61fbfc8790,0
8f71ee722bf16b365e0473d18b7c64b4d5998f3c,0
45a386d8508da64bdca9478622e9d4c04ad5e891,0
5c128538ade0467047a482b97ba721372978323e,0
e1a42579cc37aed5fc8d8db8cf2175929d19e1a1,0
fdfdc208d1eed2410c6de6af521e315f579fe319,0
86b49056005f216273d278ea59576cb44e9e7ae5,0
e2963c1eef789e6a66e3dbe9565661ca88c277b5,0
8eb6801e606e3a8909efbd7a8417eb1c041b2ed3,0
a650873ea42c8f33b907d4b9be9fba020196fb8e,0
3faaf637335dc02bf151c7abefa50d8b837e065d,0
48b5b78c4c65d5769d5c7e6b6abc7479f02dc9ba,0
c6d2c7b7662a953338c872c8ecc1c2f8d7e0b7bc,0
d6a1835bd86f9783d5409102090c0d8c3bd53057,0
f34066c94f4f02eca325a9957d9d5183614b41d3,0
bdaf2b7a85dc6ed05c2db864486773a1f6d93680,0
06d75d62ec24c6ade9689f6bd303416f3eef6248,0
feb6ae2c4ea8dee65147301d99817a588553fd63,0
c7770635b58422ca44ae9ec7c75adeb75b7c4398,0
33933f6daec1fc215cfea272f86a42ff7aa19d27,0
1237ef223f3c290be5932279f16497d225558abf,0
807136cf24c56e0e48d3e2fa7b781fb8af4a7b8d,0
2208e175d9a2379830772598855533e77274d031,0
d3a4ccfea616679d60d714fb4cb5bf9193da592b,0
38d186425e82c48f514a42649932fb5e498aabdf,0
e72a32e34e5c771771c2f7de062b72e22009023c,0
7afa50e23d390e84593c59c55f59fbfac3dd4d27,0
659a917a074674f01bc45aba6f5a6f9e3dccc884,0
7b4356250ba2d84a9dedc311ae99c0358de8647c,0
85512f2adcb3ea3578eec916eaa5d81a25d0f0da,0
d0ed3accd7b840cdb7675f812db12984f4b06c81,0
64fa6e43dcca5d6235d12e5592808fa710514fe2,0
03854a600f3c969d64521cd211f2a14a0943bb54,1
c8b9722f2dfb8af251c1e9a919637c99940bebbd,0
8a1c8a78d900211e1b144e8173bfbf6d7ad3ffff,0
3cf2055338e4312831bba9f488edca5a903c2b73,0
87f7eecf5779e686d62b34f0d262b04dda8dc979,0
d76c2205c3e4062ebe3f4d5cbd7dfcc1726cf3f5,0
140ed950db3d0768a8c8a9b4fd9970fd5dafca8b,0
ba34bf0af93301796e1406f6dd615adcc6102d55,0
4513dc4311fa5a2f108754ef628a7efdd37c0977,0
30be64c80a122af5dca3ad7c1dcd6f959eec1d9f,0
e839daa7c281c674e7c66bb3f57f3067dda6da80,0
8a3f0b0746cf33fd4b49c58aff9fc775608408e4,0
b7ae96f909aa669e5c850d3ca228ef1e8dda922d,0
5b22b3a44c3c2c7e9e3676d0b8d6e79cabc1095c,0
9745057ee6d0c75058dca05c721a4c53db066053,0
e5a40c90c6e699398836f4766762e4983a6b3814,0
5525877190f875140168dc585331477efb131c21,0
f9d9fd015f952de9eb57ee194c85f757ee075b54,0
6f95f7f8d332c9aec489881d1190128926b18216,0
0c7a3f972fdd018da815a25e53a85d6b9457270c,0
c926d0f6e974af714df9894c8eb9d080d4ef1a00,0
0527fdde2be10417b9f6cfded69b0cd9a8d2c5a0,0
e9ad0085868c89ba398de9073979ca47786e96e8,0
d570a295bec68e6ec7ac2754ac2630f29df1aeeb,0
9fae9bdd4ed2fcb7240707190b55b8b7630c1ab2,0
e4a0f9ac2c1e43e78384f24a67e687307e522a56,0
4db2f84ad34193ef234e02dbfee949d85bdedbbf,1
5c4ff1447c082cd0d5bfbe37ddcad578864dde2d,0
f5421a31c8892326f81409e3077bb05639db79c7,0
a02b254e7ea97c7c7325483a1e24a073104e005b,0
9f36db67e69ad88a73792e5a50a6c863392fa706,0
9e4062ce631d6b1beb0f1189be3a997cd5e93191,0
f60dd0fe080b829020ff92124586a3dc25be010c,0
55e478af2c76ec1887f9d71b083fa5e58bc5540f,0
0bc6a8e3c42c47e123b0598073c735e778b0016c,0
086001d38583471aa292d11f54052cbd5f4aa794,0
2204cff1656073dc3e9680cef83ba31a61ac33fd,0
1a326620ca00d204ef64980d75567b1a67b12b40,0
c31417740f9645846219c87b6bb950da87ad5e69,0
4bac48932c786f5ea4e5ae648ef94ee8320fef84,0
d8096ca4b16a1696564f79c3680fd24b42d07a69,0
6e51e8933c436701a006050baa448237297a9349,1
3d15d7a9dcf7165627c864207eec88c5ecf72081,0
9cd1e1d839140687b1e841be4d2158c710bd6739,0
d274a264102cca4d40d655e8b0ffc07b6129d16d,0
3f776dc142407425850f4c1376b374917defa1d5,0
e0cf0027a3f872f9d22de5593ca897d6f2f9d26a,0
6fdd9e0f75bc9b19f6d5da306b1eee06c90baa9e,1
2334161d6850a3c7051844951c8ea23c4935cb93,0
44639e914954b92d8f19edc8879dd716c765efc7,0
8f30b96ee3c57638e223cffa8af247b2dc9e73ce,0
32881461d058219bb827ea35d816a24521ecff78,0
e953dd62e26154808acb04fd17c072c81ea99523,0
9d0c97e9ecb30ae67a649d3c6425585ac632550d,0
266465135d41bbfe6caf3a21cd4b98052bd7c8c7,0
69c04327a0c601021a1bc393dfd8d3bfc5bbc47b,0
8cc682e8c7b6af02f615fcb1ea9d4490f25db1bf,0
bf67cb6a45f74de6339b4f3c63ec522ce8e16699,0
42734be53960f313c2d02d9f3d6dece4233b18ec,0
5bea9771922b71aa9ddb40f53dc2cc0d0610dd8d,0
a5efeadc2d305e527c16dea30eb4284e4f434de4,0
e48de9727ef3954a6d2954e9f67be50051f43a19,0
a3799c355b19e3e22669b6af7a047b77b31b4421,0
feab7c7aa382bcd41f4f0a0aac42882ab0187ccf,0
bb3092ebb12fbdc55fcb49c70bbb142c8efd37dd,0
5557574f98f0e903273f27a7a1f6e54b38c34360,0
a470e31456a7413a28adaa6de83a8ef288961939,1
62a8eb6efb4f88d33c98ce554bc424d6055f3319,0
6ee7bbc48486b9c7d0eae66432bf2f58c752cfdd,0
9a146359bda18d5d68ad7fc534a26403eb6bec1b,0
9e8280857c7aebbb4d58af22efc8c78d705c7d84,0
4cdaeef4f227d9a1c3806d59f980072c63ca8c36,0
fc0bc5c28f089846dca05ff1897c83a19ee5a3a8,0
c1c8fc237e5469f18d52ee0984d2dc28f3777765,0
2836c8adc552e376dea85a07e220af87a2eb8e90,0
4c8a1bef64e7c087210eaa6b4dcf7a111d2ac59d,0
607a6dce35fa519af6a07a51c0f98c6fb7d84b16,0
a9f463332b642e72e4add454c67a8c10d9844955,0
4bfa2978c8a77c422d06026e69327a64c741994b,1
73db83f2b9561a5e9abc3fa1d34b59309b908646,0
44418ba6323e1664302e67f42d5b865e5fd73a02,0
8c0f2a1c798f7560bf341c5ca2752fbeb1e81afd,0
f3a18cfbfbf80dc82143458559c769afb7a1eb01,0
ba04eaad0b104d6be199fdd81f187b73cf6f9124,0
201cc30f7407d93ffa525db168eaa29fbdbf8e73,0
8f8f9d5eb60003a7038a7419d339603da91e2313,0
66d793c68ca2312dd3870a2f01ecd12ae182d7c8,0
308534ef6ff37f78a18d4ec3719c5242819743ed,0
6e1961b4587e00559cf437c43a63e1a49cf862d1,0
ba653c121fc01dddaf6305e48160973debb8f64b,0
b3598b5ceea7d9308a40cad17a8e6ee393b197ff,0
5e00ceea65cc7a93aa235dbf422202422545b4c0,0
6ff88b71a2c056440e515d85a1345f2ab52d2f60,0
91821d94ada9b96a73b55e2cc9653510433e14fb,0
36ea2ff54ad23a2546d56684e72adea289995323,0
7497075963def549512b9ee3cede8d7e87856cfb,0
d8129a5bda538cc42a44d808fd9e8d665874fbc7,0
300d318f3205a06133635ab95c8a28d8bcbaee5a,0
85631f4e510a2429f2389636a5059cd392e179df,0
d1762afdb36bee41339275e9ebe5f98efe08f184,0
e16f107e761b5876867bf3e7828619b73c9c3976,0
89efbda4a7442f2681fa29256b28dee0133ee327,0
da70da560de149bb7f465f92cdca347f8c5990cc,0
23d02b5bfb7ef17a2033c3b203516d73a4661c46,0
02e3e75a33ecd577b822706c20e34df38868b9b6,1
30860f28a2162ead153f0a26bf13bf98adf5aa6e,0
88d426e42948da34a5d810edddcbec3da15f1253,1
e5681b29ce145b23a888a95cd850c524266129c0,0
08b05200c4c5f867649368de04e9a8daf6824382,0
6141786a90d75fb6bc9b2aa4ce6bfbd93ddb5a82,0
e2cc8e7f2e0215dca7a0c27fda5af9283f46abbf,0
058aba63d4215991cf0e48a15390369b8f752a54,0
3e9057c2e995b3a84c5dbe6d5d06dd9f1692688e,0
6d1d4250aa38684217fdb51d03241b83772eba8e,0
e95b2e67b74c3332ad4bcf8e4cbd2fd29cdb09df,0
52ec5d76144c05ce3e4a5a4569e4231bf7203dca,0
fed54d41b5c84aec2bb0a024f47640c17438dd3a,0
0f7bd962ecadd9ac9cac72b567a8a09668e6dfc8,0
395244f2cb55d7cc2a662a3bbb04c103e7b9bdf2,0
f5574241830cfdf931731ca7199c99ef4700bd97,0
9f90e9d93fffebb66b0a240b936fdd254bd23d57,0
40a485753daa816861da8705afc1edcb2fd31231,0
43cc5698f25d23390fdcdda791261db0d097d252,0
fd1ea6337b60e6ae9766a02ad75f91d39006b73a,0
bbdcd43360eed5b4d296a131137fbed430f0fae1,0
91f27b042fabc5ffee24b181b2ec487041fd1e6f,0
a0204f2025a114aae2fc0cd4eece76a395b577e5,0
d77a64dc948eb59c697235427964caa52038e158,0
86b8ee3db475c6f72716c5abfb040894a6ab3063,0
7153a54f8ce9f80a5bfffdb219797e4b0b67d801,1
31b7e1188ae44a5fb30a301ddd286c5fef5286ca,0
4ea3ec3678e56ecf61982e2c14630b88d321f59b,1
b86e29e6c48fe24a2a192dc05c922527389528ad,1
ed7ea7e9608cfee91ebbbefee9fa5f31710df31b,0
890caf75435675f14c2f4e9c18d8fc1fba2e2a5c,0
3788c7b323d746d506e0fa0d167266cb95a5df27,0
de1a799fbcc321877572d9788c82b96a8f7be6f7,0
2538027fcac2fb7cf1110bbc05b5cbf2aa7e109f,0
c044d820f6e56a4a9a7a4069cb843e575e902552,0
249e3208b2710e5be61b9015b378c3722b00852a,0
e46b376a951a3c5afc9e20fc401cb354d5244920,0
24d4158b404c02b5000e7f4b7718be1fb8244192,0
eb82f699b0e69417387f9cdaec086b93f832224e,0
9d07cbda70c6638a15b8d6d731be16bb7a712819,0
2cddc5580842c48106f8d4e80ac949ba7a7f90d9,1
b2d50d8780857a4a91890f0ef05d617f6d970c53,0
65d17f56fdc199148281d4b02e28997eeb58bd35,0
e5bff2cb153788e3349981ec43d2e36c9909f219,0
5a777f308d8497a694cf0a38ed587137baed5d1a,0
ae332d7c376e6f1658ac654a5e3961561e3da144,0
f8fc0209c50d367b9cf066048e83814f319a394a,0
52e55a3eeb522a191c850219dbfe2e6edd0662fe,0
3f0a72586bc307d4dbc2d2104b81e081b77b91cb,0
21e367364261f6f3ffd3067833bf7f2b7c53651e,0
8e68fffa80f7cccd78fd53168a5f30e7c575961c,0
72b16a2c17ced259c1c6c50a614c42d18f7f4ce9,0
f915477b4c18bcaaa5534d44eb96b56ff29cfd28,1
0c2bf31e92797ba1e045e3132d10ea7ec86adeeb,0
9f01d708bbb5f55788352d206f83aed70743d73b,0
772ff93f2f6d38c42520b12a86a0d27f00433a81,1
6bb81d67fb0e591e2130bbba3643d747cb8ebccd,0
01a557947d067840fbf82ede666d3ee91b20450b,1
15c1071d50c0cdad666b2f197d66031470bcada3,0
ce454ce5e76bb10d2e62fc24c5fda296e5cd8508,1
afcd9bfc85139351de5991e71b58e4530e282ded,0
e667eca8d63d17bce0e2ade65d54742ef45fd9c2,0
667b517405f30ca00cba1e0ad63d4c0d796a4c6f,0
bf50665d835c040871debdb86e6df5f63078c188,0
acc2ccc93cc9e0ef1294d631289a287fb4b0320f,0
168b1dc1e851b1730e962cba79a32a6303ea8eb3,0
f059c72244f2bb89effcf81aecb339faaa872e7a,0
72fc8d27c7835941b9e689f532ed270936822a1b,1
93e06b339ff9585186376f9e639e447dc8e49dff,0
51e61f8debe61e4df603b53d75f24791a78e82f6,0
1db5e73e5e0bc883602c7915c83d2328cc0e2e38,0
3cfd7be151a9f0a6bed6868183537e850ecb4c37,0
f62f1aa5bc1d46392773aa7f896d730952731f58,1
fd2905c5ba2b7cd20b8b6ee2c4cdcd03e1379e4e,0
3c8550931cc4f16635a740475217b4f460774203,0
2ccbca304234ba788791ee8002f4aba0d6bbece6,1
11a7eec82e58a9edb8e0c427f8037df6d3498b2a,0
77fc3e8d55d99dbdcbde0a2092c5fc9215558032,0
0abdfa10674c179deaff5414de1aba900a9ca27d,0
5848e3e053794becc6d35560efa61001a531bb08,0
f90b153d51f17902e66240caf26e0456a747c12b,0
3eb79f8cba672e85b87f28cb8c6d3f68c66151ac,0
7225c023368d388c59bcfa108927f9a24be4d714,0
aa26692ec6a462c2d72b97811539ae76801bbac2,1
278b0ba14d6fb4f4db8201f33386b07f037fd398,0
50067a12f3f4221fe97fe55b471915c0fa61ed23,0
19d51a089899295902e7ef0931a354c84984ff68,0
35db018e21a08e07f07fb3e7d27539b34f640c91,1
bfb2387aea633bcc80c798a9b4b897d60fa259b6,0
12996461bc28e9a4e007e75ffd26a54f9565015a,0
eb31f3306663677dda0de4d372ec3f6d8e7f4ba1,0
1f1f710987d88eae9dc2d227af3db632e072454e,0
c925f433dc45a6d8adf09a18ebb4103d110ecb87,0
8e839ac616fd10c55e6865fc80d575859aed78f9,0
9bda720ff5db60a6bdf5ffefd7c75f28c6c88b97,1
1bb209cf6ddc4ca967ad5626185e82510d516af0,0
c587fb248598ea98a422d1e9db3cad22471124e4,0
bbba421246933d5df8f325139d88edbb64fee93b,0
de92baac1a81299831ba544ed8c861d22a2ad531,0
d5df23b6dc356247c5f1899da22df958517c4ecf,0
43b7fbcf2522234cfd65f6c6c7ff8507f084a2bd,0
c0426e1c712e21964fc5774fc74a1fba3737f6a2,0
aba6d0b2646450c47d3ec033f45aa02535af5472,0
1f9f45301a1d6177db60b82097aac682434a4a21,0
484595c5cd085d033a6a4094d4a2ee08ee6c210e,0
ab088c8b8a593b98a52e7deeef328d79efffa176,0
3038c332eb5250597aa0509f06013c0960703578,0
d513e640048a713648b4ce021e20b03bec367f22,0
5b1848fecab4f0efa41bedd23b1c950d9852863c,0
4d367fbfaa59368da56737a7b00b520ef640ec95,0
736a0cdf41d7c1561a3a98a4498fc84bdcf7cf60,0
957f8c0196b444b33ea46785a682b7d87c0eac1f,0
05141cfcff1b33e57d8028c2dd3d2a88a19a041c,0
427a959514b86b4c80bdc2245a082cb649a6233a,0
20c13852ae1797a0d06b723e43624448dd4acfa2,0
ab5fce947639aaa2fcbd4f9bb2109b9cadf65555,0
7daecf4f850f1ff3b214c006dee28f4765b515c9,0
3be568a214551c9d99e00561536994907ad6985d,0
9453d3feb9fc74db72eeb2ecf78abbf47582077c,0
67573a3e519e0308bb35dd0fd72550ac9ba8cac7,0
076490c008df3a4af81ebf1859205bfb0c326307,0
ce2e27e516a6beef27b5f76bdb200d282652ffd9,0
b89be5854b1fa7fea9419e84e5ba8fdb902c53ef,0
2500cfb8e611e7f457274eada228d83835891ec0,0
303c5b31fea32b8f8fb8e39153db85ce1f3a3e16,0
3d3180a15f73d139b6f4c0da738b465f34cabdcb,1
6e84faf25c3e110cf32802fd82f2b143e934aeea,1
a2599d1c2bdfae25b3bbda59970a59ce21fb923a,0
5604a318db2da393242d58961064b1938d616351,1
cc090a4e4d9d4370d7c61aae9f5eceefd2fad907,0
7ef2dfb63e3adab514a7fc30e22eddc17da7aab7,1
49afb8b80150eaf8f6c12aca12fc7f67db550f86,0
a84265683b982284e39c85a2d53299bcd6dddc9f,0
1fce60bae6f3226876cd9950b56210e536ececfb,0
2a97277dfae640537440c8b4a5b82dc4c5c1b70f,0
0c2981af4286ca26a7e16cbfad6167af7807d628,0
bb9cb994d24a800c248d95e9cc2f57f822b98b35,0
ab390a7d0fad95d088b649856381d85d2fef5d0e,0
f30b9c4e0c3efd3eaa2fc91863c0c900f05d98be,0
abc4d96e6cfa0167dbc56f2b30d66e90b065b67a,0
971830280e38a829cf0eca03d1f3d9f1c1bf9f74,0
4fed57056cb4e6ca5a3d8b9a67570c76d42ff408,1
656b33fc21e5c845e9bdd5752e4a033c7cb45256,0
7d1c931e5e7355e8571516547ad8b52bcf6facac,0
3c1e84683cc94dc06a4be3e69f479bb066ab2eb4,0
bc6a2fef757d7c48b4b7fef340b948b61b208750,0
1827a41629ca2d1ce7f2ff6516193790c7d6110f,0
3d829e2c5bdccd7e4cd28163cc8f1f5872d43507,0
84b226197af8b985771c76a835639533e18f44a2,0
b9b24db33aaa90461eda21cf03abe68f5713d60e,0
cd9e5eea6359cd58af88ef44d73a8210a731a895,0
f9d17d208d7b059c74a3218a2bd525bd995a1519,1
f0606ad97e300b5760e4246bf7e38c8508a692c6,0
a9e1f08e64202b4c6bb8acf8ceb65fdb32e13e90,0
4316bcf01aa1c416e0159dfd49946d79f02c5158,0
fb1e9d57800146103a3bca010861911f28ae334d,0
4a3ec921c242657649d26b1d750b3c7f5d4032af,0
2dd47ee5863c02541c421f5a7f87a5f2051e315b,0
2cb13908a58e59a705361b816b54d4dbed26cbe2,0
b0655be304c6c8774eef301fb3b90f830e6490ac,0
6994a901ba3f047a4315fb08afcd819b68c660f2,0
aa0020eaafe6913ed06a07b18a216b793205400c,0
ccdf4afe4c7174c889aaa69d8cec4eb3836fdef3,0
e7d61b835e2da522c535e57989c3c1a406cdb08f,0
9b099750ec66359c4461a52a0307d558f8e5cfe1,0
c21a60482a7b8c28c0560d0839c258d60bf914a5,0
0c5db77be44211214e5317b561fcc7250db06d75,0
60974f1597c3ca50c0aad9dde6d33a9a62dae53e,0
fb28ceb7a655fddea76f9bc1ec99fcb991ac9348,0
db9f5b2c3ba083fa93a9e57b86b72811c5d5a966,0
d3c96788f940011cd93e1ae0ebe30773b9dbadfb,0
41ed59b1e3877d380b1b7c4ed18a05ac6f0eb2ed,0
968a14c990b3694d5ca5d8b1079d0ae0476f5a60,0
bbe0cb86aa1249dc6fc959dfad87177f978df184,0
ff8394bf8e370443a396614c712c2efca879ea72,0
7aa44785cba897e42b0ea640f0cba89543aae52e,0
c8ccda5291d4f429c813a44c25606ad6f5f47624,0
8986f640aada30af7207a5f4394229d6ba1a6a03,0
cf6a53b0936c3be3b1dee226b4b8e88a2086ba54,0
d2de87776fdcf4c267b136dd4955d8e125b702f7,0
3a069284dd553448ccecce6c3696ca20b8a51336,0
885fd0920b8f2a4e95241ba5a89e128b8adbdfe5,0
13fe97963eef2c30a4990010b6dd6aab5d689fca,0
6dfc6c9c7c55837e480e2f5d3a31c1d549be5327,0
a2caf58b6c8b17cbf6b2f6b2b0da4d68c831846a,0
5e1ef1ac1d6c3173f18584d3371acd7cd020c05d,0
b4ba54bc0b1dd29001ff579df42885005de76fd1,0
662de36ee62faedd611e6a9fab7eb94c144f6132,0
745f99ef90f8f393e763ee9061b4b56949842e53,0
a39b164ec6d71ffa301db95f69cbf3a8fec68221,0
1da8542518df1b942d17ac47b71415883fcaeb09,0
3aec5a8dbd2ecefb78a2def9668de4c770a3da29,0
0ccab3169bd41371a013cc0f934a818ab36a014a,1
7c1af2451cd0015bc521d243f93a093ced22868d,0
953c8ae23d1f74dbe482aef1af9556892438e122,0
ab25e3c73ecfa8655659407a052d7836b50a4b0d,1
8998235ccce82ca662f3ad25e1ea4e0ee2fe5f70,0
42d0fa6ca2c70f778e505eb728886ba3ce687c89,0
9b7eaf316b669b7cb0d34a58753a430fdb1171d3,0
09ba7ef260e9ee3b81ec5d0d578e5d480b90a3cf,0
05ec3ef41eb2398ae6dfac5565201f8b390bf804,0
2107a8e4df870fb6716238dd548c8e879ea32a39,0
01070137386686dd6968425f85e531c60c95a0a3,0
fbc9e3d799cb7046d03e6ae8f3983aa728726708,0
dd2ded7f553aad28dc60629083831223aa0e7d0e,0
373c09711fc12324ea41c909cc493564ebe7fb3a,0
0eb6aacfcfdbda3eb3ceda654a93b7b0ccff15c5,0
205883b6575d284e65669172d950d139176a4e36,0
077c5e0cfa02f05e17441e3f7ce781235c826d5d,0
82c079e1f1c39923e61bf0520220d7d3f27c215d,0
3ab525e40f2c7f310d1140c226c5645024210846,0
4e26f5f79fec0be87f1063947a3053c380c2c3cc,1
d8d729396dfc4b4ab1cd851fb975a4224006c0b7,0
58c9bf8a7984d6e26903a8710c2e1e54b1dbd315,0
c444d517c148be378cf8d10c437b684bca13ca7a,0
a86f83ec4654d9a956e7e12b669d6e6a535f7a53,0
65d82e936cbc7daeec9f05f5e8b05dac019b4ddd,0
3409cd369267975036a74328712772853b66e73a,0
0a6d5c53c865f09ba4a10f05d5c3504e237f1109,0
48d115c9cab44395a324646d38b5b2c053a7ffaa,0
039f1d65b03074f66ae9781113a9a253721fedb7,0
c13281f6e938404a69f58d59fc83ee879b45a402,0
639e6e9890773a280d0ef6b084e39753e39b3e72,0
9ad85a648e8504db3ee36fbd96e5a7b4caefe273,0
c5470c8e635cc58591ea1c627f401dc81939b26a,0
259d4c6606f1e2498a3e7b5aa139db2bd99316d9,0
d7ebb76a553c68ab6772384e14d2cbd2322e37e0,0
deb190a9dd3e0ce6bf44a7b7f94924e41c8ed73c,0
7676684a97bdfa4b0801d3f5118aebc5f8bc9eb7,0
998d71ceadb622d5bd39f6aef13f22f69d9508df,0
ce5da97961b3f6f4fd73f755ec2102cbddacf893,0
9009f7a0cfc98a0e2c1dee89a18ca507f5300664,0
a92322ee75d313f9341757c99c26cd9ccf137d48,0
9ca0046ce570d4aad0ddc9426fc77a022690122f,0
7ad43b7e2b118c5128b72a6855dcefd921e863ab,0
c8691df1d91e7ee9dea8e9e579b2d23469a55961,0
27b6361e701c1dcb30721d88dae10b997752a126,0
21f2d90f581f94d13d1e163bd3615e3285098291,0
be32cc28b73a3e8ca30b75c7c7384effeae5209f,0
5db49219e86553d191d79806cd0903a8bac1b423,0
8131aa2752ab0d9ad1b5aba5ee36d4233e49a07c,0
0980b89669fa7e90184773dda7fba1aca3260439,0
1ae03d8c9dd097d9f7b947b39619274ef472f673,0
8ac270d5174be4f23fcf77a0f84719d7c72be827,1
00b7e247efcca42a52e0cc57494b9d86c572d17b,0
b6146a4674f79554b702a82c424f82ad53b822bc,0
818b9140bc10138c50b2a925d519c7ad3450ca8e,0
1c8f91176f9787f8f159481bbda60da1714f7606,0
58003eeb8e33ed48b89781a2a9845d3e0cc1db3a,0
3576da78299b736e43db5c823e2c69f4a009c516,0
920cffa50c6937f818cb22defbbc97fb3752b8e6,0
87860393c20d148675b1b444170340e37118c877,0
696f509e7b4e47e1e77253485add57b8b472b04f,0
2acdca36f6c070d3882cf1e819e5d13016b69abe,0
fca9a64dea19cd1bfc887a4bbb0e44124f55b3ec,0
16784a9a2ab37c5786c6ea08e9d4159ee0f54ef8,0
f518632616a935d94594c06ec686c8c1606f47f2,0
f72cfeec38b3b815c10d0f2605651f2ce91e952d,0
f3a423e5286a2b36c8d8fd51843502a0e8c1ceb7,0
83c6e6d9ea8b7bf1cd967b49aab064173ceb9545,0
0c3109fc33767c11d671775b987a3f1392c0c8eb,0
cccd119ac37073aa10e6149981e853eca10af549,0
9a4047e469ea57163361dca962d5a7f4829c7af2,0
84f890d2efdf8aa6f94eca6d4487cbe7c1a42f0c,0
828a12bda5e1217a649e036e38709342b9325472,0
f106e7b1843f3feba0928c25995aec69e99665d8,0
107609bb100f684d748b28facffd6bd36f3c0a39,0
c36de5e8ce14b3222e1e38cdf7e42ac52f3ed313,0
99a8332d6206f2e6e19b7715ec014427ebef642a,0
f412342231f21cfaaac2105f57486d08a60e4002,0
52305aa1d2388216c733c81a51a2e1c9c6949349,1
aafe0c226f04aa8c27dccda948e3f3b130c7a77e,0
d5172b122fb65a0ffe1bd3ebd7db59f704420b83,1
54856a1d31ca9add8a8875f1abcc88c24e3bfe67,0
a3d038b8334c9a47fe39ac4d739b108e6ebeacbe,0
209ff2f3d5b508e22f8f50c680817b723bd60078,0
e18557fe4b357ff23163a092ef3fe840c6098696,0
29d5a6d07cd0cc787eee472533f9277124ebcbc1,0
f15537a9b741b6d17e22d647997548c48ade9d0e,0
2b130e4f5f5fa1cfd3d6715a0e4fe374a9ce5989,0
7960649b69bbb432d5abbef82fead521fb9200f2,0
a8d7eae7c1ce9c2eb8901a8155a24aba3e051563,1
3419fb51c4098002d46e83e9429b4429e7424969,0
6231e3964e467eb506ca2744742ebba17a38f804,0
cbcec707f41d018eb976bd48ad5872ca51fc04e0,0
9dec6f91ad8f90705ac2caca2f8fb332739a0278,0
86626e8036f48e1aae248ab3d3b87d2dde7048d5,1
f85ca90162e7485df9d94d7263fa40818358ebf0,0
caed34cdb8c351b28093f4e5d4182b411ca88610,0
dfd49af1d128a588ea42fef3ff2953d37d72dadc,0
0e0afa209828b36432d34bf09655fa84bc66c134,0
4b216628876a06428f3fb32f72e2d1030e9902ef,0
d7d14b61eb05801d4192a2e0dff126b807a5f580,0
f9908d36d3dc65458db0c659fea46d957890f09f,0
312055747a56b5c0eaf68ac0caab27e717b52e14,0
95509a5a9fccf15074366f8bad561d575ec4aa8c,0
c4315fd18ca11859ab9e5e4e35ef9aa5f46fa1ca,0
7ab7c998b41167610d3581e6ac8fd3793feb6132,0
96a619919a2d1750fdd19e8c565895d79e157db6,0
73e49e9a2ec0ea1cb0364da733745847fa470eec,0
46667ced04d6faece8bd7e62be5e6fbdf2f498e9,0
ef7558e559703e9e43046af8a0428fd26f9cead4,0
b71f7e86913f34f6c5a4d5f99442f323c4c214c2,0
34a14b4d68315c0df8e3d3de667c03b3ff2d26e6,0
8cb27f8a5455c692c27d8ee69adde28d305a812d,0
1b737ffb1262462b5f371e0514f697a84223a553,0
9f34ebef6961b6d07abf8a0463a8bafc099a9667,0
2cbf9ed610eec90741cef118da56e6cd0e402699,0
8d3af77f5d0bd8b946d463d2ba6459afe4e35224,0
51cf51bcfdaefdf537feae8a57b08041985cc991,0
6371d974f1ae331e26cf4e3a76c3dbfe603068b5,0
17e6172540f412bb926a533fecd18e30c1df8896,0
d3a0baaf07edcb160420f2fcba3903265c17a69d,0
d2f691d0f004c78e7898b53e08fa6b6e32262c74,0
2f9bd5145e4b12f68300391f2cd225362f106f69,0
70bb1b3a6d37f94b9bceaaa429cb82fd4a7fa17a,0
b8607f9c0b51cba7b71536ac32bbf8791e83bd88,0
e1d67c31ae5949ffdb729691e5ac719cb924589f,0
d0717f444def817a1fc60e068d8f95bb66adf165,0
52cabba49991c32f842bf0e49b96ed51f4d3000e,0
230e67f7ccec3c19a381d671458e99d66216da95,0
ad7ce3b8838657634be41ad4eea14efb543269f3,0
7e98002bf1fc5d1e942e0496d0230c95c25003bf,0
18d53572c02dd9cc7a27b8e1cafc3e041fc0025e,1
6fc0a51647a218bcd30d4212ee399ead2e357253,0
417e6cc7dea2c9fa90d309d30d56b1c3dc702a48,0
54048f227c1cac396c602821b7e40b00f5d42cf6,0
80acb7b8fe017e285ba3760b9d09cebc8b3952a1,0
34b56233efc0e46bf604ded1c843bd6d49b54f55,0
5982facd7a7368e419c6247a58d1c11cf00b8dfb,1
a1f540550ac41b2cf986590b1406e13eb31b89de,0
0fe5ad0eb678417de06cc329423c36999ff5e067,0
844dab6d2604785de58adc664fe4e65d56484afd,0
4aa1c60dfd2531a38ab819e68d29295c886f6d63,0
426d3874d78e3e0aab1573bb7be320c268017442,0
3c4182a4894deac56eabcc84fb8c70f83d649c71,0
68ee5d0c2dd4e3c350d0bb70e26b4fbea8113b59,0
4e0c31d938211eeb7b44dfd0d360bcda73ea9bec,0
ad5d909fd6bd8dd1e007526a4f81ae04abb74d12,1
735e5a48d38c1d7297128f4900e5d12aedffe73f,1
704ad7c1431929f4fa2225b97a9081114ad27335,0
3057794a67c1f0e5718815d16e7c9a90cd06a338,0
0d41bbcde2488e0550ff71871b1863a8a48ac821,0
afd03dd7bbb518ed9fb3c4c2627f8f2784dae3de,0
cbafc3ca54429e785f15fd597f3c65865d74ed9c,0
701779563292d9d6350b800bfd59969ccd787472,0
d29d6ed115c4fb5346b560dbc81c611bd723c5ce,0
f6c8b608a83124008400ec0025b4619ffe2660b8,0
5fa46326e4978c6801422c39730d60ae068a59ce,0
cc51d7e43872e435fbe6ec6817a24ca073553594,0
aaa9a93623e5b7a330a7f7995ae28bfe531fb45e,0
c682437195a5e6ced9dd614c2d46c92cf66d273d,0
64d40f04aa6645f2853c5577ea0366126de82a16,0
b26fad71c8942bf7289318851e00d623df21d433,0
b47476004f2726896bcd45274a83434188015b4e,0
47c66452fb297b6707f0b89c652cdd917050d78d,0
f5c3afe1930cd78c3bf363c096212a1893550ea3,0
c8f2a26ad5667f99e14b861314d506170e1b41fc,0
686f20b1056319457bf8bc34a06e81130049de90,0
c01855b06d0019fe3b5f9aec910f6c2d87b1820e,0
2f45ac8edf3aedcd1d2a32fb4f3d45ef2538c595,0
bfcc33776226898fc592fc779dbb253c3390746f,0
9bff0dda8d7dd3ba06661000a6e90b69ed0cb0cf,0
db1a5b344b0bf53bbba4f9b787645c9e73b9659c,0
0da16600f559559f7d7b14ce631bce2e2c47ad94,0
b82fa6f6043cde82dce0eb22a2d95c174ba4adb4,1
3f362f7cc2d801f3e9af85239c71064fc4d40965,0
0abf83b31f52caa04e44b81ec00ef4271fce57ca,0
cd99ab70a1428336c762f738c8e952c5621b29fb,0
526e5477ce2146f24ab54b8c5df7ee2d6302499c,0
f0998d8a359d3ca116e92563920a54d2e17c298e,0
3c67c52549f14e9c9a7dbfcaddb572b88f9084e1,0
c337beb48ac71584f3cc0a4cd71a036812960885,0
aa9e7953ee44c378a6c666367aac7bdec9649539,0
d1ad248c2e0423a1a0e5abeba1956f4d625ad522,0
fc7ee98df2e9fecabe5f47dfabfe22069cf65a03,0
7bad690c6fbdae9c9045777b153b4bc722c6c356,0
7ede20e834ec67402eb8d0f0895ad103c6df8d10,1
ecdd8426dec33f54fd5f1801ad273592055622f3,0
e0e603611b7dc7ec9936915402c7fe3a2b256f2d,0
686771d78d92d27e827bfaf61dfd170df935ff99,0
4f4737778f861b9ea7bd6b519cc37950ee4c7969,0
14ece4392f72000a8cae1e12e2340313f46c45e2,0
90a2b80201157ae9667f46e11d624bb96a995919,0
16e27bc4b4c04150beb8f26f3c71cdf87b65ea8a,0
aead2c8d6225a2c3ccc1ea2830ecc3274308fb08,0
5b5ddfdd1f0394a78ca09397bd56e0725764a2fd,0
3570496e5cf2c2f3c4bca36767845547a89a6b49,0
193f6f00647d0d9867d11b7c77e639e3039faf01,0
cb6830e05b4ee205d812ea88379897a20acad548,0
44ba3290fa251f5ebda9c7afada0bd899e2a498b,0
06254f6c0bf8912075e8c932f39b497bcd118d4e,0
4a2a690115206e8eec49d1d337377e7db883c823,0
a256a7ada7bfd8a39ef5f27ad0b50bcd072101f7,0
070dcbb02dcf94e7e177d306f4a1572f951ee0f1,0
75d212172552f46a1eb79be6df15f22790ed9689,0
afd29130bdeda41d811ac8e03d7e6468c4cfcc79,0
810476e8ee3c052f26e492210ec6153928ff27dc,0
1c7007cd2bc06357de561fca89d278d78b0ff526,0
fc36b30cb2790592dc2d72e72b352ba0066c5696,0
08729b7b3887ff3d2e9b2f831d758e6869a6073a,0
34f4578676802bccd7f40a2be0a1050baa4f5557,0
72efb221bf8b345c72f0768046bae68598dfcae5,0
c56a58dc1d17417496f0280e15a90d021e6f7378,0
ab48bfe1353a388dc3938cb23afaaaffcfa1c4c2,0
c6a8f32168ee54d76dd210a9a6565e6e4e6d6d27,0
8610801e50315b08142cb61f6dda60e84c83f2c5,0
bd0091c9186dabd2508dfdc0b4c43419a513c781,0
52a07041cc63b9253b2a2a54eecb17d5a9bf6ebf,0
79f721ee2a466f6c862b1e2800b4a52457b8871e,0
ad4ce29b9758fbdae72e89a1c038b536263dbf67,0
1338dceddcdc44e4bbe5bc357f270461611b2b08,0
da9378af5e9dd0407478c469cff12a64c9926490,0
1ff6f01a3e51f77651162e3747ae9919ce45caaa,0
d74ef7caf133dbc3f2a75ed20712b4555948d378,0
eb69c28fcb3d2626328c04551c521d2bf26c7c29,0
5bef28ef493cccdd442a44a6a81cff403e8aca8d,0
25692a6bc2d3f7bbba987825eeccbdade1914391,0
a3be3b55e53263e3978f1a2b63233a2cce618932,1
4d76203278491546a97b654da36bed67b5e17e9d,0
3aeac5f7f3c4685c5c5157c0e295186c3dc52933,0
c8214e60f95937cd3b5bd2c334f2e61aa89e9e8c,0
5df19eb43144a033430c901dcdb888bcdba73fd4,0
3ebb337f938234d8dce290ef7091d31ddeac7ea0,0
3e63f5bdc5451e6183467e5fc84a11e05201e062,0
9e3f8178b420b58c68cd358c5f7ecd284002d618,0
0559d86bbfde4a2e69cde66287d9b26a59fcbdea,0
432cc8729606ed4b85b382018a27ecff7f195ea3,0
cc40d88c79d048e458115ccaf12e84ac7f323fe1,0
b471e5a365e11cf4d082bb2b9fe4494822dee8df,0
005caa9974b9f655f4888a8f1b53c3fe485f4455,0
1cb00b1762e5d8cc82067baf7585dca51d0414ea,0
aa290993343a94d40fadf395cb155c8026209a12,0
54aab2786c2af960bc654697df3eacb582986eef,0
470abf5ef7ea2c897867811c25090b5524770764,0
64d099364772dc41659cf95888808b9c57eed5ac,0
b36ef5000a9595392a8e6427dbeeb2ae4e33b46d,0
b2251afa97081118521cec53d79fbfd0f5676049,0
aa8fbe13c0995f82a98b432ab3ad85a5a740a03f,0
bb6c1277ad4bc09db8e31a7db63681bed7c43e0a,0
c9807fea8362ad6dd82773a6ee5b66c7f31d7564,0
fac781c38851577267453f54e01eb7c55127a0c6,0
18f9ec47154f2654539e529afa1831d87d7c2f9c,0
fec67e01ff1abac5d9335eafd51d306fed1a7e16,0
daf0155f9ade5b9032cbaa9f549407fac21d3d42,0
9d05084997ef2b1d736c5d293978318f7c767cd1,0
f2fdb287a56a845d309761e3db5db269b9dff5ea,0
4094f682f61d17d4be80534016253ad83944e194,0
eadae244b9b8f30c4edeaa5cabe5104721508162,0
e22c5f084b554694fd58a83ee98e3e1b5f958d3b,0
4d7626c01471c0a843611f9803250aafcf7cd3f0,0
b61c0b067d2e985259c322d301d9b984dd582bf0,0
ef2fb863382dd3fc87dd874e14bb1ab13d32da33,0
cc53ad273d549cb6a1a24c4c8cc787da0f10661c,0
5b688aace3717b66b9a113809eefe9d1b0c6397e,0
aec0b6aa1348603e80a97551443b4da085761ad8,0
eca150c2ccf225a7affc7b8716fe0453642ee7e7,0
34a6fd128bb3be57dac34d8dccc32c04d4ca415a,0
120d2fe3acd88d71e426026905224d0eff841df0,0
c83d205de0c53b71a246a877afe9e4dc6328c3d5,1
06c9d037201447d0c3a25e4e3a7750aa3a01d684,1
8e1ea4117aeaa1189d50a2a7022c77b7cfff896b,0
af2df8807919b9012a8e68f70e7d58865c11a624,0
9cfa19e46d34d1025b8a004bbce79bf99a7874c4,0
2a3bbf76bc7695cd5ec48f49725e93630098d420,1
f4d31bc345f28a644b947d00b3370f755cf277ee,0
eb3862e7540260f1c12f9aa1c1df67eaad640b6c,0
adf129fa6605f1039a072e6dd4b3d880bc2ed8f2,0
55e77f9bd58f16a6f1f71c0e4e9a1730d4e90cef,0
3c5b892cba85f59e25277b5f48ab68712ce3b7bf,0
b9aa4e12131254e582f11948b1ba3866d5742962,0
19a5f97c2ae72410784e3e1d8808cc233d53efed,0
fd0091f4a398ba86453a581de998a7b27eee8884,0
c036b2e699170d319facfb35fb58d74be961bfd0,0
6266df7685ce1729c3a8c39c9f61a1f146bde8c1,0
2799d07ce0209b9988effb2ccb9ad6a04c98e451,0
e8d861d4365c514bf90caf385ca287d011723940,0
8622739c1fde8920b5beb859835e1a5af23e6b7c,0
18f53afface6879f100aa7bb56655fa6680b680b,0
b136a4e2bdbce96d1f0c950ad5ce47a7394c87c3,0
4245d271d42830d94ecb7a38681b5acc5f964675,0
8ebc0ea5af587f0e62ae981b832d2046b3cf7154,0
2e4fbb2209a0403807440ef19eb03416804c9118,0
0288aa46d8698e4927d3754beffa0c8b9a515046,0
1e0384f5bf4de9bf433fae90cc454d283e69678b,0
d6d411e8a3dfc76a2b21d80c711bd245fb308603,0
9ef6b8ee74a1d381d6d66cec5d6b35d18645b260,0
a77382d00c0462169c3fcbe0f11ed8d8e8e59afb,0
ae7e5094acaea0a3a22468ffddc69c6062cddad4,1
a4294015b93ba4957e9bfabb3d4c23302966fa23,0
eb4c615019370c4338e1c00563bee16d3311c6d1,0
ca539cfb416af83c2b9b338067d7934bc6189ebc,0
59b9d5787416c8dfad5a34e03216f22954d09943,1
63a851d90f41e1a2f43138f8e41513afdd43017a,0
eb04dcf3121cb433d2337191ae0f5d9bd5355b4a,0
6374104d0c14b8565a3abbae9d63609de29edb93,0
cfce019d2448096f5070d43a933073453221b76d,0
6af31a1163dfd60a78bc46803599abf4735edd96,0
23e28b486efd0e0fe6b6f6d47ab8594c7fd9287d,0
78e230b3e68ec06e2b59b2d49ec1f127bb82fd39,0
b664f30b60998a3ba9da028d8818d7ab23f9cdf7,0
72e5d31b1f052c69401414abf403d85d493a489b,0
cd025192811f09a4ffd13eba47c1f9fc2804ddd0,0
bbf6a963591343c1052228ea9b1c8dc7e343bdb7,0
86f34be0c762912841cffb642466586142fd9fbe,0
b4c238571efd94a9766cafaf1261e2e9111f03fc,0
2c4bc9418c84dfecf6690b98977febb91a39b769,0
1362e9aead023cf32c70201cf6983a5c08987737,0
19c1c557257c1a99a28d480cac4c65309d48c415,0
5b8d9067d6308ab2815c00268afed4d5ed7e5f2e,0
785d303e049de7fbfb7946295302ffba848396df,0
c0f8e9064fbe886d36248477440d7083e23f92cc,0
db3d23520d525579d4b053eebe98a759471b5210,0
417a64c631c9046edb4e9ca63498effbc6aee38f,0
ef07eec2c2fe70e75c76ebfc755b921046a670a8,0
75b2fd6cac7ed1c2598ee4ffbc4f30efbc950407,0
cfbb52a218fe90d3aab0f125d8000ed76671ee30,0
d1120aff1087e524ee1c9474afe29de988c53fe4,0
d225a947f1cc492bb0a9a92d50c3b297008416f1,0
169f20b7112fe5f33648df8717bded16a1a58d51,0
01fc388f49d18961721731e2c37a24b3a5293c99,0
fdc3f01b28ac5a18eaad5b3ceb1e71ce92701e36,0
beae11c20131300cdf7b49d4448ebc55693a9202,0
e04e5eccf69cb6e48dd974fa245114a2797de303,0
b1b9299e37e01cf7d83718b6db18ea18898bb080,0
0cf402244b2877c63eee3c459d9cd37758fe628b,0
e5c03656a6e1a3dc3fc22fdc592be9e062b5599d,0
baeaf4376df3fada43f456239d5f76e6a0c365bc,0
9b7e0c2779cc31dcac83df60e7005846dd37de66,1
fc6245361c6da22416e2759db2c4daf2102b9e67,1
5cd1cf56b36b3732ebbf5d9e03d3b0f6d8eddd79,0
f07f7588ca8245dfdd7153ab0fccde67ad3a8abf,0
a516f294a32d2d5b1d351d7782393b3f696e2558,0
b5955cd748be4e2aef86d038871087ac4a666348,0
0707e0cfe41e01de83dfffcaca3c7959b26f3da5,0
bca24f094d8e39ce26d273b985a028b39966dbae,0
125343bb9a88a054f08c36b170323b80ca83580d,0
2b45da95c4c16de20a087f964a163f659b3cb40b,0
4e9d7c59da0e3e368f959cce8a362f85e7ec861c,0
dc02b3ed9e9a00f391ace84e919ce89bedb29748,0
e11291fee2e5419848f28ad2afd238a866f41701,0
a6ded93f1fc1209f8ec040e4b6e6466b02fcd290,0
66e73128a60673ff84fb8b37737994ef6767c249,0
7c0c27ee82f121934478a8e75663a87f52792a77,0
7c0f58cbbdc8931ba92a2077b7c4e2d5ebf5c3f8,0
60f2763b2e456e2dc86ec00e2dc9ba7690f2eadf,0
8767130f00dc628754fdcd78ae36c3a6a61a62fb,0
9146190260685b5f2b11c786b48447855762dffd,0
030fe970063f3a714658e75c4b6c79dba3679a2f,0
582a4c19fe2a160b5db46ffff89e5c0d6d741465,0
77d6e81978d5b906478aeabd1f13a1225efbfd60,0
7d838b3925c320826b857ed09e4bfe0ce35b110d,1
91c3fda51297c16ead13992cd6b24e8bedcbd526,0
f812780be234140f98c987e38e6742aba410546e,0
1aee8e512951d149f73a117b6807ebfb2fe538e3,0
00f791cee787bbb1b047939972686cd7a10050bd,0
104c91068455db3983c202d10902192dbb05a73d,0
509116c191963ce80014b185a64d6cd286509a61,0
7fcd7e497e8e10834ba2c7398c6a491502b427b6,0
04cf4b650e3e9a6dd924ea7374cf459a2432f4ef,0
e7bf86ccbf72c35c3ab5647b2d62ee5300ab8185,0
62ed6edb67e6981d7e7ef2ef7b4f0ddc758e6dab,0
851ecec48923eb6b8819092847ecf491b62dad0f,0
0bfafecd9a6d4a978e04c044c7a416203654d8db,0
4ec399e894edc50356087c16fe6262f3124b7ee2,0
b4bc85b8befd4281dd50e4f7f70b9b17730638f4,0
13ca491bb4e8cdf4f4dae374e258cf90c61e2ddb,0
be2a5d04824fb213419e6e35334bd89889fd0e69,0
c0d678ce058eaaba68834934ec0dd07027b5298a,0
2c9daa19cebf84bbd5af7731bc790fd3971b5d18,0
9928bd5efe6f7aa2d7c9062dc15770c547e923c1,0
ca873d3a2e246c73d5ee1e5fdbd453f0ab93ff52,0
5db36c256c24d37ae031daac0bc539ebb2b6cd78,0
8091bc35aa42114542030dc11097de4784a73a01,0
407402d810d753da3de93978d1814cf5ff893b32,0
285744ea3d7577b9fe67f1dc4f51f1457b73e941,0
24038ff34ba20914a3dbc4cc4f7c0ddf3e9e2833,0
a0084b653a6dcc4531df06fc0b3f90be90c7bb25,0
ca8d3d562508a9f219f4838026e197506bfe43a9,0
089428a9542afe05747c827961d72417ba1d263a,1
21c42d6d0f207a5024332dd9c48ec60333c3caec,0
c5b3b3a6c5af3025042e53b007881583bfddd83b,0
d9e93a83d2bee6cf6441854d7a32bef111aca32f,0
3dab69f22c68ab90549364a1ef2ef295de0873e6,0
9e516db72c6b87d7f3aeacaa3d7fc137032c3154,1
25bdd92199172d6bb5d2ae807ce2c63f659d9ab3,0
4a10c837b782adfddd79a4a056b93ceed8546d30,0
9a606a4d7c9e8bd0f45fc498cc503bc5e7f580a3,0
50d6a3fcc5801fd58c965a72afa0c03a29830678,0
6c98458e3b1661a3c92ce201d0d98b184fc1e52d,0
3c466b9b384602eb5485d4917e5e0655ad41e1d7,0
f9b610d2ea48456217c463d55926cc67be2ca947,0
174e6f81498807b4f7dddae796b61c68e16f573a,0
99cbc0ee10cdbc1f0ba7ec40a34f31be0e67ce68,0
f68e026fc5132dd03f47d3d2491bdb349d290129,0
1880b5322cc53b4437384cd9a288624faa31515a,0
9a4b90de356497c5c4a4f5d54f255945672df4b8,0
155d83d285d1806605c64f15b19c6948b71d0ded,0
b6ddb79a7c71db470b2d020072ee8eb79ab3cec6,0
646a94bc0609ffe1b3bd820ce0323f08efb3edef,0
ea2c8b20da308fdf09840e98dc0c9c54a266d6c7,0
c0c97641e925257e54ab2e482ab753f2148beae7,1
1c95796bec68bd6583d8fee40d4d69ff07ee0fa3,0
62d25cc02050a769e100c1d6fefdce989b598ea8,0
ea0a3508b96c000dc52e64c30cda9336556589f2,0
5a722662e5a08e6de04656c35a9f0e2a5b07f549,0
411ef776d563cebad0cfff076cc6f8c6090b6cb4,0
57c4d0b81bbff7330dc19f82baf565d23c3569f7,0
85a920fab72e3ac5e62ea2f6bbfa056d09876549,0
af6bf6b18876c0bee40d9845d98f9c52f409f771,0
11697ada9fd166483f6d9f7f3404f208002a33e2,0
6aef423c5ba50fb7475eee499d76a51415ef3483,0
08f5128eac4aa165de4093527b68f14e6b35baf2,0
5bc669dd76721122b743cdf70da1bacb98931488,0
b82d2eda13acfb9f4c00b2a4aff255d40f34faac,0
b6d28a18c99ff60b119a565bbeb0f555831cf249,0
96c8843c434130f004014ab1d50cc197265291fc,0
6e87d7ea80a7e6625b2fc370ee50e2d4bf0378e4,0
a2a7323b78644162619c2788f2d37c30ea9c8346,0
dc98d12d8a4f94b873927e505fc017343afc1cc5,0
d5224e8da90cc41f6236373fd50e280a9124a102,0
996f8a88d656c852133f05e68636de4b7d894137,0
ccb129d9b3b72dc8fa209db4268a12ff0ea73807,0
3ac515c1f85f1e18a428ca1720df91342f07cbda,0
c0f8ce189436887d8a6794f135794a188f776441,0
b390c9d09fa3961e4cc627b5ff7a5f0f943c4289,0
533b84c8b5276938d4146c9d69cab70b418ce324,1
ca3e7185ca96a857a3bb26561bc357f78206a83c,0
3c204e857ae21cb3d81686fd3a4a360678abb430,0
f907a1d062717880b898c720ffa0cac3c12719ae,0
c09988f98e793a211ef4ba0d5bfcf0c11bd56aff,0
6a6c26fea6c06c32fdcc8f1b166cccd5a0b2777e,0
f4669be72c1982839a4e8284f5024c9c916e8f78,0
71b1c174be9fbaed9919c2581cbc5ce6b9a11395,0
747e5d7cc37faa0f9f88e0b86fe7f48507a31551,0
f27bc8920fec857d6e222e5dc54142be84ba5901,0
46cc6b279dc6f1da319105b83d89ac6ca80b6763,0
18e69388fb6cd03d634847f2095b19838269920c,0
d2dcfcc74f1d422427b65979cf5f748b326098ce,0
dd072c1fc8e2bafe2b0ee63d33d2a71a435d7b02,0
c22848ac276cfc6de3c46c25b6958ff2b4e7b473,0
456ab16d3a189695f6a7fca799c9136172f78a93,0
139a47dfbcb6584b28525d6d10cf16fb42ce8040,0
e785c7ef6de92f23ac60d873d63d90c47868eb57,0
2d9754e6a38933f066eef72cb10fa57473055146,0
b4321d8aabf3e22db6b1e38afa22f217844fc10c,0
3ec917580d8fa5025d5129261d7ebeaecd49debe,0
bacde5db05c53b7ed60ebeff3a22724a9958ee9b,0
a1157e6f96d58f927b3a522f92056bb20ad6916c,1
e981125876122a5552942639f58cf8988c428fea,0
fdad063f4680f4c5c18351b25cf509833c926d0f,0
b3d3b1135b88d464e914dd2a17cd969e4748e31a,0
8d0c56ce0d5692ecb8f852563dfa3d43fa672abc,0
449e73f311fcaf297dc0438e26c4bfd5faa5672b,0
ada1bae11f74787fa728b8b9adf0defabfa2230c,0
4e0bc68e6dfbc5035551a0c93bee7e03ad4fcd5f,0
2fd5901d1e23ffa313842a40d87826a436776655,0
037c2ca5c06622c5a8033c82669e1f08bcfd622c,0
ae58a09eed023ecdc20070e578829917f555a523,0
09fc62603933a324ad47930030f4c57c877cdd38,0
0dc1d3cc67653b5a7b24f3d3f9635fb3340056ee,0
de87771ea12dde6b8ac743e9600f6025c82f04df,0
5ebc7b1812533d6408ffd82d52beea6f79670c03,1
1ca61eff65fe93d180176ff07b630b4a4078ffdd,0
cc7bce5a32629db8b36bd48ebfaceeab95cbb835,0
2fa772829143ef282a5f228939eb30edf0a7a059,0
9369f5900cac3a9c90e411cdc54076cc616e6f88,0
5db91684089e06ef8e944e9703cbde6483d3ba00,0
f35db35784c5d03dc1502229138ae3162e878da6,0
5f875c7b81fd07f8376a5abf002cf83109393d2a,0
8ca8bec07249764b432ce0aec76b8a48302a0f23,0
14f5f941e96fd4248cc029e90c5ec7acf5e94380,1
54bd8badae4655e2d6fa738d3924fee880b5ae08,0
e2c50101c7b64648883ad7d458277fcd149b93fd,0
7ccdf552395d7737515d35c29b01ef42e5df7770,0
448a25588ca22ff2aef7fbaeee413a8d9123eeaa,0
4f4f8b2b8b15b95c2730b7b5cd640acd649a40eb,0
dc08075f7181fcfad4033a312a5324533396e7da,1
ab5dba0e1d4210647eb8d0c22eb3856ee2aa1137,0
eeb31ea723c2bc10f25a25ff95e1c57825735f9f,0
ffc0d4763f1b52c823d6aeeca07238204030f5f2,0
64c00eff7106ca4e40b06babe57288b66807e0ad,0
2d7f97014d91a7b24bb7bb5692be3c8c7a89d9f8,0
5dfe66b8dc8d66ccaee2183b168f8f956bf3fe2b,0
33cf99f0d630683e66d62290e98e455b65530780,0
d56ea45de0c717dbbc2cf5b0f712537ffa685356,0
4d22686481f418bd8a1198157fdabc7853405ce0,0
c80a2aec846610feacb2bc3a97864d22f1f5c739,0
e3d80bf0e29b755e6a7b20d98e351c53809e9ca0,0
f6f455443a49d4da7b4926a035712286a1cb3440,0
1cd0e9e06b5735831d71356e58fe350c0f713378,0
2df8220079ed73e2a019379b403a579e85ba60ee,0
b99e0a21a7db35c1581aaad4a19d3bc28f726d2b,1
8cae9224d05c8893e9cd7399b4b5bcca018c5a55,0
d3af8fb653873b50d0bdc5edc56015684711908c,0
9aff308cda77bf399e249b10a4b853ca4d4ce5f8,0
b64f77aa3c07524585d1f60a71145f976c279eed,0
ed62f9abf54b7e30eda03acc7dca0a22e915dc96,0
f1635b6f14feb7f1de6258c4ca143cd6250f8b78,0
9814cd7b3443b48ed9d4e768843b2ca9eaa3a691,0
8b5fffb123817a8cbabf3258f48733be8210a219,0
2c2574b5e6df71a27a31adcf75bcdb87bc0bd19c,1
0fbdb6244e992a877b0ccc10d0b71a7b557036e3,0
1fe0898a19865dc1837e64c487c7efbf01e38375,0
c68c3ca8ac42a7877b5137c1e49e68aabb30fab5,0
4d7ba358dd44feeb7d8b29078785aef7809bf1f3,0
6bc43880f395510c8f6e6ca15225531e4ac527be,0
a64fee1783ed2cf7031121c471dea953f9806084,0
c92d9dc9ba2b2f501a73077b07ace2f40e38591a,0
e836730b81eee552fddf5ad02fd078719f44b2de,0
af5fd2d067900c9911969155ac0965eb35dc788c,0
c1b896a96d4d343fa0aaa3698c70c7e62af6cda2,0
7fba671b72e9edf24ec25863e370f321cbcc2e67,1
6bf8c204ef73fe97aff72c6074c1028d375f16d7,0
d042fb0dab83d2c6b7f52b3bad72f1456575057d,0
429fc6af90be8610e13cff5985dc1f3e3f2d736a,0
59f33e999baf3c6aea12f3e923639242f0e4d364,0
d4a9f0b7e09e86b011a2922d6b5364f4ef950475,0
9d6906b872ccf4e160e029fb4e2cda123796314b,0
f27e83626842c9766f8b351e81953b73ee8ee998,0
c095a1e4231713e84aac87dba490b652d26b503d,0
caf2e529b7824b46eda9ceefdc4bea5d75f71b20,0
e3c6e2c647dd653ef1a67d82d59bb64430136c44,0
bfb92f6a2317794328d65a8dc901a67c036a2752,0
d627aa27df569b5cbdeacafb3a02e746595ed872,0
cb98112c7dc7274128f94e902f8d5e4e09f55f39,0
a10d05623258ab41a461769772458b2bb9e0ca58,0
32d62e70b307c965ad0c086682fefd0afa43ef06,0
bea246f4630e66f84b83d28ebcc120ece98ff0c5,0
c6b293f9984b7dc3b118f7ac4df9163921b4385b,0
18747411de6668351ccd0da529114da83d11f07d,1
4708560ee9f7939533d8c173018bae54f5db565f,0
e66415a2ab83eee5a3c498239e6a112738e08377,0
f7fb5aeb6d8c7d8fa4e08d40f43b3510f0352715,0
a6f7833171edf02d4b4eb10d244e1e7958442f77,0
c1d58c1f04d683a1ed73a76cfc93ce0e71d625e4,0
69657842bc25c6fc0c6d0a6e21115d990fbebb73,0
ec781855fc4a64e96c433bab1d5f6290a7aee26a,0
1bc3a2040f5af5f7b5ceb730435b5a348704bc4e,1
9a0a8636b2a59c70fa2ce4b444518378dd35619e,0
a42e26740185f64648be78b77fe5c85c2ae0bd73,0
0fb00fe75d36cf977c05e4169645df36518edcdf,0
b4f1ad16b3023ec67e2c7aa1507814bdac590263,0
471a196ff30f5972f685a23e93fba2c589bf117f,0
c55dee36dcc33103ce6ac67bf44bf75adf04a410,0
6f73552447ea596ea3fd9d3623a2b95607c9bbb7,0
208cac38519368a1bacd7b6982faf5bf28d07384,0
a0133b9a9694ce59be17d1e7e7a0b332623d4850,0
88579df0f7c8b74cb0dde7e326b2d3228c6a8b3a,0
6e794ff4f80bfdab223ff7d836c239520c972ec2,0
e11e6b0674c0262954dd77ae810f27a9a66c675a,0
cb3e83303da355eb78c73ba1c18e98a623bc0d64,0
72d4ef5a3020612a565625807e8b847c5c1302e4,0
09f28539ed22cee43e336e06fa32ecd46599200e,0
ca1caf213bbbd19c8c7ef52984aab92450681634,1
4fd6928c0831b485159c4d6ff1811e538fb2c340,0
4fc0e3402225b6c12787fd314bdacb27e917bfaa,0
cf7329fe8ad1f755388e7fcae85675ace30d131a,1
7323ba6e2fc96e54733a8f2966ad6fd4dc03390a,1
0b284be0d67016ede3701f7f8380118e04648cff,0
3135017c3b005b0f9402d3b2070487ac0a431844,0
5f6fe24092b0eb25ead00db52ef98b3d4dc2e2e5,0
276129ab77def4b9509f6d14849f40a3461c66e4,0
4c32a216217eb24584d607fef69c862207224a4f,0
c4dad46598de3c5fef9a3732ab2b184a3880afb6,0
9a93c71622404e264c00b07718e5f5cbcdfbe73a,0
13388a5417fee60e720547c8330452d9c0d230d4,0
a8c1957e6ef6519ed39b6f53a19951bcf4a4be37,0
8e0c170713dd131ebc271b62992f6efb777f312e,0
65b559ba39301ed2c1223154203403a2b11ca346,0
3547d58e3bf30d761f3e6d1f3b7f28de7a397af9,0
a88716a90dc7f65822d6e41518ebc2316a365b7d,0
7c93eca04ae77f5d50951ce0d348034c6e4ca560,0
ea9f418a51d62b82cc1d0af7a5ec35284f0771ef,0
4671a94ea19bd756ec9f28ab8bed654835759b10,0
9203ac62ca05d7ec63245305db1dde0ff285709a,0
ac9818d45a35ebb66699937e3662a3f65e3736f9,0
dc7b5abcbf36bd1a52c7d91b8dc3047ec33c4427,0
b5c7901822689a2a7b445b1f727e6743d5bc9f33,0
4a4733bdd59e3480022f7789c01c8dd44b2f1ffc,0
eb4988f4e9ec4ef85a37e3431f46e3f552e5fdc3,0
3eb10a8513dd2beff7518cec13e41d5fbf20620f,0
e02244ae8c69d6800120d8487dea0f5c5f933a66,0
cb518dc92cf0535a1dac74b6967f87752fc14120,0
923d8a572c589c05627c01297f3026829a3a6061,0
e8f19456953350b65eba401242deb305e17392b3,0
bb207e01b77622c9e0efb9cb559101233dac9d33,0
fbb36eaa52819c0f477eb4c4189324155d97505f,0
6cb0b8818ce11135c7d0705e33db342aa10e3ba2,1
6cfedc3c1fafca1b1180891d6386c4fb6304e70f,0
88e1c2b7df68a0d6db0b3106f016dc0dc84749fc,0
46474f9c03936a9e8f1f5c9c18e925e541816258,0
0f0f9c8f819fee85e6c43708abfcf1c647c705e0,0
7fa8418051f83e8bfb8020fedc8b6c30732b6893,0
27861ff59d2cda453ea4e49dc0457ac1285bc7d7,0
fd810cc10bbe428bf3bac38fe86011229f78b791,0
7eddface1c49957435f46f83bb0cd1934c37788a,0
387c3f8e70b3ae8cde7f1a229215af35a80e25ec,0
fe3b9cf517f8fb02e13d22e551b6a89907f4eb85,0
2d59f1c250523b465b1e7542f6bdb6be390b84a5,0
8c37840a1ab96b8dd02a4fcc5833c7a77789632d,0
cc684a27b339358a9dd9374ac4e0d4f8dc42339f,0
d90ab7c68cfa35148718afd141735ddc620450a1,0
d5d57fce47f4c91b0195556a97bdf667e01a5a01,0
6cd98037dba42210414477463f9b8085bd9ba160,0
44fc58f2aaffe5e507e8e14ae0b6f10f31f780ee,0
cc63acdb25e54f16e1f003d215545978305a1790,0
13f432ad5abac3c550ed8e754b2297078b9a09e9,0
0ebec321658dbe3799112df4a4a27cdc5de33546,0
a7b3f78b761eef778c0ffb4d7a365208a2b2bb31,0
10ffd06e902555947b7a64b99e1772304b59d48c,0
2e2c2a9e97aa04eec1e27f4efb6d4e7e12a70656,0
15d7628f67f84badf150bc6dd1cb87bc03d42723,0
218b38a475679241b3a36ab0f4e70afa0187db94,0
54092609a921d9a01ce2ebefd6bb3a27255175cd,0
a3ecc3107124d1fd2a21c6087273d7d2c4ae72b3,0
8d95333a75824afd0675d7abecf3189738b83e60,0
9fe80f47648945830a401c12a88f7e83de272724,1
8e62868d5fd588886e755126d8574a9645bd3d1e,0
ae781c14bba6091c265d9e1738674ee35984dcdd,0
9ae1b66f488be325a2d0589cea4809f7f842b02e,0
4970d821ff35cf72fcca8d2feda553a6d6bbd77e,0
402b5a7e23962fa173dc04324f2c0118743d9661,0
6a5fa49abd7ba0db7e8791eb355e1820ef7f29b8,0
617fc2eb8a2f1ea2166dde4ee87cb7cf09c15c93,0
414ee27ee90381a8b94500d8e0ef44db2d7bdfc8,0
e2c62e8b15f47c7f57df027747b6159d9175531d,0
a62ca712f1892bd13f8e80b0ed63941fb27d693c,0
fc67106b33d706fa3d87cb9a20015562c60a6777,0
0843c1f3389d4a8cb515e902f14a5ab1989f11c2,0
f072f96730495f67a2775312da00837446451647,0
d3ba6b0cc6b2601e9c23a705e0bc049b7a7a465b,1
ab0b11ca69b7deee8cac7c25c0df617b3e303221,0
6a7c0aca2475162bee48555ba0f12dc504ba19b2,0
d633d4e50ddb5ee125183b98d9e2c27d15b10778,0
f875f876858b82373e0f02229de1674c142b85a9,0
5dc2564e94aec90dacbc522946c5ab8468701a4d,0
2edf938043da049f458c4519aa489b647d986740,1
baa4aca3c624137cbdc1c9cc8c560bb3abe7f047,0
b32833063cbbdb898a0ded68cfd827bd828b531d,0
b7d1d8f6c3db19edd5b07382a4bdb18d6de9f02e,0
b39e9a2361acfb94ee5f46db440d2339d06a3050,0
b00413768dff1a21932a180e93bb5b5d1282efc1,0
1b8160e8069a8cad3cbdfb45111320e07ac9e344,0
71671efc09a34c5545c17cda9417cda8214f6565,0
4a3e8f06ae882cb87fd7bd1866b42930809a04d2,0
f0da827e4e80b86af0ef7b917cfdb7e3e21a247c,0
c8d7e23a2210279de6154ec4f1a961278059b51c,0
4d686646fa34f4eedd6fb209bbd16dc818b06ed0,0
0f8de3479d553197b0b3229fb6d35aa8c14fb6a6,0
716041fe5810e380a35042ebbe94acbf4fcaa30f,0
d9a58a38c72043d061167c333a5d168f723bb2ce,0
acb5e76a46db77c0e2baa362d9c918d9a33927fb,0
c95e0c02c8f77abd344c1f3834a54b45e48f3e5b,0
efedbe0dc9b1cf5faa2b71ef5fbaa8a8f6b99997,0
ae079ed468dfd1b47a0f94979fb787f78decaf2a,0
a2afbe275ab7b7f5a36958da4433892fae7d93f3,0
799110aa70a51504d236b2e22535f465cdadc235,0
72f7b086e70e45e516f178b4a71b87134f54991a,0
b2bff59a3845088c0a3cfb3169030e3200667bfa,0
fe52d9d95e9acbe936f5731ce04fcea5c6c21c21,0
be597091fcac88e72918e91afbb731f86a0af25e,0
3e09ee34d0c76c3bc44ff1e6b27d829fabec8213,0
01667951d4b14712fde134e15a98d423575daccd,0
13913fe54c853e45ecc6b53677d4e9bb83a4dc7a,0
2e9ecc229f2e3af1a0dcfedb96af5f55c16c3f1c,0
0543855007d071b717a2b55d289512c36e96c0b3,0
ffd8ddc7be02816492fd49337c56e5d7003de805,0
23d2fb3dc7d2a12ccd04d1a7fc06a8b8a3fd7ae7,0
cda5b9da928d4809f479b714990899e9c8985162,0
ff8c08feb17cfe9bdaf09a0ac91630f1f6933e5f,0
81ab102c75c38dd5c4218ec6dc3bdea8cfc0db03,0
56fc4813074b4daf2df4b3ceb99bbb6e119143f9,0
4fc2a3a5d06dbb77e24c0aeb361e842b758fc8e5,0
e2218022ce150456a83575872d2a57dce8d48d0b,0
c1f61504f79543ad5bebe2ebd813494e2b6f23a0,0
2ba221ba8c90fbb321a3e66d5e8fd31874b89497,0
32473f9e3d809753247318a68c39a39413c88ea9,0
9360c402fccca4fb905db8e7ffacd574182681bb,0
e1e5eebf0564798b226ed5e7893927a2f03b014e,0
0b30c863b1d58eb32416a688d387802571bd292e,0
7c59b3aa8dae5b90d31ef6ae5bf944dda839c3e5,0
e902eb6605afbc0551cdb19f84c17d3f4a27d954,0
ed873c64eb841bae0916321be918d6f38ffed53d,0
7ed4cac797b6f33ad1060e1f6a41d578c2e4b1bd,0
f59cd6f158ce678ad9814d14804808ebe1f5658c,0
4a5e721387295577ce36c576d6f02f7ef156b25f,0
4d37e8af12bc591cdcde7937da0f612a243a65c3,0
d2105549093920e97b326180ccc42652cf947b45,0
37fc6472ef3de7a95987277fa605b907417df5e3,0
198dc977342004e1a7c0b464932ae207dac4a7df,0
fd64f0726400ca105bd6d1e7dd7774d7364cbea4,0
91a0226e02653b9db6441e702c221f7c1cbd581e,0
f9850e113033fdfcadec7b099a614bf8cec203cc,0
ef689f52ca34700178b138911b1bef544c5f5c92,0
ea63877fff7bcaccc99a17386856ad25de22879c,0
06bada0af43585f780f37270a72cb85fa50e3851,0
818dae0cd1be9af972eb313ea3bcabc647f60132,0
f5b160af5d5a9ef4e3cda5d0857d891e2bbf9a82,1
d714ccccef44ffa60f2250a39cae4b410746b5cd,0
d82860cf36e026dec38a7731364206c7fa5a5a78,0
dac6d673259b0df26ff393d8f2571ca0b2cae5a5,0
1215132d4ab115507ce790d6be6048c0687d38b0,0
01428bd691e90146f3fbaba98385d9cba904254a,0
fffd89cdec840eb373a70f8245ae79b6f20bbe44,0
f2ba6e184f99d16e9657848b884d30cf6ffd6e2b,0
582420af933fe7648c7b2f5b262f2351fea60aac,0
3bc5fd0ec4c5a83700b1a984c8394ee6127951e0,0
3dcdb8e3dbd07ac47ea94dfb76ac8a5dd2f0fdd0,0
eb7669a3d14c8cd683f62b573da585aee9941a31,1
b1455799a085c130c55a3272131d0cc888347ed7,1
3df262825f202497619b4f5ee67d9323b890ec1d,1
3a676e6bb9a45c387cd57b5040c35d1597a6d11a,0
e1fa68100b7b1928581fcd1f582125e6b0dba172,0
2a0c1ca70dcdff4af10da4ee6c0d0eea3884217b,0
c2c95ac4c93d81d736108513ef78c5e136aca787,0
9eb56439d89343f95cc6b9c1b4f62b7ec59a1298,0
7c2bbc24cc0f063589081f67cad40464a4dd9d2a,0
7dd3f6b5220745024a9485038c5b60a0b9244c7c,0
66fb336de8ae895015e8d2c034be156680790f25,0
4bc6423e0c089022d6c5d1bb40db2075854d2c84,0
74745c581a2ed1a1e74d1b8bce2b6b60ee625223,0
bd97a98a2f9509230949c2f1f83160aee0908687,0
1a920a459b702cb49dbc99f5c2a14181e266630d,0
e0bb08cabf133c8710068226ef03a72d25e37790,0
7459fe1e2fcdddeef642dd6fe71508e6ada42821,0
6c1fa444cec14c6967361d8eb808af5487f3272a,0
ddea77dc94804ad94304dfe63fe0973d4caf5468,0
ea37465b577e26d5195d063d4049c741d422d0fb,0
7f72691ba3dbe48326c38098907d11dcd992818b,0
472d7810376f16090aee30563e6de94a66137823,0
6373993deb7555438953dd6826a442fafdd531c2,0
232215b67b26287cacd3101a452d17095ee94424,0
7ab1f2fd265d56d1dcc95a0ff079c7921e3e295c,0
a40279d3f1354bf3d99312be7da434016aa2a0b0,0
c8cb81e5e3f598d977c061f470aa8d6d2e93934d,0
d3922abb9c4c8808c18d6a7c8b51e93eed53124b,0
de334acd3ef7911511550d31b0ad7a04428c3073,0
ef7f70fbf5da18b95dd42ea8c6c5d1adc858514e,0
b080b84a0b8375e788e5b471de50d6a48859bd67,0
2a4f110296e363f5ee14a099c4cef47b2e27c6af,0
b174a4116b7b650653c4f2b5e1fc82f24e8098b6,1
974422b6fcafdd84e62103c359015d90c3c8a5bf,1
cb4dc708728a44197b60051abc5ea417021450f6,0
a77301d438a5cd299ad1257cc5aeec0a5dd2268c,0
adecf9d07bd89096a55a1bdc69a5ce9412eaa6ff,0
1fcc048c2c08161491f35ce035057b1c4601e43f,0
505466003865a78eeb99417dabcb99dde648ac9a,0
3d59de5224759c94945e212992b9944ea56227c2,0
bfb9fa0b1ec3bcb27007bdb12e9b290731fcfcdb,1
6b324788ae02a886759e1a74e13c036fc7fa1e95,0
3a8638ccb03bc4a144880a20466764cd33d7e1d4,0
2fc80501edbd1c2d49ffcae87446e0b127fa87ad,0
ff86be2c69ae1c5aa6aa9048120e276d4c22b50f,1
7c5cd236b52cccab055a66753276ae771f76f6f5,0
f956b32d8ff33378d90b362a7790a03701dc7955,0
6d45b6907ffed086ea5cc058018908c6a18325ce,0
f74ee8245d81f3eb61c1e0f4bab9a5a98a0e3c8d,0
f9dc3c09d96ec82fbd035bf68ed4705ceff6b621,0
15254a6bf12e65cfb486ace7a6b0bffc968b1227,0
e3e5d40738869a8fcd11d1e6abf071d81f4b69f8,0
7702a282dc0c89cdbb49cdf6b22c42ba91262fcb,0
90d0643eef996df35b21468c6f6a7362794698ca,0
89984939f5638b9ba44c812a35e17e9924fd2e26,0
42bd41e56593df017620ed1c57b0cf6112a09da7,0
95a33bbc8b7b435cbe9146e82e99d2015333d118,0
2c0ef3f4de17ee3280b3e69bf9ce1145eb6d3ac3,0
5387087ee63528c45acf2ca047c1107df258fe32,0
129fb70486970de3a597814ba3975b482fbc4fde,1
4beb577224380a6fc526aa017146c1b38bb0975f,0
f68544e815096ca504d93e6fe4f35e14f6422967,0
4b3154a108cb22e5fa51d544b8332fa28712346a,0
44ff9ba0e3acbb03f6721cc568eaf1d8815b7a8c,0
991010f4191d019c0d150145f72312344f70af38,0
61c06b575c46b0c88d35af42d6d3b3764f5ec4a5,0
3dd5fca256f0854d73104dd3d0434683dbecbfce,0
161df1e9e9b3acb86dc6fa90977ff890c1372ab1,0
f90e18b12fc36c1aa2d37873cc4236c4bae5d4b5,0
bc7d09c2807e40ac85211d2b8c81c7a8d93960bf,0
429734c9dfc1ef699790f37bb33a445cb719b192,0
b533bde9092f4ca8b828555d868153cb2ba58fab,0
f283718e8893ce808fe26a9a5d679543c132fdf5,0
5f24280f56620fc7b36ec6349a484c1d956ce7f8,0
10c3bee1162afadd601f7f3e829f77ed6bed595c,0
16814b03c22c69df8447bcc4ba1cd2dc67da9376,0
78b44743b37ef38e48f77cc54b770649bee6692f,0
ee5b9f5b49d456ff243cb714a343c235fb532ca6,0
8c675c9a56dbafe3a5a8afb2627471e116a773d2,0
c52622e2e77163ed34396d4b5ce6d7f0d260fa81,0
3374ddbb2b62ea4a013cccb60dbdf5b8700af800,0
d2a3ccb437133eaa5fd0c80c4e14cbf137cb4dff,1
d0d0660619f5d4780c5fb8c86d68b5979f85d229,0
8551dceab84885c565121f253dd1503e8c666f8e,0
ca95d350b31b7460d92889cdcad48a76da3c40ca,0
ae25ff9237ee072ec88e11e022c907bbc80b1ebf,0
448963507335a6d0b529d8da3ab4041821011377,0
16934eddb525f3930cbc3a704c467d36e42b6af0,0
f92f7c4ffb3cfb0a7308bc5cc4e07faf07404e28,0
3ecf322f71f7576c6e27d6e1129de2fae383b2c1,0
c6677202aef347585212a25e736c811189927569,0
b0eda7e196214b7111cffc53059fa038e0fb7635,0
ce6557baf4f9377c17bd28c860c20c262277f2da,0
53b92ee37e8d621df252c4d5d331f4b6e4fa4d86,0
020d708b32e08689a3e8964a96a141d0bfdc880f,0
a80d73b44f66de7c8338e51947efa06bb259cc4d,0
900d4f7160eae5d578e484def4ae0be33b24adfe,0
390cc9f7361aba5a97cda755bd2fe0b546a7b096,0
985bcb89bc209e82468efc3800722625003c14b2,1
bd2181cd37d3a43eb7b874470a88fe0fa50774a0,0
bb2aae98f3cd72750ff49a1c397c00dd25066d56,1
220d07edd0ca96c0304a65d2dc0c14e0408982b4,0
b41650ac8cc2d5d6509a1e11a4e78f6e31df78a3,0
1a0d5efff05c5c23758e07d1049684271e75ed6a,1
874f122018e28c47c52b40f794f11c8ac83a7018,0
a63b187d10fc5cbe4e3ceb4877b0c60fe4ed2436,0
a434a5472e6de114a7ceb0b9cb652d346b9a4064,0
eb7b592f07ff5f0b44cc55b3095794c65bb8c403,0
9ca91b2730f3f9bc165e3dbd33753a0d13c37253,0
88296f215abd2c26dd1b986a18f9078a9d73b914,0
55c43b92b37d9eb64f2db2ae16d57fe2b844637f,0
2ca6ae66cc6e4a8db16bcb1f9db617d784b9e1cc,0
9f98ccfd92933b39b235af129c5354c13d2d6fbc,0
a54bdd75e5f2242ed00a9e71789bc16c49be3d92,0
76b9a91c7b4d5bb3d595d89268cf83aba086d0ad,0
81f909227a043c29271434572051141fe78e7867,0
bbb0cb45dc41de2784beb2912027767a92d962b5,0
bd69f0cfaf6913e64a5d35cfab02dfb24e29826b,0
71afeb4c68281d594242fd9f42558987e69083b7,0
331319bf6ee2233e7a27f0440ff78ab3f48334a2,0
92a41854ef9088fc184c5b7822b684a1409bd974,0
f2044dd89d1ab27298d61e8d327b0e98e645882d,0
7f7e6362ad5d7393586783f373b96b96600eb48f,0
8591155b745eaff6d33c055ff8b31185b6633a1b,0
f2ba7b146a5dcfdb6a0d2b32385198b06940b401,0
d98449ba54e4e7f7d4a4f264f5faabd7c7d48670,0
0e4fb28f34d616c2e88ad17712c0a777185c7bf2,0
988dc559ef734a4757b04692c1c83281c507ca21,0
bfb3ca62b1aaaac9689326edd145cb849189581a,0
19d7104d0ff34a2cfdd7054205ecc1e7bc3ce68f,0
4fe1a783cfcacb1eac7876d26eb449180fa349a2,0
c1fb9c58bc01464077b6428bca0f085d46b7ddef,0
9697f94cc8f8b828bce0899273b72a2631f0c48b,0
ba7471b80ffe628f72815f1f06ac2e68995d726b,0
a4e70b8c9f313dab318fc3419a648e9cba487ed8,0
3501cf7533c9ce550956350e2dd45fe023c1fc53,1
d1e1142f39d2bf2e97080f4fc113088bd967254d,0
f8466b7eed670ca9ce62da9fcfe7f9f079780dec,0
7c3aa1dceea170144eda8812d820a41a16151a5d,0
f3f7bbfe3ebd476565e2a21ac7ddcccebc9d979f,0
13b345da39785c0909f941cf45aca35328889fdd,0
d3f8afa5f7772e36e7433ec963833590e1f43f30,0
ee468711634a7762a757032c20df4040073cf13e,0
f1c27cbbf5f552d8e78eb86af289c8a43d3d5e03,0
4329c8cdc6a4727609f753423b87ac92141daafa,0
a03436764173135a45986f088e63710509aad08c,0
1244f3bd2b15611eb374b6adb33f9d393a66c8e3,0
ddf4dbfb12d29c3288f38d501b60c9d63d0f83ed,0
bf61723c1e0d5af3d6d98bed3fa196b17008040d,0
7f60c85088edec3b1359cee27bbf703b4ff2d539,0
d07501f3575eafdf88900e9f84d8c67d612e7517,0
26ad30dbded34c3ffef8367608bf8415809c054e,0
5d1803adef3e98ac104151ac9b7a6bac8e00377d,0
009bda0b4b258f0b7e21a71e916632902be4a60b,0
6acdd4736820781e739aba0f29d9937ce4fb6a50,0
b4d81d883d0a8b29c6353fb5c1c5f0fcad0cf1a6,0
0fc2fa4b14cc8b5ce07d1a1378ad65b59b712c7a,0
a0f37fe62d89cf475f755be8a71f685fe7541532,0
2e4acfa5392c344eaac0c3aa0c05e49fd3845ffc,0
ec7ee3682530817bc3fe5b382526d910c5f9da8d,0
fe6be338ef004e3235703114458f9b007494069e,0
066e99f0c2597e130bfae887cb113a084cec09da,0
d7f1c05da6503db38b3e632fdc9b0613c35def63,0
8aafac4c351921956a13f30810bbd8c39e3cd1e1,0
7d0acbc0694b867e3f4fc7d13e98be20c38d89d9,0
ef98ced84370aa5f77b6acea9addb79212ebe518,0
e6b511c3f07446e81f1d81cfa72ff3afd4cf89d5,0
47e5b9a2cb2cbeaffea0fbbf3b30413aa4e7a73f,0
1f8298ea59f4bb188c44ec899dc8ede01d62bf1f,0
a5d59889e78592def430256d38f81be5bca09506,0
18987356d56f0dbf1b75c2f4b1e6376e7cde1a9c,0
4cc2a2e22d9c1088793a473fa5267da13d666f01,0
9b6c3bdbc59097b1a06b98d30af81c80855efb46,0
7d276aa315d539475cfb51f2fb9178f908bc0c2f,0
0ffdfbb903ad68ce46c75d8ccd3538f6990a6358,0
655aa5ffe5ac04aa6758dbfab8642ebe9d2b8c59,0
e30edc7babe3b56a562dad745c27974f031f14a4,0
38ef52fb34376f7923bacaa299a1790337d1dcd4,0
36c917931318494a2cccbc69bd762b17cdb5743d,0
5116c8d471f73aaf1e08f82a5fb1c682dc7a5878,0
70a3a3e5e230301bb53d46068315c0f2c5e91478,0
7afe9579226225f8fcd7b7cd0639930de5c24253,0
d17d6432bf64342de0bd1b0a15ec196e73aa1bd7,0
da966988f156513b2e1fc07210a025bb927a3a8b,0
6420a4836508892c93a8ce4d8d55a73700c2b9f5,1
650f9b43668f197e1caf22862dfe54c427e7c8a5,0
08ff6847689c4ac9c8e286ffc228aa559a4950ed,0
5def89b046878f377cdd467383c4af172d440314,0
b080d7c9408c49f0f1880c3c49088f14cd8d814d,0
7078d44a03e841c3cbf9c5a07f21b036ea1cb110,0
6f87a227b43c7945a0dae564d57a0d61f9dc5b19,0
a8b15ec8b07c3b5ec7210a59071ce1d69ba01d14,0
517d35dfa9060c41c6a863251c30a70c4e2d8011,0
f70e314bc8bf2a89aa6abff8996a518e790ccbbc,0
be903da2cf670f0236374dcaec7c77b05b4947b9,0
dd1a29b77090762ffde86b35b3e16e4bcb88e23b,0
399b7f5c046bca4bc0486e5f9e2ce866329f0e50,0
8a9dd8532db98046116fbde8c549ee58f6a1bbe8,0
95465ee1e81324dbee595178e36404f4163e5423,0
a14e0ff8ab3bbfae9bdc3503c872d27fae90217e,1
194c59a0b370fab76a963721a81b7b153113cfd9,0
473e64e0c05e2311de41d4784447c756ebb21e53,0
eb81e2ad933253889ba2c7d37efb827d63d80447,0
a4054e6b3b0300246d876d19c804149fd5f6199c,0
250d38ce706e08c33fed7dc26b85db7b04108157,0
77aacfe5705857bae88efc86201c563db4ac0d95,0
93fec8f838e967a45407200a44f30c080021338e,1
d8e77281f577db21eb78a5bdabb82c238e4134a4,0
48438732f008103f8698e1ce2b0931d0c72741ec,1
bdb0f497f1bdc8a755ef373a080258f3191a6f5f,1
50838214e5edd0c9384431e0133fbb20a84d09e1,0
d2b707186a766d468e2672476856a4b1387be1fc,0
31c2c3b71c3e5259155ecca007cd2117384aad35,0
4c1a1fe117e5dc3d43ff2e6fa02f22ee36e77911,0
c75fdf8c52ba691fde491a2d631b060c0fd131fa,0
74976cad925f1aa7a7ea2f126a97371c4cfc2d6b,0
0173f5f5691704215d1b359741bd8735057f2e09,0
932772c265f3853ebc99d9945f48ebaea6a5afb2,0
58e79a494885df427cb75a5e0dd33e0ca1568c5e,0
f374daa2467742ee08d66358a9258fb3f6d6e849,0
86e2ae8ac9d39b7913933837a3d5d41052712dd6,0
73cca1484d35fb9c9aa98cbed11ddfe894755873,0
9d2c17d5d21df3102d169ab439d6654f32a3e7e5,0
b874a4353fa4542f23cba8a71361d691d57684c7,0
9b47c6e118054d118bdf4ef3823b3b1724e33865,0
4118873ffbc00639af065ebab277010579760d95,0
65d06d0d98e4dbe624e479232f5dc5d135ec7337,1
66c6042351ce6944179f32173befdc0415e0006a,0
289ddccfd20f09fc05bf8bfcc2ddf9870144a6a9,0
61180e87b0a8ce9ed7088511e6548cce36c6e0ab,0
99453cb077ebf9b8f9095def2ae79583c155169e,1
993afbe8a1308bc0178bfdfe002e429f0306b0f6,0
5f237d247f2160f7487e89593b53c68cbc989128,0
d59e8d848fadb4e353d8fb5f3c004968f4b41c6e,0
bcb1d87ab5ba263f9b7fed9b42a81f5a28205c71,0
556933b812cc68d8e1fe2d6a84f4a1c83c6b2cd5,0
8c6b44cfc9b5cc9e3d73528c5ed9ab70e7c23318,0
5f7cd0b348f0562c6fe7c1844a2c5d13fed775b5,0
5161ebd7e52f0dde2af64bec4d6e86736944eb57,0
d931dc468b14a3f8214867a9539bd83012bd8842,0
6e42e96940e3e7c6040bffd6e95250c6fbbdea9b,1
b114bc9cff2b53bf387e64de14946a2f23a560a4,0
b378c44a4d427bb8a5c40c16b07d34124425912a,0
bbe563ef9b798b1cf2d93d2c19ff50a01424c1da,0
363b452fdda3dc92815bb15a1eff6452d1de15ec,0
c3f049ff73ab241c19acd7ca80c7f126e1c0439f,0
a2162b0463da23eb3c82210fac5d5d9ffd8be293,1
9c09b65432b29968c1f2db95ae0a8f6bd6066249,0
f5dd10e79f3eb2523865e6ed3030f286df0fce6e,0
d89bb66de153c1a983bd19d64d50ab6e6d14d0f7,0
a42a60f046e043b5bccc4404b5833b8a184b43dc,0
348083fa325889caa520a1963a68fa3c8fe5ace5,0
da818a09f12020b36e62d67ea62d41825491f7ed,0
055f1be7661770bcad0d42e1202d751448cf000a,0
1fc9cbccd8097b8f28415375e3157b755b9436b5,0
54e16bfd1c13261c33faf4f2f5246c9a3bae35ab,0
2c5307470136c3515f606c108d80d77b216397bc,0
3df4116a0bac2b14275cff56dadf6788f3211b30,0
f0f7da2f5f548468c4dcd3f21aa097f9c2c98937,0
760ce23747997136d31cb41b96dda9c598b98d63,0
e48def66e18f0e43694cdc267d98048facc12a90,0
000eb5444f8dc43d46428bd88af33f13fad3c377,0
5ced15f3be5636974787359cbc34bd18e99f1c72,0
272bc8572947b2979ee8867792da20b1cb8b1f0e,0
49ceecf9881113f86f4759dcfda99b5662db94b4,0
fb3a8134653943f64bb0adf2ff59fb7c4ade60d7,0
1d5d2d07bfa944502419a27fe5420bd67ed85510,0
6caa036b1f66f15f8e19c39ef7348adb22e6eaa4,1
8946010f740680ce3c258f7b51104719f8c9a0bd,0
fac7a70bbb60150b1c4f7f13ef9a072661cb8b93,0
20a380c5ce1d421bdab5060b299b3543a18984f3,0
0aa6b14abb09c87bfc4b682817fe07238e94ed73,0
223465ce7f4839fc62bcb37e077d68ede2fa01c5,0
4f76da77604cb6637cfcfb9969eabf7de82a325f,0
3de0b3f6bd82941740a21ade8184ecd446d79748,0
02e2846f465d5c5f81834beaad262a0dee410496,0
8ba4d5911fde579e0df2ab97c9bd05112dcaefde,0
bbba65b661f05b40d089a88cfaa7bbf3c3a61a01,0
e4e2b3a965b25f8984e0c55cef1aae2e2e902a34,1
4c1bd8565c4a585a7757424ce90743974622ebfa,0
c56111b619f35ead450f84a2f197df0c5e8ca338,1
ff91e17d12027799f5fdde12dd6f6dc00be6f064,0
5193ad44732af45e51ec0879dedb26dc5de477ce,0
e7aa57deeeb0c87dc93c5067b3e7ae9dee17a595,0
8aa928be7282494fdd0e2cc723fdeec91cf5ad6b,0
a5f0e1c081f4f08066b2eb18456abedde4b5712f,0
0699f8210f9794af891861447e5ecbf67485af3f,0
946effa05008042a8142b408ae79b595298d5355,0
88d858d62dab2a6794003632dc1b05d7cb8bc5fa,0
3c9b60385a4da7d879e911adeb7548e001137b63,0
9f6757c6299532d17bd58eb478ee895fcd6518f0,0
791ec863c723bf7d5935bf43d588ceff6062e4dc,0
7b59f141c9fdc2bf87faf7a406f6976b00fd38a0,0
1f79993b0b435a77f342c87d69734ac2d543ea69,0
ec3368f643f7bd1d1251e01c4bdd9ae6c8e86846,0
5fbc07e0d17c07831f58950243a4546844228ba7,0
9044eb589a131b6ffa9403ee336489b73c46c2d5,0
6218447eb3884299adc4908a820ba55834128868,0
8cd5ee0f80c5cbfa6ef44fc6275db260f5ead166,0
aea5c9e4b7238d5e02fe01ca8cb6dd04bc55d049,0
f30f1d772093794047d18db63a7ba3e31fa4a52b,0
0cda6127a4bc86642992e110d7e3eeeb22678f4f,0
0badd85ac2dad85820d9230dcc65298ffb90dd48,0
11844995bcc8e6fdf9c27cb29952b8227523dfd8,0
e62e1f14c70ef795f1f679b1d733bf4f38cdc343,0
527e47a01d06bf2e559d861d144b8a0c7c875a6a,0
5264afa756adb4d1cde7ed7a9f233ec5ab69cefa,0
29c1aa94d05218fb0372d2bfccbe3e3966857be1,0
2135089590c92e5e8f76b8944a1009b12b507500,0
580dcbb925e0ce4766f7f2fdc486d8a5a1f663b9,0
765f74a49e378ce49646aa2588c3ca7ec5a096af,0
5f0258f076c0c4b16273bf9ef42a7ed9b0a6a308,0
ddbdbecf821bbbd09dcd9f9597f45f239e315a34,1
ffc0b0507ab0314a39bca7368fc4fca0e32a7d75,0
65584993d76c90b73d56d8e94a0dea96e3b3676d,0
d879344a094235475e859307b4e0cf65199990f9,0
14cd7631979b824676d03e3df0633034ffcfda7d,0
6908027a4a488245f50b07a449991a80f6333172,0
8db5fcf6af21837957dfeb5117d5325e5b17d15e,0
cdf5be92ade81b98dc5c170b4a8cf781577fd565,0
38bedfc13befa5c022c74fe997b4b86c2497242b,0
2dd59b27a304f8f521a5f918245d7b31e4bee824,0
7b71f9cfd4896f6a976c16b0a68f3d2ef5924bb9,0
f8546310e63f3243027d8323107c12f38db78989,0
536dbb4583758f9b92d9b79eef41552e1fb94d92,0
c248978439f3811fcc1496d44369afe03e62eeb4,0
6f9ae51d9db20427e494bb7569765d9bceb87184,0
eaf18f7ed021e3213d18247db6ed9dff85f89c86,1
849687342535213935eb894ace2994b33cf50fbf,0
e2c1f9ebe35be619b857e6d50117d0e83eca0ddf,0
61feda71c136ce3d91cb480914a1c3cb1fe5ade2,0
ffbc2ffbd1d8a46073ee78b82ecec091a930ee07,0
9cfd440536a6872a22189843e1fe4523c37de9db,0
c691acbcb7560f1bbdbe22cb205dce2c58e35cb1,0
9bdcefa3e5435ae27f496a0cb222f0bcb9145d86,0
aae2de71b4076d11975521ae5e5a8c4468f423d7,0
a89a3ff2650f84cad5150ec669c799827d13648b,0
8bc0af030fb4dab942474d550a1ef277d614c8da,0
c2d5417f06764b842f5722837479e3d7e41250c3,0
aeb0440cef8741e4137572486799bc329726b8e3,0
6ca42ab013dce5984f8c3c9f7d215c67e54e5982,0
c926565feafde5fcf88854032c1f5893e1c08cae,0
09b63b77befbb921ffde3f6d8cd76ba97fb6396f,0
8ab2281d7d7a7dc39efacb979bd6fbb21d72e3c3,0
fcd51a6ebe4731f90609fa7585593e5324f4763c,0
e36d5dda1004219ae7e17e2f4a3e449f97430d8c,0
aa7b08c59015b7db497502f6808d6253c8ed9041,0
2bf774eec89bc41360d8bb3316885bda7e78c07e,0
194ce11a487fa8176c04e74ef69ca37ea74ff648,0
79e110f7b39c67a076656387a6d8d4e26e9c9d1e,0
e4d3161ffbd382e7389e2607864d6b866ed6e4dd,0
ecd4bea8daa4cb36c11025e76671c292e736de8a,0
310a34aea20c4c0ef8ba709a50d0e0722c1818e3,0
a78939d2d573ed7691b6b236f4958fd56da2d132,0
7e5e8a8cd6a1dafe0ac6ce17ffd9957ab49eeff1,0
eed525b5f8c65a43bfe9af7e99fda310d37d7253,0
922a2b2d237847c8e36673087a448e7ea8c3c044,0
9251c16ebb7bc00fd0b21c07616d11290edb44c0,0
8df5f7ea68e252165bd17e05b70b4f14921a9860,1
2a6d93ba9b2dd29cdbd55408f053bfa4d62a6f2d,0
6cdf8bad659adef21e66b0f5f3c6b68c50c577cf,0
5db28430873345dd78cfb9978b16f082e8c8597a,0
a731660997022a7af5ca374af30858b9da100d63,0
ca610d20387c09802ac00a161da3b7ff36ff033e,0
a8910b198024a6c10d050fc62af41989a82fbe49,1
300b54908405e5b70e2e047cd1806291e0e1504f,0
62f3cbf1375311680a8d2b504f94efd0eeea6e10,0
d7072d08e96822f1c428996e1826d38e94223501,0
a8a42fa58da38ab23b3be4f5ac3089a1f8a0369d,0
fbbff862a14649a65c4e9558b8fcd1887e7fd901,0
7a8805405267a86c9f6fda6f296b4bead4f98f76,0
b3e6e5c30f10fbb5199c3ae3a3e1ff67a3237bf9,0
d636db536dad88df37b583175c21d6412a0808dc,0
d55958d73ab66605f7a18bf62a767cb7c1ffabce,0
73eb378f7897ee6c4c7a08a2283aa07dc458bbdb,0
f9547e4e61f6f78feec5283d479989a83b865f51,0
bd5e4b0ef6fbac535637430d8a94a57805e4dada,0
0811ca465f8d49ffd658942fe7475fd55f67a8a8,0
9094cf902adad80f6a2522291287ed21f9f448fa,0
9745ca231c1ec4c2806f02008d7810d7efa1c9ec,0
4e6ef29384d2ff8c3e13f4acf8a37ad8ca76fe03,0
efad3a3bd33f21a240f47b671827c8c827760ada,0
df006fefec80b25b5e848fceef3fa96b451b0053,0
686168ba5262eebb3ce4dd3f0c42ece8e8ffcd94,0
1c61605dbdd9ff82bc2ce70e6e34092df2c432b9,0
a504bdceb2a0153d15b15644c9d0d863a426faa9,0
5101fdb1169235fcce8456d7b83631b3b04b9119,0
2f8a70f961f45a2417572bdf5d2db952db0ce611,0
236215f605a3fc0bd67a1d7a3acd3b65b77455c0,0
5dfe45e1600a50b4f0b507c39489c444e35d9a7b,0
5738dc074c07f8368ec5d626c665d86f5843a8ee,0
a8b0e6f854646ae39715339474db16db22542b69,1
a5f3cc616847c53c6a4acfae6e14e6147621e26f,0
ba14a86ed5e1029285baecce43300e066015e44f,0
c6feb98fe9f34e8a6d25d4095c6a23a33d7ce658,0
9805a7023d386e4c36bb06151930b8ca35a7d927,0
4163ad680f08e1e67b2afd1060836edcaca1198b,0
847e8fd622adc7d24ed45758fd893827a946e2ed,0
d4ba862b74ee141ae19f6556d424b7b2c2882fb3,0
9f3f98ade68f55e708fecf65f57d00165e0cfac3,0
4f6053957158bd08185b9392d67c0a44f1202e89,0
ff7674fd5216860d27972bdaf7bdec3cfe6fc61a,0
1ddfe7bbddefc755f81f58b6438ae6e4c877f47f,0
0d08ff85f1f83b9fb4d9825a4a774714d3b87d9e,0
f7b3bee0df928018fe4ef90aebb544ff1c6215a4,0
67062ed058f48b8d58471da4f9163a06bcd50f81,0
e343e42bf8b460b49e129a572d03914ecb890d20,0
4073cb321409eb7dfbbb017e2844fc3b389ede20,0
0fdd1130d93b69f41559c026e3d813fa4bda1a23,0
255c4ca2ab09311fa79b2b677ce710bf60b57897,0
0dbdae28049a43739bc7a1244552e0e3610baafa,0
d64dbbc779e64b491f3591498de3cbeb4acedbad,0
10a41546429a855b995759a103a88975bd896166,0
d45c575a4966c6a9d14a4a6c11635b0918398e0f,0
f389feb558c5387bc74f952feafd93b278ad36ec,0
d1a17520acb95a12f97edf4093927178acaab0ac,0
4db877a48f1c06812ed22f67e085eebb8133e7b2,0
95c9670d7769d79886df330df3ea0cf12621d32c,0
5ff725fc8c68b26b60ea5e53114c50d6fb75fc1d,0
da44d95dd3851c1f1723cd5be18d711e6b8979a9,0
91891f6bed09041fc4a43e4f757699946be4a60c,0
6d1a6c5021a603e8e3ec1141deb774d40d3ee01c,0
0eff5685747ca687c796be2cfc8da7512b8bc734,0
2b754c96cbb12b2c38de88bd351a75c7ccf3d6bb,0
f48654c05a472540e2151179589e69499f002eb6,0
60e8bba9521465a3835259c73ea0165805fdd959,1
28d7fb6f4127d29dce2f4803181e8a4cad98e20f,0
7d196fc8197270ad40448d8423646ff47e2323d4,0
2c7f80fe1394b196dc4eea60f9b3608508e2a01f,0
5c108c694a41c51284e39f7bed3f3cc7bf5719bf,0
37e465d94f2a1f6c2f07e264822d00ed6c9b3d08,0
b8b556c10086464a6a37b0d89153f30c86160307,0
87fec645b825689862dcd114cc19b41d61857587,0
70b688720a64ba8ca50dec170cb6e6ef5a3e7ee4,0
0fae2a27c325d32afb0176175a95dc44cba4b8c8,0
f79cb8c2044762a7375f3057043aa25b12316181,0
ed1fdcc4d8d18d798c6c8116a59ebf5bf6ac03dc,0
f9414462738f98e40c3ba36d8a5d5da8ce7358da,0
8862aa5c338bccc56f1315182eb5b3658df27fee,0
24de0c9fef03b1919d65f32c91b26aa933684eeb,0
f330a13b78380218259af89e6ec2f21978394391,0
2e32f3e71469349de8f06c9496177367c906f640,0
bfd6169406e173befbc0727c337f6199f3beb7be,0
541ad637ca2421295988550ca40065a4c96b7ba0,0
67cea9a4ffe8f77498a34809f75a603b5a80ea90,0
f3c93e7204a0b7ac19646154ba21975718496895,0
0d3b65d7b83824040aa01944c0f7da34dc5c0b3f,0
27f3662e5170f32918217a44251c1d5dae1b2b9f,1
722e7f3d2895a55b36668d3dbd6643f0a2ba4e41,0
88e6fc1920e95917b38102a03f8d1f48ecee50b4,0
725bfd72d8debe29655498d2d66aff1395d65c4e,0
f409d882b0e3a32b0a1adf70e40d97557e6b9cd6,1
bd9074701055b922644d8c7b13137666538ff1ba,0
9e1a2aed48998bbec5d1a6482fc242fa1b2a93eb,0
c03ecbd24d7d3f6c93e5d9c683ad589ee61174f8,0
8db4e901d415615cc728509f12f228c445383909,0
ee301e6815970667bf64e72cc9aa7915c5c7181d,0
e6f4648e4a21ed85c0b1c7bfdb7dbd7edb4ab439,0
2f3200c2e3134df0ec8833945a6294d88bd5dbed,0
52f7ba47d46483d4784127129f861ca18ab7c301,0
5230675f9f56a34cef1f9acec18023e0a1dc3421,0
f8e8a264d561327a21ea45cb6565de2694fa12c7,0
14a1c3d5fd1199418be5387dcabf4bcf7226f3e1,0
37b3ba4499eed36a96d141f15f5f76e4cdc3d14d,0
62f521d411bec2768a8be89564b61e55953900f7,0
d6da1ce9df3b04b92b52e4ad1076c6b0b720e85d,0
57170a6e5a36dea4bae22e1e88926c2ff1c05177,0
7000adbf1136bf99690b636d022cd9104ca2f56e,0
86702e816896354d9560a35a9b4e066a524c6c5f,0
67c2e1e8bacbac9549dddba5bc579d0d684d74bf,0
95c946713e982f096831f63883cc5b73d81c2b80,0
63510937344e4d8c005781853b254f3e67068047,0
32b754429be19134aa0e45374a3cce7be73afeb8,0
194393daaca8adf3c00c8570109275bbcc5b6e67,1
92f38895e8dae051ee8068fe472ec8e38430a4c9,0
6f89b8cb2d2b8527fac6591db2aafd9490ad961d,0
626ad53f7fde7fc2c61279e748d4624b6793d1f7,0
023c7c2b5505fe752671dd9acbea0de36963f73d,0
1c1cce9d790125ec33eb7c1ca64a2405a4602655,0
ab97d3e4c7f86e6d7b003ab0a6e78791d08d979d,0
1b5259932dc631670e47f690246168e714c5a5b4,0
319085c95d31f501adba84bfbc5870eebca87411,0
18049361ff70e60a3f73d7790fe48e03e726d7aa,0
9d9e6fbe19f561637d2d46ab47a696e483dd84cd,0
11482881a50820497961bc7ff7a2f3b1eada0c23,0
2c19d7518e8244f4b5b198ee1f7df28f008f9254,0
339139d394b966c4633964259424897da762c5be,0
92f766ef3f726bc77f1e40fa70a8db3b96dd0f94,0
ee08802a5551e7636b91dca148373f35edeacf26,0
3f4ed3ffe160de5db1c611fff8555c386069d1dd,0
5a07014911da8c8b9639bb86ca7ab2c69ae28e28,0
5cd0ed6befe07b69c9528ab8722ef879a681fc92,0
029ef88f6c197c3bb109fc756f4149c00401cfd8,0
e8a6b91be762ade05a68b3980062fc217af9ec2e,0
1829f0348ad755df066cdd459f27ff9f54b5d382,0
88a2605da69c051aee0ec055be8ae5bad3461e1b,0
b9747b25b0846b580fb00da0e3672167273f6364,0
0987079d3ebd03c6a0821af7f358bfd706fca28e,0
fc33550884d0af3c3e57ce447caa65d227540742,0
cfe8da362de13916783eb0abc563f46cf27b3c60,0
9cead3cfd2df10c88ac0862bfed820224a23cd80,0
f135a245deb779b6bc94bdba81c3513d97c8d2f5,0
3411b4ffd60424a9508ebdc5588097207b2bccd3,0
31816b5f9f9df6ac073298e1ba0a155a8287c8ff,0
710d727a66bc23872124667ffb70e3a00ce745b5,0
758424464a1381a7affe24914832a2b5fde9f1b7,0
97114c860a58ff949c48923ed59720db413e8609,0
7f8725a4824157f36a2869200b22499933ab40cd,0
73334a0340ec16f53af98cb8f08f35c3b6650a3f,0
b029bd63200a9cbc56485aad6cd6a74da8f3f6be,0
46d265ababe017e97f9c60419657920388de894e,0
e5d694e435af08a1c1b8646987f1d0fb3f1e76ce,0
d59ab355e3bc825712aad534b2555bc347875bb2,0
11709b4094fd14e626812d94c57afd3ddd484688,0
202114bfcf2ff267d99308c5dad0c1fb83e6c886,0
e74b1654bac7406e3709308b7867449639d11c61,0
dc44a66f3b3f0f11120e290031323ded281ff9ab,1
d29c82d2438f27bb7530944b650dead61ab12ba1,0
c8db2a92305cfe32df26c275aad1ff0da62e6a60,0
d8ff60a3c962d6ed4898a12b269755ea90751fc7,0
e1c607e47f91cb71edd742fbac1dbf5b61be9975,0
8a15328c463fdca5c3d98bd3d22771fdf0dcd169,1
6f4028f4fa9279ba04be96f872effc6717a85ac3,0
3c39e1d649fdab325e2f507b52529dd75ddb1b34,0
734aa5d6e12f18bd39d0ec709fd9ad9f541150c3,0
1eb419106f9da6d3ab0c7f16505570e7810fcc5a,0
137790f986681d854d13f9790f3fab202a11beac,1
b5c20b2f414639debcf1b795d0a65ce9d96bd0b0,0
cf067ed5859d713c34c1f0bb3f85edd5a8bd5c16,0
0fb5e142ac5632bf482c0314985a346b4327a298,0
d47a7acd47038afc4a12c9c3bb2c5294e5a0da8c,0
659feb6da2acd1d6f69b8ef2314f465f7e89e742,0
4ec1bab545f8bcb690f4586f95f2ca1b025d31ff,0
cb0d3811290d9e551e0a6296ab6c7a523bd67e95,0
1f3dbaef00fe0212fe860fd317d4b8a0f2e65bdd,0
64cc73a5e7934e0e7dbc30d9895b3923797c07ec,0
1244c0443bba547fe37a5d79694f6a09b012a12d,0
c24e99d7457e18015f769eb3c7757d985158bcf5,0
a10c673de3c3c41df9a8cd55b412ea01c8b7f4d1,0
339894361b304aa0fb67cb2ab5a98b84c72ad72c,0
3246d13b6d769c8c9cdcd912b8eb5989387c84ad,0
3224ec20e684138c42a33cd87d52e66065f6f960,1
50ce6d28f06d3ab27c863322114b2eb39356fbaa,0
e6c6d51670aad9946f8ed2403c3319b64b5a9c69,0
e1fcc6c45dfc687f8a12d3e788a2ee0f1f9dd508,0
35da43085bde69a18ec4a8555a5c81c7131e34ad,0
0a7150b464ba779328678d0a566471c24c8ee4f7,0
81c4c9fd3313a8f2fc389f69da7f08911f6c312a,0
13a4bd5f324a4e3ae322ff31c3a46402ad5172c1,0
b6a55f6c6e2190d35558f4bc2c4110680babee4e,0
cebf247cf4889cfa3906109586062acf24a0fdd7,0
709df04326103fc2c7d49f76c97f080ef34c1045,0
d53261b9a8a223300e5ad41cfc5c9e6dc409259a,0
bb67306572fb118a65f68a93dd02fe70044ef8b2,0
2b0b7fb1d055bbd6247892815805295d113cea9d,0
77cb3ebdc4b892d0e3ab90d3cde22b3c8a525207,0
311f49e48838170246c9f09c82b0fb3c6d24c05a,0
0a30439f6bc2f2956056c35bf5da4029b01aafce,0
77a02b00f1f67f251a3b42351fd0b5aabf4c89fe,0
4bee3de3a844bdbf265fa6a198b6816943782d0d,0
75ab6c7af0e96c3a608b8b69f85571a4f296f2e9,0
a4bf091cf2a63a4509876d14ea20ef49770c3b6b,0
9afe438e6736ab161f0ca3c31b622b3770e2a5f2,0
b1dff415000c7ef99a4f088ebff3bd4ae7904c3c,1
b45171789221f6f1fce4914df8ff93ca1a0d93eb,0
5970e07c6c808ec4751574bc614079135fcf7581,0
873e3d225377001fa92e5107584245da516d7ea7,0
e3f183095617c7ff9a997ff3b20b9e2a15f85993,0
d4e1f2aecfe5d9bcf1b5f154af2576a7497b81bf,0
6d57954eb9a477c7841e87a0654e2796bc3be453,0
9ea8b19036e7b32579b7274fbdd254a01518855d,0
cb79982a14b0a0f12f5c4ad25e3dcea9706e371b,0
587d2dbba4d12cc7c2f95cec5f2a1143173b0de2,0
afc5932db0bc5d9c51040465207d70407cfa4554,0
351dffa5c1416ad35a863ec6d76be958f6f0ed1d,0
bd6ea895faf831068805d9162008f73bc43dede6,1
660b00179c9fe2e70180afec670d23cd9b5a05e5,0
b89ce872ff912950d0364d039ae19baeaa2311de,0
f3a9ba808a40ac4e575aabf17f6562bb4c545153,0
52a9dd192209941ab68ae4f403a7726b39ea3bba,0
7b01df44090367e6c4f1822ceef31e85474aa2b6,0
48fe852364d17e375ff8da9951a0ebd9b3e41bf3,0
b89da0e7a70eac723432e31607fac27b9c92741d,1
29ea17deb40ec8067ccf3f8068a77dab6bb569fc,0
c5e0125db0547261e2ce3c2a98ffbf5d817924a2,0
856904a98993f2a450d8450e6da9370c6423fc78,0
6c3ded83a5b113c855721d1db70f7c5a564bb02a,0
379f4ce75a9721192bf61f605c0894f3d9320e71,0
0999f4d6d6e2b1e2de50864537dd173bb8037072,0
503a54a8cd33564e5d7b0a647c78e97a2e56e6a3,1
dfa7e7e818f33bef97841f8afca0a3531bed27f2,0
a721f668e6a848593e62ac1fb300390d6920df8e,0
a453eb67bb959182d6429f1338065b8e28aadb27,0
ff1b583c2c0d2102e5b2b5a3804e6ec38285e4ab,0
c7e9155c1d98873da3b652136cc9d23c17c9b1e4,0
4be3b4fe80aa61943fcf123c204859ddb7b0397e,0
787486303c9d28e8679b4a4cb1bcc8f46ee13be3,0
19dccad2939d50ff5d5bf4cdb2a24fffc3e00b9b,0
98fd0a799e02ae848dcacd3b31cb36d13ed1e8c8,0
dd75b83a1bbd2360fd1927587a3a4c6c2b5314f6,0
6869cef3b23f9f070712fec3cc14463400e20ee2,0
fc7b1efa8edeb5bfd29cf6cccea29e66edcb371e,0
d6953be33cfef8cfbe66907c3cc098f58fd25d72,0
893c727ec5de9a45cffbc2a694ac1367074bfe6f,0
836b37c3df02b6c9ccd71e38cba352494dd733e7,0
d0a59b005dbad0207b0135fffe074fa190a94077,0
a55574eb16bd591647d0c14707dfd9513ea8b1fa,0
2d931f01a66901f9f619c43804f84e1521a0d734,0
7f5e23c35821cec2d2456e8c5d24c398bec7a274,0
b90cb83aa6dbab8854d7e09f021e1207d674b624,0
22ac6a1b9e31fdf681418f67d9d7454781a585af,0
56c0a09c50dc49852d94e9e92ebaf47e2afab796,0
f187f75b54f74572d72e06cfe9f4396d99a739d7,0
e5c3c7ade3f17dad9945f3c7d603819080f23538,0
7727dbff5dbe880e0ef7ac9e4a1e297185f83e96,0
cb63a59c9b83baf0dc23a02b63576823fbc50929,0
6c8ba6631942c6233366c7fddd48338de6608d04,0
358567d03024d899c186ccda1dd35f3cd074ccd5,0
becdd1851b1fdaa618605c6407292ff25bc9dc77,1
6cad87c85dc980c5e9eacddc042865c8f1a49f45,0
e0378bdcd9e354f83a4f95bc58c5662ae46e2d68,1
d9a5a6902db903895a2cb8db6d96515a6440bce2,0
63eb08a2d2e4a9be271d59b02f11217b439b06da,0
e43ec95db3b8e0abd69e61397872305d65ea5a23,0
e86703c32e7ba73e824b32cf5740da39a82c8ada,0
5d3282b7828942132053c473ef1c2902d1a7c881,0
0714c3fecf9e50ee058249c58f348123720cf020,0
afb8c44d2cee27dfd9954297c320eda6ad607661,0
b38889bbf024112c0754bc94c5d16427d5ff2527,0
4bf640a9a7c13fc0f749a3c4a478634f14f6d608,0
3285e02db3d99c8822397bc1c7b91c8e79cc5f70,0
916c2e78d83a54bb5db9a3ef666cc61af82a7086,0
bbdd48e5a38f25c7edd990e0cd870d3789093822,0
0e1ba45528d609b9a73947e290429f0244af9102,0
e59ba6d9b87a61223cc564727aa058bb3382be7b,0
d6abdfca844316ff793a43b630009ae40e745531,0
8c4e7d444056efc7f39b3be2c5729b0fd6d3ae91,1
459490a796f9e24bc9f5e5ed6020abaeb25e9846,0
20bf6b4075a753f40a708f1c71aac4d6fca274fc,0
e42f26f478960074a4faf11be8aaffa9e3a2bca3,0
361b9a2d1f8a8e8a6ee97a9d4e0a017ff687595a,0
b7b7366751bc3758e254ba395518978c1cf47a99,0
2a8610b1efdb93ba46179c06b3212fa24e097995,0
f6e6bcc5bf46ba59e17757b5ff7f6c9de9acfeb2,1
f0062e3a72b8cf1f2735c76ea0252350a6f52b1f,0
f77c466affd320c44e42d4ad7855f80b3478ffab,0
2a876164b1c10891511b653da4c5b4bbc8b8cef0,0
2460a98738c70db0a1aae4629c8a05a929f597ce,1
f318c1d4f4052f51ffa98ef818225c6317d86e7b,0
469d289539cd7672e55bfeee402e48ef54f78378,0
98133f944c8787059fdcea13a1024c241258c8c9,0
a8475be4af687f434e8f048d52e7e54fb61eaf5f,0
f933698a440864cf160e1595c932968143ee4324,0
caf14b04dd2f7cae730c9bb69797c7e8779a8e2c,0
66224f20a08756e2375a9723bf8a6b797ab4280c,0
e72a205efdec8facadf9b8d94b13ef3db44fe3d9,0
72fc822dacb5ad927737cad15d9c5098038709df,0
5afd27e39c2a6b0f544478a113e2cc3baa8b1a48,0
c8a0ada22e2340f502a79c452052d97559630ee0,0
3be92847190d0eb830351a3350f33e2db710c3c8,0
001c8f79edc3a78787a5c3c3b2fed74f7dc5c635,0
f6a3286e8b2cbca09c1d72ab323eecb25bb370d2,0
0b0258add887d867d9c8e09c9b5381543a04b145,0
b5ec9e4a96aa68d25fb9f7d84f5a67741d644582,0
edcadfd67e8a49bd502859a26dc47ba87be3ec9a,0
58f83413cfd7c2ff91f075686b8e7904cc2350dc,1
895167fbcdb336afdbcb84ca0eaa2ec14d2902aa,0
66ba209f31ab9580b4d42f103d269eb7163a85e3,0
7180ba892488e96f073b5ef14d6d66c06776a6f6,0
75f0799c5ef53fa0a0e95d3e02e96cbd87714a15,0
5f8f9736137c8d6373263b6771d25cb8e26d9f84,0
d544f6b464db5e43b1efc260e94b9e025be5a02e,0
bf18832cad44205ec4ced747e47c0a673d99a309,0
999ba13f540c1de3b7c6213e448cb823a1a15d1b,0
58997158ead425ef81759d0e2d2399b3acba4400,0
a069a46d1936d431809a239001e7f8cc2cd3fb0e,0
0c4d30dacc1c6548ecd808e0fb5fd222730c1c89,0
b3f7ca19e06bb4471c2d400693b9fd8e528ec59e,0
ea4acbed9d97af5e6e5dd5f0635ffc64c08816e9,0
5bc517c050f5496866bbfef181a43a12afa1e973,0
ee7a1fb8fc207d4128dd4d4785592ded0e8ec0d1,0
df9ee4971107853eb8216495bad8bea3bd94309d,1
dab88fcbea59ce5cc6837d4740639d2db71e67a6,0
5cad7bd3e631325855d2aeb29f24afb07bcac257,0
8a30b237150b400c1259f2abf0da3eab4e1323de,0
68e8b92e1eef3702d1e9915c447a36e4407ac3f4,0
ad10ffe05f204757f05fab9f9a7e997f1303397b,0
1340d1ff370603e11d9c5b67e97d53a0aea3364b,0
ca4423cf544bd8a3508815921544839a61dbd123,0
faa8d811b82c85fb307305b104f8a7ec9fd7cbff,0
01fa752b2bdc5240ec917c06be7b70d1e44e16b3,0
c7d0816ce9562fbffe684240454c2061f2b0b74b,0
d609edb79b39c1620d0f1b9c636386066ba26350,0
96d82d10013281cbd749cf05eb19c341d66b9968,0
c24020fa82ef162c51107e2bdfd1a43eafbcea5a,1
4187793ad123c13c5936023da176c649a6bba815,0
914371bfe513957c5dd69def7eee97cdbe796d99,0
e3062da234321e1c51aa4d7e708e0911bb0c5bff,0
09c5f2731873f09725801f0ed003065b85a0cd01,0
bb789a6622bacab617df940b0bddfa17ac4d6a5b,0
d9ab8544f14bb7998e7da40c34b950afc792a337,0
9c7109a05a9aa1b0c16388870841dc07c6be4f92,0
7ec7d319275d1d85c819a3403829740f410e4a14,1
6892e2d32655cfea0d7ddb8eb3e7a615d7957dc1,0
60fa1461e81c2642c10b2ef490b587adfa646aa7,0
afbee23d1fad9a426e15308292cb296e8d0428b0,0
0c9d761839813aca7c9a9f645401bd670b378542,0
628c08f7db37866178a1668e40dc890034276332,0
006a194ceeeb10b53dbf8c25109f0e583ac93e71,0
e103a3d449f570fbecf8bba3c8599fbaddb06b69,0
472a7fd99b3efda38d5e6e673f3ccfaa2aa47e73,0
7aab49142411140aeb3b896d8444597d7ea7c96c,0
ed9eb11f46cc40d05b5490ddf75a398caae7549a,0
73b95901f6bb5c2ca4a8b19fb96c34065e474866,0
7f28f2cc5f65864f5cb7d557d96f7e2c05f89730,0
d9c559321d44836f4a1693b050a6e1c34a57f34d,0
40df4a2442f3f99fca323b588de92130de9f59d2,0
ee81ca610c9734f464ebf0dc64617a692a37cf20,0
e2fe61abe1fb694b1df8708c93a7201ef0d121da,0
b2d258e7130dcadaa6b812603c45d311da71577c,0
1416eb779e31549879fb27d527feb170b287c23f,0
133cfd137b99b54c12e1aac98a668cf9446c4f9a,0
86d1aaed22b1bf9a85acc68bfef9556175bceee0,0
41c0efdd50ec9af0d634b1fdb2e1113e13b8ed06,0
dd489b2c9a8e43be10062442cc605d968cda7192,0
541df6a6de64347787b9827ea2414ed7f325a2cb,0
7b69912b2c6087853e2aad7a2a597e7203a25bc3,0
c3cf38e6b1fd334a2be6003d0b12fc4ab20dd002,0
0443f484aae841831fef8eded9be532b6160cd8f,0
5ad1e914e7e6413b14ef008d058b5b960c9534b7,0
6fd6c697f5a440276f96bd7dc6d42283b71861d6,0
0c34f02c5e1ed7052cfd3f9f63d5a868c7b5f069,0
53e9617539486c203200cbc46feb3ac50d7ddcfa,1
c0027459e7be500d7e964e340950879320540658,0
1559a8bd6ed9e77b8ff566083d64b59294a25688,0
e382fbcd7a5cbca90c5467fd0009867203304a06,0
d80a8412ba6996e37495bc2660a3ec6398d84304,0
616f4921195d84a7c88c0f352fef3913692a6558,0
0ae5193b5f0af480be2b914fb46cb9639717637e,0
e9c98e3de1f4ed81cc54eb016638ad0b12d4dc1d,1
ba123007ec87029657d3a9569d02aa3ee827948d,0
bb0da270a2622387dedfc2e592cde97bbf94092e,0
76df440b5070b27a59c7dcda047b8d798b1a3bb0,0
d490d4c66622a14ebc9dd3b7107370e8b6bb152e,0
66e5291982587ec680b7960579250f1586c19c17,1
6bd8cdb4dcaf361736ba49e8efd8d162d4ef8d7b,0
ba743621ec4bdddab5793b5e94407e2b1ccd8024,0
03bb5ee1afa57fc0580c2b1270b01c5fa48a6312,0
d71312547f632cdc69c7f4edf308befe817f5f07,0
80fc9244e619b79ebe6516375956f54c740549a6,0
508ce8eb30b1ec55f44363b7b00871f72795d5ca,0
ff1ebe636cea9a6adfdac05214cea6820a8242bc,0
548527c5c3f5cc2be2c847c1b4dd4cfedfb72618,1
9a09bcbf9b8a0a9389ca3a41638f81740c023989,0
6c6e2140e3c41002f88899084ce58bf1880f0b8e,0
414e7b995c969378ae195f8825f025f17920a965,0
9ae193a7215c519111db3feb9e0846d73529d9be,0
84faa63f23f3b5c3d2639d3cb9f2bd0c55f9c193,0
a669dc96a4afdc71e979c38d8de7ddf1eeb96c29,0
03aab15d49ca142943df39fa04a849ab11859ee8,0
e64554177f826eb103e36ebd9adfcd036d60d0a2,0
e49191d9c75407a41a8e354398a28d3034a56379,1
e0dd9b0242a30a8e66090be4757e13f72b374be8,0
d5dad4cf7dca045eda90d35d113a91cccc2d715e,0
3c3a411fd2b7eba5857d02d452d61ef1622d0857,0
593f901ba8d77f3c6682472ae6ae44fe7c954e6f,1
4321bf3f3cb004425bea5161bbd9cfd1bd00cab5,0
87a8e8f55e26b29354248a2fb9b6e92b637038bf,0
84be5cef0e01a0e7b899c147c7d7561f8e746fd9,0
cf6b833079d5b2b7ff17983ebdef72f98dd428f6,0
27c0109aba35ed44927f26aa960d032c7de4b746,0
a274585beacf63878652889f102bfaab035f94e9,0
5921cf751b12cf3eedceae129a1252fa42ca8073,0
ae8d52d942d3f7e7d5ff22585369cb597629655e,0
25dd2c73fa7a08a7ba868aa7671afb7873dcd6d9,0
851071d43d1d1153d0ec5b2b0e50c34d6e2293f7,0
66df419c800019c474a1633b084d9d17133eab90,0
b89b8e120c114f74a63232025ca84bc511e0a531,0
031155fb3ec14a402b21e3e80112c81bdc4b44bd,0
90614b4547d052af50233bf54bb6b78ed0009a4a,0
1484f45ffb46ecb9086c1c4b46f79c452e015b1e,0
1841d60e4b862a8643ffec4c1a05708217f67627,0
52b20cf95d761dd9f82d9261098efd7f92ff10f7,0
798c1b6d4749167b5906cd70f88aa9a176bd7412,0
a78cc78f373be39e01686b1aa0da21569bd125ea,0
6442c7d6e99f3806b7c6516a48a4e02a76a5ee35,0
efadae4d6804e4e88f90b9e00e1b59ed10aba545,1
957896e6d962eb0bceec700825c3d14fc3b7230d,0
781e5732fdb8473850dc88246ac9cfc0c75131fa,0
e91304d451177bc298a969b1d28a38893a2f5dbc,0
c29857c104f8ca09ef651c792130664a078b9503,0
7b5ee3065777ae5add2ccc51037114bc783d31c3,0
ff193ee6b740b0522d40a1596106754fa1792889,0
ba552ebcd4b3db428020c35025bde2cbefed42da,0
523f5a76f159f97668a9d267b862282ed27e411f,0
a614a7d1f314a45239bbd044c132402f314f5975,0
0010e5b943845b35f78ed238bae21f1cd241ebfc,0
8e68ed4e72ca412d93d86a689bf1c81fbddedcf7,0
1bb672d166639c0d9034dd048c54325f139505f2,1
10287aa7662fa317b2200ed7938a0ef009480afd,0
5cd0571ae312957be7afbef6b847824484a934fd,0
b89ec3cb9218e3f9f5cc0b532e14af48cdec5b65,0
5c91c83bdc5efc3ddd000d29e3f266b588da3ac8,0
36422a1d62c4c82e33bd50db818cf6b3bfccae3d,0
d2a3c8be37d187835d822c21aa40b89ee0c00660,0
94308043c6c30d2c6e134625309a0fd4ee2e481b,0
a6f99fdefa2b2fef70796f66d38c5f95a040cb4f,0
9d353afab3ff91becd0a1eb2e05a7949ac98a84c,0
f980c77711caf895f9d9768c41a89015f4d09fd8,0
7138912693df194519061a5ff5b3cde4895bc93f,0
0718eabe00efeb04f9ebfbcb4fa74588b3ce58d9,0
bc27e45a4e98007af85cb709eec9ce626dccfe55,0
d0ffd7e2dee69829e655a3e0c28a060d3af31a0d,0
7686fffdaa3fc322457576048e355af1b06feafb,0
19061d3071d6477eaf26a7f823e2212b332e51d8,0
44944690c3b58bb0eaa29502b37104f91dc252dd,0
f5448541164da541b1933821bb725c3c8de1eed5,0
0867659b7ebbba8fc43240c761ccd12a1ca4887a,0
48e29d438e07afbe4d96c2ec9d2c05a5371e66fc,0
38420a7dfa7182064295e487f6544c7b1e10699a,0
961773dd532a28412ed31a1b065f46b3dc85aa6a,0
538a1fca520b8696b15f8b9d3108c5aead8e75c3,0
7b7b4a7f4a13fd966aeab863e82fdac1618bd9c0,1
03816f9dd483bcf85681d4442f14e66fb4defd83,0
8467f7ac6c8b170f1313bd2903f66f87720a77ab,0
c1e7e1d103a45233dd24600d5391426de91f3fa1,0
4de9083b60ecd6750b3983568c2e3cea2d199ad4,0
22cc36f8e472e0c81b1721e9698a77b0c71fc485,1
cc65fae8a960acaeaee9d5d25fad5293c4d6d2e7,0
241d2f5658516a31aa3f78615ebcc2396f36cb3c,1
ded150e9fb45f192afc28a04b666fdec7e02ce5c,0
81dd2b8dedba9c7a7954c6e73750a58353a4f743,0
5714633096020288c959071e658e440ce3569d49,0
40e5ed381e22f814778f3e85e5d1807ddea55e6f,0
ca79ccbaa5c64efa5078c91f4a9881f8d6bf5f42,0
d2307453bc66a2303b522783684ab39a8aab31cb,0
7f0cd463fa8584a2692067df85b967c7b6b65b31,0
6a04ed35a47cad53ecd2b36335c25e4abcb7ca11,0
d279b2e3a8ce518d732cf3b56d5e05d5ade6f621,1
39cf76e17c080c046b8679274eff4681026f9845,0
29cc4259377565ad289fe8d93efb91167c92b398,0
b15db23efe304d91c0854e92ca2bf11dba8d718c,0
6ff8cc13ac32035d005c7d5b47dbfe439dac00fd,0
6b81213221d787e2598cf3c15d811643b64af5d6,0
9efcff7c6fd2297ab2fe3d952f31854ed5ca2e1e,0
6b7fa56ebddd4b9813b56e83799c4bb2135c48f6,0
c34188243aed8791e25b995ff3d961f1e8c3545e,0
d366a34259616732460b7a406a5144122f428efb,0
f00215f90f625f157aa0ea64fd8827ca1a0b81f2,0
498e20200e0df917e2b2e16da571b59b5ea264e2,0
1ce192c66f4230fc64b91874a29b1882b67628f5,0
1604e15371b3f6a801ebf4be388c9c9a4b8d5850,0
aafd84ef86818de5b07c85f4fde42fa35bd08b2b,0
baa990334d447a582bfa6ad82cc7a5ba82973aa0,0
934b7116e1b55c9afbce583dff63cfe4d4c340d5,0
d98f0838a79e4f0c4cb4b2ca74ebdb787b89537e,1
ca960ea12d6b7b0cb3e7f3c846d4681b1802088d,0
9e151bad2ede378b35d9e1da71d6001de6df5cb4,0
da3a17dd5fa1c8d549c67a82423fa1f62dc2a22f,0
94737f638258816fc8d6c5c09863eab30d7bcf20,0
3b675556d043c5772292bde82a5bcf22b6a705ba,0
862df9cd3e2603bbf4f02addc906b577d45a2922,0
5dfb4dc8c67c394faf2cad779a874ee1520cd9f0,0
ac066a833410c03db9d2aab4bce4fabeabeec148,0
1d0585f2bdc06814fe9873c1fd164c239c37d082,0
0c1efcbafede8efc08a4ca1956d8cc989d73adc7,0
e7dfa2fcbc0388f7a68f4358c21a01f4aaa8be7c,0
eb044ddb75e1e5dceadf1560e96660f5741dadc0,0
b33674cfa5e6d3d9309b083a32036bb379b76a3f,0
2decae9ec150e68983840cd21eee84f8a1b695d5,0
122f6764bb0caae2c16fe9e569cda14244c7d5fd,0
cf8f61ff3a7ba307265254837608c4d291fdaf90,0
c3e9bd0e84e8480a7cf1e9aa23b16dc9aff441a9,0
8320bc31021e1e37ee9ee6bdae3c4c74ca099cad,0
4976f0662bb207c07ca0fe3a48609c45a47b0868,0
3af56975f507b5ba64c7bb2380738562b431ec9a,0
a50bbf5ed54097c57f2fe7472dd5413540d44733,0
f91c9de9dd8b373b2924a01a4de8543928e28b63,0
35462baaa96a2b02bba7245a2fb620dee43600f6,0
ee2a00eef48786d2f74dc857a83f2a7ddef307a8,0
7ced3cace244c673ea6f52de58bd2887b75c6a3e,0
d621cbd5d2687dc930b004b56fcfb89f6ecc7220,0
56644339c4754807d50194c48ac001b474344e21,0
5bd4069c624fd5aa7a4525d137b2dae8658336da,0
61721d4172c15c95dab656c98e2fb4423523ba1d,0
19400f444a4aede6e8f57628b915496b4d4dd1d2,0
8cb9607b946fe53835b3391ee00e8d1666133651,0
e07f0e52c0b97d2107863683ed4707f01db2be3a,0
db21a5e1e5e1a50870b729326ea9e7d7783ac469,1
94928858835fd285805d7b23c6fd003fbbfd5c57,0
6ed22fc33a7607e92c03ba4139cca7781d23f1bf,0
929b796bd4c58cbe2b052bdafd676cadb17f8310,0
0e0dbe7efd7bdeaa4f7d25d2de7bbe66bbf2a07c,0
dbe9dfc5f5dc0f671c9f7dc86ebcd5eb623c9cd4,0
8401df32f93e462d5467f7d491e685aa6974df32,0
181b9398bbb1ba8583851ef2b62d412e02dfd770,0
38f176f01c7a7a3d95b74c510783c9d09ab0052e,0
1057d5a332c56d21032efea8b91302fd8124b19c,0
1c8ea087658baf5eaba5f86dd2cb4170d11a3581,0
11493942645132511da170a541f4f918e3f5e794,0
ee87b29d87c3c485eab844499cf378950e94e063,0
aafbf3839ca7b80e774166169e8ad188d2ad01fa,0
cd6d96f82d7a72bb645d5cba50f586c4ec07eff4,0
220ebd0f5cd8bd882d9e33f301c6d453e9d07299,0
e1c81bbdc3956ffaa42b00f8bec7fbffddb8cd57,0
82f2d13bceb8b626dfbe0087603e273f2d1c3c3b,1
16b966449c31f9804e4440a742a382b3445db6be,0
6090c0637c468f9902e2809bbc428b68ddf5d4b7,0
cf55243709e0b9d5381b6e29b7f63c79268f942f,0
5b4fe9868058334bedc6cd1536dc671076328a01,0
6b8db5770ca1dc991b44589199532f5d2d27fb97,0
190a6a9aafe0ad873ffb89f879257d4a3d6e3613,1
c0431c06d75478a67003052a9e2ad0085a2d755f,0
5b84dd35e06a89d13aa3d339a3d413040154ff0a,0
97c1ff8bffbda87e11c63c9637ea513e5734429c,0
646d1331470a165e87527c5e488121573544af38,0
58bb311c035c7f49f208a6792958a08b042b07fe,0
5e14248eee5a4be4c97eb18363b964b1cf79e9bb,0
761d619b9b209938c3d47042504f0ed72ec6020b,0
439bb3d5b84dc7bdee0464aaa4fa1a9b71d60096,0
09bdd9ea234c58b14c5af13587f30c97fcb2e445,0
e4b2cee8a08d6fbc918674d099c8f40b347b0603,0
4f0e6d15b294368146ba557aedfc50f97f44583d,0
a9d34496ecb6d0765df8f499d144a07b76db9eea,0
6080cec2d9a8ab3f7b01610e8ea92843d2b2e071,0
a9a5f14000631c072d8415a193ee79379752193c,0
0eb915af15db3de159cd01c1493e87ce384fa1bc,0
103c7f52cf964398a85c181ae459e464316f3de8,0
32e09dcd791214df8dce75bb2d7291abe4f95cff,0
b572d37b79883123e6d7af399e7e64d6ed3547e4,0
8b0d53f29b4d61bb8a8511dee518d058673a5dec,0
ee292a3a56141278a9967d6a9a7406be71d9ae87,0
0135b72a81cc5d7781743be0869724c2511d87a0,0
05955b4f57b1a89d5ee7d211e573d0ec9259a667,0
ff5985371cc154dcde3f9b2947f683567e34cbbd,0
6a3675712bc112d5604f14c4b8b1f2ff843c8a5e,0
7a109aa74ebfc29a11ed488145f78556c2b4bb7f,0
f303b1ce72838575bb0de6198a70ae4ffba0e354,0
e4055a8e3971368d6d07d7c99b635d2c7b535e1f,0
9a0a855f25e2d42a55455ba2a03fb2e2b4bf5f5c,0
960e8514cd38951dff16a1f8769c8b5c27cd33fa,0
4d107110834d0b555f8fd86c79230d301c33c8d2,0
5e821fa3e84e6ea69d724f1142d2d39c9cb55f6d,0
6cc3c4124c682e9a73b2a61a79891774121d2cac,0
08dce276014366ce2427507a8103536b46802a11,0
9607943b7fa90b1bcb2a039debea5740d3fe3276,1
10095d3dae260aacd0cab6fbb58e93f651586257,1
a2099623aea66fbb001972a41a26fa9d255f436d,0
47c07299573c751046fcd3b4058122e710739c65,0
1f398d09f2c3ebd02fe42c3f61c1fc16ac566f0c,0
3b6588591e723d9768405748cfc867a0038976e9,1
32da29b60ffce0f1ef179a202f03af267a3f43b2,0
2567399b705edeb3f997add3a324cc6d8226e1d5,0
cada271926359cb9aa4239ac18cc8cd9efb05c9c,0
ee7456d92e51438712cb26b4d61d52f08640adff,0
0b43d3fc9e64cffa0e5e8cabfa7c5a3b06e58a7a,0
2ae59eb51d02afabdbab3431531879e96b18aa66,0
70ec205ae9406989747ef9870c3a6399ccc85a10,0
47afc912004df9058ef1ef05a46f58886c7a5da0,0
baa41f671ef50391c70b289e87583847b85e193e,0
685169a4fd9fc007cd0b0418b19ad9f0caa340d4,0
53cee3714c17d0e82807042eb9f2942bd25c9a2b,0
9e921fa47a0049e77f4505a9f18ef40040e103c8,0
8724dce0b2414a2ebb05eb3cb4d3fffa87342055,1
45b5971b963675b0991acdcc276c01a3d03beec0,0
060059bfbf3d0f17c270506e42c7a5af530fda02,0
0a3bb64e9957fbaeae4d6e632f414642c377dfc1,0
ce831ffd2ba7aa577a63eabba0359672fbeb8bee,0
cd3ea1b629efbbca3b582533aa51a908bd56d265,0
2235596802b531c7b927175f7f37e43ca36dc4d7,0
fc0736460c3a2e0698a5021cd353b9292de57bcf,0
6fc5d867cd1faa2c9419d81746c4a77ef9b48897,1
53b710b532cc998fbacc81edf2a4a2cae8d3ec6d,0
72cd0497ff29bb36f4fec4fe9225931c197466f6,0
8fedb9cb9abc406f7aea60f853b64635eb4af3b1,0
6fe43774e76c36b75d92170507bb3554c86dc344,0
986ad6a6b854a7335e4d09a1996b5ba033322b72,0
50a91ab65b2dadee786f8e4e1419783e7bcb793a,0
efad2b659c0b471ee526cb7ec2dfa1fbd4afd187,0
61cde02b261ba65db06f54d6a7f3ddcd0a384b5b,0
c3832d92ad6ef1b66b66a0359b51d55f52cdbf7c,0
257f3123770b37f5c511a609da5648a76f74f324,0
42c3ac735bbdd2af900ea77a69fe2aff870e0922,0
5d07ef79773e5a4c0f9dcecd7b93996251552987,0
4968ba7b3fd52686a43e358606b189b70e8833a2,0
89a09f63058e500e461d6420960b3cc07d07c392,0
64a459e071b515e96979144c9921805d4840f7b1,0
2e8b6498f4a97a9d7d6d98b8e9fe2c895dd29ce0,0
63d27a01522ba8c7db7e9e069644ed9995390e7d,0
b0b765d01144fc13ff2c75e29691951fa3e4648b,0
9ce8a61221b28b5c69cf9c1eb04be52825683616,0
5099d02939de33afefe8efa17a849433a51462ea,0
06c849a117fcdd2cda32c859c3e34f88882e4c82,0
5a5594a9b24cbc94b5ef4a33a79c4ba0d8c0a6dc,0
8ec6a588ff268af928352b0ada1a60081ec119cb,1
739be9eb05f73fa68ef3f7aa97b16a3a76ddeb3e,0
a7e14b8d248b673c45b8ba2454b751d7a7444c14,0
ddb70809076aa636be96cf099da78a32a0252ee0,0
07f8941e298e1bdfc233dd51f274fa4c8c72a37c,0
f5afa913c154ce529952d56d45709d9c1a69296e,0
ab6ba37a43e763c9661a4f749616518d3a46d0b8,0
d431a53724289ba1a082e01ea77b19964cadc386,0
fda859d0e96487bfc8eb227b3cece354ad2abee1,1
2fd7b3d4779c2b6fc6b29e9ddc9373c686df55d3,0
6b6b2cb4d2be5bfb9a27f1fd1f0496daa2bd2a1c,0
68d1250f585541457b5142ecd1410c30c90bf8ca,0
ca0b87353f93da227c0d2b381c1eb2ca00b708e0,0
c91013967dc63d75527a69973e4fe66664b727ef,0
fbd481ef1e94d7dbecc88e57919ec2fccb39bdd0,0
d298bde6aac5dc78b620c6096e32bd0bc8547059,0
9dfac306697f12125d68d1465e54da5ee9bd322c,1
c0437373f22a0d6211f7e038f8864fc4b0e182a6,0
b1cbe117874cd8646c65b97905055e125497ca7d,0
c6ec12c16dae09a1360e782a3f151a5412c3d811,0
27c261c996ff528f0b597bd730815f6f6627764d,0
5c3ca538390f9eafc90447c71adcb5cdc2023dee,0
8d94e12451e0194d3c9c79cb289d3ce7ea68c336,0
ad4544efc1b8a53254260edd03ff06052bc43f2c,0
b7ce0fe1cb8444d855c3cf44cb1107ea922d3d05,0
5a6ec152112eed8d3b8bcca1cb799f9b8c226a51,0
56ea5cb70458142e70239ff6aba0d846791c1e78,0
57d6d54e0bdef67ad52d343d0d982876978674d3,0
db27af4c6aec981e749d8ea68d6b03a4ca033e2c,0
966f7da170f4ebe525351edba6afb146cb22899e,0
a900992d5903b6fde0fbf5f510eb66a013aa7f2a,0
a30c94319e284d452daee968032fb3f0d6e93a24,0
15e8d48a42a6c50f9cabcd2c8c9f9bf13ef405ef,0
e584e5380ff14238acebaaedcabe5f5262d3b33e,0
78987f017dfceba86e3ac870215789381e1ad9df,0
6508ac05bf1a1d76e7c7e85305caf04ae4a0b538,0
e49c9ec12c667ab255cc08aa0294ff291602007c,1
05fbecc8ea9617c188d4b703b596e9da7ed30135,0
ea9a3d9abb4ff6b6bd4e6289e758b420ce9997bb,1
0942787f7481dde52607e3c0ed297b2b0a85867c,0
3526c901dafa9b778d3decb59244b505a3183b57,0
b0a59c37ca2be619402002fd18293045a1dbfa28,0
1af65784fba529065ccaf7b85c4e109545af7b27,0
beaf99ff573d1a4623f23044d658015efa872b2e,0
a0d7c68d604a567228d3049a7d43cd44313d135b,0
56adc0faf5d110a711575de5cf9ad421ca371aaa,0
734ca3cd537e273cbb2e8e8e95e2e1462a11feb8,0
316eb0d5094cfae7a5f6f42ddfd6111f94e899d0,0
6b554bba198f2131901f75a9dab0ac017e7032ff,0
868691d8bebebd0f7db4a42b0f1350049b917f71,0
e49b9432851d9c31f21fe5bca7f8d59461568fce,0
eee811829b86423c5137c53e7031888a52c452d5,0
c839874631ef6a89888e81c9327b6c8361706821,0
4ff56db2a2ebf35d12209021bfdaf5ac01f197a7,0
4f7bacfe9fbee2678c7e70bba6b94d5d4f67d344,0
28887e0c712e8af449c6719a3fcef634aa4c95e5,0
3ad094b37021269f600d4fda6c7fcb365a640aff,0
d7118270511fe1da49541cde2e962e4597048f4f,0
22219f3f9ae86691b74b428c5d4199ae6d4cf64b,0
c948e3a99a25c2f1ec9754d43365639995a26c72,0
8951bc4ff8892e017dd438067367b75a2cb0b15a,0
551ef04307acb131e734e899871a71df49913c4e,0
6b1f8d8f928244d86e0c45f57d00f64ca1b26724,0
0523ae6930f2f99dd62a3fdbf868545920d8da5a,0
138d2c12bbabe9f6716141f0f08109c0f71a9570,0
4b4d17103bd3c7eb1f372adb6f40c035e09c2a21,0
64e2aa6e17d40ceafbfed494e90f79385c1882bf,0
339939db1cb896b40de510f3942caf4ea8106a1a,0
5051347deb1e7b06a61bf067a62264f3bded29b6,0
b1ad911437a9e775151cce4d4c617ff96a55cebc,0
db642801d852d34e49e0f2cdc261c79415f8ac25,0
6a3742470cee73085a0e083c543f8af33a4f8d82,0
2ad80c988cca938e4403dd04c93a24da782c33bb,1
7a6e31b79c66b786ddac792ed03d76b48eb3ef22,0
566ba7eaffc671f224c141fe9a224a3b61204d7f,0
76ded922ff8352f7d1183758f72245adc7b7ae2b,0
66d60bab17faa23ab5cf3b515baf90361f316797,0
a7080dee73a32f0fef4ee2ed892ff7c4578e02f0,0
d07ff923deefcdae17c6217b5df27f7c5445696f,0
6e9704d14b63bce091209c60091b74160267d687,0
cf740071ab1d41f567cebeda5782bfd53650659e,0
83d09440abd87536d312bf5a65f2450ef6bc2bbe,0
cd47d2d0e7465ace440bf960dd5fb1b66ab74f85,0
4ed0f573c55a4a6f41c2ccfb5e9dd4f6c143867c,0
6d9bab2ce4fca8d96bc49fba6231131271781438,0
ab54911cee77fc99069d8f1530050d272e2a3ab9,0
2b1f3cb031a71b792556de6c45dc153718b347a0,0
241a3a3c9b401e827e562f792e7e7642cbec5519,0
1456570ff8467a924776910608f671f4cea1e033,0
884b1acb1378b4dc0271f38f3739625c2454ff24,0
c3628d055b9205e6011d58cd0b534ec8eab64b0e,1
05d4b422709c4b38aea06070743fcac00477d602,0
89c302e96553e83a7b324bb484fa4b2b149db5ec,0
b8485e1c91b72f50dfdbe7b81405d11b822d4fe8,0
0f63a0795f4fed610e3b7cf62eabc4bd97775f58,0
ef5ce80169615bf390dec9844c592b08409d3584,0
24b32b35f4d41336425252edd7d752b5e03a3ab4,0
24d94b0597efd13deca4a6f2001b9c3cb079b8f9,0
5735e868bae8425eed40af052c928f5d26f89e6e,0
2e576560e9a21dbf7794d122276c8f341736ab0b,0
f955bbac6f40522d15332192dafb416912c2c403,1
37a58c5679f2170c8ed43192c61c4ab3917e46e0,0
ac2459108f15f39c0aa2ca936f9bad0c7acb9567,0
ae9cedfc791e0047af8f0ef75c28df01d8d916c4,0
9a5c642a3c1c191c896108bc4741ba74a8a4d30c,0
fd8fb0a87d5943ed4e609b93c9fd4b6627b45233,0
4ec58f269905fbaf7ea32efbd3fd5bd22a95e11d,0
ba2c4a560aa44d68b39fcf9b98938bcda860dea2,0
40662a66bc8d167d75c7cb20328d9f66dda65d33,0
e5175578be1417ad61a495a2313472ba89cdd9d0,0
6ff4e18672c5fafd4f540f1ffb195d3ce4840fb5,0
da28555329f16470d623366b39c371f5c3d1a5d6,0
486afa52fbc7ef7b19aaa6c1d6125a863b9971a4,0
9bb064e392bdc223a5be7985dba4fb8c77023c92,0
ada375fc776a5d224911de60afdf642234419334,0
c089030ef698fb57f139b8444b1d5ee99ae6e5c8,0
365557d452b244952a474b130548f93dbb315b84,0
f08457c2282ea7acd18374424e177ba91442d3bf,0
75590caf6a13cdf71a7da8e79bf474ead7cff5b9,0
122eb07cd33c467dde5a37ce119048d73fccd500,0
957b9c01b793f8e12b9be7bfdeed400e43f90ce3,0
be295b8e5785f01885ec580ba3a79fe6f8fa738c,1
c5cae24063b6252a3c9499f98d87e932aafebb44,0
115c628424f92164ff0ee5e6aa9e5d9a39f0d07a,0
e383a9859791065015ea20d629013f1fd3221c43,0
c49b31835aaeb2ef56ab4f51a65491ded676b5db,0
4b79c0ace11bf88b45dd336df3f11f72099fbdb1,0
dc33c94c26d5b08022763fab18062d7e62c1c8c3,0
6c7159f3f5592f3d1f01f557fe6266d1505b8525,0
50090e5b43706ccef14f32b2bbb25d4f9fd2d183,0
018ebce5d69053d1aa1bb9614207af7fa408426d,0
86ea4aabf04ecd04222d6461ed16d93326159438,0
6c15a3779e3530b109ea7353ef752fcf52ccfb73,0
07290e70e1f63830083aecdc3ae34e6f53f79e11,1
2c718eb6cd935a2f61f1a38c65f6f4f84eb73c22,0
86dbac1e6bcec6f73c3acf38cbd6be9d362d87ec,0
27e259b248d915373ae9d368f65ea43d85edb496,0
05e0b47a606b193123dcc777c4367c3e29ac4730,0
29ab99890e67fdf268ba28183b462dcb68c87744,0
7ba572c96b4d5591e701f85724a55eb81d6e167e,1
a244c67df9484c064dd83e2fb2d3d86ccb55c2d7,0
60199218e8833ab1284c9f15398207506912d482,0
cf78058b4b48ac5ce349a8333ec2ae1fb7e5e7ad,0
3355877229a5afe81286a329be5adbf2b3275d37,0
87e6d1569a3708775ac2d46ae841ea95e8d8f77b,1
7c62d49facfc229410f6c4e382bcc77b019f6692,0
2041cdb6a548e127c979f540be08f0a87b9b93b1,0
27920b7924397a5748493413e8eb14a598adc9ca,0
90dd8d9a2684e7c01a06f3a0e96776f6ae54e85f,0
e7be41edbe740a36dd78f8b596104060d37230ed,0
b2a8b00786e7d7860668d6f16d98edf9e2f05fb2,0
479435a575985fff5fd76148e759396fa5377a15,0
bd70395043b7ffa744d8c7521379e9d8533d93ec,0
a4cc1400dd1c547fbf4b770ff94337d5dd2a528f,0
c16125bce62ab05d897dceb500db8dc421b031d7,0
e42240d287bd09c955a6d770cc294b3eaefa6d16,0
0038fdfd4931679fcc4cedb01b0b5f9cfeb32c1e,0
4a1f6da1ca9513d1258b57589938f15ce5f35825,0
b507387ffa85a6bdfa4be2b5b7a413ae771e745d,0
42f5875d30fdad120ade2492cd9e9b83d94071c5,0
4421a7d0a700366f85dd32fc31509932d790a9d6,0
53fdac88e8f4c735f6aace5730f7916cf5034652,0
7c09cd3ed0081dac0cea861ea707cbc6c3d00a62,0
a3419249ac0e02f26c922a2269881a98cca2b7bf,0
a9073116767949617b66bb24a12e9a620d8c2ff4,0
1de16e4c740d7f3695abc4f377e401d6d1e9d38c,0
054fa306a2e5432b990e39d5770c9adb72522a85,0
29a71b49486e005ced2f1ec5d66570a62b6d4fc2,0
1094f2edeff5c05718d91a038edc92582216fa0d,0
140d9bc1af3d232c26bbac117a4504dc193c6292,0
1e3e184142f1a7705ce3e3422679121831ad8518,0
9bede7aa1993db45187be82dbc41addf21b7e108,1
08e93a811e3d4bdd434180fde3b15dbc3f8debac,0
0c25e6925eb88f863df27c4936634ba6b0303d89,0
17b0685fe74836a16a09e79c65c509e9f58ea152,0
ad435172cc9fbf32fc6cfaeef89a2463f8f001ed,0
d20c3937f6e4021fc7cdf6670df3dca9a8a6e81c,0
b0c2e54c144f4e08afc0739d5522910dcdee652d,0
f51047511a3a23b10380f0cfcf357a27bb1f6b22,0
96daff784852b9ff5bf6010f4d638e48a108d118,0
7e3957dbb7cbd598ab3fb768a7c49dbf3bc4f941,0
c9f72164dc0ae6694672309ff88777014326e99b,0
35c18f93fa19caa24123a9a934381e9ed57d69ad,0
d3289fdc08256ec8a2a61554a3dfc256bd34818d,0
4e877095b0c06e3063244eef4b59a450592dcfe9,0
506626f6f9abde61568eb1adc1a444ef9ef78fa1,0
b57ef4d148bc1acf2ad55c4003f941e2180bdfec,1
3a9258c70d6ad6047f7fdd254c4b0df9dfce7b3f,0
809368e8666395acd0093b6676cc0260893a0b59,0
59d1434551335e52d649ae25cdeeb6e68bd8e1c4,0
abf1de466094ff5e1fa953ec65766c6aca951324,0
cb3119c752ab04d86c531f5c08c7fe65c6b8a690,0
c09595e5e08ba44029eaa181f31d4d16a89e4da8,0
c8c4d9e37c495a5cbc388aaeada2d6e16e97ce99,0
d9cda42f2e4f103e4890996a1acca036eeaff4d5,0
e30dd2281941add64d14f55a3f843db0d12b75e0,0
6e3c35298b20596ea7c02bdf02125eee6248c2d1,0
4674722080072766f750eb5728add1d6247abcce,0
82935e6bb3867fe60a411c7e7bca1cad8d69ff60,0
b7b5e0252b0d97ee398af33fe03e24f211e5484b,0
c5f1f9cfc948eb7d645a0316f550d43534b9de86,0
b11d24649772c40c17b00834254c9af71bf2f88e,0
adfce130796bbc24fe14b496c5b177af86206d60,0
1fb20e60995c3acf4a9882f51e2af6833131f567,1
f2fe77bc2b8ca5822bbef7aea2270cc7447993f4,0
24d812bcf025c3e2dd81d157ed45ac8aac79080e,0
52604519f45885fdb9298de590b15f155e9a0549,0
ebd86dacda0446d92dee60b49bd6a6075c885809,0
f7017b5e44d03cbdd811cf6b5e77478c41142247,0
b6417ccf9a6a5be3f2f4e8821eb5d98bfe20afb8,0
7ea3bcdf7c2c04c1bea47b64c6aa0c9e3d3d620d,0
807df89d63ae24fba8b4b01d76c87d6f6475de87,0
f1cae2c91961888334286b694ac1d02f05eb030a,0
dad51eebd3a7a299a131f223e0e9d67999ed3ed0,0
9198602abeb967e6fb2c85898ca62000ec02d478,1
488594e0a23e5079fb2782375d08dd3363e0a21c,0
6bef9989126a380513a4b01ccaaeab2a996c2af0,0
cbdffef062f5f5c6fb331ed43c6d9497bc2741dd,0
fbfbff5539fe1626f2ffd0590158b15a63d3d963,0
4786a30c764d28946a904ddc6decf064359bbddf,0
65dfdb4a80e25b6dcc57bcbadd761c9e28602d08,0
820f9ba99d5b191c9165dc75df3456dae573f036,0
b3082c25e23f5e1678cbea83f0de2ebeb895bcdb,0
935441aff220d50b1f13ff249fc3e2c3d326a47c,0
dba4d86f21385fc1bb2676141df9af3a3f3d6725,0
ca3c95c09b4669c5d9bd5f73911dc440877bad6c,0
21d87dc01a4fa89755003ab3eb375054aed7a975,0
b0d9acb28a7f7a0d9bb9b46c00806b6e52b6ed27,0
6117ffa39132187484192dfa6bd4fea578c10e40,0
0ab31d0e895adbf9721dd8b55740caa5ad996533,0
969d8953510b741ded3e8b5b9c4c5ab139453d3e,0
25b0585d31e264c762ee983797fc62b7d3d07b58,1
443c59066f2fc15e94962e45fa64807c28f3dfef,0
bca3083b04312aa189483d04cc0c18f19287d403,0
ec1653a9f8a27d9b580e78baf83ac3d69936a84f,0
e94d46a620fe3ed95a89b419da0ec99510c03b6d,0
058e7057edacb77e54b9b8f9d4582103eeae9e51,0
ca36296c9a37963b4078be0c35ba0a6f64f1406e,0
71fc7d6827ef3b68bf91d7e371ba5a4f9d7f05ba,0
a48fdcedc6f4fdd9ac14006bcfe32c25ab69482c,0
3863a8116de56727aefb51f8c7e2917847a8d188,0
ca5639badf45d2f82ef2cb41dc58a66e8146c92f,0
514fcdf7953125746eed961016862f8af1dbc8ec,0
6870cd797c88fa6d6265110c38387b4b2f4fbb4c,0
894f23891592b7ad60a2ef658fe31f34dc3426c3,0
8ea726509158f3d43006dd2122672dbf5bcaaaca,0
01cab5b0760b33f7bdbda7de8ab4f701362c3f7b,0
d4c14e4f5bb925f5cdd84509900b45e9b43b9c67,0
4c4c9d3f2a7eb25857075d9dfb2b122ab4e3cec0,0
cf3aa209b865e9c58f447eb3feb9d2eacc06a88f,0
21ad1cbaa0db4053d96b1030983096efcafaef77,0
a37d78d4e567b147dc986497ee45284bc74259a3,0
50acc4c6b8308f60536084709eb4c2455d9cc521,0
c858d88dd7eb333eb6fa2cf7acf7dad2835efa28,0
a3e16da0125933926f450674ab0c96785905c668,0
a24269cd565367f1d081fe92fd41693ccf912527,0
fd57004a13a70305836ba60d89f036be4f901fd3,0
21bcb89d6a0c8f4a4ab4999820e2f74cddba857c,0
191db8a5fbae605b4ecfeaa3d702cd47f5ac7356,0
09e77d87c3f451ed532b254d4c83dcbc7b09d718,0
51874e7bff657fa9e5b83518fd2043a8acfc12c4,0
b7e241919fda319072a857f1f46ed9d36c65c3bf,0
3537e22e8a4103865e8c75620e351b785d4a5e6c,0
2b0e840e825f9fae0222e26b0641682cdafcbd05,0
aa40d57345a1deac6d0d7ccab50c583db866ffa1,0
01f2c2a30bd911b57fa373fc88bb8f6e126c4b78,0
60d32371cb739c82a6d2dc06728bc2cffe222242,0
3514caef5e474acdbf05c599279fb7e7c2b011e6,0
b6ae23bf5428ade143683137bc7bd523274b0e3d,0
ad4afb71b0c8478e87c2bc2197c5c6a3de6a05b9,0
6586a8f69dfc263cd765fa66f112e70ac8532005,0
c4b8623af3215d16e54541984e7596c18965a818,0
409feff4cbb3505d2153c00583789cb958d4920f,0
d9984fad2b998eaf042940c4c012e6b92b307444,0
92321078eadf656ba65d8d928fbfb31311da4d8b,0
a933c780d054df75656e8a5de6dd24be06864e81,0
f1fa93fffce4dd7f43c82f8408e65debe76e3557,0
b04391c94f6eaf92d17c3f8c1216ac3687c1c419,0
f62b2636e82a42964b4d119ac9ad8b947e832589,0
04b2d330b42a048039f29a59b03660c882882b02,0
ec6a4b1096b91330caa961cf9ab0ac19146fcd42,0
bbdf4c970fe04a61d492d648f583c467f708af20,0
5dfddc49df8edb98bd596316ce32bcfccf0da8a3,0
01b82e2dec82442ea55b2bbebd6fbe93fa25f471,0
141d933bbd0f06bc873df1c4eb8b2746f56a6ac0,0
7cc2fc3ff492ea183250dee03fa757d708ca8858,0
2765b587f2a91b1628cf856adb14f9a325c7ef97,0
b48df64a6dc43f33f06f951d8144c7e84b71782e,0
e292e9071f8d8143a435b5119b8b05499c98b6d6,0
8f0c7e0ae6d0edaf6178a86e9102101109042def,0
f7183edea8dec84a486d6ab5d58d0b5f383b6790,0
df4d00296723095f61f0fb0b90a0d96e3b7bc01c,0
201d081691a18e7a42528cdf730202df28f2efe8,0
a17f3c20430666c9a8dc83cedbb64f1f91304bc7,0
2ba664eb36be8390eb26b06df93db26fbf36e128,0
f0a798073c8364c4f9e8f2d2f4ed1189fa996a8b,0
44409c2dffddcd27b6c19a4ef7301914c33a4645,0
792e1883616c6395be1a296717c11b1069efa374,0
bd9521712e9575690ea47de9c737e7e53483a2a5,0
015b02db1ff1809c85b60c81295174bbe44fa54b,0
939b0b159a48a47366ee0ac4804e7507ffbce5b4,0
58711c4af5edc4c9575bd402e83eb287271c0e65,0
c5971cfca7786d37189ebf485309908824ac99b9,0
56eaa8a1835f81f70c9fbd05560a8001f9a1b6dd,0
849c3b15ee3926e3fcfc6b73891038becb248d66,0
4e5fb8b102b10ea7df9e50fcd5d9ab623cb8384a,0
3091c9f930ab324a5b62fccbb54f7be5dac32fb6,0
4c57bf7f313dcfb01211e91ece10247bb4ee3458,0
09ec3ebae0d45e048f99efe23c346ae062ec260d,0
de4944c7df1961c6d9f183545cccdc7f260a5673,0
cab88022c7dc6a7d25dc177118dc535aa48e9036,0
f82eeb8b911a4a413fe11ff4140f2a626efe9ded,0
b4005851dd2fdd5980c8add4c6ffa7d15f78aa7c,0
c1cbd84825ff08024de3e1ebbde6c2a730d17089,0
6d9b435964fc324512f096e7dd543146d5769638,0
11a269aa81b26d35467a498cf6a70cac4c869487,0
d8af498a3e372ec9b804e53baa5effcb85345cd0,0
d461dfc2b9b006dc4d9131bc8e493cc56fe603b4,1
aa9b14b828d13152335826fe5a5e69f165e9db63,0
4851cd314afd9a1ed06cd311bfb67e05faec1da4,0
7845e1402a427c72939b0760b15f940681af048c,0
41748ada0e6e201df3742a98e0fac9a813951cd8,0
4d6a8816d514b72777e39f337fb516f9cc24e9cb,0
b3c2cdca165de622a61e3d5ee6200f4d41693d83,1
ce742367b4914f63da4a816ab379d3ee33200faf,0
36631ceb001d8976a4c7c10304ffc1c7cfd6edf4,0
b92ff49a09a99a6bc86ddc786d9cffaba1ac04fe,0
dbc48e3b773565791e4b1df7693a07d0d274d681,0
98b2725565c9a313a4386771bbad3033bbc46e17,0
4ea27e5b73b4daa539a6a4f58dd5281ef5aa623f,0
8a04a66b4c3538571f29bc767c6b9dfdcb9b2dcb,0
1eb43b0e9dedd122816bb5fe300873aab0f6048e,0
585cd48b66b044a1e7914bfbd467dd03ab039ec6,0
6bead067cc4098dd8f93cf83306a8003761502be,0
1b62a68f79b3c746ccb39c90bc38b704bcb598fb,0
463b047087c11c2bc4b8278b7c40d7e88c134aeb,0
4208662a25ba303e062c04d2f1c295cfa72aaa07,0
230b9c44bad3e02dfd198d31d70230a06cab6f90,0
5e795cc86955b936daa05e44525b500cb973e230,1
e7cc81c0eb3838f04de09ce36486c382b5410e03,0
686a34e79a83dc31cab2b30e76bf7111f681fad0,0
b2d68380382a68aa31d18bcaaec1a23c3f768e7f,0
4cc15a10b6572431206605e627007d23f78ce215,0
71fdf72189e96486d3f3da4d13197e46a55de5b5,0
118cfd4317e06c473533b88d2fad4873c201f46f,0
da9228fffd30b9ae0023ce8ae0317b1fd857babf,0
27212f23b1788c1a125d51d903d910047e09e5cc,0
cc3cf87c0ba6de2eaac4196b6ab0af7be5036095,0
6655844ede85b4472943e9717977d21406955700,0
c3a23c0624ccdf4757962170d7d90260b0784c9f,0
f726b16293d3b8bd525bcef61655f13d9d184426,0
f416b259946281d04d510675a62790da8bae4a1a,0
eb5e5d2c546c51a3db596cc64a83e0abff88aa09,0
9a57cbcd7d2e133e8e611d5d02c44af5888fafc3,0
197803f1f344a23da99f9831c3c7049d5d88e3ce,0
c518582f55e484e60433b399c683cca5e2aa743c,0
f56d21ef7524aa24cd029c158c82a18aa0dc102a,1
61c2c6d9db4cb2a6a441a3494eec482ee5dca54e,0
2177770937dae8f9b5f2e0874ce2342e18d57d64,0
2ae1ea56f3334158ca4ace74e26e731adcde4f13,0
2247b2ff021a52e7fee6dad3cb7bdf626511b881,0
b6facf60c878736009778625477f5903c56f77c9,0
57e32cae42672446c1b88119af403f55c4da8d86,0
96d3445e1920b72f6bf0bf488393ce5719e7e7bc,0
342ef07c75467e0dd38dd1323033581ae68b86e6,0
1c16d2ac4a66ab10411e22b78c817eb62b99b307,0
91c902011146f589695080c7002afc2efec14858,0
9876d7139b37d4c20878e9830ca8dcdbebc27e62,0
33a8d774b8687a6aa6513cf3064e92e83f880a81,0
711716f7b59862cc39121f358719af3b751743ca,0
733bcd245f6596da5671d47f4dbcc89f6ac82a89,0
e3ee9deabeab6a66c324186a42eba15d3c5047ed,0
8153e7b382acb61119e64fa990ced5716b198be4,0
c760908a7c74f1a85a33415e486a9c7f6d5e8fe2,0
cf2e0b77523a12dbd1974eefab3fad62f46d0541,0
cc565b88190c693ed18d11e58132823985885e34,0
9335e9bf5a3d3c7b080b796e2c90976917bf6456,0
0aadc01b2ee806e740a86e5c10a41a3dae25684a,0
81114857c4153e1f4f08a0b6277c09fb26419f20,0
5c65aa698a31d64de0d1ad802d598e17046f43b6,0
10f280660f4bc365a13fb692b4b48c8eae51a872,0
fef742bf2a81e2440392d4ae96c3e291e812b42a,1
93cf02f7706241182c7809932402cd00aa276a77,0
ee6c8882d886d7674c7747e47afae6253414461d,0
45e8bb108933b9b5f6785df91076ab9dff6f0a67,0
12514dfb40cf51519b8e97f4f371307ee00a30a0,0
6bfc32494b9a1a74f517c24fa414bcae8a6d33e2,0
601528c4f7bcf9642c554326b6aca6ac2b6f3a0b,0
dc2817de3e8790bf3a2abd97098b903479aaa2ad,0
f0bb505260a5f534dc808f9b4a4a5bc033621668,0
3a2ea8fff4dd6b2b6e03e62881dbf4172ed4f3fe,0
bf2793c4d178683a8606caf372331de64b0e7ff9,0
d64d066355a098b923121a6d9e16a01cea85d38a,0
a4926ec982f66fabd28ce625f9dd5636b23307ae,0
0f7c938374bb4afbd8cad6772d9682b579d1580a,0
d9a1d6efd72decc61b5b61659e5d2e7b8fb04dbe,0
6a7daa4f16a5f418d571f44435c74f0f886e50be,0
6b04b82cfedcbf960e78149fa1e0f46df2cd6648,0
799eaf8fb031ea5ade11e57cc195f38100a2985d,0
109f4fec9abb34d34931fa8139bb3d18f81deb4d,0
d954b7bbe482a0885ea219da627b44b3ebcac6f1,0
d6291a9c0b36aa68dba0886c7efe8a0c318ad7a4,0
4e9f78f2b8d02607aebe6e1ceecdc4c1c358eb5d,0
2bc35649fcff013de215e1f548a67c75d10180c4,0
877dd2a27a9da3e0c2f1f6983cb0f9ddb7af7c47,0
7e634afe4b01db526f6ca52348d4e299508d7a6e,0
910a8bfd0811af80b454cd2ac7356ddcd7aba1eb,0
510ce0c4cc18b018ea435523d6cb05ec32ff0c14,0
631f2e4af78ea39d2d24260461e2cab7d1adc04d,0
1942bf3f7b4a86af58034c4dc39c813cc8c8b943,0
86f5970c001a3b2cc87674c1bd9b11fd8711aede,0
d95678e9ad14a914ffc0bafd031fde1d15d760c5,0
2d2ef15430c3bd82e4b68d453e50932805ae50b7,1
5bd3b327299f92bc5f015d42b66ea6ddc68f701f,0
b92509c5d43fcefde53c957d2e9d4f63027c9369,0
5ac9779de42559be94c60fa42e12c263b4e47e03,0
97ba2c0f775f8e6edcb556db49ca2fb722a5fd95,0
3b3731b6c4c4fbaa5d4f2a68dfb47b29df9237c6,0
6c2f568b5cd6dd344b7f22e48a69572622d6108c,0
c0f2b6c85ac015f84ab0510d2469ed44d3930a47,0
de2fcf33f8da553dca2385382ec82272b069a264,0
903b37a27a23427f8f576a8499862e6cb61bfcf6,0
1bfd4edc650ae61e525b488feba96e67fbddd140,0
968da132c80251b648b3cf748d8bcec8200d432d,0
3295655dcbe235d1f3e28adea3185cc5dfedd620,0
51f781a6b883b3e6e8e661277e13d6e4e29dc114,0
42d2949f6fc1077db05a4b9c2dd60c6ab6ce6333,0
974525bfe83d3e926940631b14815e9da63c4945,0
3d7ccd4d164c758acb343b217e9c10fd0d0f2d90,0
a3e908fa9d6b88c1662ba3b1d52d076531a0d79d,0
418d94e8dad89912e20820f52bf174b12385d523,0
a52ad533a6e6c89e863b182e5f28c2b7f8ab6895,0
40776e2bc5e1bd34adf83e133ae09cc7971c10be,0
ee20984c2b2e2f8dd602a0dfb4c7bf58e7653107,0
53c0490cd3cca5410f2f98145bfb18636f6d949e,0
cbe6ee52836614b40f963818c78e8a4a12cc5130,0
4e7ca602910d6c71926bfe7c0ec065620e80e7bf,0
3b104ca625ba67cc7c79f0a0bdcef54f4be92c17,0
68f4d4e4187f3526d8b34ea96aa395e3f1935b45,0
428b4241750258af20d7c5b9bf6702666085d471,0
aea8031de2c4f4a661c2fe9f9923ca53077862ec,0
1834281c7a90b99d50d057ba09df76f13e5dd07a,0
409dc13047d2197ae94de56787e984a23d51a192,0
6622be4bbcdfee4fb4abe8a25b94a185476b08d5,0
dc5a5192c13e520363f77b48c188a21e9f8b6923,0
caffdba3c1f2c8dafbe9fb661d29a51eac0eec74,0
976909e9a0d474ae6c74aa6db3408289e9fc8690,0
1631fbcf129d801249cb3bd475dc4ffa68fb8f1b,0
20b97655e9c6d4ce9203b0fd0e7d493faeca71ba,0
6b0c1b35e0e6ee2feaaf28b2f80cb714f84591ac,0
c83d2ed0a9433adbda884b83c56bd1d2efeae4ca,0
868e4a2d08d28f640d544fed1dceab1ee98ea17e,0
dc9bbc80eb3460a4b6a29eb457fd68835d7bbeff,0
0707f117c7d26b6859e60101316710638fa9eaa6,0
171dcf57671d44c5ac4872532b8d67752d2f4f07,0
2051a1b321b17512f2f55d1dc308a18ce934b840,0
5c1b1f12ff6591a2651f629e79229f4520c5f8c7,0
f577441dff92ca91a250146d45c6b6f53a4ae77d,0
7df1048bada5ad43e8d191b625e79041ad00b718,0
769578780a557a0c1cd39336843fd8ff51ecde0e,0
e755ed5e1d34415a7b0b5acee65bbcafcf3c9343,0
d1f40901acc57c4cd8fdd196e538ee70367e7f57,0
ecf46cece2f2b0bc464e6a2f2cf72d9ad76ea31f,0
bf63d3679c57089806372c70dd12fa67d6e8b2a1,0
68e98a4e21c071a4f544d67b1c219aa1d248897d,0
95158855f87e4eb2f8c35eeaf56d960831e2db43,0
57f603375681947e563a45371b57c8213e265a3f,0
eac9535dd386a738531b1e935693938ad25ea4c3,0
62730e293863407b11283cac5a87d9d58066aaac,0
b79b82de884085d34524d8c5a9f2a268ff5b1ad5,0
8fa908f18da44d9cece0d48852bfa84a7cc0a801,0
a57dac4592e3421ee9f016fd652e2485b9158725,0
e9acce17463bedcf5d8e57321c4eebad6749dc6e,0
c24647f7971cf4055de99957a2c5b96006058ac4,0
f0f237858a8a720fd65ee1ad03743f9ad8bbd294,0
003beab34bb2650e9680f5e60f052973557e9d00,0
446e5cce72a4805aa368737352d032f16c1d60dc,0
5f5355d9977bbd0c513b2c08181bf5884fc428a4,0
c6f449ddf2d39cec9df39dafcb3c6f5c980adddf,0
d6e10f0e1dca83a82d5fed0ec6d5fcafcbedd4f8,0
6586a0439d633f8d92b235d11f00ad7a850ea658,0
142622e99105df3e2f1088095dc1bbdd8f3c008b,0
f8cf78a37f9239e15af92380b2ad9a6608433fee,0
da5f5b91910e6c58f0bb69d79e7538f434ff5ad0,0
69f05b04feb5baff36fb607a47f8c10f58c6222d,0
106bbd94d1ff13582aa6e957517713ed6f33cf88,0
c7e3600f20b248c954cbc01d87865b515cbfed23,0
f106a72adc6544a5c5011453279c440e03fa1f87,1
0c41af9add04deac972a6b7285d1170226a119a8,0
7d53964aa1853630a78baeec8ae6d635e261e009,0
663dd30df622ddfcd6b3fb94ac1dee63e13983fa,0
cbfc0d01ed42367c55f8508e89b50ff94752e9fc,0
02f01d5ea7519c1db64339284e0ee23bd68314b5,0
5096de96ad86a5a6b719b203c2668e80e96f7abc,0
307cdc44a92fe50a024b6b690da5107a8eca0128,0
8e199c84aff4b3a6cad25978a39c06ed9303bfa4,1
6367736a728e141c23343c7a34d63af7d28140f0,0
265f71ef9ce29f9735f8b08306bb9af2dc18af7a,0
5fe92c747f555c709883ac0908eb6a4821365f0e,0
1a4a5ac241e2c618b8c154d161668fd1e01f3326,1
f940f9b93d6dbdd5140f84eb90db348ffc2bdd9e,0
8deefa1f02ead56f869134dbe77ab38c48fafd2a,0
8b3d707874ef0f2d859ac1f6c6ed84769385e822,0
ea1db1fb33aa1eae10795ae1b62ce949e20808b2,0
35b2fe07a11cc012ef58026ca368a37b11e50e5f,0
c78452fb47f5e0f1327ed797c1fc5c8286311545,0
9a56dd24e3334332e649810f8f6a23a3af6fe12a,0
73c5eb9e803dcb5d2e0ab4b806d14fe27c9c7dec,0
08c10ecaa12fc778482a3f04233595fa256381ba,0
ee6789591d8e7690e39c87bf4a7558280a51dbdc,0
7b3f30d56a5ef29461a1351f132c8efeece35e60,0
9004f6e6b353e7ebbb009ccb7c60a9abd43d80a2,0
5d945ab656a87a943d39bdeaf322946efa8e274e,0
d8b91efa24e4b5cb2e19259823d2a83cd0ee110a,0
e71664df66327c01e56e5fb288355004b9122e81,0
0c24ac10d6ed3fea4b0c85fb1a3f6cd949a5caa9,0
9da0e99da97c513aaad4795f3cd0f20974cbddf9,0
1e5368fd6481b075f5e670e56881c2728cbaa618,0
5686fc491de36feb960ff31be47262d24c677e8a,0
ac807c6905060d6fb447ea7d69ed7fd50980c6f9,0
3c4ce47f910fd00ca60085a42752f169e36069ec,0
fdd799189fe4987425008eafbe44c82553f0e58a,0
963b6b0e010fcb3a353e825de9dbbedf0345d643,0
201d4772de6b066560b2a5c66c9c5985c3cd5446,0
b472b6a7ca1ab27855f76d93953bfda02bebafde,0
1ecfb1ee6823e24c394dfd5a01371e3f329a0406,0
7e57a0d59362ec6f62b64b6b6fe9aa9a2d5dad13,0
666a274cf6a5feb08e3704bc714b0cec25e717ef,0
dd733d4b7fec6431b04457b33760a02d8c4abdd8,0
f8f6ec5074c798460d3aba8d8da8f5287f0030bd,0
e9ddb8cb2aae4886a229e414827d22110b6378db,0
3acdc290f3b370c86c7082f8750743ff898024f0,0
7398046431bcf04a311b49936e5bedd0dadd169b,0
ade349fd079ef316e78b3b29fa23b9af2d85eac6,0
cf0c0524c0bb95687328a402bbf8e0f486147938,0
252874ee5567906826ee619a993e50253c05f357,1
6252383515113a634b75e593f1d4b3a9585d90ee,0
943eb405d93725500d9bd01dd1d8093ae7a68262,0
555f6ceb081903eb2759edae92ade20742dcdea2,0
8ac77257a0e309c691f4376e0f42184f12ba8052,0
fd5f89f0f211c59eb75c7213981873aa3575ebef,0
37f9301db5d81c10882b5f11836f32d51aae201d,0
6add60e77bf6fe8e7e52159bfe7a694b633fb72c,0
5d21559a04e0396b61839db5f701943ff64f714f,0
e52db2b8ba505a2f19f00534c1e2176044904f68,0
f8bfe4f002bafb20c714679b8700940e9280374d,0
db809633cd72849b96e98dbf218a1ddff35aba68,0
24d05bd8281bcd0796c0743c59eacbcdd37c5c12,0
f8fd817cc83776e1fb3e0e9cbdc2f6ed59e3f650,0
90f5c032c8921346314f3410001d465192224879,0
c5e1d61c86e5dbc68bffa92842a15737f639cec2,0
f17254c516aa63be2d57188b822528f237f16c80,0
2a4593ab997a667e97b903e2541ce1b0e4e77632,0
a4b858369b82b7f999e766e2bea787b4310050ea,0
9e2e7368c962fef9c78648b33133ff505ea1421f,0
435af40cef53b17756f4aa80410ae89ebb6d0ded,0
898528ce63a34aa68587bfb9d43ef55430b98c84,0
c57ac794e7c20d9ea462f26233e6840add429693,0
ac4bcbc4323939bf589b0f77e930207552a6d9d5,0
6c972e0824a7ce40cf6c6173f3f8ddaa7ec1255d,0
9d920c4f733a5a3b44a5b52c22ce6389b82dc27d,0
47f9fa9a3bd2d12a253a8c9c227fb79ac6b12df7,0
92814e80c7350e3b40d340824f01efb51da98012,0
b6fbfc758f9066891f7ad82e9a836cf25559c150,1
b2dc37421f5dea44cdf085f95bf484c8eb43b1a7,0
5cca4a8616f76bf9973ae786f57a3f89b9074992,0
628e1b8041eb399720f9294b0a7dc86c6af7d1df,0
1c61f458890b67218556588e55416ca684a71185,0
812b73e1d45b48e9eab197d6911372e0be4b8f34,0
f9a29982584b074342bf5480f0c3c25145e9b045,0
fe1b61d2f881f86c4ca0797386652ed37840475c,0
47820a902463e1f37ae8d10362a03f96657448b4,0
3df6a6ec9e5751cf73eb570b2dbee9f0a65a43da,0
65fa2cf195156397cef8446b96f211277a11bf39,0
07698d386d114f545a74bb4db8e0a38aed244bd2,0
06ea65f07dddd15190acf6399324be13c65e146b,0
e11b6770126c5994dc829c10631f20234f835004,0
a76878f81f9af3fdde7127f041a4502e725a9eb2,0
0b1aa05eaf2ef4cca3ac1ac614a7a828785b6703,0
38d0b00597f9c07cb0eec13cb4fb479921ea4548,0
be48547fd9cc34edb2a0f4ed556d08113a1187f0,0
329b6a5494c2f1785a47d2851bdc1efba8952d39,0
44b949fd15192bbc61d25df798e6746af8bb3e02,0
f1a48cbae7ab4791ab811e5574248c8793666f99,0
a8fcac2b8b7a3bd7e9b7a59e2c3511e18fbbcaef,0
79d0a1f49d5853d4801efaf64f65a56e018351cf,1
9ed540ce748ec6b45c6e3dd0ae9fdf1f590e41f9,0
db283742de0dec576a996a49f7ae73cf54f851a5,0
aa87785234c233f9005b1949c11007669c77d5ab,0
ae0960af0c4c15c8198be9ac597d69efb8fa747e,0
d68ca7e8d58692c3b6542e7baa9272c0252d0df6,0
4000aee82c7ccb69b47da7f576207c80577f1161,0
9a55520ce9965e84f252c4085494dc3e1938b5c4,0
6efc9273bfebc6cd19b3c5d8016be35fbf1a4e68,0
f04c1f802d5be0b06dabcbe3e8c1635cd302bb4d,0
6e6300ac3c24aab7943dfa12ccc20a7acf1364e9,0
d8718784d96fff98e4d234363800731cc2f5f97d,0
9c423ecdda83c9170cf91ed1c440564d23c86b31,0
7f6452f6be1ee92aef068bb080b28584c9e6506a,1
67ec34c19f60a64b46aa833739a5f898edef3969,0
fd7e0cbec597a61944911e1ac4117c5aaff728df,0
9e908a0758cfc33fd50745dfcee5a75d8574844f,0
6c5d97e3ace3879bd710c3cbb164259b46706d57,0
d3198c1fbd3c4a87b8f3d2ab6ae7f061f63ae2f6,0
ac9437cca156b2c9ec7b1fe15ee4199587f51825,0
446c634487d2df58ace7eb75f835dffa2c667730,0
82fc1b30955b5d5faf62caaf905d9391bb803001,0
0df5e1287658243c9b5dd54070f68ffab8d575d4,0
2dfca2e275357f57ffde0081c98020ffa80080aa,0
9c0d06aa7532849a1e83233f61885b2686cf50bc,0
22ee5904c26c9c44dd22a4f5dec8d26033899ac1,0
a9bc7e2a3ef0196398a45be3fd42ec1b5940d0ac,0
4a8881607c58e72101476052c6cd47b04308ca46,0
d87864662bf106618402427dd11da059a52de482,0
2471d424b688083af1e8ec78ecc922eb3c764fd5,0
37086a53c01f238b501b1062ffe9225b11862b89,1
bcc214ac78a04ef5e9286049cd53d3fb2e75d5e0,0
fc91c790b581a31da3dec9b03cdaa1c8ab988f2d,0
18b04a314a2d1a328863752abe7a618791bae222,0
fa876a98c7c5d97b44083314e0db3d2b67791866,0
ba7194f1b6a3ca76d1d33469f736d4b0b3881c6f,0
60d02f5c9e437cad6bb2ed7d94a15b92c898319e,0
7cde1d7adaaa3fe1d46fd4225c20db159eabf39f,0
14ecfc0fec2b15e80c2d582c0ad02b145300012c,0
c359de2645120569f5510331b440ee2bd610d76f,0
4899caa8bb3d3eef850fe2e8dfb85456c5dde783,0
2f4cd317d8497a5d79d386e8b46e995e2300cfaa,0
7ec052ef997a2c150c26308e58852024573ab096,0
0e920bba339402b746ed22042b17c71d73bf94dd,0
79c9ae3020047cba00bbb0d9ba018031ce167206,0
48e3ce30449856f09fe6af17359c6c531bd5855f,0
27b95d7ec953bee7c9a7bd46386f57e079ef5071,0
35395495e26ff3189cd07350c5bc17f63fc6f871,0
adc289971aa4242edd88b28a4fa7718745960727,0
258c487616ad3584777b46306e99fce41c5bc0b9,0
36bdd558ebed2e3666f67b242bf02b6848b1643a,0
a7564fd8ac89cdc9c279f599746bb74340f4b3b5,0
6b8dc6f7da8b45b78c42255fa08796dd0eb11bb2,0
a3f742ab7f9356ff2ef7d6c069e831f53385d724,0
e250a63953c7d271df3f2c78f3dc9e8f7170938f,0
4d512cdda8aab3929e61344c16027dfae10ba0f0,0
9b62c3ef6f7d9da9406b7c9bbbaf6101f4f2a925,1
c1a0e8f92fd6b02c69bed54a2600ce507f7f19ab,0
0f78bf8ddf3263222a02a091602d762110465f4f,0
802f71a6b83615b432717c7b8d1116be9e060539,0
6fcd59e433b27a9db0ba68f88a9722e3bc333eae,0
4712bfa6745c1ea8f9e01581be6ca63757d8936d,0
24191316a540f7e9b8c960caf73536c9ae029e1f,0
24de9e0c6360af191913ee33088f9561626cc645,0
3a12eeea26839f53d63e2026049e5e99202329a3,0
2c8f4267f47b0ed5b166e51a48d2a1d300474aba,0
701414458cc4ffeb5a89920cba9cdde61fed3a5c,0
3a104fb805c65e28dd264d5713614c00dd090249,1
2269b6c0fe8ae2aeeee85703792eaa7cbc2be918,0
5ea10ed2611449b93ab5f40faf17f888e99bbe96,0
fd8756f99069fe210c76670f7cf082488ed8460b,0
c152e1be76658cc7c382c54aa95f175ad2e1a207,0
a61ff386c2fcebafeaed88a1ee91100063abf6b9,0
e4004be1a6fcac473d7adeeafaa3562db7cbb845,0
d3a2f6f0a0e587b4491416cb721f055df14ad3d0,0
4b6eb94d7108fd8da9ba20f9dfac88403dabeb60,0
f1cc95ee2965c3d5a738ac2adc9ef2302c4b93bd,0
7a47bfd42b3f24c07e4b512566673cb6fa13586a,0
53e1b4526beb843f89581275f59577a2639d9df6,0
b4a83eb0e89dba6e9fe2c9fcedd4213c2cd5d1a9,0
9bca35a2cd780fc9a69a56dd58867c58d82fc3c7,0
98d396af31f46313d6ff65e55b20f28c51d17de4,1
5177ad7bd777b1503297c61347c7d7fc282c2512,0
59e1be914ab974286f4d13befaa366ccb2170ff0,0
482144237fbb52458967a6bd6539ee5a593d9d8b,0
585368dfddb61584e657e35afb3447a7dc4a6b52,0
83a80df8b0402df8b16adeae4b29b7d81b01d6d6,0
ef0650d89481c6f916b8afcd569816c2cb5802b2,0
3a3c5ece618b10257fb0e60873f6373e4802ed39,0
24ede6254e30a41a5f68749a57830e89e1222f54,0
527fd8d4dbfb4027b1b962d7c91837300024cf33,0
4efbb6175db85e714429532ec1e26f146de34541,0
bb4c3b406670b7f44f12b4ce63788a50f8d29c3e,0
9cd043f395780d4b6b4a7e2e8c3a9c417f148003,0
d8a2fd8ffb97f5a2b81ff8b66f261046a8487bc2,0
28b0c23b11ac07eb59b4a9bddf39716d6b4cac50,0
cc56cc5a8e5988e5fb3107c0fab0c09a4a8b8e0a,0
a0c06e0efebdadd996be3ae470d347b27d2b6cb2,0
f0dec91185c2a116f98c2920d432752f9ecc38e9,0
0c8f6799e5c296b5244d32ca45fd047d3e759027,0
b9cb975ec1f17d624de698e854ef5addc8bde3ac,0
142c552ff0a5fbda9dda394b5fe46fb2d5f0e6ec,0
1d67c1e693ebb838f036b1bf170bfd52355f8dea,0
b386b6a590c5886ad7b88caf3ccb4b46380a8900,0
cbca7ab05208ec2f4d471f41042708e44b148dab,0
a0327209b0f8e5e808c211fe24a29321df9799ee,0
363b33ee7d62c5ab290f7cf31fecf01a4ef2226c,0
3545145387717456d2c619cce2d8179d3b2186d9,0
019308be1fc47af596f777e7d073085dcf5057b9,0
0d71c4fc7d6688f893952e400089d74ed0b2c6fe,1
51b7a5b2f58eabd0131178c1d0232ab7c75ab2d4,0
78060c31a1a6d83281e0a10758a4101063a70ba2,0
bc55d15f57bc7aef981faceb6eca0e55fc8e6342,0
756e9b3eb42b33b5e5c17f9ef4be1b330294fef3,1
bfffa24a720bac4225703ea077998432edb87b45,0
168594595d89859a8a5c718563da29c7b3419184,0
23c766f477f0c75ab326afc908443b43dfb8d717,0
19c6af6817a03cbf459a8552b4a987ea2508bc80,0
7632e551da1013b99331c6505609d08e5568409b,0
eb2d9d8d65c7b7a17099650d958439627e702b4a,0
1a5d00d77621ff7046ea93f3dc582ad0eebc0248,0
eef19d8e3c6cb98e9c0e8d19116e463203a7c17b,0
459282e580bd844786cb2d9385c21ec538f17f4d,0
f8a559fdcd9b3376df55263337ee5e11f87da501,0
208853fa9137057e0a1c4bbeb2ca3d2bc479d977,0
395868ec4762012610bd4433d9924957b569604f,0
23b575c75cfbb3e7aca55f867d95c52ef2231d60,0
f1cb6141b6ba5854bb9a61e822c14ba8523f8db6,1
3d0eacd1d07e2483163d4bbb12ed34ed77f7b0a3,0
b70752e710d4fa9afa4e2e04234e766c995ca725,1
904a8eab71922bdcadbaf4d5c76521eaebe24733,0
50d447939ac36e9f061e70468310bae933295536,0
62f356f27de63170ee3fb6a7d53aa91048dfbfd6,1
8be065dc786cd986202fb392e3d41a5e861969ce,1
66fdb97773e5bf083937ad8600238ba5c6fbbef2,1
d109352afcc688cc05b5bb13444dd0c910648892,0
c88fc658e6e409fa8d669277378f1c47694db695,0
88525d5754c2c699cb4084d7a1a3dd84a68c79c5,0
cfdc14047e28e68a446610ae9b2ee43a423122c5,0
cac81dd5e462907fe5c0dac4392b189668badf7d,0
ffd2534cd6bef27b37cf8f16b1d013ded8cd3d93,0
36c8ed7ba190bb201e6de4d7a78fab6b7f12630f,0
d3445a7e4f4479858a2836cbb4cdb70b59529a8e,0
0d315921c0e8b68b8c987f9c9f5a865604f38373,0
f645f10ab74648ef0ee25713a5b1dded4e9c7ad6,0
b93b663a79eb782b925e7f336d490c199f75518f,0
04b9b7debe2f22f9960c42a8cd4b5b18dbfb2d4c,0
405188bf3302a9a1cee85a54801d6328e4c2d175,0
ff66edae15b451dcc5ee2ef69abfe691eccb8149,0
856c56b216b16d2ad83f7274caf9696863f42f6a,0
53b50e5e67e2fae3629c87d6a4166118e09c76aa,0
94a0bc17676c0e3ae5c655fd0a6833e5266e6fd1,0
07529cecf6365c8cb7d11b48c92c7c26a231036d,1
de14a3cc170c8561c849233fc32eb53c0e12ef49,0
15ec14a8f66d14609a851dc598a9b617609b7223,0
9e6d390c7401a11c221058d7eafc90a10d4f0804,0
4c0a47696c8426b83a3ed39f5de64544e393dc0d,0
4765ba3d4efac26cf8970c6fa0dae40df782247f,0
21df8562f6ef678a505972cfb06d5f15df1cdfa5,0
f3bfb0d5421d39c9b00aa6e7fdd63a640456cf07,1
267f23446eda5745f94c0d55a5d74a63e7d5a691,0
f9d8f4cca0843c1cf093006246acc3d268c8c9ad,0
62bcdf42909e065f14065c4b783d1da4e0fae4a7,1
a6b71a801236381cec6e8ba9320f128b8d335467,0
dc8db781b31c42d9deac4772a34e5c853c88a40b,0
45ed771aa5b048cc555818c2e9771c43267cb702,0
d6aa9b0bbd1bc3eb2a509735eadbcb4aaac31884,0
3824bb5e44b8b07e0c7e6a9a56460d341659b8a8,0
7a304e438502d1ee5ffaeaf7a6a618192c4e54d2,0
5aeb647c200feecd25e6e913e53df9b7062487b5,0
f609682160d2ff40e1e98852415008183234b6b7,0
8a9f45016b3b7d9cdf7a384c08d200c3bd25e9e3,0
bdec19eb7acc61840a50d120663289661fd81395,0
cfc727b8ea3afc0c87ea5fbe0b9da1e8675d7ca0,0
5ecd3b4db00598ead3af1c11ed9653e4b6d744df,0
8b9b889d8a0e3936deca583a2116dc7a196c0683,0
b8828fd2872d01bf95f37a43a84ecae83bfca1f5,0
149bf031deaf9b1ed7185b58ea58133d488dd25e,0
6840a58631587daf445d2a42150a84fe0b6ecb18,0
8002c2197e10926f3b5c1e1e607a9028def33f7a,0
8fb769cabfd90af2dfbb500176a64e74a153c024,0
e680ce86bd026476aa5d18dfdc24aa630f1b90e8,0
10d533aae0eff0d339842e0c5e0a4279fef9bebd,0
9a7df5a737cde79a13062a5bc8dd9a75ed3892c8,0
06e82e822cb2a991549499fb3b26c38051020212,0
ac0ce506ac4b0db681e002a20d7f540c169a6377,0
e4f0b024b0501d7e6f0e9b979ee8d9d66b2e31a6,0
1b5ae7131f4de4c45e73aca8918aa0b9b51600a2,0
28c6384674bddc666c63de84f928244fc2f30c88,0
a28c483fc4a2c8c7988ba0003f8a73a7327075ee,0
15fc427223ffb00ca1a2f57d3baf089ab77d5768,0
04943d1cdaa86cd7338d3b49767b03d0142a5215,0
d4cd799d37d3b8af1933b5c9095f820e05e90639,0
c5703917cc20e7018a63f606b50069dfb728fb44,0
96ca92b34c008763e273b461e17b91f27a71de24,0
31d4bed3f13dba7130d26fe2a97f8d7b4d7ad92d,0
c2c8606918863701028620d3a50b1227bf1fe76f,0
1841e75c5755a0ff118df1ca8b8b64745e5bd593,0
33a8de2f637ebfcd2e35baeeab250b403948a050,0
fc7c44f82dbc5388fbaa9bab14c16329a0ef68d1,0
fb00a5724f9cee43f48da3e42c12720a88374879,0
9d3d7db7a1d748102a4effef1dff9f68c371add1,0
bd8e88bf43ff8cf2f73a01ad0f22739071b42ca3,0
1652e18a9de6def27e177b213bc8a38805052a3e,0
23e4ecdb5278feef9d120e5cb0069edb0e6cd8aa,0
050d6237a6cc26d7a8ba4d646bd7b870233c1166,0
968a97a4c27a83c456999ae8410c4ea7b1475715,1
6e3930e6df60df2e74277fc19c239e147ad18420,0
419945b83b13b628eae6b495de786a073b242ef8,0
b497841be4c67121919025a8c1af1951108424ba,0
a0eec6f0bd455620986c9cb7dfb81e0f0957dc69,0
1a785985244f3acffdbe905e61c20d4d84fc63e9,0
4bec732ecf3781d8f9f398cd3769dc58bb51f23f,0
26bac995134d741f5ba53f1e5dce53bc61467bf4,0
47dac55c86530c0abf39bee6c84ce0f104eddcc6,0
951f72273126f526a45dfebf61365712cbbc27e8,0
4a4ae3e7931d272766fd8d2dc3a0e8931ab442c4,0
37ea9e865394a31b095e8148b7842bc0e008a770,0
e9586658f6b2e784aca22b0272094335e48a5843,0
53ad3e1de481bc23521e9febd40167cfd669d152,0
01fdadc4f0da92a4af95deeff1facfc1944b73e3,0
976e1805d1b64327a712356da587fd242aa77089,0
7b08e3dffbd740ef8a9d3ad350dce0b6c624a90d,0
e95c99d86a950fad43870acfd3c5f61c3aea06fd,0
6cb7681447a461098407177cf5001ba243d63002,0
d0d71becbc0d4cc3c932bf4c58d0a0f7d0da49e1,0
047799c2e9bbf2405c95c4474c9292b6c9b8dfc0,0
53309957e584a944b4b2aa75588761db0c036e3d,0
b651b7304cc05e31b38f9f0d78f1871b092d2eeb,0
f724c512ea79cb55028f19e842b441571aa8f12f,0
524bc1ea3586a50ac303d4866ff7b218450a4c9c,0
40edcad26673a6ad4795300c358081a052a7c4ca,0
ff08fab7c820858b141ed8bad9c99e9fe86b8996,0
53451c2e6f55e376a71ebf89c2189ee92630cfc9,0
2a73a59b1859f31ff3b754391f4e5dd93ca5b428,1
c596cc06ea75cf1dccbe0348c007197c44f7e20e,0
4f49a3602728dab9cc8f4a67658d9271589de4e9,0
e8c3c6352cd5e103d1545cccc22ecfca383d75f1,0
f5da7557f48608d9ce69fb13864b34d4bc57ffc4,0
8b4721f68873e850bff6fb088685dbbe443cddae,0
0edc953cf5bbf3e17ca396835b72628993d5927e,0
2a4f0777b0728a79d404dca02b038ea64257d0f8,0
bbcdf2771376acbd1776cad4fb83acdc7a9406ea,0
164ee8713f73ab3796d51dca11f7c900556c6b17,0
64d345613823e8eab06f406040062947c8c124e0,0
678dbf25e42a06ec0d58efe672531ad2302eb6e1,0
85caf12896b4ef44f2f87cb81ebe69519d6586ca,0
c2faf032fc94d251a1ac0177c43be4a4e74cdcd2,0
97eee8954fb54bc7a27a442bf819b71ed2a9d2d6,0
28a288e29d1f9fe88049788f3bb0c3492cdc139d,0
f052a0889b5af9e944a921d8ac3c2a262be8eb0c,0
f9c13823699b7933c9633b22627ac5105a5e127e,0
e15d9b1e65c956e0d80786483bffe59756d20efc,0
1b818059530e77bdb7b459fbb07d42459ff6049a,0
e4b2f60f2a67ddbe5b9abddd815c472837a74ade,0
3ba7718b08db41469d6e343001be2ec0a47590bd,0
5c17856c4a2f9a46fa17cbc5a3f8d83d0a6c64cb,0
f741e35a142458b11e262d639639f76885f99cb3,0
2367d5237b6d1ffc589a2c44a4bb188f095dbf36,0
672a287d5ead312dba212d323ce0a02594743f1b,0
e0580f005a69b4fbfcfd9eb2de777a4c29965933,0
2284dcfaeb2c24a060c7b6dba1c4b148537711b0,0
185d93537e460ecf56001dc65f8d66f343522bb1,0
4b0f976d253cfa513cf06180ec862def64a9abff,1
069261ca798b64f0aab601dd3882ab9b14aa75be,0
7b4dc591d0649cda0be4634676ae57cf368f3d05,0
42b1b1272ebb6a520c8cb66f4c825667b7c4d403,0
43ed79a7a6b438cbd7a603befed04c9b5f98ca65,0
085d4a999a1cee6da984dc01a18481b5073dbf55,0
3e7fd418ab66b4aa26f6c50646a4d7207142e2a0,0
a054f1a6bddf2057130a77f70e72d350bb85fdd5,0
00831e577eb18d0b6f92a2f357f60b06eea5a231,0
bf1c60e2571ddbe6c9486d20a04af49b3cfdb999,0
7854d8aa83a5de03b884faaf73c260099a401b6c,0
4b481b8e459bef068e186aa880709f504117e020,0
9a5a4d53f446e20607f0137c68098da8fef4e876,0
e3455ea194cb756df68906ba1bd0ee99ff090001,1
72fc388dba73775bb08b4e7c8287f63402b6ed3e,0
16d4dd6331cd8ab18cab33aaeb7ee3121eef9f21,0
224d53baa4b15a41032400670155b3856c24a1d5,0
b68309a2385519ba90e3f10fbe83b4dc5b8e30bc,0
ef09c987f64cc092bc73b6acc05173cc3635677d,0
630b4aa070ab97d46f7522d1da391ac01b9118eb,0
bc5e0cd1b5c9a4d1ed78e77dca5a45e56d776b96,0
bf243db93f91a09bb069f9efd5575a6e87060c05,0
494f293ae205ee4b3165f7cf97b3994df41d20d4,0
a5d40ddc0734147dfa6b6089f579552bd449f0c6,0
a9edc11ca87ae3b3f2e4f4a746e7a41559bd27ca,0
4b2575cd8dddfa7c6ce21f6d038eea7f90f4df31,0
638b4d24abe5d6e2580ba84ca1ef8d623281bc24,0
e4c9b690e671b094264c000cd9bc834b83001532,0
aec8075d76907310d566a66bcbea86fe98d49248,0
9bca71d2c230a573ea16fe29e6b056f952993002,1
43c96ccc46bae5b1ddbdbe4881684c492c72a65a,0
00373c8004fc8cef8130dbd018f8d71a81bee63c,0
8b5af10f46c347e6054ace2f364440c3e45ae439,0
6d79c68de9848d18720454f2a0a8a6f47b561523,0
0e65122ff2b27339f9f7eaf67a6592df2563539b,0
aea51e6719532ed43492105d2e29d675b79a5b49,0
071ce9fcebe9a0a0667f0515e6dcf6f43d8e5abb,0
1ef08360506673aa7249460c0895da8a23ee628e,0
8e383e89a52f03aca98c3d0f7df92ad21f999d60,0
1d055f80cfbd0e6bc1e890aa43d91579674bb286,0
0a65e01825250e594da7c27e0ca683dde0b541a7,0
2b6b9882671a799d4718fa7068c746b8dc10cd91,0
1ab50434f6024090e51f77998493582cc19c9e11,0
c008210cbe5f1f3b4ef23b4f7f8987e797b910bf,0
38d17266abf4928b6bb26d9339627e289a20a752,0
