threshold,precision,recall,specificity,accuracy,f1,mcc,balanced_accuracy
0.0,0.12093788564376799,1.0,0.0,0.12093788564376799,0.21577981651376146,0.0,0.5
0.001,0.12123711340206185,1.0,0.0028076743097800653,0.12340600575894693,0.21625597646193453,0.01844977855397895,0.50140383715489
0.002,0.12209302325581395,1.0,0.010762751520823585,0.13039901275195392,0.21761658031088082,0.0362499223685853,0.5053813757604118
0.003,0.12290268456375839,0.9965986394557823,0.02152550304164717,0.13944878650761003,0.21882001493651979,0.042917196031583726,0.5090620712487147
0.004,0.1247870528109029,0.9965986394557823,0.03837154890032756,0.15425750719868367,0.2218016654049962,0.06278932369953959,0.5174850941780549
0.005,0.12634756360500216,0.9965986394557823,0.05194197473093121,0.16618675442204853,0.22426329889016455,0.07549562899551773,0.5242703070933568
0.006,0.12856516015796401,0.9965986394557823,0.07065980346279832,0.18264088852324145,0.22774970851146523,0.09057926213962723,0.5336292214592904
0.007,0.13004882379050156,0.9965986394557823,0.08282639213851194,0.19333607568901687,0.23007459756576365,0.09941289602308553,0.5397125157971471
0.008,0.13221263062244434,0.9897959183673469,0.10622367805334582,0.2130810366104484,0.23326653306613226,0.10696996735324571,0.5480097982103463
0.009000000000000001,0.13394919168591224,0.9863945578231292,0.12260177819372953,0.22706705059646237,0.23586823912159413,0.11384607353490175,0.5544981680084293
0.01,0.13602251407129456,0.9863945578231292,0.1380439868975199,0.24064171122994651,0.23907666941467437,0.12353830986789642,0.5622192723603245
0.011,0.13902205177372962,0.9863945578231292,0.15956948993916706,0.2595639654463184,0.24369747899159663,0.13638139396363158,0.5729820238811482
0.012,0.14187866927592954,0.9863945578231292,0.1792232101076275,0.27684080625257096,0.24807527801539778,0.14760019297963545,0.5828088839653783
0.013000000000000001,0.1439960139511709,0.9829931972789115,0.19606925596630792,0.29123817359111476,0.25119513255106474,0.1538593318004384,0.5895312266226097
0.014,0.1467750126968004,0.9829931972789115,0.21385119326158167,0.306869600987248,0.2554131683605833,0.16358938649527296,0.5984221952702466
0.015,0.15036420395421435,0.9829931972789115,0.2358446420215255,0.32620320855614976,0.2608303249097473,0.17537301223933638,0.6094189196502185
0.016,0.15274841437632136,0.9829931972789115,0.24988301357042583,0.3385438091320444,0.2644098810612992,0.18278733615054316,0.6164381054246687
0.017,0.15455035002692516,0.9761904761904762,0.2653252222742162,0.35129576306046895,0.26685262668526266,0.18542120250609054,0.6207578492323462
0.018000000000000002,0.156198798470781,0.9727891156462585,0.27702386523163314,0.3611682435211847,0.2691764705882353,0.18891703922751993,0.6249064904389459
0.019,0.15880066629650194,0.9727891156462585,0.29106223678053345,0.3735088440970794,0.2730310262529833,0.19633969849334593,0.631925676213396
0.02,0.16149068322981366,0.9727891156462585,0.3051006083294338,0.3858494446729741,0.276997578692494,0.2037357138470436,0.6389448619878462
0.021,0.16473988439306358,0.9693877551020408,0.32381843706130087,0.40189222542163716,0.2816205533596838,0.21104108139992658,0.6466030960816709
0.022,0.1659871869539895,0.9693877551020408,0.3299017313991577,0.4072398190045249,0.2834410740924913,0.21425606968462257,0.6496447432505992
0.023,0.16755162241887905,0.9659863945578231,0.3397285914833879,0.41546688605512133,0.28557063851181497,0.21695461664962065,0.6528574930206055
0.024,0.17005988023952096,0.9659863945578231,0.35142723444080487,0.42575071986836693,0.2892057026476578,0.22317776946312703,0.658706814499314
0.025,0.17212121212121212,0.9659863945578231,0.3607861488067384,0.4339777869189634,0.29218106995884774,0.2281676112159464,0.6633862716822807
0.026000000000000002,0.17469135802469135,0.9625850340136054,0.37435657463734207,0.44549568078979845,0.29571577847439917,0.23300360310116328,0.6684708043254737
0.027,0.17809943360604152,0.9625850340136054,0.3888628919045391,0.45824763471822294,0.3005841741901221,0.240834619802526,0.6757239629590722
0.028,0.1798469387755102,0.9591836734693877,0.3982218062704726,0.4660633484162896,0.3029001074113856,0.2435334975915428,0.6787027398699301
0.029,0.18164188752424046,0.95578231292517,0.40758072063640616,0.4738790621143562,0.30526887561108096,0.24628920652292963,0.6816815167807881
0.03,0.1842622950819672,0.95578231292517,0.4178755264389331,0.48292883587001234,0.30896096756459596,0.25197125774616075,0.6868289196820516
0.031,0.1870838881491345,0.95578231292517,0.4286382779597567,0.49238996297819826,0.3129175946547884,0.25795250213455073,0.6922102954424634
0.032,0.18902439024390244,0.9489795918367347,0.4398689751988769,0.5014397367338543,0.3152542372881356,0.25960411045547627,0.6944242835178058
0.033,0.19267955801104972,0.9489795918367347,0.4529714553111839,0.5129576306046895,0.3203214695752009,0.26704721359798383,0.7009755235739593
0.034,0.1949509116409537,0.9455782312925171,0.4627983153954141,0.5211846976552859,0.32325581395348835,0.27039205407777017,0.7041882733439656
0.035,0.198005698005698,0.9455782312925171,0.47309312119794106,0.530234471410942,0.32744405182567726,0.2763633166170471,0.7093356762452291
0.036000000000000004,0.19927536231884058,0.935374149659864,0.4829199812821713,0.5376388317564789,0.32855436081242534,0.27530670976972116,0.7091470654710177
0.037,0.2011704462326262,0.935374149659864,0.4890032756200281,0.5429864253393665,0.33112582781456956,0.2789158075585522,0.712188712639946
0.038,0.2026726057906459,0.9285714285714286,0.49742629854936826,0.5495680789798437,0.3327239488117002,0.27943755281025096,0.7129988635603984
0.039,0.2057272042200452,0.9285714285714286,0.5067852129153019,0.5577951460304401,0.33682911782850095,0.28510255037202104,0.7176783207433652
0.04,0.2088752869166029,0.9285714285714286,0.5161441272812354,0.5660222130810366,0.3410368519675203,0.29082872405154275,0.7223577779263319
0.041,0.21101629169899147,0.9251700680272109,0.5240992044922789,0.5726038667215138,0.34365129500947567,0.2935101551426271,0.7246346362597449
0.042,0.2130503144654088,0.9217687074829932,0.5315863359850257,0.5787741670094612,0.34610472541507026,0.29595733239726046,0.7266775217340095
0.043000000000000003,0.2151394422310757,0.9183673469387755,0.5390734674777726,0.5849444672974085,0.3486120077469335,0.29845943584091567,0.728720407208274
0.044,0.2179176755447942,0.9183673469387755,0.5465605989705195,0.5915261209378856,0.3522504892367906,0.30324091398505404,0.7324639729546475
0.045,0.22240527182866557,0.9183673469387755,0.5582592419279364,0.6018099547511312,0.35809018567639256,0.3108132752608493,0.7383132944333559
0.046,0.2248126561199001,0.9183673469387755,0.5643425362657931,0.6071575483340189,0.3612040133779264,0.3148024166841227,0.7413549416022843
0.047,0.22727272727272727,0.9183673469387755,0.5704258306036499,0.6125051419169066,0.3643724696356275,0.318828603665763,0.7443965887712127
0.048,0.23037542662116042,0.9183673469387755,0.5779129620963969,0.6190867955573838,0.3683492496589359,0.3238368745889166,0.7481401545175862
0.049,0.23457862728062553,0.9183673469387755,0.587739822180627,0.6277252159605101,0.3737024221453287,0.3305032761833444,0.7530535845597013
0.05,0.2366345311130587,0.9183673469387755,0.5924192793635938,0.6318387494858083,0.37630662020905925,0.33371656658444154,0.7553933131511847
0.051000000000000004,0.24107142857142858,0.9183673469387755,0.602246139447824,0.6404771698889345,0.38189533239038187,0.34055007740975235,0.7603067431932997
0.052000000000000005,0.24368231046931407,0.9183673469387755,0.6078614880673842,0.6454134101192924,0.38516405135520687,0.3445091537747175,0.7631144175030798
0.053,0.24747937671860679,0.9183673469387755,0.6158165652784277,0.6524064171122995,0.3898916967509025,0.350188561483644,0.7670919561086016
0.054,0.25093283582089554,0.9149659863945578,0.6242395882077679,0.6593994241053065,0.3938506588579795,0.35409775944604155,0.7696027873011628
0.055,0.25521821631878555,0.9149659863945578,0.6326626111371081,0.6668037844508433,0.3991097922848665,0.36030871760237476,0.773814298765833
0.056,0.2574447646493756,0.9115646258503401,0.6382779597566682,0.6713286713286714,0.40149812734082396,0.36231101239613334,0.7749212928035042
0.057,0.25994180407371487,0.9115646258503401,0.642957416939635,0.6754422048539696,0.40452830188679245,0.3658485939463361,0.7772610213949875
0.058,0.26429980276134124,0.9115646258503401,0.6509124941506785,0.6824352118469765,0.40978593272171254,0.3719434241562826,0.7812385600005094
0.059000000000000004,0.26534653465346536,0.9115646258503401,0.6527842770238652,0.6840806252570959,0.4110429447852761,0.37339275372157893,0.7821744514371027
0.06,0.2692307692307692,0.9047619047619048,0.6621431913897988,0.6914849856026326,0.41497659906396256,0.3763350337555636,0.7834525480758519
0.061,0.2773722627737226,0.9047619047619048,0.6757136172204025,0.7034142328259976,0.4245810055865922,0.3872546385341819,0.7902377609911536
0.062,0.2826552462526767,0.8979591836734694,0.686476368741226,0.7120526532291238,0.42996742671009774,0.3917673284842204,0.7922177762073477
0.063,0.28509719222462204,0.8979591836734694,0.6902199344875994,0.7153434800493624,0.43278688524590164,0.3949224156953291,0.7940895590805344
0.064,0.28618063112078346,0.8945578231292517,0.6930276087973795,0.7174002468120115,0.4336356141797197,0.3951056996967152,0.7937927159633156
0.065,0.2902869757174393,0.8945578231292517,0.6991109031352363,0.7227478403948993,0.43833333333333335,0.400332710524673,0.796834363132244
0.066,0.2925472747497219,0.8945578231292517,0.7023865231633131,0.7256273138626079,0.44090528080469404,0.40318144876831963,0.7984721731462824
0.067,0.2930648769574944,0.891156462585034,0.7042583060364997,0.7268613739201975,0.44107744107744107,0.40261489308498577,0.7977073843107669
0.068,0.29504504504504503,0.891156462585034,0.7070659803462799,0.7293294940353764,0.4433164128595601,0.4050878173566998,0.7991112214656569
0.069,0.29828571428571427,0.8877551020408163,0.7126813289658399,0.7338543809132044,0.446535500427716,0.40788162258897936,0.8002182155033282
0.07,0.30186480186480186,0.8809523809523809,0.7197005147402902,0.7392019744960922,0.4496527777777778,0.409818440324211,0.8003264478463356
0.07100000000000001,0.3050647820965842,0.8809523809523809,0.7239120262049602,0.7429041546688605,0.4531933508311461,0.41369176044112027,0.8024322035786706
0.07200000000000001,0.3079667063020214,0.8809523809523809,0.7276555919513337,0.7461949814890991,0.45638766519823787,0.417173779130742,0.8043039864518573
0.073,0.3112980769230769,0.8809523809523809,0.7318671034160037,0.7498971616618676,0.46003552397868563,0.4211362215876877,0.8064097421841923
0.074,0.313180169286578,0.8809523809523809,0.7342068320074872,0.7519539284245167,0.4620874219446922,0.4233587323947242,0.8075796064799341
0.075,0.31662591687041564,0.8809523809523809,0.7384183434721572,0.755656108597285,0.4658273381294964,0.4273982746290646,0.809685362212269
0.076,0.3200992555831266,0.8775510204081632,0.7435657463734207,0.7597696421225832,0.4690909090909091,0.43018471542132913,0.8105583833907919
0.077,0.3241206030150754,0.8775510204081632,0.7482452035563875,0.7638831756478816,0.47339449541284406,0.43480392138204654,0.8128981119822754
0.078,0.32697201017811706,0.8741496598639455,0.7524567150210576,0.7671740024681201,0.4759259259259259,0.4367938461085245,0.8133031874425016
0.079,0.3307593307593308,0.8741496598639455,0.7566682264857276,0.7708761826408885,0.47992530345471524,0.4410640522357331,0.8154089431748366
0.08,0.3333333333333333,0.8673469387755102,0.7613476836686944,0.7741670094611272,0.48158640226628896,0.4414153747281954,0.8143473112221022
0.081,0.33641160949868076,0.8673469387755102,0.7646233036967712,0.7770464829288358,0.4847908745247148,0.4448258140144801,0.8159851212361406
0.082,0.3373015873015873,0.8673469387755102,0.7655591951333646,0.7778691896338955,0.4857142857142857,0.4458070453195261,0.8164530669544374
0.083,0.34002677376171353,0.8639455782312925,0.7693027608797379,0.7807486631016043,0.48799231508165225,0.4475263807787979,0.8166241695555152
0.084,0.3442176870748299,0.8605442176870748,0.7744501637810014,0.7848621966269025,0.49173955296404276,0.4508055097801205,0.817497190734038
0.085,0.3484848484848485,0.8605442176870748,0.7786616752456715,0.788564376799671,0.49607843137254903,0.45539283619041143,0.8196029464663732
0.08600000000000001,0.3494475138121547,0.8605442176870748,0.7795975666822649,0.7893870835047305,0.49705304518664045,0.4564214630093907,0.8200708921846698
0.08700000000000001,0.3528591352859135,0.8605442176870748,0.7828731867103416,0.7922665569724393,0.5004945598417408,0.4600486324230112,0.8217087021987082
0.088,0.3553370786516854,0.8605442176870748,0.785212915301825,0.7943233237350884,0.5029821073558648,0.4626655925877445,0.8228785664944499
0.089,0.358356940509915,0.8605442176870748,0.788020589611605,0.7967914438502673,0.506,0.46583531052311056,0.8242824036493399
0.09,0.3640287769784173,0.8605442176870748,0.7931679925128685,0.8013163307280954,0.5116279069767442,0.4717319161550335,0.8268561050999716
0.091,0.3682678311499272,0.8605442176870748,0.796911558259242,0.804607157548334,0.5158002038735984,0.4760919766658935,0.8287278879731583
0.092,0.3698224852071006,0.8503401360544217,0.8006551240056153,0.8066639243109831,0.5154639175257731,0.4737419511170399,0.8254976300300185
0.093,0.37202380952380953,0.8503401360544217,0.802526906878802,0.8083093377211025,0.5175983436853002,0.4759738747027121,0.8264335214666119
0.094,0.37537993920972645,0.8401360544217688,0.8076743097800655,0.811600164541341,0.5189075630252101,0.4753970731561038,0.8239051821009171
0.095,0.37767584097859325,0.8401360544217688,0.8095460926532522,0.8132455779514604,0.5210970464135021,0.4776879334098435,0.8248410735375105
0.096,0.3813953488372093,0.8367346938775511,0.8132896583996256,0.816125051419169,0.5239616613418531,0.48004833629305516,0.8250121761385883
0.097,0.3801261829652997,0.8197278911564626,0.8160973327094057,0.8165364047716989,0.5193965517241379,0.4721663269182996,0.8179126119329341
0.098,0.37936507936507935,0.8129251700680272,0.8170332241459991,0.8165364047716989,0.5173160173160173,0.4687709198597042,0.8149791971070132
0.099,0.379585326953748,0.8095238095238095,0.8179691155825924,0.8169477581242287,0.5168295331161781,0.46766268940229383,0.8137464625532009
0.1,0.38636363636363635,0.8095238095238095,0.8231165184838559,0.8214726450020567,0.5230769230769231,0.4742464933392744,0.8163201640038327
0.101,0.3888888888888889,0.8095238095238095,0.8249883013570426,0.8231180584121761,0.5253863134657837,0.47667654353245936,0.817256055440426
0.10200000000000001,0.3910891089108911,0.8061224489795918,0.827328029948526,0.8247634718222954,0.5266666666666666,0.47744225057219986,0.816725239464059
0.10300000000000001,0.39267886855241263,0.8027210884353742,0.8291998128217127,0.8259975318798848,0.5273743016759777,0.4776126991423605,0.8159604506285434
0.10400000000000001,0.39464882943143814,0.8027210884353742,0.8306036499766027,0.8272315919374743,0.5291479820627802,0.47948006356022105,0.8166623692059884
0.105,0.3969594594594595,0.7993197278911565,0.8329433785680861,0.8288770053475936,0.5304740406320542,0.4803104649468415,0.8161315532296213
0.106,0.4023972602739726,0.7993197278911565,0.8366869443144596,0.8321678321678322,0.5353075170842825,0.485397714109758,0.8180033361028081
0.107,0.4072790294627383,0.7993197278911565,0.8399625643425362,0.835047305635541,0.539609644087256,0.4899207452920648,0.8196411461168464
0.108,0.40869565217391307,0.7993197278911565,0.8408984557791296,0.8358700123406005,0.5408515535097813,0.49122563525020296,0.820109091835143
0.109,0.41012216404886565,0.7993197278911565,0.8418343472157229,0.8366927190456602,0.5420991926182238,0.4925362136207067,0.8205770375534397
0.11,0.4144620811287478,0.7993197278911565,0.844642021525503,0.8391608391608392,0.5458768873403019,0.4965025854717353,0.8219808747083297
0.111,0.4144620811287478,0.7993197278911565,0.844642021525503,0.8391608391608392,0.5458768873403019,0.4965025854717353,0.8219808747083297
0.112,0.4166666666666667,0.7993197278911565,0.8460458586803931,0.8403948992184286,0.5477855477855478,0.49850557401792384,0.8226827932857748
0.113,0.41964285714285715,0.7993197278911565,0.8479176415535797,0.842040312628548,0.550351288056206,0.5011971619946668,0.8236186847223681
0.114,0.42190305206463197,0.7993197278911565,0.8493214787084699,0.8432743726861374,0.5522914218566393,0.5032317921944996,0.8243206032998132
0.115,0.426497277676951,0.7993197278911565,0.8521291530182499,0.8457424928013163,0.5562130177514792,0.5073428504321241,0.8257244404547032
0.116,0.42830540037243947,0.782312925170068,0.85634066448292,0.8473879062114357,0.5535499398315282,0.5019542707221382,0.819326794826494
0.117,0.42964352720450283,0.7789115646258503,0.85774450163781,0.8482106129164952,0.5538089480048367,0.5017288789626588,0.8183280331318301
0.11800000000000001,0.42964352720450283,0.7789115646258503,0.85774450163781,0.8482106129164952,0.5538089480048367,0.5017288789626588,0.8183280331318301
0.11900000000000001,0.43263757115749524,0.7755102040816326,0.8600842302292934,0.8498560263266146,0.5554202192448234,0.5029412215046829,0.817797217155463
0.12,0.4351145038167939,0.7755102040816326,0.8614880673841835,0.851090086384204,0.5574572127139364,0.5050951404099142,0.8184991357329081
0.121,0.4373795761078998,0.7721088435374149,0.8633598502573702,0.8523241464417936,0.5584255842558425,0.505641211721029,0.8177343468973925
0.122,0.4396887159533074,0.7687074829931972,0.8652316331305568,0.853558206499383,0.5594059405940595,0.5062101633036025,0.816969558061877
0.123,0.439453125,0.7653061224489796,0.8656995788488535,0.853558206499383,0.5583126550868487,0.5045877951028314,0.8155028506489166
0.124,0.4411764705882353,0.7653061224489796,0.8666354702854469,0.8543809132044426,0.5597014925373134,0.5060624296349746,0.8159707963672131
0.125,0.44731610337972166,0.7653061224489796,0.8699110903135236,0.8572603866721514,0.5646173149309912,0.5112822041815533,0.8176086063812515
0.126,0.4497991967871486,0.7619047619047619,0.8717828731867103,0.8584944467297408,0.5656565656565656,0.5119417643713801,0.8168438175457361
0.127,0.45510204081632655,0.7585034013605442,0.8750584932147871,0.8609625668449198,0.5688775510204082,0.5149370817012536,0.8167809472876657
0.128,0.45585215605749485,0.7551020408163265,0.8759943846513805,0.8613739201974496,0.5685019206145967,0.514113532739261,0.8155482127338535
0.129,0.4567901234567901,0.7551020408163265,0.8764623303696771,0.8617852735499795,0.5692307692307692,0.5148913676102161,0.8157821855930019
0.13,0.45962732919254656,0.7551020408163265,0.8778661675245671,0.8630193336075689,0.5714285714285714,0.5172372359112734,0.8164841041704468
0.131,0.46346555323590816,0.7551020408163265,0.8797379503977538,0.8646647470176881,0.574385510996119,0.520394310653169,0.8174199956070402
0.132,0.46234309623430964,0.7517006802721088,0.8797379503977538,0.8642533936651584,0.572538860103627,0.5180146048014951,0.8157193153349314
0.133,0.4642857142857143,0.7517006802721088,0.8806738418343473,0.865076100370218,0.574025974025974,0.5196051337287378,0.816187261053228
0.134,0.46723044397463004,0.7517006802721088,0.8820776789892373,0.8663101604278075,0.576271186440678,0.5220071096365668,0.816889179630673
0.135,0.4682203389830508,0.7517006802721088,0.882545624707534,0.8667215137803373,0.577023498694517,0.5228121293441422,0.8171231524898214
0.136,0.4702127659574468,0.7517006802721088,0.8834815161441273,0.8675442204853969,0.5785340314136126,0.5244287799756701,0.817591098208118
0.137,0.4699570815450644,0.7448979591836735,0.8844174075807206,0.8675442204853969,0.5763157894736842,0.5212787571433022,0.814657683382197
0.138,0.4708423326133909,0.7414965986394558,0.885353299017314,0.8679555738379268,0.5759577278731837,0.5205188277211868,0.8134249488283849
0.139,0.47288503253796094,0.7414965986394558,0.8862891904539073,0.8687782805429864,0.5774834437086093,0.5221602781798276,0.8138928945466816
0.14,0.47391304347826085,0.7414965986394558,0.886757136172204,0.8691896338955163,0.5782493368700266,0.5229844515132304,0.81412686740583
0.14100000000000001,0.474835886214442,0.7380952380952381,0.8876930276087974,0.869600987248046,0.5778961384820239,0.522241845461532,0.8128941328520178
0.14200000000000002,0.4758771929824561,0.7380952380952381,0.8881609733270941,0.8700123406005759,0.5786666666666667,0.5230726364739715,0.8131281057111661
0.14300000000000002,0.47240618101545256,0.7278911564625851,0.8881609733270941,0.8687782805429864,0.5729585006693441,0.5158591580615415,0.8080260648948396
0.14400000000000002,0.4745011086474501,0.7278911564625851,0.8890968647636874,0.869600987248046,0.574496644295302,0.5175255463797198,0.8084940106131362
0.145,0.47555555555555556,0.7278911564625851,0.8895648104819841,0.8700123406005759,0.5752688172043011,0.5183623183174144,0.8087279834722846
0.146,0.47767857142857145,0.7278911564625851,0.8905007019185774,0.8708350473056355,0.5768194070080862,0.5200430842285874,0.8091959291905813
0.147,0.4797297297297297,0.7244897959183674,0.8919045390734675,0.8716577540106952,0.5772357723577236,0.5201686166315427,0.8081971674959174
0.148,0.4819004524886878,0.7244897959183674,0.8928404305100608,0.8724804607157548,0.5788043478260869,0.5218731363876954,0.8086651132142141
0.149,0.48072562358276644,0.7210884353741497,0.8928404305100608,0.872069107363225,0.5768707482993197,0.5194552584483141,0.8069644329421053
0.15,0.48291571753986334,0.7210884353741497,0.8937763219466542,0.8728918140682846,0.5784447476125512,0.5211690298070587,0.807432378660402
0.151,0.4840182648401826,0.7210884353741497,0.8942442676649509,0.8733031674208145,0.5792349726775956,0.522029707986613,0.8076663515195504
0.152,0.48735632183908045,0.7210884353741497,0.8956481048198409,0.8745372274784039,0.5816186556927297,0.5246270864918874,0.8083682700969953
0.153,0.48847926267281105,0.7210884353741497,0.8961160505381376,0.8749485808309337,0.5824175824175825,0.5254980429800383,0.8086022429561437
0.154,0.4918793503480278,0.7210884353741497,0.8975198876930276,0.8761826408885233,0.5848275862068966,0.5281266124940228,0.8093041615335886
0.155,0.4918793503480278,0.7210884353741497,0.8975198876930276,0.8761826408885233,0.5848275862068966,0.5281266124940228,0.8093041615335886
0.156,0.4964871194379391,0.7210884353741497,0.8993916705662143,0.8778280542986425,0.5880721220527045,0.5316685752763508,0.810240052970182
0.157,0.5,0.7210884353741497,0.9007955077211044,0.879062114356232,0.5905292479108635,0.534353496268834,0.810941971547627
0.158,0.5011820330969267,0.7210884353741497,0.9012634534394011,0.8794734677087618,0.5913528591352859,0.5352539738940794,0.8111759444067754
0.159,0.5023809523809524,0.717687074829932,0.9021993448759944,0.8798848210612916,0.5910364145658263,0.5346349769928104,0.8099432098529632
0.16,0.5048076923076923,0.7142857142857143,0.9036031820308844,0.8807075277663513,0.5915492957746479,0.5349363703407842,0.8089444481582994
0.161,0.5097087378640777,0.7142857142857143,0.9054749649040711,0.8823529411764706,0.5949008498583569,0.5386208707961353,0.8098803395948927
0.162,0.5097560975609756,0.7108843537414966,0.9059429106223678,0.8823529411764706,0.59375,0.5371114403858203,0.8084136321819322
0.163,0.511002444987775,0.7108843537414966,0.9064108563406644,0.8827642945290004,0.5945945945945946,0.5380425269546535,0.8086476050410805
0.164,0.511002444987775,0.7108843537414966,0.9064108563406644,0.8827642945290004,0.5945945945945946,0.5380425269546535,0.8086476050410805
0.165,0.5160493827160494,0.7108843537414966,0.9082826392138512,0.8844097079391197,0.597997138769671,0.5417968687433348,0.8095834964776739
0.166,0.513715710723192,0.7006802721088435,0.9087505849321479,0.8835870012340601,0.5928057553956835,0.5354022117201725,0.8047154285204957
0.167,0.5162907268170426,0.7006802721088435,0.9096864763687412,0.8844097079391197,0.5945165945165946,0.5373020440624782,0.8051833742387924
0.168,0.5188916876574308,0.7006802721088435,0.9106223678053346,0.8852324146441793,0.5962373371924746,0.5392143853108418,0.805651319957089
0.169,0.5189873417721519,0.6972789115646258,0.9110903135236312,0.8852324146441793,0.5950653120464441,0.5377194285169817,0.8041846125441285
0.17,0.5203045685279187,0.6972789115646258,0.9115582592419279,0.8856437679967092,0.5959302325581395,0.5386832356055098,0.8044185854032768
0.171,0.5229591836734694,0.6972789115646258,0.9124941506785212,0.8864664747017689,0.597667638483965,0.5406205059642014,0.8048865311215736
0.17200000000000001,0.5229591836734694,0.6972789115646258,0.9124941506785212,0.8864664747017689,0.597667638483965,0.5406205059642014,0.8048865311215736
0.17300000000000001,0.5230769230769231,0.6938775510204082,0.912962096396818,0.8864664747017689,0.5964912280701754,0.5391331889717037,0.8034198237086131
0.17400000000000002,0.5244215938303342,0.6938775510204082,0.9134300421151147,0.8868778280542986,0.5973645680819912,0.5401096886646307,0.8036537965677615
0.17500000000000002,0.5284974093264249,0.6938775510204082,0.9148338792700047,0.8881118881118881,0.6,0.5430590739828083,0.8043557151452064
0.176,0.5298701298701298,0.6938775510204082,0.9153018249883014,0.888523241464418,0.6008836524300442,0.5440489025213529,0.8045896880043548
0.177,0.53125,0.6938775510204082,0.915769770706598,0.8889345948169478,0.6017699115044248,0.5450421172684056,0.8048236608635031
0.178,0.5300261096605744,0.6904761904761905,0.915769770706598,0.888523241464418,0.5997045790251108,0.5425758025855694,0.8031229805913942
0.179,0.5342105263157895,0.6904761904761905,0.917173607861488,0.8897573015220074,0.6023738872403561,0.5455752444240404,0.8038248991688393
0.18,0.5370370370370371,0.6904761904761905,0.9181094992980814,0.8905800082270671,0.6041666666666666,0.5475922435365544,0.8042928448871359
0.181,0.5384615384615384,0.6904761904761905,0.9185774450163781,0.8909913615795969,0.6050670640834576,0.5486060231702654,0.8045268177462843
0.182,0.5398936170212766,0.6904761904761905,0.9190453907346747,0.8914027149321267,0.6059701492537314,0.5496233538863101,0.8047607906054326
0.183,0.5398936170212766,0.6904761904761905,0.9190453907346747,0.8914027149321267,0.6059701492537314,0.5496233538863101,0.8047607906054326
0.184,0.5403225806451613,0.6836734693877551,0.9199812821712682,0.8914027149321267,0.6036036036036037,0.5467199308069504,0.8018273757795116
0.185,0.5432432432432432,0.6836734693877551,0.9209171736078615,0.8922254216371863,0.6054216867469879,0.5487790074422563,0.8022953214978084
0.186,0.5447154471544715,0.6836734693877551,0.9213851193261582,0.8926367749897162,0.6063348416289592,0.54981406157903,0.8025292943569566
0.187,0.5461956521739131,0.6836734693877551,0.9218530650444549,0.893048128342246,0.6072507552870091,0.5508528260355074,0.8027632672161049
0.188,0.5461956521739131,0.6836734693877551,0.9218530650444549,0.893048128342246,0.6072507552870091,0.5508528260355074,0.8027632672161049
0.189,0.5461956521739131,0.6836734693877551,0.9218530650444549,0.893048128342246,0.6072507552870091,0.5508528260355074,0.8027632672161049
0.19,0.5491803278688525,0.6836734693877551,0.9227889564810482,0.8938708350473057,0.6090909090909091,0.5529415866385115,0.8032312129344017
0.191,0.5491803278688525,0.6836734693877551,0.9227889564810482,0.8938708350473057,0.6090909090909091,0.5529415866385115,0.8032312129344017
0.192,0.5467032967032966,0.6768707482993197,0.9227889564810482,0.893048128342246,0.6048632218844985,0.5479738864182115,0.7998298523901839
0.193,0.5467032967032966,0.6768707482993197,0.9227889564810482,0.893048128342246,0.6048632218844985,0.5479738864182115,0.7998298523901839
0.194,0.5467032967032966,0.6768707482993197,0.9227889564810482,0.893048128342246,0.6048632218844985,0.5479738864182115,0.7998298523901839
0.195,0.5467032967032966,0.6768707482993197,0.9227889564810482,0.893048128342246,0.6048632218844985,0.5479738864182115,0.7998298523901839
0.196,0.5467032967032966,0.6768707482993197,0.9227889564810482,0.893048128342246,0.6048632218844985,0.5479738864182115,0.7998298523901839
0.197,0.5467032967032966,0.6768707482993197,0.9227889564810482,0.893048128342246,0.6048632218844985,0.5479738864182115,0.7998298523901839
0.198,0.5482093663911846,0.6768707482993197,0.9232569021993449,0.8934594816947758,0.6057838660578386,0.5490235626478311,0.8000638252493323
0.199,0.55,0.673469387755102,0.9241927936359382,0.8938708350473057,0.6055045871559633,0.5486437068746485,0.79883109069552
0.2,0.556497175141243,0.6700680272108843,0.9265325222274217,0.895516248457425,0.6080246913580247,0.5514926083831974,0.798300274719153
0.201,0.5596590909090909,0.6700680272108843,0.927468413664015,0.8963389551624846,0.6099071207430341,0.5536582119718935,0.7987682204374497
0.202,0.5596590909090909,0.6700680272108843,0.927468413664015,0.8963389551624846,0.6099071207430341,0.5536582119718935,0.7987682204374497
0.203,0.56,0.6666666666666666,0.9279363593823117,0.8963389551624846,0.6086956521739131,0.5522465088848554,0.7973015130244892
0.20400000000000001,0.5616045845272206,0.6666666666666666,0.9284043051006083,0.8967503085150144,0.609642301710731,0.5533394264916128,0.7975354858836374
0.20500000000000002,0.5603448275862069,0.6632653061224489,0.9284043051006083,0.8963389551624846,0.6074766355140186,0.5508342464491346,0.7958348056115286
0.20600000000000002,0.5590778097982709,0.6598639455782312,0.9284043051006083,0.8959276018099548,0.6053042121684867,0.5483246137468214,0.7941341253394198
0.20700000000000002,0.5590778097982709,0.6598639455782312,0.9284043051006083,0.8959276018099548,0.6053042121684867,0.5483246137468214,0.7941341253394198
0.20800000000000002,0.563953488372093,0.6598639455782312,0.9298081422554983,0.8971616618675442,0.6081504702194357,0.5516276812218629,0.7948360439168648
0.209,0.563953488372093,0.6598639455782312,0.9298081422554983,0.8971616618675442,0.6081504702194357,0.5516276812218629,0.7948360439168648
0.21,0.5626822157434402,0.6564625850340136,0.9298081422554983,0.8967503085150144,0.6059654631083202,0.5491131312317602,0.793135363644756
0.211,0.5626822157434402,0.6564625850340136,0.9298081422554983,0.8967503085150144,0.6059654631083202,0.5491131312317602,0.793135363644756
0.212,0.564327485380117,0.6564625850340136,0.930276087973795,0.8971616618675442,0.6069182389937107,0.550222527543366,0.7933693365039043
0.213,0.5659824046920822,0.6564625850340136,0.9307440336920917,0.897573015220074,0.6078740157480315,0.551336234568063,0.7936033093630526
0.214,0.5680473372781065,0.6530612244897959,0.931679925128685,0.8979843685726039,0.6075949367088608,0.5510571214035991,0.7923705748092404
0.215,0.5680473372781065,0.6530612244897959,0.931679925128685,0.8979843685726039,0.6075949367088608,0.5510571214035991,0.7923705748092404
0.216,0.5701492537313433,0.6496598639455783,0.9326158165652785,0.8983957219251337,0.6073131955484896,0.5507906195574392,0.7911378402554283
0.217,0.5718562874251497,0.6496598639455783,0.9330837622835751,0.8988070752776635,0.60828025477707,0.5519261989828473,0.7913718131145767
0.218,0.5753012048192772,0.6496598639455783,0.9340196537201685,0.8996297819827231,0.610223642172524,0.55421097083533,0.7918397588328734
0.219,0.5770392749244713,0.6496598639455783,0.9344875994384652,0.900041135335253,0.6112,0.55536023126292,0.7920737316920217
0.22,0.5770392749244713,0.6496598639455783,0.9344875994384652,0.900041135335253,0.6112,0.55536023126292,0.7920737316920217
0.221,0.5787878787878787,0.6496598639455783,0.9349555451567618,0.9004524886877828,0.6121794871794872,0.556514120620389,0.7923077045511701
0.222,0.5823170731707317,0.6496598639455783,0.9358914365933552,0.9012751953928424,0.6141479099678456,0.5588359260959449,0.7927756502694667
0.223,0.5882352941176471,0.6462585034013606,0.9377632194665418,0.9025092554504319,0.6158833063209076,0.5610071069009098,0.7920108614339512
0.224,0.5956112852664577,0.6462585034013606,0.9396350023397286,0.9041546688605512,0.6199021207177814,0.5657861498951143,0.7929467528705446
0.225,0.5974842767295597,0.6462585034013606,0.9401029480580253,0.904566022213081,0.6209150326797386,0.5669934331541711,0.793180725729693
0.226,0.6012658227848101,0.6462585034013606,0.9410388394946186,0.9053887289181407,0.6229508196721312,0.5694233015769664,0.7936486714479896
0.227,0.6012658227848101,0.6462585034013606,0.9410388394946186,0.9053887289181407,0.6229508196721312,0.5694233015769664,0.7936486714479896
0.228,0.6070287539936102,0.6462585034013606,0.9424426766495086,0.9066227889757301,0.6260296540362438,0.5731069643280678,0.7943505900254346
0.229,0.6077170418006431,0.6428571428571429,0.9429106223678053,0.9066227889757301,0.6247933884297521,0.5718120064785857,0.7928838826124741
0.23,0.6077170418006431,0.6428571428571429,0.9429106223678053,0.9066227889757301,0.6247933884297521,0.5718120064785857,0.7928838826124741
0.231,0.6077170418006431,0.6428571428571429,0.9429106223678053,0.9066227889757301,0.6247933884297521,0.5718120064785857,0.7928838826124741
0.232,0.6096774193548387,0.6428571428571429,0.943378568086102,0.90703414232826,0.6258278145695364,0.5730559357801394,0.7931178554716225
0.233,0.6096774193548387,0.6428571428571429,0.943378568086102,0.90703414232826,0.6258278145695364,0.5730559357801394,0.7931178554716225
0.234,0.6096774193548387,0.6428571428571429,0.943378568086102,0.90703414232826,0.6258278145695364,0.5730559357801394,0.7931178554716225
0.23500000000000001,0.6136363636363636,0.6428571428571429,0.9443144595226953,0.9078568490333196,0.627906976744186,0.5755600139034557,0.7935858011899191
0.23600000000000002,0.6156351791530945,0.6428571428571429,0.944782405240992,0.9082682023858495,0.6289517470881864,0.5768202500004834,0.7938197740490675
0.23700000000000002,0.6176470588235294,0.6428571428571429,0.9452503509592888,0.9086795557383792,0.63,0.5780860097957503,0.7940537469082158
0.23800000000000002,0.6176470588235294,0.6428571428571429,0.9452503509592888,0.9086795557383792,0.63,0.5780860097957503,0.7940537469082158
0.23900000000000002,0.6176470588235294,0.6428571428571429,0.9452503509592888,0.9086795557383792,0.63,0.5780860097957503,0.7940537469082158
0.24,0.618421052631579,0.6394557823129252,0.9457182966775854,0.9086795557383792,0.6287625418060201,0.5768202119713736,0.7925870394952553
0.241,0.618421052631579,0.6394557823129252,0.9457182966775854,0.9086795557383792,0.6287625418060201,0.5768202119713736,0.7925870394952553
0.242,0.618421052631579,0.6394557823129252,0.9457182966775854,0.9086795557383792,0.6287625418060201,0.5768202119713736,0.7925870394952553
0.243,0.618421052631579,0.6394557823129252,0.9457182966775854,0.9086795557383792,0.6287625418060201,0.5768202119713736,0.7925870394952553
0.244,0.618421052631579,0.6394557823129252,0.9457182966775854,0.9086795557383792,0.6287625418060201,0.5768202119713736,0.7925870394952553
0.245,0.6225165562913907,0.6394557823129252,0.9466541881141788,0.9095022624434389,0.6308724832214765,0.5793803121341512,0.793054985213552
0.246,0.6225165562913907,0.6394557823129252,0.9466541881141788,0.9095022624434389,0.6308724832214765,0.5793803121341512,0.793054985213552
0.247,0.6266666666666667,0.6394557823129252,0.9475900795507721,0.9103249691484986,0.632996632996633,0.581963309685867,0.7935229309318487
0.248,0.632996632996633,0.6394557823129252,0.9489939167056621,0.911559029206088,0.6362098138747885,0.585881573317491,0.7942248495092936
0.249,0.632996632996633,0.6394557823129252,0.9489939167056621,0.911559029206088,0.6362098138747885,0.585881573317491,0.7942248495092936
0.25,0.6351351351351351,0.6394557823129252,0.9494618624239588,0.9119703825586178,0.6372881355932203,0.5871995277341997,0.794458822368442
0.251,0.6372881355932203,0.6394557823129252,0.9499298081422555,0.9123817359111477,0.6383701188455009,0.5885234984524997,0.7946927952275904
0.252,0.6372881355932203,0.6394557823129252,0.9499298081422555,0.9123817359111477,0.6383701188455009,0.5885234984524997,0.7946927952275904
0.253,0.6372881355932203,0.6394557823129252,0.9499298081422555,0.9123817359111477,0.6383701188455009,0.5885234984524997,0.7946927952275904
0.254,0.6372881355932203,0.6394557823129252,0.9499298081422555,0.9123817359111477,0.6383701188455009,0.5885234984524997,0.7946927952275904
0.255,0.6394557823129252,0.6394557823129252,0.9503977538605521,0.9127930892636775,0.6394557823129252,0.5898535361734774,0.7949267680867387
0.256,0.6416382252559727,0.6394557823129252,0.9508656995788488,0.9132044426162074,0.6405451448040886,0.5911896921987893,0.795160740945887
0.257,0.6416382252559727,0.6394557823129252,0.9508656995788488,0.9132044426162074,0.6405451448040886,0.5911896921987893,0.795160740945887
0.258,0.6416382252559727,0.6394557823129252,0.9508656995788488,0.9132044426162074,0.6405451448040886,0.5911896921987893,0.795160740945887
0.259,0.6460481099656358,0.6394557823129252,0.9518015910154423,0.9140271493212669,0.6427350427350428,0.5938805674273483,0.7956286866641837
0.26,0.6448275862068965,0.6360544217687075,0.9518015910154423,0.9136157959687371,0.6404109589041096,0.5913431336034698,0.7939280063920748
0.261,0.6448275862068965,0.6360544217687075,0.9518015910154423,0.9136157959687371,0.6404109589041096,0.5913431336034698,0.7939280063920748
0.262,0.6515679442508711,0.6360544217687075,0.9532054281703323,0.9148498560263266,0.6437177280550774,0.5954282532992441,0.7946299249695199
0.263,0.6515679442508711,0.6360544217687075,0.9532054281703323,0.9148498560263266,0.6437177280550774,0.5954282532992441,0.7946299249695199
0.264,0.6515679442508711,0.6360544217687075,0.9532054281703323,0.9148498560263266,0.6437177280550774,0.5954282532992441,0.7946299249695199
0.265,0.6515679442508711,0.6360544217687075,0.9532054281703323,0.9148498560263266,0.6437177280550774,0.5954282532992441,0.7946299249695199
0.266,0.6515679442508711,0.6360544217687075,0.9532054281703323,0.9148498560263266,0.6437177280550774,0.5954282532992441,0.7946299249695199
0.267,0.6515679442508711,0.6360544217687075,0.9532054281703323,0.9148498560263266,0.6437177280550774,0.5954282532992441,0.7946299249695199
0.268,0.657243816254417,0.6326530612244898,0.9546092653252223,0.9156725627313863,0.6447140381282496,0.5970321403077687,0.793631163274856
0.269,0.657243816254417,0.6326530612244898,0.9546092653252223,0.9156725627313863,0.6447140381282496,0.5970321403077687,0.793631163274856
0.27,0.6595744680851063,0.6326530612244898,0.955077211043519,0.916083916083916,0.6458333333333334,0.5984270619951634,0.7938651361340043
0.271,0.6595744680851063,0.6326530612244898,0.955077211043519,0.916083916083916,0.6458333333333334,0.5984270619951634,0.7938651361340043
0.272,0.6595744680851063,0.6326530612244898,0.955077211043519,0.916083916083916,0.6458333333333334,0.5984270619951634,0.7938651361340043
0.273,0.6571428571428571,0.6258503401360545,0.955077211043519,0.9152612093788565,0.6411149825783972,0.5933332400637692,0.7904637755897868
0.274,0.658273381294964,0.6224489795918368,0.9555451567618156,0.9152612093788565,0.6398601398601399,0.5921816503975824,0.7889970681768261
0.275,0.6606498194945848,0.6224489795918368,0.9560131024801123,0.9156725627313863,0.6409807355516638,0.5935920676324636,0.7892310410359745
0.276,0.6594202898550725,0.6190476190476191,0.9560131024801123,0.9152612093788565,0.6385964912280702,0.5910326227256891,0.7875303607638657
0.277,0.6594202898550725,0.6190476190476191,0.9560131024801123,0.9152612093788565,0.6385964912280702,0.5910326227256891,0.7875303607638657
0.278,0.6618181818181819,0.6190476190476191,0.956481048198409,0.9156725627313863,0.6397188049209139,0.5924506249784178,0.787764333623014
0.279,0.6691176470588235,0.6190476190476191,0.957884885353299,0.9169066227889757,0.6431095406360424,0.5967468853285032,0.7884662522004591
0.28,0.6691176470588235,0.6190476190476191,0.957884885353299,0.9169066227889757,0.6431095406360424,0.5967468853285032,0.7884662522004591
0.281,0.6715867158671587,0.6190476190476191,0.9583528310715957,0.9173179761415056,0.6442477876106195,0.5981932709726919,0.7887002250596074
0.28200000000000003,0.6715867158671587,0.6190476190476191,0.9583528310715957,0.9173179761415056,0.6442477876106195,0.5981932709726919,0.7887002250596074
0.28300000000000003,0.674074074074074,0.6190476190476191,0.9588207767898924,0.9177293294940354,0.6453900709219859,0.5996469152784801,0.7889341979187557
0.28400000000000003,0.6728624535315985,0.6156462585034014,0.9588207767898924,0.9173179761415056,0.6429840142095915,0.597086227866883,0.787233517646647
0.28500000000000003,0.6728624535315985,0.6156462585034014,0.9588207767898924,0.9173179761415056,0.6429840142095915,0.597086227866883,0.787233517646647
0.28600000000000003,0.6753731343283582,0.6156462585034014,0.9592887225081891,0.9177293294940354,0.6441281138790036,0.5985480261659473,0.7874674905057952
0.28700000000000003,0.6804511278195489,0.6156462585034014,0.9602246139447824,0.918552036199095,0.6464285714285715,0.6014939592208265,0.7879354362240919
0.28800000000000003,0.6804511278195489,0.6156462585034014,0.9602246139447824,0.918552036199095,0.6464285714285715,0.6014939592208265,0.7879354362240919
0.289,0.6804511278195489,0.6156462585034014,0.9602246139447824,0.918552036199095,0.6464285714285715,0.6014939592208265,0.7879354362240919
0.29,0.6856060606060606,0.6156462585034014,0.9611605053813758,0.9193747429041547,0.6487455197132617,0.6044701392858567,0.7884033819423886
0.291,0.6844106463878327,0.6122448979591837,0.9611605053813758,0.9189633895516248,0.6463195691202872,0.6019081089398297,0.7867027016702797
0.292,0.6844106463878327,0.6122448979591837,0.9611605053813758,0.9189633895516248,0.6463195691202872,0.6019081089398297,0.7867027016702797
0.293,0.6844106463878327,0.6122448979591837,0.9611605053813758,0.9189633895516248,0.6463195691202872,0.6019081089398297,0.7867027016702797
0.294,0.683206106870229,0.608843537414966,0.9611605053813758,0.918552036199095,0.6438848920863309,0.5993402443458254,0.7850020213981709
0.295,0.685823754789272,0.608843537414966,0.9616284510996724,0.9189633895516248,0.645045045045045,0.6008417883911777,0.7852359942573193
0.296,0.685823754789272,0.608843537414966,0.9616284510996724,0.9189633895516248,0.645045045045045,0.6008417883911777,0.7852359942573193
0.297,0.685823754789272,0.608843537414966,0.9616284510996724,0.9189633895516248,0.645045045045045,0.6008417883911777,0.7852359942573193
0.298,0.6884615384615385,0.608843537414966,0.9620963968179691,0.9193747429041547,0.6462093862815884,0.6023511741644227,0.7854699671164675
0.299,0.6911196911196911,0.608843537414966,0.9625643425362658,0.9197860962566845,0.6473779385171791,0.6038684766051543,0.7857039399756158
0.3,0.6964980544747081,0.608843537414966,0.9635002339728591,0.9206088029617442,0.6497277676950998,0.6069271363078936,0.7861718856939126
0.301,0.6964980544747081,0.608843537414966,0.9635002339728591,0.9206088029617442,0.6497277676950998,0.6069271363078936,0.7861718856939126
0.302,0.6964980544747081,0.608843537414966,0.9635002339728591,0.9206088029617442,0.6497277676950998,0.6069271363078936,0.7861718856939126
0.303,0.6964980544747081,0.608843537414966,0.9635002339728591,0.9206088029617442,0.6497277676950998,0.6069271363078936,0.7861718856939126
0.304,0.6964980544747081,0.608843537414966,0.9635002339728591,0.9206088029617442,0.6497277676950998,0.6069271363078936,0.7861718856939126
0.305,0.69921875,0.608843537414966,0.9639681796911558,0.9210201563142739,0.6509090909090909,0.6084686485626442,0.7864058585530609
0.306,0.7019607843137254,0.608843537414966,0.9644361254094524,0.9214315096668038,0.6520947176684881,0.6100183875066638,0.7866398314122092
0.307,0.7047244094488189,0.608843537414966,0.9649040711277492,0.9218428630193336,0.6532846715328468,0.6115764333020114,0.7868738042713577
0.308,0.7047244094488189,0.608843537414966,0.9649040711277492,0.9218428630193336,0.6532846715328468,0.6115764333020114,0.7868738042713577
0.309,0.7075098814229249,0.608843537414966,0.9653720168460459,0.9222542163718634,0.6544789762340036,0.613142867211075,0.787107777130506
0.31,0.7075098814229249,0.608843537414966,0.9653720168460459,0.9222542163718634,0.6544789762340036,0.613142867211075,0.787107777130506
0.311,0.7103174603174603,0.608843537414966,0.9658399625643426,0.9226655697243933,0.6556776556776557,0.6147177716161308,0.7873417499896542
0.312,0.7103174603174603,0.608843537414966,0.9658399625643426,0.9226655697243933,0.6556776556776557,0.6147177716161308,0.7873417499896542
0.313,0.7131474103585658,0.608843537414966,0.9663079082826392,0.9230769230769231,0.6568807339449542,0.6163012300393305,0.7875757228488026
0.314,0.7131474103585658,0.608843537414966,0.9663079082826392,0.9230769230769231,0.6568807339449542,0.6163012300393305,0.7875757228488026
0.315,0.7188755020080321,0.608843537414966,0.9672437997192326,0.9238996297819827,0.6593001841620626,0.6194941488511447,0.7880436685670993
0.316,0.7217741935483871,0.608843537414966,0.9677117454375292,0.9243109831345125,0.6605166051660517,0.6211037821695243,0.7882776414262476
0.317,0.7217741935483871,0.608843537414966,0.9677117454375292,0.9243109831345125,0.6605166051660517,0.6211037821695243,0.7882776414262476
0.318,0.7217741935483871,0.608843537414966,0.9677117454375292,0.9243109831345125,0.6605166051660517,0.6211037821695243,0.7882776414262476
0.319,0.7217741935483871,0.608843537414966,0.9677117454375292,0.9243109831345125,0.6605166051660517,0.6211037821695243,0.7882776414262476
0.32,0.7246963562753036,0.608843537414966,0.9681796911558259,0.9247223364870424,0.6617375231053605,0.6227223154087241,0.788511614285396
0.321,0.7224489795918367,0.6020408163265306,0.9681796911558259,0.9238996297819827,0.6567717996289425,0.6176047643264234,0.7851102537411783
0.322,0.7224489795918367,0.6020408163265306,0.9681796911558259,0.9238996297819827,0.6567717996289425,0.6176047643264234,0.7851102537411783
0.323,0.7224489795918367,0.6020408163265306,0.9681796911558259,0.9238996297819827,0.6567717996289425,0.6176047643264234,0.7851102537411783
0.324,0.7224489795918367,0.6020408163265306,0.9681796911558259,0.9238996297819827,0.6567717996289425,0.6176047643264234,0.7851102537411783
0.325,0.7224489795918367,0.6020408163265306,0.9681796911558259,0.9238996297819827,0.6567717996289425,0.6176047643264234,0.7851102537411783
0.326,0.7224489795918367,0.6020408163265306,0.9681796911558259,0.9238996297819827,0.6567717996289425,0.6176047643264234,0.7851102537411783
0.327,0.7224489795918367,0.6020408163265306,0.9681796911558259,0.9238996297819827,0.6567717996289425,0.6176047643264234,0.7851102537411783
0.328,0.7224489795918367,0.6020408163265306,0.9681796911558259,0.9238996297819827,0.6567717996289425,0.6176047643264234,0.7851102537411783
0.329,0.7213114754098361,0.5986394557823129,0.9681796911558259,0.9234882764294529,0.654275092936803,0.6150368448614862,0.7834095734690694
0.33,0.7213114754098361,0.5986394557823129,0.9681796911558259,0.9234882764294529,0.654275092936803,0.6150368448614862,0.7834095734690694
0.331,0.7231404958677686,0.5952380952380952,0.9686476368741226,0.9234882764294529,0.6529850746268657,0.61409628254907,0.781942866056109
0.332,0.7291666666666666,0.5952380952380952,0.9695835283107159,0.9243109831345125,0.6554307116104869,0.6173911950487593,0.7824108117744055
0.333,0.7291666666666666,0.5952380952380952,0.9695835283107159,0.9243109831345125,0.6554307116104869,0.6173911950487593,0.7824108117744055
0.334,0.7291666666666666,0.5952380952380952,0.9695835283107159,0.9243109831345125,0.6554307116104869,0.6173911950487593,0.7824108117744055
0.335,0.7291666666666666,0.5952380952380952,0.9695835283107159,0.9243109831345125,0.6554307116104869,0.6173911950487593,0.7824108117744055
0.336,0.7322175732217573,0.5952380952380952,0.9700514740290126,0.9247223364870424,0.6566604127579737,0.6190527722957931,0.7826447846335539
0.337,0.7310924369747899,0.5918367346938775,0.9700514740290126,0.9243109831345125,0.6541353383458647,0.6164786638737103,0.7809441043614451
0.338,0.7310924369747899,0.5918367346938775,0.9700514740290126,0.9243109831345125,0.6541353383458647,0.6164786638737103,0.7809441043614451
0.339,0.7372881355932204,0.5918367346938775,0.970987365465606,0.9251336898395722,0.6566037735849056,0.6198339330704051,0.7814120500797418
0.34,0.7372881355932204,0.5918367346938775,0.970987365465606,0.9251336898395722,0.6566037735849056,0.6198339330704051,0.7814120500797418
0.341,0.7404255319148936,0.5918367346938775,0.9714553111839027,0.9255450431921021,0.6578449905482041,0.621526207475553,0.7816460229388902
0.342,0.7404255319148936,0.5918367346938775,0.9714553111839027,0.9255450431921021,0.6578449905482041,0.621526207475553,0.7816460229388902
0.343,0.7404255319148936,0.5918367346938775,0.9714553111839027,0.9255450431921021,0.6578449905482041,0.621526207475553,0.7816460229388902
0.34400000000000003,0.7404255319148936,0.5918367346938775,0.9714553111839027,0.9255450431921021,0.6578449905482041,0.621526207475553,0.7816460229388902
0.34500000000000003,0.7404255319148936,0.5918367346938775,0.9714553111839027,0.9255450431921021,0.6578449905482041,0.621526207475553,0.7816460229388902
0.34600000000000003,0.7404255319148936,0.5918367346938775,0.9714553111839027,0.9255450431921021,0.6578449905482041,0.621526207475553,0.7816460229388902
0.34700000000000003,0.7404255319148936,0.5918367346938775,0.9714553111839027,0.9255450431921021,0.6578449905482041,0.621526207475553,0.7816460229388902
0.34800000000000003,0.7404255319148936,0.5918367346938775,0.9714553111839027,0.9255450431921021,0.6578449905482041,0.621526207475553,0.7816460229388902
0.34900000000000003,0.7404255319148936,0.5918367346938775,0.9714553111839027,0.9255450431921021,0.6578449905482041,0.621526207475553,0.7816460229388902
0.35000000000000003,0.7393162393162394,0.5884353741496599,0.9714553111839027,0.9251336898395722,0.6553030303030303,0.6189509181465986,0.7799453426667813
0.35100000000000003,0.7393162393162394,0.5884353741496599,0.9714553111839027,0.9251336898395722,0.6553030303030303,0.6189509181465986,0.7799453426667813
0.352,0.7424892703862661,0.5884353741496599,0.9719232569021994,0.9255450431921021,0.6565464895635673,0.6206548984668644,0.7801793155259296
0.353,0.7424892703862661,0.5884353741496599,0.9719232569021994,0.9255450431921021,0.6565464895635673,0.6206548984668644,0.7801793155259296
0.354,0.7424892703862661,0.5884353741496599,0.9719232569021994,0.9255450431921021,0.6565464895635673,0.6206548984668644,0.7801793155259296
0.355,0.7424892703862661,0.5884353741496599,0.9719232569021994,0.9255450431921021,0.6565464895635673,0.6206548984668644,0.7801793155259296
0.356,0.7456896551724138,0.5884353741496599,0.972391202620496,0.9259563965446318,0.6577946768060836,0.622368932290613,0.780413288385078
0.357,0.7456896551724138,0.5884353741496599,0.972391202620496,0.9259563965446318,0.6577946768060836,0.622368932290613,0.780413288385078
0.358,0.7521739130434782,0.5884353741496599,0.9733270940570894,0.9267791032496915,0.6603053435114504,0.6258275927454805,0.7808812341033746
0.359,0.7521739130434782,0.5884353741496599,0.9733270940570894,0.9267791032496915,0.6603053435114504,0.6258275927454805,0.7808812341033746
0.36,0.7521739130434782,0.5884353741496599,0.9733270940570894,0.9267791032496915,0.6603053435114504,0.6258275927454805,0.7808812341033746
0.361,0.7554585152838428,0.5884353741496599,0.9737950397753861,0.9271904566022213,0.6615678776290631,0.6275724396221825,0.7811152069625229
0.362,0.7554585152838428,0.5884353741496599,0.9737950397753861,0.9271904566022213,0.6615678776290631,0.6275724396221825,0.7811152069625229
0.363,0.7587719298245614,0.5884353741496599,0.9742629854936827,0.9276018099547512,0.6628352490421456,0.6293277805579192,0.7813491798216713
0.364,0.762114537444934,0.5884353741496599,0.9747309312119794,0.928013163307281,0.6641074856046065,0.6310937299188316,0.7815831526808197
0.365,0.762114537444934,0.5884353741496599,0.9747309312119794,0.928013163307281,0.6641074856046065,0.6310937299188316,0.7815831526808197
0.366,0.7610619469026548,0.5850340136054422,0.9747309312119794,0.9276018099547512,0.6615384615384615,0.6285257966442082,0.7798824724087108
0.367,0.7610619469026548,0.5850340136054422,0.9747309312119794,0.9276018099547512,0.6615384615384615,0.6285257966442082,0.7798824724087108
0.368,0.7610619469026548,0.5850340136054422,0.9747309312119794,0.9276018099547512,0.6615384615384615,0.6285257966442082,0.7798824724087108
0.369,0.7644444444444445,0.5850340136054422,0.9751988769302761,0.928013163307281,0.6628131021194605,0.6303046560649249,0.7801164452678591
0.37,0.7644444444444445,0.5850340136054422,0.9751988769302761,0.928013163307281,0.6628131021194605,0.6303046560649249,0.7801164452678591
0.371,0.7644444444444445,0.5850340136054422,0.9751988769302761,0.928013163307281,0.6628131021194605,0.6303046560649249,0.7801164452678591
0.372,0.7633928571428571,0.5816326530612245,0.9751988769302761,0.9276018099547512,0.6602316602316602,0.6277324350425452,0.7784157649957503
0.373,0.7633928571428571,0.5816326530612245,0.9751988769302761,0.9276018099547512,0.6602316602316602,0.6277324350425452,0.7784157649957503
0.374,0.7633928571428571,0.5816326530612245,0.9751988769302761,0.9276018099547512,0.6602316602316602,0.6277324350425452,0.7784157649957503
0.375,0.7633928571428571,0.5816326530612245,0.9751988769302761,0.9276018099547512,0.6602316602316602,0.6277324350425452,0.7784157649957503
0.376,0.7668161434977578,0.5816326530612245,0.9756668226485727,0.928013163307281,0.6615087040618955,0.6295244390635485,0.7786497378548987
0.377,0.7668161434977578,0.5816326530612245,0.9756668226485727,0.928013163307281,0.6615087040618955,0.6295244390635485,0.7786497378548987
0.378,0.7668161434977578,0.5816326530612245,0.9756668226485727,0.928013163307281,0.6615087040618955,0.6295244390635485,0.7786497378548987
0.379,0.7668161434977578,0.5816326530612245,0.9756668226485727,0.928013163307281,0.6615087040618955,0.6295244390635485,0.7786497378548987
0.38,0.7668161434977578,0.5816326530612245,0.9756668226485727,0.928013163307281,0.6615087040618955,0.6295244390635485,0.7786497378548987
0.381,0.7657657657657657,0.5782312925170068,0.9756668226485727,0.9276018099547512,0.6589147286821705,0.6269479236936321,0.7769490575827898
0.382,0.7692307692307693,0.5782312925170068,0.9761347683668694,0.928013163307281,0.6601941747572816,0.6287533136218788,0.777183030441938
0.383,0.7692307692307693,0.5782312925170068,0.9761347683668694,0.928013163307281,0.6601941747572816,0.6287533136218788,0.777183030441938
0.384,0.7692307692307693,0.5782312925170068,0.9761347683668694,0.928013163307281,0.6601941747572816,0.6287533136218788,0.777183030441938
0.385,0.7727272727272727,0.5782312925170068,0.9766027140851661,0.9284245166598107,0.6614785992217899,0.6305699730694009,0.7774170033010864
0.386,0.7727272727272727,0.5782312925170068,0.9766027140851661,0.9284245166598107,0.6614785992217899,0.6305699730694009,0.7774170033010864
0.387,0.7727272727272727,0.5782312925170068,0.9766027140851661,0.9284245166598107,0.6614785992217899,0.6305699730694009,0.7774170033010864
0.388,0.776255707762557,0.5782312925170068,0.9770706598034627,0.9288358700123406,0.6627680311890838,0.6323980293180174,0.7776509761602348
0.389,0.776255707762557,0.5782312925170068,0.9770706598034627,0.9288358700123406,0.6627680311890838,0.6323980293180174,0.7776509761602348
0.39,0.776255707762557,0.5782312925170068,0.9770706598034627,0.9288358700123406,0.6627680311890838,0.6323980293180174,0.7776509761602348
0.391,0.776255707762557,0.5782312925170068,0.9770706598034627,0.9288358700123406,0.6627680311890838,0.6323980293180174,0.7776509761602348
0.392,0.776255707762557,0.5782312925170068,0.9770706598034627,0.9288358700123406,0.6627680311890838,0.6323980293180174,0.7776509761602348
0.393,0.776255707762557,0.5782312925170068,0.9770706598034627,0.9288358700123406,0.6627680311890838,0.6323980293180174,0.7776509761602348
0.394,0.776255707762557,0.5782312925170068,0.9770706598034627,0.9288358700123406,0.6627680311890838,0.6323980293180174,0.7776509761602348
0.395,0.776255707762557,0.5782312925170068,0.9770706598034627,0.9288358700123406,0.6627680311890838,0.6323980293180174,0.7776509761602348
0.396,0.7798165137614679,0.5782312925170068,0.9775386055217595,0.9292472233648704,0.6640625,0.6342376116780307,0.7778849490193831
0.397,0.7798165137614679,0.5782312925170068,0.9775386055217595,0.9292472233648704,0.6640625,0.6342376116780307,0.7778849490193831
0.398,0.7798165137614679,0.5782312925170068,0.9775386055217595,0.9292472233648704,0.6640625,0.6342376116780307,0.7778849490193831
0.399,0.7798165137614679,0.5782312925170068,0.9775386055217595,0.9292472233648704,0.6640625,0.6342376116780307,0.7778849490193831
0.4,0.7788018433179723,0.5748299319727891,0.9775386055217595,0.9288358700123406,0.6614481409001957,0.6316640850307267,0.7761842687472743
0.401,0.7788018433179723,0.5748299319727891,0.9775386055217595,0.9288358700123406,0.6614481409001957,0.6316640850307267,0.7761842687472743
0.402,0.7788018433179723,0.5748299319727891,0.9775386055217595,0.9288358700123406,0.6614481409001957,0.6316640850307267,0.7761842687472743
0.403,0.7788018433179723,0.5748299319727891,0.9775386055217595,0.9288358700123406,0.6614481409001957,0.6316640850307267,0.7761842687472743
0.404,0.7788018433179723,0.5748299319727891,0.9775386055217595,0.9288358700123406,0.6614481409001957,0.6316640850307267,0.7761842687472743
0.405,0.786046511627907,0.5748299319727891,0.9784744969583529,0.9296585767174003,0.6640471512770137,0.6353835471290313,0.776652214465571
0.406,0.786046511627907,0.5748299319727891,0.9784744969583529,0.9296585767174003,0.6640471512770137,0.6353835471290313,0.776652214465571
0.40700000000000003,0.786046511627907,0.5748299319727891,0.9784744969583529,0.9296585767174003,0.6640471512770137,0.6353835471290313,0.776652214465571
0.40800000000000003,0.786046511627907,0.5748299319727891,0.9784744969583529,0.9296585767174003,0.6640471512770137,0.6353835471290313,0.776652214465571
0.40900000000000003,0.786046511627907,0.5748299319727891,0.9784744969583529,0.9296585767174003,0.6640471512770137,0.6353835471290313,0.776652214465571
0.41000000000000003,0.786046511627907,0.5748299319727891,0.9784744969583529,0.9296585767174003,0.6640471512770137,0.6353835471290313,0.776652214465571
0.41100000000000003,0.786046511627907,0.5748299319727891,0.9784744969583529,0.9296585767174003,0.6640471512770137,0.6353835471290313,0.776652214465571
0.41200000000000003,0.786046511627907,0.5748299319727891,0.9784744969583529,0.9296585767174003,0.6640471512770137,0.6353835471290313,0.776652214465571
0.41300000000000003,0.786046511627907,0.5748299319727891,0.9784744969583529,0.9296585767174003,0.6640471512770137,0.6353835471290313,0.776652214465571
0.41400000000000003,0.786046511627907,0.5748299319727891,0.9784744969583529,0.9296585767174003,0.6640471512770137,0.6353835471290313,0.776652214465571
0.41500000000000004,0.786046511627907,0.5748299319727891,0.9784744969583529,0.9296585767174003,0.6640471512770137,0.6353835471290313,0.776652214465571
0.41600000000000004,0.786046511627907,0.5748299319727891,0.9784744969583529,0.9296585767174003,0.6640471512770137,0.6353835471290313,0.776652214465571
0.417,0.786046511627907,0.5748299319727891,0.9784744969583529,0.9296585767174003,0.6640471512770137,0.6353835471290313,0.776652214465571
0.418,0.786046511627907,0.5748299319727891,0.9784744969583529,0.9296585767174003,0.6640471512770137,0.6353835471290313,0.776652214465571
0.419,0.786046511627907,0.5748299319727891,0.9784744969583529,0.9296585767174003,0.6640471512770137,0.6353835471290313,0.776652214465571
0.42,0.786046511627907,0.5748299319727891,0.9784744969583529,0.9296585767174003,0.6640471512770137,0.6353835471290313,0.776652214465571
0.421,0.786046511627907,0.5748299319727891,0.9784744969583529,0.9296585767174003,0.6640471512770137,0.6353835471290313,0.776652214465571
0.422,0.7897196261682243,0.5748299319727891,0.9789424426766495,0.9300699300699301,0.6653543307086615,0.637261204217889,0.7768861873247193
0.423,0.7897196261682243,0.5748299319727891,0.9789424426766495,0.9300699300699301,0.6653543307086615,0.637261204217889,0.7768861873247193
0.424,0.7897196261682243,0.5748299319727891,0.9789424426766495,0.9300699300699301,0.6653543307086615,0.637261204217889,0.7768861873247193
0.425,0.7897196261682243,0.5748299319727891,0.9789424426766495,0.9300699300699301,0.6653543307086615,0.637261204217889,0.7768861873247193
0.426,0.7897196261682243,0.5748299319727891,0.9789424426766495,0.9300699300699301,0.6653543307086615,0.637261204217889,0.7768861873247193
0.427,0.7897196261682243,0.5748299319727891,0.9789424426766495,0.9300699300699301,0.6653543307086615,0.637261204217889,0.7768861873247193
0.428,0.7924528301886793,0.5714285714285714,0.9794103883949462,0.9300699300699301,0.6640316205533597,0.6365814721474607,0.7754194799117589
0.429,0.7990430622009569,0.5680272108843537,0.9803462798315395,0.93048128342246,0.6640159045725647,0.6378333277503739,0.7741867453579466
0.43,0.7980769230769231,0.564625850340136,0.9803462798315395,0.9300699300699301,0.6613545816733067,0.6352560656194989,0.7724860650858378
0.431,0.8058252427184466,0.564625850340136,0.9812821712681329,0.9308926367749897,0.664,0.6391411567697435,0.7729540108041344
0.432,0.8058252427184466,0.564625850340136,0.9812821712681329,0.9308926367749897,0.664,0.6391411567697435,0.7729540108041344
0.433,0.8058252427184466,0.564625850340136,0.9812821712681329,0.9308926367749897,0.664,0.6391411567697435,0.7729540108041344
0.434,0.8097560975609757,0.564625850340136,0.9817501169864296,0.9313039901275195,0.6653306613226453,0.6411032878738029,0.7731879836632828
0.435,0.8097560975609757,0.564625850340136,0.9817501169864296,0.9313039901275195,0.6653306613226453,0.6411032878738029,0.7731879836632828
0.436,0.8137254901960784,0.564625850340136,0.9822180627047262,0.9317153434800494,0.6666666666666666,0.6430786870001804,0.7734219565224312
0.437,0.8137254901960784,0.564625850340136,0.9822180627047262,0.9317153434800494,0.6666666666666666,0.6430786870001804,0.7734219565224312
0.438,0.8177339901477833,0.564625850340136,0.9826860084230229,0.9321266968325792,0.6680080482897385,0.6450675157868015,0.7736559293815795
0.439,0.8177339901477833,0.564625850340136,0.9826860084230229,0.9321266968325792,0.6680080482897385,0.6450675157868015,0.7736559293815795
0.44,0.8177339901477833,0.564625850340136,0.9826860084230229,0.9321266968325792,0.6680080482897385,0.6450675157868015,0.7736559293815795
0.441,0.8177339901477833,0.564625850340136,0.9826860084230229,0.9321266968325792,0.6680080482897385,0.6450675157868015,0.7736559293815795
0.442,0.8217821782178217,0.564625850340136,0.9831539541413196,0.932538050185109,0.6693548387096774,0.6470699386521915,0.7738899022407277
0.443,0.825,0.5612244897959183,0.9836218998596162,0.932538050185109,0.6680161943319838,0.6465248478766001,0.7724231948277673
0.444,0.8291457286432161,0.5612244897959183,0.984089845577913,0.9329494035376388,0.6693711967545639,0.6485585777680537,0.7726571676869156
0.445,0.8375634517766497,0.5612244897959183,0.9850257370145064,0.9337721102426985,0.6720977596741344,0.6526688102535433,0.7731251134052124
0.446,0.8418367346938775,0.5612244897959183,0.985493682732803,0.9341834635952283,0.673469387755102,0.6547456724796884,0.7733590862643607
0.447,0.8461538461538461,0.5612244897959183,0.9859616284510997,0.9345948169477581,0.6748466257668712,0.6568372771226075,0.773593059123509
0.448,0.8505154639175257,0.5612244897959183,0.9864295741693964,0.935006170300288,0.6762295081967213,0.6589438121189684,0.7738270319826573
0.449,0.8505154639175257,0.5612244897959183,0.9864295741693964,0.935006170300288,0.6762295081967213,0.6589438121189684,0.7738270319826573
0.45,0.8505154639175257,0.5612244897959183,0.9864295741693964,0.935006170300288,0.6762295081967213,0.6589438121189684,0.7738270319826573
0.451,0.8505154639175257,0.5612244897959183,0.9864295741693964,0.935006170300288,0.6762295081967213,0.6589438121189684,0.7738270319826573
0.452,0.8505154639175257,0.5612244897959183,0.9864295741693964,0.935006170300288,0.6762295081967213,0.6589438121189684,0.7738270319826573
0.453,0.8549222797927462,0.5612244897959183,0.986897519887693,0.9354175236528177,0.6776180698151951,0.6610654687897789,0.7740610048418057
0.454,0.8549222797927462,0.5612244897959183,0.986897519887693,0.9354175236528177,0.6776180698151951,0.6610654687897789,0.7740610048418057
0.455,0.8549222797927462,0.5612244897959183,0.986897519887693,0.9354175236528177,0.6776180698151951,0.6610654687897789,0.7740610048418057
0.456,0.8541666666666666,0.5578231292517006,0.986897519887693,0.935006170300288,0.6748971193415638,0.6585247526241661,0.7723603245696968
0.457,0.8534031413612565,0.5544217687074829,0.986897519887693,0.9345948169477581,0.6721649484536083,0.6559771866457047,0.7706596442975879
0.458,0.8526315789473684,0.5510204081632653,0.986897519887693,0.9341834635952283,0.6694214876033058,0.6534226979518218,0.7689589640254791
0.459,0.8526315789473684,0.5510204081632653,0.986897519887693,0.9341834635952283,0.6694214876033058,0.6534226979518218,0.7689589640254791
0.46,0.8526315789473684,0.5510204081632653,0.986897519887693,0.9341834635952283,0.6694214876033058,0.6534226979518218,0.7689589640254791
0.461,0.8526315789473684,0.5510204081632653,0.986897519887693,0.9341834635952283,0.6694214876033058,0.6534226979518218,0.7689589640254791
0.462,0.8526315789473684,0.5510204081632653,0.986897519887693,0.9341834635952283,0.6694214876033058,0.6534226979518218,0.7689589640254791
0.463,0.8526315789473684,0.5510204081632653,0.986897519887693,0.9341834635952283,0.6694214876033058,0.6534226979518218,0.7689589640254791
0.464,0.8526315789473684,0.5510204081632653,0.986897519887693,0.9341834635952283,0.6694214876033058,0.6534226979518218,0.7689589640254791
0.465,0.8526315789473684,0.5510204081632653,0.986897519887693,0.9341834635952283,0.6694214876033058,0.6534226979518218,0.7689589640254791
0.466,0.8518518518518519,0.5476190476190477,0.986897519887693,0.9337721102426985,0.6666666666666666,0.6508612125017682,0.7672582837533704
0.467,0.8518518518518519,0.5476190476190477,0.986897519887693,0.9337721102426985,0.6666666666666666,0.6508612125017682,0.7672582837533704
0.468,0.8518518518518519,0.5476190476190477,0.986897519887693,0.9337721102426985,0.6666666666666666,0.6508612125017682,0.7672582837533704
0.46900000000000003,0.851063829787234,0.54421768707483,0.986897519887693,0.9333607568901686,0.6639004149377593,0.6482926550921088,0.7655576034812615
0.47000000000000003,0.851063829787234,0.54421768707483,0.986897519887693,0.9333607568901686,0.6639004149377593,0.6482926550921088,0.7655576034812615
0.47100000000000003,0.851063829787234,0.54421768707483,0.986897519887693,0.9333607568901686,0.6639004149377593,0.6482926550921088,0.7655576034812615
0.47200000000000003,0.8502673796791443,0.5408163265306123,0.986897519887693,0.9329494035376388,0.6611226611226612,0.6457169493315437,0.7638569232091527
0.47300000000000003,0.8502673796791443,0.5408163265306123,0.986897519887693,0.9329494035376388,0.6611226611226612,0.6457169493315437,0.7638569232091527
0.47400000000000003,0.8502673796791443,0.5408163265306123,0.986897519887693,0.9329494035376388,0.6611226611226612,0.6457169493315437,0.7638569232091527
0.47500000000000003,0.8594594594594595,0.5408163265306123,0.9878334113242864,0.9337721102426985,0.6638830897703549,0.6500596464458486,0.7643248689274493
0.47600000000000003,0.8594594594594595,0.5408163265306123,0.9878334113242864,0.9337721102426985,0.6638830897703549,0.6500596464458486,0.7643248689274493
0.47700000000000004,0.8594594594594595,0.5408163265306123,0.9878334113242864,0.9337721102426985,0.6638830897703549,0.6500596464458486,0.7643248689274493
0.47800000000000004,0.8641304347826086,0.5408163265306123,0.988301357042583,0.9341834635952283,0.6652719665271967,0.6522555074613184,0.7645588417865976
0.47900000000000004,0.8641304347826086,0.5408163265306123,0.988301357042583,0.9341834635952283,0.6652719665271967,0.6522555074613184,0.7645588417865976
0.48,0.8641304347826086,0.5408163265306123,0.988301357042583,0.9341834635952283,0.6652719665271967,0.6522555074613184,0.7645588417865976
0.481,0.8641304347826086,0.5408163265306123,0.988301357042583,0.9341834635952283,0.6652719665271967,0.6522555074613184,0.7645588417865976
0.482,0.8641304347826086,0.5408163265306123,0.988301357042583,0.9341834635952283,0.6652719665271967,0.6522555074613184,0.7645588417865976
0.483,0.8641304347826086,0.5408163265306123,0.988301357042583,0.9341834635952283,0.6652719665271967,0.6522555074613184,0.7645588417865976
0.484,0.8641304347826086,0.5408163265306123,0.988301357042583,0.9341834635952283,0.6652719665271967,0.6522555074613184,0.7645588417865976
0.485,0.8641304347826086,0.5408163265306123,0.988301357042583,0.9341834635952283,0.6652719665271967,0.6522555074613184,0.7645588417865976
0.486,0.8641304347826086,0.5408163265306123,0.988301357042583,0.9341834635952283,0.6652719665271967,0.6522555074613184,0.7645588417865976
0.487,0.8641304347826086,0.5408163265306123,0.988301357042583,0.9341834635952283,0.6652719665271967,0.6522555074613184,0.7645588417865976
0.488,0.8641304347826086,0.5408163265306123,0.988301357042583,0.9341834635952283,0.6652719665271967,0.6522555074613184,0.7645588417865976
0.489,0.8641304347826086,0.5408163265306123,0.988301357042583,0.9341834635952283,0.6652719665271967,0.6522555074613184,0.7645588417865976
0.49,0.8641304347826086,0.5408163265306123,0.988301357042583,0.9341834635952283,0.6652719665271967,0.6522555074613184,0.7645588417865976
0.491,0.8641304347826086,0.5408163265306123,0.988301357042583,0.9341834635952283,0.6652719665271967,0.6522555074613184,0.7645588417865976
0.492,0.8641304347826086,0.5408163265306123,0.988301357042583,0.9341834635952283,0.6652719665271967,0.6522555074613184,0.7645588417865976
0.493,0.8641304347826086,0.5408163265306123,0.988301357042583,0.9341834635952283,0.6652719665271967,0.6522555074613184,0.7645588417865976
0.494,0.8641304347826086,0.5408163265306123,0.988301357042583,0.9341834635952283,0.6652719665271967,0.6522555074613184,0.7645588417865976
0.495,0.8641304347826086,0.5408163265306123,0.988301357042583,0.9341834635952283,0.6652719665271967,0.6522555074613184,0.7645588417865976
0.496,0.8641304347826086,0.5408163265306123,0.988301357042583,0.9341834635952283,0.6652719665271967,0.6522555074613184,0.7645588417865976
0.497,0.8641304347826086,0.5408163265306123,0.988301357042583,0.9341834635952283,0.6652719665271967,0.6522555074613184,0.7645588417865976
0.498,0.8641304347826086,0.5408163265306123,0.988301357042583,0.9341834635952283,0.6652719665271967,0.6522555074613184,0.7645588417865976
0.499,0.8641304347826086,0.5408163265306123,0.988301357042583,0.9341834635952283,0.6652719665271967,0.6522555074613184,0.7645588417865976
0.5,0.8641304347826086,0.5408163265306123,0.988301357042583,0.9341834635952283,0.6652719665271967,0.6522555074613184,0.7645588417865976
0.501,0.8626373626373627,0.5340136054421769,0.988301357042583,0.9333607568901686,0.6596638655462185,0.6471097920427366,0.76115748124238
0.502,0.8626373626373627,0.5340136054421769,0.988301357042583,0.9333607568901686,0.6596638655462185,0.6471097920427366,0.76115748124238
0.503,0.8626373626373627,0.5340136054421769,0.988301357042583,0.9333607568901686,0.6596638655462185,0.6471097920427366,0.76115748124238
0.504,0.8626373626373627,0.5340136054421769,0.988301357042583,0.9333607568901686,0.6596638655462185,0.6471097920427366,0.76115748124238
0.505,0.8626373626373627,0.5340136054421769,0.988301357042583,0.9333607568901686,0.6596638655462185,0.6471097920427366,0.76115748124238
0.506,0.8674033149171271,0.5340136054421769,0.9887693027608797,0.9337721102426985,0.6610526315789473,0.6493319314085526,0.7613914541015283
0.507,0.8674033149171271,0.5340136054421769,0.9887693027608797,0.9337721102426985,0.6610526315789473,0.6493319314085526,0.7613914541015283
0.508,0.8674033149171271,0.5340136054421769,0.9887693027608797,0.9337721102426985,0.6610526315789473,0.6493319314085526,0.7613914541015283
0.509,0.8674033149171271,0.5340136054421769,0.9887693027608797,0.9337721102426985,0.6610526315789473,0.6493319314085526,0.7613914541015283
0.51,0.8674033149171271,0.5340136054421769,0.9887693027608797,0.9337721102426985,0.6610526315789473,0.6493319314085526,0.7613914541015283
0.511,0.8674033149171271,0.5340136054421769,0.9887693027608797,0.9337721102426985,0.6610526315789473,0.6493319314085526,0.7613914541015283
0.512,0.8674033149171271,0.5340136054421769,0.9887693027608797,0.9337721102426985,0.6610526315789473,0.6493319314085526,0.7613914541015283
0.513,0.8674033149171271,0.5340136054421769,0.9887693027608797,0.9337721102426985,0.6610526315789473,0.6493319314085526,0.7613914541015283
0.514,0.8674033149171271,0.5340136054421769,0.9887693027608797,0.9337721102426985,0.6610526315789473,0.6493319314085526,0.7613914541015283
0.515,0.8674033149171271,0.5340136054421769,0.9887693027608797,0.9337721102426985,0.6610526315789473,0.6493319314085526,0.7613914541015283
0.516,0.8674033149171271,0.5340136054421769,0.9887693027608797,0.9337721102426985,0.6610526315789473,0.6493319314085526,0.7613914541015283
0.517,0.8674033149171271,0.5340136054421769,0.9887693027608797,0.9337721102426985,0.6610526315789473,0.6493319314085526,0.7613914541015283
0.518,0.8674033149171271,0.5340136054421769,0.9887693027608797,0.9337721102426985,0.6610526315789473,0.6493319314085526,0.7613914541015283
0.519,0.8674033149171271,0.5340136054421769,0.9887693027608797,0.9337721102426985,0.6610526315789473,0.6493319314085526,0.7613914541015283
0.52,0.8674033149171271,0.5340136054421769,0.9887693027608797,0.9337721102426985,0.6610526315789473,0.6493319314085526,0.7613914541015283
0.521,0.8674033149171271,0.5340136054421769,0.9887693027608797,0.9337721102426985,0.6610526315789473,0.6493319314085526,0.7613914541015283
0.522,0.8722222222222222,0.5340136054421769,0.9892372484791764,0.9341834635952283,0.6624472573839663,0.6515711881778123,0.7616254269606766
0.523,0.8722222222222222,0.5340136054421769,0.9892372484791764,0.9341834635952283,0.6624472573839663,0.6515711881778123,0.7616254269606766
0.524,0.8722222222222222,0.5340136054421769,0.9892372484791764,0.9341834635952283,0.6624472573839663,0.6515711881778123,0.7616254269606766
0.525,0.8722222222222222,0.5340136054421769,0.9892372484791764,0.9341834635952283,0.6624472573839663,0.6515711881778123,0.7616254269606766
0.526,0.8722222222222222,0.5340136054421769,0.9892372484791764,0.9341834635952283,0.6624472573839663,0.6515711881778123,0.7616254269606766
0.527,0.8770949720670391,0.5340136054421769,0.989705194197473,0.9345948169477581,0.6638477801268499,0.6538277987657493,0.761859399819825
0.528,0.8770949720670391,0.5340136054421769,0.989705194197473,0.9345948169477581,0.6638477801268499,0.6538277987657493,0.761859399819825
0.529,0.8820224719101124,0.5340136054421769,0.9901731399157697,0.935006170300288,0.6652542372881356,0.6561020042035806,0.7620933726789734
0.53,0.8820224719101124,0.5340136054421769,0.9901731399157697,0.935006170300288,0.6652542372881356,0.6561020042035806,0.7620933726789734
0.531,0.8813559322033898,0.5306122448979592,0.9901731399157697,0.9345948169477581,0.6624203821656051,0.653538421848336,0.7603926924068645
0.532,0.8813559322033898,0.5306122448979592,0.9901731399157697,0.9345948169477581,0.6624203821656051,0.653538421848336,0.7603926924068645
0.533,0.88,0.5238095238095238,0.9901731399157697,0.9337721102426985,0.6567164179104478,0.6483892787441362,0.7569913318626468
0.534,0.8786127167630058,0.5170068027210885,0.9901731399157697,0.9329494035376388,0.6509635974304069,0.6432102790145172,0.7535899713184291
0.535,0.8786127167630058,0.5170068027210885,0.9901731399157697,0.9329494035376388,0.6509635974304069,0.6432102790145172,0.7535899713184291
0.536,0.8786127167630058,0.5170068027210885,0.9901731399157697,0.9329494035376388,0.6509635974304069,0.6432102790145172,0.7535899713184291
0.537,0.8786127167630058,0.5170068027210885,0.9901731399157697,0.9329494035376388,0.6509635974304069,0.6432102790145172,0.7535899713184291
0.538,0.8786127167630058,0.5170068027210885,0.9901731399157697,0.9329494035376388,0.6509635974304069,0.6432102790145172,0.7535899713184291
0.539,0.877906976744186,0.5136054421768708,0.9901731399157697,0.932538050185109,0.648068669527897,0.6406093706435485,0.7518892910463202
0.54,0.877906976744186,0.5136054421768708,0.9901731399157697,0.932538050185109,0.648068669527897,0.6406093706435485,0.7518892910463202
0.541,0.877906976744186,0.5136054421768708,0.9901731399157697,0.932538050185109,0.648068669527897,0.6406093706435485,0.7518892910463202
0.542,0.8771929824561403,0.5102040816326531,0.9901731399157697,0.9321266968325792,0.6451612903225806,0.6380007405075907,0.7501886107742114
0.543,0.8771929824561403,0.5102040816326531,0.9901731399157697,0.9321266968325792,0.6451612903225806,0.6380007405075907,0.7501886107742114
0.544,0.8771929824561403,0.5102040816326531,0.9901731399157697,0.9321266968325792,0.6451612903225806,0.6380007405075907,0.7501886107742114
0.545,0.8771929824561403,0.5102040816326531,0.9901731399157697,0.9321266968325792,0.6451612903225806,0.6380007405075907,0.7501886107742114
0.546,0.8771929824561403,0.5102040816326531,0.9901731399157697,0.9321266968325792,0.6451612903225806,0.6380007405075907,0.7501886107742114
0.547,0.8823529411764706,0.5102040816326531,0.9906410856340665,0.932538050185109,0.646551724137931,0.6403312128809632,0.7504225836333598
0.548,0.8823529411764706,0.5102040816326531,0.9906410856340665,0.932538050185109,0.646551724137931,0.6403312128809632,0.7504225836333598
0.549,0.8823529411764706,0.5102040816326531,0.9906410856340665,0.932538050185109,0.646551724137931,0.6403312128809632,0.7504225836333598
0.55,0.8823529411764706,0.5102040816326531,0.9906410856340665,0.932538050185109,0.646551724137931,0.6403312128809632,0.7504225836333598
0.551,0.8823529411764706,0.5102040816326531,0.9906410856340665,0.932538050185109,0.646551724137931,0.6403312128809632,0.7504225836333598
0.552,0.8823529411764706,0.5102040816326531,0.9906410856340665,0.932538050185109,0.646551724137931,0.6403312128809632,0.7504225836333598
0.553,0.8823529411764706,0.5102040816326531,0.9906410856340665,0.932538050185109,0.646551724137931,0.6403312128809632,0.7504225836333598
0.554,0.8823529411764706,0.5102040816326531,0.9906410856340665,0.932538050185109,0.646551724137931,0.6403312128809632,0.7504225836333598
0.555,0.8823529411764706,0.5102040816326531,0.9906410856340665,0.932538050185109,0.646551724137931,0.6403312128809632,0.7504225836333598
0.556,0.8823529411764706,0.5102040816326531,0.9906410856340665,0.932538050185109,0.646551724137931,0.6403312128809632,0.7504225836333598
0.557,0.8823529411764706,0.5102040816326531,0.9906410856340665,0.932538050185109,0.646551724137931,0.6403312128809632,0.7504225836333598
0.558,0.8823529411764706,0.5102040816326531,0.9906410856340665,0.932538050185109,0.646551724137931,0.6403312128809632,0.7504225836333598
0.559,0.8823529411764706,0.5102040816326531,0.9906410856340665,0.932538050185109,0.646551724137931,0.6403312128809632,0.7504225836333598
0.56,0.8823529411764706,0.5102040816326531,0.9906410856340665,0.932538050185109,0.646551724137931,0.6403312128809632,0.7504225836333598
0.561,0.8823529411764706,0.5102040816326531,0.9906410856340665,0.932538050185109,0.646551724137931,0.6403312128809632,0.7504225836333598
0.562,0.8823529411764706,0.5102040816326531,0.9906410856340665,0.932538050185109,0.646551724137931,0.6403312128809632,0.7504225836333598
0.5630000000000001,0.8823529411764706,0.5102040816326531,0.9906410856340665,0.932538050185109,0.646551724137931,0.6403312128809632,0.7504225836333598
0.5640000000000001,0.8823529411764706,0.5102040816326531,0.9906410856340665,0.932538050185109,0.646551724137931,0.6403312128809632,0.7504225836333598
0.5650000000000001,0.8823529411764706,0.5102040816326531,0.9906410856340665,0.932538050185109,0.646551724137931,0.6403312128809632,0.7504225836333598
0.5660000000000001,0.8823529411764706,0.5102040816326531,0.9906410856340665,0.932538050185109,0.646551724137931,0.6403312128809632,0.7504225836333598
0.5670000000000001,0.8823529411764706,0.5102040816326531,0.9906410856340665,0.932538050185109,0.646551724137931,0.6403312128809632,0.7504225836333598
0.5680000000000001,0.8823529411764706,0.5102040816326531,0.9906410856340665,0.932538050185109,0.646551724137931,0.6403312128809632,0.7504225836333598
0.5690000000000001,0.8823529411764706,0.5102040816326531,0.9906410856340665,0.932538050185109,0.646551724137931,0.6403312128809632,0.7504225836333598
0.5700000000000001,0.8816568047337278,0.5068027210884354,0.9906410856340665,0.9321266968325792,0.6436285097192225,0.6377203883064194,0.7487219033612509
0.5710000000000001,0.8816568047337278,0.5068027210884354,0.9906410856340665,0.9321266968325792,0.6436285097192225,0.6377203883064194,0.7487219033612509
0.5720000000000001,0.8816568047337278,0.5068027210884354,0.9906410856340665,0.9321266968325792,0.6436285097192225,0.6377203883064194,0.7487219033612509
0.5730000000000001,0.8816568047337278,0.5068027210884354,0.9906410856340665,0.9321266968325792,0.6436285097192225,0.6377203883064194,0.7487219033612509
0.5740000000000001,0.8816568047337278,0.5068027210884354,0.9906410856340665,0.9321266968325792,0.6436285097192225,0.6377203883064194,0.7487219033612509
0.5750000000000001,0.8816568047337278,0.5068027210884354,0.9906410856340665,0.9321266968325792,0.6436285097192225,0.6377203883064194,0.7487219033612509
0.5760000000000001,0.8809523809523809,0.5034013605442177,0.9906410856340665,0.9317153434800494,0.6406926406926406,0.6351016950435948,0.7470212230891421
0.577,0.8809523809523809,0.5034013605442177,0.9906410856340665,0.9317153434800494,0.6406926406926406,0.6351016950435948,0.7470212230891421
0.578,0.8809523809523809,0.5034013605442177,0.9906410856340665,0.9317153434800494,0.6406926406926406,0.6351016950435948,0.7470212230891421
0.579,0.8809523809523809,0.5034013605442177,0.9906410856340665,0.9317153434800494,0.6406926406926406,0.6351016950435948,0.7470212230891421
0.58,0.8809523809523809,0.5034013605442177,0.9906410856340665,0.9317153434800494,0.6406926406926406,0.6351016950435948,0.7470212230891421
0.581,0.8809523809523809,0.5034013605442177,0.9906410856340665,0.9317153434800494,0.6406926406926406,0.6351016950435948,0.7470212230891421
0.582,0.8795180722891566,0.4965986394557823,0.9906410856340665,0.9308926367749897,0.6347826086956522,0.6298403337701208,0.7436198625449244
0.583,0.8795180722891566,0.4965986394557823,0.9906410856340665,0.9308926367749897,0.6347826086956522,0.6298403337701208,0.7436198625449244
0.584,0.8795180722891566,0.4965986394557823,0.9906410856340665,0.9308926367749897,0.6347826086956522,0.6298403337701208,0.7436198625449244
0.585,0.8795180722891566,0.4965986394557823,0.9906410856340665,0.9308926367749897,0.6347826086956522,0.6298403337701208,0.7436198625449244
0.586,0.8795180722891566,0.4965986394557823,0.9906410856340665,0.9308926367749897,0.6347826086956522,0.6298403337701208,0.7436198625449244
0.587,0.8848484848484849,0.4965986394557823,0.9911090313523632,0.9313039901275195,0.6361655773420479,0.6322132415258065,0.7438538354040727
0.588,0.8902439024390244,0.4965986394557823,0.9915769770706598,0.9317153434800494,0.6375545851528385,0.6346062216874089,0.7440878082632211
0.589,0.8902439024390244,0.4965986394557823,0.9915769770706598,0.9317153434800494,0.6375545851528385,0.6346062216874089,0.7440878082632211
0.59,0.8902439024390244,0.4965986394557823,0.9915769770706598,0.9317153434800494,0.6375545851528385,0.6346062216874089,0.7440878082632211
0.591,0.8902439024390244,0.4965986394557823,0.9915769770706598,0.9317153434800494,0.6375545851528385,0.6346062216874089,0.7440878082632211
0.592,0.8902439024390244,0.4965986394557823,0.9915769770706598,0.9317153434800494,0.6375545851528385,0.6346062216874089,0.7440878082632211
0.593,0.8902439024390244,0.4965986394557823,0.9915769770706598,0.9317153434800494,0.6375545851528385,0.6346062216874089,0.7440878082632211
0.594,0.8902439024390244,0.4965986394557823,0.9915769770706598,0.9317153434800494,0.6375545851528385,0.6346062216874089,0.7440878082632211
0.595,0.8902439024390244,0.4965986394557823,0.9915769770706598,0.9317153434800494,0.6375545851528385,0.6346062216874089,0.7440878082632211
0.596,0.8902439024390244,0.4965986394557823,0.9915769770706598,0.9317153434800494,0.6375545851528385,0.6346062216874089,0.7440878082632211
0.597,0.8902439024390244,0.4965986394557823,0.9915769770706598,0.9317153434800494,0.6375545851528385,0.6346062216874089,0.7440878082632211
0.598,0.8902439024390244,0.4965986394557823,0.9915769770706598,0.9317153434800494,0.6375545851528385,0.6346062216874089,0.7440878082632211
0.599,0.8902439024390244,0.4965986394557823,0.9915769770706598,0.9317153434800494,0.6375545851528385,0.6346062216874089,0.7440878082632211
0.6,0.8902439024390244,0.4965986394557823,0.9915769770706598,0.9317153434800494,0.6375545851528385,0.6346062216874089,0.7440878082632211
0.601,0.8895705521472392,0.4931972789115646,0.9915769770706598,0.9313039901275195,0.6345733041575492,0.6319753621833999,0.7423871279911123
0.602,0.8895705521472392,0.4931972789115646,0.9915769770706598,0.9313039901275195,0.6345733041575492,0.6319753621833999,0.7423871279911123
0.603,0.8895705521472392,0.4931972789115646,0.9915769770706598,0.9313039901275195,0.6345733041575492,0.6319753621833999,0.7423871279911123
0.604,0.8895705521472392,0.4931972789115646,0.9915769770706598,0.9313039901275195,0.6345733041575492,0.6319753621833999,0.7423871279911123
0.605,0.8895705521472392,0.4931972789115646,0.9915769770706598,0.9313039901275195,0.6345733041575492,0.6319753621833999,0.7423871279911123
0.606,0.8895705521472392,0.4931972789115646,0.9915769770706598,0.9313039901275195,0.6345733041575492,0.6319753621833999,0.7423871279911123
0.607,0.8895705521472392,0.4931972789115646,0.9915769770706598,0.9313039901275195,0.6345733041575492,0.6319753621833999,0.7423871279911123
0.608,0.8950617283950617,0.4931972789115646,0.9920449227889565,0.9317153434800494,0.6359649122807017,0.634394976991678,0.7426211008502606
0.609,0.9006211180124224,0.4931972789115646,0.9925128685072532,0.9321266968325792,0.6373626373626373,0.6368354583686285,0.7428550737094088
0.61,0.9006211180124224,0.4931972789115646,0.9925128685072532,0.9321266968325792,0.6373626373626373,0.6368354583686285,0.7428550737094088
0.611,0.9006211180124224,0.4931972789115646,0.9925128685072532,0.9321266968325792,0.6373626373626373,0.6368354583686285,0.7428550737094088
0.612,0.9006211180124224,0.4931972789115646,0.9925128685072532,0.9321266968325792,0.6373626373626373,0.6368354583686285,0.7428550737094088
0.613,0.9006211180124224,0.4931972789115646,0.9925128685072532,0.9321266968325792,0.6373626373626373,0.6368354583686285,0.7428550737094088
0.614,0.9006211180124224,0.4931972789115646,0.9925128685072532,0.9321266968325792,0.6373626373626373,0.6368354583686285,0.7428550737094088
0.615,0.9006211180124224,0.4931972789115646,0.9925128685072532,0.9321266968325792,0.6373626373626373,0.6368354583686285,0.7428550737094088
0.616,0.9006211180124224,0.4931972789115646,0.9925128685072532,0.9321266968325792,0.6373626373626373,0.6368354583686285,0.7428550737094088
0.617,0.9006211180124224,0.4931972789115646,0.9925128685072532,0.9321266968325792,0.6373626373626373,0.6368354583686285,0.7428550737094088
0.618,0.9,0.4897959183673469,0.9925128685072532,0.9317153434800494,0.6343612334801763,0.634209206212193,0.7411543934373
0.619,0.9056603773584906,0.4897959183673469,0.9929808142255498,0.9321266968325792,0.6357615894039735,0.636677543156986,0.7413883662964484
0.62,0.9056603773584906,0.4897959183673469,0.9929808142255498,0.9321266968325792,0.6357615894039735,0.636677543156986,0.7413883662964484
0.621,0.9056603773584906,0.4897959183673469,0.9929808142255498,0.9321266968325792,0.6357615894039735,0.636677543156986,0.7413883662964484
0.622,0.9056603773584906,0.4897959183673469,0.9929808142255498,0.9321266968325792,0.6357615894039735,0.636677543156986,0.7413883662964484
0.623,0.9050632911392406,0.48639455782312924,0.9929808142255498,0.9317153434800494,0.6327433628318584,0.6340498195756756,0.7396876860243395
0.624,0.9050632911392406,0.48639455782312924,0.9929808142255498,0.9317153434800494,0.6327433628318584,0.6340498195756756,0.7396876860243395
0.625,0.9050632911392406,0.48639455782312924,0.9929808142255498,0.9317153434800494,0.6327433628318584,0.6340498195756756,0.7396876860243395
0.626,0.9050632911392406,0.48639455782312924,0.9929808142255498,0.9317153434800494,0.6327433628318584,0.6340498195756756,0.7396876860243395
0.627,0.910828025477707,0.48639455782312924,0.9934487599438465,0.9321266968325792,0.6341463414634146,0.6365467735195321,0.7399216588834878
0.628,0.9102564102564102,0.48299319727891155,0.9934487599438465,0.9317153434800494,0.6311111111111111,0.6339177708374812,0.738220978611379
0.629,0.9102564102564102,0.48299319727891155,0.9934487599438465,0.9317153434800494,0.6311111111111111,0.6339177708374812,0.738220978611379
0.63,0.9102564102564102,0.48299319727891155,0.9934487599438465,0.9317153434800494,0.6311111111111111,0.6339177708374812,0.738220978611379
0.631,0.9102564102564102,0.48299319727891155,0.9934487599438465,0.9317153434800494,0.6311111111111111,0.6339177708374812,0.738220978611379
0.632,0.9102564102564102,0.48299319727891155,0.9934487599438465,0.9317153434800494,0.6311111111111111,0.6339177708374812,0.738220978611379
0.633,0.9102564102564102,0.48299319727891155,0.9934487599438465,0.9317153434800494,0.6311111111111111,0.6339177708374812,0.738220978611379
0.634,0.9102564102564102,0.48299319727891155,0.9934487599438465,0.9317153434800494,0.6311111111111111,0.6339177708374812,0.738220978611379
0.635,0.9096774193548387,0.47959183673469385,0.9934487599438465,0.9313039901275195,0.6280623608017817,0.6312804822446598,0.7365202983392702
0.636,0.9096774193548387,0.47959183673469385,0.9934487599438465,0.9313039901275195,0.6280623608017817,0.6312804822446598,0.7365202983392702
0.637,0.9155844155844156,0.47959183673469385,0.9939167056621432,0.9317153434800494,0.6294642857142857,0.6338140599071587,0.7367542711984185
0.638,0.9150326797385621,0.47619047619047616,0.9939167056621432,0.9313039901275195,0.6263982102908278,0.6311756514864417,0.7350535909263096
0.639,0.9150326797385621,0.47619047619047616,0.9939167056621432,0.9313039901275195,0.6263982102908278,0.6311756514864417,0.7350535909263096
0.64,0.9150326797385621,0.47619047619047616,0.9939167056621432,0.9313039901275195,0.6263982102908278,0.6311756514864417,0.7350535909263096
0.641,0.9144736842105263,0.47278911564625853,0.9939167056621432,0.9308926367749897,0.6233183856502242,0.6285288076258049,0.7333529106542008
0.642,0.9144736842105263,0.47278911564625853,0.9939167056621432,0.9308926367749897,0.6233183856502242,0.6285288076258049,0.7333529106542008
0.643,0.9144736842105263,0.47278911564625853,0.9939167056621432,0.9308926367749897,0.6233183856502242,0.6285288076258049,0.7333529106542008
0.644,0.9144736842105263,0.47278911564625853,0.9939167056621432,0.9308926367749897,0.6233183856502242,0.6285288076258049,0.7333529106542008
0.645,0.9205298013245033,0.47278911564625853,0.9943846513804399,0.9313039901275195,0.6247191011235955,0.6311004316416615,0.7335868835133492
0.646,0.9266666666666666,0.47278911564625853,0.9948525970987365,0.9317153434800494,0.6261261261261262,0.6336958990046394,0.7338208563724975
0.647,0.9266666666666666,0.47278911564625853,0.9948525970987365,0.9317153434800494,0.6261261261261262,0.6336958990046394,0.7338208563724975
0.648,0.9328859060402684,0.47278911564625853,0.9953205428170332,0.9321266968325792,0.6275395033860045,0.6363156050243324,0.7340548292316459
0.649,0.9324324324324325,0.46938775510204084,0.9953205428170332,0.9317153434800494,0.6244343891402715,0.6336837060661549,0.732354148959537
0.65,0.9324324324324325,0.46938775510204084,0.9953205428170332,0.9317153434800494,0.6244343891402715,0.6336837060661549,0.732354148959537
0.651,0.9324324324324325,0.46938775510204084,0.9953205428170332,0.9317153434800494,0.6244343891402715,0.6336837060661549,0.732354148959537
0.652,0.9324324324324325,0.46938775510204084,0.9953205428170332,0.9317153434800494,0.6244343891402715,0.6336837060661549,0.732354148959537
0.653,0.9324324324324325,0.46938775510204084,0.9953205428170332,0.9317153434800494,0.6244343891402715,0.6336837060661549,0.732354148959537
0.654,0.9387755102040817,0.46938775510204084,0.9957884885353299,0.9321266968325792,0.6258503401360545,0.6363363558264281,0.7325881218186854
0.655,0.9387755102040817,0.46938775510204084,0.9957884885353299,0.9321266968325792,0.6258503401360545,0.6363363558264281,0.7325881218186854
0.656,0.9387755102040817,0.46938775510204084,0.9957884885353299,0.9321266968325792,0.6258503401360545,0.6363363558264281,0.7325881218186854
0.657,0.9387755102040817,0.46938775510204084,0.9957884885353299,0.9321266968325792,0.6258503401360545,0.6363363558264281,0.7325881218186854
0.658,0.9383561643835616,0.46598639455782315,0.9957884885353299,0.9317153434800494,0.6227272727272727,0.633704371770733,0.7308874415465765
0.659,0.9383561643835616,0.46598639455782315,0.9957884885353299,0.9317153434800494,0.6227272727272727,0.633704371770733,0.7308874415465765
0.66,0.9383561643835616,0.46598639455782315,0.9957884885353299,0.9317153434800494,0.6227272727272727,0.633704371770733,0.7308874415465765
0.661,0.9448275862068966,0.46598639455782315,0.9962564342536265,0.9321266968325792,0.6241457858769932,0.6363909491620577,0.7311214144057249
0.662,0.9444444444444444,0.46258503401360546,0.9962564342536265,0.9317153434800494,0.6210045662100456,0.6337591735892882,0.729420734133616
0.663,0.9444444444444444,0.46258503401360546,0.9962564342536265,0.9317153434800494,0.6210045662100456,0.6337591735892882,0.729420734133616
0.664,0.9444444444444444,0.46258503401360546,0.9962564342536265,0.9317153434800494,0.6210045662100456,0.6337591735892882,0.729420734133616
0.665,0.9444444444444444,0.46258503401360546,0.9962564342536265,0.9317153434800494,0.6210045662100456,0.6337591735892882,0.729420734133616
0.666,0.951048951048951,0.46258503401360546,0.9967243799719232,0.9321266968325792,0.6224256292906178,0.6364807076269416,0.7296547069927644
0.667,0.951048951048951,0.46258503401360546,0.9967243799719232,0.9321266968325792,0.6224256292906178,0.6364807076269416,0.7296547069927644
0.668,0.951048951048951,0.46258503401360546,0.9967243799719232,0.9321266968325792,0.6224256292906178,0.6364807076269416,0.7296547069927644
0.669,0.951048951048951,0.46258503401360546,0.9967243799719232,0.9321266968325792,0.6224256292906178,0.6364807076269416,0.7296547069927644
0.67,0.951048951048951,0.46258503401360546,0.9967243799719232,0.9321266968325792,0.6224256292906178,0.6364807076269416,0.7296547069927644
0.671,0.9577464788732394,0.46258503401360546,0.99719232569022,0.932538050185109,0.6238532110091743,0.6392289562708169,0.7298886798519127
0.672,0.9577464788732394,0.46258503401360546,0.99719232569022,0.932538050185109,0.6238532110091743,0.6392289562708169,0.7298886798519127
0.673,0.9577464788732394,0.46258503401360546,0.99719232569022,0.932538050185109,0.6238532110091743,0.6392289562708169,0.7298886798519127
0.674,0.9577464788732394,0.46258503401360546,0.99719232569022,0.932538050185109,0.6238532110091743,0.6392289562708169,0.7298886798519127
0.675,0.9577464788732394,0.46258503401360546,0.99719232569022,0.932538050185109,0.6238532110091743,0.6392289562708169,0.7298886798519127
0.676,0.9574468085106383,0.45918367346938777,0.99719232569022,0.9321266968325792,0.6206896551724138,0.6366070232201128,0.7281879995798038
0.677,0.9574468085106383,0.45918367346938777,0.99719232569022,0.9321266968325792,0.6206896551724138,0.6366070232201128,0.7281879995798038
0.678,0.9574468085106383,0.45918367346938777,0.99719232569022,0.9321266968325792,0.6206896551724138,0.6366070232201128,0.7281879995798038
0.679,0.9574468085106383,0.45918367346938777,0.99719232569022,0.9321266968325792,0.6206896551724138,0.6366070232201128,0.7281879995798038
0.68,0.9574468085106383,0.45918367346938777,0.99719232569022,0.9321266968325792,0.6206896551724138,0.6366070232201128,0.7281879995798038
0.681,0.9574468085106383,0.45918367346938777,0.99719232569022,0.9321266968325792,0.6206896551724138,0.6366070232201128,0.7281879995798038
0.682,0.9574468085106383,0.45918367346938777,0.99719232569022,0.9321266968325792,0.6206896551724138,0.6366070232201128,0.7281879995798038
0.683,0.9574468085106383,0.45918367346938777,0.99719232569022,0.9321266968325792,0.6206896551724138,0.6366070232201128,0.7281879995798038
0.684,0.9574468085106383,0.45918367346938777,0.99719232569022,0.9321266968325792,0.6206896551724138,0.6366070232201128,0.7281879995798038
0.685,0.9574468085106383,0.45918367346938777,0.99719232569022,0.9321266968325792,0.6206896551724138,0.6366070232201128,0.7281879995798038
0.686,0.9574468085106383,0.45918367346938777,0.99719232569022,0.9321266968325792,0.6206896551724138,0.6366070232201128,0.7281879995798038
0.687,0.9574468085106383,0.45918367346938777,0.99719232569022,0.9321266968325792,0.6206896551724138,0.6366070232201128,0.7281879995798038
0.6880000000000001,0.9574468085106383,0.45918367346938777,0.99719232569022,0.9321266968325792,0.6206896551724138,0.6366070232201128,0.7281879995798038
0.6890000000000001,0.9574468085106383,0.45918367346938777,0.99719232569022,0.9321266968325792,0.6206896551724138,0.6366070232201128,0.7281879995798038
0.6900000000000001,0.9574468085106383,0.45918367346938777,0.99719232569022,0.9321266968325792,0.6206896551724138,0.6366070232201128,0.7281879995798038
0.6910000000000001,0.9574468085106383,0.45918367346938777,0.99719232569022,0.9321266968325792,0.6206896551724138,0.6366070232201128,0.7281879995798038
0.6920000000000001,0.9574468085106383,0.45918367346938777,0.99719232569022,0.9321266968325792,0.6206896551724138,0.6366070232201128,0.7281879995798038
0.6930000000000001,0.9574468085106383,0.45918367346938777,0.99719232569022,0.9321266968325792,0.6206896551724138,0.6366070232201128,0.7281879995798038
0.6940000000000001,0.9574468085106383,0.45918367346938777,0.99719232569022,0.9321266968325792,0.6206896551724138,0.6366070232201128,0.7281879995798038
0.6950000000000001,0.9574468085106383,0.45918367346938777,0.99719232569022,0.9321266968325792,0.6206896551724138,0.6366070232201128,0.7281879995798038
0.6960000000000001,0.9574468085106383,0.45918367346938777,0.99719232569022,0.9321266968325792,0.6206896551724138,0.6366070232201128,0.7281879995798038
0.6970000000000001,0.9574468085106383,0.45918367346938777,0.99719232569022,0.9321266968325792,0.6206896551724138,0.6366070232201128,0.7281879995798038
0.6980000000000001,0.9574468085106383,0.45918367346938777,0.99719232569022,0.9321266968325792,0.6206896551724138,0.6366070232201128,0.7281879995798038
0.6990000000000001,0.9574468085106383,0.45918367346938777,0.99719232569022,0.9321266968325792,0.6206896551724138,0.6366070232201128,0.7281879995798038
0.7000000000000001,0.9574468085106383,0.45918367346938777,0.99719232569022,0.9321266968325792,0.6206896551724138,0.6366070232201128,0.7281879995798038
0.7010000000000001,0.9574468085106383,0.45918367346938777,0.99719232569022,0.9321266968325792,0.6206896551724138,0.6366070232201128,0.7281879995798038
0.7020000000000001,0.9574468085106383,0.45918367346938777,0.99719232569022,0.9321266968325792,0.6206896551724138,0.6366070232201128,0.7281879995798038
0.7030000000000001,0.9574468085106383,0.45918367346938777,0.99719232569022,0.9321266968325792,0.6206896551724138,0.6366070232201128,0.7281879995798038
0.704,0.9574468085106383,0.45918367346938777,0.99719232569022,0.9321266968325792,0.6206896551724138,0.6366070232201128,0.7281879995798038
0.705,0.9571428571428572,0.4557823129251701,0.99719232569022,0.9317153434800494,0.6175115207373272,0.6339766330162838,0.7264873193076951
0.706,0.9571428571428572,0.4557823129251701,0.99719232569022,0.9317153434800494,0.6175115207373272,0.6339766330162838,0.7264873193076951
0.707,0.9571428571428572,0.4557823129251701,0.99719232569022,0.9317153434800494,0.6175115207373272,0.6339766330162838,0.7264873193076951
0.708,0.9571428571428572,0.4557823129251701,0.99719232569022,0.9317153434800494,0.6175115207373272,0.6339766330162838,0.7264873193076951
0.709,0.9571428571428572,0.4557823129251701,0.99719232569022,0.9317153434800494,0.6175115207373272,0.6339766330162838,0.7264873193076951
0.71,0.9571428571428572,0.4557823129251701,0.99719232569022,0.9317153434800494,0.6175115207373272,0.6339766330162838,0.7264873193076951
0.711,0.9571428571428572,0.4557823129251701,0.99719232569022,0.9317153434800494,0.6175115207373272,0.6339766330162838,0.7264873193076951
0.712,0.9571428571428572,0.4557823129251701,0.99719232569022,0.9317153434800494,0.6175115207373272,0.6339766330162838,0.7264873193076951
0.713,0.9571428571428572,0.4557823129251701,0.99719232569022,0.9317153434800494,0.6175115207373272,0.6339766330162838,0.7264873193076951
0.714,0.9565217391304348,0.4489795918367347,0.99719232569022,0.9308926367749897,0.6111111111111112,0.628690050892934,0.7230859587634774
0.715,0.9565217391304348,0.4489795918367347,0.99719232569022,0.9308926367749897,0.6111111111111112,0.628690050892934,0.7230859587634774
0.716,0.9565217391304348,0.4489795918367347,0.99719232569022,0.9308926367749897,0.6111111111111112,0.628690050892934,0.7230859587634774
0.717,0.9565217391304348,0.4489795918367347,0.99719232569022,0.9308926367749897,0.6111111111111112,0.628690050892934,0.7230859587634774
0.718,0.9565217391304348,0.4489795918367347,0.99719232569022,0.9308926367749897,0.6111111111111112,0.628690050892934,0.7230859587634774
0.719,0.9565217391304348,0.4489795918367347,0.99719232569022,0.9308926367749897,0.6111111111111112,0.628690050892934,0.7230859587634774
0.72,0.9565217391304348,0.4489795918367347,0.99719232569022,0.9308926367749897,0.6111111111111112,0.628690050892934,0.7230859587634774
0.721,0.9565217391304348,0.4489795918367347,0.99719232569022,0.9308926367749897,0.6111111111111112,0.628690050892934,0.7230859587634774
0.722,0.9565217391304348,0.4489795918367347,0.99719232569022,0.9308926367749897,0.6111111111111112,0.628690050892934,0.7230859587634774
0.723,0.9565217391304348,0.4489795918367347,0.99719232569022,0.9308926367749897,0.6111111111111112,0.628690050892934,0.7230859587634774
0.724,0.9565217391304348,0.4489795918367347,0.99719232569022,0.9308926367749897,0.6111111111111112,0.628690050892934,0.7230859587634774
0.725,0.9565217391304348,0.4489795918367347,0.99719232569022,0.9308926367749897,0.6111111111111112,0.628690050892934,0.7230859587634774
0.726,0.9565217391304348,0.4489795918367347,0.99719232569022,0.9308926367749897,0.6111111111111112,0.628690050892934,0.7230859587634774
0.727,0.9565217391304348,0.4489795918367347,0.99719232569022,0.9308926367749897,0.6111111111111112,0.628690050892934,0.7230859587634774
0.728,0.9565217391304348,0.4489795918367347,0.99719232569022,0.9308926367749897,0.6111111111111112,0.628690050892934,0.7230859587634774
0.729,0.9565217391304348,0.4489795918367347,0.99719232569022,0.9308926367749897,0.6111111111111112,0.628690050892934,0.7230859587634774
0.73,0.9562043795620438,0.445578231292517,0.99719232569022,0.93048128342246,0.6078886310904872,0.6260336385640363,0.7213852784913685
0.731,0.9562043795620438,0.445578231292517,0.99719232569022,0.93048128342246,0.6078886310904872,0.6260336385640363,0.7213852784913685
0.732,0.9562043795620438,0.445578231292517,0.99719232569022,0.93048128342246,0.6078886310904872,0.6260336385640363,0.7213852784913685
0.733,0.9562043795620438,0.445578231292517,0.99719232569022,0.93048128342246,0.6078886310904872,0.6260336385640363,0.7213852784913685
0.734,0.9632352941176471,0.445578231292517,0.9976602714085167,0.9308926367749897,0.6093023255813953,0.628858023363173,0.7216192513505169
0.735,0.9632352941176471,0.445578231292517,0.9976602714085167,0.9308926367749897,0.6093023255813953,0.628858023363173,0.7216192513505169
0.736,0.9632352941176471,0.445578231292517,0.9976602714085167,0.9308926367749897,0.6093023255813953,0.628858023363173,0.7216192513505169
0.737,0.9632352941176471,0.445578231292517,0.9976602714085167,0.9308926367749897,0.6093023255813953,0.628858023363173,0.7216192513505169
0.738,0.9632352941176471,0.445578231292517,0.9976602714085167,0.9308926367749897,0.6093023255813953,0.628858023363173,0.7216192513505169
0.739,0.9632352941176471,0.445578231292517,0.9976602714085167,0.9308926367749897,0.6093023255813953,0.628858023363173,0.7216192513505169
0.74,0.9629629629629629,0.4421768707482993,0.9976602714085167,0.93048128342246,0.6060606060606061,0.6262027937553477,0.719918571078408
0.741,0.9629629629629629,0.4421768707482993,0.9976602714085167,0.93048128342246,0.6060606060606061,0.6262027937553477,0.719918571078408
0.742,0.9629629629629629,0.4421768707482993,0.9976602714085167,0.93048128342246,0.6060606060606061,0.6262027937553477,0.719918571078408
0.743,0.9626865671641791,0.4387755102040816,0.9976602714085167,0.9300699300699301,0.602803738317757,0.6235386508298255,0.7182178908062992
0.744,0.9626865671641791,0.4387755102040816,0.9976602714085167,0.9300699300699301,0.602803738317757,0.6235386508298255,0.7182178908062992
0.745,0.9626865671641791,0.4387755102040816,0.9976602714085167,0.9300699300699301,0.602803738317757,0.6235386508298255,0.7182178908062992
0.746,0.9626865671641791,0.4387755102040816,0.9976602714085167,0.9300699300699301,0.602803738317757,0.6235386508298255,0.7182178908062992
0.747,0.9626865671641791,0.4387755102040816,0.9976602714085167,0.9300699300699301,0.602803738317757,0.6235386508298255,0.7182178908062992
0.748,0.9626865671641791,0.4387755102040816,0.9976602714085167,0.9300699300699301,0.602803738317757,0.6235386508298255,0.7182178908062992
0.749,0.9699248120300752,0.4387755102040816,0.9981282171268133,0.93048128342246,0.6042154566744731,0.6264131173114256,0.7184518636654474
0.75,0.9699248120300752,0.4387755102040816,0.9981282171268133,0.93048128342246,0.6042154566744731,0.6264131173114256,0.7184518636654474
0.751,0.9699248120300752,0.4387755102040816,0.9981282171268133,0.93048128342246,0.6042154566744731,0.6264131173114256,0.7184518636654474
0.752,0.9699248120300752,0.4387755102040816,0.9981282171268133,0.93048128342246,0.6042154566744731,0.6264131173114256,0.7184518636654474
0.753,0.9699248120300752,0.4387755102040816,0.9981282171268133,0.93048128342246,0.6042154566744731,0.6264131173114256,0.7184518636654474
0.754,0.9699248120300752,0.4387755102040816,0.9981282171268133,0.93048128342246,0.6042154566744731,0.6264131173114256,0.7184518636654474
0.755,0.9772727272727273,0.4387755102040816,0.99859616284511,0.9308926367749897,0.6056338028169014,0.6293179612006624,0.7186858365245958
0.756,0.9772727272727273,0.4387755102040816,0.99859616284511,0.9308926367749897,0.6056338028169014,0.6293179612006624,0.7186858365245958
0.757,0.9772727272727273,0.4387755102040816,0.99859616284511,0.9308926367749897,0.6056338028169014,0.6293179612006624,0.7186858365245958
0.758,0.9772727272727273,0.4387755102040816,0.99859616284511,0.9308926367749897,0.6056338028169014,0.6293179612006624,0.7186858365245958
0.759,0.9772727272727273,0.4387755102040816,0.99859616284511,0.9308926367749897,0.6056338028169014,0.6293179612006624,0.7186858365245958
0.76,0.9772727272727273,0.4387755102040816,0.99859616284511,0.9308926367749897,0.6056338028169014,0.6293179612006624,0.7186858365245958
0.761,0.9772727272727273,0.4387755102040816,0.99859616284511,0.9308926367749897,0.6056338028169014,0.6293179612006624,0.7186858365245958
0.762,0.9772727272727273,0.4387755102040816,0.99859616284511,0.9308926367749897,0.6056338028169014,0.6293179612006624,0.7186858365245958
0.763,0.9772727272727273,0.4387755102040816,0.99859616284511,0.9308926367749897,0.6056338028169014,0.6293179612006624,0.7186858365245958
0.764,0.9772727272727273,0.4387755102040816,0.99859616284511,0.9308926367749897,0.6056338028169014,0.6293179612006624,0.7186858365245958
0.765,0.9772727272727273,0.4387755102040816,0.99859616284511,0.9308926367749897,0.6056338028169014,0.6293179612006624,0.7186858365245958
0.766,0.9772727272727273,0.4387755102040816,0.99859616284511,0.9308926367749897,0.6056338028169014,0.6293179612006624,0.7186858365245958
0.767,0.9772727272727273,0.4387755102040816,0.99859616284511,0.9308926367749897,0.6056338028169014,0.6293179612006624,0.7186858365245958
0.768,0.9770992366412213,0.43537414965986393,0.99859616284511,0.93048128342246,0.6023529411764705,0.6266663589785055,0.7169851562524869
0.769,0.9770992366412213,0.43537414965986393,0.99859616284511,0.93048128342246,0.6023529411764705,0.6266663589785055,0.7169851562524869
0.77,0.9770992366412213,0.43537414965986393,0.99859616284511,0.93048128342246,0.6023529411764705,0.6266663589785055,0.7169851562524869
0.771,0.9770992366412213,0.43537414965986393,0.99859616284511,0.93048128342246,0.6023529411764705,0.6266663589785055,0.7169851562524869
0.772,0.9770992366412213,0.43537414965986393,0.99859616284511,0.93048128342246,0.6023529411764705,0.6266663589785055,0.7169851562524869
0.773,0.9770992366412213,0.43537414965986393,0.99859616284511,0.93048128342246,0.6023529411764705,0.6266663589785055,0.7169851562524869
0.774,0.9770992366412213,0.43537414965986393,0.99859616284511,0.93048128342246,0.6023529411764705,0.6266663589785055,0.7169851562524869
0.775,0.9770992366412213,0.43537414965986393,0.99859616284511,0.93048128342246,0.6023529411764705,0.6266663589785055,0.7169851562524869
0.776,0.9770992366412213,0.43537414965986393,0.99859616284511,0.93048128342246,0.6023529411764705,0.6266663589785055,0.7169851562524869
0.777,0.9770992366412213,0.43537414965986393,0.99859616284511,0.93048128342246,0.6023529411764705,0.6266663589785055,0.7169851562524869
0.778,0.9770992366412213,0.43537414965986393,0.99859616284511,0.93048128342246,0.6023529411764705,0.6266663589785055,0.7169851562524869
0.779,0.9770992366412213,0.43537414965986393,0.99859616284511,0.93048128342246,0.6023529411764705,0.6266663589785055,0.7169851562524869
0.78,0.9770992366412213,0.43537414965986393,0.99859616284511,0.93048128342246,0.6023529411764705,0.6266663589785055,0.7169851562524869
0.781,0.9770992366412213,0.43537414965986393,0.99859616284511,0.93048128342246,0.6023529411764705,0.6266663589785055,0.7169851562524869
0.782,0.9770992366412213,0.43537414965986393,0.99859616284511,0.93048128342246,0.6023529411764705,0.6266663589785055,0.7169851562524869
0.783,0.9770992366412213,0.43537414965986393,0.99859616284511,0.93048128342246,0.6023529411764705,0.6266663589785055,0.7169851562524869
0.784,0.9770992366412213,0.43537414965986393,0.99859616284511,0.93048128342246,0.6023529411764705,0.6266663589785055,0.7169851562524869
0.785,0.9770992366412213,0.43537414965986393,0.99859616284511,0.93048128342246,0.6023529411764705,0.6266663589785055,0.7169851562524869
0.786,0.9770992366412213,0.43537414965986393,0.99859616284511,0.93048128342246,0.6023529411764705,0.6266663589785055,0.7169851562524869
0.787,0.9770992366412213,0.43537414965986393,0.99859616284511,0.93048128342246,0.6023529411764705,0.6266663589785055,0.7169851562524869
0.788,0.9770992366412213,0.43537414965986393,0.99859616284511,0.93048128342246,0.6023529411764705,0.6266663589785055,0.7169851562524869
0.789,0.9770992366412213,0.43537414965986393,0.99859616284511,0.93048128342246,0.6023529411764705,0.6266663589785055,0.7169851562524869
0.79,0.9770992366412213,0.43537414965986393,0.99859616284511,0.93048128342246,0.6023529411764705,0.6266663589785055,0.7169851562524869
0.791,0.9770992366412213,0.43537414965986393,0.99859616284511,0.93048128342246,0.6023529411764705,0.6266663589785055,0.7169851562524869
0.792,0.9770992366412213,0.43537414965986393,0.99859616284511,0.93048128342246,0.6023529411764705,0.6266663589785055,0.7169851562524869
0.793,0.9770992366412213,0.43537414965986393,0.99859616284511,0.93048128342246,0.6023529411764705,0.6266663589785055,0.7169851562524869
0.794,0.9770992366412213,0.43537414965986393,0.99859616284511,0.93048128342246,0.6023529411764705,0.6266663589785055,0.7169851562524869
0.795,0.9770992366412213,0.43537414965986393,0.99859616284511,0.93048128342246,0.6023529411764705,0.6266663589785055,0.7169851562524869
0.796,0.9770992366412213,0.43537414965986393,0.99859616284511,0.93048128342246,0.6023529411764705,0.6266663589785055,0.7169851562524869
0.797,0.9770992366412213,0.43537414965986393,0.99859616284511,0.93048128342246,0.6023529411764705,0.6266663589785055,0.7169851562524869
0.798,0.9770992366412213,0.43537414965986393,0.99859616284511,0.93048128342246,0.6023529411764705,0.6266663589785055,0.7169851562524869
0.799,0.9770992366412213,0.43537414965986393,0.99859616284511,0.93048128342246,0.6023529411764705,0.6266663589785055,0.7169851562524869
0.8,0.9770992366412213,0.43537414965986393,0.99859616284511,0.93048128342246,0.6023529411764705,0.6266663589785055,0.7169851562524869
0.801,0.9770992366412213,0.43537414965986393,0.99859616284511,0.93048128342246,0.6023529411764705,0.6266663589785055,0.7169851562524869
0.802,0.9770992366412213,0.43537414965986393,0.99859616284511,0.93048128342246,0.6023529411764705,0.6266663589785055,0.7169851562524869
0.803,0.9770992366412213,0.43537414965986393,0.99859616284511,0.93048128342246,0.6023529411764705,0.6266663589785055,0.7169851562524869
0.804,0.9770992366412213,0.43537414965986393,0.99859616284511,0.93048128342246,0.6023529411764705,0.6266663589785055,0.7169851562524869
0.805,0.9770992366412213,0.43537414965986393,0.99859616284511,0.93048128342246,0.6023529411764705,0.6266663589785055,0.7169851562524869
0.806,0.9770992366412213,0.43537414965986393,0.99859616284511,0.93048128342246,0.6023529411764705,0.6266663589785055,0.7169851562524869
0.807,0.9770992366412213,0.43537414965986393,0.99859616284511,0.93048128342246,0.6023529411764705,0.6266663589785055,0.7169851562524869
0.808,0.9770992366412213,0.43537414965986393,0.99859616284511,0.93048128342246,0.6023529411764705,0.6266663589785055,0.7169851562524869
0.809,0.9770992366412213,0.43537414965986393,0.99859616284511,0.93048128342246,0.6023529411764705,0.6266663589785055,0.7169851562524869
0.81,0.9770992366412213,0.43537414965986393,0.99859616284511,0.93048128342246,0.6023529411764705,0.6266663589785055,0.7169851562524869
0.811,0.9770992366412213,0.43537414965986393,0.99859616284511,0.93048128342246,0.6023529411764705,0.6266663589785055,0.7169851562524869
0.812,0.9770992366412213,0.43537414965986393,0.99859616284511,0.93048128342246,0.6023529411764705,0.6266663589785055,0.7169851562524869
0.8130000000000001,0.9770992366412213,0.43537414965986393,0.99859616284511,0.93048128342246,0.6023529411764705,0.6266663589785055,0.7169851562524869
0.8140000000000001,0.9770992366412213,0.43537414965986393,0.99859616284511,0.93048128342246,0.6023529411764705,0.6266663589785055,0.7169851562524869
0.8150000000000001,0.9770992366412213,0.43537414965986393,0.99859616284511,0.93048128342246,0.6023529411764705,0.6266663589785055,0.7169851562524869
0.8160000000000001,0.9770992366412213,0.43537414965986393,0.99859616284511,0.93048128342246,0.6023529411764705,0.6266663589785055,0.7169851562524869
0.8170000000000001,0.9770992366412213,0.43537414965986393,0.99859616284511,0.93048128342246,0.6023529411764705,0.6266663589785055,0.7169851562524869
0.8180000000000001,0.9770992366412213,0.43537414965986393,0.99859616284511,0.93048128342246,0.6023529411764705,0.6266663589785055,0.7169851562524869
0.8190000000000001,0.9770992366412213,0.43537414965986393,0.99859616284511,0.93048128342246,0.6023529411764705,0.6266663589785055,0.7169851562524869
0.8200000000000001,0.9770992366412213,0.43537414965986393,0.99859616284511,0.93048128342246,0.6023529411764705,0.6266663589785055,0.7169851562524869
0.8210000000000001,0.9770992366412213,0.43537414965986393,0.99859616284511,0.93048128342246,0.6023529411764705,0.6266663589785055,0.7169851562524869
0.8220000000000001,0.9770992366412213,0.43537414965986393,0.99859616284511,0.93048128342246,0.6023529411764705,0.6266663589785055,0.7169851562524869
0.8230000000000001,0.9770992366412213,0.43537414965986393,0.99859616284511,0.93048128342246,0.6023529411764705,0.6266663589785055,0.7169851562524869
0.8240000000000001,0.9770992366412213,0.43537414965986393,0.99859616284511,0.93048128342246,0.6023529411764705,0.6266663589785055,0.7169851562524869
0.8250000000000001,0.9770992366412213,0.43537414965986393,0.99859616284511,0.93048128342246,0.6023529411764705,0.6266663589785055,0.7169851562524869
0.8260000000000001,0.9770992366412213,0.43537414965986393,0.99859616284511,0.93048128342246,0.6023529411764705,0.6266663589785055,0.7169851562524869
0.8270000000000001,0.9769230769230769,0.43197278911564624,0.99859616284511,0.9300699300699301,0.5990566037735849,0.6240058349967668,0.7152844759803781
0.8280000000000001,0.9769230769230769,0.43197278911564624,0.99859616284511,0.9300699300699301,0.5990566037735849,0.6240058349967668,0.7152844759803781
0.8290000000000001,0.9769230769230769,0.43197278911564624,0.99859616284511,0.9300699300699301,0.5990566037735849,0.6240058349967668,0.7152844759803781
0.8300000000000001,0.9767441860465116,0.42857142857142855,0.99859616284511,0.9296585767174003,0.5957446808510638,0.6213362721904054,0.7135837957082692
0.8310000000000001,0.9767441860465116,0.42857142857142855,0.99859616284511,0.9296585767174003,0.5957446808510638,0.6213362721904054,0.7135837957082692
0.8320000000000001,0.9767441860465116,0.42857142857142855,0.99859616284511,0.9296585767174003,0.5957446808510638,0.6213362721904054,0.7135837957082692
0.833,0.9767441860465116,0.42857142857142855,0.99859616284511,0.9296585767174003,0.5957446808510638,0.6213362721904054,0.7135837957082692
0.834,0.9767441860465116,0.42857142857142855,0.99859616284511,0.9296585767174003,0.5957446808510638,0.6213362721904054,0.7135837957082692
0.835,0.9767441860465116,0.42857142857142855,0.99859616284511,0.9296585767174003,0.5957446808510638,0.6213362721904054,0.7135837957082692
0.836,0.984375,0.42857142857142855,0.9990641085634067,0.9300699300699301,0.5971563981042654,0.6243063625539568,0.7138177685674176
0.837,0.984375,0.42857142857142855,0.9990641085634067,0.9300699300699301,0.5971563981042654,0.6243063625539568,0.7138177685674176
0.838,0.984375,0.42857142857142855,0.9990641085634067,0.9300699300699301,0.5971563981042654,0.6243063625539568,0.7138177685674176
0.839,0.984375,0.42857142857142855,0.9990641085634067,0.9300699300699301,0.5971563981042654,0.6243063625539568,0.7138177685674176
0.84,0.984375,0.42857142857142855,0.9990641085634067,0.9300699300699301,0.5971563981042654,0.6243063625539568,0.7138177685674176
0.841,0.984375,0.42857142857142855,0.9990641085634067,0.9300699300699301,0.5971563981042654,0.6243063625539568,0.7138177685674176
0.842,0.984375,0.42857142857142855,0.9990641085634067,0.9300699300699301,0.5971563981042654,0.6243063625539568,0.7138177685674176
0.843,0.984375,0.42857142857142855,0.9990641085634067,0.9300699300699301,0.5971563981042654,0.6243063625539568,0.7138177685674176
0.844,0.984375,0.42857142857142855,0.9990641085634067,0.9300699300699301,0.5971563981042654,0.6243063625539568,0.7138177685674176
0.845,0.984375,0.42857142857142855,0.9990641085634067,0.9300699300699301,0.5971563981042654,0.6243063625539568,0.7138177685674176
0.846,0.984375,0.42857142857142855,0.9990641085634067,0.9300699300699301,0.5971563981042654,0.6243063625539568,0.7138177685674176
0.847,0.984375,0.42857142857142855,0.9990641085634067,0.9300699300699301,0.5971563981042654,0.6243063625539568,0.7138177685674176
0.848,0.984375,0.42857142857142855,0.9990641085634067,0.9300699300699301,0.5971563981042654,0.6243063625539568,0.7138177685674176
0.849,0.984375,0.42857142857142855,0.9990641085634067,0.9300699300699301,0.5971563981042654,0.6243063625539568,0.7138177685674176
0.85,0.984375,0.42857142857142855,0.9990641085634067,0.9300699300699301,0.5971563981042654,0.6243063625539568,0.7138177685674176
0.851,0.984375,0.42857142857142855,0.9990641085634067,0.9300699300699301,0.5971563981042654,0.6243063625539568,0.7138177685674176
0.852,0.984375,0.42857142857142855,0.9990641085634067,0.9300699300699301,0.5971563981042654,0.6243063625539568,0.7138177685674176
0.853,0.984375,0.42857142857142855,0.9990641085634067,0.9300699300699301,0.5971563981042654,0.6243063625539568,0.7138177685674176
0.854,0.984251968503937,0.42517006802721086,0.9990641085634067,0.9296585767174003,0.5938242280285035,0.6216393262624021,0.7121170882953087
0.855,0.984251968503937,0.42517006802721086,0.9990641085634067,0.9296585767174003,0.5938242280285035,0.6216393262624021,0.7121170882953087
0.856,0.9841269841269841,0.4217687074829932,0.9990641085634067,0.9292472233648704,0.5904761904761905,0.6189631401038158,0.7104164080231999
0.857,0.9841269841269841,0.4217687074829932,0.9990641085634067,0.9292472233648704,0.5904761904761905,0.6189631401038158,0.7104164080231999
0.858,0.9841269841269841,0.4217687074829932,0.9990641085634067,0.9292472233648704,0.5904761904761905,0.6189631401038158,0.7104164080231999
0.859,0.984,0.41836734693877553,0.9990641085634067,0.9288358700123406,0.5871121718377088,0.6162776821284143,0.7087157277510912
0.86,0.984,0.41836734693877553,0.9990641085634067,0.9288358700123406,0.5871121718377088,0.6162776821284143,0.7087157277510912
0.861,0.984,0.41836734693877553,0.9990641085634067,0.9288358700123406,0.5871121718377088,0.6162776821284143,0.7087157277510912
0.862,0.984,0.41836734693877553,0.9990641085634067,0.9288358700123406,0.5871121718377088,0.6162776821284143,0.7087157277510912
0.863,0.984,0.41836734693877553,0.9990641085634067,0.9288358700123406,0.5871121718377088,0.6162776821284143,0.7087157277510912
0.864,0.9838709677419355,0.41496598639455784,0.9990641085634067,0.9284245166598107,0.583732057416268,0.6135828278496503,0.7070150474789823
0.865,0.9838709677419355,0.41496598639455784,0.9990641085634067,0.9284245166598107,0.583732057416268,0.6135828278496503,0.7070150474789823
0.866,0.9838709677419355,0.41496598639455784,0.9990641085634067,0.9284245166598107,0.583732057416268,0.6135828278496503,0.7070150474789823
0.867,0.9838709677419355,0.41496598639455784,0.9990641085634067,0.9284245166598107,0.583732057416268,0.6135828278496503,0.7070150474789823
0.868,0.991869918699187,0.41496598639455784,0.9995320542817033,0.9288358700123406,0.5851318944844125,0.6166346859487095,0.7072490203381305
0.869,0.991869918699187,0.41496598639455784,0.9995320542817033,0.9288358700123406,0.5851318944844125,0.6166346859487095,0.7072490203381305
0.87,0.991869918699187,0.41496598639455784,0.9995320542817033,0.9288358700123406,0.5851318944844125,0.6166346859487095,0.7072490203381305
0.871,0.991869918699187,0.41496598639455784,0.9995320542817033,0.9288358700123406,0.5851318944844125,0.6166346859487095,0.7072490203381305
0.872,0.991869918699187,0.41496598639455784,0.9995320542817033,0.9288358700123406,0.5851318944844125,0.6166346859487095,0.7072490203381305
0.873,0.9918032786885246,0.41156462585034015,0.9995320542817033,0.9284245166598107,0.5817307692307693,0.6139429463548456,0.7055483400660217
0.874,0.9917355371900827,0.40816326530612246,0.9995320542817033,0.928013163307281,0.5783132530120482,0.6112417027673849,0.703847659793913
0.875,0.9917355371900827,0.40816326530612246,0.9995320542817033,0.928013163307281,0.5783132530120482,0.6112417027673849,0.703847659793913
0.876,0.9917355371900827,0.40816326530612246,0.9995320542817033,0.928013163307281,0.5783132530120482,0.6112417027673849,0.703847659793913
0.877,0.9917355371900827,0.40816326530612246,0.9995320542817033,0.928013163307281,0.5783132530120482,0.6112417027673849,0.703847659793913
0.878,0.9917355371900827,0.40816326530612246,0.9995320542817033,0.928013163307281,0.5783132530120482,0.6112417027673849,0.703847659793913
0.879,0.9916666666666667,0.40476190476190477,0.9995320542817033,0.9276018099547512,0.5748792270531401,0.6085308256512019,0.702146979521804
0.88,0.9916666666666667,0.40476190476190477,0.9995320542817033,0.9276018099547512,0.5748792270531401,0.6085308256512019,0.702146979521804
0.881,0.9916666666666667,0.40476190476190477,0.9995320542817033,0.9276018099547512,0.5748792270531401,0.6085308256512019,0.702146979521804
0.882,0.9916666666666667,0.40476190476190477,0.9995320542817033,0.9276018099547512,0.5748792270531401,0.6085308256512019,0.702146979521804
0.883,0.9916666666666667,0.40476190476190477,0.9995320542817033,0.9276018099547512,0.5748792270531401,0.6085308256512019,0.702146979521804
0.884,0.9916666666666667,0.40476190476190477,0.9995320542817033,0.9276018099547512,0.5748792270531401,0.6085308256512019,0.702146979521804
0.885,0.9916666666666667,0.40476190476190477,0.9995320542817033,0.9276018099547512,0.5748792270531401,0.6085308256512019,0.702146979521804
0.886,0.9916666666666667,0.40476190476190477,0.9995320542817033,0.9276018099547512,0.5748792270531401,0.6085308256512019,0.702146979521804
0.887,0.9916666666666667,0.40476190476190477,0.9995320542817033,0.9276018099547512,0.5748792270531401,0.6085308256512019,0.702146979521804
0.888,0.9916666666666667,0.40476190476190477,0.9995320542817033,0.9276018099547512,0.5748792270531401,0.6085308256512019,0.702146979521804
0.889,0.9915966386554622,0.4013605442176871,0.9995320542817033,0.9271904566022213,0.5714285714285714,0.6058101827053882,0.7004462992496951
0.89,0.9915966386554622,0.4013605442176871,0.9995320542817033,0.9271904566022213,0.5714285714285714,0.6058101827053882,0.7004462992496951
0.891,0.9915966386554622,0.4013605442176871,0.9995320542817033,0.9271904566022213,0.5714285714285714,0.6058101827053882,0.7004462992496951
0.892,0.9888888888888889,0.30272108843537415,0.9995320542817033,0.9152612093788565,0.4635416666666667,0.5219450580679087,0.6511265713585388
0.893,0.9888888888888889,0.30272108843537415,0.9995320542817033,0.9152612093788565,0.4635416666666667,0.5219450580679087,0.6511265713585388
0.894,0.9888888888888889,0.30272108843537415,0.9995320542817033,0.9152612093788565,0.4635416666666667,0.5219450580679087,0.6511265713585388
0.895,0.9888888888888889,0.30272108843537415,0.9995320542817033,0.9152612093788565,0.4635416666666667,0.5219450580679087,0.6511265713585388
0.896,0.9888888888888889,0.30272108843537415,0.9995320542817033,0.9152612093788565,0.4635416666666667,0.5219450580679087,0.6511265713585388
0.897,0.9888888888888889,0.30272108843537415,0.9995320542817033,0.9152612093788565,0.4635416666666667,0.5219450580679087,0.6511265713585388
0.898,0.9888888888888889,0.30272108843537415,0.9995320542817033,0.9152612093788565,0.4635416666666667,0.5219450580679087,0.6511265713585388
0.899,0.9888888888888889,0.30272108843537415,0.9995320542817033,0.9152612093788565,0.4635416666666667,0.5219450580679087,0.6511265713585388
0.9,0.9888888888888889,0.30272108843537415,0.9995320542817033,0.9152612093788565,0.4635416666666667,0.5219450580679087,0.6511265713585388
0.901,0.9888888888888889,0.30272108843537415,0.9995320542817033,0.9152612093788565,0.4635416666666667,0.5219450580679087,0.6511265713585388
0.902,0.9888888888888889,0.30272108843537415,0.9995320542817033,0.9152612093788565,0.4635416666666667,0.5219450580679087,0.6511265713585388
0.903,0.9888888888888889,0.30272108843537415,0.9995320542817033,0.9152612093788565,0.4635416666666667,0.5219450580679087,0.6511265713585388
0.904,0.9887640449438202,0.29931972789115646,0.9995320542817033,0.9148498560263266,0.4595300261096606,0.518851799904795,0.6494258910864299
0.905,0.9887640449438202,0.29931972789115646,0.9995320542817033,0.9148498560263266,0.4595300261096606,0.518851799904795,0.6494258910864299
0.906,0.9887640449438202,0.29931972789115646,0.9995320542817033,0.9148498560263266,0.4595300261096606,0.518851799904795,0.6494258910864299
0.907,0.9887640449438202,0.29931972789115646,0.9995320542817033,0.9148498560263266,0.4595300261096606,0.518851799904795,0.6494258910864299
0.908,0.9887640449438202,0.29931972789115646,0.9995320542817033,0.9148498560263266,0.4595300261096606,0.518851799904795,0.6494258910864299
0.909,0.9887640449438202,0.29931972789115646,0.9995320542817033,0.9148498560263266,0.4595300261096606,0.518851799904795,0.6494258910864299
0.91,0.9887640449438202,0.29931972789115646,0.9995320542817033,0.9148498560263266,0.4595300261096606,0.518851799904795,0.6494258910864299
0.911,0.9887640449438202,0.29931972789115646,0.9995320542817033,0.9148498560263266,0.4595300261096606,0.518851799904795,0.6494258910864299
0.912,0.9887640449438202,0.29931972789115646,0.9995320542817033,0.9148498560263266,0.4595300261096606,0.518851799904795,0.6494258910864299
0.913,0.9887640449438202,0.29931972789115646,0.9995320542817033,0.9148498560263266,0.4595300261096606,0.518851799904795,0.6494258910864299
0.914,0.9887640449438202,0.29931972789115646,0.9995320542817033,0.9148498560263266,0.4595300261096606,0.518851799904795,0.6494258910864299
0.915,0.9886363636363636,0.29591836734693877,0.9995320542817033,0.9144385026737968,0.45549738219895286,0.5157426649256718,0.647725210814321
0.916,0.9885057471264368,0.2925170068027211,0.9995320542817033,0.9140271493212669,0.45144356955380577,0.512617361179731,0.6460245305422122
0.917,0.9885057471264368,0.2925170068027211,0.9995320542817033,0.9140271493212669,0.45144356955380577,0.512617361179731,0.6460245305422122
0.918,0.9883720930232558,0.2891156462585034,0.9995320542817033,0.9136157959687371,0.4473684210526316,0.5094755880545784,0.6443238502701034
0.919,0.9883720930232558,0.2891156462585034,0.9995320542817033,0.9136157959687371,0.4473684210526316,0.5094755880545784,0.6443238502701034
0.92,1.0,0.2891156462585034,1.0,0.9140271493212669,0.44854881266490765,0.5131851194014845,0.6445578231292517
0.921,1.0,0.2891156462585034,1.0,0.9140271493212669,0.44854881266490765,0.5131851194014845,0.6445578231292517
0.922,1.0,0.2891156462585034,1.0,0.9140271493212669,0.44854881266490765,0.5131851194014845,0.6445578231292517
0.923,1.0,0.2891156462585034,1.0,0.9140271493212669,0.44854881266490765,0.5131851194014845,0.6445578231292517
0.924,1.0,0.2891156462585034,1.0,0.9140271493212669,0.44854881266490765,0.5131851194014845,0.6445578231292517
0.925,1.0,0.2891156462585034,1.0,0.9140271493212669,0.44854881266490765,0.5131851194014845,0.6445578231292517
0.926,1.0,0.2891156462585034,1.0,0.9140271493212669,0.44854881266490765,0.5131851194014845,0.6445578231292517
0.927,1.0,0.2891156462585034,1.0,0.9140271493212669,0.44854881266490765,0.5131851194014845,0.6445578231292517
0.928,1.0,0.2891156462585034,1.0,0.9140271493212669,0.44854881266490765,0.5131851194014845,0.6445578231292517
0.929,1.0,0.2891156462585034,1.0,0.9140271493212669,0.44854881266490765,0.5131851194014845,0.6445578231292517
0.93,1.0,0.2891156462585034,1.0,0.9140271493212669,0.44854881266490765,0.5131851194014845,0.6445578231292517
0.931,1.0,0.2891156462585034,1.0,0.9140271493212669,0.44854881266490765,0.5131851194014845,0.6445578231292517
0.932,1.0,0.2857142857142857,1.0,0.9136157959687371,0.4444444444444444,0.5100487576931234,0.6428571428571428
0.933,1.0,0.2857142857142857,1.0,0.9136157959687371,0.4444444444444444,0.5100487576931234,0.6428571428571428
0.934,1.0,0.2857142857142857,1.0,0.9136157959687371,0.4444444444444444,0.5100487576931234,0.6428571428571428
0.935,1.0,0.2857142857142857,1.0,0.9136157959687371,0.4444444444444444,0.5100487576931234,0.6428571428571428
0.936,1.0,0.2857142857142857,1.0,0.9136157959687371,0.4444444444444444,0.5100487576931234,0.6428571428571428
0.937,1.0,0.2857142857142857,1.0,0.9136157959687371,0.4444444444444444,0.5100487576931234,0.6428571428571428
0.9380000000000001,1.0,0.2857142857142857,1.0,0.9136157959687371,0.4444444444444444,0.5100487576931234,0.6428571428571428
0.9390000000000001,1.0,0.2857142857142857,1.0,0.9136157959687371,0.4444444444444444,0.5100487576931234,0.6428571428571428
0.9400000000000001,1.0,0.2857142857142857,1.0,0.9136157959687371,0.4444444444444444,0.5100487576931234,0.6428571428571428
0.9410000000000001,1.0,0.2857142857142857,1.0,0.9136157959687371,0.4444444444444444,0.5100487576931234,0.6428571428571428
0.9420000000000001,1.0,0.2857142857142857,1.0,0.9136157959687371,0.4444444444444444,0.5100487576931234,0.6428571428571428
0.9430000000000001,1.0,0.282312925170068,1.0,0.9132044426162074,0.4403183023872679,0.5068956867648736,0.641156462585034
0.9440000000000001,1.0,0.282312925170068,1.0,0.9132044426162074,0.4403183023872679,0.5068956867648736,0.641156462585034
0.9450000000000001,1.0,0.282312925170068,1.0,0.9132044426162074,0.4403183023872679,0.5068956867648736,0.641156462585034
0.9460000000000001,1.0,0.282312925170068,1.0,0.9132044426162074,0.4403183023872679,0.5068956867648736,0.641156462585034
0.9470000000000001,1.0,0.282312925170068,1.0,0.9132044426162074,0.4403183023872679,0.5068956867648736,0.641156462585034
0.9480000000000001,1.0,0.282312925170068,1.0,0.9132044426162074,0.4403183023872679,0.5068956867648736,0.641156462585034
0.9490000000000001,1.0,0.2789115646258503,1.0,0.9127930892636775,0.43617021276595747,0.5037255893773386,0.6394557823129252
0.9500000000000001,1.0,0.2789115646258503,1.0,0.9127930892636775,0.43617021276595747,0.5037255893773386,0.6394557823129252
0.9510000000000001,1.0,0.2789115646258503,1.0,0.9127930892636775,0.43617021276595747,0.5037255893773386,0.6394557823129252
0.9520000000000001,1.0,0.2789115646258503,1.0,0.9127930892636775,0.43617021276595747,0.5037255893773386,0.6394557823129252
0.9530000000000001,1.0,0.2789115646258503,1.0,0.9127930892636775,0.43617021276595747,0.5037255893773386,0.6394557823129252
0.9540000000000001,1.0,0.2789115646258503,1.0,0.9127930892636775,0.43617021276595747,0.5037255893773386,0.6394557823129252
0.9550000000000001,1.0,0.2789115646258503,1.0,0.9127930892636775,0.43617021276595747,0.5037255893773386,0.6394557823129252
0.9560000000000001,1.0,0.2755102040816326,1.0,0.9123817359111477,0.432,0.5005381385441197,0.6377551020408163
0.9570000000000001,1.0,0.2755102040816326,1.0,0.9123817359111477,0.432,0.5005381385441197,0.6377551020408163
0.9580000000000001,1.0,0.272108843537415,1.0,0.9119703825586178,0.42780748663101603,0.49733299710810364,0.6360544217687075
0.9590000000000001,1.0,0.272108843537415,1.0,0.9119703825586178,0.42780748663101603,0.49733299710810364,0.6360544217687075
0.96,1.0,0.20408163265306123,1.0,0.9037433155080213,0.3389830508474576,0.42888261683278533,0.6020408163265306
0.961,1.0,0.19047619047619047,1.0,0.9020979020979021,0.32,0.41399090711988457,0.5952380952380952
0.962,1.0,0.19047619047619047,1.0,0.9020979020979021,0.32,0.41399090711988457,0.5952380952380952
0.963,1.0,0.1870748299319728,1.0,0.9016865487453722,0.3151862464183381,0.41019156215344016,0.5935374149659864
0.964,1.0,0.1870748299319728,1.0,0.9016865487453722,0.3151862464183381,0.41019156215344016,0.5935374149659864
0.965,1.0,0.1870748299319728,1.0,0.9016865487453722,0.3151862464183381,0.41019156215344016,0.5935374149659864
0.966,1.0,0.1870748299319728,1.0,0.9016865487453722,0.3151862464183381,0.41019156215344016,0.5935374149659864
0.967,1.0,0.1836734693877551,1.0,0.9012751953928424,0.3103448275862069,0.406359937563224,0.5918367346938775
0.968,1.0,0.1836734693877551,1.0,0.9012751953928424,0.3103448275862069,0.406359937563224,0.5918367346938775
0.969,1.0,0.17687074829931973,1.0,0.9004524886877828,0.30057803468208094,0.39859610144516344,0.5884353741496599
0.97,1.0,0.17687074829931973,1.0,0.9004524886877828,0.30057803468208094,0.39859610144516344,0.5884353741496599
0.971,1.0,0.17687074829931973,1.0,0.9004524886877828,0.30057803468208094,0.39859610144516344,0.5884353741496599
0.972,1.0,0.17687074829931973,1.0,0.9004524886877828,0.30057803468208094,0.39859610144516344,0.5884353741496599
0.973,1.0,0.17687074829931973,1.0,0.9004524886877828,0.30057803468208094,0.39859610144516344,0.5884353741496599
0.974,1.0,0.1360544217687075,1.0,0.895516248457425,0.23952095808383234,0.3487135342227431,0.5680272108843537
0.975,1.0,0.1360544217687075,1.0,0.895516248457425,0.23952095808383234,0.3487135342227431,0.5680272108843537
0.976,0.0,0.0,1.0,0.879062114356232,0.0,0.0,0.5
0.977,0.0,0.0,1.0,0.879062114356232,0.0,0.0,0.5
0.978,0.0,0.0,1.0,0.879062114356232,0.0,0.0,0.5
0.979,0.0,0.0,1.0,0.879062114356232,0.0,0.0,0.5
0.98,0.0,0.0,1.0,0.879062114356232,0.0,0.0,0.5
0.981,0.0,0.0,1.0,0.879062114356232,0.0,0.0,0.5
0.982,0.0,0.0,1.0,0.879062114356232,0.0,0.0,0.5
0.983,0.0,0.0,1.0,0.879062114356232,0.0,0.0,0.5
0.984,0.0,0.0,1.0,0.879062114356232,0.0,0.0,0.5
0.985,0.0,0.0,1.0,0.879062114356232,0.0,0.0,0.5
0.986,0.0,0.0,1.0,0.879062114356232,0.0,0.0,0.5
0.987,0.0,0.0,1.0,0.879062114356232,0.0,0.0,0.5
0.988,0.0,0.0,1.0,0.879062114356232,0.0,0.0,0.5
0.989,0.0,0.0,1.0,0.879062114356232,0.0,0.0,0.5
0.99,0.0,0.0,1.0,0.879062114356232,0.0,0.0,0.5
0.991,0.0,0.0,1.0,0.879062114356232,0.0,0.0,0.5
0.992,0.0,0.0,1.0,0.879062114356232,0.0,0.0,0.5
0.993,0.0,0.0,1.0,0.879062114356232,0.0,0.0,0.5
0.994,0.0,0.0,1.0,0.879062114356232,0.0,0.0,0.5
0.995,0.0,0.0,1.0,0.879062114356232,0.0,0.0,0.5
0.996,0.0,0.0,1.0,0.879062114356232,0.0,0.0,0.5
0.997,0.0,0.0,1.0,0.879062114356232,0.0,0.0,0.5
0.998,0.0,0.0,1.0,0.879062114356232,0.0,0.0,0.5
0.999,0.0,0.0,1.0,0.879062114356232,0.0,0.0,0.5
1.0,0.0,0.0,1.0,0.879062114356232,0.0,0.0,0.5
