threshold,precision,recall,specificity,accuracy,f1,mcc,balanced_accuracy
0.0,0.12093788564376799,1.0,0.0,0.12093788564376799,0.21577981651376146,0.0,0.5
0.001,0.12296110414052698,1.0,0.018717828731867104,0.13739201974496093,0.21899441340782122,0.04797462754398057,0.5093589143659335
0.002,0.12677878395860284,1.0,0.05240992044922789,0.16700946112710818,0.22502870264064295,0.0815135938474082,0.5262049602246139
0.003,0.13074520303435966,0.9965986394557823,0.08844174075807207,0.19827231591937475,0.23116370808678502,0.10330073004914128,0.5425201901069272
0.004,0.13458888378502526,0.9965986394557823,0.11839026672905943,0.22459893048128343,0.23715095103197087,0.12257045444153601,0.5574944530924208
0.005,0.13886255924170615,0.9965986394557823,0.14974262985493683,0.25215960510078156,0.2437603993344426,0.14094478129558372,0.5731706346553596
0.006,0.14292682926829267,0.9965986394557823,0.17781937295273748,0.27684080625257096,0.25,0.15643280801038015,0.5872090062042599
0.007,0.14731020613373555,0.9965986394557823,0.20636406176883482,0.30193336075689015,0.2566798072711345,0.17157880324541325,0.6014813506123086
0.008,0.15095311695002575,0.9965986394557823,0.22882545624707534,0.32167832167832167,0.2621923937360179,0.18321686796548914,0.6127120478514289
0.009000000000000001,0.15474297827239003,0.9931972789115646,0.25362657931679927,0.3430686960098725,0.2677670793214122,0.19309794995205892,0.623411929114182
0.01,0.15792320173066524,0.9931972789115646,0.271408516612073,0.35870012340600577,0.27251516565562295,0.20218332314802406,0.6323028977618188
0.011,0.16105901820187535,0.9931972789115646,0.2882545624707534,0.3735088440970794,0.27717133364973895,0.21075936482403765,0.640725920691159
0.012,0.16497175141242937,0.9931972789115646,0.30837622835751055,0.3911970382558618,0.28294573643410853,0.22099464496021926,0.6507867536345375
0.013000000000000001,0.16753321779318314,0.9863945578231292,0.3256902199344876,0.40559440559440557,0.28641975308641976,0.22472477712708405,0.6560423888788084
0.014,0.17149615612063868,0.9863945578231292,0.3444080486663547,0.4220485396955985,0.29219143576826195,0.23439977229168607,0.665401303244742
0.015,0.17522658610271905,0.9863945578231292,0.3612540945250351,0.43685726038667216,0.297588506926629,0.24315691055686747,0.6738243261740822
0.016,0.17945544554455445,0.9863945578231292,0.37950397753860554,0.4529000411353353,0.3036649214659686,0.2527185463217723,0.6829492676808674
0.017,0.18389346861128725,0.9863945578231292,0.39775386055217593,0.46894282188399833,0.3099946552645644,0.2623796773775847,0.6920742091876526
0.018000000000000002,0.1870967741935484,0.9863945578231292,0.41038839494618623,0.48004936240230356,0.31453362255965295,0.26913806645344046,0.6983914763846577
0.019,0.19167217448777263,0.9863945578231292,0.42770238652316334,0.49526943644590704,0.3209739900387382,0.2785076619906827,0.7070484721731463
0.02,0.19326599326599325,0.9761904761904762,0.43940102948058024,0.5043192102015631,0.3226531759415402,0.27792895444745547,0.7077957528355282
0.021,0.19669876203576342,0.9727891156462585,0.4534394010294806,0.516248457424928,0.32723112128146453,0.28345814705322675,0.7131142583378696
0.022,0.20098383696416022,0.9727891156462585,0.4679457182966776,0.5290004113533525,0.33313919627256844,0.2916893595970372,0.720367416971468
0.023,0.20487106017191978,0.9727891156462585,0.4805802526906879,0.5401069518716578,0.3384615384615385,0.2989614671564541,0.7266846841684732
0.024,0.2106038291605302,0.9727891156462585,0.4983621899859616,0.555738379267791,0.34624697336561744,0.30937597095658753,0.73557565281611
0.025,0.2145536384096024,0.9727891156462585,0.5100608329433786,0.5660222130810366,0.3515673017824216,0.316352937181695,0.7414249742948185
0.026000000000000002,0.2176560121765601,0.9727891156462585,0.5189518015910154,0.5738379267791033,0.35572139303482586,0.3217273665231333,0.7458704586186369
0.027,0.22230889235569423,0.9693877551020408,0.5334581188582125,0.586178527354998,0.3616751269035533,0.32840275385360446,0.7514229369801266
0.028,0.22565320665083136,0.9693877551020408,0.5423490875058493,0.5939942410530645,0.36608863198458574,0.3339638929139911,0.755868421303945
0.029,0.22983870967741934,0.9693877551020408,0.5531118390266729,0.6034553681612506,0.37157757496740546,0.3407965270775999,0.7612497970643568
0.03,0.23476112026359144,0.9693877551020408,0.5652784277023866,0.6141505553270259,0.3779840848806366,0.34866151266087353,0.7673330914022136
0.031,0.23929471032745592,0.9693877551020408,0.5760411792232101,0.6236116824352118,0.3838383838383838,0.3557520210051908,0.7727144671626254
0.032,0.24193548387096775,0.9693877551020408,0.5821244735610669,0.6289592760180995,0.38722826086956524,0.35981800562193755,0.7757561143315539
0.033,0.2452504317789292,0.9659863945578231,0.5910154422087038,0.6363636363636364,0.39118457300275483,0.3636336557220477,0.7785009183832634
0.034,0.2495590828924162,0.9625850340136054,0.6017781937295273,0.6454134101192924,0.3963585434173669,0.36885707635308107,0.7821816138715664
0.035,0.2538116591928251,0.9625850340136054,0.6106691623771643,0.6532291238173591,0.40170333569907735,0.3751092644890435,0.7866270981953849
0.036000000000000004,0.25844748858447486,0.9625850340136054,0.6200280767430978,0.6614561908679556,0.40748740100791936,0.3818087624140994,0.7913065553783516
0.037,0.2627669452181987,0.9625850340136054,0.628451099672438,0.6688605512134924,0.412837345003647,0.38794733716708085,0.7955180668430217
0.038,0.26901140684410646,0.9625850340136054,0.6401497426298549,0.679144385026738,0.42050520059435365,0.39665430616517905,0.8013673883217302
0.039,0.2742248062015504,0.9625850340136054,0.6495086569957885,0.6873714520773344,0.42684766214177977,0.4037802973732737,0.806046845504697
0.04,0.27849355797819625,0.95578231292517,0.6593355170800187,0.6951871657754011,0.4313123561013047,0.40704166000124486,0.8075589150025944
0.041,0.28326612903225806,0.95578231292517,0.6672905942910622,0.702180172768408,0.4370139968895801,0.41336010674344315,0.8115364536081161
0.042,0.28761514841351077,0.95578231292517,0.6743097800655125,0.7083504730563555,0.44217151848937847,0.41903516579559363,0.8150460464953413
0.043000000000000003,0.2920997920997921,0.95578231292517,0.6813289658399626,0.7145207733443028,0.44745222929936307,0.42480809686528104,0.8185556393825664
0.044,0.2967265047518479,0.95578231292517,0.6883481516144128,0.7206910736322502,0.4528605962933118,0.43068309582524744,0.8220652322697914
0.045,0.3002136752136752,0.95578231292517,0.6934955545156761,0.7252159605100782,0.45691056910569106,0.4350588469619119,0.8246389337204231
0.046,0.30467899891186073,0.9523809523809523,0.7009826860084231,0.7313862607980255,0.46166529266281947,0.43933644960493057,0.8266818191946876
0.047,0.31042128603104213,0.9523809523809523,0.7089377632194666,0.7383792677910325,0.4682274247491639,0.4463543056080901,0.8306593578002095
0.048,0.31496062992125984,0.9523809523809523,0.7150210575573234,0.7437268613739202,0.47337278106508873,0.45182511643351964,0.8337010049691378
0.049,0.31927023945267957,0.9523809523809523,0.7206364061768835,0.7486631016042781,0.47822374039282667,0.4569586346444317,0.8365086792789179
0.05,0.3236994219653179,0.9523809523809523,0.7262517547964437,0.753599341834636,0.4831751509922347,0.4621753519737771,0.839316353588698
0.051000000000000004,0.3297997644287397,0.9523809523809523,0.7337388862891905,0.7601809954751131,0.4899387576552931,0.4692657074450638,0.8430599193350714
0.052000000000000005,0.33613445378151263,0.9523809523809523,0.7412260177819373,0.7667626491155903,0.4968944099378882,0.4765170964874347,0.8468034850814448
0.053,0.33941605839416056,0.9489795918367347,0.7459054749649041,0.7704648292883587,0.5,0.47893323362219703,0.8474425334008194
0.054,0.3432098765432099,0.9455782312925171,0.7510528778661675,0.7745783628136569,0.5036231884057971,0.4818865158963794,0.8483155545793423
0.055,0.3475,0.9455782312925171,0.7557323350491343,0.7786918963389552,0.5082266910420475,0.4866473183390633,0.8506552831708256
0.056,0.35107731305449935,0.9421768707482994,0.7604117922321011,0.7823940765117235,0.5115420129270545,0.4892738287754067,0.8512943314902002
0.057,0.35512820512820514,0.9421768707482994,0.7646233036967712,0.786096256684492,0.515828677839851,0.4936870511679501,0.8534000872225354
0.058,0.35974025974025975,0.9421768707482994,0.7693027608797379,0.7902097902097902,0.5206766917293233,0.4986642326729996,0.8557398158140186
0.059000000000000004,0.36591809775429324,0.9421768707482994,0.7753860552175947,0.7955573837926779,0.527117031398668,0.5052545716664684,0.8587814629829471
0.06,0.375,0.9387755102040817,0.7847449695835284,0.8033730974907446,0.5359223300970873,0.5134557201893611,0.861760239893805
0.061,0.382228490832158,0.9217687074829932,0.7950397753860552,0.8103661044837516,0.5403788634097707,0.5142086420714068,0.8584042414345242
0.062,0.3930131004366812,0.9183673469387755,0.8048666354702855,0.818593171534348,0.5504587155963303,0.5237248022978676,0.8616169912045305
0.063,0.3938053097345133,0.9081632653061225,0.8076743097800655,0.8198272315919375,0.5493827160493827,0.5204567105821938,0.857918787543094
0.064,0.3967310549777117,0.9081632653061225,0.810014038371549,0.8218839983545866,0.5522233712512926,0.5233480796762314,0.8590886518388356
0.065,0.4009009009009009,0.9081632653061225,0.8132896583996256,0.8247634718222954,0.55625,0.5274416903667309,0.860726461852874
0.066,0.40364188163884673,0.9047619047619048,0.8160973327094057,0.8268202385849445,0.5582371458551941,0.5287517628571694,0.8604296187356553
0.067,0.40672782874617736,0.9047619047619048,0.8184370613008891,0.8288770053475936,0.5611814345991561,0.5317422082444567,0.8615994830313969
0.068,0.411214953271028,0.8979591836734694,0.8231165184838559,0.8321678321678322,0.5641025641025641,0.5333153741692479,0.8605378510786627
0.069,0.415748031496063,0.8979591836734694,0.8263921385119326,0.835047305635541,0.5683530678148547,0.537632055123957,0.8621756610927009
0.07,0.4194577352472089,0.8945578231292517,0.8296677585400094,0.8375154257507199,0.5711183496199783,0.5397563378104321,0.8621127908346305
0.07100000000000001,0.4208,0.8945578231292517,0.8306036499766027,0.8383381324557795,0.5723612622415669,0.5410180654856093,0.8625807365529272
0.07200000000000001,0.4241935483870968,0.8945578231292517,0.8329433785680861,0.8403948992184286,0.5754923413566739,0.5441950303232181,0.8637506008486688
0.073,0.4290375203915171,0.8945578231292517,0.8362189985961629,0.8432743726861374,0.5799338478500551,0.5486981726260407,0.8653884108627072
0.074,0.4309210526315789,0.891156462585034,0.8380907814693496,0.8445084327437269,0.5809312638580931,0.5490420391362347,0.8646236220271918
0.075,0.43234323432343236,0.891156462585034,0.8390266729059429,0.8453311394487865,0.5822222222222222,0.5503512762806484,0.8650915677454885
0.076,0.43521594684385384,0.891156462585034,0.8408984557791296,0.8469765528589058,0.5848214285714286,0.5529864512188573,0.8660274591820818
0.077,0.4373956594323873,0.891156462585034,0.8423022929340197,0.8482106129164952,0.5867861142217246,0.5549776296303245,0.8667293777595269
0.078,0.43865546218487395,0.8877551020408163,0.8437061300889097,0.8490333196215549,0.5871766029246345,0.5547182039930858,0.865730616064863
0.079,0.44013490725126475,0.8877551020408163,0.844642021525503,0.8498560263266146,0.588500563697858,0.556061025186196,0.8661985617831597
0.08,0.441025641025641,0.8775510204081632,0.8469817501169864,0.8506787330316742,0.5870307167235495,0.5526372798462146,0.8622663852625748
0.081,0.4417808219178082,0.8775510204081632,0.8474496958352831,0.851090086384204,0.5876993166287016,0.5533176077730443,0.8625003581217232
0.082,0.44559585492227977,0.8775510204081632,0.8497894244267665,0.8531468531468531,0.5910652920962199,0.5567418792919705,0.8636702224174648
0.083,0.4479166666666667,0.8775510204081632,0.8511932615816565,0.8543809132044426,0.593103448275862,0.5588147845824107,0.8643721409949099
0.084,0.45104895104895104,0.8775510204081632,0.8530650444548432,0.8560263266145619,0.5958429561200924,0.5616004334289898,0.8653080324315032
0.085,0.4524647887323944,0.8741496598639455,0.8544688816097332,0.8568490333196216,0.5962877030162413,0.5614299150375406,0.8643092707368394
0.08600000000000001,0.4564831261101243,0.8741496598639455,0.8568086102012167,0.8589058000822707,0.5997666277712952,0.564970637003592,0.8654791350325811
0.08700000000000001,0.45729537366548045,0.8741496598639455,0.8572765559195134,0.8593171534348005,0.6004672897196262,0.565683667724206,0.8657131078917295
0.088,0.4614003590664273,0.8741496598639455,0.8596162845109967,0.8613739201974496,0.6039952996474736,0.5692736561940537,0.8668829721874711
0.089,0.4620938628158845,0.8707482993197279,0.86055217594759,0.8617852735499795,0.6037735849056604,0.5684401734360882,0.865650237633659
0.09,0.46112115732368897,0.8673469387755102,0.86055217594759,0.8613739201974496,0.602125147579693,0.5661568390428978,0.8639495573615501
0.091,0.4644808743169399,0.8673469387755102,0.8624239588207768,0.8630193336075689,0.604982206405694,0.5690710397318169,0.8648854487981434
0.092,0.4644808743169399,0.8673469387755102,0.8624239588207768,0.8630193336075689,0.604982206405694,0.5690710397318169,0.8648854487981434
0.093,0.46703296703296704,0.8673469387755102,0.8638277959756668,0.8642533936651584,0.6071428571428571,0.5712748486128213,0.8655873673755885
0.094,0.46703296703296704,0.8673469387755102,0.8638277959756668,0.8642533936651584,0.6071428571428571,0.5712748486128213,0.8655873673755885
0.095,0.4696132596685083,0.8673469387755102,0.8652316331305568,0.8654874537227478,0.6093189964157706,0.5734944611518604,0.8662892859530336
0.096,0.47309833024118736,0.8673469387755102,0.8671034160037435,0.8671328671328671,0.6122448979591837,0.5764789086669525,0.8672251773896269
0.097,0.47574626865671643,0.8673469387755102,0.8685072531586336,0.8683669271904566,0.6144578313253012,0.5787362588743387,0.867927095967072
0.098,0.48015122873345933,0.8639455782312925,0.8713149274684137,0.8704236939531057,0.6172539489671932,0.5810106224829941,0.8676302528498531
0.099,0.48565965583174,0.8639455782312925,0.8741226017781937,0.8728918140682846,0.6217870257037944,0.5856422208313319,0.8690340900047431
0.1,0.48940269749518306,0.8639455782312925,0.8759943846513805,0.8745372274784039,0.6248462484624846,0.5887687986619088,0.8699699814413364
0.101,0.4903100775193798,0.8605442176870748,0.8769302760879738,0.8749485808309337,0.6246913580246913,0.5880492369396562,0.8687372468875243
0.10200000000000001,0.49221789883268485,0.8605442176870748,0.8778661675245671,0.8757712875359934,0.6262376237623762,0.5896320832331979,0.869205192605821
0.10300000000000001,0.49221789883268485,0.8605442176870748,0.8778661675245671,0.8757712875359934,0.6262376237623762,0.5896320832331979,0.869205192605821
0.10400000000000001,0.49317738791423,0.8605442176870748,0.8783341132428638,0.8761826408885233,0.6270136307311028,0.5904265420168842,0.8694391654649694
0.105,0.49510763209393344,0.8605442176870748,0.8792700046794572,0.8770053475935828,0.6285714285714286,0.5920215803655497,0.8699071111832659
0.106,0.5,0.8605442176870748,0.8816097332709406,0.879062114356232,0.6325,0.5960453507577271,0.8710769754790078
0.107,0.5029821073558648,0.8605442176870748,0.8830135704258306,0.8802961744138215,0.6348808030112923,0.5984848288184926,0.8717788940564527
0.108,0.5049900199600799,0.8605442176870748,0.883949461862424,0.8811188811188811,0.6364779874213836,0.600121828677881,0.8722468397747494
0.109,0.506,0.8605442176870748,0.8844174075807206,0.881530234471411,0.6372795969773299,0.6009435649717085,0.8724808126338977
0.11,0.5111111111111111,0.8605442176870748,0.886757136172204,0.8835870012340601,0.641318124207858,0.6050850451990226,0.8736506769296394
0.111,0.5121951219512195,0.8571428571428571,0.8876930276087974,0.8839983545865899,0.6412213740458015,0.6044565141938824,0.8724179423758273
0.112,0.5153374233128835,0.8571428571428571,0.8890968647636874,0.8852324146441793,0.6436781609195402,0.6069812092272104,0.8731198609532722
0.113,0.5163934426229508,0.8571428571428571,0.8895648104819841,0.8856437679967092,0.6445012787723785,0.6078273333209288,0.8733538338124206
0.114,0.5196687370600414,0.8537414965986394,0.8914365933551708,0.8868778280542986,0.646074646074646,0.6089308284844701,0.8725890449769051
0.115,0.5218295218295218,0.8537414965986394,0.8923724847917641,0.8877005347593583,0.6477419354838709,0.6106484522974166,0.8730569906952017
0.116,0.5218295218295218,0.8537414965986394,0.8923724847917641,0.8877005347593583,0.6477419354838709,0.6106484522974166,0.8730569906952017
0.117,0.5229166666666667,0.8537414965986394,0.8928404305100608,0.8881118881118881,0.648578811369509,0.6115108194876306,0.8732909635543501
0.11800000000000001,0.5251046025104602,0.8537414965986394,0.8937763219466542,0.8889345948169478,0.6502590673575129,0.6132427262884241,0.8737589092726468
0.11900000000000001,0.5264270613107822,0.8469387755102041,0.8951801591015442,0.8893459481694775,0.6492829204693612,0.6112410662218614,0.8710594673058742
0.12,0.5286624203821656,0.8469387755102041,0.8961160505381376,0.8901686548745372,0.6509803921568628,0.6129969254283937,0.8715274130241708
0.121,0.5297872340425532,0.8469387755102041,0.8965839962564343,0.8905800082270671,0.6518324607329843,0.6138785726075173,0.8717613858833192
0.122,0.5309168443496801,0.8469387755102041,0.8970519419747309,0.8909913615795969,0.6526867627785059,0.6147627157455074,0.8719953587424676
0.123,0.5344827586206896,0.8435374149659864,0.8989237248479176,0.8922254216371863,0.6543535620052771,0.6160110233225311,0.871230569906952
0.124,0.5391304347826087,0.8435374149659864,0.9007955077211044,0.8938708350473057,0.6578249336870027,0.6196135792673736,0.8721664613435454
0.125,0.543859649122807,0.8435374149659864,0.9026672905942911,0.895516248457425,0.6613333333333333,0.6232581099678323,0.8731023527801387
0.126,0.5486725663716814,0.8435374149659864,0.9045390734674777,0.8971616618675442,0.6648793565683646,0.6269455398844854,0.874038244216732
0.127,0.5511111111111111,0.8435374149659864,0.9054749649040711,0.8979843685726039,0.6666666666666666,0.6288056387229668,0.8745061899350288
0.128,0.5535714285714286,0.8435374149659864,0.9064108563406644,0.8988070752776635,0.6684636118598383,0.6306768220447977,0.8749741356533254
0.129,0.5560538116591929,0.8435374149659864,0.9073467477772579,0.8996297819827231,0.6702702702702703,0.6325592136309208,0.8754420813716222
0.13,0.5585585585585585,0.8435374149659864,0.9082826392138512,0.9004524886877828,0.6720867208672087,0.6344529391947737,0.8759100270899188
0.131,0.5598194130925508,0.8435374149659864,0.9087505849321479,0.9008638420403127,0.6729986431478969,0.6354040920418352,0.8761439999490672
0.132,0.562358276643991,0.8435374149659864,0.9096864763687412,0.9016865487453722,0.6748299319727891,0.6373150586089565,0.8766119456673638
0.133,0.5652173913043478,0.8401360544217688,0.9110903135236312,0.9025092554504319,0.6757865937072504,0.6378865631920912,0.8756131839726999
0.134,0.5665137614678899,0.8401360544217688,0.9115582592419279,0.9029206088029618,0.6767123287671233,0.6388552919197064,0.8758471568318483
0.135,0.5691244239631337,0.8401360544217688,0.9124941506785212,0.9037433155080213,0.6785714285714286,0.6408017260005362,0.876315102550145
0.136,0.5707656612529002,0.8367346938775511,0.9134300421151147,0.9041546688605512,0.6786206896551724,0.6404407216313132,0.8750823679963329
0.137,0.5734265734265734,0.8367346938775511,0.914365933551708,0.9049773755656109,0.6804979253112033,0.6424115911420487,0.8755503137146295
0.138,0.5761124121779859,0.8367346938775511,0.9153018249883014,0.9058000822706705,0.6823855755894591,0.6443948495902677,0.8760182594329262
0.139,0.5761124121779859,0.8367346938775511,0.9153018249883014,0.9058000822706705,0.6823855755894591,0.6443948495902677,0.8760182594329262
0.14,0.5801886792452831,0.8367346938775511,0.9167056621431914,0.90703414232826,0.6852367688022284,0.6473932844541251,0.8767201780103713
0.14100000000000001,0.580568720379147,0.8333333333333334,0.917173607861488,0.90703414232826,0.6843575418994413,0.6460772454892139,0.8752534705974107
0.14200000000000002,0.5819477434679335,0.8333333333333334,0.9176415535797847,0.9074454956807898,0.6853146853146853,0.6470863874713726,0.875487443456559
0.14300000000000002,0.5823389021479713,0.8299319727891157,0.9181094992980814,0.9074454956807898,0.6844319775596073,0.64577407025449,0.8740207360435985
0.14400000000000002,0.5817307692307693,0.8231292517006803,0.9185774450163781,0.90703414232826,0.6816901408450704,0.6421314423426345,0.8708533483585292
0.145,0.5831325301204819,0.8231292517006803,0.9190453907346747,0.9074454956807898,0.6826516220028209,0.6431506693456148,0.8710873212176775
0.146,0.5821256038647343,0.8197278911564626,0.9190453907346747,0.90703414232826,0.6807909604519774,0.6408169450003166,0.8693866409455686
0.147,0.5811138014527845,0.8163265306122449,0.9190453907346747,0.9066227889757301,0.6789250353606789,0.6384800954476918,0.8676859606734598
0.148,0.5825242718446602,0.8163265306122449,0.9195133364529715,0.90703414232826,0.6798866855524079,0.6395028327439454,0.8679199335326082
0.149,0.5853658536585366,0.8163265306122449,0.9204492278895648,0.9078568490333196,0.6818181818181818,0.6415583612348595,0.8683878792509049
0.15,0.58679706601467,0.8163265306122449,0.9209171736078615,0.9082682023858495,0.6827880512091038,0.6425911931945805,0.8686218521100533
0.151,0.58679706601467,0.8163265306122449,0.9209171736078615,0.9082682023858495,0.6827880512091038,0.6425911931945805,0.8686218521100533
0.152,0.5911330049261084,0.8163265306122449,0.9223210107627515,0.9095022624434389,0.6857142857142857,0.6457102081772315,0.8693237706874982
0.153,0.5925925925925926,0.8163265306122449,0.9227889564810482,0.9099136157959687,0.6866952789699571,0.6467567895301711,0.8695577435466466
0.154,0.5970149253731343,0.8163265306122449,0.9241927936359382,0.9111476758535582,0.6896551724137931,0.6499175616985059,0.8702596621240916
0.155,0.5985037406483791,0.8163265306122449,0.9246607393542349,0.911559029206088,0.6906474820143885,0.6509782342213455,0.87049363498324
0.156,0.6,0.8163265306122449,0.9251286850725315,0.9119703825586178,0.69164265129683,0.6520424843305686,0.8707276078423882
0.157,0.6030150753768844,0.8163265306122449,0.926064576509125,0.9127930892636775,0.6936416184971098,0.6541818066986557,0.871195553560685
0.158,0.6045340050377834,0.8163265306122449,0.9265325222274217,0.9132044426162074,0.6946454413892909,0.6552569241411591,0.8714295264198333
0.159,0.6106870229007634,0.8163265306122449,0.9284043051006083,0.9148498560263266,0.6986899563318777,0.6595943054137414,0.8723654178564266
0.16,0.6122448979591837,0.8163265306122449,0.928872250818905,0.9152612093788565,0.6997084548104956,0.6606879955949418,0.8725993907155749
0.161,0.6122448979591837,0.8163265306122449,0.928872250818905,0.9152612093788565,0.6997084548104956,0.6606879955949418,0.8725993907155749
0.162,0.6138107416879796,0.8163265306122449,0.9293401965372017,0.9156725627313863,0.7007299270072993,0.6617854712431497,0.8728333635747233
0.163,0.6138107416879796,0.8163265306122449,0.9293401965372017,0.9156725627313863,0.7007299270072993,0.6617854712431497,0.8728333635747233
0.164,0.6118251928020566,0.8095238095238095,0.9293401965372017,0.9148498560263266,0.6969253294289898,0.6571095319568336,0.8694320030305056
0.165,0.6118251928020566,0.8095238095238095,0.9293401965372017,0.9148498560263266,0.6969253294289898,0.6571095319568336,0.8694320030305056
0.166,0.6134020618556701,0.8095238095238095,0.9298081422554983,0.9152612093788565,0.6979472140762464,0.6582113331110929,0.8696659758896539
0.167,0.6149870801033591,0.8095238095238095,0.930276087973795,0.9156725627313863,0.6989720998531571,0.6593169863430004,0.8698999487488023
0.168,0.6149870801033591,0.8095238095238095,0.930276087973795,0.9156725627313863,0.6989720998531571,0.6593169863430004,0.8698999487488023
0.169,0.6139896373056994,0.8061224489795918,0.930276087973795,0.9152612093788565,0.6970588235294117,0.6569745328577242,0.8681992684766935
0.17,0.6139896373056994,0.8061224489795918,0.930276087973795,0.9152612093788565,0.6970588235294117,0.6569745328577242,0.8681992684766935
0.171,0.6171875,0.8061224489795918,0.9312119794103884,0.916083916083916,0.6991150442477876,0.6591980373933659,0.86866721419499
0.17200000000000001,0.6171875,0.8061224489795918,0.9312119794103884,0.916083916083916,0.6991150442477876,0.6591980373933659,0.86866721419499
0.17300000000000001,0.6220472440944882,0.8061224489795918,0.9326158165652785,0.9173179761415056,0.7022222222222222,0.6625628836615329,0.8693691327724351
0.17400000000000002,0.6236842105263158,0.8061224489795918,0.9330837622835751,0.9177293294940354,0.7032640949554896,0.6636924927695877,0.8696031056315835
0.17500000000000002,0.6253298153034301,0.8061224489795918,0.9335517080018718,0.9181406828465652,0.7043090638930164,0.6648261423931393,0.8698370784907319
0.176,0.626984126984127,0.8061224489795918,0.9340196537201685,0.918552036199095,0.7053571428571429,0.6659638590969029,0.8700710513498802
0.177,0.626984126984127,0.8061224489795918,0.9340196537201685,0.918552036199095,0.7053571428571429,0.6659638590969029,0.8700710513498802
0.178,0.6259946949602122,0.8027210884353742,0.9340196537201685,0.9181406828465652,0.7034277198211625,0.6636203859691003,0.8683703710777713
0.179,0.625,0.7993197278911565,0.9340196537201685,0.9177293294940354,0.7014925373134329,0.6612734690335591,0.8666696908056625
0.18,0.625,0.7993197278911565,0.9340196537201685,0.9177293294940354,0.7014925373134329,0.6612734690335591,0.8666696908056625
0.181,0.6266666666666667,0.7993197278911565,0.9344875994384652,0.9181406828465652,0.70254110612855,0.6624159503304217,0.8669036636648109
0.182,0.6283422459893048,0.7993197278911565,0.9349555451567618,0.918552036199095,0.7035928143712575,0.6635625734760338,0.8671376365239591
0.183,0.6283422459893048,0.7993197278911565,0.9349555451567618,0.918552036199095,0.7035928143712575,0.6635625734760338,0.8671376365239591
0.184,0.6307277628032345,0.7959183673469388,0.9358914365933552,0.9189633895516248,0.7037593984962406,0.6635193379083085,0.865904901970147
0.185,0.6358695652173914,0.7959183673469388,0.9372952737482452,0.9201974496092143,0.7069486404833837,0.6670109125172996,0.866606820547592
0.186,0.6358695652173914,0.7959183673469388,0.9372952737482452,0.9201974496092143,0.7069486404833837,0.6670109125172996,0.866606820547592
0.187,0.6358695652173914,0.7959183673469388,0.9372952737482452,0.9201974496092143,0.7069486404833837,0.6670109125172996,0.866606820547592
0.188,0.6358695652173914,0.7959183673469388,0.9372952737482452,0.9201974496092143,0.7069486404833837,0.6670109125172996,0.866606820547592
0.189,0.639344262295082,0.7959183673469388,0.9382311651848385,0.9210201563142739,0.7090909090909091,0.6693601945190588,0.8670747662658886
0.19,0.6383561643835617,0.7925170068027211,0.9382311651848385,0.9206088029617442,0.7071320182094082,0.6670095823335296,0.8653740859937797
0.191,0.6401098901098901,0.7925170068027211,0.9386991109031352,0.9210201563142739,0.7082066869300911,0.668191200170221,0.8656080588529281
0.192,0.643646408839779,0.7925170068027211,0.9396350023397286,0.9218428630193336,0.7103658536585366,0.670567736651948,0.8660760045712248
0.193,0.643646408839779,0.7925170068027211,0.9396350023397286,0.9218428630193336,0.7103658536585366,0.670567736651948,0.8660760045712248
0.194,0.643646408839779,0.7925170068027211,0.9396350023397286,0.9218428630193336,0.7103658536585366,0.670567736651948,0.8660760045712248
0.195,0.6454293628808865,0.7925170068027211,0.9401029480580253,0.9222542163718634,0.7114503816793893,0.6717627162961868,0.8663099774303732
0.196,0.6454293628808865,0.7925170068027211,0.9401029480580253,0.9222542163718634,0.7114503816793893,0.6717627162961868,0.8663099774303732
0.197,0.6454293628808865,0.7925170068027211,0.9401029480580253,0.9222542163718634,0.7114503816793893,0.6717627162961868,0.8663099774303732
0.198,0.6472222222222223,0.7925170068027211,0.940570893776322,0.9226655697243933,0.7125382262996942,0.6729622113658295,0.8665439502895216
0.199,0.6472222222222223,0.7925170068027211,0.940570893776322,0.9226655697243933,0.7125382262996942,0.6729622113658295,0.8665439502895216
0.2,0.6472222222222223,0.7925170068027211,0.940570893776322,0.9226655697243933,0.7125382262996942,0.6729622113658295,0.8665439502895216
0.201,0.6472222222222223,0.7925170068027211,0.940570893776322,0.9226655697243933,0.7125382262996942,0.6729622113658295,0.8665439502895216
0.202,0.6472222222222223,0.7925170068027211,0.940570893776322,0.9226655697243933,0.7125382262996942,0.6729622113658295,0.8665439502895216
0.203,0.649025069637883,0.7925170068027211,0.9410388394946186,0.9230769230769231,0.7136294027565084,0.6741662531015145,0.8667779231486699
0.20400000000000001,0.648876404494382,0.7857142857142857,0.9415067852129153,0.9226655697243933,0.7107692307692308,0.6706691514140847,0.8636105354636006
0.20500000000000002,0.6507042253521127,0.7857142857142857,0.941974730931212,0.9230769230769231,0.711864406779661,0.6718833750589086,0.8638445083227488
0.20600000000000002,0.652542372881356,0.7857142857142857,0.9424426766495086,0.9234882764294529,0.7129629629629629,0.6731022672782856,0.8640784811818971
0.20700000000000002,0.6543909348441926,0.7857142857142857,0.9429106223678053,0.9238996297819827,0.714064914992272,0.6743258609159162,0.8643124540410455
0.20800000000000002,0.65625,0.7857142857142857,0.943378568086102,0.9243109831345125,0.7151702786377709,0.6755541891396044,0.8645464269001939
0.209,0.65625,0.7857142857142857,0.943378568086102,0.9243109831345125,0.7151702786377709,0.6755541891396044,0.8645464269001939
0.21,0.65625,0.7857142857142857,0.943378568086102,0.9243109831345125,0.7151702786377709,0.6755541891396044,0.8645464269001939
0.211,0.65625,0.7857142857142857,0.943378568086102,0.9243109831345125,0.7151702786377709,0.6755541891396044,0.8645464269001939
0.212,0.65625,0.7857142857142857,0.943378568086102,0.9243109831345125,0.7151702786377709,0.6755541891396044,0.8645464269001939
0.213,0.65625,0.7857142857142857,0.943378568086102,0.9243109831345125,0.7151702786377709,0.6755541891396044,0.8645464269001939
0.214,0.65625,0.7857142857142857,0.943378568086102,0.9243109831345125,0.7151702786377709,0.6755541891396044,0.8645464269001939
0.215,0.6542857142857142,0.7789115646258503,0.943378568086102,0.9234882764294529,0.7111801242236024,0.6708378308173931,0.8611450663559761
0.216,0.6561604584527221,0.7789115646258503,0.9438465138043987,0.9238996297819827,0.7122861586314152,0.6720720041561397,0.8613790392151245
0.217,0.6580459770114943,0.7789115646258503,0.9443144595226953,0.9243109831345125,0.7133956386292835,0.6733110074738669,0.8616130120742729
0.218,0.6580459770114943,0.7789115646258503,0.9443144595226953,0.9243109831345125,0.7133956386292835,0.6733110074738669,0.8616130120742729
0.219,0.6580459770114943,0.7789115646258503,0.9443144595226953,0.9243109831345125,0.7133956386292835,0.6733110074738669,0.8616130120742729
0.22,0.6580459770114943,0.7789115646258503,0.9443144595226953,0.9243109831345125,0.7133956386292835,0.6733110074738669,0.8616130120742729
0.221,0.661849710982659,0.7789115646258503,0.9452503509592888,0.9251336898395722,0.715625,0.6758036426369151,0.8620809577925695
0.222,0.661849710982659,0.7789115646258503,0.9452503509592888,0.9251336898395722,0.715625,0.6758036426369151,0.8620809577925695
0.223,0.661849710982659,0.7789115646258503,0.9452503509592888,0.9251336898395722,0.715625,0.6758036426369151,0.8620809577925695
0.224,0.661849710982659,0.7789115646258503,0.9452503509592888,0.9251336898395722,0.715625,0.6758036426369151,0.8620809577925695
0.225,0.6656976744186046,0.7789115646258503,0.9461862423958821,0.9259563965446318,0.7178683385579937,0.6783160169847481,0.8625489035108662
0.226,0.6656976744186046,0.7789115646258503,0.9461862423958821,0.9259563965446318,0.7178683385579937,0.6783160169847481,0.8625489035108662
0.227,0.6656976744186046,0.7789115646258503,0.9461862423958821,0.9259563965446318,0.7178683385579937,0.6783160169847481,0.8625489035108662
0.228,0.6676384839650146,0.7789115646258503,0.9466541881141788,0.9263677498971616,0.7189952904238619,0.6795796956187785,0.8627828763700145
0.229,0.6695906432748538,0.7789115646258503,0.9471221338324755,0.9267791032496915,0.720125786163522,0.6808484168932248,0.8630168492291629
0.23,0.6705882352941176,0.7755102040816326,0.9475900795507721,0.9267791032496915,0.7192429022082019,0.6797637220633287,0.8615501418162024
0.231,0.6696165191740413,0.7721088435374149,0.9475900795507721,0.9263677498971616,0.717219589257504,0.6774014000794906,0.8598494615440935
0.232,0.6696165191740413,0.7721088435374149,0.9475900795507721,0.9263677498971616,0.717219589257504,0.6774014000794906,0.8598494615440935
0.233,0.6696165191740413,0.7721088435374149,0.9475900795507721,0.9263677498971616,0.717219589257504,0.6774014000794906,0.8598494615440935
0.234,0.6696165191740413,0.7721088435374149,0.9475900795507721,0.9263677498971616,0.717219589257504,0.6774014000794906,0.8598494615440935
0.23500000000000001,0.6696165191740413,0.7721088435374149,0.9475900795507721,0.9263677498971616,0.717219589257504,0.6774014000794906,0.8598494615440935
0.23600000000000002,0.6696165191740413,0.7721088435374149,0.9475900795507721,0.9263677498971616,0.717219589257504,0.6774014000794906,0.8598494615440935
0.23700000000000002,0.6715976331360947,0.7721088435374149,0.9480580252690688,0.9267791032496915,0.7183544303797469,0.6786816387279642,0.8600834344032419
0.23800000000000002,0.6715976331360947,0.7721088435374149,0.9480580252690688,0.9267791032496915,0.7183544303797469,0.6786816387279642,0.8600834344032419
0.23900000000000002,0.6715976331360947,0.7721088435374149,0.9480580252690688,0.9267791032496915,0.7183544303797469,0.6786816387279642,0.8600834344032419
0.24,0.6715976331360947,0.7721088435374149,0.9480580252690688,0.9267791032496915,0.7183544303797469,0.6786816387279642,0.8600834344032419
0.241,0.6706231454005934,0.7687074829931972,0.9480580252690688,0.9263677498971616,0.716323296354992,0.6763161145988968,0.8583827541311331
0.242,0.6746268656716418,0.7687074829931972,0.9489939167056621,0.9271904566022213,0.7186009538950715,0.678893541029498,0.8588506998494296
0.243,0.6746268656716418,0.7687074829931972,0.9489939167056621,0.9271904566022213,0.7186009538950715,0.678893541029498,0.8588506998494296
0.244,0.6746268656716418,0.7687074829931972,0.9489939167056621,0.9271904566022213,0.7186009538950715,0.678893541029498,0.8588506998494296
0.245,0.6766467065868264,0.7687074829931972,0.9494618624239588,0.9276018099547512,0.7197452229299363,0.680190154299899,0.859084672708578
0.246,0.6766467065868264,0.7687074829931972,0.9494618624239588,0.9276018099547512,0.7197452229299363,0.680190154299899,0.859084672708578
0.247,0.6766467065868264,0.7687074829931972,0.9494618624239588,0.9276018099547512,0.7197452229299363,0.680190154299899,0.859084672708578
0.248,0.6786786786786787,0.7687074829931972,0.9499298081422555,0.928013163307281,0.7208931419457735,0.6814920866082801,0.8593186455677264
0.249,0.6786786786786787,0.7687074829931972,0.9499298081422555,0.928013163307281,0.7208931419457735,0.6814920866082801,0.8593186455677264
0.25,0.6786786786786787,0.7687074829931972,0.9499298081422555,0.928013163307281,0.7208931419457735,0.6814920866082801,0.8593186455677264
0.251,0.6787878787878788,0.7619047619047619,0.9503977538605521,0.9276018099547512,0.717948717948718,0.678063564532955,0.856151257882657
0.252,0.6787878787878788,0.7619047619047619,0.9503977538605521,0.9276018099547512,0.717948717948718,0.678063564532955,0.856151257882657
0.253,0.6808510638297872,0.7619047619047619,0.9508656995788488,0.928013163307281,0.7191011235955056,0.6793777430037378,0.8563852307418054
0.254,0.6808510638297872,0.7619047619047619,0.9508656995788488,0.928013163307281,0.7191011235955056,0.6793777430037378,0.8563852307418054
0.255,0.6829268292682927,0.7619047619047619,0.9513336452971455,0.9284245166598107,0.7202572347266881,0.6806973965372872,0.8566192036009537
0.256,0.6829268292682927,0.7619047619047619,0.9513336452971455,0.9284245166598107,0.7202572347266881,0.6806973965372872,0.8566192036009537
0.257,0.6829268292682927,0.7619047619047619,0.9513336452971455,0.9284245166598107,0.7202572347266881,0.6806973965372872,0.8566192036009537
0.258,0.6850152905198776,0.7619047619047619,0.9518015910154423,0.9288358700123406,0.7214170692431562,0.6820225666845522,0.8568531764601021
0.259,0.6850152905198776,0.7619047619047619,0.9518015910154423,0.9288358700123406,0.7214170692431562,0.6820225666845522,0.8568531764601021
0.26,0.6850152905198776,0.7619047619047619,0.9518015910154423,0.9288358700123406,0.7214170692431562,0.6820225666845522,0.8568531764601021
0.261,0.6840490797546013,0.7585034013605442,0.9518015910154423,0.9284245166598107,0.7193548387096774,0.6796509734843207,0.8551524961879933
0.262,0.6840490797546013,0.7585034013605442,0.9518015910154423,0.9284245166598107,0.7193548387096774,0.6796509734843207,0.8551524961879933
0.263,0.6840490797546013,0.7585034013605442,0.9518015910154423,0.9284245166598107,0.7193548387096774,0.6796509734843207,0.8551524961879933
0.264,0.6840490797546013,0.7585034013605442,0.9518015910154423,0.9284245166598107,0.7193548387096774,0.6796509734843207,0.8551524961879933
0.265,0.6840490797546013,0.7585034013605442,0.9518015910154423,0.9284245166598107,0.7193548387096774,0.6796509734843207,0.8551524961879933
0.266,0.6840490797546013,0.7585034013605442,0.9518015910154423,0.9284245166598107,0.7193548387096774,0.6796509734843207,0.8551524961879933
0.267,0.6840490797546013,0.7585034013605442,0.9518015910154423,0.9284245166598107,0.7193548387096774,0.6796509734843207,0.8551524961879933
0.268,0.6840490797546013,0.7585034013605442,0.9518015910154423,0.9284245166598107,0.7193548387096774,0.6796509734843207,0.8551524961879933
0.269,0.6840490797546013,0.7585034013605442,0.9518015910154423,0.9284245166598107,0.7193548387096774,0.6796509734843207,0.8551524961879933
0.27,0.6861538461538461,0.7585034013605442,0.9522695367337389,0.9288358700123406,0.7205169628432956,0.6809824922337597,0.8553864690471416
0.271,0.6873065015479877,0.7551020408163265,0.9527374824520356,0.9288358700123406,0.7196110210696921,0.679945603990354,0.853919761634181
0.272,0.6894409937888198,0.7551020408163265,0.9532054281703323,0.9292472233648704,0.7207792207792207,0.6812892274987863,0.8541537344933294
0.273,0.6894409937888198,0.7551020408163265,0.9532054281703323,0.9292472233648704,0.7207792207792207,0.6812892274987863,0.8541537344933294
0.274,0.6884735202492211,0.7517006802721088,0.9532054281703323,0.9288358700123406,0.71869918699187,0.6789119552966971,0.8524530542212205
0.275,0.6884735202492211,0.7517006802721088,0.9532054281703323,0.9288358700123406,0.71869918699187,0.6789119552966971,0.8524530542212205
0.276,0.6884735202492211,0.7517006802721088,0.9532054281703323,0.9288358700123406,0.71869918699187,0.6789119552966971,0.8524530542212205
0.277,0.6875,0.7482993197278912,0.9532054281703323,0.9284245166598107,0.7166123778501629,0.6765305850027301,0.8507523739491117
0.278,0.6875,0.7482993197278912,0.9532054281703323,0.9284245166598107,0.7166123778501629,0.6765305850027301,0.8507523739491117
0.279,0.6865203761755486,0.7448979591836735,0.9532054281703323,0.928013163307281,0.7145187601957586,0.6741450859062842,0.849051693677003
0.28,0.6865203761755486,0.7448979591836735,0.9532054281703323,0.928013163307281,0.7145187601957586,0.6741450859062842,0.849051693677003
0.281,0.6886792452830188,0.7448979591836735,0.9536733738886289,0.9284245166598107,0.7156862745098039,0.6754969267777409,0.8492856665361512
0.28200000000000003,0.6867088607594937,0.7380952380952381,0.9536733738886289,0.9276018099547512,0.7114754098360656,0.6707150504390027,0.8458843059919335
0.28300000000000003,0.6867088607594937,0.7380952380952381,0.9536733738886289,0.9276018099547512,0.7114754098360656,0.6707150504390027,0.8458843059919335
0.28400000000000003,0.6867088607594937,0.7380952380952381,0.9536733738886289,0.9276018099547512,0.7114754098360656,0.6707150504390027,0.8458843059919335
0.28500000000000003,0.6878980891719745,0.7346938775510204,0.9541413196069256,0.9276018099547512,0.7105263157894737,0.6696779558086939,0.844417598578973
0.28600000000000003,0.6878980891719745,0.7346938775510204,0.9541413196069256,0.9276018099547512,0.7105263157894737,0.6696779558086939,0.844417598578973
0.28700000000000003,0.6869009584664537,0.7312925170068028,0.9541413196069256,0.9271904566022213,0.7084019769357496,0.6672772514495229,0.8427169183068641
0.28800000000000003,0.6858974358974359,0.7278911564625851,0.9541413196069256,0.9267791032496915,0.7062706270627063,0.6648722479600903,0.8410162380347553
0.289,0.6858974358974359,0.7278911564625851,0.9541413196069256,0.9267791032496915,0.7062706270627063,0.6648722479600903,0.8410162380347553
0.29,0.6858974358974359,0.7278911564625851,0.9541413196069256,0.9267791032496915,0.7062706270627063,0.6648722479600903,0.8410162380347553
0.291,0.6858974358974359,0.7278911564625851,0.9541413196069256,0.9267791032496915,0.7062706270627063,0.6648722479600903,0.8410162380347553
0.292,0.6858974358974359,0.7278911564625851,0.9541413196069256,0.9267791032496915,0.7062706270627063,0.6648722479600903,0.8410162380347553
0.293,0.6858974358974359,0.7278911564625851,0.9541413196069256,0.9267791032496915,0.7062706270627063,0.6648722479600903,0.8410162380347553
0.294,0.6858974358974359,0.7278911564625851,0.9541413196069256,0.9267791032496915,0.7062706270627063,0.6648722479600903,0.8410162380347553
0.295,0.6881028938906752,0.7278911564625851,0.9546092653252223,0.9271904566022213,0.7074380165289256,0.6662400336336324,0.8412502108939037
0.296,0.6881028938906752,0.7278911564625851,0.9546092653252223,0.9271904566022213,0.7074380165289256,0.6662400336336324,0.8412502108939037
0.297,0.6881028938906752,0.7278911564625851,0.9546092653252223,0.9271904566022213,0.7074380165289256,0.6662400336336324,0.8412502108939037
0.298,0.6881028938906752,0.7278911564625851,0.9546092653252223,0.9271904566022213,0.7074380165289256,0.6662400336336324,0.8412502108939037
0.299,0.6903225806451613,0.7278911564625851,0.955077211043519,0.9276018099547512,0.7086092715231788,0.6676138448129016,0.841484183753052
0.3,0.6903225806451613,0.7278911564625851,0.955077211043519,0.9276018099547512,0.7086092715231788,0.6676138448129016,0.841484183753052
0.301,0.6903225806451613,0.7278911564625851,0.955077211043519,0.9276018099547512,0.7086092715231788,0.6676138448129016,0.841484183753052
0.302,0.6903225806451613,0.7278911564625851,0.955077211043519,0.9276018099547512,0.7086092715231788,0.6676138448129016,0.841484183753052
0.303,0.6925566343042071,0.7278911564625851,0.9555451567618156,0.928013163307281,0.7097844112769486,0.6689937298632477,0.8417181566122003
0.304,0.6925566343042071,0.7278911564625851,0.9555451567618156,0.928013163307281,0.7097844112769486,0.6689937298632477,0.8417181566122003
0.305,0.6925566343042071,0.7278911564625851,0.9555451567618156,0.928013163307281,0.7097844112769486,0.6689937298632477,0.8417181566122003
0.306,0.6915584415584416,0.7244897959183674,0.9555451567618156,0.9276018099547512,0.707641196013289,0.6665869487438983,0.8400174763400915
0.307,0.6915584415584416,0.7244897959183674,0.9555451567618156,0.9276018099547512,0.707641196013289,0.6665869487438983,0.8400174763400915
0.308,0.6915584415584416,0.7244897959183674,0.9555451567618156,0.9276018099547512,0.707641196013289,0.6665869487438983,0.8400174763400915
0.309,0.6905537459283387,0.7210884353741497,0.9555451567618156,0.9271904566022213,0.7054908485856906,0.6641757843524408,0.8383167960679827
0.31,0.6905537459283387,0.7210884353741497,0.9555451567618156,0.9271904566022213,0.7054908485856906,0.6641757843524408,0.8383167960679827
0.311,0.6928104575163399,0.7210884353741497,0.9560131024801123,0.9276018099547512,0.7066666666666667,0.6655635752992343,0.838550768927131
0.312,0.6928104575163399,0.7210884353741497,0.9560131024801123,0.9276018099547512,0.7066666666666667,0.6655635752992343,0.838550768927131
0.313,0.6918032786885245,0.717687074829932,0.9560131024801123,0.9271904566022213,0.7045075125208681,0.6631488764848662,0.8368500886550221
0.314,0.6918032786885245,0.717687074829932,0.9560131024801123,0.9271904566022213,0.7045075125208681,0.6631488764848662,0.8368500886550221
0.315,0.694078947368421,0.717687074829932,0.956481048198409,0.9276018099547512,0.705685618729097,0.6645437889190181,0.8370840615141705
0.316,0.6963696369636964,0.717687074829932,0.9569489939167056,0.928013163307281,0.7068676716917923,0.6659449912483538,0.8373180343733189
0.317,0.6963696369636964,0.717687074829932,0.9569489939167056,0.928013163307281,0.7068676716917923,0.6659449912483538,0.8373180343733189
0.318,0.6963696369636964,0.717687074829932,0.9569489939167056,0.928013163307281,0.7068676716917923,0.6659449912483538,0.8373180343733189
0.319,0.6976744186046512,0.7142857142857143,0.9574169396350023,0.928013163307281,0.7058823529411765,0.6649361446205841,0.8358513269603582
0.32,0.6976744186046512,0.7142857142857143,0.9574169396350023,0.928013163307281,0.7058823529411765,0.6649361446205841,0.8358513269603582
0.321,0.6966666666666667,0.7108843537414966,0.9574169396350023,0.9276018099547512,0.7037037037037037,0.6625152442536687,0.8341506466882495
0.322,0.6966666666666667,0.7108843537414966,0.9574169396350023,0.9276018099547512,0.7037037037037037,0.6625152442536687,0.8341506466882495
0.323,0.6956521739130435,0.7074829931972789,0.9574169396350023,0.9271904566022213,0.7015177065767285,0.6600897986855643,0.8324499664161407
0.324,0.6956521739130435,0.7074829931972789,0.9574169396350023,0.9271904566022213,0.7015177065767285,0.6600897986855643,0.8324499664161407
0.325,0.6956521739130435,0.7074829931972789,0.9574169396350023,0.9271904566022213,0.7015177065767285,0.6600897986855643,0.8324499664161407
0.326,0.6956521739130435,0.7074829931972789,0.9574169396350023,0.9271904566022213,0.7015177065767285,0.6600897986855643,0.8324499664161407
0.327,0.6956521739130435,0.7074829931972789,0.9574169396350023,0.9271904566022213,0.7015177065767285,0.6600897986855643,0.8324499664161407
0.328,0.6956521739130435,0.7074829931972789,0.9574169396350023,0.9271904566022213,0.7015177065767285,0.6600897986855643,0.8324499664161407
0.329,0.696969696969697,0.7040816326530612,0.957884885353299,0.9271904566022213,0.700507614213198,0.6590775485141629,0.83098325900318
0.33,0.6993243243243243,0.7040816326530612,0.9583528310715957,0.9276018099547512,0.7016949152542373,0.660501867672457,0.8312172318623285
0.331,0.6993243243243243,0.7040816326530612,0.9583528310715957,0.9276018099547512,0.7016949152542373,0.660501867672457,0.8312172318623285
0.332,0.6993243243243243,0.7040816326530612,0.9583528310715957,0.9276018099547512,0.7016949152542373,0.660501867672457,0.8312172318623285
0.333,0.6993243243243243,0.7040816326530612,0.9583528310715957,0.9276018099547512,0.7016949152542373,0.660501867672457,0.8312172318623285
0.334,0.6993243243243243,0.7040816326530612,0.9583528310715957,0.9276018099547512,0.7016949152542373,0.660501867672457,0.8312172318623285
0.335,0.6993243243243243,0.7040816326530612,0.9583528310715957,0.9276018099547512,0.7016949152542373,0.660501867672457,0.8312172318623285
0.336,0.6993243243243243,0.7040816326530612,0.9583528310715957,0.9276018099547512,0.7016949152542373,0.660501867672457,0.8312172318623285
0.337,0.6993243243243243,0.7040816326530612,0.9583528310715957,0.9276018099547512,0.7016949152542373,0.660501867672457,0.8312172318623285
0.338,0.6993243243243243,0.7040816326530612,0.9583528310715957,0.9276018099547512,0.7016949152542373,0.660501867672457,0.8312172318623285
0.339,0.6993243243243243,0.7040816326530612,0.9583528310715957,0.9276018099547512,0.7016949152542373,0.660501867672457,0.8312172318623285
0.34,0.6993243243243243,0.7040816326530612,0.9583528310715957,0.9276018099547512,0.7016949152542373,0.660501867672457,0.8312172318623285
0.341,0.6993243243243243,0.7040816326530612,0.9583528310715957,0.9276018099547512,0.7016949152542373,0.660501867672457,0.8312172318623285
0.342,0.6993243243243243,0.7040816326530612,0.9583528310715957,0.9276018099547512,0.7016949152542373,0.660501867672457,0.8312172318623285
0.343,0.7040816326530612,0.7040816326530612,0.9592887225081891,0.9284245166598107,0.7040816326530612,0.6633703551612503,0.8316851775806251
0.34400000000000003,0.7040816326530612,0.7040816326530612,0.9592887225081891,0.9284245166598107,0.7040816326530612,0.6633703551612503,0.8316851775806251
0.34500000000000003,0.7040816326530612,0.7040816326530612,0.9592887225081891,0.9284245166598107,0.7040816326530612,0.6633703551612503,0.8316851775806251
0.34600000000000003,0.7064846416382252,0.7040816326530612,0.9597566682264858,0.9288358700123406,0.7052810902896082,0.66481463542385,0.8319191504397735
0.34700000000000003,0.7064846416382252,0.7040816326530612,0.9597566682264858,0.9288358700123406,0.7052810902896082,0.66481463542385,0.8319191504397735
0.34800000000000003,0.7064846416382252,0.7040816326530612,0.9597566682264858,0.9288358700123406,0.7052810902896082,0.66481463542385,0.8319191504397735
0.34900000000000003,0.7064846416382252,0.7040816326530612,0.9597566682264858,0.9288358700123406,0.7052810902896082,0.66481463542385,0.8319191504397735
0.35000000000000003,0.7054794520547946,0.7006802721088435,0.9597566682264858,0.9284245166598107,0.7030716723549488,0.6623849632722814,0.8302184701676647
0.35100000000000003,0.7054794520547946,0.7006802721088435,0.9597566682264858,0.9284245166598107,0.7030716723549488,0.6623849632722814,0.8302184701676647
0.352,0.7079037800687286,0.7006802721088435,0.9602246139447824,0.9288358700123406,0.7042735042735043,0.6638370808562448,0.830452443026813
0.353,0.7079037800687286,0.7006802721088435,0.9602246139447824,0.9288358700123406,0.7042735042735043,0.6638370808562448,0.830452443026813
0.354,0.7079037800687286,0.7006802721088435,0.9602246139447824,0.9288358700123406,0.7042735042735043,0.6638370808562448,0.830452443026813
0.355,0.7079037800687286,0.7006802721088435,0.9602246139447824,0.9288358700123406,0.7042735042735043,0.6638370808562448,0.830452443026813
0.356,0.71280276816609,0.7006802721088435,0.9611605053813758,0.9296585767174003,0.7066895368782161,0.6667619271496488,0.8309203887451097
0.357,0.71280276816609,0.7006802721088435,0.9611605053813758,0.9296585767174003,0.7066895368782161,0.6667619271496488,0.8309203887451097
0.358,0.71280276816609,0.7006802721088435,0.9611605053813758,0.9296585767174003,0.7066895368782161,0.6667619271496488,0.8309203887451097
0.359,0.71280276816609,0.7006802721088435,0.9611605053813758,0.9296585767174003,0.7066895368782161,0.6667619271496488,0.8309203887451097
0.36,0.71280276816609,0.7006802721088435,0.9611605053813758,0.9296585767174003,0.7066895368782161,0.6667619271496488,0.8309203887451097
0.361,0.71280276816609,0.7006802721088435,0.9611605053813758,0.9296585767174003,0.7066895368782161,0.6667619271496488,0.8309203887451097
0.362,0.7177700348432056,0.7006802721088435,0.9620963968179691,0.93048128342246,0.7091222030981067,0.6697146502471014,0.8313883344634063
0.363,0.7177700348432056,0.7006802721088435,0.9620963968179691,0.93048128342246,0.7091222030981067,0.6697146502471014,0.8313883344634063
0.364,0.7177700348432056,0.7006802721088435,0.9620963968179691,0.93048128342246,0.7091222030981067,0.6697146502471014,0.8313883344634063
0.365,0.7177700348432056,0.7006802721088435,0.9620963968179691,0.93048128342246,0.7091222030981067,0.6697146502471014,0.8313883344634063
0.366,0.7177700348432056,0.7006802721088435,0.9620963968179691,0.93048128342246,0.7091222030981067,0.6697146502471014,0.8313883344634063
0.367,0.7202797202797203,0.7006802721088435,0.9625643425362658,0.9308926367749897,0.7103448275862069,0.6712016165363358,0.8316223073225546
0.368,0.7202797202797203,0.7006802721088435,0.9625643425362658,0.9308926367749897,0.7103448275862069,0.6712016165363358,0.8316223073225546
0.369,0.7228070175438597,0.7006802721088435,0.9630322882545624,0.9313039901275195,0.7115716753022453,0.6726957346251762,0.831856280181703
0.37,0.7253521126760564,0.7006802721088435,0.9635002339728591,0.9317153434800494,0.71280276816609,0.6741970669332705,0.8320902530408514
0.371,0.7253521126760564,0.7006802721088435,0.9635002339728591,0.9317153434800494,0.71280276816609,0.6741970669332705,0.8320902530408514
0.372,0.7253521126760564,0.7006802721088435,0.9635002339728591,0.9317153434800494,0.71280276816609,0.6741970669332705,0.8320902530408514
0.373,0.7279151943462897,0.7006802721088435,0.9639681796911558,0.9321266968325792,0.7140381282495667,0.675705676646717,0.8323242258999997
0.374,0.7279151943462897,0.7006802721088435,0.9639681796911558,0.9321266968325792,0.7140381282495667,0.675705676646717,0.8323242258999997
0.375,0.7304964539007093,0.7006802721088435,0.9644361254094524,0.932538050185109,0.7152777777777778,0.6772216277302452,0.8325581987591479
0.376,0.7304964539007093,0.7006802721088435,0.9644361254094524,0.932538050185109,0.7152777777777778,0.6772216277302452,0.8325581987591479
0.377,0.7304964539007093,0.7006802721088435,0.9644361254094524,0.932538050185109,0.7152777777777778,0.6772216277302452,0.8325581987591479
0.378,0.7304964539007093,0.7006802721088435,0.9644361254094524,0.932538050185109,0.7152777777777778,0.6772216277302452,0.8325581987591479
0.379,0.7304964539007093,0.7006802721088435,0.9644361254094524,0.932538050185109,0.7152777777777778,0.6772216277302452,0.8325581987591479
0.38,0.7295373665480427,0.6972789115646258,0.9644361254094524,0.9321266968325792,0.7130434782608696,0.6747991706374135,0.8308575184870391
0.381,0.7321428571428571,0.6972789115646258,0.9649040711277492,0.932538050185109,0.7142857142857143,0.676323878662983,0.8310914913461875
0.382,0.7321428571428571,0.6972789115646258,0.9649040711277492,0.932538050185109,0.7142857142857143,0.676323878662983,0.8310914913461875
0.383,0.7347670250896058,0.6972789115646258,0.9653720168460459,0.9329494035376388,0.7155322862129145,0.6778560895843926,0.8313254642053358
0.384,0.7347670250896058,0.6972789115646258,0.9653720168460459,0.9329494035376388,0.7155322862129145,0.6778560895843926,0.8313254642053358
0.385,0.7338129496402878,0.6938775510204082,0.9653720168460459,0.932538050185109,0.7132867132867133,0.6754315875692237,0.829624783933227
0.386,0.7338129496402878,0.6938775510204082,0.9653720168460459,0.932538050185109,0.7132867132867133,0.6754315875692237,0.829624783933227
0.387,0.7338129496402878,0.6938775510204082,0.9653720168460459,0.932538050185109,0.7132867132867133,0.6754315875692237,0.829624783933227
0.388,0.7318840579710145,0.6870748299319728,0.9653720168460459,0.9317153434800494,0.7087719298245614,0.6705680923848707,0.8262234233890093
0.389,0.7318840579710145,0.6870748299319728,0.9653720168460459,0.9317153434800494,0.7087719298245614,0.6705680923848707,0.8262234233890093
0.39,0.7318840579710145,0.6870748299319728,0.9653720168460459,0.9317153434800494,0.7087719298245614,0.6705680923848707,0.8262234233890093
0.391,0.7345454545454545,0.6870748299319728,0.9658399625643426,0.9321266968325792,0.7100175746924429,0.6721120925619116,0.8264573962481576
0.392,0.7372262773722628,0.6870748299319728,0.9663079082826392,0.932538050185109,0.7112676056338029,0.6736638282579486,0.826691369107306
0.393,0.7372262773722628,0.6870748299319728,0.9663079082826392,0.932538050185109,0.7112676056338029,0.6736638282579486,0.826691369107306
0.394,0.7372262773722628,0.6870748299319728,0.9663079082826392,0.932538050185109,0.7112676056338029,0.6736638282579486,0.826691369107306
0.395,0.7372262773722628,0.6870748299319728,0.9663079082826392,0.932538050185109,0.7112676056338029,0.6736638282579486,0.826691369107306
0.396,0.7372262773722628,0.6870748299319728,0.9663079082826392,0.932538050185109,0.7112676056338029,0.6736638282579486,0.826691369107306
0.397,0.7372262773722628,0.6870748299319728,0.9663079082826392,0.932538050185109,0.7112676056338029,0.6736638282579486,0.826691369107306
0.398,0.7372262773722628,0.6870748299319728,0.9663079082826392,0.932538050185109,0.7112676056338029,0.6736638282579486,0.826691369107306
0.399,0.73992673992674,0.6870748299319728,0.9667758540009359,0.9329494035376388,0.7125220458553791,0.6752233696884864,0.8269253419664544
0.4,0.73992673992674,0.6870748299319728,0.9667758540009359,0.9329494035376388,0.7125220458553791,0.6752233696884864,0.8269253419664544
0.401,0.73992673992674,0.6870748299319728,0.9667758540009359,0.9329494035376388,0.7125220458553791,0.6752233696884864,0.8269253419664544
0.402,0.73992673992674,0.6870748299319728,0.9667758540009359,0.9329494035376388,0.7125220458553791,0.6752233696884864,0.8269253419664544
0.403,0.73992673992674,0.6870748299319728,0.9667758540009359,0.9329494035376388,0.7125220458553791,0.6752233696884864,0.8269253419664544
0.404,0.7416974169741697,0.6836734693877551,0.9672437997192326,0.9329494035376388,0.7115044247787611,0.6743575109082918,0.8254586345534938
0.405,0.7444444444444445,0.6836734693877551,0.9677117454375292,0.9333607568901686,0.7127659574468085,0.6759344126475183,0.8256926074126422
0.406,0.7444444444444445,0.6836734693877551,0.9677117454375292,0.9333607568901686,0.7127659574468085,0.6759344126475183,0.8256926074126422
0.40700000000000003,0.7444444444444445,0.6836734693877551,0.9677117454375292,0.9333607568901686,0.7127659574468085,0.6759344126475183,0.8256926074126422
0.40800000000000003,0.7444444444444445,0.6836734693877551,0.9677117454375292,0.9333607568901686,0.7127659574468085,0.6759344126475183,0.8256926074126422
0.40900000000000003,0.7444444444444445,0.6836734693877551,0.9677117454375292,0.9333607568901686,0.7127659574468085,0.6759344126475183,0.8256926074126422
0.41000000000000003,0.7444444444444445,0.6836734693877551,0.9677117454375292,0.9333607568901686,0.7127659574468085,0.6759344126475183,0.8256926074126422
0.41100000000000003,0.7444444444444445,0.6836734693877551,0.9677117454375292,0.9333607568901686,0.7127659574468085,0.6759344126475183,0.8256926074126422
0.41200000000000003,0.7444444444444445,0.6836734693877551,0.9677117454375292,0.9333607568901686,0.7127659574468085,0.6759344126475183,0.8256926074126422
0.41300000000000003,0.7444444444444445,0.6836734693877551,0.9677117454375292,0.9333607568901686,0.7127659574468085,0.6759344126475183,0.8256926074126422
0.41400000000000003,0.7444444444444445,0.6836734693877551,0.9677117454375292,0.9333607568901686,0.7127659574468085,0.6759344126475183,0.8256926074126422
0.41500000000000004,0.7444444444444445,0.6836734693877551,0.9677117454375292,0.9333607568901686,0.7127659574468085,0.6759344126475183,0.8256926074126422
0.41600000000000004,0.7472118959107806,0.6836734693877551,0.9681796911558259,0.9337721102426985,0.7140319715808171,0.677519371591723,0.8259265802717906
0.417,0.75,0.6836734693877551,0.9686476368741226,0.9341834635952283,0.7153024911032029,0.679112462234339,0.8261605531309388
0.418,0.75,0.6836734693877551,0.9686476368741226,0.9341834635952283,0.7153024911032029,0.679112462234339,0.8261605531309388
0.419,0.75,0.6836734693877551,0.9686476368741226,0.9341834635952283,0.7153024911032029,0.679112462234339,0.8261605531309388
0.42,0.7528089887640449,0.6836734693877551,0.9691155825924193,0.9345948169477581,0.7165775401069518,0.680713760038447,0.8263945259900871
0.421,0.7528089887640449,0.6836734693877551,0.9691155825924193,0.9345948169477581,0.7165775401069518,0.680713760038447,0.8263945259900871
0.422,0.7547169811320755,0.6802721088435374,0.9695835283107159,0.9345948169477581,0.7155635062611807,0.6798931313855479,0.8249278185771267
0.423,0.7575757575757576,0.6802721088435374,0.9700514740290126,0.935006170300288,0.7168458781362007,0.6815127896079484,0.825161791436275
0.424,0.7575757575757576,0.6802721088435374,0.9700514740290126,0.935006170300288,0.7168458781362007,0.6815127896079484,0.825161791436275
0.425,0.7575757575757576,0.6802721088435374,0.9700514740290126,0.935006170300288,0.7168458781362007,0.6815127896079484,0.825161791436275
0.426,0.7575757575757576,0.6802721088435374,0.9700514740290126,0.935006170300288,0.7168458781362007,0.6815127896079484,0.825161791436275
0.427,0.7575757575757576,0.6802721088435374,0.9700514740290126,0.935006170300288,0.7168458781362007,0.6815127896079484,0.825161791436275
0.428,0.7575757575757576,0.6802721088435374,0.9700514740290126,0.935006170300288,0.7168458781362007,0.6815127896079484,0.825161791436275
0.429,0.7575757575757576,0.6802721088435374,0.9700514740290126,0.935006170300288,0.7168458781362007,0.6815127896079484,0.825161791436275
0.43,0.7575757575757576,0.6802721088435374,0.9700514740290126,0.935006170300288,0.7168458781362007,0.6815127896079484,0.825161791436275
0.431,0.7604562737642585,0.6802721088435374,0.9705194197473093,0.9354175236528177,0.718132854578097,0.6831409261337699,0.8253957642954233
0.432,0.7604562737642585,0.6802721088435374,0.9705194197473093,0.9354175236528177,0.718132854578097,0.6831409261337699,0.8253957642954233
0.433,0.7604562737642585,0.6802721088435374,0.9705194197473093,0.9354175236528177,0.718132854578097,0.6831409261337699,0.8253957642954233
0.434,0.7604562737642585,0.6802721088435374,0.9705194197473093,0.9354175236528177,0.718132854578097,0.6831409261337699,0.8253957642954233
0.435,0.7604562737642585,0.6802721088435374,0.9705194197473093,0.9354175236528177,0.718132854578097,0.6831409261337699,0.8253957642954233
0.436,0.7604562737642585,0.6802721088435374,0.9705194197473093,0.9354175236528177,0.718132854578097,0.6831409261337699,0.8253957642954233
0.437,0.7604562737642585,0.6802721088435374,0.9705194197473093,0.9354175236528177,0.718132854578097,0.6831409261337699,0.8253957642954233
0.438,0.7604562737642585,0.6802721088435374,0.9705194197473093,0.9354175236528177,0.718132854578097,0.6831409261337699,0.8253957642954233
0.439,0.7604562737642585,0.6802721088435374,0.9705194197473093,0.9354175236528177,0.718132854578097,0.6831409261337699,0.8253957642954233
0.44,0.7604562737642585,0.6802721088435374,0.9705194197473093,0.9354175236528177,0.718132854578097,0.6831409261337699,0.8253957642954233
0.441,0.7595419847328244,0.6768707482993197,0.9705194197473093,0.935006170300288,0.7158273381294964,0.6807091746238433,0.8236950840233145
0.442,0.7624521072796935,0.6768707482993197,0.970987365465606,0.9354175236528177,0.7171171171171171,0.6823476621731877,0.8239290568824629
0.443,0.7624521072796935,0.6768707482993197,0.970987365465606,0.9354175236528177,0.7171171171171171,0.6823476621731877,0.8239290568824629
0.444,0.7624521072796935,0.6768707482993197,0.970987365465606,0.9354175236528177,0.7171171171171171,0.6823476621731877,0.8239290568824629
0.445,0.7624521072796935,0.6768707482993197,0.970987365465606,0.9354175236528177,0.7171171171171171,0.6823476621731877,0.8239290568824629
0.446,0.7615384615384615,0.673469387755102,0.970987365465606,0.935006170300288,0.7148014440433214,0.679912647067195,0.822228376610354
0.447,0.7615384615384615,0.673469387755102,0.970987365465606,0.935006170300288,0.7148014440433214,0.679912647067195,0.822228376610354
0.448,0.7615384615384615,0.673469387755102,0.970987365465606,0.935006170300288,0.7148014440433214,0.679912647067195,0.822228376610354
0.449,0.7615384615384615,0.673469387755102,0.970987365465606,0.935006170300288,0.7148014440433214,0.679912647067195,0.822228376610354
0.45,0.7606177606177607,0.6700680272108843,0.970987365465606,0.9345948169477581,0.7124773960216998,0.677472532279587,0.8205276963382452
0.451,0.7606177606177607,0.6700680272108843,0.970987365465606,0.9345948169477581,0.7124773960216998,0.677472532279587,0.8205276963382452
0.452,0.7606177606177607,0.6700680272108843,0.970987365465606,0.9345948169477581,0.7124773960216998,0.677472532279587,0.8205276963382452
0.453,0.7606177606177607,0.6700680272108843,0.970987365465606,0.9345948169477581,0.7124773960216998,0.677472532279587,0.8205276963382452
0.454,0.7635658914728682,0.6700680272108843,0.9714553111839027,0.935006170300288,0.7137681159420289,0.6791233621127966,0.8207616691973936
0.455,0.7665369649805448,0.6700680272108843,0.9719232569021994,0.9354175236528177,0.7150635208711433,0.6807830382369208,0.8209956420565419
0.456,0.765625,0.6666666666666666,0.9719232569021994,0.935006170300288,0.7127272727272728,0.6783414797146744,0.819294961784433
0.457,0.765625,0.6666666666666666,0.9719232569021994,0.935006170300288,0.7127272727272728,0.6783414797146744,0.819294961784433
0.458,0.765625,0.6666666666666666,0.9719232569021994,0.935006170300288,0.7127272727272728,0.6783414797146744,0.819294961784433
0.459,0.765625,0.6666666666666666,0.9719232569021994,0.935006170300288,0.7127272727272728,0.6783414797146744,0.819294961784433
0.46,0.7686274509803922,0.6666666666666666,0.972391202620496,0.9354175236528177,0.7140255009107468,0.6800120015166086,0.8195289346435813
0.461,0.7686274509803922,0.6666666666666666,0.972391202620496,0.9354175236528177,0.7140255009107468,0.6800120015166086,0.8195289346435813
0.462,0.7686274509803922,0.6666666666666666,0.972391202620496,0.9354175236528177,0.7140255009107468,0.6800120015166086,0.8195289346435813
0.463,0.7686274509803922,0.6666666666666666,0.972391202620496,0.9354175236528177,0.7140255009107468,0.6800120015166086,0.8195289346435813
0.464,0.7686274509803922,0.6666666666666666,0.972391202620496,0.9354175236528177,0.7140255009107468,0.6800120015166086,0.8195289346435813
0.465,0.7686274509803922,0.6666666666666666,0.972391202620496,0.9354175236528177,0.7140255009107468,0.6800120015166086,0.8195289346435813
0.466,0.7677165354330708,0.6632653061224489,0.972391202620496,0.935006170300288,0.7116788321167883,0.6775671647845775,0.8178282543714726
0.467,0.7707509881422925,0.6632653061224489,0.9728591483387927,0.9354175236528177,0.7129798903107861,0.6792487055029419,0.8180622272306208
0.468,0.7707509881422925,0.6632653061224489,0.9728591483387927,0.9354175236528177,0.7129798903107861,0.6792487055029419,0.8180622272306208
0.46900000000000003,0.7707509881422925,0.6632653061224489,0.9728591483387927,0.9354175236528177,0.7129798903107861,0.6792487055029419,0.8180622272306208
0.47000000000000003,0.7707509881422925,0.6632653061224489,0.9728591483387927,0.9354175236528177,0.7129798903107861,0.6792487055029419,0.8180622272306208
0.47100000000000003,0.7707509881422925,0.6632653061224489,0.9728591483387927,0.9354175236528177,0.7129798903107861,0.6792487055029419,0.8180622272306208
0.47200000000000003,0.7707509881422925,0.6632653061224489,0.9728591483387927,0.9354175236528177,0.7129798903107861,0.6792487055029419,0.8180622272306208
0.47300000000000003,0.7707509881422925,0.6632653061224489,0.9728591483387927,0.9354175236528177,0.7129798903107861,0.6792487055029419,0.8180622272306208
0.47400000000000003,0.7707509881422925,0.6632653061224489,0.9728591483387927,0.9354175236528177,0.7129798903107861,0.6792487055029419,0.8180622272306208
0.47500000000000003,0.7707509881422925,0.6632653061224489,0.9728591483387927,0.9354175236528177,0.7129798903107861,0.6792487055029419,0.8180622272306208
0.47600000000000003,0.7707509881422925,0.6632653061224489,0.9728591483387927,0.9354175236528177,0.7129798903107861,0.6792487055029419,0.8180622272306208
0.47700000000000004,0.7707509881422925,0.6632653061224489,0.9728591483387927,0.9354175236528177,0.7129798903107861,0.6792487055029419,0.8180622272306208
0.47800000000000004,0.7707509881422925,0.6632653061224489,0.9728591483387927,0.9354175236528177,0.7129798903107861,0.6792487055029419,0.8180622272306208
0.47900000000000004,0.7707509881422925,0.6632653061224489,0.9728591483387927,0.9354175236528177,0.7129798903107861,0.6792487055029419,0.8180622272306208
0.48,0.7707509881422925,0.6632653061224489,0.9728591483387927,0.9354175236528177,0.7129798903107861,0.6792487055029419,0.8180622272306208
0.481,0.7707509881422925,0.6632653061224489,0.9728591483387927,0.9354175236528177,0.7129798903107861,0.6792487055029419,0.8180622272306208
0.482,0.7707509881422925,0.6632653061224489,0.9728591483387927,0.9354175236528177,0.7129798903107861,0.6792487055029419,0.8180622272306208
0.483,0.7707509881422925,0.6632653061224489,0.9728591483387927,0.9354175236528177,0.7129798903107861,0.6792487055029419,0.8180622272306208
0.484,0.7738095238095238,0.6632653061224489,0.9733270940570894,0.9358288770053476,0.7142857142857143,0.680939441762674,0.8182962000897691
0.485,0.7738095238095238,0.6632653061224489,0.9733270940570894,0.9358288770053476,0.7142857142857143,0.680939441762674,0.8182962000897691
0.486,0.7768924302788844,0.6632653061224489,0.9737950397753861,0.9362402303578774,0.7155963302752294,0.682639464306491,0.8185301729489175
0.487,0.7768924302788844,0.6632653061224489,0.9737950397753861,0.9362402303578774,0.7155963302752294,0.682639464306491,0.8185301729489175
0.488,0.7768924302788844,0.6632653061224489,0.9737950397753861,0.9362402303578774,0.7155963302752294,0.682639464306491,0.8185301729489175
0.489,0.78,0.6632653061224489,0.9742629854936827,0.9366515837104072,0.7169117647058824,0.684348865138724,0.8187641458080659
0.49,0.78,0.6632653061224489,0.9742629854936827,0.9366515837104072,0.7169117647058824,0.684348865138724,0.8187641458080659
0.491,0.78,0.6632653061224489,0.9742629854936827,0.9366515837104072,0.7169117647058824,0.684348865138724,0.8187641458080659
0.492,0.78,0.6632653061224489,0.9742629854936827,0.9366515837104072,0.7169117647058824,0.684348865138724,0.8187641458080659
0.493,0.7791164658634538,0.6598639455782312,0.9742629854936827,0.9362402303578774,0.714548802946593,0.6819068882544679,0.817063465535957
0.494,0.7791164658634538,0.6598639455782312,0.9742629854936827,0.9362402303578774,0.714548802946593,0.6819068882544679,0.817063465535957
0.495,0.7791164658634538,0.6598639455782312,0.9742629854936827,0.9362402303578774,0.714548802946593,0.6819068882544679,0.817063465535957
0.496,0.7791164658634538,0.6598639455782312,0.9742629854936827,0.9362402303578774,0.714548802946593,0.6819068882544679,0.817063465535957
0.497,0.7791164658634538,0.6598639455782312,0.9742629854936827,0.9362402303578774,0.714548802946593,0.6819068882544679,0.817063465535957
0.498,0.7791164658634538,0.6598639455782312,0.9742629854936827,0.9362402303578774,0.714548802946593,0.6819068882544679,0.817063465535957
0.499,0.7791164658634538,0.6598639455782312,0.9742629854936827,0.9362402303578774,0.714548802946593,0.6819068882544679,0.817063465535957
0.5,0.7791164658634538,0.6598639455782312,0.9742629854936827,0.9362402303578774,0.714548802946593,0.6819068882544679,0.817063465535957
0.501,0.7845528455284553,0.6564625850340136,0.9751988769302761,0.9366515837104072,0.7148148148148148,0.6829155995337626,0.8158307309821449
0.502,0.7845528455284553,0.6564625850340136,0.9751988769302761,0.9366515837104072,0.7148148148148148,0.6829155995337626,0.8158307309821449
0.503,0.7845528455284553,0.6564625850340136,0.9751988769302761,0.9366515837104072,0.7148148148148148,0.6829155995337626,0.8158307309821449
0.504,0.7845528455284553,0.6564625850340136,0.9751988769302761,0.9366515837104072,0.7148148148148148,0.6829155995337626,0.8158307309821449
0.505,0.7845528455284553,0.6564625850340136,0.9751988769302761,0.9366515837104072,0.7148148148148148,0.6829155995337626,0.8158307309821449
0.506,0.7845528455284553,0.6564625850340136,0.9751988769302761,0.9366515837104072,0.7148148148148148,0.6829155995337626,0.8158307309821449
0.507,0.7845528455284553,0.6564625850340136,0.9751988769302761,0.9366515837104072,0.7148148148148148,0.6829155995337626,0.8158307309821449
0.508,0.7845528455284553,0.6564625850340136,0.9751988769302761,0.9366515837104072,0.7148148148148148,0.6829155995337626,0.8158307309821449
0.509,0.7845528455284553,0.6564625850340136,0.9751988769302761,0.9366515837104072,0.7148148148148148,0.6829155995337626,0.8158307309821449
0.51,0.7845528455284553,0.6564625850340136,0.9751988769302761,0.9366515837104072,0.7148148148148148,0.6829155995337626,0.8158307309821449
0.511,0.7845528455284553,0.6564625850340136,0.9751988769302761,0.9366515837104072,0.7148148148148148,0.6829155995337626,0.8158307309821449
0.512,0.7877551020408163,0.6564625850340136,0.9756668226485727,0.9370629370629371,0.7161410018552876,0.6846581782534105,0.8160647038412931
0.513,0.7877551020408163,0.6564625850340136,0.9756668226485727,0.9370629370629371,0.7161410018552876,0.6846581782534105,0.8160647038412931
0.514,0.7877551020408163,0.6564625850340136,0.9756668226485727,0.9370629370629371,0.7161410018552876,0.6846581782534105,0.8160647038412931
0.515,0.7868852459016393,0.6530612244897959,0.9756668226485727,0.9366515837104072,0.7137546468401487,0.6822121596928138,0.8143640235691842
0.516,0.7868852459016393,0.6530612244897959,0.9756668226485727,0.9366515837104072,0.7137546468401487,0.6822121596928138,0.8143640235691842
0.517,0.7868852459016393,0.6530612244897959,0.9756668226485727,0.9366515837104072,0.7137546468401487,0.6822121596928138,0.8143640235691842
0.518,0.7868852459016393,0.6530612244897959,0.9756668226485727,0.9366515837104072,0.7137546468401487,0.6822121596928138,0.8143640235691842
0.519,0.7868852459016393,0.6530612244897959,0.9756668226485727,0.9366515837104072,0.7137546468401487,0.6822121596928138,0.8143640235691842
0.52,0.7868852459016393,0.6530612244897959,0.9756668226485727,0.9366515837104072,0.7137546468401487,0.6822121596928138,0.8143640235691842
0.521,0.7901234567901234,0.6530612244897959,0.9761347683668694,0.9370629370629371,0.7150837988826816,0.6839668902744398,0.8145979964283326
0.522,0.7901234567901234,0.6530612244897959,0.9761347683668694,0.9370629370629371,0.7150837988826816,0.6839668902744398,0.8145979964283326
0.523,0.7901234567901234,0.6530612244897959,0.9761347683668694,0.9370629370629371,0.7150837988826816,0.6839668902744398,0.8145979964283326
0.524,0.7901234567901234,0.6530612244897959,0.9761347683668694,0.9370629370629371,0.7150837988826816,0.6839668902744398,0.8145979964283326
0.525,0.7933884297520661,0.6530612244897959,0.9766027140851661,0.9374742904154669,0.7164179104477612,0.6857316330485532,0.814831969287481
0.526,0.7933884297520661,0.6530612244897959,0.9766027140851661,0.9374742904154669,0.7164179104477612,0.6857316330485532,0.814831969287481
0.527,0.7933884297520661,0.6530612244897959,0.9766027140851661,0.9374742904154669,0.7164179104477612,0.6857316330485532,0.814831969287481
0.528,0.7933884297520661,0.6530612244897959,0.9766027140851661,0.9374742904154669,0.7164179104477612,0.6857316330485532,0.814831969287481
0.529,0.7966804979253111,0.6530612244897959,0.9770706598034627,0.9378856437679967,0.7177570093457943,0.6875064908986815,0.8150659421466293
0.53,0.7958333333333333,0.6496598639455783,0.9770706598034627,0.9374742904154669,0.7153558052434457,0.6850621344838024,0.8133652618745205
0.531,0.7958333333333333,0.6496598639455783,0.9770706598034627,0.9374742904154669,0.7153558052434457,0.6850621344838024,0.8133652618745205
0.532,0.7958333333333333,0.6496598639455783,0.9770706598034627,0.9374742904154669,0.7153558052434457,0.6850621344838024,0.8133652618745205
0.533,0.799163179916318,0.6496598639455783,0.9775386055217595,0.9378856437679967,0.7166979362101313,0.6868496650430336,0.8135992347336689
0.534,0.8025210084033614,0.6496598639455783,0.9780065512400562,0.9382969971205265,0.7180451127819549,0.6886475761282124,0.8138332075928172
0.535,0.8025210084033614,0.6496598639455783,0.9780065512400562,0.9382969971205265,0.7180451127819549,0.6886475761282124,0.8138332075928172
0.536,0.8025210084033614,0.6496598639455783,0.9780065512400562,0.9382969971205265,0.7180451127819549,0.6886475761282124,0.8138332075928172
0.537,0.8025210084033614,0.6496598639455783,0.9780065512400562,0.9382969971205265,0.7180451127819549,0.6886475761282124,0.8138332075928172
0.538,0.8025210084033614,0.6496598639455783,0.9780065512400562,0.9382969971205265,0.7180451127819549,0.6886475761282124,0.8138332075928172
0.539,0.8025210084033614,0.6496598639455783,0.9780065512400562,0.9382969971205265,0.7180451127819549,0.6886475761282124,0.8138332075928172
0.54,0.8025210084033614,0.6496598639455783,0.9780065512400562,0.9382969971205265,0.7180451127819549,0.6886475761282124,0.8138332075928172
0.541,0.809322033898305,0.6496598639455783,0.9789424426766495,0.9391197038255862,0.720754716981132,0.6922749753259992,0.814301153311114
0.542,0.809322033898305,0.6496598639455783,0.9789424426766495,0.9391197038255862,0.720754716981132,0.6922749753259992,0.814301153311114
0.543,0.809322033898305,0.6496598639455783,0.9789424426766495,0.9391197038255862,0.720754716981132,0.6922749753259992,0.814301153311114
0.544,0.809322033898305,0.6496598639455783,0.9789424426766495,0.9391197038255862,0.720754716981132,0.6922749753259992,0.814301153311114
0.545,0.809322033898305,0.6496598639455783,0.9789424426766495,0.9391197038255862,0.720754716981132,0.6922749753259992,0.814301153311114
0.546,0.809322033898305,0.6496598639455783,0.9789424426766495,0.9391197038255862,0.720754716981132,0.6922749753259992,0.814301153311114
0.547,0.809322033898305,0.6496598639455783,0.9789424426766495,0.9391197038255862,0.720754716981132,0.6922749753259992,0.814301153311114
0.548,0.8127659574468085,0.6496598639455783,0.9794103883949462,0.939531057178116,0.722117202268431,0.6941046851879896,0.8145351261702622
0.549,0.8127659574468085,0.6496598639455783,0.9794103883949462,0.939531057178116,0.722117202268431,0.6941046851879896,0.8145351261702622
0.55,0.8162393162393162,0.6496598639455783,0.9798783341132429,0.9399424105306459,0.7234848484848485,0.6959452191363414,0.8147690990294105
0.551,0.8162393162393162,0.6496598639455783,0.9798783341132429,0.9399424105306459,0.7234848484848485,0.6959452191363414,0.8147690990294105
0.552,0.8162393162393162,0.6496598639455783,0.9798783341132429,0.9399424105306459,0.7234848484848485,0.6959452191363414,0.8147690990294105
0.553,0.8197424892703863,0.6496598639455783,0.9803462798315395,0.9403537638831756,0.7248576850094877,0.6977966922103153,0.8150030718885589
0.554,0.8197424892703863,0.6496598639455783,0.9803462798315395,0.9403537638831756,0.7248576850094877,0.6977966922103153,0.8150030718885589
0.555,0.8232758620689655,0.6496598639455783,0.9808142255498362,0.9407651172357054,0.7262357414448669,0.6996592211730543,0.8152370447477073
0.556,0.8268398268398268,0.6496598639455783,0.9812821712681329,0.9411764705882353,0.7276190476190476,0.7015329245450306,0.8154710176068556
0.557,0.8304347826086956,0.6496598639455783,0.9817501169864296,0.9415878239407651,0.7290076335877863,0.7034179226382868,0.8157049904660039
0.558,0.8296943231441049,0.6462585034013606,0.9817501169864296,0.9411764705882353,0.7265774378585086,0.7009953432598703,0.8140043101938951
0.559,0.8296943231441049,0.6462585034013606,0.9817501169864296,0.9411764705882353,0.7265774378585086,0.7009953432598703,0.8140043101938951
0.56,0.8296943231441049,0.6462585034013606,0.9817501169864296,0.9411764705882353,0.7265774378585086,0.7009953432598703,0.8140043101938951
0.561,0.8296943231441049,0.6462585034013606,0.9817501169864296,0.9411764705882353,0.7265774378585086,0.7009953432598703,0.8140043101938951
0.562,0.8296943231441049,0.6462585034013606,0.9817501169864296,0.9411764705882353,0.7265774378585086,0.7009953432598703,0.8140043101938951
0.5630000000000001,0.8296943231441049,0.6462585034013606,0.9817501169864296,0.9411764705882353,0.7265774378585086,0.7009953432598703,0.8140043101938951
0.5640000000000001,0.8296943231441049,0.6462585034013606,0.9817501169864296,0.9411764705882353,0.7265774378585086,0.7009953432598703,0.8140043101938951
0.5650000000000001,0.8296943231441049,0.6462585034013606,0.9817501169864296,0.9411764705882353,0.7265774378585086,0.7009953432598703,0.8140043101938951
0.5660000000000001,0.8296943231441049,0.6462585034013606,0.9817501169864296,0.9411764705882353,0.7265774378585086,0.7009953432598703,0.8140043101938951
0.5670000000000001,0.8296943231441049,0.6462585034013606,0.9817501169864296,0.9411764705882353,0.7265774378585086,0.7009953432598703,0.8140043101938951
0.5680000000000001,0.8333333333333334,0.6462585034013606,0.9822180627047262,0.9415878239407651,0.7279693486590039,0.7028948204698847,0.8142382830530435
0.5690000000000001,0.8370044052863436,0.6462585034013606,0.9826860084230229,0.941999177293295,0.7293666026871402,0.7048059056451245,0.8144722559121917
0.5700000000000001,0.8370044052863436,0.6462585034013606,0.9826860084230229,0.941999177293295,0.7293666026871402,0.7048059056451245,0.8144722559121917
0.5710000000000001,0.8370044052863436,0.6462585034013606,0.9826860084230229,0.941999177293295,0.7293666026871402,0.7048059056451245,0.8144722559121917
0.5720000000000001,0.8362831858407079,0.6428571428571429,0.9826860084230229,0.9415878239407651,0.7269230769230769,0.7023841187874579,0.8127715756400828
0.5730000000000001,0.8362831858407079,0.6428571428571429,0.9826860084230229,0.9415878239407651,0.7269230769230769,0.7023841187874579,0.8127715756400828
0.5740000000000001,0.8362831858407079,0.6428571428571429,0.9826860084230229,0.9415878239407651,0.7269230769230769,0.7023841187874579,0.8127715756400828
0.5750000000000001,0.8392857142857143,0.6394557823129252,0.9831539541413196,0.9415878239407651,0.7258687258687259,0.7018861269432534,0.8113048682271224
0.5760000000000001,0.8392857142857143,0.6394557823129252,0.9831539541413196,0.9415878239407651,0.7258687258687259,0.7018861269432534,0.8113048682271224
0.577,0.8392857142857143,0.6394557823129252,0.9831539541413196,0.9415878239407651,0.7258687258687259,0.7018861269432534,0.8113048682271224
0.578,0.8430493273542601,0.6394557823129252,0.9836218998596162,0.941999177293295,0.7272727272727273,0.7038273773057302,0.8115388410862707
0.579,0.8416289592760181,0.6326530612244898,0.9836218998596162,0.9411764705882353,0.7223300970873786,0.6989694197116317,0.808137480542053
0.58,0.8416289592760181,0.6326530612244898,0.9836218998596162,0.9411764705882353,0.7223300970873786,0.6989694197116317,0.808137480542053
0.581,0.8416289592760181,0.6326530612244898,0.9836218998596162,0.9411764705882353,0.7223300970873786,0.6989694197116317,0.808137480542053
0.582,0.8416289592760181,0.6326530612244898,0.9836218998596162,0.9411764705882353,0.7223300970873786,0.6989694197116317,0.808137480542053
0.583,0.8416289592760181,0.6326530612244898,0.9836218998596162,0.9411764705882353,0.7223300970873786,0.6989694197116317,0.808137480542053
0.584,0.8416289592760181,0.6326530612244898,0.9836218998596162,0.9411764705882353,0.7223300970873786,0.6989694197116317,0.808137480542053
0.585,0.8416289592760181,0.6326530612244898,0.9836218998596162,0.9411764705882353,0.7223300970873786,0.6989694197116317,0.808137480542053
0.586,0.8416289592760181,0.6326530612244898,0.9836218998596162,0.9411764705882353,0.7223300970873786,0.6989694197116317,0.808137480542053
0.587,0.8416289592760181,0.6326530612244898,0.9836218998596162,0.9411764705882353,0.7223300970873786,0.6989694197116317,0.808137480542053
0.588,0.8416289592760181,0.6326530612244898,0.9836218998596162,0.9411764705882353,0.7223300970873786,0.6989694197116317,0.808137480542053
0.589,0.8416289592760181,0.6326530612244898,0.9836218998596162,0.9411764705882353,0.7223300970873786,0.6989694197116317,0.808137480542053
0.59,0.8416289592760181,0.6326530612244898,0.9836218998596162,0.9411764705882353,0.7223300970873786,0.6989694197116317,0.808137480542053
0.591,0.8416289592760181,0.6326530612244898,0.9836218998596162,0.9411764705882353,0.7223300970873786,0.6989694197116317,0.808137480542053
0.592,0.8416289592760181,0.6326530612244898,0.9836218998596162,0.9411764705882353,0.7223300970873786,0.6989694197116317,0.808137480542053
0.593,0.8416289592760181,0.6326530612244898,0.9836218998596162,0.9411764705882353,0.7223300970873786,0.6989694197116317,0.808137480542053
0.594,0.8409090909090909,0.6292517006802721,0.9836218998596162,0.9407651172357054,0.7198443579766537,0.6965320892172413,0.8064368002699442
0.595,0.8409090909090909,0.6292517006802721,0.9836218998596162,0.9407651172357054,0.7198443579766537,0.6965320892172413,0.8064368002699442
0.596,0.8409090909090909,0.6292517006802721,0.9836218998596162,0.9407651172357054,0.7198443579766537,0.6965320892172413,0.8064368002699442
0.597,0.8409090909090909,0.6292517006802721,0.9836218998596162,0.9407651172357054,0.7198443579766537,0.6965320892172413,0.8064368002699442
0.598,0.8447488584474886,0.6292517006802721,0.984089845577913,0.9411764705882353,0.7212475633528265,0.6984956266256654,0.8066707731290925
0.599,0.8447488584474886,0.6292517006802721,0.984089845577913,0.9411764705882353,0.7212475633528265,0.6984956266256654,0.8066707731290925
0.6,0.8440366972477065,0.6258503401360545,0.984089845577913,0.9407651172357054,0.71875,0.6960560620839844,0.8049700928569837
0.601,0.8440366972477065,0.6258503401360545,0.984089845577913,0.9407651172357054,0.71875,0.6960560620839844,0.8049700928569837
0.602,0.8433179723502304,0.6224489795918368,0.984089845577913,0.9403537638831756,0.7162426614481409,0.6936108160219806,0.8032694125848749
0.603,0.8433179723502304,0.6224489795918368,0.984089845577913,0.9403537638831756,0.7162426614481409,0.6936108160219806,0.8032694125848749
0.604,0.8433179723502304,0.6224489795918368,0.984089845577913,0.9403537638831756,0.7162426614481409,0.6936108160219806,0.8032694125848749
0.605,0.8425925925925926,0.6190476190476191,0.984089845577913,0.9399424105306459,0.7137254901960784,0.6911598337197954,0.801568732312766
0.606,0.8425925925925926,0.6190476190476191,0.984089845577913,0.9399424105306459,0.7137254901960784,0.6911598337197954,0.801568732312766
0.607,0.8425925925925926,0.6190476190476191,0.984089845577913,0.9399424105306459,0.7137254901960784,0.6911598337197954,0.801568732312766
0.608,0.8425925925925926,0.6190476190476191,0.984089845577913,0.9399424105306459,0.7137254901960784,0.6911598337197954,0.801568732312766
0.609,0.8425925925925926,0.6190476190476191,0.984089845577913,0.9399424105306459,0.7137254901960784,0.6911598337197954,0.801568732312766
0.61,0.8457943925233645,0.6156462585034014,0.9845577912962097,0.9399424105306459,0.7125984251968503,0.6906930953243817,0.8001020248998055
0.611,0.8443396226415094,0.608843537414966,0.9845577912962097,0.9391197038255862,0.7075098814229249,0.6857690159139171,0.7967006643555878
0.612,0.8443396226415094,0.608843537414966,0.9845577912962097,0.9391197038255862,0.7075098814229249,0.6857690159139171,0.7967006643555878
0.613,0.8483412322274881,0.608843537414966,0.9850257370145064,0.939531057178116,0.7089108910891089,0.6877792477251458,0.7969346372147361
0.614,0.8483412322274881,0.608843537414966,0.9850257370145064,0.939531057178116,0.7089108910891089,0.6877792477251458,0.7969346372147361
0.615,0.8483412322274881,0.608843537414966,0.9850257370145064,0.939531057178116,0.7089108910891089,0.6877792477251458,0.7969346372147361
0.616,0.8476190476190476,0.6054421768707483,0.9850257370145064,0.9391197038255862,0.7063492063492064,0.6853119465247144,0.7952339569426273
0.617,0.8476190476190476,0.6054421768707483,0.9850257370145064,0.9391197038255862,0.7063492063492064,0.6853119465247144,0.7952339569426273
0.618,0.84688995215311,0.6020408163265306,0.9850257370145064,0.9387083504730563,0.7037773359840954,0.6828386485999102,0.7935332766705185
0.619,0.84688995215311,0.6020408163265306,0.9850257370145064,0.9387083504730563,0.7037773359840954,0.6828386485999102,0.7935332766705185
0.62,0.84688995215311,0.6020408163265306,0.9850257370145064,0.9387083504730563,0.7037773359840954,0.6828386485999102,0.7935332766705185
0.621,0.84688995215311,0.6020408163265306,0.9850257370145064,0.9387083504730563,0.7037773359840954,0.6828386485999102,0.7935332766705185
0.622,0.84688995215311,0.6020408163265306,0.9850257370145064,0.9387083504730563,0.7037773359840954,0.6828386485999102,0.7935332766705185
0.623,0.84688995215311,0.6020408163265306,0.9850257370145064,0.9387083504730563,0.7037773359840954,0.6828386485999102,0.7935332766705185
0.624,0.84688995215311,0.6020408163265306,0.9850257370145064,0.9387083504730563,0.7037773359840954,0.6828386485999102,0.7935332766705185
0.625,0.84688995215311,0.6020408163265306,0.9850257370145064,0.9387083504730563,0.7037773359840954,0.6828386485999102,0.7935332766705185
0.626,0.84688995215311,0.6020408163265306,0.9850257370145064,0.9387083504730563,0.7037773359840954,0.6828386485999102,0.7935332766705185
0.627,0.84688995215311,0.6020408163265306,0.9850257370145064,0.9387083504730563,0.7037773359840954,0.6828386485999102,0.7935332766705185
0.628,0.84688995215311,0.6020408163265306,0.9850257370145064,0.9387083504730563,0.7037773359840954,0.6828386485999102,0.7935332766705185
0.629,0.84688995215311,0.6020408163265306,0.9850257370145064,0.9387083504730563,0.7037773359840954,0.6828386485999102,0.7935332766705185
0.63,0.8495145631067961,0.5952380952380952,0.985493682732803,0.9382969971205265,0.7,0.6799123032700416,0.7903658889854491
0.631,0.8495145631067961,0.5952380952380952,0.985493682732803,0.9382969971205265,0.7,0.6799123032700416,0.7903658889854491
0.632,0.8495145631067961,0.5952380952380952,0.985493682732803,0.9382969971205265,0.7,0.6799123032700416,0.7903658889854491
0.633,0.8495145631067961,0.5952380952380952,0.985493682732803,0.9382969971205265,0.7,0.6799123032700416,0.7903658889854491
0.634,0.8495145631067961,0.5952380952380952,0.985493682732803,0.9382969971205265,0.7,0.6799123032700416,0.7903658889854491
0.635,0.8495145631067961,0.5952380952380952,0.985493682732803,0.9382969971205265,0.7,0.6799123032700416,0.7903658889854491
0.636,0.8495145631067961,0.5952380952380952,0.985493682732803,0.9382969971205265,0.7,0.6799123032700416,0.7903658889854491
0.637,0.8495145631067961,0.5952380952380952,0.985493682732803,0.9382969971205265,0.7,0.6799123032700416,0.7903658889854491
0.638,0.8495145631067961,0.5952380952380952,0.985493682732803,0.9382969971205265,0.7,0.6799123032700416,0.7903658889854491
0.639,0.8495145631067961,0.5952380952380952,0.985493682732803,0.9382969971205265,0.7,0.6799123032700416,0.7903658889854491
0.64,0.8495145631067961,0.5952380952380952,0.985493682732803,0.9382969971205265,0.7,0.6799123032700416,0.7903658889854491
0.641,0.8495145631067961,0.5952380952380952,0.985493682732803,0.9382969971205265,0.7,0.6799123032700416,0.7903658889854491
0.642,0.8495145631067961,0.5952380952380952,0.985493682732803,0.9382969971205265,0.7,0.6799123032700416,0.7903658889854491
0.643,0.8495145631067961,0.5952380952380952,0.985493682732803,0.9382969971205265,0.7,0.6799123032700416,0.7903658889854491
0.644,0.8495145631067961,0.5952380952380952,0.985493682732803,0.9382969971205265,0.7,0.6799123032700416,0.7903658889854491
0.645,0.8495145631067961,0.5952380952380952,0.985493682732803,0.9382969971205265,0.7,0.6799123032700416,0.7903658889854491
0.646,0.8495145631067961,0.5952380952380952,0.985493682732803,0.9382969971205265,0.7,0.6799123032700416,0.7903658889854491
0.647,0.8495145631067961,0.5952380952380952,0.985493682732803,0.9382969971205265,0.7,0.6799123032700416,0.7903658889854491
0.648,0.8495145631067961,0.5952380952380952,0.985493682732803,0.9382969971205265,0.7,0.6799123032700416,0.7903658889854491
0.649,0.8495145631067961,0.5952380952380952,0.985493682732803,0.9382969971205265,0.7,0.6799123032700416,0.7903658889854491
0.65,0.8495145631067961,0.5952380952380952,0.985493682732803,0.9382969971205265,0.7,0.6799123032700416,0.7903658889854491
0.651,0.848780487804878,0.5918367346938775,0.985493682732803,0.9378856437679967,0.6973947895791583,0.6774244310430594,0.7886652087133403
0.652,0.848780487804878,0.5918367346938775,0.985493682732803,0.9378856437679967,0.6973947895791583,0.6774244310430594,0.7886652087133403
0.653,0.8480392156862745,0.5884353741496599,0.985493682732803,0.9374742904154669,0.6947791164658634,0.6749303330015254,0.7869645284412314
0.654,0.8480392156862745,0.5884353741496599,0.985493682732803,0.9374742904154669,0.6947791164658634,0.6749303330015254,0.7869645284412314
0.655,0.8480392156862745,0.5884353741496599,0.985493682732803,0.9374742904154669,0.6947791164658634,0.6749303330015254,0.7869645284412314
0.656,0.8480392156862745,0.5884353741496599,0.985493682732803,0.9374742904154669,0.6947791164658634,0.6749303330015254,0.7869645284412314
0.657,0.8480392156862745,0.5884353741496599,0.985493682732803,0.9374742904154669,0.6947791164658634,0.6749303330015254,0.7869645284412314
0.658,0.8480392156862745,0.5884353741496599,0.985493682732803,0.9374742904154669,0.6947791164658634,0.6749303330015254,0.7869645284412314
0.659,0.8480392156862745,0.5884353741496599,0.985493682732803,0.9374742904154669,0.6947791164658634,0.6749303330015254,0.7869645284412314
0.66,0.8480392156862745,0.5884353741496599,0.985493682732803,0.9374742904154669,0.6947791164658634,0.6749303330015254,0.7869645284412314
0.661,0.8472906403940886,0.5850340136054422,0.985493682732803,0.9370629370629371,0.6921529175050302,0.6724299462397315,0.7852638481691225
0.662,0.8472906403940886,0.5850340136054422,0.985493682732803,0.9370629370629371,0.6921529175050302,0.6724299462397315,0.7852638481691225
0.663,0.8472906403940886,0.5850340136054422,0.985493682732803,0.9370629370629371,0.6921529175050302,0.6724299462397315,0.7852638481691225
0.664,0.8472906403940886,0.5850340136054422,0.985493682732803,0.9370629370629371,0.6921529175050302,0.6724299462397315,0.7852638481691225
0.665,0.8472906403940886,0.5850340136054422,0.985493682732803,0.9370629370629371,0.6921529175050302,0.6724299462397315,0.7852638481691225
0.666,0.8472906403940886,0.5850340136054422,0.985493682732803,0.9370629370629371,0.6921529175050302,0.6724299462397315,0.7852638481691225
0.667,0.8472906403940886,0.5850340136054422,0.985493682732803,0.9370629370629371,0.6921529175050302,0.6724299462397315,0.7852638481691225
0.668,0.8472906403940886,0.5850340136054422,0.985493682732803,0.9370629370629371,0.6921529175050302,0.6724299462397315,0.7852638481691225
0.669,0.8472906403940886,0.5850340136054422,0.985493682732803,0.9370629370629371,0.6921529175050302,0.6724299462397315,0.7852638481691225
0.67,0.8472906403940886,0.5850340136054422,0.985493682732803,0.9370629370629371,0.6921529175050302,0.6724299462397315,0.7852638481691225
0.671,0.8472906403940886,0.5850340136054422,0.985493682732803,0.9370629370629371,0.6921529175050302,0.6724299462397315,0.7852638481691225
0.672,0.8472906403940886,0.5850340136054422,0.985493682732803,0.9370629370629371,0.6921529175050302,0.6724299462397315,0.7852638481691225
0.673,0.8472906403940886,0.5850340136054422,0.985493682732803,0.9370629370629371,0.6921529175050302,0.6724299462397315,0.7852638481691225
0.674,0.8472906403940886,0.5850340136054422,0.985493682732803,0.9370629370629371,0.6921529175050302,0.6724299462397315,0.7852638481691225
0.675,0.8472906403940886,0.5850340136054422,0.985493682732803,0.9370629370629371,0.6921529175050302,0.6724299462397315,0.7852638481691225
0.676,0.8472906403940886,0.5850340136054422,0.985493682732803,0.9370629370629371,0.6921529175050302,0.6724299462397315,0.7852638481691225
0.677,0.8472906403940886,0.5850340136054422,0.985493682732803,0.9370629370629371,0.6921529175050302,0.6724299462397315,0.7852638481691225
0.678,0.8472906403940886,0.5850340136054422,0.985493682732803,0.9370629370629371,0.6921529175050302,0.6724299462397315,0.7852638481691225
0.679,0.8472906403940886,0.5850340136054422,0.985493682732803,0.9370629370629371,0.6921529175050302,0.6724299462397315,0.7852638481691225
0.68,0.8472906403940886,0.5850340136054422,0.985493682732803,0.9370629370629371,0.6921529175050302,0.6724299462397315,0.7852638481691225
0.681,0.8472906403940886,0.5850340136054422,0.985493682732803,0.9370629370629371,0.6921529175050302,0.6724299462397315,0.7852638481691225
0.682,0.8472906403940886,0.5850340136054422,0.985493682732803,0.9370629370629371,0.6921529175050302,0.6724299462397315,0.7852638481691225
0.683,0.845,0.5748299319727891,0.985493682732803,0.9358288770053476,0.6842105263157895,0.6648904106499289,0.780161807352796
0.684,0.845,0.5748299319727891,0.985493682732803,0.9358288770053476,0.6842105263157895,0.6648904106499289,0.780161807352796
0.685,0.845,0.5748299319727891,0.985493682732803,0.9358288770053476,0.6842105263157895,0.6648904106499289,0.780161807352796
0.686,0.845,0.5748299319727891,0.985493682732803,0.9358288770053476,0.6842105263157895,0.6648904106499289,0.780161807352796
0.687,0.8492462311557789,0.5748299319727891,0.9859616284510997,0.9362402303578774,0.6855983772819473,0.6669661024104786,0.7803957802119443
0.6880000000000001,0.8492462311557789,0.5748299319727891,0.9859616284510997,0.9362402303578774,0.6855983772819473,0.6669661024104786,0.7803957802119443
0.6890000000000001,0.8492462311557789,0.5748299319727891,0.9859616284510997,0.9362402303578774,0.6855983772819473,0.6669661024104786,0.7803957802119443
0.6900000000000001,0.8492462311557789,0.5748299319727891,0.9859616284510997,0.9362402303578774,0.6855983772819473,0.6669661024104786,0.7803957802119443
0.6910000000000001,0.8492462311557789,0.5748299319727891,0.9859616284510997,0.9362402303578774,0.6855983772819473,0.6669661024104786,0.7803957802119443
0.6920000000000001,0.8484848484848485,0.5714285714285714,0.9859616284510997,0.9358288770053476,0.6829268292682927,0.6644438687045983,0.7786950999398355
0.6930000000000001,0.8484848484848485,0.5714285714285714,0.9859616284510997,0.9358288770053476,0.6829268292682927,0.6644438687045983,0.7786950999398355
0.6940000000000001,0.8477157360406091,0.5680272108843537,0.9859616284510997,0.9354175236528177,0.6802443991853361,0.6619150325557567,0.7769944196677268
0.6950000000000001,0.8564102564102564,0.5680272108843537,0.986897519887693,0.9362402303578774,0.6830265848670757,0.6661266377444209,0.7774623653860233
0.6960000000000001,0.8556701030927835,0.564625850340136,0.986897519887693,0.9358288770053476,0.680327868852459,0.6635994069308029,0.7757616851139145
0.6970000000000001,0.859375,0.5612244897959183,0.9873654656059897,0.9358288770053476,0.6790123456790124,0.6632024419193582,0.774294977700954
0.6980000000000001,0.859375,0.5612244897959183,0.9873654656059897,0.9358288770053476,0.6790123456790124,0.6632024419193582,0.774294977700954
0.6990000000000001,0.859375,0.5612244897959183,0.9873654656059897,0.9358288770053476,0.6790123456790124,0.6632024419193582,0.774294977700954
0.7000000000000001,0.859375,0.5612244897959183,0.9873654656059897,0.9358288770053476,0.6790123456790124,0.6632024419193582,0.774294977700954
0.7010000000000001,0.859375,0.5612244897959183,0.9873654656059897,0.9358288770053476,0.6790123456790124,0.6632024419193582,0.774294977700954
0.7020000000000001,0.8578947368421053,0.5544217687074829,0.9873654656059897,0.935006170300288,0.6735537190082644,0.6581228434673557,0.7708936171567363
0.7030000000000001,0.8578947368421053,0.5544217687074829,0.9873654656059897,0.935006170300288,0.6735537190082644,0.6581228434673557,0.7708936171567363
0.704,0.8578947368421053,0.5544217687074829,0.9873654656059897,0.935006170300288,0.6735537190082644,0.6581228434673557,0.7708936171567363
0.705,0.8578947368421053,0.5544217687074829,0.9873654656059897,0.935006170300288,0.6735537190082644,0.6581228434673557,0.7708936171567363
0.706,0.8578947368421053,0.5544217687074829,0.9873654656059897,0.935006170300288,0.6735537190082644,0.6581228434673557,0.7708936171567363
0.707,0.8624338624338624,0.5544217687074829,0.9878334113242864,0.9354175236528177,0.6749482401656315,0.6602842370389039,0.7711275900158847
0.708,0.8624338624338624,0.5544217687074829,0.9878334113242864,0.9354175236528177,0.6749482401656315,0.6602842370389039,0.7711275900158847
0.709,0.8624338624338624,0.5544217687074829,0.9878334113242864,0.9354175236528177,0.6749482401656315,0.6602842370389039,0.7711275900158847
0.71,0.8609625668449198,0.5476190476190477,0.9878334113242864,0.9345948169477581,0.6694386694386695,0.6551860078101788,0.767726229471667
0.711,0.8609625668449198,0.5476190476190477,0.9878334113242864,0.9345948169477581,0.6694386694386695,0.6551860078101788,0.767726229471667
0.712,0.8655913978494624,0.5476190476190477,0.988301357042583,0.935006170300288,0.6708333333333333,0.6573725636102504,0.7679602023308154
0.713,0.8655913978494624,0.5476190476190477,0.988301357042583,0.935006170300288,0.6708333333333333,0.6573725636102504,0.7679602023308154
0.714,0.8702702702702703,0.5476190476190477,0.9887693027608797,0.9354175236528177,0.6722338204592901,0.6595755117944517,0.7681941751899637
0.715,0.8702702702702703,0.5476190476190477,0.9887693027608797,0.9354175236528177,0.6722338204592901,0.6595755117944517,0.7681941751899637
0.716,0.8702702702702703,0.5476190476190477,0.9887693027608797,0.9354175236528177,0.6722338204592901,0.6595755117944517,0.7681941751899637
0.717,0.8702702702702703,0.5476190476190477,0.9887693027608797,0.9354175236528177,0.6722338204592901,0.6595755117944517,0.7681941751899637
0.718,0.8702702702702703,0.5476190476190477,0.9887693027608797,0.9354175236528177,0.6722338204592901,0.6595755117944517,0.7681941751899637
0.719,0.8702702702702703,0.5476190476190477,0.9887693027608797,0.9354175236528177,0.6722338204592901,0.6595755117944517,0.7681941751899637
0.72,0.8702702702702703,0.5476190476190477,0.9887693027608797,0.9354175236528177,0.6722338204592901,0.6595755117944517,0.7681941751899637
0.721,0.8702702702702703,0.5476190476190477,0.9887693027608797,0.9354175236528177,0.6722338204592901,0.6595755117944517,0.7681941751899637
0.722,0.8702702702702703,0.5476190476190477,0.9887693027608797,0.9354175236528177,0.6722338204592901,0.6595755117944517,0.7681941751899637
0.723,0.8702702702702703,0.5476190476190477,0.9887693027608797,0.9354175236528177,0.6722338204592901,0.6595755117944517,0.7681941751899637
0.724,0.8797814207650273,0.5476190476190477,0.989705194197473,0.9362402303578774,0.6750524109014675,0.66403147068314,0.7686621209082604
0.725,0.8797814207650273,0.5476190476190477,0.989705194197473,0.9362402303578774,0.6750524109014675,0.66403147068314,0.7686621209082604
0.726,0.8791208791208791,0.54421768707483,0.989705194197473,0.9358288770053476,0.6722689075630253,0.6614911489866804,0.7669614406361516
0.727,0.8791208791208791,0.54421768707483,0.989705194197473,0.9358288770053476,0.6722689075630253,0.6614911489866804,0.7669614406361516
0.728,0.8791208791208791,0.54421768707483,0.989705194197473,0.9358288770053476,0.6722689075630253,0.6614911489866804,0.7669614406361516
0.729,0.8791208791208791,0.54421768707483,0.989705194197473,0.9358288770053476,0.6722689075630253,0.6614911489866804,0.7669614406361516
0.73,0.8791208791208791,0.54421768707483,0.989705194197473,0.9358288770053476,0.6722689075630253,0.6614911489866804,0.7669614406361516
0.731,0.8791208791208791,0.54421768707483,0.989705194197473,0.9358288770053476,0.6722689075630253,0.6614911489866804,0.7669614406361516
0.732,0.8791208791208791,0.54421768707483,0.989705194197473,0.9358288770053476,0.6722689075630253,0.6614911489866804,0.7669614406361516
0.733,0.8839779005524862,0.54421768707483,0.9901731399157697,0.9362402303578774,0.6736842105263158,0.6637497561072541,0.7671954134952998
0.734,0.8839779005524862,0.54421768707483,0.9901731399157697,0.9362402303578774,0.6736842105263158,0.6637497561072541,0.7671954134952998
0.735,0.8839779005524862,0.54421768707483,0.9901731399157697,0.9362402303578774,0.6736842105263158,0.6637497561072541,0.7671954134952998
0.736,0.8839779005524862,0.54421768707483,0.9901731399157697,0.9362402303578774,0.6736842105263158,0.6637497561072541,0.7671954134952998
0.737,0.888268156424581,0.5408163265306123,0.9906410856340665,0.9362402303578774,0.6723044397463002,0.6634889375223147,0.7657287060823394
0.738,0.888268156424581,0.5408163265306123,0.9906410856340665,0.9362402303578774,0.6723044397463002,0.6634889375223147,0.7657287060823394
0.739,0.8926553672316384,0.5374149659863946,0.9911090313523632,0.9362402303578774,0.6709129511677282,0.6632496786623343,0.7642619986693788
0.74,0.8926553672316384,0.5374149659863946,0.9911090313523632,0.9362402303578774,0.6709129511677282,0.6632496786623343,0.7642619986693788
0.741,0.8926553672316384,0.5374149659863946,0.9911090313523632,0.9362402303578774,0.6709129511677282,0.6632496786623343,0.7642619986693788
0.742,0.8977272727272727,0.5374149659863946,0.9915769770706598,0.9366515837104072,0.6723404255319149,0.6655725109953258,0.7644959715285272
0.743,0.8977272727272727,0.5374149659863946,0.9915769770706598,0.9366515837104072,0.6723404255319149,0.6655725109953258,0.7644959715285272
0.744,0.8977272727272727,0.5374149659863946,0.9915769770706598,0.9366515837104072,0.6723404255319149,0.6655725109953258,0.7644959715285272
0.745,0.9028571428571428,0.5374149659863946,0.9920449227889565,0.9370629370629371,0.673773987206823,0.6679138026151027,0.7647299443876756
0.746,0.9017341040462428,0.5306122448979592,0.9920449227889565,0.9362402303578774,0.6680942184154176,0.6628386385096912,0.7613285838434578
0.747,0.9069767441860465,0.5306122448979592,0.9925128685072532,0.9366515837104072,0.6695278969957081,0.6652105936586296,0.7615625567026062
0.748,0.9069767441860465,0.5306122448979592,0.9925128685072532,0.9366515837104072,0.6695278969957081,0.6652105936586296,0.7615625567026062
0.749,0.9069767441860465,0.5306122448979592,0.9925128685072532,0.9366515837104072,0.6695278969957081,0.6652105936586296,0.7615625567026062
0.75,0.9069767441860465,0.5306122448979592,0.9925128685072532,0.9366515837104072,0.6695278969957081,0.6652105936586296,0.7615625567026062
0.751,0.9064327485380117,0.5272108843537415,0.9925128685072532,0.9362402303578774,0.6666666666666666,0.6626683328202029,0.7598618764304974
0.752,0.9064327485380117,0.5272108843537415,0.9925128685072532,0.9362402303578774,0.6666666666666666,0.6626683328202029,0.7598618764304974
0.753,0.9064327485380117,0.5272108843537415,0.9925128685072532,0.9362402303578774,0.6666666666666666,0.6626683328202029,0.7598618764304974
0.754,0.9064327485380117,0.5272108843537415,0.9925128685072532,0.9362402303578774,0.6666666666666666,0.6626683328202029,0.7598618764304974
0.755,0.9064327485380117,0.5272108843537415,0.9925128685072532,0.9362402303578774,0.6666666666666666,0.6626683328202029,0.7598618764304974
0.756,0.9064327485380117,0.5272108843537415,0.9925128685072532,0.9362402303578774,0.6666666666666666,0.6626683328202029,0.7598618764304974
0.757,0.9117647058823529,0.5272108843537415,0.9929808142255498,0.9366515837104072,0.6681034482758621,0.6650657789106709,0.7600958492896457
0.758,0.9117647058823529,0.5272108843537415,0.9929808142255498,0.9366515837104072,0.6681034482758621,0.6650657789106709,0.7600958492896457
0.759,0.9117647058823529,0.5272108843537415,0.9929808142255498,0.9366515837104072,0.6681034482758621,0.6650657789106709,0.7600958492896457
0.76,0.9117647058823529,0.5272108843537415,0.9929808142255498,0.9366515837104072,0.6681034482758621,0.6650657789106709,0.7600958492896457
0.761,0.9117647058823529,0.5272108843537415,0.9929808142255498,0.9366515837104072,0.6681034482758621,0.6650657789106709,0.7600958492896457
0.762,0.9117647058823529,0.5272108843537415,0.9929808142255498,0.9366515837104072,0.6681034482758621,0.6650657789106709,0.7600958492896457
0.763,0.9117647058823529,0.5272108843537415,0.9929808142255498,0.9366515837104072,0.6681034482758621,0.6650657789106709,0.7600958492896457
0.764,0.9117647058823529,0.5272108843537415,0.9929808142255498,0.9366515837104072,0.6681034482758621,0.6650657789106709,0.7600958492896457
0.765,0.9117647058823529,0.5272108843537415,0.9929808142255498,0.9366515837104072,0.6681034482758621,0.6650657789106709,0.7600958492896457
0.766,0.9112426035502958,0.5238095238095238,0.9929808142255498,0.9362402303578774,0.6652267818574514,0.6625225414226168,0.7583951690175368
0.767,0.9112426035502958,0.5238095238095238,0.9929808142255498,0.9362402303578774,0.6652267818574514,0.6625225414226168,0.7583951690175368
0.768,0.9112426035502958,0.5238095238095238,0.9929808142255498,0.9362402303578774,0.6652267818574514,0.6625225414226168,0.7583951690175368
0.769,0.9166666666666666,0.5238095238095238,0.9934487599438465,0.9366515837104072,0.6666666666666666,0.6649461302937458,0.7586291418766852
0.77,0.9166666666666666,0.5238095238095238,0.9934487599438465,0.9366515837104072,0.6666666666666666,0.6649461302937458,0.7586291418766852
0.771,0.9166666666666666,0.5238095238095238,0.9934487599438465,0.9366515837104072,0.6666666666666666,0.6649461302937458,0.7586291418766852
0.772,0.9166666666666666,0.5238095238095238,0.9934487599438465,0.9366515837104072,0.6666666666666666,0.6649461302937458,0.7586291418766852
0.773,0.9166666666666666,0.5238095238095238,0.9934487599438465,0.9366515837104072,0.6666666666666666,0.6649461302937458,0.7586291418766852
0.774,0.9166666666666666,0.5238095238095238,0.9934487599438465,0.9366515837104072,0.6666666666666666,0.6649461302937458,0.7586291418766852
0.775,0.9166666666666666,0.5238095238095238,0.9934487599438465,0.9366515837104072,0.6666666666666666,0.6649461302937458,0.7586291418766852
0.776,0.9161676646706587,0.5204081632653061,0.9934487599438465,0.9362402303578774,0.6637744034707158,0.6624020862841815,0.7569284616045764
0.777,0.9161676646706587,0.5204081632653061,0.9934487599438465,0.9362402303578774,0.6637744034707158,0.6624020862841815,0.7569284616045764
0.778,0.9161676646706587,0.5204081632653061,0.9934487599438465,0.9362402303578774,0.6637744034707158,0.6624020862841815,0.7569284616045764
0.779,0.9161676646706587,0.5204081632653061,0.9934487599438465,0.9362402303578774,0.6637744034707158,0.6624020862841815,0.7569284616045764
0.78,0.9161676646706587,0.5204081632653061,0.9934487599438465,0.9362402303578774,0.6637744034707158,0.6624020862841815,0.7569284616045764
0.781,0.9161676646706587,0.5204081632653061,0.9934487599438465,0.9362402303578774,0.6637744034707158,0.6624020862841815,0.7569284616045764
0.782,0.9161676646706587,0.5204081632653061,0.9934487599438465,0.9362402303578774,0.6637744034707158,0.6624020862841815,0.7569284616045764
0.783,0.9161676646706587,0.5204081632653061,0.9934487599438465,0.9362402303578774,0.6637744034707158,0.6624020862841815,0.7569284616045764
0.784,0.9161676646706587,0.5204081632653061,0.9934487599438465,0.9362402303578774,0.6637744034707158,0.6624020862841815,0.7569284616045764
0.785,0.9161676646706587,0.5204081632653061,0.9934487599438465,0.9362402303578774,0.6637744034707158,0.6624020862841815,0.7569284616045764
0.786,0.9161676646706587,0.5204081632653061,0.9934487599438465,0.9362402303578774,0.6637744034707158,0.6624020862841815,0.7569284616045764
0.787,0.9161676646706587,0.5204081632653061,0.9934487599438465,0.9362402303578774,0.6637744034707158,0.6624020862841815,0.7569284616045764
0.788,0.9161676646706587,0.5204081632653061,0.9934487599438465,0.9362402303578774,0.6637744034707158,0.6624020862841815,0.7569284616045764
0.789,0.9161676646706587,0.5204081632653061,0.9934487599438465,0.9362402303578774,0.6637744034707158,0.6624020862841815,0.7569284616045764
0.79,0.9161676646706587,0.5204081632653061,0.9934487599438465,0.9362402303578774,0.6637744034707158,0.6624020862841815,0.7569284616045764
0.791,0.9161676646706587,0.5204081632653061,0.9934487599438465,0.9362402303578774,0.6637744034707158,0.6624020862841815,0.7569284616045764
0.792,0.9216867469879518,0.5204081632653061,0.9939167056621432,0.9366515837104072,0.6652173913043479,0.6648524954565274,0.7571624344637247
0.793,0.9216867469879518,0.5204081632653061,0.9939167056621432,0.9366515837104072,0.6652173913043479,0.6648524954565274,0.7571624344637247
0.794,0.9216867469879518,0.5204081632653061,0.9939167056621432,0.9366515837104072,0.6652173913043479,0.6648524954565274,0.7571624344637247
0.795,0.9216867469879518,0.5204081632653061,0.9939167056621432,0.9366515837104072,0.6652173913043479,0.6648524954565274,0.7571624344637247
0.796,0.9216867469879518,0.5204081632653061,0.9939167056621432,0.9366515837104072,0.6652173913043479,0.6648524954565274,0.7571624344637247
0.797,0.9212121212121213,0.5170068027210885,0.9939167056621432,0.9362402303578774,0.6623093681917211,0.6623078264720738,0.7554617541916158
0.798,0.926829268292683,0.5170068027210885,0.9943846513804399,0.9366515837104072,0.6637554585152838,0.6647857605010522,0.7556957270507642
0.799,0.926829268292683,0.5170068027210885,0.9943846513804399,0.9366515837104072,0.6637554585152838,0.6647857605010522,0.7556957270507642
0.8,0.926829268292683,0.5170068027210885,0.9943846513804399,0.9366515837104072,0.6637554585152838,0.6647857605010522,0.7556957270507642
0.801,0.926829268292683,0.5170068027210885,0.9943846513804399,0.9366515837104072,0.6637554585152838,0.6647857605010522,0.7556957270507642
0.802,0.926829268292683,0.5170068027210885,0.9943846513804399,0.9366515837104072,0.6637554585152838,0.6647857605010522,0.7556957270507642
0.803,0.926829268292683,0.5170068027210885,0.9943846513804399,0.9366515837104072,0.6637554585152838,0.6647857605010522,0.7556957270507642
0.804,0.926829268292683,0.5170068027210885,0.9943846513804399,0.9366515837104072,0.6637554585152838,0.6647857605010522,0.7556957270507642
0.805,0.926829268292683,0.5170068027210885,0.9943846513804399,0.9366515837104072,0.6637554585152838,0.6647857605010522,0.7556957270507642
0.806,0.926829268292683,0.5170068027210885,0.9943846513804399,0.9366515837104072,0.6637554585152838,0.6647857605010522,0.7556957270507642
0.807,0.926829268292683,0.5170068027210885,0.9943846513804399,0.9366515837104072,0.6637554585152838,0.6647857605010522,0.7556957270507642
0.808,0.926829268292683,0.5170068027210885,0.9943846513804399,0.9366515837104072,0.6637554585152838,0.6647857605010522,0.7556957270507642
0.809,0.926829268292683,0.5170068027210885,0.9943846513804399,0.9366515837104072,0.6637554585152838,0.6647857605010522,0.7556957270507642
0.81,0.926829268292683,0.5170068027210885,0.9943846513804399,0.9366515837104072,0.6637554585152838,0.6647857605010522,0.7556957270507642
0.811,0.9382716049382716,0.5170068027210885,0.9953205428170332,0.9374742904154669,0.6666666666666666,0.6698054980499342,0.7561636727690608
0.812,0.9382716049382716,0.5170068027210885,0.9953205428170332,0.9374742904154669,0.6666666666666666,0.6698054980499342,0.7561636727690608
0.8130000000000001,0.9382716049382716,0.5170068027210885,0.9953205428170332,0.9374742904154669,0.6666666666666666,0.6698054980499342,0.7561636727690608
0.8140000000000001,0.9382716049382716,0.5170068027210885,0.9953205428170332,0.9374742904154669,0.6666666666666666,0.6698054980499342,0.7561636727690608
0.8150000000000001,0.9382716049382716,0.5170068027210885,0.9953205428170332,0.9374742904154669,0.6666666666666666,0.6698054980499342,0.7561636727690608
0.8160000000000001,0.9382716049382716,0.5170068027210885,0.9953205428170332,0.9374742904154669,0.6666666666666666,0.6698054980499342,0.7561636727690608
0.8170000000000001,0.94375,0.5136054421768708,0.9957884885353299,0.9374742904154669,0.6651982378854625,0.6698246626186588,0.7546969653561003
0.8180000000000001,0.94375,0.5136054421768708,0.9957884885353299,0.9374742904154669,0.6651982378854625,0.6698246626186588,0.7546969653561003
0.8190000000000001,0.949685534591195,0.5136054421768708,0.9962564342536265,0.9378856437679967,0.6666666666666666,0.6723969589249339,0.7549309382152487
0.8200000000000001,0.949685534591195,0.5136054421768708,0.9962564342536265,0.9378856437679967,0.6666666666666666,0.6723969589249339,0.7549309382152487
0.8210000000000001,0.9556962025316456,0.5136054421768708,0.9967243799719232,0.9382969971205265,0.668141592920354,0.6749919802402187,0.755164911074397
0.8220000000000001,0.9556962025316456,0.5136054421768708,0.9967243799719232,0.9382969971205265,0.668141592920354,0.6749919802402187,0.755164911074397
0.8230000000000001,0.9556962025316456,0.5136054421768708,0.9967243799719232,0.9382969971205265,0.668141592920354,0.6749919802402187,0.755164911074397
0.8240000000000001,0.9617834394904459,0.5136054421768708,0.99719232569022,0.9387083504730563,0.6696230598669624,0.6776100844123355,0.7553988839335454
0.8250000000000001,0.9617834394904459,0.5136054421768708,0.99719232569022,0.9387083504730563,0.6696230598669624,0.6776100844123355,0.7553988839335454
0.8260000000000001,0.9617834394904459,0.5136054421768708,0.99719232569022,0.9387083504730563,0.6696230598669624,0.6776100844123355,0.7553988839335454
0.8270000000000001,0.9617834394904459,0.5136054421768708,0.99719232569022,0.9387083504730563,0.6696230598669624,0.6776100844123355,0.7553988839335454
0.8280000000000001,0.9617834394904459,0.5136054421768708,0.99719232569022,0.9387083504730563,0.6696230598669624,0.6776100844123355,0.7553988839335454
0.8290000000000001,0.9617834394904459,0.5136054421768708,0.99719232569022,0.9387083504730563,0.6696230598669624,0.6776100844123355,0.7553988839335454
0.8300000000000001,0.9617834394904459,0.5136054421768708,0.99719232569022,0.9387083504730563,0.6696230598669624,0.6776100844123355,0.7553988839335454
0.8310000000000001,0.9615384615384616,0.5102040816326531,0.99719232569022,0.9382969971205265,0.6666666666666666,0.6751034298825986,0.7536982036614366
0.8320000000000001,0.9615384615384616,0.5102040816326531,0.99719232569022,0.9382969971205265,0.6666666666666666,0.6751034298825986,0.7536982036614366
0.833,0.9615384615384616,0.5102040816326531,0.99719232569022,0.9382969971205265,0.6666666666666666,0.6751034298825986,0.7536982036614366
0.834,0.9615384615384616,0.5102040816326531,0.99719232569022,0.9382969971205265,0.6666666666666666,0.6751034298825986,0.7536982036614366
0.835,0.9615384615384616,0.5102040816326531,0.99719232569022,0.9382969971205265,0.6666666666666666,0.6751034298825986,0.7536982036614366
0.836,0.9615384615384616,0.5102040816326531,0.99719232569022,0.9382969971205265,0.6666666666666666,0.6751034298825986,0.7536982036614366
0.837,0.9615384615384616,0.5102040816326531,0.99719232569022,0.9382969971205265,0.6666666666666666,0.6751034298825986,0.7536982036614366
0.838,0.9612903225806452,0.5068027210884354,0.99719232569022,0.9378856437679967,0.6636971046770601,0.6725897067045175,0.7519975233893277
0.839,0.9612903225806452,0.5068027210884354,0.99719232569022,0.9378856437679967,0.6636971046770601,0.6725897067045175,0.7519975233893277
0.84,0.9612903225806452,0.5068027210884354,0.99719232569022,0.9378856437679967,0.6636971046770601,0.6725897067045175,0.7519975233893277
0.841,0.961038961038961,0.5034013605442177,0.99719232569022,0.9374742904154669,0.6607142857142857,0.6700688334577733,0.7502968431172188
0.842,0.9607843137254902,0.5,0.99719232569022,0.9370629370629371,0.6577181208053692,0.6675407272973044,0.74859616284511
0.843,0.9607843137254902,0.5,0.99719232569022,0.9370629370629371,0.6577181208053692,0.6675407272973044,0.74859616284511
0.844,0.9607843137254902,0.5,0.99719232569022,0.9370629370629371,0.6577181208053692,0.6675407272973044,0.74859616284511
0.845,0.9607843137254902,0.5,0.99719232569022,0.9370629370629371,0.6577181208053692,0.6675407272973044,0.74859616284511
0.846,0.9605263157894737,0.4965986394557823,0.99719232569022,0.9366515837104072,0.6547085201793722,0.6650053039182543,0.7468954825730012
0.847,0.9605263157894737,0.4965986394557823,0.99719232569022,0.9366515837104072,0.6547085201793722,0.6650053039182543,0.7468954825730012
0.848,0.9605263157894737,0.4965986394557823,0.99719232569022,0.9366515837104072,0.6547085201793722,0.6650053039182543,0.7468954825730012
0.849,0.9605263157894737,0.4965986394557823,0.99719232569022,0.9366515837104072,0.6547085201793722,0.6650053039182543,0.7468954825730012
0.85,0.9605263157894737,0.4965986394557823,0.99719232569022,0.9366515837104072,0.6547085201793722,0.6650053039182543,0.7468954825730012
0.851,0.9523809523809523,0.40816326530612246,0.99719232569022,0.9259563965446318,0.5714285714285714,0.5961991553293472,0.7026777954981712
0.852,0.9523809523809523,0.40816326530612246,0.99719232569022,0.9259563965446318,0.5714285714285714,0.5961991553293472,0.7026777954981712
0.853,0.9523809523809523,0.40816326530612246,0.99719232569022,0.9259563965446318,0.5714285714285714,0.5961991553293472,0.7026777954981712
0.854,0.96,0.40816326530612246,0.9976602714085167,0.9263677498971616,0.5727923627684964,0.5991402546767245,0.7029117683573196
0.855,0.96,0.40816326530612246,0.9976602714085167,0.9263677498971616,0.5727923627684964,0.5991402546767245,0.7029117683573196
0.856,0.96,0.40816326530612246,0.9976602714085167,0.9263677498971616,0.5727923627684964,0.5991402546767245,0.7029117683573196
0.857,0.9596774193548387,0.40476190476190477,0.9976602714085167,0.9259563965446318,0.569377990430622,0.5963801662029581,0.7012110880852107
0.858,0.9596774193548387,0.40476190476190477,0.9976602714085167,0.9259563965446318,0.569377990430622,0.5963801662029581,0.7012110880852107
0.859,0.9596774193548387,0.40476190476190477,0.9976602714085167,0.9259563965446318,0.569377990430622,0.5963801662029581,0.7012110880852107
0.86,0.9504950495049505,0.32653061224489793,0.9976602714085167,0.9164952694364459,0.4860759493670886,0.5297098845430214,0.6620954418267073
0.861,0.9504950495049505,0.32653061224489793,0.9976602714085167,0.9164952694364459,0.4860759493670886,0.5297098845430214,0.6620954418267073
0.862,0.9494949494949495,0.3197278911564626,0.9976602714085167,0.9156725627313863,0.47837150127226463,0.5235820884117413,0.6586940812824896
0.863,0.9494949494949495,0.3197278911564626,0.9976602714085167,0.9156725627313863,0.47837150127226463,0.5235820884117413,0.6586940812824896
0.864,0.9494949494949495,0.3197278911564626,0.9976602714085167,0.9156725627313863,0.47837150127226463,0.5235820884117413,0.6586940812824896
0.865,0.9494949494949495,0.3197278911564626,0.9976602714085167,0.9156725627313863,0.47837150127226463,0.5235820884117413,0.6586940812824896
0.866,0.9494949494949495,0.3197278911564626,0.9976602714085167,0.9156725627313863,0.47837150127226463,0.5235820884117413,0.6586940812824896
0.867,0.9494949494949495,0.3197278911564626,0.9976602714085167,0.9156725627313863,0.47837150127226463,0.5235820884117413,0.6586940812824896
0.868,0.9583333333333334,0.3129251700680272,0.9981282171268133,0.9152612093788565,0.4717948717948718,0.5207530260116168,0.6555266935974202
0.869,0.9583333333333334,0.3129251700680272,0.9981282171268133,0.9152612093788565,0.4717948717948718,0.5207530260116168,0.6555266935974202
0.87,0.9578947368421052,0.30952380952380953,0.9981282171268133,0.9148498560263266,0.46786632390745503,0.5176515094838741,0.6538260133253114
0.871,0.9578947368421052,0.30952380952380953,0.9981282171268133,0.9148498560263266,0.46786632390745503,0.5176515094838741,0.6538260133253114
0.872,0.9578947368421052,0.30952380952380953,0.9981282171268133,0.9148498560263266,0.46786632390745503,0.5176515094838741,0.6538260133253114
0.873,0.9578947368421052,0.30952380952380953,0.9981282171268133,0.9148498560263266,0.46786632390745503,0.5176515094838741,0.6538260133253114
0.874,0.9578947368421052,0.30952380952380953,0.9981282171268133,0.9148498560263266,0.46786632390745503,0.5176515094838741,0.6538260133253114
0.875,0.9578947368421052,0.30952380952380953,0.9981282171268133,0.9148498560263266,0.46786632390745503,0.5176515094838741,0.6538260133253114
0.876,0.9578947368421052,0.30952380952380953,0.9981282171268133,0.9148498560263266,0.46786632390745503,0.5176515094838741,0.6538260133253114
0.877,0.9578947368421052,0.30952380952380953,0.9981282171268133,0.9148498560263266,0.46786632390745503,0.5176515094838741,0.6538260133253114
0.878,0.9578947368421052,0.30952380952380953,0.9981282171268133,0.9148498560263266,0.46786632390745503,0.5176515094838741,0.6538260133253114
0.879,0.9578947368421052,0.30952380952380953,0.9981282171268133,0.9148498560263266,0.46786632390745503,0.5176515094838741,0.6538260133253114
0.88,0.9714285714285714,0.23129251700680273,0.9990641085634067,0.9062114356232003,0.37362637362637363,0.44913781387767265,0.6151783127851047
0.881,0.9714285714285714,0.23129251700680273,0.9990641085634067,0.9062114356232003,0.37362637362637363,0.44913781387767265,0.6151783127851047
0.882,0.9710144927536232,0.22789115646258504,0.9990641085634067,0.9058000822706705,0.3691460055096419,0.4456066839293539,0.6134776325129958
0.883,0.9710144927536232,0.22789115646258504,0.9990641085634067,0.9058000822706705,0.3691460055096419,0.4456066839293539,0.6134776325129958
0.884,0.9710144927536232,0.22789115646258504,0.9990641085634067,0.9058000822706705,0.3691460055096419,0.4456066839293539,0.6134776325129958
0.885,0.9710144927536232,0.22789115646258504,0.9990641085634067,0.9058000822706705,0.3691460055096419,0.4456066839293539,0.6134776325129958
0.886,0.95,0.1292517006802721,0.9990641085634067,0.8938708350473057,0.2275449101796407,0.3288791261344069,0.5641579046218393
0.887,0.95,0.1292517006802721,0.9990641085634067,0.8938708350473057,0.2275449101796407,0.3288791261344069,0.5641579046218393
0.888,0.9473684210526315,0.12244897959183673,0.9990641085634067,0.893048128342246,0.21686746987951808,0.31940068037128,0.5607565440776217
0.889,0.9473684210526315,0.12244897959183673,0.9990641085634067,0.893048128342246,0.21686746987951808,0.31940068037128,0.5607565440776217
0.89,0.9473684210526315,0.12244897959183673,0.9990641085634067,0.893048128342246,0.21686746987951808,0.31940068037128,0.5607565440776217
0.891,0.9473684210526315,0.12244897959183673,0.9990641085634067,0.893048128342246,0.21686746987951808,0.31940068037128,0.5607565440776217
0.892,0.9473684210526315,0.12244897959183673,0.9990641085634067,0.893048128342246,0.21686746987951808,0.31940068037128,0.5607565440776217
0.893,0.9473684210526315,0.12244897959183673,0.9990641085634067,0.893048128342246,0.21686746987951808,0.31940068037128,0.5607565440776217
0.894,0.9473684210526315,0.12244897959183673,0.9990641085634067,0.893048128342246,0.21686746987951808,0.31940068037128,0.5607565440776217
0.895,0.9473684210526315,0.12244897959183673,0.9990641085634067,0.893048128342246,0.21686746987951808,0.31940068037128,0.5607565440776217
0.896,0.9473684210526315,0.12244897959183673,0.9990641085634067,0.893048128342246,0.21686746987951808,0.31940068037128,0.5607565440776217
0.897,0.9473684210526315,0.12244897959183673,0.9990641085634067,0.893048128342246,0.21686746987951808,0.31940068037128,0.5607565440776217
0.898,0.9473684210526315,0.12244897959183673,0.9990641085634067,0.893048128342246,0.21686746987951808,0.31940068037128,0.5607565440776217
0.899,0.9473684210526315,0.12244897959183673,0.9990641085634067,0.893048128342246,0.21686746987951808,0.31940068037128,0.5607565440776217
0.9,0.9473684210526315,0.12244897959183673,0.9990641085634067,0.893048128342246,0.21686746987951808,0.31940068037128,0.5607565440776217
0.901,0.9473684210526315,0.12244897959183673,0.9990641085634067,0.893048128342246,0.21686746987951808,0.31940068037128,0.5607565440776217
0.902,0.9473684210526315,0.12244897959183673,0.9990641085634067,0.893048128342246,0.21686746987951808,0.31940068037128,0.5607565440776217
0.903,0.9473684210526315,0.12244897959183673,0.9990641085634067,0.893048128342246,0.21686746987951808,0.31940068037128,0.5607565440776217
0.904,0.9444444444444444,0.11564625850340136,0.9990641085634067,0.8922254216371863,0.20606060606060606,0.3096524970391488,0.557355183533404
0.905,0.9444444444444444,0.11564625850340136,0.9990641085634067,0.8922254216371863,0.20606060606060606,0.3096524970391488,0.557355183533404
0.906,0.9444444444444444,0.11564625850340136,0.9990641085634067,0.8922254216371863,0.20606060606060606,0.3096524970391488,0.557355183533404
0.907,0.9444444444444444,0.11564625850340136,0.9990641085634067,0.8922254216371863,0.20606060606060606,0.3096524970391488,0.557355183533404
0.908,0.9428571428571428,0.11224489795918367,0.9990641085634067,0.8918140682846565,0.2006079027355623,0.30466937648320086,0.5556545032612952
0.909,0.9428571428571428,0.11224489795918367,0.9990641085634067,0.8918140682846565,0.2006079027355623,0.30466937648320086,0.5556545032612952
0.91,0.9428571428571428,0.11224489795918367,0.9990641085634067,0.8918140682846565,0.2006079027355623,0.30466937648320086,0.5556545032612952
0.911,0.9428571428571428,0.11224489795918367,0.9990641085634067,0.8918140682846565,0.2006079027355623,0.30466937648320086,0.5556545032612952
0.912,0.9428571428571428,0.11224489795918367,0.9990641085634067,0.8918140682846565,0.2006079027355623,0.30466937648320086,0.5556545032612952
0.913,0.9428571428571428,0.11224489795918367,0.9990641085634067,0.8918140682846565,0.2006079027355623,0.30466937648320086,0.5556545032612952
0.914,0.9428571428571428,0.11224489795918367,0.9990641085634067,0.8918140682846565,0.2006079027355623,0.30466937648320086,0.5556545032612952
0.915,0.9428571428571428,0.11224489795918367,0.9990641085634067,0.8918140682846565,0.2006079027355623,0.30466937648320086,0.5556545032612952
0.916,0.9428571428571428,0.11224489795918367,0.9990641085634067,0.8918140682846565,0.2006079027355623,0.30466937648320086,0.5556545032612952
0.917,0.9411764705882353,0.10884353741496598,0.9990641085634067,0.8914027149321267,0.1951219512195122,0.29960887177355305,0.5539538229891863
0.918,0.9393939393939394,0.1054421768707483,0.9990641085634067,0.8909913615795969,0.18960244648318042,0.2944670994148907,0.5522531427170775
0.919,0.9375,0.10204081632653061,0.9990641085634067,0.8905800082270671,0.18404907975460122,0.28923984759896226,0.5505524624449687
0.92,0.9375,0.10204081632653061,0.9990641085634067,0.8905800082270671,0.18404907975460122,0.28923984759896226,0.5505524624449687
0.921,0.9375,0.10204081632653061,0.9990641085634067,0.8905800082270671,0.18404907975460122,0.28923984759896226,0.5505524624449687
0.922,0.9375,0.10204081632653061,0.9990641085634067,0.8905800082270671,0.18404907975460122,0.28923984759896226,0.5505524624449687
0.923,0.9375,0.10204081632653061,0.9990641085634067,0.8905800082270671,0.18404907975460122,0.28923984759896226,0.5505524624449687
0.924,0.9375,0.10204081632653061,0.9990641085634067,0.8905800082270671,0.18404907975460122,0.28923984759896226,0.5505524624449687
0.925,0.9375,0.10204081632653061,0.9990641085634067,0.8905800082270671,0.18404907975460122,0.28923984759896226,0.5505524624449687
0.926,0.9375,0.10204081632653061,0.9990641085634067,0.8905800082270671,0.18404907975460122,0.28923984759896226,0.5505524624449687
0.927,0.9666666666666667,0.09863945578231292,0.9995320542817033,0.8905800082270671,0.17901234567901234,0.28993770051927115,0.5490857550320081
0.928,0.9666666666666667,0.09863945578231292,0.9995320542817033,0.8905800082270671,0.17901234567901234,0.28993770051927115,0.5490857550320081
0.929,0.9655172413793104,0.09523809523809523,0.9995320542817033,0.8901686548745372,0.17337461300309598,0.28461775690535546,0.5473850747598993
0.93,0.9655172413793104,0.09523809523809523,0.9995320542817033,0.8901686548745372,0.17337461300309598,0.28461775690535546,0.5473850747598993
0.931,0.9655172413793104,0.09523809523809523,0.9995320542817033,0.8901686548745372,0.17337461300309598,0.28461775690535546,0.5473850747598993
0.932,0.9655172413793104,0.09523809523809523,0.9995320542817033,0.8901686548745372,0.17337461300309598,0.28461775690535546,0.5473850747598993
0.933,0.9642857142857143,0.09183673469387756,0.9995320542817033,0.8897573015220074,0.16770186335403728,0.2792015943306651,0.5456843944877905
0.934,0.9629629629629629,0.08843537414965986,0.9995320542817033,0.8893459481694775,0.16199376947040497,0.2736835590483728,0.5439837142156816
0.935,0.9629629629629629,0.08843537414965986,0.9995320542817033,0.8893459481694775,0.16199376947040497,0.2736835590483728,0.5439837142156816
0.936,1.0,0.08843537414965986,1.0,0.8897573015220074,0.1625,0.28032235272586503,0.54421768707483
0.937,1.0,0.08843537414965986,1.0,0.8897573015220074,0.1625,0.28032235272586503,0.54421768707483
0.9380000000000001,1.0,0.08843537414965986,1.0,0.8897573015220074,0.1625,0.28032235272586503,0.54421768707483
0.9390000000000001,1.0,0.08843537414965986,1.0,0.8897573015220074,0.1625,0.28032235272586503,0.54421768707483
0.9400000000000001,1.0,0.08503401360544217,1.0,0.8893459481694775,0.15673981191222572,0.2748215525272937,0.5425170068027211
0.9410000000000001,1.0,0.08503401360544217,1.0,0.8893459481694775,0.15673981191222572,0.2748215525272937,0.5425170068027211
0.9420000000000001,1.0,0.08503401360544217,1.0,0.8893459481694775,0.15673981191222572,0.2748215525272937,0.5425170068027211
0.9430000000000001,1.0,0.08503401360544217,1.0,0.8893459481694775,0.15673981191222572,0.2748215525272937,0.5425170068027211
0.9440000000000001,1.0,0.08503401360544217,1.0,0.8893459481694775,0.15673981191222572,0.2748215525272937,0.5425170068027211
0.9450000000000001,1.0,0.08503401360544217,1.0,0.8893459481694775,0.15673981191222572,0.2748215525272937,0.5425170068027211
0.9460000000000001,1.0,0.0782312925170068,1.0,0.888523241464418,0.14511041009463724,0.26349008197845847,0.5391156462585034
0.9470000000000001,1.0,0.0782312925170068,1.0,0.888523241464418,0.14511041009463724,0.26349008197845847,0.5391156462585034
0.9480000000000001,1.0,0.0782312925170068,1.0,0.888523241464418,0.14511041009463724,0.26349008197845847,0.5391156462585034
0.9490000000000001,1.0,0.07482993197278912,1.0,0.8881118881118881,0.13924050632911392,0.2576448917709133,0.5374149659863946
0.9500000000000001,1.0,0.07482993197278912,1.0,0.8881118881118881,0.13924050632911392,0.2576448917709133,0.5374149659863946
0.9510000000000001,1.0,0.07482993197278912,1.0,0.8881118881118881,0.13924050632911392,0.2576448917709133,0.5374149659863946
0.9520000000000001,1.0,0.07482993197278912,1.0,0.8881118881118881,0.13924050632911392,0.2576448917709133,0.5374149659863946
0.9530000000000001,1.0,0.07482993197278912,1.0,0.8881118881118881,0.13924050632911392,0.2576448917709133,0.5374149659863946
0.9540000000000001,1.0,0.07482993197278912,1.0,0.8881118881118881,0.13924050632911392,0.2576448917709133,0.5374149659863946
0.9550000000000001,1.0,0.003401360544217687,1.0,0.8794734677087618,0.006779661016949152,0.05469220828712535,0.5017006802721088
0.9560000000000001,1.0,0.003401360544217687,1.0,0.8794734677087618,0.006779661016949152,0.05469220828712535,0.5017006802721088
0.9570000000000001,0.0,0.0,1.0,0.879062114356232,0.0,0.0,0.5
0.9580000000000001,0.0,0.0,1.0,0.879062114356232,0.0,0.0,0.5
0.9590000000000001,0.0,0.0,1.0,0.879062114356232,0.0,0.0,0.5
0.96,0.0,0.0,1.0,0.879062114356232,0.0,0.0,0.5
0.961,0.0,0.0,1.0,0.879062114356232,0.0,0.0,0.5
0.962,0.0,0.0,1.0,0.879062114356232,0.0,0.0,0.5
0.963,0.0,0.0,1.0,0.879062114356232,0.0,0.0,0.5
0.964,0.0,0.0,1.0,0.879062114356232,0.0,0.0,0.5
0.965,0.0,0.0,1.0,0.879062114356232,0.0,0.0,0.5
0.966,0.0,0.0,1.0,0.879062114356232,0.0,0.0,0.5
0.967,0.0,0.0,1.0,0.879062114356232,0.0,0.0,0.5
0.968,0.0,0.0,1.0,0.879062114356232,0.0,0.0,0.5
0.969,0.0,0.0,1.0,0.879062114356232,0.0,0.0,0.5
0.97,0.0,0.0,1.0,0.879062114356232,0.0,0.0,0.5
0.971,0.0,0.0,1.0,0.879062114356232,0.0,0.0,0.5
0.972,0.0,0.0,1.0,0.879062114356232,0.0,0.0,0.5
0.973,0.0,0.0,1.0,0.879062114356232,0.0,0.0,0.5
0.974,0.0,0.0,1.0,0.879062114356232,0.0,0.0,0.5
0.975,0.0,0.0,1.0,0.879062114356232,0.0,0.0,0.5
0.976,0.0,0.0,1.0,0.879062114356232,0.0,0.0,0.5
0.977,0.0,0.0,1.0,0.879062114356232,0.0,0.0,0.5
0.978,0.0,0.0,1.0,0.879062114356232,0.0,0.0,0.5
0.979,0.0,0.0,1.0,0.879062114356232,0.0,0.0,0.5
0.98,0.0,0.0,1.0,0.879062114356232,0.0,0.0,0.5
0.981,0.0,0.0,1.0,0.879062114356232,0.0,0.0,0.5
0.982,0.0,0.0,1.0,0.879062114356232,0.0,0.0,0.5
0.983,0.0,0.0,1.0,0.879062114356232,0.0,0.0,0.5
0.984,0.0,0.0,1.0,0.879062114356232,0.0,0.0,0.5
0.985,0.0,0.0,1.0,0.879062114356232,0.0,0.0,0.5
0.986,0.0,0.0,1.0,0.879062114356232,0.0,0.0,0.5
0.987,0.0,0.0,1.0,0.879062114356232,0.0,0.0,0.5
0.988,0.0,0.0,1.0,0.879062114356232,0.0,0.0,0.5
0.989,0.0,0.0,1.0,0.879062114356232,0.0,0.0,0.5
0.99,0.0,0.0,1.0,0.879062114356232,0.0,0.0,0.5
0.991,0.0,0.0,1.0,0.879062114356232,0.0,0.0,0.5
0.992,0.0,0.0,1.0,0.879062114356232,0.0,0.0,0.5
0.993,0.0,0.0,1.0,0.879062114356232,0.0,0.0,0.5
0.994,0.0,0.0,1.0,0.879062114356232,0.0,0.0,0.5
0.995,0.0,0.0,1.0,0.879062114356232,0.0,0.0,0.5
0.996,0.0,0.0,1.0,0.879062114356232,0.0,0.0,0.5
0.997,0.0,0.0,1.0,0.879062114356232,0.0,0.0,0.5
0.998,0.0,0.0,1.0,0.879062114356232,0.0,0.0,0.5
0.999,0.0,0.0,1.0,0.879062114356232,0.0,0.0,0.5
1.0,0.0,0.0,1.0,0.879062114356232,0.0,0.0,0.5
