id,label,length
6fdd9e0f75bc9b19f6d5da306b1eee06c90baa9e,1,149
b4dc373817e9513a6709573f43b83fda6bf4dae9,0,671
e278d6b74a60ef28adaf6bf36d70076a6efcac71,1,120
c9258ce8647c82e0dc824049838b6714b24956d1,1,132
917957dff006af3e0b9831e5da51aaa604448db3,0,410
d91c059ff47df1c8eb83db153bcb9ab414327f6d,0,138
6655844ede85b4472943e9717977d21406955700,0,53
77e8378f561ad658df9520c5816523fa386a44ce,0,366
8fe0c939c9428ea06e4b8cf00faded97a0bdeba9,0,71
ab20dc5d6e3a517e25aa0a9b38dd53bebd9e5e47,1,171
06699dd6636a16693701b20176e020b9a3de1238,0,602
3f0a72586bc307d4dbc2d2104b81e081b77b91cb,0,369
448c5c26942d8ee02bffc8cb15d86906b0e3f23b,0,317
5ebc7b1812533d6408ffd82d52beea6f79670c03,1,73
199aec41c9bae206e585adc6257de4e5265fab19,0,374
53e9617539486c203200cbc46feb3ac50d7ddcfa,1,132
b14079355e2a0a8fb5b73dca3bbf2bf1ee6afd04,0,67
2471d424b688083af1e8ec78ecc922eb3c764fd5,0,706
df40fb555e7d03f88acc98122529a3bbd0d1b370,0,627
b79860bf8c2457e08a158ffa59bf44e6bf1d57d3,0,166
5ea98f152d01abc7b06e5917d5e2dca1f2fdbb02,0,137
6965b7b67a71473e14b97709943cf9d909635190,0,682
9c0790b808ee45470a9a19d1f216461ac0a3e6f6,1,905
bf1995116387cb30f328ca2ae9e72313d412bc7e,0,157
b56aa9327ca2b9468d8eb9023ca9ef1f946ef67d,0,103
4473a5a84613452b08c00fde8452dad33ab2742f,0,274
2cc23aa7403be5bfc3366024a66b2ac9c4b05e36,0,218
608e4136bc4a839940e840c1a4a43ed2c13193e6,0,106
34be33983f84b9c1c7282c9195d5bb47d187e170,0,169
6fa2c0dfb81b1bceb4244c4a1e384689eb8122d3,1,292
d2a3ccb437133eaa5fd0c80c4e14cbf137cb4dff,1,382
9e310c4e17a0a3bd66e1d459ac3ef69e0dbcfb8a,0,257
ad4863bb6eefd4d74b9a8feaf8b36f12592aa57a,0,249
6349b1ad42702598569e22422eaabe6ed7dc3f5a,0,505
3da6e4d2ec66fc15f7c3064b6ad862650f33b89a,0,418
a5c3b1973b9b75d542bc38347940a10c2266e741,1,151
a6caa943706cd8e4e6acd5f14a4c40bcf9826291,0,142
60a884d4c316edac3f94840cd2cd8e9235e9e66d,0,223
8f96b52f5337aae405e55f0178cc78abfb0d3a57,0,759
ffa14531c2fab26fe97b9c0d47275f2ffa761b18,1,292
98364e763a71e10be609aafddb6e9ae6b7121147,0,640
2a968571532611a5aa64c2ada5c8294e430afff1,0,182
10236a21893d9259836e9eb54444e3f23fea8509,1,261
aa828e5e8b18e31496ca360e073c6ace37cf7ef6,0,239
0194211fb3f771acf260827b76fdeb9b367058dc,0,152
6de0e349d4aadae35a5e3eaf91ad86ca05fce97d,1,639
eb6c4a122644901dd8fcb9db2d332583d1dfd02e,0,351
d74ca4bb9e524844265efa45208102e5c77c2954,0,914
ae7e5094acaea0a3a22468ffddc69c6062cddad4,1,299
96f4cf57acccc53c4c2a806c845a7c00e80398ff,0,355
8f9c1d838c62a47fa6569765517c18ea9a62df61,0,207
fd295a241f6c3bb8742bb3c7210912cd6e731d5b,0,107
e97a5861b44f71f808a739c2e87e5d6101a568d6,0,182
1d65b8c01bf8c030e0e18eb6378f122e9e40db04,0,76
d8fc735f95fae848b8bf0b2d59f36b8200c4c457,0,139
23497d02c1fa31ecbdc29e82b6a2b601cdd343cf,0,552
473102b5cb736801e3017829215fb8f0947b5cd7,1,113
ceac6e3f2dc5ea7b891562b454e5ff061befb5d2,1,103
7efc80cf4b1dc0e661650918e998bbc85a49a687,0,314
38f49170598dbb3d8ad4160763d4a5554bc88bf9,0,160
198322fa913d47d7d8b513e3351309536d77719f,0,115
ab5f2f5ec09d046440f00fcc13b7befbc1fed8c5,0,347
1fd5c1a84806f6bbd44b0c95f5631b17a430b2d8,0,377
bdb0f497f1bdc8a755ef373a080258f3191a6f5f,1,426
bed55bf5aab79de026d634b69e38f85caf1b5f7e,0,213
89a7922436bd29d2d905d6e392245773df107d1d,1,151
b67ddb9f13bb449852dc2667897125ced2d9097a,0,196
bf1ada54c658a9f525af4edce5365bfd7c566c11,1,306
0eae8594015081dfc3a635c2470eed7c9ad48ae8,0,302
7ea74a58d473af64f412cb1f264e39de6f9f3633,0,69
4d5d3520bf8d8834cc81f62cf6cc30ac614edfb7,1,398
7a332d243520fd3adceca78b08eef2ed487d1c21,0,460
6370e463969fef7682e42aff732c45cbf3fab6c9,0,371
96c8cc675624fb7bf3f84858efe6fd0a1ce8f07d,1,226
255c0533e50f505a280485b8725fa7b0e9b139b2,1,116
5ba5b1980b8c0707f4659a9b3247bcc6daa15b0e,0,182
27139f6a7cb71ba6dcf901c3913fab303fb110e7,0,232
a17f3c20430666c9a8dc83cedbb64f1f91304bc7,0,242
6f1b68672c3497b6b3aa89e15679368d46ced200,1,264
713bd702236dd23d9c0740fcf5039739d07ad77f,1,150
906b847e922e721c0788b048fcf022975a3f5374,0,428
7b59f141c9fdc2bf87faf7a406f6976b00fd38a0,0,550
a9eb9281e88c2fca03f05e2c81f423c06d8c86c6,1,121
d240d91194761da8d25e654542d5735f43b4846f,0,540
0a70f75dfad1faf55969da5c6ea6afeb6c679a2c,1,367
fa34dfc683657222d8efd625b9926fd347cfc919,0,521
11a1bb385205d67ad419e50fa93bafbd9e696f08,0,165
294b8fcea5c8478987259e0f302232a856b30324,1,116
757bfffff834250f54e8871903784d35108865b8,0,347
ab5f787b8af194666e13ecfc760bfbe9ba07ea73,0,199
dcd0ebb32e3ad452cbbdba618115f5524ce20fd5,0,614
8874eab358db7d181c96f67c3e1080dc6d9b9d84,0,575
7ccd39be31cb57e7223ff2e6e40ae1a9cdd2970c,0,112
dd323fe401d7fd8d149711e922a761f64b9954a6,0,350
1f71e71a08612ed6ec6f0b62cd87371d27e9f739,0,525
9c205c14abbe362b9b1a76cdc5f31debc22ba882,1,321
3e301102ad45b455a0b0da9827457b4d9a1fa8df,0,308
9fdddd0ebddeb35807a37330ed88cfb34214db37,0,99
eebc116c26419e66d10f3f26b13fd6bb553d3e0a,0,223
925f4c1d446519a03453f9e6d72cce07256d6d0b,1,115
2ad9c6838e625d4db53a43463174bbac457241ff,0,231
2a5e50f4725bd60e5e64af19a53d79e4c7a105f9,0,201
ad65066a3f1c205217f5f98f2ba6ebafe8a5f9b1,1,205
65633cef644faf3f7f7df3814eb566213e49be0d,1,119
8d1b1bba3ee936abcfd1e83529dbc0c758b470e8,0,112
e890d2e1ece6a7b435b792433bbc20d2bd7075e0,1,98
65b156d9fa3d1395e623b680c2556346e3e6e086,1,100
738932267ece02c69520e2990f01d56653f38fdd,0,900
91a99feb29dfd0f7900d97a1166d8bd346b5de05,0,77
14ed9f10ba6553847a9c8d75a327c70dac3e2a43,0,373
05d860d2f51ec16591a0ff9dd1246a062a265d57,0,148
29a620fd245d6b5d2deeee3fc002688c06e3d3e3,0,139
4a98f84fdf9ab1223719e5f8b828808049ac9ee3,0,801
f0f5ac872a8ae6c22eb5954dc904ea62602aa270,0,594
186d51976a94564c44a901a17a4b206f107eaee2,0,67
5ec34c77f8ceb27a446210681ee421e04bfe803c,1,238
97e14f03576628089cbd2ee0a8a2965a488d8d7c,0,97
069722b34b4ebba145318bb457e4b60ad5ed60d7,0,254
46a3187f52e3ef4ac9dbf1418efbd15f9d44df18,0,207
b57ef4d148bc1acf2ad55c4003f941e2180bdfec,1,632
b0b9d0bed5bc0e6bd2e0063836ab2a5b7580670d,1,450
9a3a9755631310ca9130c25174134b5bf72786a0,1,81
b06fb63082909e880df658199e1a501ec3bf7252,0,594
c2bec6037e572b029a9749ccbbd10366ff9a8624,0,589
59ee49a857d1f20a4f505b0efba88806e84cea67,0,168
248274af0cfd4a2b40bfd29928c87a5d48de7665,0,1108
94cd719e6e24d1dd224ba94b1702e7ee5599d658,0,793
4208815d3728a9f492884afb0e7d84f8be14bbad,0,875
d24c47fd5537f1ebedd8351c6849aaa9eda63d46,0,230
ec69887fe491a9a77aa8fa75f396935bdb870416,0,62
3700dbdafd741765fdc84999d261d890decd4548,1,308
c15efe312cb43b6618cd93c16bc328d58ca27f49,1,147
479435a575985fff5fd76148e759396fa5377a15,0,2210
7cd1a37ac5b4c81801648f265f3a70bff463a260,0,391
492fc8a3444ed20acd10978dd77ea28260725ede,1,100
f17ac744b9b8df108393a508166ff9e1ca896fcd,0,164
1ad31743ef8cd662d75c64cefee863d4ed0a2ccf,1,113
1dcd268f7ccb2294d24a354b8bd644c19f9d31c3,1,290
cd025192811f09a4ffd13eba47c1f9fc2804ddd0,0,330
f3441539c57f51fff55be3a37c6ca750784d0f78,1,136
fc6c24e46b83de1034f1605e3b7f08b0a8094949,0,323
d10ccdba6fb540d7c2d7cf10287f55b7dac66f45,1,270
aa5c11cc0d4eca280e4f7faa64be614225372626,0,252
7bbbb6326ff41c36405401d9ef790a23c5b95e74,1,401
aaeac5648f6e47ec033c058b4702999edad4fb1d,1,138
868e386be758a46411c86d2a064b9c78820bcf3e,1,131
bf97753d6d33ce27b029e1db3cfdd806ecfbf3a0,0,639
1edebdb72a68aeb921921edc62a4f77a844c1d6f,0,315
061cc59c35a6b90752e51ac772a761c6a235d174,0,251
7cf9f9a7ed03539be8c5d851aead3196f7854df4,0,105
9d619130f306646d4cc7eecdad267fe9dde5c822,1,131
f1d17d7dbe474b0faad651f61cc2ff3be931bfab,0,100
1c8b76274ad64cec18746d85e76831f3b7cdef46,1,814
00698365f183de9834007c0c863b189014b76285,0,625
652e86610fd9b471a77c3f59dc0fa5eedba0e5e8,0,606
c3628d055b9205e6011d58cd0b534ec8eab64b0e,1,161
adfbd0608b2c46d132fa46e89400a4028df8e4cd,0,247
14d4cb245ba674f662e2f08da05b23a6773e8c12,0,218
dca18ece2190f8df6273e320b98117acd20424be,0,328
fb8bfacd3a9438cbf41c674264d6181e7f95b260,0,108
466f30d234fcb9e3800235bc83305a38894724ba,0,821
553c58994bffeed1cf6740b13aee13b831fae41b,1,181
51981a9eaea673458bb82e2fa398429986a31cca,0,464
7f62b9f956794819afb3b83e59359bdaea94ad80,1,185
eab64a6a020db8c953d767a3b5cca71d69ad5622,0,145
7b43d48d7188b46db7f4a1a2c94f39b3d66b447a,0,723
5b034f3a5d540b71f7a1ee29ab3d83f5f0d68cca,0,162
3dfdd5c3ede71ad0b4bd23a16afdcdbff2808bff,0,464
dab9d3395d0a641520f618b6c78d40bee5aafa32,1,750
e2a7b26e4685605323e3ddbb2257ab85c568cb88,0,246
95486e42140043542872e221d20228fc38fd8f4c,0,204
c5379451916e16d4344e555d4de4b885b0cd6aa0,0,86
86d8088f0297914fd459fa10f4c7cc89f01e8b8e,1,177
0d71c4fc7d6688f893952e400089d74ed0b2c6fe,1,106
d088d7c84f9d1d72f0e1afb3cec3a8d0f8cb1b7a,1,274
c29d62a904665ca1b984ba7eb5196028747525ad,0,339
c652e0496014a36773e34ee34b512cbd9feb2421,1,130
fef742bf2a81e2440392d4ae96c3e291e812b42a,1,364
d389e9f58cfa4dc5f1242a6722b733e6e7c84b23,0,101
66e1e01beb5793ec732fd87d757229772451b415,0,105
59140830d22e1abf5be21636a6faee154b51af46,0,188
3f6fdf18f32b71c25077c5ba4b76a86973206565,0,248
d25c6350fbb4dbee64050ce93e5b513097fc2a97,0,431
466b4a4cd3c6586ee0da4847729d4a7cd157b671,0,332
b5ca6937413a5121423d0781b123369488a8ccc2,1,125
9b01ad7998d64e72811b2562cc8d22346e84161e,0,511
a3d2a1a0d58fa42bcc444a09d8770ca5bf9db9a4,1,114
194af2ac41ce05006754bfc9f6a12948d3575b89,1,479
b7e593f46f5e1e1110919e3ef9bed9ff38c4375a,0,413
95a021ed8f733e4fa5d0f35f3b6b36687db8117e,1,1353
16c28a06971e9d887a89ae07403df520341a54e5,0,549
98a9e6e27962dd10c76b791dae949a9d3fc4a32d,0,649
95a21c787007942543c2f7706638fedc05244e84,0,138
ee225d3e773c5316839bb4199fccfaff3200bda7,0,399
194b6271b89ecd8e70b284417bfd9bd818670bc2,0,609
2a3bbf76bc7695cd5ec48f49725e93630098d420,1,224
d07dfb9f6534117646144c87494146d329cd734f,0,442
27dad00770680fe402f64af1c76e313cd1a499e6,0,452
940c72e91939d378e50eab10f9394cf94956f92f,0,155
3e2545b4d917e0cffad2d250e264f02ebbd316fd,0,148
df717b0870920dfb6024482899c75c7f36a0e135,0,314
3e872c34dc060542b90481e6a00384ae9a2f4cc9,0,67
6a05d8bf054b4b2f7e0488d6aeec530eb4ee2a93,0,402
e7f1b08aeb8cb88c1aa0767cbfd01ffcbbc31a20,0,430
c928a3b93ce4fe0259bf0147219c6f14ee67c027,0,453
57e06e534019ccf208a4a713798890788ff27de7,1,95
1af2aa71ba7ce48b06e20d8d5029820b1bcb80a0,0,491
10095d3dae260aacd0cab6fbb58e93f651586257,1,193
b94223acf9c9c8823445c6d5be4c5f621c830379,0,223
ae19c4ef670f7bd2a3e00171132c503aa75e4a26,1,74
88a09d4ccd697ad9ce1fb596c5b6478bb307bcc7,0,228
6dcfcc5e88e3b5270ab0e9ca4b9ddffa3b9927fa,1,393
498576a21cbbf87bd2f7cfcf5b8e3c9b1ee7b829,0,228
89c16eb08409a15e512f0f217a527c9dd288d534,0,393
4d12ea26b840d7ecd4719782be5ee96f370884e8,1,338
40929a13b33e0aafd5cfe54328adb2cd94afceb9,0,240
67cfafc100137655ffe56068308d34c793e0031e,0,307
6d8d00cdede459d3befbd6bb4ccb3d7f325818bd,0,152
e28a595dd00509986b28e251f36db7021db92c2e,0,450
aa0b54f25a8a42a6681f21d1e5a47c3fd99cb125,1,236
a6199e99bba3098a205d823f6c79ce827c36e942,0,76
422fe5f2a6fc15055dd0434089c3866725ecab15,0,562
6aa0db638dfe182a6af882fa084b16093012dcb1,0,178
9607943b7fa90b1bcb2a039debea5740d3fe3276,1,140
dedb76408a5e549d621a62e0f87249df8f48940e,1,175
101491662a826abaf44946b3515e4e054d77cb1d,0,981
accf41309361b5bba3a759159b31fc0f1890feb0,0,99
a5cacb3240d661312748894a1bd5ed30d3ef9fcd,0,548
2253bef58c24d661decc100a367385b10fed341e,1,241
e3b12490372530e3eb601c0f5be9d8c6ba36f90f,0,641
eb23ed4d1098790603531aa122089ffb458586f9,0,707
0fd686ebcf6e0fc3143320dbd39d647b50649df5,0,67
e03108d4a3ba9ec1d555bb12a330abd257b728ff,0,281
3e21bd952ffc32e13a9ae1e064be17f301ec1e1c,0,165
53b92ee37e8d621df252c4d5d331f4b6e4fa4d86,0,270
8968bb3fb27225ebb3430a4cec05c1b6fa8e2cb5,0,508
4765b533268a79c17a34102872f0055b334a9e3d,1,212
770f4753c3dbbaf2853dca14cd14be755385966e,0,673
d4abb026708fec6bcf74751446675768562c7c80,1,122
ac0acd7c366f4b05646b7605dd592032a164cf95,0,250
e5f37d7e9668ade0e4ea7b1aa9b55455d600c247,0,186
2633f9806b5e0542ae1adcc0431ab25eb466265b,1,481
a467000c6d5fb16f7d7780fb7928f43d778202e2,0,567
c5938582dcadf97c49aedf4df5c6bab07e29d9cd,0,69
e200aae6c4c4d20b6ddaf6e078a44bb749e79873,0,1138
28f76b03538ea55f21df175ba1155f9d84ad83c2,0,152
2e674ddea2c1755209c334ccbe6e439f247b1c73,0,320
1439b060dd798e529c8471747a60efde579246ea,0,151
6fb085b8cdf1af142f40ee434a78d3e62bfc99c2,0,374
d3b327d8a2f2a0aa9fa73cc77b19e723ae25b7ed,0,473
f34279966cdb14e107d67b5fb0c32614bc94a3d1,0,324
f915477b4c18bcaaa5534d44eb96b56ff29cfd28,1,187
760529f6872a7dc42e8f6ba79ccebd345696a2e6,0,97
4743a040d0f00e030cc7757e8ab9b3db0fedcfb6,0,426
1f55fe3f601d0863a1d175a0628cfadce127c030,0,1410
60bbbb782ea60b3f47ed1aa5d38cc461f02ec780,0,515
ac46da0aa9e9e7dec935af9d9a5513b37ec67040,0,92
87f62338eab8e132d42a3d9a59a2a2f21a802ca8,0,316
cba5f0e9d51f7bcf25091b47f587659841c5f6ef,0,161
212caf35041a1560b073527cb4259b974b8b2990,0,429
dc08075f7181fcfad4033a312a5324533396e7da,1,578
7dce69c4f5d89deb1ba329513548dd3ea0ee24ce,0,62
9eb25a2802d326056fa4d8f6c342f7df9b5b1e3c,0,217
19b6813a93c28073b22597d4fa41e6677c96cc05,0,230
237020717fe1150d81301ce96e9702f67749f064,0,107
8be065dc786cd986202fb392e3d41a5e861969ce,1,173
a9a1b3b389b4fcf2df57cfae72bbfa35b57bdbbc,1,322
ae4519d8cf77c44eee6ade0fc291187e0f0d4601,0,560
df3333530f9aef9c5ffcf0d7bbca9e46c16f3293,0,349
f3a212473b0567b26a86bdf177f8e3b30956cbfd,0,283
0701b2a5bddd5491339c1a82f593a95e63800076,0,131
13d73a9519a9305c05f3a5fa361dd9d15fc53795,0,1023
b7dfe73a81b30852454ccb9e10efe44861767d26,0,130
bea1d1ea3996b9e39aebba6f49b040d0b0dbfcac,0,341
e79a7405b3f9a7bec34c3aa6d9452f7eeb9f2f43,0,836
0ac1ebc689f57a2c47ba26042a46bae3c39580e3,1,353
dc6954c10c2b8b02127b8e6418d515ae79eb32ac,0,245
66e5291982587ec680b7960579250f1586c19c17,1,202
df690be6cd1e303e2712c561ebea7da153b72ed6,0,211
d461dfc2b9b006dc4d9131bc8e493cc56fe603b4,1,82
f2fe1d2f8b0a2f357e167d03988125ae4915895f,0,91
dfab36c4c5060dc51101981e6c3c01e48afb672e,0,131
72d09d53366e3227d409fcc55f4322329c2124a2,1,279
79d0a1f49d5853d4801efaf64f65a56e018351cf,1,363
469d289539cd7672e55bfeee402e48ef54f78378,0,402
5a4ec2afbf2006cc276feff7ad627fd98094b1dc,0,906
39b4f03aa2cfee42f31e0acc570a914bf40b13f9,0,348
007c619ba9c288b1c95719228f32a3ba3d14c7de,0,223
27ffcedac7910c4e47c552f55d5c497db803c660,0,288
eb7669a3d14c8cd683f62b573da585aee9941a31,1,604
1ac685d67d69c81e7eefe785364d21cac8a6079e,0,358
f31abfce8d8c96bf3069f7e9b8d51011869d190a,0,331
4c0c0fbaad51ebefeb4082e81a104064aa5ec373,0,316
f2dd25d2b93caeb5f0881837d08723c340fc264b,1,88
c0752e013b0a6d434b083fbece68a55243fde84e,0,131
9e84206f19f113e3ba774fd9d4c9f029d55bc3d1,0,646
58054302aedd5494722c5cb283310b09191957d1,0,221
1439b37404e37fb7da4d7805c8b3a383f73dbfef,0,690
d4bf78bc93c00b0d0f922164bf52cd48787466ea,0,260
0cfa75bf4abb55b6e3365c96e4def2937dcef621,0,166
aefd3cf46c97e22e92cd46de00c47d08ad246037,0,217
84795ab59b08fbe4dc1c045a4a0cfb8a6aec7a68,0,1637
372f35d38383d5d39c18265b6bd6424e7c59523e,0,213
2a90bebcd778f86d2f42f1c7c66379fcc782954d,0,231
659a917a074674f01bc45aba6f5a6f9e3dccc884,0,176
f468b4be76a16ec9624920c55309880e89fdfda7,0,61
520b86da0ec7d5f0b453a573838d2d7ae79e0b9e,0,411
25ca659e23678e879cff2e30a9fc95e0af21e019,0,2132
af30407668e5014493f5960422675a46757405da,0,346
2aa46c25c60daa48adaaca642889fa87c484c6f2,1,164
7ba572c96b4d5591e701f85724a55eb81d6e167e,1,149
95a7e32ce1510aee97e12233379da02521a9bad7,0,263
63bbd0a629c03c7ac39107cafce42f19f6934b08,0,644
925155fdb2cf117dfb07975f2ca7c34c0b34f40b,1,121
de16cdd92498328fa5f2eba6378020c5a4d310e3,0,144
3d68d3ee62ac6522935476e1d87e8223d964b85b,0,107
137790f986681d854d13f9790f3fab202a11beac,1,147
066fd6b32e5255b8fe2e87636f7c0c9515954a40,0,184
3cf16f8d44cf2627b2de46e98428fe655532c1c5,0,78
032a120f16bbeb9f09dddba01e2942776647eaad,0,812
4e00f20a8cf1011791741094c39db256350aa074,0,228
f7d2511f7f496904517594a3ff950e0060f856c1,0,367
4a9536b34a52f96e7df707cf599d6ddc15b0af7c,0,503
d5019ce4fb272f516ae463b6a671f343de0b72d4,0,311
86f8bd09d5c71b478a9368d64f7b727819b16749,0,558
9514b3a1d721aa7ef7486f547c80ef6b77c04489,0,317
c0ab5b14c36e36c860ce120b44ff9b46825056de,0,97
f1e0b4c9459aec7e8429d4ed25fbaf453d532c38,0,791
5271db9566c99f4e870ba074e08fd42c3df1d178,0,161
9d4921f355d0fcdeaaa657b74a30fbb5a92e12dc,0,170
09a068abe8e6138741bcf418afab6854ca19fa8b,0,95
95eca6223a35e8aadbb02c598c35e99da21adcc5,1,100
645bf65595c00fa15bf7a06b285fdcf0bf8a0817,0,606
63c62fcb06b071c32dcc590c334f7918cf4150c9,1,99
953ffebb5be639344e907c0ac0893d502f8c4292,0,479
9142399e43a90b3494cec05e7998ece1bd181061,0,334
727476c27c457f8797c15552e28666abbfe68581,0,89
5f6d395e8402c3d6fee0f7a7436494d5e82addfb,0,391
99fb25bc487de985d03b795666e2cc2f19964f07,0,114
fbd04a81f4b5cd24e104b64cb06d1754e004ef0a,0,228
b66933e434c1611af492dedf9ba4e4134939207d,1,325
f26efbdf10971b8a0ddd00f85280d591f22578b7,0,431
622798b3266917a28806dd1637b76e4684a5e7aa,0,564
b70e63a7c4f753197f60c7c0e322298944192468,1,132
cc67038250129bb9d664f416fc7999bb97d02c75,0,501
d63f4ee9e9d04db0e9bf11e888d60bf725f6433f,0,605
28c1ab7f7b5b6d7f9b41c901a20a06d6a8c8fea9,0,438
cd81b4743b999e1b2297227a8704d412c9567203,1,131
a1c278991374513b626527f8f15e275736ea7376,1,187
09e68308be9794673a93d8e7c3b393733e8f213f,0,486
3e7b803dbc7d6f03bfa28d36ac91e8244664bae5,1,109
59570c09e608511a24fd0b210c55c3124bea4487,0,126
6ee7668d365de7c20dadb5027444dd32eed918b4,1,248
1c12ac4bc4f69304b4063ec04dbf5f79bccc37ea,0,76
b4c15b561afd34e5bb0ac514735e7aa52b5737ef,0,616
ab044f3f247a087cb02218db14fc218d0cd67fbb,0,108
20658155dce963a7dc73d0cbad7a5d0183462404,0,134
74da301317cc1a2e5a93635e1c4ae1610352e466,0,535
1261b76496ecfa970083a8165514b8e27994acde,0,157
7980725e10e1708df13a13f43122e308abae0e6d,0,611
f7fa0d4adb3040d0fc56e0f2d6875d1e7d1c8586,0,394
cb899826a2bb5f19d61d1861ff108c13616d245d,0,545
e4248de691a9c4f45abf3fca3846b2061e0b13e6,0,127
e49c9ec12c667ab255cc08aa0294ff291602007c,1,220
223bc20ec433ad03a3868db204fb6c39d8502ff0,1,301
372ee958c854ff4322b9a47dd72ecad68ab62a39,0,200
528686651794ce77c3e75fb996400cb5599790a3,0,194
3a30707310361ec1b766e0b697cdef5529f7690e,0,405
d4c795be4bda13826d3b443778f731d7adb03e75,0,362
08124122f7c9c1debf5964b199825901f3f15076,0,2474
dff95fcef450e1ec5b99b435f23d504a0a6ba736,0,356
bd4a4efbe5cd40738b9a4987d849f96a3277496a,0,150
bbb63008f3c19015462c65395d7bf8791baa0acb,0,100
a8c82a92178533660e6133322b428f56fd848eac,1,100
b102a65499271aa266e92f057077ed207a57edfa,0,266
3420bd21f0574f81fb142d9cd1fa9bd7fbfc1fa2,0,428
bdda04f9c91dd470ac55b5b00bd13987297bcd7f,0,158
6949977da55df02cc5e5aad8d4f9077afa71e655,0,177
9af8f4dbf1c83ce0eb5f7e17679909b990df42fe,0,228
b11aa55ebe1088e82bb5b5d35fd192c2dbf294d6,0,519
e34187e3228ab8c84458c5dc24cc787518e44119,0,173
09eb9ebf791230f19f7663d13dfa48e387cfab3f,0,194
7db3c09c68149f11c0945d3a39fae62596feaff8,0,277
49e1e91248e5d330d6b0e3b27912a7df0386bb4a,0,429
cc8263c93d912b7831b4c0479b7ffb2267a7d735,0,405
c2e4f368c2b7a96346ed6834868cc8ddfd1086cf,0,276
1ca3fe01948e002d8899d88fc5386c6e5dced427,0,388
34ce922b4c0d96d8e2ae8b14c77b2aea94f27c5c,0,104
c3064a93c67da78bfecd878b0be5655a38bc123c,1,167
f72d15fd9d7e594c5ff525b9868d0023796926ed,0,71
52b199b7e8488d0861f97f47c58ba1aebce9cade,1,145
1153afd69fb295ee6966ce2b123112289c0412ae,0,483
babd2d202daeadee3f921156c13267103ae1e303,0,133
c94213c8c3396a47e666a2f19bd033d52783a3ce,0,206
eb5d29c8f9c1fbd1cfaf088328835e6b83bdd888,0,38
8077c19604220ec751e15b910b91a64287769714,1,514
bf619cb75299ce8e28023a427584420a9277f895,1,228
13792ad902dadda3b46744e193e16d022939db94,0,513
8be9fa242976b7efe8ff518bc0a8cc3b18a2bfd6,0,115
8f12c955d12e10059404edbb7b0e1b2fc2385e28,1,80
49f76f4acbfa5a51a526a3aac467214080eb2a2e,0,84
027887515485326d89bcd0ee65c41892c91ff2f1,0,274
b372d5ed11ce636b6fcef9ce72b8b3f9c892924b,1,176
8a15328c463fdca5c3d98bd3d22771fdf0dcd169,1,157
a56803eb087edbfc62cb81f1e992422aa8a2d6d9,0,592
c09a1331e1d4095fdd63514708b7c893fa2a1e17,0,560
8da6c698e9cabcd1cee51c2549309171528ada73,0,750
1800d7ce2450267390c6ba3d4b027b78818babb1,1,132
28f9b16cbcb6193254c05d3c1de0035d33898ea2,0,373
f60f1a829d8737cb80878b805b610e38355067b5,1,852
42c6a08f6bd65a4ca8bddd898a7cad3ab7735bdb,0,395
75bb1994349a19cf70ea040c864d826db3cdf343,0,244
bf05cd1c80a7230a19bf9545a44105a0e4672b0b,1,105
5ca373519e3c075945b64a3957af5a252501cd44,0,160
ad1e3739a74d09f0aa243ae9ee07a2ed6a1c7763,0,455
772a8f3da6fd3164c7d2a129733d33550b39c42f,0,580
8c4e7d444056efc7f39b3be2c5729b0fd6d3ae91,1,131
5d8b811b006bb6a0c57c3798b9c3c458be32354d,0,506
f851f5e74b6aa31ce2d59155982d3ce509387503,0,559
d2af9d22bc00db730f6eda258a2053b3bdf245ee,1,243
e9f2cb0447fbcd39f27c648b35a9d82a17e545ba,0,601
a073cdacda675b46b2e3536bbb9333a122283c8b,0,573
60e7bf30f640269819ca2ce5d05c57da57d68543,0,528
a6f624c872af85eb5648e79b8dff340ead031f08,1,348
ec58a8a06826376e9de7a8503615e1d72ae48130,0,438
420707f0e644e912dfe6a5fa9bf1dd097e064ff2,0,127
e8ebbed541a2c25a25e5ade609ad6ead272019c8,0,535
0eaedb0e1d768ab642ed85b16826f45f8483296b,0,472
de16dc036461b6dab9ce59618437cac05615f9d9,1,548
92a5d0a6fc38fbc35dabf2241fbe92c29bbc76bf,0,351
50ad2b83a89e05d3e359346223fcc02bcc3b74c9,1,134
f93f9751edb8bb80c00545641e8c08c179feb958,0,602
6af8ea068c32d725d872ccb3c39e055399b4e097,1,215
024ae68377921d646302d8e97a3f0efe03515a48,0,584
f6d089fbb185299dde220b23d94d20c9773d6dd5,1,128
4afe7441b7b86d1688412c99b9f6bc7119236745,0,170
f9d17d208d7b059c74a3218a2bd525bd995a1519,1,97
39f82ba426b4861edcea956622e98ec05521e2cc,1,126
ce8b7eb9982ac5094e0cc1ad3a3fac346a12d494,0,361
f3a4940545e80db336310d38e2ab58d5572da567,1,517
5e428230053e44cb6196355474fe224680b2c2e9,0,269
ec4c6fe9ee30988fa3c1c1fe706480594e6b0e37,0,641
5cef71f6e2c8589fe4a27b3b04edd34e9772da7d,0,336
41ab1103d65b8488728a4e0a70332af3095b6be0,0,626
4b0f976d253cfa513cf06180ec862def64a9abff,1,396
9ff435da87b0696c5ad3efa2a1eaba599da8bf79,0,374
9767148d3ff536f9a41163fcf4747ff4ed635d1a,0,109
0b096fc6dc5f1f8a227758186a09f0286a1cc820,0,52
ef4ce065e6f0dea1d563092f0a953a21ab52c034,0,320
b0b09d773d2675680c0b6021324cc14eb62917d3,0,511
c1739453b46d7202ead894acbe1f688acb5fc222,0,461
96e7a206e483b610d4dc9f64e6e287fd2da41f50,0,459
357de1d64b986f52124574b3754c6e5d013afb35,0,216
5aa93826a6b87a9cc9af7f0525ae78e74c343fcf,1,96
4aa74683d2d4c4e6d743fdc1c8cf82fc2409b721,1,348
c35384a71546b6c857541d9deffc499b05dfe71c,0,584
32e490d89322a7874a48bf54077b755880c38f5b,0,299
bf24794f7563a3e66f3ba2aa26cbb1f238228f42,0,75
b2505ded96222d2ac98a083f5bb1c12309bb46a2,0,162
88e1e1e6b8ef5cb3bdb4fea0226647450035f57e,0,581
a0b61848868d131efa8931042a3824ee304b6a68,0,451
44803d36a9b99d64b709967db257962484c0659c,1,305
4cea2e37b7e772fa796222de0eae8e481ff5c073,0,131
6ea2763456f38572df587e388d1f7bfb09f7ed33,1,130
57088cd5e475fc2022ddd1359c8230ad2e9383e4,1,789
c4d48efa4b354dc056cd3fa79667896aecc33d68,0,316
1e6244397886a14bb1d3da81c7d12c868c8a8f47,0,150
22cc36f8e472e0c81b1721e9698a77b0c71fc485,1,472
a7c5d4d0932e356d0681235590d457d814b74da7,0,301
e942886353d7a559b2a414613ae8ac7c6928d0f9,0,371
44c9f75ff36d63dec0fb7a23076121d34c0990b0,0,358
c4d38ad4740cec0438db2baacf80dc1ffdab550e,0,188
3c8a91e8c562a51a122c0e7b70cfd47550beb5b6,0,73
356dd5fb8e2674529e4d1680ac1dec4af82a0c93,0,439
5fc4de7e7dd603c089b3e4e1f08bf635f1d7015b,0,106
b7a270357acf19367cc054a6abbeefde8fc1ac8d,0,176
6af89e5f3b17734ce4ea075a2f61a2e09811516d,0,579
eb2972a439eaa226abe569ddb3aa1088070fb8c5,0,563
82f2d13bceb8b626dfbe0087603e273f2d1c3c3b,1,1513
656d86b0b9d96ee28473a7a29331ab5d8cd17c35,0,104
3862a33ae233b171c1143cef25ad5d97bf106b33,0,512
d862f292d4c5194a98c81f2c02abbfc3d5439c44,0,130
c3bb88a3f2b4e602a5f485d8a467bd6c60772231,1,366
fb6910bf278c5a880126bc952880a7346073dfb1,0,283
cff0ca916387227bc6ef8aafa8f2fe3a5896ee5a,0,72
c48d1327e25ad297d6dc580aa8bc7a18570b5390,0,82
bd3998dfafbac831774b3ddd06e6f6e785ee7d1c,0,524
252874ee5567906826ee619a993e50253c05f357,1,169
1f1d56d9a3047fbaaec4d24d1374592c683c4ebe,0,397
cd025a36a77d50e9b88eda26f82cecf1e00865e3,1,358
bb689a524876f0a336650596c1751d814158abcb,0,112
755474b48029ebb07d366e822e6d5b9077114001,0,128
cc0ee1d9790c9fe89fc1f42f945876a808b2c376,1,344
201a7226421015b751338a683f987d6edefccffb,1,232
506267ebfee627ad416ad934e38966ee914a0991,0,125
daeb78b1914eeea593ad383300d0563e77c153cd,0,105
77b9073aae1c21d48b47c5e228f8b8112d30713e,0,244
85914db12e8e64105ab54756d24e0e73da7ad5b0,0,746
2b035bb719a57639f2ee2aafa25fa30a88293a62,1,128
fd82112e3115a4c8ecd074f8846586e247d100d8,0,569
f9b610d2ea48456217c463d55926cc67be2ca947,0,430
194393daaca8adf3c00c8570109275bbcc5b6e67,1,250
0584ed499c24ba0098660b1df0c7b592a392a2c9,0,37
866d4678536708d3a2188a5a19ed0b21c53ab68e,0,451
4939cb3a150411b9c6c3fc04c26407c1a96011d1,0,157
593f901ba8d77f3c6682472ae6ae44fe7c954e6f,1,228
d533e81dfd423ad712845706dd8c4a51f78ed889,0,200
60d928dfb3adb1389aaf0f5fda68483715d85a04,0,286
b93a43a90f0ad0155e50dd35a4aa92dd6fd33154,1,125
1420b3b0e1e6eb5f015a06925ac828e37da06a73,0,919
770ddabbb48b36380573dc2cbae944b72795d43f,0,646
eda55649de057432aa39a2b3a878b0bbdcf50295,0,306
52bc0a71f50b846e273e38af15c9a64150d3e2f7,1,164
1f23ca25baba0b510d855c8633c42e949347992f,1,244
7f0ef85ac19db5a9d4db7e14c793702939c43601,1,439
e5f2a49193f06364405750a389c6e207fa6a1f23,1,169
9a04a62f2babcf1cdb55575f110c310ecdb45778,0,296
09893bfcf6d1d7b25eb436484f1a5d2e4bad9f37,0,464
945acbafce5427b9955399716c170ff4d6ae1de6,1,89
de44553f7648829d52c10f081731c1bb8d06bc6f,0,189
aec60c7163f08db68c959d3ac06d10ec6b66d8e7,0,558
de5b44c2c78e62c232ef8d416815a7629564b1d8,0,398
71c0d1024a9d3ae8000b715ab2d26e068ed681a7,0,341
b748f334eb17f440f1a3f0bddf079acd81fda042,0,57
7fb434dbf4fdf2e26b172301a52ebbaaec8fe4ba,0,630
f92bd2ac0b34e68b4c80aae1c083ef5fe9cd79e5,0,141
aa918c4cc5a8a088bba13e9b3283b82693db163f,0,79
2506ade5ec3ea74afea0601e12f121d2cc8021c9,1,115
0371cf3934060061c61bef85ebf13e10bf9111a3,0,171
640bc982445caa8a06da4b7220afd816637cd27e,0,665
feb7a41f3999c914d20e713ea04b5affc9f0a8e8,0,287
6f5d6063ca168d95256236e271a9aa831e085f14,0,747
9a327b5e15d227fd2180804b727647b5c37e01a5,0,436
1daa7c624734a9318c640b9a4899862169debace,1,316
0f3242cdbb69fb9e4ba35c1cf48923e9d71f6240,0,610
7ca53c39d67a12db8928c53a57002b58bebe79a1,0,508
20d6cab750829845de7f83d0112bc7aca9d99b0a,0,342
453aa71c0f33dd0edfa1149c13c00ec540556fa0,0,176
d91d74d193291aba89ee3622ab913351f37fd780,0,195
a5273be38615de3f62332326f262a0ae2293f45c,0,427
16d4af7f03be47277b3be0fbf92f719d54e6fe77,0,556
129fb70486970de3a597814ba3975b482fbc4fde,1,121
2eebb4b412fdc254a8554c9b6c56ba327081de5b,0,576
982892ecb14c0c190861e2597fd32597c3cf8c7f,0,183
d4390a362b6d739927fbf9a873cdfe4cccacb952,0,167
7300a4b54342d3136fee039098e2124c729cc780,0,817
9b62c3ef6f7d9da9406b7c9bbbaf6101f4f2a925,1,185
aaaa0b1a70262583f93c0fe3b6a68a95af7c023b,1,116
465339da661ca0e056681f5f077f2415c7242796,1,148
ea12c4fe092bd77ac00d566a55727ca5f2a05f86,0,322
d01628703785e6e9f64850c4a93ec39c17925558,0,580
1d239c40995c782fa1d025f526765a61825ac5c8,0,934
b342da70c827022d6acd1b9c3e665fb4102cac14,0,818
d74861b518801b3dc8b93823b7f0f736d79f0f0b,0,204
3d338c89f5b6bd8d12c0719721846f3252c3b7d8,0,235
8d1b4b0bd117ea722504bd9ada19df82facb98e4,1,290
a4ac08c10176c7ddca0d69c236eda4fe7960dec6,1,423
58f83413cfd7c2ff91f075686b8e7904cc2350dc,1,140
801c857be62dce4af48dd3988b3413e885473fb6,0,481
757c5e9cdeb417a184dd4048541e69ee596a1ae8,0,68
2795274d0895fb8eb0ec0d644509d66bdb445263,0,117
0204f2f43be02f8443908c8b2a8181fceebf0ac3,0,113
5f1c0a5a17bea5720171c4a50d071ec2f21e8d6c,1,237
862cc9d5c7e4fafd47d3bd9f96ca8b9205c61de1,0,344
f955bbac6f40522d15332192dafb416912c2c403,1,759
9d96579c527c0e5c475842d9781e9706efc3422d,0,191
ba3e4604c1554a5cb14179b539eb26b42eb54c6f,1,155
15369d17ded6e8a42ce9d021c729ff49f6d355c3,1,165
8e56c546b5e0b7784d7fd548d3939f3c3d388920,0,112
6e23c2ab30ad6fbcb128f052dbe3ab058c027da2,1,191
1b4c9442d0f26f1c76fc5c58ee7d4c158b8fdd4f,0,126
359261c916942ecec07a4ef32b00a133de1ca8c8,0,163
d9343700673fdffec54ada6e37bd936e941fccd1,0,534
d43037648428e48be612da3f090b46ecd5f6ca39,0,78
1a3f95db6d711c78d91b6fdacc39cb842be9aec3,0,231
3e47b5f61e98cd0c3d534cb2db94df267dd1ef34,0,227
b58d37038340b432e3af0efcecd13c460f5e7227,0,485
aa250a41c81a48bd271e64a1f7539ea97ddfd8d2,0,447
cc6aef97d8f811ab224694d938417db4af3b61a7,0,425
4338a0f7845c313def8832d7b8e913dcd1b16538,0,178
73196b670e524af029bfbeb30c3ab8902af64b9c,0,464
e620eb957fa2036fb6379bb34d8d8de6a9b026aa,0,550
b09c925d33d559773763bea776f13c746bc6848c,0,138
2e166d813fc073d18e6a95bcd693305915913c74,1,103
22b3bf41e06c536712fe2fcec19814b1f9b63dfe,0,300
973bef411ff8f8fcadd942af5f1f384149b61e72,0,592
dee55a3119c954e9bbd06a49a8b160104902827e,1,113
06560e3e2f0239744f246fe8bfde1a89c26b8b69,0,108
bc89cd4a1932e3f2c345642c0b6fee3f3f9d2b0a,1,176
d83cfe9982afd21c42926bc9856e285164153fb9,0,140
7d23270657b7396ed87feeada571bba731eaae4c,0,316
8ea52a27034902ba86ec437e94e3d4e805df5e6f,0,199
c5884b0186f68ae05e08abfddf0691bb50c81eae,0,269
b7d1213f99dbcf38b26a0cf5f4e5c75ee023c524,0,289
18de829cee127269e51335c7967c9d27ed21f2b2,0,588
4dc624272b30ea5ddd91c81eb5a78ccd7cdfc984,0,435
021bfdb630d7d5faa9da20887e5420372d1b8725,0,352
45974a76a0d2c27d6723b3ce8dd9451bea6a1916,0,85
5def89b046878f377cdd467383c4af172d440314,0,269
e6128a8bcffc3b9ae0c8ae8b7667856ef4faf039,0,35
f62f1aa5bc1d46392773aa7f896d730952731f58,1,367
802e7d2e46940d70a36e989f66d08afb759df7d9,0,595
4c9028125523ccd7fb19a431a647a60e532851b5,0,393
00f39586a03f15c6935ead2a11c9cf0affd5177c,0,79
32cdfc4a85a0bed30ca76ec3498ce65c9c304333,0,196
e9cb7d7c75e8de98e113df37ecd4b934310057ea,0,448
8533d4e7d71bc0af7c206dbec07862e7fdf4d584,0,573
121c324270f6d55d8816028ecaa077cd8ce8a46d,0,414
8ddb7eb72decfcaecb0d02dda9eff183dda57065,0,388
a3c5f2bc4e44f22a4c1cca59080d565a3dc3e7b7,0,84
c17b5b21b82b45af123a1405288c475cc261969b,0,377
eec8bd14bb70b448b1c2cf8c98d04d9667f7ca97,1,159
b77a7ffe2a4453a6f6e16e01589e4d968f106c9f,0,322
3411b4ffd60424a9508ebdc5588097207b2bccd3,0,582
b82fa6f6043cde82dce0eb22a2d95c174ba4adb4,1,74
75439c5b05dc53cf3943337787ea954e8d2d8b83,1,125
f98f038d70d814584349f1c25f858ee832d18393,0,151
2764909a48920a3e9b803108f42f0995e1940faf,0,322
e90369e758613b7c50e0de5f353a145887780b00,0,341
661b79105a9cfcc52fcd250c22a0a0028819d2f0,0,367
3d8314da6475a4121ede64c5cf2b160ecab2eb30,0,418
04708fd9eb3bfd765bf9917aafa47433234275d1,0,235
2247555a2688cc042d23e65c3c90edac43e04f0b,0,96
57f21ec0d02bb0eb71ba345ac9c4d7a5f1cacb22,0,519
5a217e37877ae48b1d35c64371a259078cbf52c7,0,603
9b2a8455f8bbe57efbc1bd9c0c305ab4ad624b30,0,99
8e29e84c0b3d2cf8084ef0b0674276036705ff6e,0,126
ad99405ff540a54e971307680f3180f2329b3df3,0,174
46a577e15d83271e2e924432c6873482c25aaead,0,394
b014a1d78f0ccf6ef252e57b814a2405715a41be,0,440
c105dbd6f05b6c957aca16fd4de6d90c031960b8,0,446
d961ec667e6321dfa32592cf3742676c14dfcbfa,1,76
aecd50cbe8ec1d7f4461aed3917656d9c2a91d3d,0,120
4a98b12dffe8553134614ed2684940fa9fe2e033,0,126
45a5b30dd881e3b65b90edcd6e51c6e18086b586,1,208
9a74f92016dd2211d2244a7dfb20c865d112baa7,0,452
302338e839b6cd5bdf2505befd15ac067a60e7a2,0,324
98d396af31f46313d6ff65e55b20f28c51d17de4,1,120
c0e4b778742a95792a83cdd5c9f15fa0700d5cf0,0,64
a257ad181cd017b33eb189d7bb4df5e19ed4e777,0,99
62bcdf42909e065f14065c4b783d1da4e0fae4a7,1,476
ced351ac91eef629fb83973a753561af2c4bc19b,0,1534
1621a2e11fda84f41c4e0052f66c51fada417076,1,204
141cc744040def5d8b795fac02c08ad938a18f66,1,145
13eaea283de76a94ed9342485833c064964b555f,0,72
e952fbdb26d847e597bb70f8febc0b7876d99f7c,0,436
8814ad3a51542e64eecf0bf19ec508147810423a,0,273
4c8e5d34beaec866a6fd5ebe8b6a56d091ab088d,0,341
4d0733a37fe1306656b2a2313f4fa9092d70a48a,1,606
c21481750638913dc632fe01269f287f5dd74720,0,74
614e41c91d4291e58b1f3900b4c712b2a2b2c4a4,0,117
2ad80c988cca938e4403dd04c93a24da782c33bb,1,388
365083dc1f3df186a5a97092b6941d0d5cfbf669,0,68
3c04ba2dec150ee4edb67d5a26c963fb8793e107,1,177
1501b591eab16639c28997765557bb546b56753d,0,63
732f818729fe7736e8e16e4e364b9ed9fb072d4a,0,475
d8129a5bda538cc42a44d808fd9e8d665874fbc7,0,1194
e6d4f0939aabe464ae3bd3ffe72aed5159fc4a52,0,114
2f220c1cebc51b575c4c1849ed18480b2b3c4cbb,0,987
4ea3ec3678e56ecf61982e2c14630b88d321f59b,1,386
7c0a4225a112f52fa7d931c67a1b2a236586aac9,1,171
e06fda2e813276bfc74379c8f3c9ae7dc5ec026a,0,645
847d4fea9d02275265c6c4050ee926bf3bb76293,0,304
9cc45b84a4690fef90435bb82ae5c222061eb325,0,87
41b5ae892cf27a200fee2da1c6b6580fbbe4e029,0,316
7180cdb1cbaca780391de06df5fe26d64fdebcfd,0,654
0045e4396b2d6c202794dc4b7d111132d8074460,1,758
8405ac8a469389799c8005810f98faf1a6c5c8c0,0,696
08db5f89989854d51f1afb369c1b05f7cd934b72,0,455
32e9b8870778435fd01d354838da6f3444ef6005,0,389
25ad4a55e434faf604c01becd942a42cc54c401f,0,463
3342105a9fc1511199aa9b73676d9cede0ffb650,0,146
2b610dd09e6bb1f4e84965bde9334a4515b05a9b,0,208
cc10af1dd758979e4a17a1196cf6780850cecfba,0,771
bf6f3d2c7cd3bc358525f63ab363f3f152f72501,0,541
7ae9bef4f66eaf53b20b67734952065d25415468,0,396
b6ce4fd3ae1f491f37bc8e91c67bd9a95c46e895,0,228
abc799869cd51eb365eadfec411928daed60263a,0,99
8802037f5afb8e3b1ee645762d5ff9ea9e2badab,1,149
e459b973796d0b68cec71c78b9a9caa5d1939aa3,0,356
1a876626a5b466ba14fec0e9d68e7b2ed6df2d35,0,474
10c1cfbeaf9012a0d2a983b7b7e8a56760512ab0,0,86
f3ea9325bd4b42e6ec3be7f66ec8ee9347673eeb,1,157
d6958a559dbf689e8f7317274fb21c263ebf88ff,1,280
b6a54620c3f52130d1def7ebb98db2d1bdaf1fed,1,92
ea6032acfa14ab23eb38c351b959b37c3d262876,0,473
33947bb4cccb317f76c7ea82ae198fd2b312207f,0,150
4aa583cdcc8391106c672326e6bd8a12d768784d,1,137
8b633e59b23f1e3ecd173575dfbd6141648a3be5,0,188
1609a68e25561039371149cd75b9cffc36d918e0,0,355
7a54040b9e5a5f07c5d3d39c686da449e8f2e3fc,0,646
efc5c402cd32f5ae3d7a048c0b468560944bb749,0,623
ecd48a30b08abb45604b642cfe717cfd622fa5e4,0,294
30244c9164d41a388acdac6c85ae2442f0c66da3,0,384
695252d1f6f216695e791b2df621d7535e59c5cc,1,114
4b71c0883842b92bfe93082428378dae599fc463,1,118
e9e76409d5c8eb29865c04bff04a0c5422d39d60,0,2247
c26bdaaa310cc2d15b9a59cbae45bd64eccb541e,0,318
6b963ba23823b313b67bb29f0a099587533df7d3,0,77
00d5244e2c921fb0d178b019cef6c4eb4da9693f,0,221
d619c5feadadcc5d8a541d218063f0ae2d53dc83,0,80
e97b921299905fe1b87782da1233fdda1a663046,0,145
f496fa776440b094aeba952d1cbd280920417b1c,0,400
ce65a21d1da0fd4a2f832d03a56cd2b24233e50b,1,292
2e44a616470c132692e49cf7e48b758b215b16c6,0,372
5269b141353d0f369e36ca4ad96e9d16af42093a,0,1192
e57a78984aac7aa9d30903c1e69ba914b14adee1,0,86
ab0a5bfb5a421301a52f0436ff5bc4b8ca310840,1,423
24b711953d982e5639ef3e58f9dafd713a76ecd0,0,391
06fdea01b69f833302640e8e26629e2bf1bff91a,0,98
1ec64b27a7258bb3585d7a22cb357c01ed1b4d90,0,90
0a53a111c23ae24ee3e09d4ccfe992f114decdad,1,461
5f8cf23009907ff531c98824afa54ec74b48800f,0,286
de6cced420113271818832d3a4ee3512fa63b6bc,1,251
aa26692ec6a462c2d72b97811539ae76801bbac2,1,514
0b712deb67d33df425912df143c578ec25ce5de7,0,370
93750b9ff0bc1301fda81a037ef979e8553b154f,0,276
db1c1a403837f324639430462c318266026f203e,0,480
04a75fc08f73899087af9d5de46eefd4d7877d12,0,502
f7b0ef2f8596c7a455ae57950a0d484c17829f70,0,506
f9e58183b1b989104e6d6e76aafec5ec8f11ece4,0,162
f48de48f5de1e416aa187785a543ca803c17b663,0,215
6e84faf25c3e110cf32802fd82f2b143e934aeea,1,529
25a513931991e7b2d44b987dd8f14ae6c38461b5,0,390
91db2dc3ec259f5a2b4066e6195836b16bdb661a,0,58
1fa8bcf80c8932d9c600f51e212c143728335695,1,268
423721cb34a2a9c544ca91cec7724f3f9aa9ba78,0,435
4fed57056cb4e6ca5a3d8b9a67570c76d42ff408,1,135
daf0a3657f4a477514de4d6d79ac0711f69b1fcb,0,418
1f9f44c3721b0a7f2a0e05dc715b61a6c1487d9a,0,81
941d2f148c67702e42b42c9a97847ec21c318c48,1,377
ac39cd610e31517ac2d3171b5aaa6c795c031b92,0,285
a0f3048d093416190614635934e3533f9c501442,0,333
0a67b0334e16b3db01047730bb97b5181e34dc54,0,648
315945d2c057dd443d08b14ccbe1fc82e4ea1555,0,254
e0ba6439a6a6dbd23dae24339a795f2035f5b1ac,0,464
df137a6f0f9aba655ad5447443bfd29730e1ba68,0,906
2925250ac91cf454da62d4b259a11921c36984c2,1,156
0fb14573517df5e7940f619702a81ae97fbb6bff,1,183
62f356f27de63170ee3fb6a7d53aa91048dfbfd6,1,150
3f2feb03e51af6708eecd2dbcfd8973c524495b6,0,639
2edf938043da049f458c4519aa489b647d986740,1,311
2cefc810e4bfbd033e92e9966c64ecbb4647f3ae,0,63
0a6351a1ac98015743a5057836bfd61d70fdcb7e,0,386
5bf96ec2e607b736bb8fcc5e2a1f3d28988a3bd2,0,534
83ca3209f41df0019331081ea9eb159b295a1c10,0,276
f51e2e4a16f153a109362cba2047c4e3206b5a80,0,745
2f338dbf6ac9c3865dd04bb1155d23698be05df2,0,199
e9c98e3de1f4ed81cc54eb016638ad0b12d4dc1d,1,143
07563004ccb67d2eaa2b5a3482566f80e56b7d2b,0,222
8f6e1581f3b0f10987bbbe8e1d3efbced65d958e,0,134
ce660547280a44b61276de1f313682c758d766a9,0,789
59ed33873b88cbe25e8c2be8130d14ceb1902ab8,0,213
83bbb878e35b601ddb46689451fc233057f2e405,0,233
416c6720b6f8e4aa20589ba5e7ad20a8dd251b78,0,198
1d0dac7b48ec6f2f51b263daf28f26e25c115da6,0,532
8a292f65cea1e937d214e65e8d5cac80f256a346,0,170
cbd5d90e3883acae09b1951293e0a42b13f50bd7,0,345
020bcc9cef6c6ba772ee0cd116a120ff662ccca6,1,197
a7118a1d1cb75f66f6dedc47f4b8531553c724a3,0,643
182fe8391681930788a8cae0d9749f945bf8340e,0,195
5abd016d8f0c072de74a0db980d690344ef442a9,0,466
a4294015b93ba4957e9bfabb3d4c23302966fa23,0,314
4e26f5f79fec0be87f1063947a3053c380c2c3cc,1,248
ef5685cc17dbee86377d31f70a607f09534ea34a,0,84
66fdb97773e5bf083937ad8600238ba5c6fbbef2,1,580
d00cd56d7185d3718af2eb4cf16aa1cd079951f1,1,133
112ea823c8dd345af79a5a238b3cbb0d8cf9e8cb,0,101
4ca73580ee366c6d76bb94e50c2ab1c71ede4286,0,364
727b4c27ffacdbcdedb2aa499b17a2136a499d34,0,228
96764376fae07f268f5b7513b2c34f195d27a750,0,149
f9cb15080c4ad819686a5d06e36ff9536ee67665,0,361
a5efd544156253ee96c960eb26cb31214c6a9bdc,1,132
72fc8d27c7835941b9e689f532ed270936822a1b,1,291
7e2bd46e95e964c3c6aecb6dc0b0363a6e449dfb,0,174
725e350770c893c7ee5993b3277f8e6dd05d233d,1,186
352434610d8a2b07a25db0788886691e14c83aa6,1,217
4714629ff78d1b70b55f9f10c0d10805c421b71c,0,112
6e96a46d3394d24c165484a79ce5f9333afdfe02,0,389
3998e14d6ba0b335784b0ca5d115997fcb36b19f,0,329
53275e0cd5b0d587c00e6bfbd1d963abdd7fdddc,0,425
5848e3e053794becc6d35560efa61001a531bb08,0,395
936aaa99113b08b451961621816cedc52f4a28aa,1,232
37a3a704ff00e17fd920cd3639d6bdd39aa5bbe8,0,128
309d2cba5223dfac3d2e991dd956c2b2d536e26c,0,374
092c590487087e0eb63905ee3f673a0851844a08,1,142
41994d62d18a6ddc2af63bde0f9f768ac57d9fe8,0,407
d51399fbbd47a2fe5f836c45de018fc65c297a51,0,657
3681f87b1e86e8eec312eaed0c4c5d3806c6a656,0,1966
8f48ec489b5a491f3e883ce21b132156f71d68a2,1,167
25c3bb913c8d2321eb68c76e4baaa303157cc9d5,0,318
736300e8e6a8c5c742b659b530dd303913a2fc80,0,165
a7886a14929deac4c165c802a1c93886da9dbeed,0,60
531de21d7334d86e4f56c33994bd9474b41431f7,0,805
595ea2e2e04adc327417bcf342e25bfb85a0a8b0,0,116
8f29d1a91b55359bc3f65fab18e9322d2e027c18,1,220
a03cf418908dd15379e7491b4685ab212ad697b9,1,257
a64597f7274afa07ae704586b313b67b7038d186,1,335
b90cb83aa6dbab8854d7e09f021e1207d674b624,0,467
873b29a4e2a68598530853e1cfb402c4291ee5a1,1,162
6bdbecc516cdfef8179ab684e161ce29358c9bac,0,156
57acfeb4079fa72d4d4a51ce5064ab5c4a8eace6,0,526
64ac258bf7ce5dde136ad1c729064e25a66cc9a8,0,597
3b6588591e723d9768405748cfc867a0038976e9,1,422
9eb2959af54d9d2368c0a48e416924f9e68363d3,0,78
56d22969e22bd6e706c26d201a6c95f60f0ea5e0,0,402
feaaa2c1e688de5a326339a313718d8cb0645e91,1,263
63534af40c1d10d864bca9d9c4b05ef89094ef5b,0,282
0a5fb4d8a8f8648247c2132795d5c2e8166d98fb,0,173
a440e5ec3d32d273bfe69cb7b11e025248762ef0,0,526
6894340e26fa5207964cf0586a1bf9be3eb59247,0,327
f8e8e801242a248e0b0422211d7bf3cc1c280889,0,394
a2ab4f88311be09e73c5b353349b78fd27dc44b1,1,102
1144ba81445722331cf4f9b9bb4f828e4f568069,0,121
91690986cff76477ac53a43339e9156707b58d0f,0,374
1bf905c0074d229022d2cd4e7e07307c9ca4ad29,1,114
e38b19de1c53d28ac0ab51f3b35019d130e12e73,0,411
d9df5125ef844f5cd4dcd9078a340586709d764a,0,272
cacbbd75865e6ad4109f17c6bb830d472c6d3caa,0,245
4ba82059ccc8c318a1b53fa98d0b789560d88673,0,246
e97a70e9cd4c076b32e49858f2604e46037b266b,0,440
dfd3ce4bc351dcb02b84f43c558c2479fc0b699d,0,211
8a3fc17b9e21fb72963972337fecf9d7d95c926c,1,227
4dd23351e9b529427757e8961dffb88cd5f8e136,0,606
81182117ff04aa7f75d96335f9502e3bb11b3077,0,404
e257c303b23ec9f492130ff83f79b82a53ff37e4,0,209
422cffbc023880f9ba0784e601f622cf91cabc77,0,89
977942de1c384efc9c3ec16a9496e99ca9bb8e0c,0,764
7c81f74da4c5536efe7a07c72fb629e4cae68be8,0,140
9c4a645fc1c9940c513a6b5b3b4652dc3e91d74d,0,410
c642d9b09acddf576beef7bee05ccf07ae45ac17,0,293
6576f95a2aef312a73d4283e5cc6fb6bf62197a9,0,280
508c1df86600e13eb7c65cdb919527b8a529e381,1,187
bfd2d89af3ddd41114cbce32947529b7c2de802f,0,112
b9800c6391e5ec6716a17805a27d90e4bc40b8cf,0,221
403ab24eacba79b5aed353964d71af48a10b2323,0,235
ccdaa8628c939e74f1d04608b948fabb064331c2,0,403
3a4e8a2139a46ed3aafc42afebeb226f01bd11f7,0,521
bf824b767178d92670bd199b7afeb4ae0bd645b9,1,605
baa2cf6dba21d79689d2f2dae35b1656ad4bf533,0,369
6d1a6c5021a603e8e3ec1141deb774d40d3ee01c,0,347
9997775fd29be493e1cbf75337154807abbb2c95,0,90
d712900f232039735af1d050cd5d1e7908c038ce,0,253
0e1eb0f2822330ad84a387a158c1006c3667ebda,0,837
add5f15b4d64e9a45ae892b16a16e7a9f2396f89,0,373
fcfaa31a5bc5e756f533c101a96326c66c53ca1f,0,480
82be5f437dfa3b631e3ae0fddbc7b2c0fda069e8,0,69
ae904c370d7d091e0cd8810206570c66ed0d9a8d,0,145
6b6d52e35d7afa3eca9268d3a571a610575b4b71,0,670
91631744bf5649dfe231bbec86ec35d3b91959c8,1,177
eaf01723c2489e43a4a1ce36e4ccd5efe6907012,0,184
f7237756dc65418ccea7f6fe3f04ecac48010fbe,0,259
7e4819ea3266006c1025b36fce7f473e04126862,0,259
8994727928304e852f5706ffb27da7f91d1e30c2,1,264
3d8e1199fa5c72f9f623b124652d7c4ff4d1f028,0,98
89ae103449aff3c94fe65adc266e5821125d67c7,0,118
07971edbb290b28bf6e1f7723ec410cc7ec64b30,0,114
0ef62b87f2a0e871dd3a2c443ed0b9adc74ba8e1,1,139
0cfe837c8dcedbebd6f611bdb6c30dcc768f7bf3,1,154
1653f67924fe08f04f45f410e6f4a82e8c262589,0,565
8d5820e7357d9769140e609c308debc039d229cd,0,282
dc7a63fc57a1b36fedb435af5d7171752b5bc190,0,830
62a136fad5dc3cf497531f5079641358356fece4,0,434
6446ec187c05c230a4b68bda57ab6e3b3e649cee,1,198
ac5c63a3837b27e578ca1cf58fedde58b307005a,1,637
8f921bfa9fde3336acefe090547a5f3040e18e3b,0,121
24fa4a630351cba23c7aac0f274026271ab3ddae,0,125
325e8592dab6c10b2b6a14ebb0073b43468d1eb5,0,649
987c8515c2f809c8d8cc0841d646eecde5f1ce22,0,358
656e0a25920bfdf994663fb3faf8d6c8412c51af,1,128
6d10ac268cdbc85a7243bacf8bed8a31e1f31923,0,217
ee7456d92e51438712cb26b4d61d52f08640adff,0,100
a2adbce874ca1dd7d620e7dae07d395825ae1358,0,265
18f53afface6879f100aa7bb56655fa6680b680b,0,137
0442dcb0459566c89484d2034a1e222142faddfb,0,373
59762398eef30a7ea0a4368a27fb0dcd7713ef98,0,331
58c1136f9338d46ce6fbb5fa6248c1cffc5fafc6,0,498
1f4ab5cde7e380d31f9d2b0da07646fbcc74a57a,0,142
d9a6a60bc9ea5307eef69fdcbd0545162efe611d,0,136
870145854eed13613c2a81e1d84fa7bce184b614,1,171
a7085e0c1dd4e11619acc1c04176623ae1573b41,0,185
90e0e9ad2d5d2668814a2da1e889983ce6743274,0,1042
83f6f78dcfecde410fcf0324e667e5edabd14f6e,0,532
27117b4b1b795b2764c730b3324a40209a8975b7,0,121
8b4f1e08e7b8978813821a6e525bd734bf7b9742,0,660
2c32fcb98bef156b36978f9f9a1492b1b3a7c8d1,0,793
169960aac33751094686d774aebf58160dc2fa79,0,640
cd43cb5ea705e31eeb4ab7e690d35983ef936cb3,0,545
a1525abd4b7d198a390b5331cac123dad12bd3fa,1,160
913f901825e4a5d9bbd899d59a5ccb523e9c48e4,0,126
64d01aef1112e0709ee338cd06635a012566b2e0,0,221
6cf6b4e915ccf01a693ff2dead8c37a07bc5ca14,0,193
1778f63635fd72bcb10c4a4b33878d2409eb30c7,0,248
7f45f01157c24dc5bf6f0862b5d1d198aa618984,0,386
4bb62b59eb6627bdbfa38d1f4acafc55697032c5,0,264
b7681ebc2da34cb240bb150c9d831c0c6bf9305f,0,223
501f63bff8cc4fdc8cc20b92822ed2ab3373f47d,0,332
c6c9f31429a65191ea615b11ae5b4c0a4595067c,0,414
c9864eab29d3c4d40b7a48c593b808dd7735246c,0,111
7dbc1b6dbab30b8b2ac610a2e7bd95490e227b7a,1,504
02a8b2b6e14d5bd8b2fd36cfa449b319a03847e1,0,453
1e6e0d1ca852a75558f93dd3f64982131b61b0ce,0,654
a76b553b507fc3a40d087f6753a5397acd4b176f,0,559
849adefb172495bbe176545f1a8f19e11aa0862f,0,158
5e07febd155500228733f886f1774b8d5efa2577,0,143
4383f2b9bc962dce42194eea2921d9502c40eaca,0,550
77ab3e72ffbf1b848144e9d339f8ab5a955ece49,0,170
339342887c2193eabe1466e176c51227c244a3c4,0,438
00e1690b7ac8f8f5cf837469269ea313563c08a5,0,240
253b1b8ffdec25a9b66cc3d012a21051cda54030,0,543
b9c70c45b38864b6bd72d6563036648ce0871acc,1,155
e99cabaef2541079686844229abc3645b38d328e,0,498
a66a70cc1e342d85de880ac023421acb40b15464,1,714
f834b2545cba91026354f290840e499f5aa7cb01,0,320
01a557947d067840fbf82ede666d3ee91b20450b,1,157
72c324c85af25f204d022902261b0e314b80797e,0,88
262f16dd3aae0264f9deb5a412da228f326eedb9,0,230
709b128d0d91960ac6e0d55ceb4fb15742f5c75c,0,136
dd831fde28cc143b58f8cb844904cbb28bef08fa,1,491
fc990ddb794f770f2e436f5e67ed53a4a01cf6fb,1,589
708727771df57a441b767b57d80e23066293cb08,0,108
13e646ed36fe943a0e9b84d52422a4133ed3d0b1,1,147
15aa7127979f6b3cce869f43be0b4b8eae103f60,1,135
eef0a00fb865d764af8c2f6d1973b0d212e140f2,0,729
46a0be63317dc3748464b37298eb20efd67c9ba4,0,300
0900c5245746db449c7a6079f41e90acdcb3a706,0,118
48e573625cf8e5944e8e30b3149daad53385e359,0,72
df716efdcb2e5c90db464f57323810e0fe815b8b,1,820
9dfac306697f12125d68d1465e54da5ee9bd322c,1,140
3f940329c11367fb4370f3084f78b6855123f2d7,0,293
1a1af94a54fac1512c03e047653aa782ba1b6932,1,332
4c9ccd117c124fdc1e8d1ab2cca8ecc176f89fb6,0,504
217c9e98cab103f537891c892f76e53a64901fa5,0,637
6e3ec5132156c9c2aa93b64415a6eedbced1dbe1,0,161
05d740305589619a6889e031b094d8860b0e7ca6,0,148
49ff0f8a2cbd802dc3f1354b189097569d36c766,0,244
85de5bc2a4c0fc5547564a17444fd429839b50dd,1,83
3ace793011046ccc84bee380b75a2a714e0fd7c9,0,333
2a7e0a612582397a5ca7dd476e3ef9c1a3bd2502,0,650
bba9907a128ffd78a357c28110c333b616ae434a,1,197
822f8f6122cc14216827964c49e5d50409ee0058,0,107
e872d78e7a4d7cbfe1953ee2fa9ee99ca366e026,0,474
ef3369a2f6d2aa7c66aa798950773e2649061bf1,0,284
2cc1c9a5d9e4371c820fb32fa59bbfdf7bcac253,0,538
6dd2ce7b7554d0c8575281f549601e4fd568fc1a,0,130
bdde3a03b533aa48a494889296c5af889efd0f2b,0,527
4fddfde9305536ce3b92ada12df4648574b60259,0,100
a9445501e527bb0e0a5bcc71373e10cf5413c7d6,0,74
7a13767c1504c5d70dbb59ad76abe581a8497b04,0,110
4458ce9dd03238238a014375650fd3d4b28d961f,0,87
1ef99e198a429dd14cc5d20f979162924f9dffef,0,439
f93027fbf41648d73d03c6bbaab90eed7f5601f3,0,201
6201aa4bd2f42b6c4b331b48aebec82253df596a,0,589
d75307f18ba822814e4e4830203a1a9af3981bc0,0,895
0980ad180a418dde12cd9796b1c4fc0dfff77f79,0,517
15a9a908a073bd79e6b7834c4f97fca539c50c3c,0,376
2c5319d89cd7837f8847ebdd1f50e9b382438c96,0,344
58cd59f9619c34294a3690db6ab18a304ad4a6c0,1,153
db17d32ca93b2085d2f8c81ff18f824b1929223e,0,306
375a1988a1efc4a32a367f894484b8b2e7512f1f,0,185
fd84a4ea36f6d7c6ce87dac9a481c7a67fade539,0,338
9e516db72c6b87d7f3aeacaa3d7fc137032c3154,1,150
d895c0fa1d88d3661511167198d911966977246b,0,521
a1b5a8e72779ed18df54683d7856232cd555cebc,0,152
c3215b3dd25f0f197db3e9a0036647fb28d3e2c5,0,433
3913167bc4ce2403f9ba8222a6b1100b81dd1fe0,0,398
4ae28f3f745ca4bef1094ce98b3b832f3facce4f,0,1146
fa178a53ee8090e0a07d9ca496828f64f008b8f2,1,145
a14e0ff8ab3bbfae9bdc3503c872d27fae90217e,1,292
695a3186db18d28e514dcb49dc9963ae1f6205fa,0,111
3f460c9efc91ed490568d033249cb201ed31df48,0,266
40ac7fb8b2f47a715d145d6f70905f4c69c10d43,0,139
17226c721c61271f2cfcf71b3143081a9ce08dc3,0,1200
7a1492799a3ffcfc525602e2d49024d737ba5a57,0,345
517939fb60ff1c641044e826a8cbe40135a6b3a0,0,626
7948cf4d2bb5ee6a3b1c00824f0b0d664134f36d,0,589
5982facd7a7368e419c6247a58d1c11cf00b8dfb,1,102
e335131fd565db06a3e23e372ea171a725cd18d8,0,532
1c5f203a3c3e818f981d6f65fdf5eeb19ececa95,0,334
bd56c60b51aa2f3a3c30e17921f3d55c05fb4466,0,685
30d281a808955b4f90e095a06ea737fbdfc2328b,0,761
3ecbac774d853c74e9c8823012b06d9d3c250edf,1,150
147c6371181641fe10417d6830b56b616d25eb89,1,224
eec880aee171ea2ffe9158fe3081e382c96df0ab,0,1148
190fd2a554ed550fdb57683ad91bfa4ed03c34fc,0,326
b20dfa304f13cc28ff765eaa7ecdcc0ed44e1b2b,0,431
fda859d0e96487bfc8eb227b3cece354ad2abee1,1,172
5ca316c0ae19eebfee661944780a8d130ecb6177,0,276
5d1c9a65ae79936f6f0fe8bfd52e27671020db80,0,321
6fa3915ca1f5c957e46b69e87a0f6da881382785,0,138
c002fa4be06f6ae33a63aacfc7602bea78c2e73b,0,341
e5568d1740b9d3190f00fa003b5b6619949f1877,0,356
d64cba1605d0f7941820fa1832bd719ec2cf9610,0,195
60e8bba9521465a3835259c73ea0165805fdd959,1,127
7f50df00d99fc5ac8c79901d8b8a9eb07bfa29c1,0,292
cf6a5a88ed781806118fec222017226e2356c4b3,1,456
5aa6cb8758996e96cfbe6932e9fa3d84f485ab90,0,1631
cd48b7bda7efadffd65f60cf2d9afe748d3d1d76,1,293
e0145f2c37c4e342c8ff8de32bafda7f3f4b6f84,0,500
47e8d126519d948c301e70a27c827f8ec8a3ef00,0,100
089428a9542afe05747c827961d72417ba1d263a,1,220
4366c4dafdb3abe18fce9e301e2c24415bd945da,0,437
da7f2e773282532114ac2b20a853ac5850fb7922,1,291
527da89a33b839f40d3bd97e8802d35254adcf25,0,132
4c6a9462b05c33513853889b7832e24b5d23fe75,0,123
55d60194ef059add275fb2697823414c689d7cc3,0,67
8ad2bf7dc63b9d6f85669620358f70871becd27d,0,224
7ce3e162d7118bd9aa9f12402acbaf18008c5584,0,445
893a120c1861f3c626e1be38877000543b60919a,1,163
d1a8e75198c57a45268ce1327ee5bddf1118d702,0,330
670abff1e7d2f7a50147017cdaf9586263a7059d,0,1018
57d478b8d796a01b30b5a0382f5f46c39dd85535,1,132
777041fbbcbaf7327f2ca64b2b7024bd9bfaf564,0,201
fe9576a5e723b0040e6a925e0298eb0c62235175,0,428
7fba671b72e9edf24ec25863e370f321cbcc2e67,1,147
2d8d3a4dfcc39e6100423967c5288524baf57a19,1,131
a9894f6221ec8bad37e7aecc2f3f0d5b6e47ba7d,1,235
3d3180a15f73d139b6f4c0da738b465f34cabdcb,1,531
7ce9d41d220761470f086c47d302bb8dc17aaef7,0,899
4d38599dddacc9dba74e6f4d0725cc44cbc0d85b,1,181
124f1401a84a20c7eb07052b20bba0d6c5519c1d,0,101
e455e58dc90ec8ad2d583a37dc03a202d2f63dc7,0,142
18eeb989f40c1abb58c5fd66fe981a32d8af9a0a,0,206
cb3b430f2c8c9c9587cbb906630c365730c63835,0,365
842cfc34cf6b9084d5b3570f63c2ff0167128e05,0,170
876dac656a3121c82991661586a16490c8448e3e,0,215
ee33d08e8e6298e8ab2a0446fcfa1abfdbaf377c,0,172
d76ea88a86643e4905bd6e19a7a3e792f097cef1,0,396
99b861427fa5df14074f9e6717811e1b7a72ab6b,1,345
6515d9a3c3b535f956f7a5299816c92f2af44a86,0,702
a0c34d945b25f119b5ec155cdd79e29b5fdbd7e6,0,187
2a2bbe3bae06f8a778a9c0d03b1b65efac063c29,0,607
8ae32e41ad626d113fc83c0e5406443011e7bf08,1,199
7e1fdf3d21c09eed733179884798559ea85233dc,0,718
3dadd3ef1eee6d6a3b58364268c8c47209bb0d01,1,159
55e275bffefa514c33888682e9ef3fc681d883eb,0,931
f4cf89211ee93033b53968ec02cc509d25c42566,0,62
eefcadf5d96c8d58f1555dd82ae679dbc8302990,0,144
7a962360f8b94cc6e63a8cc5247f7fbd0a2d1c97,0,651
c77018ab0a445999921f3e50f414546b257c54a2,0,97
fde3b5a70846bd8c38b9c1a23655504ecaa4310e,0,322
f5b160af5d5a9ef4e3cda5d0857d891e2bbf9a82,1,147
59746131110f31c6788cb49d11ff66ad1abf9077,0,286
4a3e8ff3228264f7783d2e4e19e7fb794e0a817d,0,789
06c9d037201447d0c3a25e4e3a7750aa3a01d684,1,364
889ca2dffea52f9760a1561c0d4731212e2cdfc4,1,513
0238bb6fc897b22abe9e6412ef7c33d4a6ded7b4,0,143
f833d744fdce471f8d7e8787a741a7b33f9beafa,0,119
2e4b90faad042432aebaa6590451d5dd683f0568,0,341
cbf5eed3ed17a95cc1506fa2e3f1b392d02b4659,1,83
3b0bbd235676a800846fb04c2b4f833442f1896d,1,188
00d26586fa0e503a38d83a2d93b2f37c17bb89e3,0,532
608a0cf0d2e8416b8d7cd2b2f1094703650e295a,1,311
a5296267e32d69d52f4ce10f84110fa85c48c342,1,190
4d9888bbf0a16c41f7e4022d217933934b72e369,0,652
9f7e5131077d463b99150c6bb6199395a244cba1,0,758
25f979fd232b5364c7e2627f57eca6e98564175c,0,371
570fb6041af7bc84a9bae8a1bd7ec0571ff57c6d,0,413
5b0d4b1ab2dfb0cbaa88d31a0f17aaf004cba49f,0,660
3bd7f54a86c6ffc240745a7ad52a92a1b3591695,0,356
85b03f54f3563d93c8fba8e0c454c81999ddd1b7,1,114
5d101f092680f3bf579c8f680b29a51e5ea073f4,0,270
22d90af9ff5411cbf8c06d3ba4bf0692b694953e,0,558
43f46dcb21e5e56ccf474d625e113a62538a704f,0,76
ca078aec211122e3b74772a80ae02f34c827d141,0,126
e998eabf7598fa72589ccb60658e9d5cc16b95c1,0,261
3fa6c40dc61fba1609e12ad49a87a4c81cf322cd,0,312
a7d0c185add7e0d7a1340aeba793bd74db5e1e1d,0,165
ee8e2b3de6f18337a9d7ce2312b5a8eb8b2a9726,1,166
82780a1c1235e5695861be1a9466d9e1640a4eb3,0,199
12d904183f2d4849bee008db488a71b1ee5ab0f1,0,63
2f2d8b60a46998098d3a360c653dc1ba811ae1a4,0,160
b14500671df9a123fa58977806088dd2c4f167c6,0,298
cd2ee655bd9129921cada50da3893343aee3d144,0,169
5d9469bf5683eb8142fde187141b308315321873,0,304
96898df0102658f9c79f80acd9da558c838046a7,0,808
e66f1e657d5468b2f0186f6dcdb5d04a800d3310,0,1494
67552262e2548a8ec6741ababb1c7829dffd4c91,0,220
456c3d3a2b568a34746e8721e2afc4f70ba9a4b5,0,375
2ad439eb3670485a6ef2e735d732a6c5a5afdf68,0,159
13f8361c5539f8f8de6c835aea69965551c2e5d5,0,362
241d2f5658516a31aa3f78615ebcc2396f36cb3c,1,241
8f52251f1de9b48e86c7ebad93d312c2e741c93a,1,132
bdc19947ae077a0822e1d17a8e1d04c687e43f87,0,492
27df7ddb7839dc9e43fc56c8624badfdb0045ec1,0,170
ed6ebc7f6c347e8a71cdf0f3e0943bba5d05dbf3,1,237
1a4a5ac241e2c618b8c154d161668fd1e01f3326,1,318
746018052382b3698c5141010dde5bbac94570ff,0,99
d571bd7d35ceadbd0c425688a371233aa7c4f20f,0,457
727a9312ad9282b51be04baee4e41cff43580b85,1,167
49869102ec0f900bd94ce0c250b2a1ce2447cbb9,0,219
6313aafeabe2caad66e2d6bc111779fdf5e5a690,0,166
ade3f9e8b433408bcdbe18e3531b2bd026ed59fa,0,161
36c2b6f566f9394459b2731fa092670eb75d39c9,0,104
f0a446c06e99196daa73136fd7ff1255672f7aed,0,475
c07ee281e071dfac7233931c4216627c284e7231,0,505
6b9e2aeebfaa495910d3d75d62979279e4712d5f,1,285
37f584e4fd60521d22078f216b6bda76ae4fbde3,0,185
5ba6fd3935f8a2b9ae8fe88eb8107b8246bcb23a,1,119
fe0019cdedde911e0894a2b6ee3afcb03970e030,0,152
735e5a48d38c1d7297128f4900e5d12aedffe73f,1,362
b3a4ad68e83aece2324f4c439abb9d5d528215f0,0,142
85df05e5aa833679fb300c6e2b28c43bf49d008c,0,561
444b11909183e774cabfb6087ac4f0f7755412e2,0,85
50ac9168380f5ba9db525abf261a5a4c7ae88400,1,593
9cbdbb11a159f3a67a84f61e45e758c02da16827,1,202
319018a002242f9b93eab6f9e67ae07dc1a58019,0,318
9198602abeb967e6fb2c85898ca62000ec02d478,1,118
c24020fa82ef162c51107e2bdfd1a43eafbcea5a,1,358
65ff2bbbadcbdad0ec26f3afdb97062fb7ececcb,0,335
e22185a5fe22eedfeba129fb983dc62e48e465f8,0,223
2fd30e678b03301396d2d422fc8ead8db2aca20f,1,125
db3cbf34cbbb4e7aa205710eb3b1546c081b7f59,1,131
4b525e0e66aa98e9857946d178cde6d4dfb14d92,0,120
53879ce1458652d32ae8f24b3f181382c098a63a,0,1497
6d05a719fb6bc7213d0cc7185527b12ec0966188,0,493
431a0aed1198c7cc2b4b8b056e8f4089f288bed9,0,550
555643a2a4abbe5c2e9efa39a29c4fdaac954604,0,132
e60c4a19829bdc8f84af6b3828bc5890374b2c6a,0,178
29cfa1b5965985217d73837cd6c50b4f004fc7c7,0,855
2df9349f0f1b52fbc611d2399b029a7c4ff99e7a,0,523
6090946d173890f5250bf290ef9eb9bd8fecef11,0,260
e1f7f2d72b78778f84967104c4d1c5c9a868bf88,1,316
446fad1ba7c042888ccff9564f89f8f36c2cce9b,0,142
67630fd188aeba6819cf9b4f7ace63386e56e7d9,1,232
244de68d78ca226a8bef6f7d3af8dd12a2e7617a,0,659
aface67d2922c395f37fe50a27ec86694f759689,0,212
585b4c9c18ba008571fe0d9c0822d63577ba903c,0,386
5c6785a34ed55f0dc6f1384ba7942e0934d844ba,0,859
d83a58c7acf78741fc2a070dc8f6e0d0161a7d8e,0,338
893c6a4d1afe55b3d06684616764b7f941848d0b,0,206
603052bac621d168d1a33c3b6092b47a49b80f4c,0,111
56a72899a59622e261dccb76f570469945294120,0,305
7ea55132c42298a070e5a5d4b6c454ab1637e501,1,144
c5a17f3e02224c405419d08129138d1d69f32fa0,0,209
f061c166c97c339535d5c41a0b2fcfef51144cb1,0,471
867ef708b0aeee563879d1974d07180edd1094d6,0,121
41748ada0e6e201df3742a98e0fac9a813951cd8,0,363
5c00e763d670828bfbaff54ee927d379c937b788,0,135
74fd2cfa3da304c382447e8acb5fc5ae23b4ddb2,0,107
099f259e7174719748ff3fac5aed22eb7e8028b0,0,909
9675b7c252a86d70997ad43363bf30fe09ebfb00,1,124
63b6a63ccbc546d035d51e2343321ae9556eea27,0,44
563ebfbc1db6e1862aa8cc4b2d59e0fcc91b2dc3,1,182
413e3973d5cf964b2ebb2c9310795923c165afeb,0,378
c1bdd82d35704cb87f4326e2c696f7f02d2a5d05,0,112
e8f12ceb35ad2950717ff422faf2e98ae380db94,0,538
3cee022419f639b7d97877cb44a466642f2aaafa,0,169
d1560194fd2bba7fd1244f26813d8a88f91ea7c6,0,201
379fb1e805f440bd2ece83f9c76f9a945de512c8,0,198
965fc74fe9a3e8d15b06f80da9d318a8d2a5b9de,1,529
a715ff1f99a6989f268ba3b75b0f177631e5e2a4,0,2350
62db9a1dc275c3a2ded7e2f3b43d34bf7e10abf9,0,398
e33406703270aa77ba8ff9b715ee8f9b691f4cc0,1,145
a0b5c5594d00ff6b6480d95bb59d8601f82a7c87,0,99
e886af51b7518993664d157c07795ad6071c4d28,1,189
8ef185a6efee697120c0705b4b9712839b553d7b,0,440
ac0aecd3d2ed3ced3b22fd77e02bfaea476dd4b1,1,169
985bcb89bc209e82468efc3800722625003c14b2,1,230
7368452720d625c3bf803625456f3adea690c3dc,0,73
cd57799178d688da4362e86e3bae5f2f8ba63316,0,318
4cc3d6337b7ba26635a1078ccbe785ba7e670e74,0,191
f97fd9aa31c67ec0b7f70e2ed9b29e5eebdaf861,0,103
90eb529b7011fff158e49957f18651799b26f656,0,692
66e9d7a81fe8ef54ebebac8cc783fcfe3786a495,0,327
0e927ef7c8ea155945e89db2e666e40f9e47c702,0,252
98e139f197b573107518120ea2af29139434cbb1,0,61
c0d5c9d2c98dbf80bb2da027c4448e3ad0cc34ad,0,180
361a1f9f2c776d85cf13a314c293700f684ec246,0,370
2b492d47b0e080c67748728f5ab5e25c67d54695,0,472
0f7e58479fb906ec8b3ff77fd68524be8e2048a2,0,114
6e42e96940e3e7c6040bffd6e95250c6fbbdea9b,1,123
e2b6f3da66a62f64dc3e54d52f6960183da7fa1d,0,328
7af11045d407f89933c84993edac657502bb28ce,0,573
03e4b49118b318dc0298915d698eed81e3caa1ee,0,58
35d61bbffdacd5bd3ef328d9406d8fb6205be2d9,1,108
7936046a58f6360017d53c09669acd2d68a65e8e,0,534
4e0ca6f4d0278d51dc33e83beea28bfd8c9fe8d9,0,292
9ab70b3ac47d35a9f2a7a2fadbe5a0365cb493e2,0,434
d39eb02f504c0ef2be8fdaf8ba8764c1eded8525,1,242
cf453cdeca3b33db6d36edf7dd09a9aa85ed99c9,0,385
a8d11d01b65f29b3fdee0b569f8dc2efcee5bea3,0,256
201cc30f7407d93ffa525db168eaa29fbdbf8e73,0,586
c892df013c2a1cf55ea166b7d762456e31ebaf56,0,719
789d0f8683b5127a6352102cc57857d473def19f,1,209
071e496b8566168ca23782a586029d9b90087245,0,143
4bbfc7d0e5969e579858568031832958114837ea,0,103
9a5c02a9d22dfbc0928bbb10021ee5b84d99d23e,1,162
70a5bc3402a2f38e15161d1f07784cc5c020dd9f,0,338
e06c91cb8a16216df3c4ec4db7b3bf530d5ba270,0,65
d1ec7eaf7c829fe4d15a28f6803ee9eb82786d53,0,610
caa6f1fef540b61d11ccd40e4a431042d08991ad,0,682
f68fb13a20ebb863c0bd04b08c7cc7479e7f52a7,0,793
d8a8ca41b98b0a35db7a4fdc0dfe8d06acef68d1,0,111
8249d6119b3aa80cd147e354a7b4a6c1b96b4e65,0,236
0df0261756fc460c21e84b4339a7fdeeb738f4ef,1,122
23f52643791c6e4dcdb28fba59f4ac0c96d85ede,0,236
f6358808efebe92a22150934460ed5799c61da93,0,436
4f584ace2e93202a75432c47a72e7bcfb9ca17e6,0,92
c57ac794e7c20d9ea462f26233e6840add429693,0,52
ee3038fc6145533cff094f880d24bb5a7a12fda4,1,385
a12e47865f1ac66b54879a1ca4d20927e32f721c,0,744
ee09080c4b9bd02a6db9981400f230311796bfc7,0,474
2c8374ad897b79832082da131aa4ab3dd854b789,0,621
578bfca228959cafe57cf0fe089a83393ecb986b,1,178
683ff655bcbbf3e04efdb6455e888af2bead95ae,0,218
24edfb2dce8295b34ceff144b30c033ea0c78e8b,0,266
2639f145f8b4c408c56c41160b43c6f07fc192e9,1,101
3d2bc9b707f03c61bfad3410ef6a5e2cd8aafdcb,0,166
7f133dc03a10ffe79ab916d552db28747893f914,0,501
133898f9310eaf4604945a0b449c190267d18e6a,0,957
ef613bb2662fa083091cb7507f4ba9cc1f5d289d,0,382
3501cf7533c9ce550956350e2dd45fe023c1fc53,1,103
b2efb6328d08645a0f6d3de10776ca7d862932c7,0,426
6bc4789fb2b55298195fa81df7adf9dfadcb7e4a,0,608
c53ecf79f8f58738d1fe5eaff0536666c977b3dd,0,443
74467cbd7c3df7430e226d09afe2bef29674b5e7,0,360
824e54a963a16b377a9f0f918373a6244eadc0d5,0,440
ad7ba26fb4b5d051808370b12fdcf70e6fbbc6d1,0,334
739a0f75e556dbbf06e01bdada0ea889d64ebd6d,0,292
db4b316346973f3f458a73728258845e752f1f10,0,435
f409d882b0e3a32b0a1adf70e40d97557e6b9cd6,1,236
b9e9857632394c9579ed2421d51f49fae939911b,0,169
3e77a367a36ca2130b244c175a89f4aa9daad496,1,232
69d15960a214bc7214603f8f43b595b90832a67e,0,630
f32dd069557692667b3da92bba3b1d65d03a4554,0,169
eabaa73d939036d328483a16ea71db51d245b8c9,0,131
ef7f63eaf3f50898eabf8986d944fa5328be1f66,0,214
e9aa8caac5b5c2f0c72972c6c165f4efd590fdc0,0,495
83e1c4468371f9a35d57e201eefd3777537a0f1e,0,77
bb1cfcf6f2200da3b8286a4bb18469668f638fa1,0,784
223465ce7f4839fc62bcb37e077d68ede2fa01c5,0,336
089b10d49b2bbc63f506bf532a26b59436376b48,0,767
af96d0d589f80f500e29885d1d1e28ed106ae1bc,0,955
4822c0b97c16413b9762cdd1cbb105aac22e45d3,0,383
d69b5d777d49ef4d1f71b2926257118f502e807d,0,60
120cf129ef23f5a50b62fba2150d36dd6eaf9c06,1,87
f8fa8ced9f98b2b182f2ccc35574ee67dbe9df56,0,426
131c0f1b92226ac92c9086db039cdb152bd8856e,0,511
944531e80b82c64de25b1db8167dea6d5b449077,0,558
39210c2ee6665bc65cdc48ea6bd686c2dde237e6,0,225
3a69d17fd8e82c972e0a936a0ee6072955e70d35,0,472
f81a2110ea5ab715c292ab29c0e3aa4d7af94ea2,0,52
2a6d100ff99759e407f25ef03382720b4675397c,1,230
a6b6435f4c92f328bbd402cf0722ad8361e410ab,0,255
e0378bdcd9e354f83a4f95bc58c5662ae46e2d68,1,210
42e5e93f259450903e91ccb0207821c126d1db33,0,80
3bfbbe6aeeb47727192184583c59c375745fc1e2,1,203
ee28a94ed447a30bf526aed2efdd033a31f41f4c,0,225
d7b1c6d3d56ff1c978b3db3532a637afad0a4816,0,616
b38eaec0dcc5c2a7df549f3e7b7587bc4ed073fc,0,827
7472fde5bfed3adf02166ce151c0b6812693d3b0,0,1943
382c657575f7565d7b672c96275235e76caa4ccd,0,123
0f79d40f98c5af3becf07a5cc7f1b06e1398589c,1,314
b41d9b80524f1b2b1ba539361f80c6e28a9863a1,1,467
6652649dc26d23466f9a5680ce0ab3a7449a23c4,0,359
8a1ace6c7cb6174a43c4e9f5d90958f9ac64fadb,0,347
fdf241171536efc0b7d48fecdb9db8c12e729898,0,1226
e9856c46120b07cc2e005b2a71b5ef892279b3a4,0,132
7ef2dfb63e3adab514a7fc30e22eddc17da7aab7,1,138
d368985ba457e7c2b85967dc598757e29bae0898,0,510
05edb9b7a241fc81ab287a6ba58f2b0557936973,0,182
3fd7bf18d3381408559ef6e3451c29612eaf8a3e,0,537
800129c35a87ad3c2df6b2c92ca42a6d31f2160b,0,271
751d397d3d34f39f74c4509a5978188c6d65ea71,0,518
3460df2a55a97a09c9f2b607cacb3efed6860b17,0,391
2ac8ae216ee1918cb72fc0fecc2369ac9d4b1777,0,515
d8c9ad73e6afca05deaa86d4a99357855330590e,0,120
53b710b532cc998fbacc81edf2a4a2cae8d3ec6d,0,279
a5cfd831c7de42421c18282f8b303db3959c36d8,0,502
a8f72032cc40d50fb49f9152e50b717f485a5f43,0,167
6ec5db251904378a80cb7caf5567f26431cb7441,1,126
a10a618bb1567bed4428fd84fa4936cf3dfe7a83,0,1042
2c44229c420760519843f2b9443d743fbaa590d6,1,97
503a54a8cd33564e5d7b0a647c78e97a2e56e6a3,1,229
cc3c26249563a40c6b48b26facbc897d408dc29c,1,200
914757079bdeb725a8cb6f14b01bb3545ff88d98,0,404
fc6245361c6da22416e2759db2c4daf2102b9e67,1,232
d718918b006b4d9832dd605f39291ef655cd5a45,0,129
062d251437e216780a8cc1d33f4ca10cd41a9bc5,0,181
aa1654489999356b7e392afeac21cc52f95dfac7,0,540
bc151589825f357761b3633adf5f4d0df7c972ea,0,230
69da12b44657b68b5c875d2a4fad20a09577586e,0,47
391405dd67da64cba537e52ae34105bb185ccbd8,0,129
9db4f621aed7d55e7fec3dceb0ce2bae519da249,0,271
6724105983973fb0a8c53161de148c406faa3f0f,0,681
3fe7c07138613a8011a0c16daf5a1cf76b25f1c6,0,98
8529d057ab19ddf841b802ea625c985c848dc637,0,1303
4e07b485e44cc62925306d9b34eb310d83edfb1e,0,346
b12c6787537b6702d27ec62eeeccd923011c4eea,0,390
9f468443296b6d83d2a469d4a4791274f6e89327,0,355
4eef6ca9ea3c4e1dc08fef1445fdea44214af4c9,0,105
c09ae48ae3009083608dbb75a4ccf1b5867f5286,0,189
c80e4b3345cfcfbc5d85045f93152f3ac17a471c,0,494
21cd31883c8dece9d3c489587bc4e829d012ec17,0,381
c63e73567eba72cf0e54fef1e82f139168f5ce83,0,999
44705e0a3d1763350697e7d14493550dbd0ac8c4,0,439
f43685286cf8edd997935a95759c5cfef5b2a2cf,0,323
2fd109f027c229be411d5b778647ec7da2c741b2,0,808
73b400a37386e488c30b08850597d14be0e92d94,0,51
d6d1366dbbe088066b3ff342099dbf8dc2992854,0,708
53348b448c7a6c813bcf767b8fdf7c770e652991,0,159
025125d7b8d64831a2d5b5243428c941873b842e,1,368
cb0d8c03df01f0edd0cae7a3a03091ff4e6420e4,1,175
25c42e8cbfc5916a43c8ef995ab66475093029f4,0,417
ead56fdbdba8d282940bbeb8d8fa9d2b16bc764b,1,191
3224ec20e684138c42a33cd87d52e66065f6f960,1,111
f2fa320f8a463bd75c76d8b64fab65914751767c,1,148
19beef49fccbf6abd9132f6d06abe243a3ef05f0,0,273
3fe6791479dd15de9a9d2e57d28e8c183fe81b16,0,258
de66e0c1369a197b97aba8e76b6408c0829ffeaf,0,198
65331de7d081ea1cecec9441edeefdaf0c456e4a,1,63
9bc6b450bed440a6b8778f4fc6e7b1238ffe6e48,1,177
7966a2e08b755577ff89059faacc5886556594c3,0,641
e1df292924fd8552b2b70c447e568597c0212354,1,287
888e9c5a5456feef7c896a96771ba070071c47b1,0,67
08ff132272721134a0da2cb21b0fb2ec8ddb9f2e,0,115
c4df317b9f26e02b6c0a0866457606628b391166,0,366
2f374c234d6d69f177edca3c2b0b45186b8b50e0,1,654
71737f22637ecadf17605a64a3bda5455ca30f2d,1,160
7ace84e4b53b3b75f269944c4cc837945ed7c49f,0,208
c44ab0f6a753d1b95a8e8552d22b9078847f37c9,0,132
b8a5aa0ab32b8a6468bad683e3bf2bf836eee0b2,1,355
145c123de33b5036c8ca11965f8b789e6026edf9,1,213
ede4206487670dccf05e15aeea10b60b625498f1,0,86
a0a3c4415199e30509c4af87a5fb5d0b9c455a99,1,768
0940dcb7b67863123ad29290a0f12477c33e10f3,1,171
01043dbf175678af0c91b5d6f4340636514cec57,0,81
33c7b40ceefee3ceba9b5315229d6c1e3614d56e,0,75
60d59ba3b881d4fe514425ac68f6d24a8fef8861,0,503
03928570fbe2a6e6e4ea5c8d740c449eefd744db,0,317
82cb69caec51141700026d3c3a1d0a373c04bb1c,0,325
9df5202af4123a23877574e40bf6a56a2d67c998,0,440
776959dd1d1326410d02afcc0975629c9aa2038a,0,135
18579ee61eadeaee9e8dec835a93fb4b7c4cca0a,0,287
95e2afbf1ae7ea372bae180b9c679ea48eb2f184,1,122
4e11bb4b4cadd4b7e5514ba5afa137d4a96cd209,1,113
f8384cbc837a42f634b87417980854a117d7d29c,1,409
a5ccbc2fd5f3e55e3e5110a84e94d55987fc55bf,0,386
6fc5d867cd1faa2c9419d81746c4a77ef9b48897,1,135
f607bbf3ae7e706c383c877de784bdfd3a0328aa,0,209
eecff240304e41cad4599e85b7469968357b616b,0,110
43161586b24d431e60f5761a89e6cc9cf6cfcc36,0,1901
5c286496f39c7b0d832671c1442cac60dd768121,0,327
d410832a1c11dcf73a0cb9b7ea5d06c58b2231ae,0,134
96c64de86f2b9138a89d0eb29153a61d32337fed,1,95
cc0809666e40a0fc527b51fefba4eb589c2de7fb,0,170
0d7a29254f589edbb9107bf927941fd8560c5bda,1,900
24fb5ec1ff05a3b5890d98cf01bd0479d656daa2,0,330
3978782acfdb42bda58fd0931c6d3241dc367d15,0,359
ca9f66ca890389f124b70a0e05bc5de3f3440ea4,0,515
e0a234bcaa36354b9ab099a744970400cd46ca5f,0,463
1e94e5af146b2e8eef2f31f427070009e1bd2401,0,163
23de12a8a432ad7480470e3fff81e860d31a3d08,0,549
53b95c0065ed2700143b7b963a266d656c7b001c,0,1305
2fb749384a3d43a06d51c2014e8b4173af2a77d3,0,529
625898762cd5bc31ae1578f9a9c4a646c4ed879f,1,842
9cf999fc5b7a9fede1a6fdc19ffc2828199d1fb9,0,362
4db2f84ad34193ef234e02dbfee949d85bdedbbf,1,355
db952ff00b0fd51fa0a3fb5e09fc8c466ebbe494,0,399
fdf373433803d7a94ab08cad4b89fb9868bc21fa,0,514
8cd53334e9a5c9d2c6a60b82ed9727559675b18e,0,674
e171087d18434b351822bde5883372c6fff51ade,0,887
c1eff005130a0f9920912fc7a6941f1b3a0dd015,0,370
9f6a996854c165d51c32041d64516bd71ee746ef,1,327
07529cecf6365c8cb7d11b48c92c7c26a231036d,1,153
eeaf31217175b104cbd8cf04aa5bb9476aacca54,0,117
4feea201e15098b891161e4461b35d69489314d0,0,301
4171b60ca9df0e2f51f5c81c58de1864099e2cc0,0,85
58797f9d224bb03a4a9d41fb64e61f97e5acd283,0,88
968a97a4c27a83c456999ae8410c4ea7b1475715,1,229
8afebf1419ab7391bcff612a00950ddd213b0da8,0,776
dee68ca133a62b371e7344da3ffa215885b0b255,0,79
0cbbeaa3841e712cd6e006b8fcd3decc6f5302a0,1,146
4838c924622b68eeb5d1321bc8b6f540672e4712,0,529
fe3614632d16fbe33ae6b39cd26d909581441cae,0,351
02a71b2846ea0ad24430694ee3fc0cf7bb6c6f60,1,156
a6f50e86542d84837199e2b4950b721db51d77ad,0,194
18d5fa62853c681f75f4f37b237710122442c115,0,679
662fd76351ae43d389d91defe07a56a3806300ef,0,244
a1157e6f96d58f927b3a522f92056bb20ad6916c,1,258
f53f8bae06afdeb1d25864518e9225b2a1d5e404,1,368
62a9bda74f283b326bd30a9d79b6367b716de57d,0,931
d80b6b7d67e4e1e713dff7747789117478d20390,1,163
9420dbcf6ac70b60e85bccb3e536a8e0527a7641,1,248
f106a72adc6544a5c5011453279c440e03fa1f87,1,239
037710ba3f86d9be7dfdc8c1db6317fc5f1acdec,1,1155
3bbb6b4e89aca8cdd82aacfa0f0863637548f855,0,699
32c6ba68c083a4c1c73c92374671822930f78024,0,551
8bb0ab19373d5b71aa51ea93cb8cfc73a5442135,0,342
7dfb4b3040b6fba9c5ec8af0d845978bd8b31090,0,456
ecb8a8ce9f1632ddad280bf256f5c2676c1af21c,1,230
fdfc89a65d18b33a88bce5452c38c42fc3400d84,0,163
643a18a5d4e580c83fb51006d7f7d7babaec9840,0,52
6bc813279c757126a9210b88c67f817edcc94c6f,0,151
6c3c99cda0a0061ade7382600d4bdd04ef32e967,0,759
a1dfd218bcf62702eddf0dbfab823c01f1596a19,0,248
e59421edc20b6d631fc6ef1757919c13a112ef56,0,362
6c001ea83563741853ed2e5fe0297c1dc976b7dd,0,553
970e185999c6da3921b1635dd458077a7ecc431c,0,163
027b7417970b14da3ee718d366aff329ed607773,1,147
a0a1adbb8651ad8dee1d5422c6fd991ddc7d245b,0,567
75848c1061365ae30a1d130d3a8a19e6110ee184,0,108
191f94ffcb40fb00b2b9240861b9a45d179c42e0,0,583
31d056a8f9f262263aaeaead6ed84b1fbaa076e6,0,58
228337c3c3fe1cd722cb925a933fda93d8175279,1,673
b9fe57feb8fb2aa759abd0d0994052b843bbcaa7,1,391
34ac9ea7908444695b87df3e6c9c98a01ba42592,1,214
ff0fc505c55376b15795d2e3a520b890ed275d3a,0,301
009353dd01e24b474d4294b8468078489a693c7b,0,359
f2a9b3493379fb7699ced195d03abdf4ffec58fe,0,114
556ae3dfbeb1309eb320bf1ecc5b4181787f5a79,0,614
47a70ed1e1099e8c4dadba1535e97c3e9ceec84b,0,506
12edb5036562cebf2b082237a16a2950e3cb91f0,0,94
01b82e2dec82442ea55b2bbebd6fbe93fa25f471,0,221
347abf6274762530155a68e14b5bdae8b0031897,0,200
9f89aa0d2250afae1351cc4b2d253a3589ca10c2,0,496
25a945ddccd7a9d2b48e56d353f3f0a8b915ba20,0,189
79db3c35ee2269c3d6ee11307d63326bf576e8ea,1,142
16e1738868efd893c31b62c906231137b7933681,0,471
5404dec2762acf1973215f4be3b966dbdb8b886d,0,758
c3143386be2850dfb056367697331ae5dc857284,1,85
3543649014810aa56ef9ae1a4132afd27bb6c703,0,247
7e9f6c80b6970b7b7c5fb10be924291484d0b206,0,246
0ccab3169bd41371a013cc0f934a818ab36a014a,1,113
1d9785ac88b41d82df3d945d0d8c1a5824908322,0,101
d9a2e137e07158ba6c38225059b6b7c313361e86,0,274
079d852ad92eaf734507e3c3e317cfcdc823f847,0,189
2777f0d6d2b7b329cc0ac13d4e525521ca9b1180,0,158
6eeed3be35b4a6f384fbaa3f05bf20bf2ff16ce9,0,236
8289448cec050fadcb579fa329e05ed4b0448b0c,0,634
5ad4dfbf7868eec8520dfdbfef2701b1105adc74,0,97
5d21bccdb49b98966f9240f2d90ac334f5c507c1,0,506
33317c9307523c4af5d2484b0dd5221582f83df4,0,244
4c95f66b37cccea60b28b9a770d42f8290393d5c,0,236
a059e2bcf58b6b36cf4e25ae63b8d4bef71d3636,1,278
dfe775125dd86f08305dc8f965297560468f5a66,0,98
95f2ead23aa1e0491a5672f2f346e278d10ee594,0,107
51fdb5ba56846e0d629119edbcbda856fae00e7e,1,191
1397b8dbac78175acf8b27fe0d46976fad8896f9,0,121
e1c607e47f91cb71edd742fbac1dbf5b61be9975,0,472
5d26c539b14f6cd57acbdbd53929a806e6f8dfc1,0,474
09c81f7e1c2d375f3eede1854341f699dc144fd2,0,525
9a807d0dfd61c259e18178fa448ea5fe8a9ece02,0,210
46d1ebe765c05a8e0d18b7d3f2de997348bb00ab,0,995
a95daebfa9a09c52d67501b06c5a36fa46821f0e,0,228
91ec235109b791b9ca4bed3312c86fd1003f5d16,0,235
8f5b0e870c8d5c3d950cd21af909a01f7b42ad1c,0,692
06a7177b0d6c89875643990a62105c1e8312bde9,0,1323
48438732f008103f8698e1ce2b0931d0c72741ec,1,118
b86d65ccd805c00477d885cd8b4598cfdc0bdf0f,1,140
21ae9bf9d1404fea1c5b82c948e613750510e36e,0,183
1bdf445b1ccd2162eb15d04b55d87dca77dcb68a,0,59
24974e7337dda85ad6c2b058e51493e6ceb67292,1,198
d5769a28a88516cc51ac199fbc96c37f3de2b507,0,67
b19f46658a3e924630203ffd4de5436b85f11119,0,128
d7d72929e317addf4d2f9ec822cc0b58e641d34f,1,125
e77d70a002f685941015bf41917968ebcdc6d267,0,231
063167d89f68bad4f84ba451796d3067e94568f5,0,95
64fb91c908544d25c41b4c5809795f72c6e0c752,0,308
db8bd6c19b39b5b839f74db01d40f2e9a8428cd9,0,563
f01b8e55640ee70a152a299f8b835de7095124d1,0,467
ed17fa3187e57875d180d3dc1a3dde40b8cadddc,0,241
b47b62e943c731443b4414090fdfaa05289d5f7e,1,152
ee147da158bda90c7d102008da2bdfd9dac6a8b8,0,353
1cdeca42451491f13b3916e00787efe615be63f2,0,419
9988e56caac07438834669ff7416a6cf65aed14b,0,179
9cd2e77a608f635d366103fe793fbdc2289f9b17,1,589
7be021a51e05718d70fe56e1f77dd042e5ed1cba,0,141
e7a04f40f5c5240762d6ce2ccd3bb6c18f0cbfd8,0,114
73c91827853e508fdb3ab9d57fd8f48dbef4f41a,0,242
c5823d275bb65f01b85d977717d6aa185861af61,0,277
22f0acd104b71013b19f60c594622ae1bb739291,0,136
4119094b82ede14e81ca30c52f246720f8849802,0,233
c07a40461569ea86aa2e5263ddf2bb51abfbb373,0,463
94292d6e826ebf01d4e7ad33da7dea1b019cc378,0,401
8d0853632ff1a68c4c914521ba2dd6623bbc53ba,0,702
d1f12acde0bc37a49dc8097c17fbaad869e91ac5,0,493
f3d34635153e151352c8a39cc6d18390dfcdb8e7,0,292
45cc7d4299f751d7fb06e24441b2f4ee0316246f,1,137
67c88d745248d6fff5028397c5932b021ebc8b76,0,374
37936145ad0376e66267636e5fc705a44b990666,0,849
154041820152bf7964862c849bce49ce752fcdaf,0,774
8e199c84aff4b3a6cad25978a39c06ed9303bfa4,1,123
acfa13cc6e1f0b4f8ceefa570f2a9e4dc488998f,0,122
e3455ea194cb756df68906ba1bd0ee99ff090001,1,54
7068ccd29cf96f54dd8ad3f3f7c4caa0955699fc,0,551
1706cc4fb47cfe1b3a4b5f944c2b5893dbc06a97,0,89
def306a5bdfc2311ba4ee32bcc51cc969c54a187,0,462
2aceac858550ea622243819761349598f7f111c4,0,61
b889317fe1fb3c75411965b12bdb24b53de72260,0,108
5d5e09e03dcffefc23fee0d20eb03b9d8c78e931,0,539
6e65c8dc8a18fa973aa200be41646b20324c9d03,1,178
7a154b0072c69a8eab8631117596581b98b69e2e,0,111
dfa9129e7ef897426e4e95bc70d07fc02d1844c5,0,234
b4ed42aee6d10d44c56b38b106b059b5f9fdf706,0,1272
aa49bc4f0abacff0d6449773962f8893b58ec36d,1,82
2b50dae8585fb29551cc2a4a0e8cd0a137ce9d36,0,329
43015bd2af6e6d56fab5af736f7bb4330c7c6ed7,0,537
a621eba5247385e1c9d819d823f32c77edb1e4c2,0,321
ecc39001b9dbdfb20dd2ba6303c4a562dc0f94c6,0,284
c451fd23e355840445819e54cf22731756e72187,1,288
cfbe6951e8fd632e58c9993e53db37e244cdf184,0,868
7039d14ae595352929f8332aee9b0d4a6482a1d1,1,316
9c5715fbe235c949928c0f635a79e11bf9e8d310,0,115
5c34688f88d63e4792dd102f0d77883360e970ff,0,551
5868539dde24ad5d9199907a4856d7958d6a9072,0,199
c6f0193a21f179b7bbe2f9161fd9e880012c4a22,0,550
2c3f64f0a63595020e9d9a75e231568774a4f0aa,0,128
06bc996c842348483809ea8e1e3ff193a3a3e207,0,118
b006a4ddd85db03d325eac74d8f9d6bbaa8cbc7d,0,319
c2b1f9df91fe40bc13b1bf573e87ca46d19a084e,1,194
df9ee4971107853eb8216495bad8bea3bd94309d,1,356
b693acf0a37fd4adf79435ab128f4ec81f40da7c,1,225
ffdcc83c75c0c926985bf2aa7652a20d871a81e0,0,435
af9c849b2e577d34bf553b5c51d4f925b0cd90bf,0,315
6f912a35fc356873e35c5b6afe14d44175302e89,0,458
a8910b198024a6c10d050fc62af41989a82fbe49,1,175
a8b0e6f854646ae39715339474db16db22542b69,1,148
0ae0af2128c3b991aff5e964423f5c6b66f429fc,0,257
c3fd633b0c7893af2aa2ee7caeb5e892734e9af2,0,163
91961e9330fdf7b3119ecb53001be683cc702b03,1,237
756199cbebb109dce537cdcbe8399856b1faad1a,0,225
222a45893c002a77f4cf181517cc428335394d34,1,170
58733afdf3e7cdeb08c0d7c33e02db6844781065,0,132
8eee8460a9d2739974fc6350944a4fa53d022b1b,0,369
71596ec87233d124125dd949bb8c79865962d0ba,0,371
690d183fe06b328f085e65ed1f97a1b00d3aebca,0,573
122e77d31baee0e3c73bdfd87a6535cef02d7e4e,0,232
de72ebf6a94325f7e08e08324ee9f9d6716a37c9,0,935
7f1b2a2dd180d881df91c19b537bb0cf62febb91,0,369
9c9c3e5889bb3b81aeb87ff3f2b56c23c7431b58,0,361
f222f4b3820cba7ca8f5def35dc654d73be89d6f,0,289
e9a6537ba65cfb1b4159ab17889276ff7ff3a803,0,129
f216d2027710361ef42413b71917072742f49604,0,433
386c4c60362bbb29f6a4ad222a32868ef3e25738,0,197
0e056bcd08976e1783d4d005dd5e9f662e7819e8,0,263
ba1504a75686f770b5aa2c936c65bce2ea6a2c59,0,211
545687485d77d92de7d1b5da6da054e55e1b266a,0,121
c5b24a98d1aeb4c1b081ea3535fdd94ee835e9f4,1,148
0c101da219dc3a98fa600647d85d3bb4c75dfb2f,0,373
c7453e8ea8bca1b366a54fd191de75992ee8643d,1,373
8981b7fa9b76cb29e9b609b840b29bf33c2dd9fc,0,1070
329120dda366e6526fcdedca4440222825562423,0,493
69c97982266f90e6a0fdb9201674d7259e114783,0,188
268bd9c6925edde2411efeefbb35fff200d93c72,1,118
55009a8532ffb786ecc7ea7f8af0c422086082b8,0,446
6dff7e0e426c72be4d0eef9d8490c4f8d98bd010,0,399
a2950f9ecf39a428d8b5dd550ce2b302ba96f64e,0,70
ace85cad8267f8f27c94d86d3b16acfe9c05ece5,0,191
7a22df7e080b48b0d86433c4a11f14c78a05edc8,0,142
6d12c8e611840d88d259acbcfe35326a30741352,0,493
0d1ee19b1d1b674f53088662d142f3d96d72243a,1,431
3526c901dafa9b778d3decb59244b505a3183b57,0,615
0044cb8c79a6c0b297c7975ef00962047cde4e47,0,518
ffa7281e61a0b281ec3c75cfae122cba36dffbab,1,127
af0b1d59ad4a8148a879289ed9f061f63458a5dc,1,103
bf43a0914a0808a7962682ed29089ae3af3e167a,0,113
38f27672097bb607b3f48afaf1afb298195a5a75,1,188
e0da590ff1fc6885daa0cf95a15aaef86fc610a8,0,203
f0ca5559ef3c75e53e2c891b84d8743c073f48f9,1,189
6caa036b1f66f15f8e19c39ef7348adb22e6eaa4,1,144
c728f9d64cbc859723642c3497a489aa8140f369,1,450
df2c6a4c4d9efa59dc730b4a430ca3d47bd0b3a7,1,1181
db4ceeee3129514daa494935d40e9d3d48c1cf80,1,146
3913b0f28908f083e5065be6a4f213a2cdbe3ff9,0,77
1cd49032c5e92bbf39520ca6c4cba0ad71095427,0,696
e5dbbb4dc0682bd962a5b86256becd2dbfa4fef9,0,337
37776e68784176859ca9129256467154f5df4adb,0,385
fb63b8ee33b09904c91782ebe61df6e986b9e185,0,501
4265d7cfd85bad187108c0c253b04d5450a7a0ab,0,66
7f44c7e59c14714cf5df1bc311166b9d1dfe9ea5,0,385
8bf443abf026e2c6197aaadcfd62cc5d9fef4a07,0,497
0ab74e8a74ff3ca5b0f97d24011aec16005e6227,0,121
c55565e2aa8157772e2d54406ae00f6366670ca3,0,147
93fec8f838e967a45407200a44f30c080021338e,1,527
82d4a278247408e939effb91e122e17c3feae96b,0,573
9bdcefa3e5435ae27f496a0cb222f0bcb9145d86,0,421
cfd785abc419ff1b1c776159011533b26f7e1f81,0,133
c857195b52c40c96a23b28baadd571671efdf7f8,0,55
3f36287e90a5e3b0cae288364d6bfa5bcbb4d39c,0,156
2cddc5580842c48106f8d4e80ac949ba7a7f90d9,1,150
4d3078c4450e96ef15a694c2de29482403b63d1e,0,392
66f96b0a0a4d53c39cfe4b81c863b9742cfa0d3a,0,577
b7479635f51d02c5b32380123e2404c3fdec8ff3,1,146
f84e6dbe1b9e13679b2ca04111a40a2eec2bcf2d,0,144
8ce84fffa53703d8185d52f208a392f22500f108,0,528
e0fcae116cfcce05ae4a884dc408b5673c0ae06f,0,450
478b696f155cead581d8ecfb6c1abf3d552a599d,0,557
37b1c006dd82fcb89f9b5438f53396cfa4649cd8,0,531
c771a624b3e3cb94c5f095e2704efa23ebcd3627,0,359
a99430aae03763b6ee6adfb5ed91e98c4cd454ac,0,292
974422b6fcafdd84e62103c359015d90c3c8a5bf,1,115
ac3f778b5f8decd20bf125f60d50fb95a8c56bd1,0,357
c4e6d91b447e088abbafb0f638524dad7f38e2f2,0,254
ca9009083b1bbe4eadb170b0d86952d460162d0d,0,82
8ac8b246266509f27d26105eeb9fac8de5a02bdd,0,56
7f99382f273e7d36bd64ea0966f2248ef5ac7685,0,1354
347722eabfe7d1afe68f2b8d703c235265b68506,0,394
9a7f95fb10876b2315cc776ca4ea682c4378b40d,0,234
c56111b619f35ead450f84a2f197df0c5e8ca338,1,149
9eddf23cb867b1f3b8c450e2b88565b334cd8c01,0,96
2ecdf275fdbb1c201335f5d5fc5d3aab3a2020d1,0,138
429dbdfe22878e48ba428f8409d9d191c639528f,0,951
0cec5062e6173ad094c0c9405b37d4619b321b64,0,80
2051a1b321b17512f2f55d1dc308a18ce934b840,0,336
ebc4abceb1a4d267a50163a1e71168d01ff2fc29,0,270
bb03ba87bec09d26521203bea5c18e7fcc48b5ab,0,282
6bc0e037be3d0055912a5d60c387f9f15ccc4ffc,0,378
e50c06300038bfc5450a6f7bc099d75f72e3498d,1,147
e51d325943fa7ce1b4f513adf0b936c72c63aef6,0,100
6699f91a1ed30cfbee31abd8824eabbeef3cd32a,0,331
f9b34f87ae253fd6ecfd5a6c6f560fbd82828169,0,92
76f2aedddc9324502fb66c53a6665a4a8d5b9cc5,0,190
ad21f31e1d32aca92c68bbb8848ece108a442071,1,232
2d5316a05748a4445a611ab136e72e48997cbbdc,0,223
f2e10e036753a2add31fb2b1044410809ede487c,0,410
2bbd11a9c5c3c75d6d1713489d82edacec6a3ef5,0,189
d9fb3c60e13aece18bb4d8c3b1afa2293c134a5d,1,110
0892d4466e7f8091bcbd2458a1bfc4f4783cd0a6,0,398
43979fe54535cfe700cc490cb3f55e44c97f165f,0,166
772ff93f2f6d38c42520b12a86a0d27f00433a81,1,121
8ef664410a86c8eeefb4ec7098b12e1266cf3423,0,561
49055953f029c63b81697aec67ede484bda75e6c,0,611
36f956b1bf8b53e3145a2620724cd4ad4e3f702d,0,54
1ccbed307283b427f441f4864f5bf90d490fb1db,1,145
fc39434296756a724ee8531322ddea891d9f109f,0,1178
ba6b654540f07b6ea29f3978784dd87535f0202e,0,345
70b6eb97ab24b6e69e1ecc1819db60651813818b,0,68
6becc38ae1de0cf9fc7f0f6a90487cd5e03d0e98,1,385
aca83100037c0c7d9b5348ceac7683616e37eeb0,1,416
ede27e42e9905a40c2f505b651897058a444cf95,0,231
4bc6423e0c089022d6c5d1bb40db2075854d2c84,0,598
0e6a4aabd5562b0ef1be3ec9573fd6582ad9b19d,0,282
6cc3990c026222f691c970303acb029c21f43742,0,164
4db4a6863b498aa41c14e28c7730f54b0a371ec2,0,225
ab17702c467a8252095400547b736905da99a4cb,0,82
5419e55b091acf16abd5ced0cbbe351c1e9d4596,0,86
7b580dc1f3e911859f1c522cf984649484b0ab09,0,117
7f0a6879fae9ab090d7d6b6a1045050d7233efc4,0,511
e4e2b3a965b25f8984e0c55cef1aae2e2e902a34,1,129
daf8557b0c32bca6a73aa4b9798d2d3a77c50bca,0,956
617c536fe3ea496c7d7da11a69531edf95cf7c43,0,299
855baf0917fce9bfca8e97c85197b93013ea8803,0,158
f2c94fe304686981b3ecf36b627ff09e5852a5c5,1,180
dc5dc4dc4808cd6e5b2d277f0a9362868d90037b,0,237
00d2aa8fce15fb6e8f3fb7a2a36816a0d2b45279,0,595
f50073fc6b7051884dd0f9b46df678ac98239b3b,0,1509
0bcd568e0422e6d8733aa5e7efaa62078a871ad1,0,487
8af3bd549732ad4a250b84ec6187bff1c926acf9,0,387
6e51e8933c436701a006050baa448237297a9349,1,137
3696a9e0f31eb8f485332f5ace7d13e41a1a947e,0,529
2eacf3329ba1b2f74ea58f2c7e7bbba509030114,0,389
4f32b2783737910c32e0c875f4a070cbe1fd95c3,0,695
66b8599df801511de7e99c7dbfd966864c01126f,0,173
db59036dbddbccd08062ecfc30047cdd0434fbbd,0,198
75e96b4fc68f8a6b7de0bb74bf175926f670880b,0,665
206aaaef462c52ac95b22e661943ad0f1cc69038,0,53
861991bb8eaa2d5f95eb29c619a9ef2ee1734878,1,109
644b00a0543a6fd7d0d83baf09e61ed544762661,0,208
a9aec9e827b2edccf923dca6a329d3b421c89ccc,0,653
dd1a6588141f0631fc85ff07fe04ae5cf3e7f659,0,556
2d8d29761466b2e3439959a1379964c8641d87e3,1,144
10c3bee1162afadd601f7f3e829f77ed6bed595c,0,237
9065c5714a1eb0b34cc28d838d093fcbdd354b75,0,306
17f16c2de6a57dbb13e200163596ff4cd614166d,0,101
320c7c49b13b6f9cf6404b6c0a1a190515ca2e0f,0,696
5702bc52c844e5115259c5e0434850f114736551,0,319
100ad8161e4bf2022e597bda417a87029278e5ed,0,586
db5b9190d24eb8431537c74c4eb70fdff6f60c98,0,138
38a39a762c919bda06f1c51c0159177749e597f5,0,397
d7e163d9eb956e9bca37844660c4ae1a567bbf43,0,408
60f53009173f4cec64be0d9633634ed5bbe85bc6,0,238
0cffdeb8f2da23fd69e5df55890882eac2c1263f,0,733
3efe50ce292ffeff41b530dc2c0d81c828bae946,0,1026
79db704ea13dc5e4510149df796244cf21a68df8,0,462
3eacaa71d44aac773ecde83cd8f455c898a6de3c,0,136
e15a96bbc4ce80349ea75276c520f786ade7e773,0,268
3e3aa09ed5249489c02b5d2e638a6ca438d843ac,0,125
bcdb5e2d756c8eada20ea56209fde740704396a7,0,134
a1281ab380166134848f7ff8255cd97ba107d78b,0,267
dbda7de1fda0dea72f388df9e44512a7911adee6,1,290
3899c52fae05f29b46913d59424000c34d80a460,0,299
f820a23bfd99a233f0d3192d5a3ed158ba002bf3,0,226
d32e801841f14900f582385b2e52cfbe615b1432,1,153
62da7050cc6bd9661af60b6c9932fd6e3f62a3e2,0,119
3d108a46d0fccbea87fe8b2ffd504d2f5c9fe1cf,0,419
a279fdce73185c05e3c31a1bdf558972eed50394,0,341
a027055ba945d07c00df209f1ec0e36afc8a39b6,1,930
87e6d1569a3708775ac2d46ae841ea95e8d8f77b,1,671
475f83deb53030f778ff8d899bc679aaeca654ca,0,137
1383013ec5e617654a9033e9b6f416c7ee947119,0,62
7e6dafc6b630bd2dcd40a43c4f5d9306c9819650,1,245
e84b8e2ac37f0c7f8e1e3b77a231651b95043e76,1,115
9f2bdb75102f374a930a51c932dd4d372c29084f,0,277
7eac9f79494c794576ce2becf98c37bf64cb9631,0,408
6420a4836508892c93a8ce4d8d55a73700c2b9f5,1,141
91c8ed60aa9b5348c0469a9fff6d35f01b13b6cc,1,584
4d777996ae36f3c67edb1624659ca7e494c6cc12,0,56
afc29318b8921824630342acfb6bc3491310d68b,0,511
fa4bc8eb0176c72018af84249bb3dba95adb5562,0,283
95465ee1e81324dbee595178e36404f4163e5423,0,236
82e438cc383952c325b6da6b5ddecbae3aeb46ff,0,60
5f9f50b0c07e0c5387fa23eef3dcdb027b3af8e8,0,427
4d3368d483db42bf0f76e66dafd1b281c7d01f0b,1,184
ca82b73c4b76607dbf4e288040c2f811d8c48df4,0,204
ea84f4ffe7faacde4d5dccd95c409d463fd26f19,0,2384
45b7c5d0d92a7ccae16090c3e7f876373d17eb19,0,306
0355de80a90d8e504b1528761597aeb4b4e863d7,0,191
63ee6973df1583f19eee49b7aa81083e275b0eea,1,139
57a8b110f3449e017a1874ff9baae8d4f56ca75c,0,270
a5125695b1ac5fe72e395691bcd07f65c2037cc2,0,165
7e88f43e6f883ba1b17eb422581e365de6381487,1,147
63c7ee614de9084bd0df532e593f99d505c449af,0,513
30349117738e35d0aec1369b050889578352757c,0,269
8ca77c0a872024c4fe2344241c2d156ea34908f0,0,70
f12b7775df209b514fdb9b25536f244a20036f8b,0,193
ef1d207837bcec8d32af21ba2195900d31f6b16b,0,147
c3fef35b227b02cef971bcab8035650b46ee3439,0,223
0bc04b2fea61152cac35389ba95f0ac4821acefe,0,1170
63c2f86e041c67308f629c859ad9d1eeaeb92cb7,0,399
cb8386ae56db7896b4b5edeead05bd6adf962cec,0,173
6b92fa67ee051b09e3651108306aae3320cfe170,0,426
df313b74ff5dfbcfc8c5a24fe3bb3a200560db22,0,261
5f2ec0d6e6d299324e5f3a5540b1d9d347fbc9f1,0,461
7079f8721f11a4bfbcec08039c074edcb7641e54,0,225
61053f427f78a1ca983563b411af00d4472aecd4,0,66
6176915e0d1101397431134749eb9a624d3cdb15,0,588
9e4c7c35ee998ef766dbc0f25fbc156a21d77c2c,0,243
318a573293bfc9cf8e06bfa6647c44702ac72433,1,207
c22de22a7fb2ece9f1757ad51bfa6d84ab13e068,0,57
d640df66b286b9151bfbb5489733372e5501ee21,1,160
ae8986461d11b06bb921c4efd061df5a6b35fcb3,0,385
24c63573d5b58ac61467ded9a567bc788f0483a6,0,56
b3ab4ffe64bceb31efbda3a8cb5fd0aad6f9dc2d,0,287
01d2d08c045fe548e27c82950300301da2836e1b,0,192
b4f467aa7f50b1f54fbe3a33969015306bbdef65,0,1656
12f6d563394c70b64295e287f649282ec7b46e38,0,128
915053eca6921a47871e326c7c745e23174de35a,0,376
c8d6a669599c8741c93e466bbd8f4f3799413b03,0,78
ff86be2c69ae1c5aa6aa9048120e276d4c22b50f,1,315
aee1f2ba6abf04f11baba16f5f7f18628b36e696,0,257
346bd061dc83b7ff2fd73bd15621a7069099e780,0,168
f76c6c5bb61916f5f52a7fe2c7e5069941a1672e,0,291
c7f86abe4edffd13f3dee6f20d0c554cd6223771,0,559
1238541c3269e14c8a04f54c3babb28e799a7a92,0,136
d8f08c68d796e2d259caed188d75d898572aa4a4,1,658
67d26a0ae168a59c0cb7e7c41d5e612194b94c2e,0,840
654e4fe8fbccd8bbafbe9e3698e4b2aa81827eca,0,240
319042d508cb07051ccf21b81a13e5fc0156939c,0,281
93e1051515e971f4f25e619986e2e467f541d9b7,0,217
d037ef0e856add8cb5a941337e1017b1f0057e11,0,277
c617b402c4974201e23e4ba8b3161f2d70831e72,1,174
ace1cdf88062b3734f291fdcc661a5b51e4668b6,0,245
9e0f5f4e07e0cb66535618740854fda5b5e877a0,0,430
8459787eedbec92981a94c9847e182fbe437f8bc,1,392
4c2f71e403c9078ad5fa28a0e02ff30597da7c72,0,296
7c72e54c0b07060f698a58912d55c5d7866b7196,0,371
04457b25e9cc7d04b098c2dc42d9b5d84fab723a,1,149
fe118e214865b09ce04552f826f0a880ba33034d,0,99
81f0aed8b8ed68d02646c8a4720b1efd9c305bf8,0,388
e95dbb29379c4bb63387fcb36390c261a07a16d7,1,148
750de881b8975a3e0fd5ab897715a522a604c313,1,201
b1f014df0c25752a873c9067868f052fc68ce9da,0,156
7323ba6e2fc96e54733a8f2966ad6fd4dc03390a,1,72
d2898fc1e8f303e4a2f1a03d63d3def683738c47,1,427
03854a600f3c969d64521cd211f2a14a0943bb54,1,114
b1dff415000c7ef99a4f088ebff3bd4ae7904c3c,1,142
43eea3de6696cf0ec2bb43c796ea81e54f4606ce,0,327
377aea0a5b167c2ba0c1d14eaf47aa8232c9a830,0,773
f5004a19b2276291568e8b59a7a29f0585c169e7,0,356
5c17856c4a2f9a46fa17cbc5a3f8d83d0a6c64cb,0,285
5d74cee9b6225e75442ee454f798a004124f3670,0,122
c6590275346afcf39760cd017c0a2384a5600a92,0,290
b618e0b412c5edf49b603422762308345f301152,0,139
cb3502bb9bf70f590b46d5a7f087caac0853245f,1,102
f2f1736ac891b9f7ad58a0dec25036affe6320e1,0,589
46156de7b210c48ba760ac06176e2e118635953a,0,379
ee147ce7ece012d36565ace5ecb69de46389eed9,0,995
fcc074ae33ecfa597effa4891730939d1b8dff18,1,215
86bcc125a40aaad7841c5c5feacc3eefd5dfe39f,0,365
56ce72bc3495c39cb7f7ff5e32464f9c48f6cd6a,1,135
63f06f25da730d9ee55d60e9ac01467069200e8f,1,177
47af02f642f056c360c8414614c1bc9e1d28cdcb,0,63
e0c0f6bac45fe60b9e497338ef9c856ccfa411e5,0,134
87a0af82cf1f8331f0cee01165b79f05474c336f,0,512
ddbdbecf821bbbd09dcd9f9597f45f239e315a34,1,134
0fc918c22883cf1b1a71e77906ee196406d8ba32,0,619
dc51a8faaa4e5d4d0b1a13c5e8580c806603151b,0,342
66d05adcd8421ad03426caaf1a45874583819fa6,0,381
f2d5883a18dfc020762e25ab8ac427d8aac151a9,0,1334
572bddb5a816a8125f5af4bd210ceae947b886df,0,334
6955454dfdb8e8ff183ca44ed6cb5f7173809b9a,0,382
30d9fabd1bfce5028187f61b536bc726ad9fc884,0,725
eb17e4064797c847816bacd818361e1d75daf9a0,0,535
058ee0e66cd4f04e337cb4e3051504fa284aacbc,0,107
28e6f8175f0e03f4e53b18f7e50ccc51a28426d2,0,204
fed4c943707fade54d192d8d87fc31e78cfca734,1,202
b9fa9f027a0df2e183cbf924968b2741391d3a50,0,713
a50696f3b1b1675eb8919c13b862c2f208748e2b,0,121
b64a3a015bd232bf256e6b50fde91fe4e01b3a55,1,72
2a490964e406d07e041fd1dfdcb88ab439359e1f,0,296
5ae83f1d9d5a26c489e2fe2a143421c394984f8e,0,440
cf663811334441a77b796c2c5bbb5341044cffca,1,349
10594d62f0d8a9e6e1f1033a49335d850c504cd3,1,117
d69407bb81d09b32af5d717c91c251237c47b408,0,217
56dbaa3abfd25434f4b6345e8504d0d93272eabb,0,655
4e15d7fa049c01f835205e1e45f6c683fb800da0,1,190
a7e028359685a540f6de3e5902b7d8d54af905ca,0,1333
9a6ad50ecd6c1e82b178fccb6c1c12a329130665,0,329
1dd1bc3adda8e0d4d1b9f2fbc3329ae9e6e9dce8,0,1126
5b8023c3bbdbd98da0e4eaccd643348509915e3d,0,978
af3d9fdbb0361f5679e1695232ce2373af6df1ee,0,147
3173cd490b91f7e8f1086fefb586a328d4724c1f,0,344
3655933ffbb7766a5351f5f9c0eb03f8831e6b1b,0,138
7ed382416760300103c1dbfc57dae13d1be8b5ed,0,586
d9e7d6346ed052e8b8883f0374239ed0ae75a97e,0,451
e543266d3bc6d0500532cb4eef448e1d5c74f8c0,1,255
8df5f7ea68e252165bd17e05b70b4f14921a9860,1,162
f56d21ef7524aa24cd029c158c82a18aa0dc102a,1,129
9b7e0c2779cc31dcac83df60e7005846dd37de66,1,479
86626e8036f48e1aae248ab3d3b87d2dde7048d5,1,173
b1455799a085c130c55a3272131d0cc888347ed7,1,289
bf91abb912a7461e0cf1acbb0c6130dda6c377df,1,488
c00f8b0ecc41f40dde3177b837e9aa80a6eac28e,1,171
aa2c5534ff83052562e65d8e45a4c05ac5f486ae,0,142
5b24d22f0543037a1bb8f682f2e7e80e4450a8a9,0,137
d6fb265c68cbe56ebf043e88b5e040ea434429e4,0,644
28a2c16feb4a816402ec9105041553eadf702347,1,129
72a3bc1c89a5dde23f37077804b0e4ecf1d3788f,0,149
a338db22f95afed4ad960825ceaaaf822d43b830,0,828
2e9911714f8020f73b005a132c234aec4175fa7f,0,326
1cef4a9188d7b61282e34e1f06388abeee86d881,1,621
8ec6a588ff268af928352b0ada1a60081ec119cb,1,70
b18ae93b9118668a37407834702b2c34d495021b,0,204
5de826b4aa98dfb079178591bb3a58af4bde41da,0,138
8f70f6f340d7e0934488c8e1712ac622d756e619,1,379
595df3231cda686900af0d895c0466903e294e22,0,138
dbe5961ba7988a7f4093c2893b4665de213a4a07,0,133
1bb672d166639c0d9034dd048c54325f139505f2,1,198
3847cc7606f837a32ba4140ff0c82b971197a308,0,188
b454f6c21663334955179e3ac9e56b754d0d52ad,0,138
5e795cc86955b936daa05e44525b500cb973e230,1,268
a869841af52e771fa57b75d47906f59bb0da0ee6,0,257
972c8116b7050ae2f40764586d85b4404351f3b4,1,163
c582ae979993eb8c278f2e58c0241c9dcbd6e861,0,394
1c259a5e213e089fc0696f559c856f1e20198a2d,1,102
ff3d2fd1ffb1490c1869c53e987cd3fe51372e5c,0,173
cf7f7cd188ad3fb5b2755bb7dfbacda1a926dbed,0,818
f7e8fe6a6b05cdcc6dcfd5ce544ef1776f43fe05,1,128
6de50ab3a7f35f62dbdd5415ed49b91677dffbd8,0,310
d09d8043d2fe9c3b47b28f0948a3dabf0ab53a29,0,241
533b84c8b5276938d4146c9d69cab70b418ce324,1,137
59d2b5b91cc2128e82e2fa781b1cf5f4bc41c0b7,0,162
35aed662ea275735b92ede404f294a402a9d4ead,1,166
3528db4e4f7efbfcac953ddab3b5f7fd0b26876b,0,421
a77aa45723c0dbc4158ab0ada104fe096d92f1f7,0,366
fc7e14628c581af0e01ed1286d44885595fd3bba,0,320
ad5d909fd6bd8dd1e007526a4f81ae04abb74d12,1,181
0a700742d1fa6590fb30152bed484faaa7035d3b,0,463
6cb0b8818ce11135c7d0705e33db342aa10e3ba2,1,101
1b0308db963e4b6d082642de4ce0ccca553251a9,0,679
bc028e9db5bbdebe7a11a76806017148a32197e8,0,451
78b18928e6d667ecd80649326f5be7241c75340a,1,314
bc8b4d77b5eeecb3b5bd9b4d7782733198b17c26,1,203
1e24fa1398f8aec93cd4339ad9c34bd39c3051d3,0,525
f112f93f54af6dbe3e108c3e59368cdc908f4746,1,183
9b4a43039a3a3b31d507a5a01c96cd4f5614ad45,0,547
a6bf5be1543b54655e35a6a0b334f62280c46355,0,113
328339209247845105902f543da43bce926ef5ed,0,171
3734ef3c60f60a6a8799fed856ec35c5e2e6fe14,0,479
b84f5dcec95f3ef7028fd4c8fbf39b29e6db9dba,0,930
77e46f82d7607b0d9ef96a89cedd9abf67bfb046,0,531
84ac7cfd9b9eeb70270fc1d58269c9f6d6ce2661,1,204
d4e9bac76da32b13852d16f5469fa55507f5507f,0,284
10f76bf12078e9a0998a602de62fac7bce852d13,0,390
cbf0a6c2fbd5a0e58154281c90ced38bcb135041,0,396
fa59018be26a67d26c229015d72d5f3af651be48,1,103
d40a206d616a93b1f39e8a3d46fdce10a505da30,1,760
1bbecd494c388be854b3d1ed4d673a10ba85f66a,0,861
f421a39348cab97631cab9bf21d8d7e9cdd8ea11,1,582
046c1c14eabd6cdbe9fc5449e0ce1ca203688764,0,373
9d34ea8f3e639c67f0382e5746317585812fa27e,0,299
da7d9b126c58331f5b3621963e70396af2b25293,1,159
e2938b42f3e3307043b4b60532a60d7150e7ebde,1,285
9b6303a21e0948dcf2491d09408f96bd16406d1a,0,101
5fab657da8e3de00d2d3ddf9e11579be01c72fb8,0,343
57a586d2a6d9069023fb6955431ef17444d71d2a,0,441
9ff79f29bb1296f82f0f7c7f31d044b61f9f338d,0,311
e74f22147710380f65c7c6ee532a142541f8c739,0,612
f3b594b09f17583dbdadde009bae313a2da9e66d,1,270
e107598d8b9926d8e9ffb7d605e572ce02d67242,0,194
d279b2e3a8ce518d732cf3b56d5e05d5ade6f621,1,303
c444cbc84d78f9eb5a93f363bf60463de3742e97,0,109
7403fcace7ef621df9ccfc9ae79c91ff2f058256,0,598
3d339a307932406c1601b3baefe424790d4c88d1,0,473
f5916099bcc8d52d965cb127f887786b247fdcc8,0,255
0249c1c1bdc6bc96a565dd6e53fa06d777ac14a2,0,114
12dccde0eb8f72ba3c7002763b0312df23b91f42,1,235
51b39741a61314c9f4305371486685bb2bce8657,0,545
ef96830f34be5445f5b1c26870e0ab3e98865a41,0,155
7892fbc2b554c726e442a526f425bb97ed0b9218,0,462
efadae4d6804e4e88f90b9e00e1b59ed10aba545,1,141
7d838b3925c320826b857ed09e4bfe0ce35b110d,1,486
9d3b18066e8031c569bf3a67a399b7edbd43df2a,0,506
cc090a4e4d9d4370d7c61aae9f5eceefd2fad907,0,86
7e87f9b19a08a24555483a59ba64f36f12c938d9,0,417
421c05db814b2e5a3bfb873a0f6450b9b5ee43fc,0,241
a06a006ccafead2adf3362f6e98059c3f56ad2d8,1,392
d14ec0929dd73f476292b4d15da8c5b74c68cb01,0,627
c0b97b132027df9ba67ac1385477e9179d7b792a,1,237
08ff6847689c4ac9c8e286ffc228aa559a4950ed,0,295
351559e8d404622aaff2b9f0d1e37cce3e0a9f01,0,314
14f5f941e96fd4248cc029e90c5ec7acf5e94380,1,112
01d6a343607cfeed4143bb2be727c50f98de6ebd,0,171
225e86ed2f05b100b05f17a9c167ab555fd83f01,0,334
7ef2edad00a66a4e6137dfb071bb194b56cf9fd5,0,349
fbebe9091d0a9ef2eb3bdf011c3d8a091d3a3bf5,0,288
86d795100d590f998e8c8cd2e87a605f5cf2df6b,0,473
f9cd11408501d10c1c1b9282fd1c48ccab11863f,0,541
f1f71d96da46d75d09578fc2d71026a78f3e8369,0,518
dc15a08a4653456170a6563110c889021ad09c97,0,112
5151bec845755fde7d516aa1adf44c0fe51edb2e,0,224
da97a5fb4087d767a707ab8c6aa1bf8eda91e127,0,282
ca841f5148449255033628651369310f73db4b4d,0,441
ab3c36523652d16252e14dfbebfc58a42472b871,0,756
49be685fd4f0c758c4e9c152479e2e73ed4e2e19,0,71
1c428729ee472f7b507587ec14fbfd9f874d0404,0,387
25b0585d31e264c762ee983797fc62b7d3d07b58,1,205
8ac270d5174be4f23fcf77a0f84719d7c72be827,1,246
fdba16d9af311035fa6b47f3ac10e29800660b94,0,297
08d5851c9dcc266ac2c291ce598d2015c0da6bf2,1,143
c6739b8e4a4c06a04c33231d91928a7e7e65019a,0,211
e4442e44a2395c0a27e27fa5ea10b5fcb36b5e45,0,360
6d8dfa47a8d3985ffb4a0dd2b67cc0c52e5d39d8,0,283
1db8384ae7528933d87473ce731586cf3005813a,1,707
5cb52f06162e6cb4db9ba3f6239d1dce8f6f9e89,1,115
c42e0493a3ab2735954501871e8025a0ac718d83,1,124
11abeaeacb6b89b7ad5684b0762ed1ccf9e59ba0,0,72
c4ccd1468d1f7305e24eb9ea1480cff05548ae2f,0,237
ec99c9e2234ca84c404a4a72cd5c160875ff6a85,0,254
adc4b72377ad729ace6a6a51f965ea1e04404095,1,666
bf76f18f927b1df71252394096c163164a8a39ea,0,136
a128f0746d5163d53ee908f2ceac2f110ad6c521,0,807
a698b738337e88433a78cbfa8cebc6ee5d56c66a,0,524
a7e89287ac80287bdbe71c45f28a05e839fcb50d,0,177
c862215113598ee351d661f50d021be9a1c03883,0,268
512d760b2dad9d10982f9db18e9c69d743d3b733,0,218
7d897122bc0aab4a1a5995ca1509d0ecb8a96bed,0,168
72f0eceddf54f4c2811da2acfb55756ac0df0501,0,590
eee0f3e8badfe779b6870dffb6318bed32f5aae9,0,168
88d426e42948da34a5d810edddcbec3da15f1253,1,118
d3180dab8c878583c5fdbefaf360e1f410038761,0,486
bd8a40dabfb7f80ba78e343d6cd26351cd658fb5,0,899
11c3d7c2f0cf346372667f474cc50fbbad7e07e8,0,531
477e4aa5f931aec7738de408b99872c6c7067b4b,0,666
3216ebabc81cf12fccc77281c84c44eb4884ccf3,0,714
6d6005580aaf2d0f5cfbacd7bfbce6f30971f3a4,1,68
d3b8755781a35ca72bbace9d6b5485a75a015122,0,227
72258126d460cbd240d54fa12adacc1d7defd572,0,496
8028054973480d27b5f807890e2704f912ec2bca,0,1383
d539721d26634dff4e18001dba0bbd14c7d35432,0,464
5e94b34c538314749fb04b89593eba46fadf89dd,0,1037
ba50ec739a3eca78ab2b72720849c83420609fca,0,714
3447e5662d5a7e8c67a4c279e3e7ea89abc876b9,0,36
be3ca0c0b092f4bf0babdaf5900fcdfefd67ba9e,0,322
00049ad89a1613a54c922e48ac37625dd4915ca0,0,663
a4c3cb96efccabffa0f75a8af113f4b029593f09,0,556
2bd27350644dcfc749a59e1ed38dd8ed6eb2f1eb,0,296
c9ccc9b78e8ca98061542200fd501f649d4f5850,0,895
d22aed8547cd00531846e9889d943ad084ece950,0,121
4f47da82cfb2a9898f5b9788638ff3faedce43cf,0,120
21d5ef93d40d7af617ec9918c974ab00fbb66a23,0,207
511a3f185e364c7b80b6f81eacfab6f61b3b5c22,0,537
ff0d2bcbb757256f085d83eae0a89094dff2888c,0,322
6246b19859a5a631d6739b81995ce1cdc74b76ca,0,596
c0c97641e925257e54ab2e482ab753f2148beae7,1,117
1d041b300f06d8ecf5c254db638fc22899646a34,0,411
7a86bb769b1a98612b283dbf22f3b64ba3b5309a,1,194
9d0909b77d8364de892a324eed01b19455581d6c,1,199
1af682132492aacaa1c4e85bb10fda269b81b417,0,489
41ca2998a2399e4becdf17d272af57f09cf631ab,0,378
5d43bcb1e0cd12e12f351b76f8533c2a1581ed49,0,350
6ff3c91b25f5352be2975c3c8fdc4dc5e4094188,0,92
4158ea02c722414ab347ca3baab01528d54db2f5,0,84
0722a29125fa2335f2971c1ab0161f4b23f126fa,0,392
a8d7eae7c1ce9c2eb8901a8155a24aba3e051563,1,193
31c2f3f48b5509a376c5f107866ed6931728c4e4,1,106
8f70caf87ebc463b8a4614eeb9f6a602a0b62c84,0,299
ca1caf213bbbd19c8c7ef52984aab92450681634,1,171
1c0e41d893a46f4bc482a6879257a05deaf7b9ec,0,79
49a4677a13633170a6424e87ded37825c7686c0d,0,229
4874f00a8b601c428f1df87bf5247dfcd4508373,0,791
aee4efceb5e7402b9407caca0614474fc2ba9529,0,429
75afdba2c6ad9b5e9b914ffd94188dca9bd64bfb,0,493
7f65644a0149700f598aaed59fd70f63fc37a7e6,0,609
c6574f0de3ff3e8a1580db7780276be283f62b5b,0,652
c07a30584decbe5921d21018aa8d367009f32846,0,528
9e52b3a02daecedb4167147e0e08d2e0d9a741ff,0,585
2127d8657be1313f74d4b38b2b18da1017feca45,0,71
fb9ddbb5ca3e90a518f1958733d2dbc85b4505c3,0,192
0c8a9742410e534a1f74e652a3518f1e1d318baa,0,536
933ed1dc698d766b0456f9b04bffe08a42b3aa2b,1,519
9fe80f47648945830a401c12a88f7e83de272724,1,232
a393033b621c4142d17630a706d95776168b4a9c,0,206
c16834d5cf79512c2dd7357d06925913cb35cdfc,0,73
f65e16c689f7342e41f5d44f6f006a5db7dd1678,0,447
d3bedeca0777e3b2b55ea1d7a2a0cb5e17eeea4b,0,101
6ee8d3a993d6fe83b3f8304e073b8e48d307ab92,0,207
f7c0c7715a14174f1e5741d20b1b3bc9d6aad077,0,48
34a2a280f9cee4f3999841d34d0a169da2484bba,0,241
3df262825f202497619b4f5ee67d9323b890ec1d,1,147
d8e98b5fb4001305858642b1b4948955127e3dae,0,244
d67056b62797f68cd8ebf7bfe3e323504a7be39e,0,231
d8bf1048ad30b7c023f4852ef7e4013aa5c61e3b,0,248
2c2574b5e6df71a27a31adcf75bcdb87bc0bd19c,1,378
891cd753ddaa72b0f0fcaa1adb4cb55d9aa7ed2c,1,333
5106740ba73c9fbbb523632875d63def6a76e12b,0,200
109e0e923e7e9072badb3aab16a475a987f1c2e0,0,480
ffca0e0052ca6d57046f4b207444826e7c06c24a,0,320
991cbf7e167d5f588a4cfafef258502b3d8bcbf0,0,489
c0da1d2c22e76ab885c682235e3bf3ed0ad2a0d8,0,172
5cae8e305bf78eeaf76b0939cec14764937f11b4,0,362
b89da0e7a70eac723432e31607fac27b9c92741d,1,142
1835b0b368e3dc2b958cc4562362a17257a9982e,0,291
0d39701b83ca88c97a1e2645c3bdef497e43dd9e,0,87
1d128702f3a73def1590c513b6eb91fa1631bf29,0,256
b9bbd541e5be4c3813d38f94004680a22af845ad,0,1181
13ca491bb4e8cdf4f4dae374e258cf90c61e2ddb,0,653
09713b58cc56005e51161efc7016f515081ef43b,0,281
f3a4cb9c886c644dd69f09f9841da013dc828bb5,0,382
66fa01cd0b715be24a80a1a930b23583c5de1cae,1,709
6252383515113a634b75e593f1d4b3a9585d90ee,0,582
e8e2d78ffbc093cf44936f2c094bc08f2a3e34a7,0,1105
4e6e770c31fc7c6c781acb2693168b1a51bed271,0,624
56c3f2e7eaad9d072a66f28117d694b27c108869,0,311
e35c27c95cbf74f16b2af58155d11891055244c4,0,407
8dd30d3e8eebe114128b5aaefd77d8ec9828d85a,0,248
3951c6a23cfda321158af317009899549a24160f,0,342
f50a0a1b3d173852dbb121dbc3b2f73acb497cdb,1,164
ea9a3d9abb4ff6b6bd4e6289e758b420ce9997bb,1,204
5604a318db2da393242d58961064b1938d616351,1,128
63246bc779d9e0acfa2d9d3d7fcfa9bbe0e18279,0,641
a96b1fe3bc79df7073f68ef341e1eb2c9d709ba0,0,201
a3a725bc57642977c398c10c2c7bff30d676b08b,0,663
f145e78e0a5c3de62fd5d5040f83bcbbc195705f,1,202
fb4748005ebcd2ddc64f04775f6c43db028caeaf,1,74
1f7635cb0a69ac09228c8fe57b8f9ecca9a480f3,1,100
4655119735bd4c5ec3d2636e251b0c4aee673911,0,490
785d32a7ac909ef1648d27d65b87a80c19580b78,0,109
8318cf5232b20f9223ac8562853bb03b93720763,1,167
e3c9cc4bf480841f583d7f87a517d724f66eb97f,0,423
9bede7aa1993db45187be82dbc41addf21b7e108,1,196
4b9c735eb0b5d4731784dfcd5f83a65812f7f683,0,545
4c13cbd98caf92d2e873e4d9e2313e1e4d421f1a,0,204
4b9f89e9807c6a3e656413e56ec4f8c48a28851f,0,524
045e8d7772ddf35927d71deef2640bfb0e1d68bc,1,352
bb207e01b77622c9e0efb9cb559101233dac9d33,0,542
179ed444d3d9b9b0b19e357b9b5f276261cfe654,0,376
d67c86111e51dc608453760380dfc56508ee4045,0,54
ec7f6061a8e8e3be96faa8bf0145b7faa75e05f5,0,370
1a67b722a367780cbd09cea81c6306ad19b0eb6c,0,2055
798a11b9e0b35f40a1f71d5fa10a1b0dc8d4ade0,0,443
c145a1a44e178ae8ce14367b7af279ba106e82a9,0,291
e529dd0ffc12b7ab23f6c3782dee481534fb69eb,0,1031
237882d9b3dd2b73893e771488c9b619d91b9fd0,0,62
1f62f67a9b769d6ded3ba2830a5fe66995041b7c,0,594
fe56193efb2a2c4cf4c9da465a599fe0b2da7e58,0,224
8f0026f19e378dedeb294535c70dd35772f31490,0,312
1a0d5efff05c5c23758e07d1049684271e75ed6a,1,127
eabd31bd55ad0fb6381b757afabd452d71838f1a,0,185
4619732b3cc597de6ea8a324789262bffd9940cb,0,237
f7026ea67013f59d42f855ee8abb48b23def7100,1,418
d550e40386e29fccff97a97cc2b758e0dcb16a73,1,260
847645cf535e58ddcdf87291bbc00adfefca3db5,0,134
c6830971916428985a9af9465918b623a4efef4f,0,70
3605dc550be0787d8f895c4ca7a05188a5524219,0,506
78ea5d287c70f47cea06e6f01a31242d62768033,0,905
4f5d770ceeb41b5a8b00c30127e9d8f21338e414,0,434
6d2d278b026988e1c874f68ba3bedcf718fcacc0,0,110
84979cf212b3dbccc2ab87a2bb54ebbfb49721b9,0,373
7b7b4a7f4a13fd966aeab863e82fdac1618bd9c0,1,126
2e7c334bd50411e9fa006be206765693fa27d8b1,0,305
61d3844ead2ff0dc1d7e85cbcd05e5feefe5ed47,0,149
15990558c40466d7d27167eadf33498a02282941,0,395
9bca71d2c230a573ea16fe29e6b056f952993002,1,229
0d739595980ff757cb7d0b69d298f66318fd7bda,0,839
5714633096020288c959071e658e440ce3569d49,0,328
9290710930652e5462786ee6930ce962370360b8,0,188
f00c036cc7f61f79edd143b81a13221298a2af8a,0,224
65598487c2919e1b8cececc545da7cad3cdb738b,0,135
ba189b4dc7850ce27cb62efa3cafab9f38f60deb,0,792
4af49957c315f5d66b7a8345576349944110f53d,0,638
e858ad576f14ab09cec39afd87087e1cda1c713e,0,510
fdcbb0db72cbcf66c4e2a3a8f614bd27d28332b1,0,589
3cdf6c1dfb40509cee44d4cd97039e28234e01e4,0,330
7357a5abb03b9b62130d3ded2de22fd7954b3183,0,287
db104e5214fb5aea8e07f77c124e13730af1f816,0,556
2f7f9528cf32645f83aa529e01052102b7e00243,0,145
baf08eec39775cd10b56d1eca2c552dfee84ed82,1,599
726e48e319d0411352c88ec0cca41de58d07143b,0,516
95c9a8a95c38bcf44dd5529cc17058434a6c13a5,1,189
5a6e41a2d372bd0bf4b2d28ce8eb68dafae10386,1,149
904c56ce3726324ef3443e9078c0b0578e8a43f0,0,187
0572432d2f27fc8165d920016c5c947d7259e0b6,0,222
190a6a9aafe0ad873ffb89f879257d4a3d6e3613,1,155
e8230dda499ce3f535b72ec0188038eb1e715bd7,1,180
b4deaa6fffb7d3392ec1885ec4f1ffefb03531fe,0,220
f5c91a7c0ecf18bcfcecfd1feefb6d02a743028d,0,385
ef12b8b694846b526bb05df164318cc3e22b419e,1,175
47719ce3bf14017b01d8febe1aaee448c401ee01,0,286
4ab494f732266bb8ff9c7d3a224a228ab426e63a,0,515
4aaa2bee769f5a5fa32f486f3b5d2ec06c34b9be,0,459
06134d593a3c503d4b54f07f86ed36485cdd7589,0,324
e49191d9c75407a41a8e354398a28d3034a56379,1,131
52445b166ccc4dbb28c902c6f24750d6d8ffb28d,0,619
be6aec5dc7b25e48406e06a9936d364562629e47,0,424
af4a75a9ad27b765a6c796ad5ac6eea2a1df6095,0,282
d9902f751b70ba74cfe91ccdaa248c2cc96680de,0,589
42546d0e745909952938dce8289325ab14ab6c89,0,564
f1cb6141b6ba5854bb9a61e822c14ba8523f8db6,1,91
35db018e21a08e07f07fb3e7d27539b34f640c91,1,150
14934bf80a7d2db77c374bcc9ddd5b3d08c6efbc,0,111
ad9ac0eabae21fae09111d5a804ebea0b623d888,1,343
decfea90131ca07e461a0ebc966ce871ab1ae562,1,122
c183015f712b01a602c8616aecf9dc711baff26c,1,754
f53bbdab3df37f0f40643175406b53c22616916f,1,231
1e3436558340ec11e8ae7e4222d4bbaa44a08f08,0,751
0fbb6adf73ed657cff06b9622fb052b16f79e3fa,0,162
ec041876d841c35f42e5b4754e255a40599309b9,1,121
24823dbb4e2df71b7136d32b633479e1a42e2cb1,0,180
c8e679c49ebe30ecebbfd6700c4ae67e07eac4aa,0,115
72cac0d75d8afc40bfcbe8610e753984a47070a7,0,180
1d25e2d94fae6e8831c3ebd1f81a5c455573215f,0,181
9a30f880f584d400107f15a851fddd13e9e54cf8,1,229
662fe2c70d36db439bc784f22d6b77a7c13b7140,0,262
b67b7c52ba7f2557d516234968cceddb20c3eb44,0,580
d9716fc75eb2f2dcf96ef8e2b2f3e448cd5f5953,0,1179
d4528e3b4184d5856c474607f425bc944e83e16c,0,170
69bd5275af133db39b7deda363fe643d00eedf74,0,129
96fe34c3e2ca2e6817d9a14d1049c737fdf8d540,1,190
412266a07b10e96b59a88fd60e32140a53b8fa43,1,118
e049596e48abc230ab9a45536a309111e11da3ec,0,521
df313303261238cc17d7ba7043981ab053ff3e5a,0,126
5c25f374a8fcb1d079c176999959cffaaff114e9,0,186
c19e8f4c29541139a29bf107471f5f2f4b686ebe,0,179
4355718cc80314bc86569b22f91bd5c27c6bd297,0,548
b02e6c007c2799adff75f7d95f7569f06b44d31b,0,100
9bda720ff5db60a6bdf5ffefd7c75f28c6c88b97,1,110
1878f9f89cd5b45ae2fd622958cce9206e2e86a4,0,670
cd160ad6ffc125bf18410a892270f7ba72c1b247,0,138
d593943e2bb6f944626ab5859fcfda560adc5885,1,284
51f22e375e5a51cda93aea0c4d3317b3f87350be,1,140
e58210341149e1d982aace540f1878ca7eec64f3,1,869
58ea79f2270909c0b15db5b7db29c191c4ca3659,0,999
017bd2f2ed6feb53bb2cf5216cea94bd37e82f94,0,158
c496a3f5e6085a7279fa2e653d0142a02b0f3a58,0,323
03e8afadbb19a4ec2dbba48963fd7e7b22a9b181,0,391
3a62c3d1ccac2db03a11f2f3809e3806eaf285eb,1,241
4c02355a1c06af64fe940c406d98587363dc0c24,1,167
55eba742b8aa2a2c35965e544b118f6c0c7facbc,0,577
2293c6a281e9dc5266d5aa97807076cb2b96218e,0,192
fdb1c208353381a3c022458faaef778dabae8b22,0,102
00db7116c7aeed93e2709ec27b4e6a32e04d4a9e,1,618
2a9cfa9cddfd38da9fabcb9a1df5489a661c13fd,0,261
69e65071f72e6e39a72124cc14841b7958eec6fb,1,206
0a2faf388d85306ccf2ddbac444875f43fa804c3,0,496
9591a87fb72747f2e300b649184f657f85adc851,0,463
cfe163a76ce57309a3fd90292ee4076f8907da81,1,137
622bbf4ec1f4f805a33a3ee364adff26d80d5c33,0,386
e2706efea31601bfc9780d653dced23cbbc1f463,0,475
2caa131fef6fdcd1428baeb16b97d60af170cb96,0,940
529a38004d7d90a961ade397259b7f6a4d93c2a6,1,430
f7bd108f531f4c6d43b9f9121f024d3b860a6c9f,0,555
810ebe288d63c41d73ea6c353e2b425823160ba8,0,264
2fd261cdb4c66d0ea1949bf9aba411df9147ab23,0,705
1b766fa09763b8db184c4acbd88bdf1b7ba105a9,1,110
876b0238a25dd122bca517c1a5b314a23c1597af,0,662
d407bbf16d4b63e603ec4e5f4d41fb0888aab445,1,147
6d13ed3fee7bbabb5f7000943b0972f8297695bd,1,85
8a716eb1ca30d6cdee5980e76c4c75eda3a0725c,1,119
d3d77d8156960c324033e35adaad32201cf65736,0,420
698c17429f8aa35fe92257ad1747fc80b6646674,0,87
1e05cf84f51d098d2be76368af9efde8b3739026,0,108
2f62f0f69fec1fed4de3b20e1498742ec15485ee,0,176
16f3e29ee6c3faf6468bb8b54f1604a453ddbdd0,0,73
7fbafa785b2648d2ae4f5eefaf2f6b59d3d81f35,0,514
c92c51b9dd9f5d32d971804206f18328b5653349,0,194
a08c323299d09001644c26bbf46f3c8d386a4530,0,308
a3be3b55e53263e3978f1a2b63233a2cce618932,1,141
eb079783a496cf4b6a2b66e5632fb3fcf5a55ee0,0,239
7674719f959cce1f7d8a6f61f2645163438e1600,1,239
4031b6bfc6993dbe81334c3cf910bdea082e73f9,1,172
f88064ca69bf248d8a75053ea53009f7af947a58,0,334
dd425f32adaecf26f57cf8e36c84209d8de616d0,0,224
40ca71131757fa68b42576642a41c356b7d9a6fd,0,836
2b0dedbf845ce1f59c4b2438ef3039a0e0b00f75,1,161
130a3e437891fc4736b99de182d75ebc6e6d9e98,0,256
cac81dd5e462907fe5c0dac4392b189668badf7d,0,389
4628b1b4480f93093e093e4a625ced1bf84644f8,0,153
98e321737423fac150a5d7502c089a685d20e69a,0,246
19d497729f9ea60c6ae54597896a3e6fc58c2b2e,0,366
d1120aff1087e524ee1c9474afe29de988c53fe4,0,85
bfedc4271d235bfcc1ca7caf91ae4a7bd57e0175,0,88
1d9e51ed4a16f1e09a24bbbfd33007d66fa164e1,0,250
6d91d2da2a59f58714c92f3da932547603afab6d,1,1023
d7664f456466b25b14301b8a682efb0d0ce79546,0,240
30c90b8511dd2c6dfd8edde97427a93f480255e0,0,164
642f7dc9ee6be7082105234c21225ebe5b3fb160,1,196
b0511ec40683c4ec17c6dce14b008db1c58ec9f0,0,641
c1c4bcafea72775865ea592702896c14db570586,0,488
6384b11c74b0429075d24e4e9ddff3cd16bae64e,0,625
8038ca7d44dd79009b32337c67f6a7a9a664ed8c,0,255
aeca9b16889c81b4998608e99117cf1d70ac3283,0,174
149bf031deaf9b1ed7185b58ea58133d488dd25e,0,363
d9bae4af758eb34a915ca9ff31c0ef39cdde1d4c,0,397
8eb7b65b12b6b70b7a07aadb55e87d5c2e22a027,1,135
b542d997cda9b865463601d7529ec1a3881d0cb3,0,488
93838507c183b90bccaabd2a47ce592b2183a1e0,0,180
95045c992e636569fa43e621eb461aa8b601e6e4,0,848
9b6ab0cb9f70239cb6c6cf0d7af72bda7ce720a5,0,493
235d3b54bfdd36cab2d8ffc1557e8d8707114cdd,1,110
35ef42cac1a33076775edf2c161e95339250c682,1,179
2afbd58ca4417d29191e0f0f428c83b08cf0179c,1,102
d5846fd114f5d219f5228cc4990c9543b1212438,0,153
b3375357a970b54ebc5896006367e10618304f93,0,105
bab74ef513308773b0cf3054d748226162ccc2eb,1,185
d98f0838a79e4f0c4cb4b2ca74ebdb787b89537e,1,281
969dae9830481ba0720ae10c85a9182a57d3f8d4,0,629
504b793987978cf19dd9d636f24bc1bc117345c4,0,139
a470e31456a7413a28adaa6de83a8ef288961939,1,126
28b5a8069c6ba6c7fee79d6572701446425958d3,0,138
ddecd1dbebeb0269eef07a25e67946096fb21441,0,2415
121440e8668759caabefb14d4bf777ecd286d796,0,613
fdde2407238e7dffcd23ac15b912b36de2d23c33,0,582
105e669fba4e4a909410d588530565f053f81a29,1,456
df748185f81f8d51ef05fe1943229999451e1f9b,0,265
54af63954b136f3f7867c21e16ca0e03cf335cf4,0,269
54315044ffc566786d203a3ed99b02bcf77e3320,1,137
e25e0bf925724f274463601b0a84b76cfd70e9ce,0,407
e881b2df2caaaf4aa378f7ce07c536548932c9fa,0,159
fb9a3823d1524d48497c226ef77a52e85d0d61db,0,555
36b95e689d41ff198fb7490e3f529f8d146edd41,1,1222
da00cabc33d8c33cacfb3c9f4a77370481c36cb1,0,180
1a296c518f2940959586d41dafc37ae680db647a,0,413
544d60baa1a06ea22849626db4741f008a3ef0eb,0,520
124bc7d6c6a9d51ef17a413e3f9ba83c29093ce0,0,425
548527c5c3f5cc2be2c847c1b4dd4cfedfb72618,1,144
f6ed347c8ec9157055a207921ca51eeaae183f31,0,535
6ae15cd427e33813149ee49f9057ac412906756b,0,296
1a93866bf32990754beb211dcf5702c2c8bdabc8,0,104
02e3e75a33ecd577b822706c20e34df38868b9b6,1,219
6ec54b398cc992bfae4277dbf5db28cfda3dc0f4,0,246
c996ad6ba546ce4ab1c9fb400461c4c40d2cf842,1,287
0e07407099d4896ac5d9578f2e3d78e93a4a2ecb,0,293
5ffc8326fc9960020d86ab58231e50791fc6f47e,0,490
4b1b1699006a8004e6e1ef1988ef68ba85fbca9b,0,3814
ca09643e33a3b4aee0047c97f5e566f393567728,0,209
012e3596e084e1cd20cf1f8d93d063869a1b5f1a,0,70
9d9cbcda6834b62acdcdaaa2bde84ac79755b03f,0,564
bb19900e3378d0f3ffade65e020c0c009ec8f86d,0,177
022e0df73256778c3efc436142ef72d0b6afae29,1,376
a12085c7d79f112bbab4cd78f4a2d3c409e1e8b6,0,340
1f702421d7bed8d83a3816a9e4d03ec91c4d0ed6,0,104
a7a372fd0797056a34f80f817d4e88ecd6b3ba95,0,64
794c3ad20382122b84dce1296fea5b93c08ad0b4,1,506
ed370b16897ea63a19fb6a4ce242481340941b38,1,122
b99e0a21a7db35c1581aaad4a19d3bc28f726d2b,1,216
0f3f81362a360598168a24d4eac40199a481747b,1,198
ab60d532dc23aff0d3bb7605285ba9e9520035c3,0,90
0543c0c18da0efe117ddb5ac1eb63c27ec9b4615,0,1068
79e9eee0e9d08395a525a39d1748fe7751ac4a5a,0,600
4e1bfe9018a935702293d6567bd11d53d5681f87,0,929
1bb9602907185077245c2ce804da982581466a45,0,53
7ec9be10ccd0ae4efa8c5ecb75c76d6c871429cd,0,426
4f4239a34c9468e8716dc7d1bff1eb40a1d53c66,0,105
779fc7312af1fe872034793473342aadd72d38da,0,182
16aa56aa3311e06288791f3ed14626b457a1ed61,0,207
4dd05be32c3655203c1b98e19088dedc617a96f5,1,122
50da486429617a98caa554b2af7133fa0a7da818,0,169
e7337f79d43e7547dd9dfe2d98a76fe077d625bc,0,306
5882c9b2798a981cf9750f75f3754542358cba4a,0,368
a8ce12ac6876f6f5a0f25695130671bd1b7ff62c,0,497
dd157f5ef5dc4e4214b9d56c30454cb4172139d7,0,169
065a3edb6d562b09a25035c85c927ea39dcf52e9,0,109
5ddee66b25abb3fb2b01b25f4f7eff7fb56658b4,0,70
f2cd2ad2fc1b123d1e6ab458acbf6eeccc2ba04d,0,53
714dcf71b3e700f7a1b901db06a94587994e3699,1,670
9a28457cbf8dd5835cf9708fc3d15315bc64ceb5,1,260
fc89bb7ae09e58223857d7a454245c1201d4f2a5,1,348
3d3c226adaf3f39e76319c4093cda1f35e71bed7,0,258
fb95cb95b62c08eff64b86505a168298e77e6334,1,110
0aa13212bc41008078b1d1ca8d1e317844c56778,0,108
f8b28a823ecb1f350a8b24651a475654efb42971,0,449
44cfeb477364cf29e6e39f454dabcb8665bcd901,0,488
73790ba252bcd4792da43a8c85718d8b1da5e162,0,155
de7d783f105a8a529b5b03eb16d4a593bd3c32b9,0,497
13a99f8714b9d16e84670446adccb3c4983c4d26,0,518
24f4819e11417fabbbfabb30412cbbb7b7b0229d,0,296
f1bddffd591d83b6560e6262010360fb15a19fa6,0,355
d689767bfc202424b9e536ca44393b84c42b954e,0,106
1da4445ece21d116ec8451fc0a79b281b8d1c25b,0,76
64993a01ae813ba7e82053da1ac564ec14321cca,0,79
4c4729ba094a74cc3ea93d9c61f4ab6f226196a6,0,391
569ce54c20747bb865f58e0af96a1de832781955,0,215
36407b1b58775ed16a42f1b1230123c43bfcae93,0,151
42d77e9d04a96c5fe6e98cb5feab049575bd6b4b,0,663
548a3097b30daae25a50b3d665db11550af5d5ba,0,494
da28bb0de16216dc1cd04ba7e596cb066b2cfc4d,0,138
88f0a61b02b977df1c19ce52d400c58d02c0c730,0,147
b7c846d175fa2d456e0f782812ce02111732461c,0,218
5ffed353b6cb7b0711509ef98c8656cb01942e6b,0,285
00ff8767ca80c9e779b06bc2bfdc1d4c0f195d58,0,156
b753023553fe2983d1f9437ff19db132fb1096a9,0,158
164146f1f7ee3c07c079ce6d14de9636fdf583b8,0,111
503c29d372f70aa834ac20621f85526af73ba200,0,186
6b0c1b35e0e6ee2feaaf28b2f80cb714f84591ac,0,404
6c74f544b4f2ee9f4e7ca98cf48d779f92b502ce,1,779
f5b5bb58f12a5a5c34b5c25e9288e25ca30ad625,0,659
b9ed1c2587140cf5ae15a8b327e82ad021e48d95,0,208
dd7e98cc7d028c4d160b17feb0bb4e026a723038,0,498
283ee3d6ac5527f75a04248e275384ddfd2b0cf3,0,543
d19273a9114e64f971edea5d8ba5e4acc6eaa6db,0,406
bc6cb7292091b67b2bf8a93625ca6268375a4804,0,191
c41ae591ac032d7c58e7b521e2e08024de982a41,1,143
9e78932fd553431fc60917c7cd05bbd3bcbdb8c4,1,136
6d01087b86b9ca1909d31ad3b5b244589e659789,0,281
06efd0f90075ae9fc798e7d2996da752242616bd,0,300
4a2d9b56e2330282184c53425d7dd33fc938dbd1,0,184
3b4388f1bbce1169067fe40d0d33047715083eb9,0,263
e11cd8d6a264e149e2dcc492bc0cdab12e9c73dc,0,106
97b2ecb1d971fb4244264e168609d11555b0fbbe,1,348
5dffe763f5748bd22f2940aec18041c9c6ee4f95,1,124
2381576479824ee56251227f719192ce64614d39,0,282
c063b9972806beec1fff4160b02afeaad3401d74,0,215
cb31182a0839e4efae9520f05e068aff01f69dec,1,360
339e43d66149e30214dc61834b8c4b6222f13b78,0,101
8952c0e4fc4d9e3e3d27d2fde89519442e748952,0,66
228925a68fce5b53808f061dda19d94ddee0676c,0,506
73b2f594be43a2d48a0a2de140ec8bc076278689,0,119
d839d8ab0cb5e5721fc9c75884bca234d6a14f61,0,332
70bf819882e5e638841d95beb77cd38a7264fd36,0,110
2183c28b31331840dfaed0507a97fe4dc64019f4,0,178
2e702dae2394c50182c60e65f2c8fc73e280bfde,0,165
fffcd524913f8dd4d788b830261967556fc4e20d,0,758
b7667f38708911e1870228dbc666091223658658,0,422
bd1bf676ec5b5a5a3474b1a4f15cb793fc13890b,1,81
33a6eaeddea1087b8eb5479c4971dfd28753f634,0,58
df2d066a69d70b9f5a46df6c49784fd37d3d6a68,1,138
875fa1faa8eb74ca6f8b8c693f4ee17866a9d147,0,992
0b640cbca87784081d6fc0fd25d6276fab42e3aa,0,539
bffd2826223f0018de32a063c22bf1f6ed137336,0,133
59b9d5787416c8dfad5a34e03216f22954d09943,1,1491
b8b008e8dc696026a5c8bdc6d5b98457fc0612f2,0,521
99453cb077ebf9b8f9095def2ae79583c155169e,1,109
2dacb2f36598c465a7827f47150dfebe73132790,1,160
ca676e5e977b3a31c9fd9536011452213e176bb4,0,110
f42cc9ec58761192fe3a3f9c0ed74965090c1aca,0,122
1bf568916cd30b8fe5e7868bf672a4727b9fcfee,0,388
970ef6c1681e914e8218d93f443c276df1a96ed1,0,526
34db1ec82e029cc90ecd10d6a8acd8d2375fcb46,0,78
8f51d7cf5d309bf51984e7afe3d6aad8a9fc2245,0,450
30750965818eb09209a14a270f35f0be56aef9df,0,149
1fb20e60995c3acf4a9882f51e2af6833131f567,1,314
4fceaeeb595207fbf783775d183242c25bd3a1fc,0,63
92417626cc75269c5d734a90068e891625217d8c,0,308
bc68299115441d62ec5c62a3388013abccac5d9e,1,164
861821fb6fd7ea5c08e90bc085a7e27f0ed6d8cb,0,511
1db4e073de7f806fbfba25cfd3ad1114d4c24f69,0,330
132f4242483ef3b0b9c96f375aff7cadf5e9a789,0,223
78dae9f073867b4706304dcd79fc8bbb6529b55b,0,63
60ac24bebfdb6865ded952dbb20041e021a2fc8f,0,227
f87b0bdc47af7d82607f2846b1b10335deffd426,1,735
097ceb1e4f85c4d591d398e853dca43e914a7e26,0,566
049673f74fb611c1ebd89c794f7ac44be6471274,0,123
0ba9ca687dbf9edace8b40f8fabd183d3f2759fe,0,1523
6d368d5798dfc3129bc6edb604f112ded0f4ac8e,0,284
010b1f433626a14b6bfcf70cde60972e3ba0bd14,0,230
f13cda008e72b02232fa238997ac20eaaa8daf55,0,185
3ea8ada3175c28648db6f6d36045fb3c900fe6b3,0,791
5de5dc2048bc1a951a7dfb5a25a494d8f1cbdee5,1,202
15a139ec5c71e5ed0233003bb612d7120facb13e,1,188
ed82c2ca1f66bbfee1c51bf02b81d12ba0e6ccd8,0,68
261d89a506674279391e73b3f48d8f7995abd2b8,0,436
867a9cfba9bbcac34e011484a7a039c05fabbf0a,1,131
18853c2483cd7960c3ae2005dbe156d3161247ff,0,129
4afc6f6e57630af96cc712fe84260bb166969a0b,0,412
b54f158b03ff772670811703d5cf9b8009cbc903,0,174
6d38734835be742cd789f92c1f9278e643bce5a1,0,829
005edd3da982e2ae2e86f885853957e62ed5b42a,0,749
9d93ad9052a81db09bc71eb1a2d0b0c9e09d8432,0,295
b110ab9a6e9e906bf782b677a1eac49a75956393,1,118
d39a257dec1c13f69ec628eed9c7d16798cdb584,0,508
70c53263a7bf2abc41c98c083798e14de528c970,0,128
004d3d65752ce555f4137ced5e2c8fd7f91ef7f6,0,170
0dd92d15179e81824c4d7bbc117cb4a69f461261,0,174
d2c978f7c87a520b227430303ba2e3cb48430bab,0,373
175f99808b3279580bca23b0479e36e2f2ad3553,0,675
57ce936cc4ecf0dc21d765847ee31e45e5003cce,0,400
2e3dacdc2731f7789cd7b43d1a730e8d05c308ec,1,119
a64d471de65e0c895862d8e7f103d6a66511971a,0,350
6a10fa8d4622d46257e43fcbea8c7cb0c68ce983,0,533
b646c685ffe30bf7c9725bf2477a35cc214b8e66,1,400
201c4befcd287b624232d0c82df23a3883ce17d3,0,372
c687df962ee2d69fba86275fb542f16362085def,0,358
3d914a9ffc6209e4ea96c888681d02ad21b965d3,0,408
c72ffa2623fb1d7b00828cd7c5a50e2f746c7cc9,0,324
9e183e1e42aac5aa9f2fd95658311aa6a5f40584,1,168
6214b8d053f593e9262772f727a909988e955690,0,470
4e722d6eb4038065566ea97a22e202c1c07210ac,0,382
e94212a27f5d7f37e693e48ef300f65f5396c1e5,0,407
eaf18f7ed021e3213d18247db6ed9dff85f89c86,1,116
d9e76821cb3343360ee3119293751b70ef7ca937,0,374
6f264c2a59b08d7379c7435d943d87743f089782,0,212
aff6737815f1e52c371ecd22d7997bef8ac00b8b,0,192
af3be96b5b443bd18384cef64a58dad7ef03b68f,0,96
a88a8c918819b7981af426417dff55e569897e03,1,132
53d504f25f5927ae7d76893bda2483b31f41d669,0,374
a042aadf08e3a7da2f46a16ad34871157ff96264,1,242
fa5931116c1d95589f802fffa25310bc7fc719c4,1,136
4264ff04b40903581a835dcf868585738528fcb9,0,765
73d48d7b2b5588948d9ce37737f2769d5b18b8ff,0,549
905eb733b222cb0fff454e7edcc0e4eb75e94057,0,398
25341c62ace15b55b3bce08345afeb8bfa7b3fdc,0,88
dc51a857b698c713f1f8b219abd7d0709a1945f6,0,518
bad4c08e1846834899acf30ad247962185bedbba,1,641
02178db10258a6998180c63b1d3d9c9a993ea359,0,538
018db2e24e07f827c3b8d3feba617dd2ff87db3d,0,548
582cf679c0eb33397f2d7035820954f73bebcd12,0,770
bb5f6eeaf64ac04f3c19c2833da90a71e8d8ba6f,1,163
7038e20c037262ac924befdbf78e01d2e5b2085e,1,251
d91c533536264c4da146cf04fa662df9e77bdc66,0,291
57b5ac5f1420f74fc31460d86d0a71219d3b8bd0,0,807
529a162106161b4f282f9053ba49f30dcbcbcf1a,0,146
76f5236613b5c63a64d6c5812308e3ea449bb9c6,0,79
fa4e50dfca5c026f1579398306b5fce220e0ae1f,0,401
