threshold,precision,recall,specificity,accuracy,f1,mcc,balanced_accuracy
0.0,0.12093788564376799,1.0,0.0,0.12093788564376799,0.21577981651376146,0.0,0.5
0.001,0.12244897959183673,1.0,0.014038371548900327,0.13327848621966268,0.21818181818181817,0.04146063520128361,0.5070191857744502
0.002,0.12634293081220455,1.0,0.04866635470285447,0.16371863430686961,0.2243418542541015,0.07841332721613685,0.5243331773514273
0.003,0.13033807829181496,0.9965986394557823,0.08516612072999533,0.195392842451666,0.23052714398111723,0.10104582993066594,0.5408823800928888
0.004,0.13496084753569784,0.9965986394557823,0.12119794103883949,0.22706705059646237,0.23772819472616633,0.12427736145102232,0.5588982902473109
0.005,0.13788235294117648,0.9965986394557823,0.14272344408048665,0.24598930481283424,0.24224886316659777,0.13694800388490078,0.5696610417681345
0.006,0.14181994191674735,0.9965986394557823,0.17033224145999065,0.27025915261209377,0.2483050847457627,0.15237054491063912,0.5834654404578865
0.007,0.14577114427860696,0.9965986394557823,0.1965372016846046,0.29329494035376386,0.2543402777777778,0.16641778029154863,0.5965679205701935
0.008,0.148806500761808,0.9965986394557823,0.21572297613476837,0.31016042780748665,0.25894829871851527,0.1764518802835698,0.6061608077952754
0.009000000000000001,0.15308254963427378,0.9965986394557823,0.24145999064108564,0.3327848621966269,0.2653985507246377,0.1896896425500151,0.619029315048434
0.01,0.15685224839400427,0.9965986394557823,0.26298549368273283,0.3517071164129988,0.27104532839962997,0.20063718964725322,0.6297920665692576
0.011,0.15965008201202843,0.9931972789115646,0.28076743097800655,0.3669271904566022,0.27508243052284503,0.2069500100068641,0.6369823549447856
0.012,0.1638608305274972,0.9931972789115646,0.3027608797379504,0.3862607980255039,0.2813102119460501,0.21813735591479147,0.6479790793247575
0.013000000000000001,0.1669545192861255,0.9863945578231292,0.32288254562470753,0.40312628547922663,0.28557360905957657,0.2232770323325301,0.6546385517239184
0.014,0.1710914454277286,0.9863945578231292,0.342536265793168,0.4204031262854792,0.29160382101558574,0.233430037781327,0.6644654118081486
0.015,0.17417417417417416,0.9863945578231292,0.35657463734206835,0.4327437268613739,0.29606942317508933,0.2407185378827956,0.6714845975825988
0.016,0.17846153846153845,0.9863945578231292,0.3752924660739354,0.44919786096256686,0.30224075039082854,0.25050399179042016,0.6808435119485323
0.017,0.18079800498753118,0.9863945578231292,0.38511932615816563,0.45783628136569315,0.3055848261327713,0.2556795764019917,0.6857569419906474
0.018000000000000002,0.18354430379746836,0.9863945578231292,0.3963500233972859,0.46770876182640886,0.3094983991462113,0.2616324774049168,0.6913722906102076
0.019,0.1869340232858991,0.9829931972789115,0.4117922321010763,0.48087206910736324,0.3141304347826087,0.26752271397764177,0.6973927146899939
0.02,0.19101123595505617,0.9829931972789115,0.4272344408048666,0.4944467297408474,0.3198671831765357,0.27590529687929566,0.7051138190418891
0.021,0.19527027027027027,0.9829931972789115,0.442676649508657,0.5080213903743316,0.3258173618940248,0.2843987591663329,0.7128349233937843
0.022,0.19808087731322824,0.9829931972789115,0.4525035095928872,0.5166598107774578,0.3297204791785511,0.28986783258357424,0.7177483534358994
0.023,0.20195667365478687,0.9829931972789115,0.4656059897051942,0.5281777046482928,0.33507246376811595,0.2972450229568718,0.7242995934920529
0.024,0.20613409415121256,0.9829931972789115,0.4791764155357979,0.5401069518716578,0.3408018867924528,0.3049970366401226,0.7310848064073547
0.025,0.21094890510948905,0.9829931972789115,0.4941506785212915,0.5532702591526121,0.3473557692307692,0.3136947892472269,0.7385719379001016
0.026000000000000002,0.21518987341772153,0.9829931972789115,0.5067852129153019,0.5643767996709174,0.35308491142333537,0.3211612277231423,0.7448892050971068
0.027,0.21927162367223066,0.9829931972789115,0.5184838558727187,0.5746606334841629,0.358560794044665,0.3281872494911354,0.7507385265758151
0.028,0.22153846153846155,0.9795918367346939,0.5264389330837623,0.5812422871246401,0.3613550815558344,0.330788096625267,0.753015384909228
0.029,0.22669826224328593,0.9761904761904762,0.5418811417875526,0.5944055944055944,0.367948717948718,0.33813171817893767,0.7590358089890143
0.03,0.22978382706164932,0.9761904761904762,0.5498362189985961,0.6013986013986014,0.37200259235255995,0.3431577040402011,0.7630133475945362
0.031,0.23276561232765614,0.9761904761904762,0.557323350491343,0.6079802550390786,0.3759004584151932,0.34794584774728027,0.7667569133409096
0.032,0.23509933774834438,0.9659863945578231,0.5676181562938699,0.6157959687371453,0.3781624500665779,0.3479755704261985,0.7668022754258466
0.033,0.23966244725738398,0.9659863945578231,0.5783809078146935,0.6252570958453312,0.38404327248140635,0.35509925504546846,0.7721836511862583
0.034,0.2452504317789292,0.9659863945578231,0.5910154422087038,0.6363636363636364,0.39118457300275483,0.3636336557220477,0.7785009183832634
0.035,0.2497801231310466,0.9659863945578231,0.600842302292934,0.6450020567667627,0.3969252271139064,0.3704080230525957,0.7834143484253786
0.036000000000000004,0.25359712230215825,0.9591836734693877,0.6116050538137576,0.6536404771698889,0.4011379800853485,0.37357389659811896,0.7853943636415727
0.037,0.2561531449407475,0.95578231292517,0.6181562938699111,0.6589880707527767,0.40402588066139467,0.37606259355279004,0.7869693033975406
0.038,0.26090993500464255,0.95578231292517,0.6275152082358446,0.667215137803373,0.4099197665937272,0.3828678268777024,0.7916487605805074
0.039,0.2668566001899335,0.95578231292517,0.6387459054749649,0.6770876182640888,0.4172234595397179,0.3912096909610989,0.7972641092000674
0.04,0.2725509214354995,0.95578231292517,0.6490407112774919,0.686137392019745,0.4241509433962264,0.39903490919426254,0.8024115121013309
0.041,0.2768472906403941,0.95578231292517,0.6565278427702387,0.6927190456602221,0.4293353705118411,0.4048393707305039,0.8061550778477043
0.042,0.28412537917087965,0.95578231292517,0.6686944314459523,0.7034142328259976,0.4380358534684334,0.4144874831572746,0.8122383721855612
0.043000000000000003,0.2880658436213992,0.9523809523809523,0.6761815629386991,0.7095845331139449,0.4423380726698262,0.41837297753120084,0.8142812576598257
0.044,0.29258098223615464,0.9523809523809523,0.6832007487131493,0.7157548334018923,0.44764188649080733,0.4241725896643913,0.8177908505470508
0.045,0.29850746268656714,0.9523809523809523,0.6920917173607861,0.7235705470999588,0.45454545454545453,0.43166725749138846,0.8222363348708692
0.046,0.30204962243797195,0.9523809523809523,0.6972391202620496,0.7280954339777869,0.45864045864045866,0.43608543006261674,0.824810036321501
0.047,0.30701754385964913,0.9523809523809523,0.7042583060364997,0.7342657342657343,0.46434494195688225,0.442207866946292,0.828319629208726
0.048,0.3124300111982083,0.9489795918367347,0.7126813289658399,0.7412587412587412,0.4700926705981466,0.4475149148117469,0.8308304604012873
0.049,0.3181299885974915,0.9489795918367347,0.7201684604585868,0.7478403948992184,0.47651579846285225,0.45433149154885316,0.8345740261476609
0.05,0.3225058004640371,0.9455782312925171,0.7267197005147403,0.7531879884821061,0.4809688581314879,0.4582184762735036,0.8361489659036287
0.051000000000000004,0.32860520094562645,0.9455782312925171,0.7342068320074872,0.7597696421225832,0.48771929824561405,0.4653157247732372,0.8398925316500021
0.052000000000000005,0.3345367027677497,0.9455782312925171,0.7412260177819373,0.7659399424105306,0.49422222222222223,0.4721156494350761,0.8434021245372272
0.053,0.3415233415233415,0.9455782312925171,0.7491810949929808,0.7729329494035376,0.5018050541516246,0.4800020578192503,0.8473796631427489
0.054,0.3453416149068323,0.9455782312925171,0.7533926064576509,0.7766351295763061,0.5059144676979072,0.4842579643728584,0.849485418875084
0.055,0.3501896333754741,0.9421768707482994,0.7594759007955078,0.781571369806664,0.5105990783410138,0.4883014405824351,0.8508263857719036
0.056,0.35512820512820514,0.9421768707482994,0.7646233036967712,0.786096256684492,0.515828677839851,0.4936870511679501,0.8534000872225354
0.057,0.35974025974025975,0.9421768707482994,0.7693027608797379,0.7902097902097902,0.5206766917293233,0.4986642326729996,0.8557398158140186
0.058,0.36268068331143233,0.9387755102040817,0.7730463266261114,0.793089263677499,0.5232227488151658,0.5004914574717115,0.8559109184150966
0.059000000000000004,0.36863270777479895,0.935374149659864,0.7795975666822649,0.7984368572603867,0.5288461538461539,0.5054700427948763,0.8574858581710645
0.06,0.3775933609958506,0.9285714285714286,0.789424426766495,0.8062525709584533,0.5368731563421829,0.5121353827891977,0.8589979276689619
0.061,0.3871428571428571,0.9217687074829932,0.7992512868507253,0.8140682846565199,0.545271629778672,0.5191892366395999,0.8605099971668593
0.062,0.39446870451237265,0.9217687074829932,0.8053345811885821,0.8194158782394076,0.5524974515800204,0.5265267332173955,0.8635516443357877
0.063,0.3941176470588235,0.9115646258503401,0.8072063640617688,0.8198272315919375,0.5503080082135524,0.5221183264104345,0.8593854949560544
0.064,0.3961424332344214,0.9081632653061225,0.8095460926532522,0.8214726450020567,0.5516528925619835,0.522767651808592,0.8588546789796874
0.065,0.3996983408748115,0.9013605442176871,0.8137576041179223,0.8243521184697655,0.5538140020898642,0.5235471882163738,0.8575590741678047
0.066,0.40337423312883436,0.8945578231292517,0.8179691155825924,0.8272315919374743,0.5560253699788583,0.524403332462243,0.8562634693559221
0.067,0.40649149922720246,0.8945578231292517,0.8203088441740758,0.8292883587001234,0.5589798087141339,0.5274137018178823,0.8574333336516637
0.068,0.4083850931677019,0.8945578231292517,0.8217126813289658,0.8305224187577128,0.5607675906183369,0.5292340570163229,0.8581352522291088
0.069,0.41029641185647425,0.8945578231292517,0.8231165184838559,0.8317564788153023,0.5625668449197861,0.5310651657449003,0.8588371708065539
0.07,0.4152139461172742,0.891156462585034,0.827328029948526,0.835047305635541,0.5664864864864865,0.5343703993709659,0.8592422462667799
0.07100000000000001,0.41961414790996787,0.8877551020408163,0.8310715956948994,0.8379267791032496,0.5698689956331878,0.5371377173788784,0.8594133488678579
0.07200000000000001,0.42301458670988656,0.8877551020408163,0.8334113242863828,0.8399835458658989,0.5729967069154775,0.5403189545538861,0.8605832131635995
0.073,0.424390243902439,0.8877551020408163,0.8343472157229761,0.8408062525709584,0.5742574257425742,0.5416006604564454,0.8610511588818962
0.074,0.42857142857142855,0.8877551020408163,0.8371548900327562,0.8432743726861374,0.5780730897009967,0.5454779249205197,0.8624549960367862
0.075,0.43283582089552236,0.8877551020408163,0.8399625643425362,0.8457424928013163,0.5819397993311036,0.5494043487213919,0.8638588331916763
0.076,0.4357262103505843,0.8877551020408163,0.8418343472157229,0.8473879062114357,0.5845464725643897,0.5520498870657622,0.8647947246282697
0.077,0.4377104377104377,0.8843537414965986,0.8437061300889097,0.8486219662690251,0.5855855855855856,0.5524528525745397,0.8640299357927541
0.078,0.44142614601018676,0.8843537414965986,0.8460458586803931,0.8506787330316742,0.5889014722536806,0.5558197733062716,0.8651998000884958
0.079,0.4421768707482993,0.8843537414965986,0.8465138043986897,0.851090086384204,0.5895691609977324,0.5564975711027589,0.8654337729476442
0.08,0.4434931506849315,0.8809523809523809,0.8479176415535797,0.8519127930892637,0.5899772209567198,0.5562706466279698,0.8644350112529804
0.081,0.44714038128249567,0.8775510204081632,0.8507253158633599,0.8539695598519128,0.5924225028702641,0.5581222720842859,0.8641381681357616
0.082,0.450261780104712,0.8775510204081632,0.8525970987365465,0.8556149732620321,0.5951557093425606,0.5609016677089156,0.865074059572355
0.083,0.45422535211267606,0.8775510204081632,0.85493682732803,0.8576717400246812,0.5986078886310905,0.5644113712626648,0.8662439238680966
0.084,0.4574468085106383,0.8775510204081632,0.8568086102012167,0.8593171534348005,0.6013986013986014,0.567248047943339,0.8671798153046899
0.085,0.46153846153846156,0.8775510204081632,0.8591483387927,0.8613739201974496,0.6049237983587339,0.5708307923480386,0.8683496796004316
0.08600000000000001,0.4648648648648649,0.8775510204081632,0.8610201216658867,0.8630193336075689,0.607773851590106,0.5737270842156418,0.869285571037025
0.08700000000000001,0.4673913043478261,0.8775510204081632,0.8624239588207768,0.8642533936651584,0.6099290780141844,0.5759171780544237,0.86998748961447
0.088,0.4708029197080292,0.8775510204081632,0.8642957416939635,0.8658988070752777,0.6128266033254157,0.5788615358057613,0.8709233810510634
0.089,0.4742647058823529,0.8775510204081632,0.8661675245671502,0.8675442204853969,0.6157517899761337,0.5818340552929502,0.8718592724876567
0.09,0.47689463955637706,0.8775510204081632,0.8675713617220402,0.8687782805429864,0.6179640718562874,0.5840822395628049,0.8725611910651017
0.091,0.48134328358208955,0.8775510204081632,0.8699110903135236,0.8708350473056355,0.6216867469879518,0.5878656809338396,0.8737310553608435
0.092,0.48120300751879697,0.8707482993197279,0.870846981750117,0.8708350473056355,0.6198547215496368,0.5848231900449219,0.8707976405349225
0.093,0.48295454545454547,0.8673469387755102,0.872250818905007,0.8716577540106952,0.6204379562043796,0.584837425532133,0.8697988788402586
0.094,0.4847908745247148,0.8673469387755102,0.8731867103416003,0.8724804607157548,0.6219512195121951,0.5863816367957086,0.8702668245585552
0.095,0.4894433781190019,0.8673469387755102,0.8755264389330838,0.8745372274784039,0.6257668711656442,0.5902760682877366,0.871436688854297
0.096,0.4894433781190019,0.8673469387755102,0.8755264389330838,0.8745372274784039,0.6257668711656442,0.5902760682877366,0.871436688854297
0.097,0.4913294797687861,0.8673469387755102,0.8764623303696771,0.8753599341834636,0.6273062730627307,0.5918475981782376,0.8719046345725936
0.098,0.49514563106796117,0.8673469387755102,0.8783341132428638,0.8770053475935828,0.630407911001236,0.5950146614300932,0.8728405260091869
0.099,0.498046875,0.8673469387755102,0.8797379503977538,0.8782394076511724,0.6327543424317618,0.5974112693549999,0.873542444586632
0.1,0.5009823182711198,0.8673469387755102,0.8811417875526439,0.8794734677087618,0.635118306351183,0.5998264421864565,0.874244363164077
0.101,0.5029585798816568,0.8673469387755102,0.8820776789892373,0.8802961744138215,0.6367041198501873,0.6014470067512394,0.8747123088823737
0.10200000000000001,0.5039840637450199,0.8605442176870748,0.8834815161441273,0.8807075277663513,0.635678391959799,0.5993022535422995,0.8720128669156011
0.10300000000000001,0.5070140280561122,0.8605442176870748,0.8848853532990173,0.8819415878239407,0.6380832282471627,0.6017674732448274,0.872714785493046
0.10400000000000001,0.5080321285140562,0.8605442176870748,0.885353299017314,0.8823529411764706,0.6388888888888888,0.6025935643935283,0.8729487583521944
0.105,0.5090543259557344,0.8605442176870748,0.8858212447356106,0.8827642945290004,0.6396965865992414,0.6034218493900267,0.8731827312113427
0.106,0.5142276422764228,0.8605442176870748,0.8881609733270941,0.8848210612916495,0.6437659033078881,0.6075965715188162,0.8743525955070844
0.107,0.5163265306122449,0.8605442176870748,0.8890968647636874,0.8856437679967092,0.6454081632653061,0.6092822100345973,0.8748205412253811
0.108,0.5173824130879345,0.8605442176870748,0.8895648104819841,0.886055121349239,0.6462324393358876,0.6101284501541487,0.8750545140845294
0.109,0.5174537987679672,0.8571428571428571,0.8900327562002808,0.886055121349239,0.645326504481434,0.6086757564310127,0.873587806671569
0.11,0.5228215767634855,0.8571428571428571,0.8923724847917641,0.8881118881118881,0.6494845360824743,0.6129527735444569,0.8747576709673106
0.111,0.5271966527196653,0.8571428571428571,0.8942442676649509,0.8897573015220074,0.6528497409326425,0.6164169970046551,0.875693562403904
0.112,0.5294117647058824,0.8571428571428571,0.8951801591015442,0.8905800082270671,0.6545454545454545,0.6181635847072794,0.8761615081222007
0.113,0.5305263157894737,0.8571428571428571,0.8956481048198409,0.8909913615795969,0.6553966189856957,0.6190405418872463,0.876395480981349
0.114,0.53276955602537,0.8571428571428571,0.8965839962564343,0.8918140682846565,0.6571056062581486,0.6208018472845714,0.8768634266996457
0.115,0.5329087048832272,0.8537414965986394,0.8970519419747309,0.8918140682846565,0.6562091503267974,0.6193810380384309,0.8753967192866852
0.116,0.5364806866952789,0.8503401360544217,0.8989237248479176,0.893048128342246,0.6578947368421053,0.6206353043493833,0.8746319304511696
0.117,0.5399568034557235,0.8503401360544217,0.9003275620028077,0.8942821883998354,0.6605019815059445,0.6233337066202376,0.8753338490286147
0.11800000000000001,0.5434782608695652,0.8503401360544217,0.9017313991576977,0.895516248457425,0.6631299734748011,0.6260555211176497,0.8760357676060597
0.11900000000000001,0.5446623093681917,0.8503401360544217,0.9021993448759944,0.8959276018099548,0.6640106241699867,0.6269680612352746,0.876269740465208
0.12,0.5470459518599562,0.8503401360544217,0.9031352363125877,0.8967503085150144,0.6657789613848203,0.6288011305741946,0.8767376861835048
0.121,0.5472527472527473,0.8469387755102041,0.9036031820308844,0.8967503085150144,0.664886515353805,0.6274104290878222,0.8752709787705443
0.122,0.5472527472527473,0.8469387755102041,0.9036031820308844,0.8967503085150144,0.664886515353805,0.6274104290878222,0.8752709787705443
0.123,0.549889135254989,0.8435374149659864,0.9050070191857744,0.897573015220074,0.6657718120805369,0.6278742114051798,0.8742722170758804
0.124,0.5511111111111111,0.8435374149659864,0.9054749649040711,0.8979843685726039,0.6666666666666666,0.6288056387229668,0.8745061899350288
0.125,0.5560538116591929,0.8435374149659864,0.9073467477772579,0.8996297819827231,0.6702702702702703,0.6325592136309208,0.8754420813716222
0.126,0.5573033707865168,0.8435374149659864,0.9078146934955545,0.900041135335253,0.6711772665764547,0.6335046517319887,0.8756760542307704
0.127,0.5610859728506787,0.8435374149659864,0.9092185306504446,0.9012751953928424,0.6739130434782609,0.6363581264214634,0.8763779728082155
0.128,0.5616438356164384,0.8367346938775511,0.9101544220870379,0.9012751953928424,0.6721311475409836,0.6336382012197364,0.8734445579822945
0.129,0.562929061784897,0.8367346938775511,0.9106223678053346,0.9016865487453722,0.6730506155950753,0.634601030922393,0.8736785308414428
0.13,0.5642201834862385,0.8367346938775511,0.9110903135236312,0.9020979020979021,0.673972602739726,0.6355668184845178,0.8739125037005911
0.131,0.5645161290322581,0.8333333333333334,0.9115582592419279,0.9020979020979021,0.6730769230769231,0.6342129441136506,0.8724457962876306
0.132,0.568445475638051,0.8333333333333334,0.912962096396818,0.9033319621554916,0.6758620689655173,0.6371373654802164,0.8731477148650757
0.133,0.5697674418604651,0.8333333333333334,0.9134300421151147,0.9037433155080213,0.6767955801104972,0.6381182481997915,0.873381687724224
0.134,0.572429906542056,0.8333333333333334,0.914365933551708,0.904566022213081,0.6786703601108033,0.6400892330126741,0.8738496334425208
0.135,0.5764705882352941,0.8333333333333334,0.915769770706598,0.9058000822706705,0.6815020862308763,0.6430690284726576,0.8745515520199657
0.136,0.5778301886792453,0.8333333333333334,0.9162377164248947,0.9062114356232003,0.6824512534818942,0.6440685848016166,0.8747855248791141
0.137,0.5758293838862559,0.826530612244898,0.9162377164248947,0.9053887289181407,0.6787709497206704,0.6394154264044773,0.8713841643348963
0.138,0.5758293838862559,0.826530612244898,0.9162377164248947,0.9053887289181407,0.6787709497206704,0.6394154264044773,0.8713841643348963
0.139,0.5751789976133651,0.8197278911564626,0.9167056621431914,0.9049773755656109,0.6760168302945302,0.6357531112003088,0.868216776649827
0.14,0.5779376498800959,0.8197278911564626,0.9176415535797847,0.9058000822706705,0.6779184247538678,0.6377688491234512,0.8686847223681237
0.14100000000000001,0.5779376498800959,0.8197278911564626,0.9176415535797847,0.9058000822706705,0.6779184247538678,0.6377688491234512,0.8686847223681237
0.14200000000000002,0.5779376498800959,0.8197278911564626,0.9176415535797847,0.9058000822706705,0.6779184247538678,0.6377688491234512,0.8686847223681237
0.14300000000000002,0.5807228915662651,0.8197278911564626,0.9185774450163781,0.9066227889757301,0.6798307475317349,0.6397976217334337,0.8691526680864203
0.14400000000000002,0.5821256038647343,0.8197278911564626,0.9190453907346747,0.90703414232826,0.6807909604519774,0.6408169450003166,0.8693866409455686
0.145,0.5849514563106796,0.8197278911564626,0.9199812821712682,0.9078568490333196,0.6827195467422096,0.6428655648088724,0.8698545866638654
0.146,0.589242053789731,0.8197278911564626,0.9213851193261582,0.9090909090909091,0.6856330014224751,0.6459637308152233,0.8705565052413105
0.147,0.5921375921375921,0.8197278911564626,0.9223210107627515,0.9099136157959687,0.6875891583452212,0.6480462387817004,0.871024450959607
0.148,0.5921375921375921,0.8197278911564626,0.9223210107627515,0.9099136157959687,0.6875891583452212,0.6480462387817004,0.871024450959607
0.149,0.5935960591133005,0.8197278911564626,0.9227889564810482,0.9103249691484986,0.6885714285714286,0.6490926746613394,0.8712584238187554
0.15,0.5935960591133005,0.8197278911564626,0.9227889564810482,0.9103249691484986,0.6885714285714286,0.6490926746613394,0.8712584238187554
0.151,0.5935960591133005,0.8197278911564626,0.9227889564810482,0.9103249691484986,0.6885714285714286,0.6490926746613394,0.8712584238187554
0.152,0.598014888337469,0.8197278911564626,0.9241927936359382,0.911559029206088,0.6915351506456241,0.6522529655732867,0.8719603423962003
0.153,0.6025,0.8197278911564626,0.9255966307908282,0.9127930892636775,0.6945244956772334,0.6554451875750464,0.8726622609736454
0.154,0.6040100250626567,0.8197278911564626,0.926064576509125,0.9132044426162074,0.6955266955266955,0.656516460509375,0.8728962338327938
0.155,0.6040100250626567,0.8197278911564626,0.926064576509125,0.9132044426162074,0.6955266955266955,0.656516460509375,0.8728962338327938
0.156,0.6040100250626567,0.8197278911564626,0.926064576509125,0.9132044426162074,0.6955266955266955,0.656516460509375,0.8728962338327938
0.157,0.6055276381909548,0.8197278911564626,0.9265325222274217,0.9136157959687371,0.6965317919075145,0.6575913703871229,0.8731302066919422
0.158,0.6085858585858586,0.8197278911564626,0.927468413664015,0.9144385026737968,0.6985507246376812,0.6597521922958622,0.8735981524102387
0.159,0.6085858585858586,0.8197278911564626,0.927468413664015,0.9144385026737968,0.6985507246376812,0.6597521922958622,0.8735981524102387
0.16,0.6081424936386769,0.8129251700680272,0.9279363593823117,0.9140271493212669,0.6957787481804949,0.6561673325340522,0.8704307647251694
0.161,0.6081424936386769,0.8129251700680272,0.9279363593823117,0.9140271493212669,0.6957787481804949,0.6561673325340522,0.8704307647251694
0.162,0.6086956521739131,0.8095238095238095,0.9284043051006083,0.9140271493212669,0.6948905109489051,0.6549173877546693,0.8689640573122089
0.163,0.6118251928020566,0.8095238095238095,0.9293401965372017,0.9148498560263266,0.6969253294289898,0.6571095319568336,0.8694320030305056
0.164,0.6124031007751938,0.8061224489795918,0.9298081422554983,0.9148498560263266,0.6960352422907489,0.655868622328801,0.8679652956175451
0.165,0.6124031007751938,0.8061224489795918,0.9298081422554983,0.9148498560263266,0.6960352422907489,0.655868622328801,0.8679652956175451
0.166,0.6139896373056994,0.8061224489795918,0.930276087973795,0.9152612093788565,0.6970588235294117,0.6569745328577242,0.8681992684766935
0.167,0.6139896373056994,0.8061224489795918,0.930276087973795,0.9152612093788565,0.6970588235294117,0.6569745328577242,0.8681992684766935
0.168,0.6155844155844156,0.8061224489795918,0.9307440336920917,0.9156725627313863,0.6980854197349042,0.6580843294940557,0.8684332413358418
0.169,0.6155844155844156,0.8061224489795918,0.9307440336920917,0.9156725627313863,0.6980854197349042,0.6580843294940557,0.8684332413358418
0.17,0.6155844155844156,0.8061224489795918,0.9307440336920917,0.9156725627313863,0.6980854197349042,0.6580843294940557,0.8684332413358418
0.171,0.6155844155844156,0.8061224489795918,0.9307440336920917,0.9156725627313863,0.6980854197349042,0.6580843294940557,0.8684332413358418
0.17200000000000001,0.6171875,0.8061224489795918,0.9312119794103884,0.916083916083916,0.6991150442477876,0.6591980373933659,0.86866721419499
0.17300000000000001,0.618798955613577,0.8061224489795918,0.931679925128685,0.9164952694364459,0.7001477104874446,0.6603156819392627,0.8689011870541384
0.17400000000000002,0.618798955613577,0.8061224489795918,0.931679925128685,0.9164952694364459,0.7001477104874446,0.6603156819392627,0.8689011870541384
0.17500000000000002,0.6204188481675392,0.8061224489795918,0.9321478708469817,0.9169066227889757,0.7011834319526628,0.6614372887460684,0.8691351599132868
0.176,0.6253298153034301,0.8061224489795918,0.9335517080018718,0.9181406828465652,0.7043090638930164,0.6648261423931393,0.8698370784907319
0.177,0.626984126984127,0.8061224489795918,0.9340196537201685,0.918552036199095,0.7053571428571429,0.6659638590969029,0.8700710513498802
0.178,0.6286472148541115,0.8061224489795918,0.9344875994384652,0.9189633895516248,0.706408345752608,0.6671056696902772,0.8703050242090284
0.179,0.632,0.8061224489795918,0.9354234908750585,0.9197860962566845,0.7085201793721974,0.6694016810244179,0.8707729699273252
0.18,0.632,0.8061224489795918,0.9354234908750585,0.9197860962566845,0.7085201793721974,0.6694016810244179,0.8707729699273252
0.181,0.632,0.8061224489795918,0.9354234908750585,0.9197860962566845,0.7085201793721974,0.6694016810244179,0.8707729699273252
0.182,0.6336898395721925,0.8061224489795918,0.9358914365933552,0.9201974496092143,0.7095808383233533,0.6705559366338679,0.8710069427864735
0.183,0.6327077747989276,0.8027210884353742,0.9358914365933552,0.9197860962566845,0.7076461769115442,0.668213880969382,0.8693062625143646
0.184,0.6327077747989276,0.8027210884353742,0.9358914365933552,0.9197860962566845,0.7076461769115442,0.668213880969382,0.8693062625143646
0.185,0.6307277628032345,0.7959183673469388,0.9358914365933552,0.9189633895516248,0.7037593984962406,0.6635193379083085,0.865904901970147
0.186,0.6324324324324324,0.7959183673469388,0.9363593823116518,0.9193747429041547,0.7048192771084337,0.6646789216560931,0.8661388748292953
0.187,0.6324324324324324,0.7959183673469388,0.9363593823116518,0.9193747429041547,0.7048192771084337,0.6646789216560931,0.8661388748292953
0.188,0.6324324324324324,0.7959183673469388,0.9363593823116518,0.9193747429041547,0.7048192771084337,0.6646789216560931,0.8661388748292953
0.189,0.6348773841961853,0.7925170068027211,0.9372952737482452,0.9197860962566845,0.7049924357034796,0.6646594971392663,0.8649061402754832
0.19,0.6348773841961853,0.7925170068027211,0.9372952737482452,0.9197860962566845,0.7049924357034796,0.6646594971392663,0.8649061402754832
0.191,0.6383561643835617,0.7925170068027211,0.9382311651848385,0.9206088029617442,0.7071320182094082,0.6670095823335296,0.8653740859937797
0.192,0.6383561643835617,0.7925170068027211,0.9382311651848385,0.9206088029617442,0.7071320182094082,0.6670095823335296,0.8653740859937797
0.193,0.6401098901098901,0.7925170068027211,0.9386991109031352,0.9210201563142739,0.7082066869300911,0.668191200170221,0.8656080588529281
0.194,0.6408839779005525,0.7891156462585034,0.939167056621432,0.9210201563142739,0.7073170731707317,0.6670238934193022,0.8641413514399676
0.195,0.6444444444444445,0.7891156462585034,0.9401029480580253,0.9218428630193336,0.709480122324159,0.6694102540946528,0.8646092971582644
0.196,0.6470588235294118,0.7857142857142857,0.9410388394946186,0.9222542163718634,0.7096774193548387,0.669459563820142,0.8633765626044522
0.197,0.648876404494382,0.7857142857142857,0.9415067852129153,0.9226655697243933,0.7107692307692308,0.6706691514140847,0.8636105354636006
0.198,0.648876404494382,0.7857142857142857,0.9415067852129153,0.9226655697243933,0.7107692307692308,0.6706691514140847,0.8636105354636006
0.199,0.647887323943662,0.782312925170068,0.9415067852129153,0.9222542163718634,0.7087827426810478,0.6683108014851326,0.8619098551914917
0.2,0.6505681818181818,0.7789115646258503,0.9424426766495086,0.9226655697243933,0.7089783281733746,0.6683838375415038,0.8606771206376795
0.201,0.6514285714285715,0.7755102040816326,0.9429106223678053,0.9226655697243933,0.7080745341614907,0.667244154395195,0.8592104132247189
0.202,0.6514285714285715,0.7755102040816326,0.9429106223678053,0.9226655697243933,0.7080745341614907,0.667244154395195,0.8592104132247189
0.203,0.6504297994269341,0.7721088435374149,0.9429106223678053,0.9222542163718634,0.7060653188180405,0.6648760903582897,0.8575097329526101
0.20400000000000001,0.6522988505747126,0.7721088435374149,0.943378568086102,0.9226655697243933,0.7071651090342679,0.6661064921194708,0.8577437058117585
0.20500000000000002,0.653179190751445,0.7687074829931972,0.9438465138043987,0.9226655697243933,0.70625,0.6649708804725082,0.8562769983987979
0.20600000000000002,0.653179190751445,0.7687074829931972,0.9438465138043987,0.9226655697243933,0.70625,0.6649708804725082,0.8562769983987979
0.20700000000000002,0.6550724637681159,0.7687074829931972,0.9443144595226953,0.9230769230769231,0.7073552425665102,0.6662114948013416,0.8565109712579463
0.20800000000000002,0.6569767441860465,0.7687074829931972,0.944782405240992,0.9234882764294529,0.7084639498432602,0.6674570167765008,0.8567449441170947
0.209,0.6569767441860465,0.7687074829931972,0.944782405240992,0.9234882764294529,0.7084639498432602,0.6674570167765008,0.8567449441170947
0.21,0.6588921282798834,0.7687074829931972,0.9452503509592888,0.9238996297819827,0.7095761381475667,0.6687074819198603,0.856978916976243
0.211,0.6588921282798834,0.7687074829931972,0.9452503509592888,0.9238996297819827,0.7095761381475667,0.6687074819198603,0.856978916976243
0.212,0.6578947368421053,0.7653061224489796,0.9452503509592888,0.9234882764294529,0.7075471698113207,0.6663344291876849,0.8552782367041342
0.213,0.6578947368421053,0.7653061224489796,0.9452503509592888,0.9234882764294529,0.7075471698113207,0.6663344291876849,0.8552782367041342
0.214,0.6578947368421053,0.7653061224489796,0.9452503509592888,0.9234882764294529,0.7075471698113207,0.6663344291876849,0.8552782367041342
0.215,0.6598240469208211,0.7653061224489796,0.9457182966775854,0.9238996297819827,0.7086614173228346,0.6675904416364116,0.8555122095632826
0.216,0.6617647058823529,0.7653061224489796,0.9461862423958821,0.9243109831345125,0.7097791798107256,0.668851484495406,0.8557461824224308
0.217,0.6617647058823529,0.7653061224489796,0.9461862423958821,0.9243109831345125,0.7097791798107256,0.668851484495406,0.8557461824224308
0.218,0.6637168141592921,0.7653061224489796,0.9466541881141788,0.9247223364870424,0.7109004739336493,0.6701175946006197,0.8559801552815791
0.219,0.6627218934911243,0.7619047619047619,0.9466541881141788,0.9243109831345125,0.7088607594936709,0.6677423943858757,0.8542794750094703
0.22,0.6646884272997032,0.7619047619047619,0.9471221338324755,0.9247223364870424,0.7099841521394612,0.66901421698387,0.8545134478686187
0.221,0.6646884272997032,0.7619047619047619,0.9471221338324755,0.9247223364870424,0.7099841521394612,0.66901421698387,0.8545134478686187
0.222,0.6646884272997032,0.7619047619047619,0.9471221338324755,0.9247223364870424,0.7099841521394612,0.66901421698387,0.8545134478686187
0.223,0.6666666666666666,0.7619047619047619,0.9475900795507721,0.9251336898395722,0.7111111111111111,0.6702911974792317,0.854747420727767
0.224,0.6666666666666666,0.7619047619047619,0.9475900795507721,0.9251336898395722,0.7111111111111111,0.6702911974792317,0.854747420727767
0.225,0.6666666666666666,0.7619047619047619,0.9475900795507721,0.9251336898395722,0.7111111111111111,0.6702911974792317,0.854747420727767
0.226,0.6666666666666666,0.7619047619047619,0.9475900795507721,0.9251336898395722,0.7111111111111111,0.6702911974792317,0.854747420727767
0.227,0.6676646706586826,0.7585034013605442,0.9480580252690688,0.9251336898395722,0.7101910828025477,0.6691961009870089,0.8532807133148065
0.228,0.6696696696696697,0.7585034013605442,0.9485259709873655,0.9255450431921021,0.7113237639553429,0.6704841624533796,0.8535146861739549
0.229,0.6696696696696697,0.7585034013605442,0.9485259709873655,0.9255450431921021,0.7113237639553429,0.6704841624533796,0.8535146861739549
0.23,0.6696696696696697,0.7585034013605442,0.9485259709873655,0.9255450431921021,0.7113237639553429,0.6704841624533796,0.8535146861739549
0.231,0.6696696696696697,0.7585034013605442,0.9485259709873655,0.9255450431921021,0.7113237639553429,0.6704841624533796,0.8535146861739549
0.232,0.6716867469879518,0.7585034013605442,0.9489939167056621,0.9259563965446318,0.7124600638977636,0.6717775142718103,0.8537486590331032
0.233,0.6716867469879518,0.7585034013605442,0.9489939167056621,0.9259563965446318,0.7124600638977636,0.6717775142718103,0.8537486590331032
0.234,0.6716867469879518,0.7585034013605442,0.9489939167056621,0.9259563965446318,0.7124600638977636,0.6717775142718103,0.8537486590331032
0.23500000000000001,0.6716867469879518,0.7585034013605442,0.9489939167056621,0.9259563965446318,0.7124600638977636,0.6717775142718103,0.8537486590331032
0.23600000000000002,0.6706948640483383,0.7551020408163265,0.9489939167056621,0.9255450431921021,0.7104,0.669397572207929,0.8520479787609943
0.23700000000000002,0.6706948640483383,0.7551020408163265,0.9489939167056621,0.9255450431921021,0.7104,0.669397572207929,0.8520479787609943
0.23800000000000002,0.6706948640483383,0.7551020408163265,0.9489939167056621,0.9255450431921021,0.7104,0.669397572207929,0.8520479787609943
0.23900000000000002,0.6706948640483383,0.7551020408163265,0.9489939167056621,0.9255450431921021,0.7104,0.669397572207929,0.8520479787609943
0.24,0.6706948640483383,0.7551020408163265,0.9489939167056621,0.9255450431921021,0.7104,0.669397572207929,0.8520479787609943
0.241,0.6727272727272727,0.7551020408163265,0.9494618624239588,0.9259563965446318,0.7115384615384616,0.6706969315685571,0.8522819516201426
0.242,0.6727272727272727,0.7551020408163265,0.9494618624239588,0.9259563965446318,0.7115384615384616,0.6706969315685571,0.8522819516201426
0.243,0.6727272727272727,0.7551020408163265,0.9494618624239588,0.9259563965446318,0.7115384615384616,0.6706969315685571,0.8522819516201426
0.244,0.676829268292683,0.7551020408163265,0.9503977538605521,0.9267791032496915,0.7138263665594855,0.6733118528741755,0.8527498973384393
0.245,0.676923076923077,0.7482993197278912,0.9508656995788488,0.9263677498971616,0.7108239095315024,0.6698610932019079,0.84958250965337
0.246,0.676923076923077,0.7482993197278912,0.9508656995788488,0.9263677498971616,0.7108239095315024,0.6698610932019079,0.84958250965337
0.247,0.6790123456790124,0.7482993197278912,0.9513336452971455,0.9267791032496915,0.7119741100323624,0.6711837257656262,0.8498164825125183
0.248,0.6801242236024845,0.7448979591836735,0.9518015910154423,0.9267791032496915,0.711038961038961,0.670124090365688,0.8483497750995579
0.249,0.6801242236024845,0.7448979591836735,0.9518015910154423,0.9267791032496915,0.711038961038961,0.670124090365688,0.8483497750995579
0.25,0.6801242236024845,0.7448979591836735,0.9518015910154423,0.9267791032496915,0.711038961038961,0.670124090365688,0.8483497750995579
0.251,0.6801242236024845,0.7448979591836735,0.9518015910154423,0.9267791032496915,0.711038961038961,0.670124090365688,0.8483497750995579
0.252,0.6801242236024845,0.7448979591836735,0.9518015910154423,0.9267791032496915,0.711038961038961,0.670124090365688,0.8483497750995579
0.253,0.6801242236024845,0.7448979591836735,0.9518015910154423,0.9267791032496915,0.711038961038961,0.670124090365688,0.8483497750995579
0.254,0.6801242236024845,0.7448979591836735,0.9518015910154423,0.9267791032496915,0.711038961038961,0.670124090365688,0.8483497750995579
0.255,0.6801242236024845,0.7448979591836735,0.9518015910154423,0.9267791032496915,0.711038961038961,0.670124090365688,0.8483497750995579
0.256,0.6801242236024845,0.7448979591836735,0.9518015910154423,0.9267791032496915,0.711038961038961,0.670124090365688,0.8483497750995579
0.257,0.6801242236024845,0.7448979591836735,0.9518015910154423,0.9267791032496915,0.711038961038961,0.670124090365688,0.8483497750995579
0.258,0.6801242236024845,0.7448979591836735,0.9518015910154423,0.9267791032496915,0.711038961038961,0.670124090365688,0.8483497750995579
0.259,0.6822429906542056,0.7448979591836735,0.9522695367337389,0.9271904566022213,0.7121951219512195,0.6714587122367673,0.8485837479587062
0.26,0.6822429906542056,0.7448979591836735,0.9522695367337389,0.9271904566022213,0.7121951219512195,0.6714587122367673,0.8485837479587062
0.261,0.6822429906542056,0.7448979591836735,0.9522695367337389,0.9271904566022213,0.7121951219512195,0.6714587122367673,0.8485837479587062
0.262,0.6822429906542056,0.7448979591836735,0.9522695367337389,0.9271904566022213,0.7121951219512195,0.6714587122367673,0.8485837479587062
0.263,0.684375,0.7448979591836735,0.9527374824520356,0.9276018099547512,0.7133550488599348,0.6727990293187858,0.8488177208178546
0.264,0.6845425867507886,0.7380952380952381,0.9532054281703323,0.9271904566022213,0.7103109656301145,0.6693615769638429,0.8456503331327851
0.265,0.6845425867507886,0.7380952380952381,0.9532054281703323,0.9271904566022213,0.7103109656301145,0.6693615769638429,0.8456503331327851
0.266,0.6867088607594937,0.7380952380952381,0.9536733738886289,0.9276018099547512,0.7114754098360656,0.6707150504390027,0.8458843059919335
0.267,0.6867088607594937,0.7380952380952381,0.9536733738886289,0.9276018099547512,0.7114754098360656,0.6707150504390027,0.8458843059919335
0.268,0.6867088607594937,0.7380952380952381,0.9536733738886289,0.9276018099547512,0.7114754098360656,0.6707150504390027,0.8458843059919335
0.269,0.6867088607594937,0.7380952380952381,0.9536733738886289,0.9276018099547512,0.7114754098360656,0.6707150504390027,0.8458843059919335
0.27,0.6888888888888889,0.7380952380952381,0.9541413196069256,0.928013163307281,0.7126436781609196,0.672074393506705,0.8461182788510819
0.271,0.6888888888888889,0.7380952380952381,0.9541413196069256,0.928013163307281,0.7126436781609196,0.672074393506705,0.8461182788510819
0.272,0.6888888888888889,0.7380952380952381,0.9541413196069256,0.928013163307281,0.7126436781609196,0.672074393506705,0.8461182788510819
0.273,0.6910828025477707,0.7380952380952381,0.9546092653252223,0.9284245166598107,0.7138157894736842,0.6734396525381429,0.8463522517102302
0.274,0.6910828025477707,0.7380952380952381,0.9546092653252223,0.9284245166598107,0.7138157894736842,0.6734396525381429,0.8463522517102302
0.275,0.6910828025477707,0.7380952380952381,0.9546092653252223,0.9284245166598107,0.7138157894736842,0.6734396525381429,0.8463522517102302
0.276,0.6910828025477707,0.7380952380952381,0.9546092653252223,0.9284245166598107,0.7138157894736842,0.6734396525381429,0.8463522517102302
0.277,0.6910828025477707,0.7380952380952381,0.9546092653252223,0.9284245166598107,0.7138157894736842,0.6734396525381429,0.8463522517102302
0.278,0.6932907348242812,0.7380952380952381,0.955077211043519,0.9288358700123406,0.71499176276771,0.6748108744192393,0.8465862245693785
0.279,0.6932907348242812,0.7380952380952381,0.955077211043519,0.9288358700123406,0.71499176276771,0.6748108744192393,0.8465862245693785
0.28,0.6932907348242812,0.7380952380952381,0.955077211043519,0.9288358700123406,0.71499176276771,0.6748108744192393,0.8465862245693785
0.281,0.6932907348242812,0.7380952380952381,0.955077211043519,0.9288358700123406,0.71499176276771,0.6748108744192393,0.8465862245693785
0.28200000000000003,0.6932907348242812,0.7380952380952381,0.955077211043519,0.9288358700123406,0.71499176276771,0.6748108744192393,0.8465862245693785
0.28300000000000003,0.6955128205128205,0.7380952380952381,0.9555451567618156,0.9292472233648704,0.7161716171617162,0.6761881065580397,0.8468201974285269
0.28400000000000003,0.6977491961414791,0.7380952380952381,0.9560131024801123,0.9296585767174003,0.7173553719008264,0.677571396892238,0.8470541702876753
0.28500000000000003,0.6967741935483871,0.7346938775510204,0.9560131024801123,0.9292472233648704,0.7152317880794702,0.6751784775355226,0.8453534900155664
0.28600000000000003,0.6967741935483871,0.7346938775510204,0.9560131024801123,0.9292472233648704,0.7152317880794702,0.6751784775355226,0.8453534900155664
0.28700000000000003,0.6967741935483871,0.7346938775510204,0.9560131024801123,0.9292472233648704,0.7152317880794702,0.6751784775355226,0.8453534900155664
0.28800000000000003,0.6948051948051948,0.7278911564625851,0.9560131024801123,0.9284245166598107,0.7109634551495017,0.6703797376955835,0.8419521294713487
0.289,0.6948051948051948,0.7278911564625851,0.9560131024801123,0.9284245166598107,0.7109634551495017,0.6703797376955835,0.8419521294713487
0.29,0.6928104575163399,0.7210884353741497,0.9560131024801123,0.9276018099547512,0.7066666666666667,0.6655635752992343,0.838550768927131
0.291,0.694078947368421,0.717687074829932,0.956481048198409,0.9276018099547512,0.705685618729097,0.6645437889190181,0.8370840615141705
0.292,0.694078947368421,0.717687074829932,0.956481048198409,0.9276018099547512,0.705685618729097,0.6645437889190181,0.8370840615141705
0.293,0.6963696369636964,0.717687074829932,0.9569489939167056,0.928013163307281,0.7068676716917923,0.6659449912483538,0.8373180343733189
0.294,0.6963696369636964,0.717687074829932,0.9569489939167056,0.928013163307281,0.7068676716917923,0.6659449912483538,0.8373180343733189
0.295,0.6986754966887417,0.717687074829932,0.9574169396350023,0.9284245166598107,0.7080536912751678,0.6673525351201298,0.8375520072324671
0.296,0.6976744186046512,0.7142857142857143,0.9574169396350023,0.928013163307281,0.7058823529411765,0.6649361446205841,0.8358513269603582
0.297,0.6976744186046512,0.7142857142857143,0.9574169396350023,0.928013163307281,0.7058823529411765,0.6649361446205841,0.8358513269603582
0.298,0.6976744186046512,0.7142857142857143,0.9574169396350023,0.928013163307281,0.7058823529411765,0.6649361446205841,0.8358513269603582
0.299,0.6976744186046512,0.7142857142857143,0.9574169396350023,0.928013163307281,0.7058823529411765,0.6649361446205841,0.8358513269603582
0.3,0.6976744186046512,0.7142857142857143,0.9574169396350023,0.928013163307281,0.7058823529411765,0.6649361446205841,0.8358513269603582
0.301,0.6976744186046512,0.7142857142857143,0.9574169396350023,0.928013163307281,0.7058823529411765,0.6649361446205841,0.8358513269603582
0.302,0.7,0.7142857142857143,0.957884885353299,0.9284245166598107,0.7070707070707071,0.6663510506616593,0.8360852998195066
0.303,0.7023411371237458,0.7142857142857143,0.9583528310715957,0.9288358700123406,0.7082630691399663,0.6677724272007943,0.836319272678655
0.304,0.7023411371237458,0.7142857142857143,0.9583528310715957,0.9288358700123406,0.7082630691399663,0.6677724272007943,0.836319272678655
0.305,0.7023411371237458,0.7142857142857143,0.9583528310715957,0.9288358700123406,0.7082630691399663,0.6677724272007943,0.836319272678655
0.306,0.7023411371237458,0.7142857142857143,0.9583528310715957,0.9288358700123406,0.7082630691399663,0.6677724272007943,0.836319272678655
0.307,0.7023411371237458,0.7142857142857143,0.9583528310715957,0.9288358700123406,0.7082630691399663,0.6677724272007943,0.836319272678655
0.308,0.7023411371237458,0.7142857142857143,0.9583528310715957,0.9288358700123406,0.7082630691399663,0.6677724272007943,0.836319272678655
0.309,0.7013422818791947,0.7108843537414966,0.9583528310715957,0.9284245166598107,0.706081081081081,0.665353476122368,0.8346185924065461
0.31,0.7013422818791947,0.7108843537414966,0.9583528310715957,0.9284245166598107,0.706081081081081,0.665353476122368,0.8346185924065461
0.311,0.7013422818791947,0.7108843537414966,0.9583528310715957,0.9284245166598107,0.706081081081081,0.665353476122368,0.8346185924065461
0.312,0.7027027027027027,0.7074829931972789,0.9588207767898924,0.9284245166598107,0.7050847457627119,0.6643598855639442,0.8331518849935857
0.313,0.7027027027027027,0.7074829931972789,0.9588207767898924,0.9284245166598107,0.7050847457627119,0.6643598855639442,0.8331518849935857
0.314,0.7016949152542373,0.7040816326530612,0.9588207767898924,0.928013163307281,0.7028862478777589,0.6619327846760886,0.8314512047214768
0.315,0.7016949152542373,0.7040816326530612,0.9588207767898924,0.928013163307281,0.7028862478777589,0.6619327846760886,0.8314512047214768
0.316,0.6996587030716723,0.6972789115646258,0.9588207767898924,0.9271904566022213,0.6984667802385008,0.6570646414001594,0.8280498441772591
0.317,0.702054794520548,0.6972789115646258,0.9592887225081891,0.9276018099547512,0.6996587030716723,0.6585042441149255,0.8282838170364075
0.318,0.702054794520548,0.6972789115646258,0.9592887225081891,0.9276018099547512,0.6996587030716723,0.6585042441149255,0.8282838170364075
0.319,0.7044673539518901,0.6972789115646258,0.9597566682264858,0.928013163307281,0.7008547008547008,0.6599506078879728,0.8285177898955558
0.32,0.7034482758620689,0.6938775510204082,0.9597566682264858,0.9276018099547512,0.6986301369863014,0.6575115317938233,0.8268171096234469
0.321,0.7034482758620689,0.6938775510204082,0.9597566682264858,0.9276018099547512,0.6986301369863014,0.6575115317938233,0.8268171096234469
0.322,0.7034482758620689,0.6938775510204082,0.9597566682264858,0.9276018099547512,0.6986301369863014,0.6575115317938233,0.8268171096234469
0.323,0.7058823529411765,0.6938775510204082,0.9602246139447824,0.928013163307281,0.6998284734133791,0.6589657737904991,0.8270510824825953
0.324,0.7058823529411765,0.6938775510204082,0.9602246139447824,0.928013163307281,0.6998284734133791,0.6589657737904991,0.8270510824825953
0.325,0.7058823529411765,0.6938775510204082,0.9602246139447824,0.928013163307281,0.6998284734133791,0.6589657737904991,0.8270510824825953
0.326,0.7058823529411765,0.6938775510204082,0.9602246139447824,0.928013163307281,0.6998284734133791,0.6589657737904991,0.8270510824825953
0.327,0.7058823529411765,0.6938775510204082,0.9602246139447824,0.928013163307281,0.6998284734133791,0.6589657737904991,0.8270510824825953
0.328,0.7058823529411765,0.6938775510204082,0.9602246139447824,0.928013163307281,0.6998284734133791,0.6589657737904991,0.8270510824825953
0.329,0.7058823529411765,0.6938775510204082,0.9602246139447824,0.928013163307281,0.6998284734133791,0.6589657737904991,0.8270510824825953
0.33,0.7132867132867133,0.6938775510204082,0.9616284510996724,0.9292472233648704,0.7034482758620689,0.6633701632205378,0.8277530010600402
0.331,0.7132867132867133,0.6938775510204082,0.9616284510996724,0.9292472233648704,0.7034482758620689,0.6633701632205378,0.8277530010600402
0.332,0.7132867132867133,0.6938775510204082,0.9616284510996724,0.9292472233648704,0.7034482758620689,0.6633701632205378,0.8277530010600402
0.333,0.7132867132867133,0.6938775510204082,0.9616284510996724,0.9292472233648704,0.7034482758620689,0.6633701632205378,0.8277530010600402
0.334,0.7157894736842105,0.6938775510204082,0.9620963968179691,0.9296585767174003,0.7046632124352331,0.6648523820228788,0.8279869739191886
0.335,0.7147887323943662,0.6904761904761905,0.9620963968179691,0.9292472233648704,0.7024221453287197,0.6624140881675576,0.8262862936470798
0.336,0.7147887323943662,0.6904761904761905,0.9620963968179691,0.9292472233648704,0.7024221453287197,0.6624140881675576,0.8262862936470798
0.337,0.7147887323943662,0.6904761904761905,0.9620963968179691,0.9292472233648704,0.7024221453287197,0.6624140881675576,0.8262862936470798
0.338,0.7147887323943662,0.6904761904761905,0.9620963968179691,0.9292472233648704,0.7024221453287197,0.6624140881675576,0.8262862936470798
0.339,0.7147887323943662,0.6904761904761905,0.9620963968179691,0.9292472233648704,0.7024221453287197,0.6624140881675576,0.8262862936470798
0.34,0.7147887323943662,0.6904761904761905,0.9620963968179691,0.9292472233648704,0.7024221453287197,0.6624140881675576,0.8262862936470798
0.341,0.7147887323943662,0.6904761904761905,0.9620963968179691,0.9292472233648704,0.7024221453287197,0.6624140881675576,0.8262862936470798
0.342,0.7173144876325088,0.6904761904761905,0.9625643425362658,0.9296585767174003,0.7036395147313691,0.6639046461958747,0.8265202665062281
0.343,0.7173144876325088,0.6904761904761905,0.9625643425362658,0.9296585767174003,0.7036395147313691,0.6639046461958747,0.8265202665062281
0.34400000000000003,0.7173144876325088,0.6904761904761905,0.9625643425362658,0.9296585767174003,0.7036395147313691,0.6639046461958747,0.8265202665062281
0.34500000000000003,0.7173144876325088,0.6904761904761905,0.9625643425362658,0.9296585767174003,0.7036395147313691,0.6639046461958747,0.8265202665062281
0.34600000000000003,0.7173144876325088,0.6904761904761905,0.9625643425362658,0.9296585767174003,0.7036395147313691,0.6639046461958747,0.8265202665062281
0.34700000000000003,0.7173144876325088,0.6904761904761905,0.9625643425362658,0.9296585767174003,0.7036395147313691,0.6639046461958747,0.8265202665062281
0.34800000000000003,0.7198581560283688,0.6904761904761905,0.9630322882545624,0.9300699300699301,0.7048611111111112,0.665402442869983,0.8267542393653764
0.34900000000000003,0.7224199288256228,0.6904761904761905,0.9635002339728591,0.93048128342246,0.7060869565217391,0.666907542032972,0.8269882122245248
0.35000000000000003,0.7224199288256228,0.6904761904761905,0.9635002339728591,0.93048128342246,0.7060869565217391,0.666907542032972,0.8269882122245248
0.35100000000000003,0.725,0.6904761904761905,0.9639681796911558,0.9308926367749897,0.7073170731707317,0.6684200083202008,0.8272221850836732
0.352,0.725,0.6904761904761905,0.9639681796911558,0.9308926367749897,0.7073170731707317,0.6684200083202008,0.8272221850836732
0.353,0.7275985663082437,0.6904761904761905,0.9644361254094524,0.9313039901275195,0.7085514834205934,0.6699399071720232,0.8274561579428215
0.354,0.7275985663082437,0.6904761904761905,0.9644361254094524,0.9313039901275195,0.7085514834205934,0.6699399071720232,0.8274561579428215
0.355,0.7275985663082437,0.6904761904761905,0.9644361254094524,0.9313039901275195,0.7085514834205934,0.6699399071720232,0.8274561579428215
0.356,0.7275985663082437,0.6904761904761905,0.9644361254094524,0.9313039901275195,0.7085514834205934,0.6699399071720232,0.8274561579428215
0.357,0.7275985663082437,0.6904761904761905,0.9644361254094524,0.9313039901275195,0.7085514834205934,0.6699399071720232,0.8274561579428215
0.358,0.7275985663082437,0.6904761904761905,0.9644361254094524,0.9313039901275195,0.7085514834205934,0.6699399071720232,0.8274561579428215
0.359,0.7275985663082437,0.6904761904761905,0.9644361254094524,0.9313039901275195,0.7085514834205934,0.6699399071720232,0.8274561579428215
0.36,0.7275985663082437,0.6904761904761905,0.9644361254094524,0.9313039901275195,0.7085514834205934,0.6699399071720232,0.8274561579428215
0.361,0.7302158273381295,0.6904761904761905,0.9649040711277492,0.9317153434800494,0.7097902097902098,0.6714673048467646,0.8276901308019698
0.362,0.7302158273381295,0.6904761904761905,0.9649040711277492,0.9317153434800494,0.7097902097902098,0.6714673048467646,0.8276901308019698
0.363,0.7302158273381295,0.6904761904761905,0.9649040711277492,0.9317153434800494,0.7097902097902098,0.6714673048467646,0.8276901308019698
0.364,0.7302158273381295,0.6904761904761905,0.9649040711277492,0.9317153434800494,0.7097902097902098,0.6714673048467646,0.8276901308019698
0.365,0.7328519855595668,0.6904761904761905,0.9653720168460459,0.9321266968325792,0.7110332749562172,0.6730022684339559,0.8279241036611182
0.366,0.730909090909091,0.6836734693877551,0.9653720168460459,0.9313039901275195,0.7065026362038664,0.6681290191827369,0.8245227431169004
0.367,0.730909090909091,0.6836734693877551,0.9653720168460459,0.9313039901275195,0.7065026362038664,0.6681290191827369,0.8245227431169004
0.368,0.7299270072992701,0.6802721088435374,0.9653720168460459,0.9308926367749897,0.704225352112676,0.6656850081359768,0.8228220628447916
0.369,0.7299270072992701,0.6802721088435374,0.9653720168460459,0.9308926367749897,0.704225352112676,0.6656850081359768,0.8228220628447916
0.37,0.7299270072992701,0.6802721088435374,0.9653720168460459,0.9308926367749897,0.704225352112676,0.6656850081359768,0.8228220628447916
0.371,0.7299270072992701,0.6802721088435374,0.9653720168460459,0.9308926367749897,0.704225352112676,0.6656850081359768,0.8228220628447916
0.372,0.7299270072992701,0.6802721088435374,0.9653720168460459,0.9308926367749897,0.704225352112676,0.6656850081359768,0.8228220628447916
0.373,0.7299270072992701,0.6802721088435374,0.9653720168460459,0.9308926367749897,0.704225352112676,0.6656850081359768,0.8228220628447916
0.374,0.7299270072992701,0.6802721088435374,0.9653720168460459,0.9308926367749897,0.704225352112676,0.6656850081359768,0.8228220628447916
0.375,0.7299270072992701,0.6802721088435374,0.9653720168460459,0.9308926367749897,0.704225352112676,0.6656850081359768,0.8228220628447916
0.376,0.7299270072992701,0.6802721088435374,0.9653720168460459,0.9308926367749897,0.704225352112676,0.6656850081359768,0.8228220628447916
0.377,0.7299270072992701,0.6802721088435374,0.9653720168460459,0.9308926367749897,0.704225352112676,0.6656850081359768,0.8228220628447916
0.378,0.7316176470588235,0.6768707482993197,0.9658399625643426,0.9308926367749897,0.7031802120141343,0.6647842025704875,0.8213553554318311
0.379,0.7316176470588235,0.6768707482993197,0.9658399625643426,0.9308926367749897,0.7031802120141343,0.6647842025704875,0.8213553554318311
0.38,0.7316176470588235,0.6768707482993197,0.9658399625643426,0.9308926367749897,0.7031802120141343,0.6647842025704875,0.8213553554318311
0.381,0.7316176470588235,0.6768707482993197,0.9658399625643426,0.9308926367749897,0.7031802120141343,0.6647842025704875,0.8213553554318311
0.382,0.7316176470588235,0.6768707482993197,0.9658399625643426,0.9308926367749897,0.7031802120141343,0.6647842025704875,0.8213553554318311
0.383,0.7316176470588235,0.6768707482993197,0.9658399625643426,0.9308926367749897,0.7031802120141343,0.6647842025704875,0.8213553554318311
0.384,0.7316176470588235,0.6768707482993197,0.9658399625643426,0.9308926367749897,0.7031802120141343,0.6647842025704875,0.8213553554318311
0.385,0.7343173431734318,0.6768707482993197,0.9663079082826392,0.9313039901275195,0.7044247787610619,0.666340222494018,0.8215893282909794
0.386,0.737037037037037,0.6768707482993197,0.9667758540009359,0.9317153434800494,0.7056737588652482,0.667904149766567,0.8218233011501278
0.387,0.737037037037037,0.6768707482993197,0.9667758540009359,0.9317153434800494,0.7056737588652482,0.667904149766567,0.8218233011501278
0.388,0.7397769516728625,0.6768707482993197,0.9672437997192326,0.9321266968325792,0.7069271758436945,0.669476057219239,0.8220572740092762
0.389,0.7397769516728625,0.6768707482993197,0.9672437997192326,0.9321266968325792,0.7069271758436945,0.669476057219239,0.8220572740092762
0.39,0.7397769516728625,0.6768707482993197,0.9672437997192326,0.9321266968325792,0.7069271758436945,0.669476057219239,0.8220572740092762
0.391,0.7397769516728625,0.6768707482993197,0.9672437997192326,0.9321266968325792,0.7069271758436945,0.669476057219239,0.8220572740092762
0.392,0.7397769516728625,0.6768707482993197,0.9672437997192326,0.9321266968325792,0.7069271758436945,0.669476057219239,0.8220572740092762
0.393,0.7388059701492538,0.673469387755102,0.9672437997192326,0.9317153434800494,0.7046263345195729,0.6670277968240802,0.8203565937371673
0.394,0.7388059701492538,0.673469387755102,0.9672437997192326,0.9317153434800494,0.7046263345195729,0.6670277968240802,0.8203565937371673
0.395,0.7388059701492538,0.673469387755102,0.9672437997192326,0.9317153434800494,0.7046263345195729,0.6670277968240802,0.8203565937371673
0.396,0.7388059701492538,0.673469387755102,0.9672437997192326,0.9317153434800494,0.7046263345195729,0.6670277968240802,0.8203565937371673
0.397,0.7415730337078652,0.673469387755102,0.9677117454375292,0.9321266968325792,0.7058823529411765,0.6686092830713158,0.8205905665963156
0.398,0.7433962264150943,0.6700680272108843,0.9681796911558259,0.9321266968325792,0.7048300536672629,0.6677486737520159,0.8191238591833552
0.399,0.7433962264150943,0.6700680272108843,0.9681796911558259,0.9321266968325792,0.7048300536672629,0.6677486737520159,0.8191238591833552
0.4,0.7433962264150943,0.6700680272108843,0.9681796911558259,0.9321266968325792,0.7048300536672629,0.6677486737520159,0.8191238591833552
0.401,0.7433962264150943,0.6700680272108843,0.9681796911558259,0.9321266968325792,0.7048300536672629,0.6677486737520159,0.8191238591833552
0.402,0.7424242424242424,0.6666666666666666,0.9681796911558259,0.9317153434800494,0.7025089605734767,0.6652932842769818,0.8174231789112463
0.403,0.7480916030534351,0.6666666666666666,0.9691155825924193,0.932538050185109,0.7050359712230215,0.6685038350821406,0.8178911246295429
0.404,0.7480916030534351,0.6666666666666666,0.9691155825924193,0.932538050185109,0.7050359712230215,0.6685038350821406,0.8178911246295429
0.405,0.7509578544061303,0.6666666666666666,0.9695835283107159,0.9329494035376388,0.7063063063063063,0.6701217811058862,0.8181250974886913
0.406,0.7509578544061303,0.6666666666666666,0.9695835283107159,0.9329494035376388,0.7063063063063063,0.6701217811058862,0.8181250974886913
0.40700000000000003,0.75,0.6632653061224489,0.9695835283107159,0.932538050185109,0.703971119133574,0.6676660987141257,0.8164244172165824
0.40800000000000003,0.752895752895753,0.6632653061224489,0.9700514740290126,0.9329494035376388,0.705244122965642,0.6692943038713167,0.8166583900757307
0.40900000000000003,0.752895752895753,0.6632653061224489,0.9700514740290126,0.9329494035376388,0.705244122965642,0.6692943038713167,0.8166583900757307
0.41000000000000003,0.7558139534883721,0.6632653061224489,0.9705194197473093,0.9333607568901686,0.7065217391304348,0.6709311853959901,0.8168923629348791
0.41100000000000003,0.7558139534883721,0.6632653061224489,0.9705194197473093,0.9333607568901686,0.7065217391304348,0.6709311853959901,0.8168923629348791
0.41200000000000003,0.754863813229572,0.6598639455782312,0.9705194197473093,0.9329494035376388,0.7041742286751361,0.6684737212487496,0.8151916826627703
0.41300000000000003,0.7578125,0.6598639455782312,0.970987365465606,0.9333607568901686,0.7054545454545454,0.670121146637965,0.8154256555219186
0.41400000000000003,0.7578125,0.6598639455782312,0.970987365465606,0.9333607568901686,0.7054545454545454,0.670121146637965,0.8154256555219186
0.41500000000000004,0.7578125,0.6598639455782312,0.970987365465606,0.9333607568901686,0.7054545454545454,0.670121146637965,0.8154256555219186
0.41600000000000004,0.7578125,0.6598639455782312,0.970987365465606,0.9333607568901686,0.7054545454545454,0.670121146637965,0.8154256555219186
0.417,0.7578125,0.6598639455782312,0.970987365465606,0.9333607568901686,0.7054545454545454,0.670121146637965,0.8154256555219186
0.418,0.7578125,0.6598639455782312,0.970987365465606,0.9333607568901686,0.7054545454545454,0.670121146637965,0.8154256555219186
0.419,0.7607843137254902,0.6598639455782312,0.9714553111839027,0.9337721102426985,0.7067395264116576,0.6717774586919092,0.815659628381067
0.42,0.7607843137254902,0.6598639455782312,0.9714553111839027,0.9337721102426985,0.7067395264116576,0.6717774586919092,0.815659628381067
0.421,0.7607843137254902,0.6598639455782312,0.9714553111839027,0.9337721102426985,0.7067395264116576,0.6717774586919092,0.815659628381067
0.422,0.7607843137254902,0.6598639455782312,0.9714553111839027,0.9337721102426985,0.7067395264116576,0.6717774586919092,0.815659628381067
0.423,0.7607843137254902,0.6598639455782312,0.9714553111839027,0.9337721102426985,0.7067395264116576,0.6717774586919092,0.815659628381067
0.424,0.7607843137254902,0.6598639455782312,0.9714553111839027,0.9337721102426985,0.7067395264116576,0.6717774586919092,0.815659628381067
0.425,0.7607843137254902,0.6598639455782312,0.9714553111839027,0.9337721102426985,0.7067395264116576,0.6717774586919092,0.815659628381067
0.426,0.7637795275590551,0.6598639455782312,0.9719232569021994,0.9341834635952283,0.708029197080292,0.6734427440669171,0.8158936012402154
0.427,0.7637795275590551,0.6598639455782312,0.9719232569021994,0.9341834635952283,0.708029197080292,0.6734427440669171,0.8158936012402154
0.428,0.7637795275590551,0.6598639455782312,0.9719232569021994,0.9341834635952283,0.708029197080292,0.6734427440669171,0.8158936012402154
0.429,0.766798418972332,0.6598639455782312,0.972391202620496,0.9345948169477581,0.7093235831809872,0.6751170906097003,0.8161275740993637
0.43,0.766798418972332,0.6598639455782312,0.972391202620496,0.9345948169477581,0.7093235831809872,0.6751170906097003,0.8161275740993637
0.431,0.766798418972332,0.6598639455782312,0.972391202620496,0.9345948169477581,0.7093235831809872,0.6751170906097003,0.8161275740993637
0.432,0.7658730158730159,0.6564625850340136,0.972391202620496,0.9341834635952283,0.706959706959707,0.672661732994356,0.8144268938272547
0.433,0.7658730158730159,0.6564625850340136,0.972391202620496,0.9341834635952283,0.706959706959707,0.672661732994356,0.8144268938272547
0.434,0.7658730158730159,0.6564625850340136,0.972391202620496,0.9341834635952283,0.706959706959707,0.672661732994356,0.8144268938272547
0.435,0.7658730158730159,0.6564625850340136,0.972391202620496,0.9341834635952283,0.706959706959707,0.672661732994356,0.8144268938272547
0.436,0.7658730158730159,0.6564625850340136,0.972391202620496,0.9341834635952283,0.706959706959707,0.672661732994356,0.8144268938272547
0.437,0.7658730158730159,0.6564625850340136,0.972391202620496,0.9341834635952283,0.706959706959707,0.672661732994356,0.8144268938272547
0.438,0.7658730158730159,0.6564625850340136,0.972391202620496,0.9341834635952283,0.706959706959707,0.672661732994356,0.8144268938272547
0.439,0.7689243027888446,0.6564625850340136,0.9728591483387927,0.9345948169477581,0.708256880733945,0.6743471850230959,0.8146608666864031
0.44,0.7751004016064257,0.6564625850340136,0.9737950397753861,0.9354175236528177,0.7108655616942909,0.677746038960913,0.8151288124046998
0.441,0.7751004016064257,0.6564625850340136,0.9737950397753861,0.9354175236528177,0.7108655616942909,0.677746038960913,0.8151288124046998
0.442,0.7782258064516129,0.6564625850340136,0.9742629854936827,0.9358288770053476,0.7121771217712177,0.6794596268854358,0.8153627852638481
0.443,0.7782258064516129,0.6564625850340136,0.9742629854936827,0.9358288770053476,0.7121771217712177,0.6794596268854358,0.8153627852638481
0.444,0.7813765182186235,0.6564625850340136,0.9747309312119794,0.9362402303578774,0.7134935304990758,0.6811827816381515,0.8155967581229965
0.445,0.7813765182186235,0.6564625850340136,0.9747309312119794,0.9362402303578774,0.7134935304990758,0.6811827816381515,0.8155967581229965
0.446,0.7813765182186235,0.6564625850340136,0.9747309312119794,0.9362402303578774,0.7134935304990758,0.6811827816381515,0.8155967581229965
0.447,0.7813765182186235,0.6564625850340136,0.9747309312119794,0.9362402303578774,0.7134935304990758,0.6811827816381515,0.8155967581229965
0.448,0.7813765182186235,0.6564625850340136,0.9747309312119794,0.9362402303578774,0.7134935304990758,0.6811827816381515,0.8155967581229965
0.449,0.7813765182186235,0.6564625850340136,0.9747309312119794,0.9362402303578774,0.7134935304990758,0.6811827816381515,0.8155967581229965
0.45,0.7813765182186235,0.6564625850340136,0.9747309312119794,0.9362402303578774,0.7134935304990758,0.6811827816381515,0.8155967581229965
0.451,0.7813765182186235,0.6564625850340136,0.9747309312119794,0.9362402303578774,0.7134935304990758,0.6811827816381515,0.8155967581229965
0.452,0.7845528455284553,0.6564625850340136,0.9751988769302761,0.9366515837104072,0.7148148148148148,0.6829155995337626,0.8158307309821449
0.453,0.7877551020408163,0.6564625850340136,0.9756668226485727,0.9370629370629371,0.7161410018552876,0.6846581782534105,0.8160647038412931
0.454,0.7868852459016393,0.6530612244897959,0.9756668226485727,0.9366515837104072,0.7137546468401487,0.6822121596928138,0.8143640235691842
0.455,0.7901234567901234,0.6530612244897959,0.9761347683668694,0.9370629370629371,0.7150837988826816,0.6839668902744398,0.8145979964283326
0.456,0.7892561983471075,0.6496598639455783,0.9761347683668694,0.9366515837104072,0.7126865671641791,0.6815177889015248,0.8128973161562238
0.457,0.7892561983471075,0.6496598639455783,0.9761347683668694,0.9366515837104072,0.7126865671641791,0.6815177889015248,0.8128973161562238
0.458,0.7892561983471075,0.6496598639455783,0.9761347683668694,0.9366515837104072,0.7126865671641791,0.6815177889015248,0.8128973161562238
0.459,0.7892561983471075,0.6496598639455783,0.9761347683668694,0.9366515837104072,0.7126865671641791,0.6815177889015248,0.8128973161562238
0.46,0.7892561983471075,0.6496598639455783,0.9761347683668694,0.9366515837104072,0.7126865671641791,0.6815177889015248,0.8128973161562238
0.461,0.7892561983471075,0.6496598639455783,0.9761347683668694,0.9366515837104072,0.7126865671641791,0.6815177889015248,0.8128973161562238
0.462,0.7892561983471075,0.6496598639455783,0.9761347683668694,0.9366515837104072,0.7126865671641791,0.6815177889015248,0.8128973161562238
0.463,0.7892561983471075,0.6496598639455783,0.9761347683668694,0.9366515837104072,0.7126865671641791,0.6815177889015248,0.8128973161562238
0.464,0.7892561983471075,0.6496598639455783,0.9761347683668694,0.9366515837104072,0.7126865671641791,0.6815177889015248,0.8128973161562238
0.465,0.7892561983471075,0.6496598639455783,0.9761347683668694,0.9366515837104072,0.7126865671641791,0.6815177889015248,0.8128973161562238
0.466,0.7892561983471075,0.6496598639455783,0.9761347683668694,0.9366515837104072,0.7126865671641791,0.6815177889015248,0.8128973161562238
0.467,0.7892561983471075,0.6496598639455783,0.9761347683668694,0.9366515837104072,0.7126865671641791,0.6815177889015248,0.8128973161562238
0.468,0.7892561983471075,0.6496598639455783,0.9761347683668694,0.9366515837104072,0.7126865671641791,0.6815177889015248,0.8128973161562238
0.46900000000000003,0.7892561983471075,0.6496598639455783,0.9761347683668694,0.9366515837104072,0.7126865671641791,0.6815177889015248,0.8128973161562238
0.47000000000000003,0.7892561983471075,0.6496598639455783,0.9761347683668694,0.9366515837104072,0.7126865671641791,0.6815177889015248,0.8128973161562238
0.47100000000000003,0.7883817427385892,0.6462585034013606,0.9761347683668694,0.9362402303578774,0.7102803738317757,0.6790632642121376,0.811196635884115
0.47200000000000003,0.7883817427385892,0.6462585034013606,0.9761347683668694,0.9362402303578774,0.7102803738317757,0.6790632642121376,0.811196635884115
0.47300000000000003,0.7883817427385892,0.6462585034013606,0.9761347683668694,0.9362402303578774,0.7102803738317757,0.6790632642121376,0.811196635884115
0.47400000000000003,0.7883817427385892,0.6462585034013606,0.9761347683668694,0.9362402303578774,0.7102803738317757,0.6790632642121376,0.811196635884115
0.47500000000000003,0.7883817427385892,0.6462585034013606,0.9761347683668694,0.9362402303578774,0.7102803738317757,0.6790632642121376,0.811196635884115
0.47600000000000003,0.7875,0.6428571428571429,0.9761347683668694,0.9358288770053476,0.7078651685393258,0.676603267054422,0.8094959556120062
0.47700000000000004,0.7875,0.6428571428571429,0.9761347683668694,0.9358288770053476,0.7078651685393258,0.676603267054422,0.8094959556120062
0.47800000000000004,0.7875,0.6428571428571429,0.9761347683668694,0.9358288770053476,0.7078651685393258,0.676603267054422,0.8094959556120062
0.47900000000000004,0.7875,0.6428571428571429,0.9761347683668694,0.9358288770053476,0.7078651685393258,0.676603267054422,0.8094959556120062
0.48,0.7875,0.6428571428571429,0.9761347683668694,0.9358288770053476,0.7078651685393258,0.676603267054422,0.8094959556120062
0.481,0.7875,0.6428571428571429,0.9761347683668694,0.9358288770053476,0.7078651685393258,0.676603267054422,0.8094959556120062
0.482,0.7875,0.6428571428571429,0.9761347683668694,0.9358288770053476,0.7078651685393258,0.676603267054422,0.8094959556120062
0.483,0.7875,0.6428571428571429,0.9761347683668694,0.9358288770053476,0.7078651685393258,0.676603267054422,0.8094959556120062
0.484,0.7875,0.6428571428571429,0.9761347683668694,0.9358288770053476,0.7078651685393258,0.676603267054422,0.8094959556120062
0.485,0.7907949790794979,0.6428571428571429,0.9766027140851661,0.9362402303578774,0.7091932457786116,0.6783750534496286,0.8097299284711545
0.486,0.7907949790794979,0.6428571428571429,0.9766027140851661,0.9362402303578774,0.7091932457786116,0.6783750534496286,0.8097299284711545
0.487,0.7941176470588235,0.6428571428571429,0.9770706598034627,0.9366515837104072,0.7105263157894737,0.6801571158629769,0.8099639013303028
0.488,0.7941176470588235,0.6428571428571429,0.9770706598034627,0.9366515837104072,0.7105263157894737,0.6801571158629769,0.8099639013303028
0.489,0.7941176470588235,0.6428571428571429,0.9770706598034627,0.9366515837104072,0.7105263157894737,0.6801571158629769,0.8099639013303028
0.49,0.7941176470588235,0.6428571428571429,0.9770706598034627,0.9366515837104072,0.7105263157894737,0.6801571158629769,0.8099639013303028
0.491,0.7941176470588235,0.6428571428571429,0.9770706598034627,0.9366515837104072,0.7105263157894737,0.6801571158629769,0.8099639013303028
0.492,0.7941176470588235,0.6428571428571429,0.9770706598034627,0.9366515837104072,0.7105263157894737,0.6801571158629769,0.8099639013303028
0.493,0.7941176470588235,0.6428571428571429,0.9770706598034627,0.9366515837104072,0.7105263157894737,0.6801571158629769,0.8099639013303028
0.494,0.7941176470588235,0.6428571428571429,0.9770706598034627,0.9366515837104072,0.7105263157894737,0.6801571158629769,0.8099639013303028
0.495,0.7974683544303798,0.6428571428571429,0.9775386055217595,0.9370629370629371,0.711864406779661,0.6819495616547557,0.8101978741894512
0.496,0.7974683544303798,0.6428571428571429,0.9775386055217595,0.9370629370629371,0.711864406779661,0.6819495616547557,0.8101978741894512
0.497,0.7974683544303798,0.6428571428571429,0.9775386055217595,0.9370629370629371,0.711864406779661,0.6819495616547557,0.8101978741894512
0.498,0.7974683544303798,0.6428571428571429,0.9775386055217595,0.9370629370629371,0.711864406779661,0.6819495616547557,0.8101978741894512
0.499,0.7974683544303798,0.6428571428571429,0.9775386055217595,0.9370629370629371,0.711864406779661,0.6819495616547557,0.8101978741894512
0.5,0.7974683544303798,0.6428571428571429,0.9775386055217595,0.9370629370629371,0.711864406779661,0.6819495616547557,0.8101978741894512
0.501,0.8068669527896996,0.6394557823129252,0.9789424426766495,0.9378856437679967,0.713472485768501,0.6849397265864068,0.8091991124947874
0.502,0.8068669527896996,0.6394557823129252,0.9789424426766495,0.9378856437679967,0.713472485768501,0.6849397265864068,0.8091991124947874
0.503,0.8068669527896996,0.6394557823129252,0.9789424426766495,0.9378856437679967,0.713472485768501,0.6849397265864068,0.8091991124947874
0.504,0.8068669527896996,0.6394557823129252,0.9789424426766495,0.9378856437679967,0.713472485768501,0.6849397265864068,0.8091991124947874
0.505,0.8068669527896996,0.6394557823129252,0.9789424426766495,0.9378856437679967,0.713472485768501,0.6849397265864068,0.8091991124947874
0.506,0.8103448275862069,0.6394557823129252,0.9794103883949462,0.9382969971205265,0.714828897338403,0.6867775063593141,0.8094330853539358
0.507,0.8103448275862069,0.6394557823129252,0.9794103883949462,0.9382969971205265,0.714828897338403,0.6867775063593141,0.8094330853539358
0.508,0.8103448275862069,0.6394557823129252,0.9794103883949462,0.9382969971205265,0.714828897338403,0.6867775063593141,0.8094330853539358
0.509,0.8103448275862069,0.6394557823129252,0.9794103883949462,0.9382969971205265,0.714828897338403,0.6867775063593141,0.8094330853539358
0.51,0.8103448275862069,0.6394557823129252,0.9794103883949462,0.9382969971205265,0.714828897338403,0.6867775063593141,0.8094330853539358
0.511,0.8103448275862069,0.6394557823129252,0.9794103883949462,0.9382969971205265,0.714828897338403,0.6867775063593141,0.8094330853539358
0.512,0.8103448275862069,0.6394557823129252,0.9794103883949462,0.9382969971205265,0.714828897338403,0.6867775063593141,0.8094330853539358
0.513,0.8103448275862069,0.6394557823129252,0.9794103883949462,0.9382969971205265,0.714828897338403,0.6867775063593141,0.8094330853539358
0.514,0.8103448275862069,0.6394557823129252,0.9794103883949462,0.9382969971205265,0.714828897338403,0.6867775063593141,0.8094330853539358
0.515,0.8103448275862069,0.6394557823129252,0.9794103883949462,0.9382969971205265,0.714828897338403,0.6867775063593141,0.8094330853539358
0.516,0.8173913043478261,0.6394557823129252,0.9803462798315395,0.9391197038255862,0.7175572519083969,0.6904862009894858,0.8099010310722323
0.517,0.8173913043478261,0.6394557823129252,0.9803462798315395,0.9391197038255862,0.7175572519083969,0.6904862009894858,0.8099010310722323
0.518,0.8173913043478261,0.6394557823129252,0.9803462798315395,0.9391197038255862,0.7175572519083969,0.6904862009894858,0.8099010310722323
0.519,0.8173913043478261,0.6394557823129252,0.9803462798315395,0.9391197038255862,0.7175572519083969,0.6904862009894858,0.8099010310722323
0.52,0.8173913043478261,0.6394557823129252,0.9803462798315395,0.9391197038255862,0.7175572519083969,0.6904862009894858,0.8099010310722323
0.521,0.8201754385964912,0.6360544217687075,0.9808142255498362,0.9391197038255862,0.7164750957854407,0.6899124016618908,0.8084343236592719
0.522,0.8201754385964912,0.6360544217687075,0.9808142255498362,0.9391197038255862,0.7164750957854407,0.6899124016618908,0.8084343236592719
0.523,0.8201754385964912,0.6360544217687075,0.9808142255498362,0.9391197038255862,0.7164750957854407,0.6899124016618908,0.8084343236592719
0.524,0.827433628318584,0.6360544217687075,0.9817501169864296,0.9399424105306459,0.7192307692307692,0.6936949044176638,0.8089022693775685
0.525,0.827433628318584,0.6360544217687075,0.9817501169864296,0.9399424105306459,0.7192307692307692,0.6936949044176638,0.8089022693775685
0.526,0.8311111111111111,0.6360544217687075,0.9822180627047262,0.9403537638831756,0.720616570327553,0.6956036181806227,0.8091362422367169
0.527,0.8311111111111111,0.6360544217687075,0.9822180627047262,0.9403537638831756,0.720616570327553,0.6956036181806227,0.8091362422367169
0.528,0.8311111111111111,0.6360544217687075,0.9822180627047262,0.9403537638831756,0.720616570327553,0.6956036181806227,0.8091362422367169
0.529,0.8311111111111111,0.6360544217687075,0.9822180627047262,0.9403537638831756,0.720616570327553,0.6956036181806227,0.8091362422367169
0.53,0.8311111111111111,0.6360544217687075,0.9822180627047262,0.9403537638831756,0.720616570327553,0.6956036181806227,0.8091362422367169
0.531,0.8311111111111111,0.6360544217687075,0.9822180627047262,0.9403537638831756,0.720616570327553,0.6956036181806227,0.8091362422367169
0.532,0.8311111111111111,0.6360544217687075,0.9822180627047262,0.9403537638831756,0.720616570327553,0.6956036181806227,0.8091362422367169
0.533,0.8311111111111111,0.6360544217687075,0.9822180627047262,0.9403537638831756,0.720616570327553,0.6956036181806227,0.8091362422367169
0.534,0.8311111111111111,0.6360544217687075,0.9822180627047262,0.9403537638831756,0.720616570327553,0.6956036181806227,0.8091362422367169
0.535,0.8311111111111111,0.6360544217687075,0.9822180627047262,0.9403537638831756,0.720616570327553,0.6956036181806227,0.8091362422367169
0.536,0.8311111111111111,0.6360544217687075,0.9822180627047262,0.9403537638831756,0.720616570327553,0.6956036181806227,0.8091362422367169
0.537,0.8348214285714286,0.6360544217687075,0.9826860084230229,0.9407651172357054,0.722007722007722,0.6975241450667411,0.8093702150958653
0.538,0.8348214285714286,0.6360544217687075,0.9826860084230229,0.9407651172357054,0.722007722007722,0.6975241450667411,0.8093702150958653
0.539,0.8348214285714286,0.6360544217687075,0.9826860084230229,0.9407651172357054,0.722007722007722,0.6975241450667411,0.8093702150958653
0.54,0.8348214285714286,0.6360544217687075,0.9826860084230229,0.9407651172357054,0.722007722007722,0.6975241450667411,0.8093702150958653
0.541,0.8348214285714286,0.6360544217687075,0.9826860084230229,0.9407651172357054,0.722007722007722,0.6975241450667411,0.8093702150958653
0.542,0.8348214285714286,0.6360544217687075,0.9826860084230229,0.9407651172357054,0.722007722007722,0.6975241450667411,0.8093702150958653
0.543,0.8348214285714286,0.6360544217687075,0.9826860084230229,0.9407651172357054,0.722007722007722,0.6975241450667411,0.8093702150958653
0.544,0.8348214285714286,0.6360544217687075,0.9826860084230229,0.9407651172357054,0.722007722007722,0.6975241450667411,0.8093702150958653
0.545,0.8348214285714286,0.6360544217687075,0.9826860084230229,0.9407651172357054,0.722007722007722,0.6975241450667411,0.8093702150958653
0.546,0.8348214285714286,0.6360544217687075,0.9826860084230229,0.9407651172357054,0.722007722007722,0.6975241450667411,0.8093702150958653
0.547,0.8348214285714286,0.6360544217687075,0.9826860084230229,0.9407651172357054,0.722007722007722,0.6975241450667411,0.8093702150958653
0.548,0.8348214285714286,0.6360544217687075,0.9826860084230229,0.9407651172357054,0.722007722007722,0.6975241450667411,0.8093702150958653
0.549,0.8348214285714286,0.6360544217687075,0.9826860084230229,0.9407651172357054,0.722007722007722,0.6975241450667411,0.8093702150958653
0.55,0.8348214285714286,0.6360544217687075,0.9826860084230229,0.9407651172357054,0.722007722007722,0.6975241450667411,0.8093702150958653
0.551,0.8348214285714286,0.6360544217687075,0.9826860084230229,0.9407651172357054,0.722007722007722,0.6975241450667411,0.8093702150958653
0.552,0.8348214285714286,0.6360544217687075,0.9826860084230229,0.9407651172357054,0.722007722007722,0.6975241450667411,0.8093702150958653
0.553,0.8348214285714286,0.6360544217687075,0.9826860084230229,0.9407651172357054,0.722007722007722,0.6975241450667411,0.8093702150958653
0.554,0.8348214285714286,0.6360544217687075,0.9826860084230229,0.9407651172357054,0.722007722007722,0.6975241450667411,0.8093702150958653
0.555,0.8348214285714286,0.6360544217687075,0.9826860084230229,0.9407651172357054,0.722007722007722,0.6975241450667411,0.8093702150958653
0.556,0.8348214285714286,0.6360544217687075,0.9826860084230229,0.9407651172357054,0.722007722007722,0.6975241450667411,0.8093702150958653
0.557,0.8348214285714286,0.6360544217687075,0.9826860084230229,0.9407651172357054,0.722007722007722,0.6975241450667411,0.8093702150958653
0.558,0.8348214285714286,0.6360544217687075,0.9826860084230229,0.9407651172357054,0.722007722007722,0.6975241450667411,0.8093702150958653
0.559,0.8385650224215246,0.6360544217687075,0.9831539541413196,0.9411764705882353,0.723404255319149,0.6994566162326606,0.8096041879550135
0.56,0.8385650224215246,0.6360544217687075,0.9831539541413196,0.9411764705882353,0.723404255319149,0.6994566162326606,0.8096041879550135
0.561,0.8385650224215246,0.6360544217687075,0.9831539541413196,0.9411764705882353,0.723404255319149,0.6994566162326606,0.8096041879550135
0.562,0.8378378378378378,0.6326530612244898,0.9831539541413196,0.9407651172357054,0.7209302325581395,0.6970215624657871,0.8079035076829046
0.5630000000000001,0.8371040723981901,0.6292517006802721,0.9831539541413196,0.9403537638831756,0.7184466019417476,0.6945809130810222,0.8062028274107959
0.5640000000000001,0.8371040723981901,0.6292517006802721,0.9831539541413196,0.9403537638831756,0.7184466019417476,0.6945809130810222,0.8062028274107959
0.5650000000000001,0.8348623853211009,0.6190476190476191,0.9831539541413196,0.9391197038255862,0.7109375,0.6872248548831338,0.8011007865944693
0.5660000000000001,0.8348623853211009,0.6190476190476191,0.9831539541413196,0.9391197038255862,0.7109375,0.6872248548831338,0.8011007865944693
0.5670000000000001,0.8341013824884793,0.6156462585034014,0.9831539541413196,0.9387083504730563,0.7084148727984344,0.68476128302323,0.7994001063223605
0.5680000000000001,0.8341013824884793,0.6156462585034014,0.9831539541413196,0.9387083504730563,0.7084148727984344,0.68476128302323,0.7994001063223605
0.5690000000000001,0.8333333333333334,0.6122448979591837,0.9831539541413196,0.9382969971205265,0.7058823529411765,0.6822918418278615,0.7976994260502517
0.5700000000000001,0.8333333333333334,0.6122448979591837,0.9831539541413196,0.9382969971205265,0.7058823529411765,0.6822918418278615,0.7976994260502517
0.5710000000000001,0.8333333333333334,0.6122448979591837,0.9831539541413196,0.9382969971205265,0.7058823529411765,0.6822918418278615,0.7976994260502517
0.5720000000000001,0.8333333333333334,0.6122448979591837,0.9831539541413196,0.9382969971205265,0.7058823529411765,0.6822918418278615,0.7976994260502517
0.5730000000000001,0.8333333333333334,0.6122448979591837,0.9831539541413196,0.9382969971205265,0.7058823529411765,0.6822918418278615,0.7976994260502517
0.5740000000000001,0.8333333333333334,0.6122448979591837,0.9831539541413196,0.9382969971205265,0.7058823529411765,0.6822918418278615,0.7976994260502517
0.5750000000000001,0.8333333333333334,0.6122448979591837,0.9831539541413196,0.9382969971205265,0.7058823529411765,0.6822918418278615,0.7976994260502517
0.5760000000000001,0.8333333333333334,0.6122448979591837,0.9831539541413196,0.9382969971205265,0.7058823529411765,0.6822918418278615,0.7976994260502517
0.577,0.8372093023255814,0.6122448979591837,0.9836218998596162,0.9387083504730563,0.7072691552062869,0.6842597669892198,0.7979333989094
0.578,0.8364485981308412,0.608843537414966,0.9836218998596162,0.9382969971205265,0.7047244094488189,0.6817877801399662,0.7962327186372911
0.579,0.8364485981308412,0.608843537414966,0.9836218998596162,0.9382969971205265,0.7047244094488189,0.6817877801399662,0.7962327186372911
0.58,0.8356807511737089,0.6054421768707483,0.9836218998596162,0.9378856437679967,0.7021696252465484,0.6793098194015016,0.7945320383651823
0.581,0.839622641509434,0.6054421768707483,0.984089845577913,0.9382969971205265,0.7035573122529645,0.6812974210260575,0.7947660112243307
0.582,0.839622641509434,0.6054421768707483,0.984089845577913,0.9382969971205265,0.7035573122529645,0.6812974210260575,0.7947660112243307
0.583,0.839622641509434,0.6054421768707483,0.984089845577913,0.9382969971205265,0.7035573122529645,0.6812974210260575,0.7947660112243307
0.584,0.839622641509434,0.6054421768707483,0.984089845577913,0.9382969971205265,0.7035573122529645,0.6812974210260575,0.7947660112243307
0.585,0.839622641509434,0.6054421768707483,0.984089845577913,0.9382969971205265,0.7035573122529645,0.6812974210260575,0.7947660112243307
0.586,0.839622641509434,0.6054421768707483,0.984089845577913,0.9382969971205265,0.7035573122529645,0.6812974210260575,0.7947660112243307
0.587,0.839622641509434,0.6054421768707483,0.984089845577913,0.9382969971205265,0.7035573122529645,0.6812974210260575,0.7947660112243307
0.588,0.839622641509434,0.6054421768707483,0.984089845577913,0.9382969971205265,0.7035573122529645,0.6812974210260575,0.7947660112243307
0.589,0.839622641509434,0.6054421768707483,0.984089845577913,0.9382969971205265,0.7035573122529645,0.6812974210260575,0.7947660112243307
0.59,0.8388625592417062,0.6020408163265306,0.984089845577913,0.9378856437679967,0.700990099009901,0.6788169098335047,0.7930653309522218
0.591,0.8421052631578947,0.5986394557823129,0.9845577912962097,0.9378856437679967,0.6998011928429424,0.6783381165149566,0.7915986235392614
0.592,0.8461538461538461,0.5986394557823129,0.9850257370145064,0.9382969971205265,0.701195219123506,0.6803592945172309,0.7918325963984096
0.593,0.8461538461538461,0.5986394557823129,0.9850257370145064,0.9382969971205265,0.701195219123506,0.6803592945172309,0.7918325963984096
0.594,0.8461538461538461,0.5986394557823129,0.9850257370145064,0.9382969971205265,0.701195219123506,0.6803592945172309,0.7918325963984096
0.595,0.8461538461538461,0.5986394557823129,0.9850257370145064,0.9382969971205265,0.701195219123506,0.6803592945172309,0.7918325963984096
0.596,0.8461538461538461,0.5986394557823129,0.9850257370145064,0.9382969971205265,0.701195219123506,0.6803592945172309,0.7918325963984096
0.597,0.8461538461538461,0.5986394557823129,0.9850257370145064,0.9382969971205265,0.701195219123506,0.6803592945172309,0.7918325963984096
0.598,0.8461538461538461,0.5986394557823129,0.9850257370145064,0.9382969971205265,0.701195219123506,0.6803592945172309,0.7918325963984096
0.599,0.8461538461538461,0.5986394557823129,0.9850257370145064,0.9382969971205265,0.701195219123506,0.6803592945172309,0.7918325963984096
0.6,0.8461538461538461,0.5986394557823129,0.9850257370145064,0.9382969971205265,0.701195219123506,0.6803592945172309,0.7918325963984096
0.601,0.8461538461538461,0.5986394557823129,0.9850257370145064,0.9382969971205265,0.701195219123506,0.6803592945172309,0.7918325963984096
0.602,0.8461538461538461,0.5986394557823129,0.9850257370145064,0.9382969971205265,0.701195219123506,0.6803592945172309,0.7918325963984096
0.603,0.8454106280193237,0.5952380952380952,0.9850257370145064,0.9378856437679967,0.6986027944111777,0.6778738239939,0.7901319161263007
0.604,0.8446601941747572,0.5918367346938775,0.9850257370145064,0.9374742904154669,0.696,0.6753821758811196,0.788431235854192
0.605,0.8446601941747572,0.5918367346938775,0.9850257370145064,0.9374742904154669,0.696,0.6753821758811196,0.788431235854192
0.606,0.8446601941747572,0.5918367346938775,0.9850257370145064,0.9374742904154669,0.696,0.6753821758811196,0.788431235854192
0.607,0.8446601941747572,0.5918367346938775,0.9850257370145064,0.9374742904154669,0.696,0.6753821758811196,0.788431235854192
0.608,0.8446601941747572,0.5918367346938775,0.9850257370145064,0.9374742904154669,0.696,0.6753821758811196,0.788431235854192
0.609,0.848780487804878,0.5918367346938775,0.985493682732803,0.9378856437679967,0.6973947895791583,0.6774244310430594,0.7886652087133403
0.61,0.848780487804878,0.5918367346938775,0.985493682732803,0.9378856437679967,0.6973947895791583,0.6774244310430594,0.7886652087133403
0.611,0.848780487804878,0.5918367346938775,0.985493682732803,0.9378856437679967,0.6973947895791583,0.6774244310430594,0.7886652087133403
0.612,0.8480392156862745,0.5884353741496599,0.985493682732803,0.9374742904154669,0.6947791164658634,0.6749303330015254,0.7869645284412314
0.613,0.8480392156862745,0.5884353741496599,0.985493682732803,0.9374742904154669,0.6947791164658634,0.6749303330015254,0.7869645284412314
0.614,0.8480392156862745,0.5884353741496599,0.985493682732803,0.9374742904154669,0.6947791164658634,0.6749303330015254,0.7869645284412314
0.615,0.8480392156862745,0.5884353741496599,0.985493682732803,0.9374742904154669,0.6947791164658634,0.6749303330015254,0.7869645284412314
0.616,0.8480392156862745,0.5884353741496599,0.985493682732803,0.9374742904154669,0.6947791164658634,0.6749303330015254,0.7869645284412314
0.617,0.8522167487684729,0.5884353741496599,0.9859616284510997,0.9378856437679967,0.6961770623742455,0.6769903513152198,0.7871985013003797
0.618,0.8522167487684729,0.5884353741496599,0.9859616284510997,0.9378856437679967,0.6961770623742455,0.6769903513152198,0.7871985013003797
0.619,0.8522167487684729,0.5884353741496599,0.9859616284510997,0.9378856437679967,0.6961770623742455,0.6769903513152198,0.7871985013003797
0.62,0.8522167487684729,0.5884353741496599,0.9859616284510997,0.9378856437679967,0.6961770623742455,0.6769903513152198,0.7871985013003797
0.621,0.8522167487684729,0.5884353741496599,0.9859616284510997,0.9378856437679967,0.6961770623742455,0.6769903513152198,0.7871985013003797
0.622,0.8514851485148515,0.5850340136054422,0.9859616284510997,0.9374742904154669,0.6935483870967742,0.6744938605868287,0.7854978210282709
0.623,0.8514851485148515,0.5850340136054422,0.9859616284510997,0.9374742904154669,0.6935483870967742,0.6744938605868287,0.7854978210282709
0.624,0.8507462686567164,0.5816326530612245,0.9859616284510997,0.9370629370629371,0.6909090909090909,0.6719910321723414,0.7837971407561621
0.625,0.8507462686567164,0.5816326530612245,0.9859616284510997,0.9370629370629371,0.6909090909090909,0.6719910321723414,0.7837971407561621
0.626,0.85,0.5782312925170068,0.9859616284510997,0.9366515837104072,0.6882591093117408,0.6694818013432612,0.7820964604840532
0.627,0.85,0.5782312925170068,0.9859616284510997,0.9366515837104072,0.6882591093117408,0.6694818013432612,0.7820964604840532
0.628,0.85,0.5782312925170068,0.9859616284510997,0.9366515837104072,0.6882591093117408,0.6694818013432612,0.7820964604840532
0.629,0.85,0.5782312925170068,0.9859616284510997,0.9366515837104072,0.6882591093117408,0.6694818013432612,0.7820964604840532
0.63,0.85,0.5782312925170068,0.9859616284510997,0.9366515837104072,0.6882591093117408,0.6694818013432612,0.7820964604840532
0.631,0.85,0.5782312925170068,0.9859616284510997,0.9366515837104072,0.6882591093117408,0.6694818013432612,0.7820964604840532
0.632,0.85,0.5782312925170068,0.9859616284510997,0.9366515837104072,0.6882591093117408,0.6694818013432612,0.7820964604840532
0.633,0.85,0.5782312925170068,0.9859616284510997,0.9366515837104072,0.6882591093117408,0.6694818013432612,0.7820964604840532
0.634,0.85,0.5782312925170068,0.9859616284510997,0.9366515837104072,0.6882591093117408,0.6694818013432612,0.7820964604840532
0.635,0.85,0.5782312925170068,0.9859616284510997,0.9366515837104072,0.6882591093117408,0.6694818013432612,0.7820964604840532
0.636,0.85,0.5782312925170068,0.9859616284510997,0.9366515837104072,0.6882591093117408,0.6694818013432612,0.7820964604840532
0.637,0.85,0.5782312925170068,0.9859616284510997,0.9366515837104072,0.6882591093117408,0.6694818013432612,0.7820964604840532
0.638,0.8542713567839196,0.5782312925170068,0.9864295741693964,0.9370629370629371,0.6896551724137931,0.6715679835710848,0.7823304333432015
0.639,0.8542713567839196,0.5782312925170068,0.9864295741693964,0.9370629370629371,0.6896551724137931,0.6715679835710848,0.7823304333432015
0.64,0.8542713567839196,0.5782312925170068,0.9864295741693964,0.9370629370629371,0.6896551724137931,0.6715679835710848,0.7823304333432015
0.641,0.8542713567839196,0.5782312925170068,0.9864295741693964,0.9370629370629371,0.6896551724137931,0.6715679835710848,0.7823304333432015
0.642,0.8542713567839196,0.5782312925170068,0.9864295741693964,0.9370629370629371,0.6896551724137931,0.6715679835710848,0.7823304333432015
0.643,0.8542713567839196,0.5782312925170068,0.9864295741693964,0.9370629370629371,0.6896551724137931,0.6715679835710848,0.7823304333432015
0.644,0.8542713567839196,0.5782312925170068,0.9864295741693964,0.9370629370629371,0.6896551724137931,0.6715679835710848,0.7823304333432015
0.645,0.8542713567839196,0.5782312925170068,0.9864295741693964,0.9370629370629371,0.6896551724137931,0.6715679835710848,0.7823304333432015
0.646,0.8542713567839196,0.5782312925170068,0.9864295741693964,0.9370629370629371,0.6896551724137931,0.6715679835710848,0.7823304333432015
0.647,0.8542713567839196,0.5782312925170068,0.9864295741693964,0.9370629370629371,0.6896551724137931,0.6715679835710848,0.7823304333432015
0.648,0.8535353535353535,0.5748299319727891,0.9864295741693964,0.9366515837104072,0.6869918699186992,0.669056323001109,0.7806297530710927
0.649,0.8535353535353535,0.5748299319727891,0.9864295741693964,0.9366515837104072,0.6869918699186992,0.669056323001109,0.7806297530710927
0.65,0.8535353535353535,0.5748299319727891,0.9864295741693964,0.9366515837104072,0.6869918699186992,0.669056323001109,0.7806297530710927
0.651,0.8535353535353535,0.5748299319727891,0.9864295741693964,0.9366515837104072,0.6869918699186992,0.669056323001109,0.7806297530710927
0.652,0.8571428571428571,0.5714285714285714,0.986897519887693,0.9366515837104072,0.6857142857142857,0.6686472308593675,0.7791630456581322
0.653,0.8571428571428571,0.5714285714285714,0.986897519887693,0.9366515837104072,0.6857142857142857,0.6686472308593675,0.7791630456581322
0.654,0.8571428571428571,0.5714285714285714,0.986897519887693,0.9366515837104072,0.6857142857142857,0.6686472308593675,0.7791630456581322
0.655,0.8571428571428571,0.5714285714285714,0.986897519887693,0.9366515837104072,0.6857142857142857,0.6686472308593675,0.7791630456581322
0.656,0.8571428571428571,0.5714285714285714,0.986897519887693,0.9366515837104072,0.6857142857142857,0.6686472308593675,0.7791630456581322
0.657,0.8571428571428571,0.5714285714285714,0.986897519887693,0.9366515837104072,0.6857142857142857,0.6686472308593675,0.7791630456581322
0.658,0.8571428571428571,0.5714285714285714,0.986897519887693,0.9366515837104072,0.6857142857142857,0.6686472308593675,0.7791630456581322
0.659,0.8556701030927835,0.564625850340136,0.986897519887693,0.9358288770053476,0.680327868852459,0.6635994069308029,0.7757616851139145
0.66,0.8541666666666666,0.5578231292517006,0.986897519887693,0.935006170300288,0.6748971193415638,0.6585247526241661,0.7723603245696968
0.661,0.8541666666666666,0.5578231292517006,0.986897519887693,0.935006170300288,0.6748971193415638,0.6585247526241661,0.7723603245696968
0.662,0.8541666666666666,0.5578231292517006,0.986897519887693,0.935006170300288,0.6748971193415638,0.6585247526241661,0.7723603245696968
0.663,0.8571428571428571,0.5510204081632653,0.9873654656059897,0.9345948169477581,0.6708074534161491,0.655572724770336,0.7691929368846275
0.664,0.8571428571428571,0.5510204081632653,0.9873654656059897,0.9345948169477581,0.6708074534161491,0.655572724770336,0.7691929368846275
0.665,0.8571428571428571,0.5510204081632653,0.9873654656059897,0.9345948169477581,0.6708074534161491,0.655572724770336,0.7691929368846275
0.666,0.8571428571428571,0.5510204081632653,0.9873654656059897,0.9345948169477581,0.6708074534161491,0.655572724770336,0.7691929368846275
0.667,0.8571428571428571,0.5510204081632653,0.9873654656059897,0.9345948169477581,0.6708074534161491,0.655572724770336,0.7691929368846275
0.668,0.8571428571428571,0.5510204081632653,0.9873654656059897,0.9345948169477581,0.6708074534161491,0.655572724770336,0.7691929368846275
0.669,0.8571428571428571,0.5510204081632653,0.9873654656059897,0.9345948169477581,0.6708074534161491,0.655572724770336,0.7691929368846275
0.67,0.8571428571428571,0.5510204081632653,0.9873654656059897,0.9345948169477581,0.6708074534161491,0.655572724770336,0.7691929368846275
0.671,0.8571428571428571,0.5510204081632653,0.9873654656059897,0.9345948169477581,0.6708074534161491,0.655572724770336,0.7691929368846275
0.672,0.8617021276595744,0.5510204081632653,0.9878334113242864,0.935006170300288,0.6721991701244814,0.6577386012725462,0.7694269097437758
0.673,0.8617021276595744,0.5510204081632653,0.9878334113242864,0.935006170300288,0.6721991701244814,0.6577386012725462,0.7694269097437758
0.674,0.8617021276595744,0.5510204081632653,0.9878334113242864,0.935006170300288,0.6721991701244814,0.6577386012725462,0.7694269097437758
0.675,0.8617021276595744,0.5510204081632653,0.9878334113242864,0.935006170300288,0.6721991701244814,0.6577386012725462,0.7694269097437758
0.676,0.8617021276595744,0.5510204081632653,0.9878334113242864,0.935006170300288,0.6721991701244814,0.6577386012725462,0.7694269097437758
0.677,0.8617021276595744,0.5510204081632653,0.9878334113242864,0.935006170300288,0.6721991701244814,0.6577386012725462,0.7694269097437758
0.678,0.8617021276595744,0.5510204081632653,0.9878334113242864,0.935006170300288,0.6721991701244814,0.6577386012725462,0.7694269097437758
0.679,0.8663101604278075,0.5510204081632653,0.988301357042583,0.9354175236528177,0.6735966735966736,0.6599205370494964,0.7696608826029241
0.68,0.8663101604278075,0.5510204081632653,0.988301357042583,0.9354175236528177,0.6735966735966736,0.6599205370494964,0.7696608826029241
0.681,0.8663101604278075,0.5510204081632653,0.988301357042583,0.9354175236528177,0.6735966735966736,0.6599205370494964,0.7696608826029241
0.682,0.8663101604278075,0.5510204081632653,0.988301357042583,0.9354175236528177,0.6735966735966736,0.6599205370494964,0.7696608826029241
0.683,0.8663101604278075,0.5510204081632653,0.988301357042583,0.9354175236528177,0.6735966735966736,0.6599205370494964,0.7696608826029241
0.684,0.8663101604278075,0.5510204081632653,0.988301357042583,0.9354175236528177,0.6735966735966736,0.6599205370494964,0.7696608826029241
0.685,0.8663101604278075,0.5510204081632653,0.988301357042583,0.9354175236528177,0.6735966735966736,0.6599205370494964,0.7696608826029241
0.686,0.8663101604278075,0.5510204081632653,0.988301357042583,0.9354175236528177,0.6735966735966736,0.6599205370494964,0.7696608826029241
0.687,0.8663101604278075,0.5510204081632653,0.988301357042583,0.9354175236528177,0.6735966735966736,0.6599205370494964,0.7696608826029241
0.6880000000000001,0.8663101604278075,0.5510204081632653,0.988301357042583,0.9354175236528177,0.6735966735966736,0.6599205370494964,0.7696608826029241
0.6890000000000001,0.8663101604278075,0.5510204081632653,0.988301357042583,0.9354175236528177,0.6735966735966736,0.6599205370494964,0.7696608826029241
0.6900000000000001,0.8663101604278075,0.5510204081632653,0.988301357042583,0.9354175236528177,0.6735966735966736,0.6599205370494964,0.7696608826029241
0.6910000000000001,0.8663101604278075,0.5510204081632653,0.988301357042583,0.9354175236528177,0.6735966735966736,0.6599205370494964,0.7696608826029241
0.6920000000000001,0.8663101604278075,0.5510204081632653,0.988301357042583,0.9354175236528177,0.6735966735966736,0.6599205370494964,0.7696608826029241
0.6930000000000001,0.8663101604278075,0.5510204081632653,0.988301357042583,0.9354175236528177,0.6735966735966736,0.6599205370494964,0.7696608826029241
0.6940000000000001,0.8663101604278075,0.5510204081632653,0.988301357042583,0.9354175236528177,0.6735966735966736,0.6599205370494964,0.7696608826029241
0.6950000000000001,0.8655913978494624,0.5476190476190477,0.988301357042583,0.935006170300288,0.6708333333333333,0.6573725636102504,0.7679602023308154
0.6960000000000001,0.8655913978494624,0.5476190476190477,0.988301357042583,0.935006170300288,0.6708333333333333,0.6573725636102504,0.7679602023308154
0.6970000000000001,0.8655913978494624,0.5476190476190477,0.988301357042583,0.935006170300288,0.6708333333333333,0.6573725636102504,0.7679602023308154
0.6980000000000001,0.8655913978494624,0.5476190476190477,0.988301357042583,0.935006170300288,0.6708333333333333,0.6573725636102504,0.7679602023308154
0.6990000000000001,0.8655913978494624,0.5476190476190477,0.988301357042583,0.935006170300288,0.6708333333333333,0.6573725636102504,0.7679602023308154
0.7000000000000001,0.8655913978494624,0.5476190476190477,0.988301357042583,0.935006170300288,0.6708333333333333,0.6573725636102504,0.7679602023308154
0.7010000000000001,0.8648648648648649,0.54421768707483,0.988301357042583,0.9345948169477581,0.6680584551148225,0.6548175791201502,0.7662595220587065
0.7020000000000001,0.8648648648648649,0.54421768707483,0.988301357042583,0.9345948169477581,0.6680584551148225,0.6548175791201502,0.7662595220587065
0.7030000000000001,0.8648648648648649,0.54421768707483,0.988301357042583,0.9345948169477581,0.6680584551148225,0.6548175791201502,0.7662595220587065
0.704,0.8641304347826086,0.5408163265306123,0.988301357042583,0.9341834635952283,0.6652719665271967,0.6522555074613184,0.7645588417865976
0.705,0.8641304347826086,0.5408163265306123,0.988301357042583,0.9341834635952283,0.6652719665271967,0.6522555074613184,0.7645588417865976
0.706,0.8641304347826086,0.5408163265306123,0.988301357042583,0.9341834635952283,0.6652719665271967,0.6522555074613184,0.7645588417865976
0.707,0.8688524590163934,0.5408163265306123,0.9887693027608797,0.9345948169477581,0.6666666666666666,0.6544680044254674,0.764792814645746
0.708,0.8688524590163934,0.5408163265306123,0.9887693027608797,0.9345948169477581,0.6666666666666666,0.6544680044254674,0.764792814645746
0.709,0.8688524590163934,0.5408163265306123,0.9887693027608797,0.9345948169477581,0.6666666666666666,0.6544680044254674,0.764792814645746
0.71,0.8688524590163934,0.5408163265306123,0.9887693027608797,0.9345948169477581,0.6666666666666666,0.6544680044254674,0.764792814645746
0.711,0.8688524590163934,0.5408163265306123,0.9887693027608797,0.9345948169477581,0.6666666666666666,0.6544680044254674,0.764792814645746
0.712,0.8681318681318682,0.5374149659863946,0.9887693027608797,0.9341834635952283,0.6638655462184874,0.6519035776907178,0.7630921343736372
0.713,0.8681318681318682,0.5374149659863946,0.9887693027608797,0.9341834635952283,0.6638655462184874,0.6519035776907178,0.7630921343736372
0.714,0.8681318681318682,0.5374149659863946,0.9887693027608797,0.9341834635952283,0.6638655462184874,0.6519035776907178,0.7630921343736372
0.715,0.8681318681318682,0.5374149659863946,0.9887693027608797,0.9341834635952283,0.6638655462184874,0.6519035776907178,0.7630921343736372
0.716,0.8681318681318682,0.5374149659863946,0.9887693027608797,0.9341834635952283,0.6638655462184874,0.6519035776907178,0.7630921343736372
0.717,0.8681318681318682,0.5374149659863946,0.9887693027608797,0.9341834635952283,0.6638655462184874,0.6519035776907178,0.7630921343736372
0.718,0.8777777777777778,0.5374149659863946,0.989705194197473,0.935006170300288,0.6666666666666666,0.6563893904989294,0.7635600800919338
0.719,0.8777777777777778,0.5374149659863946,0.989705194197473,0.935006170300288,0.6666666666666666,0.6563893904989294,0.7635600800919338
0.72,0.8777777777777778,0.5374149659863946,0.989705194197473,0.935006170300288,0.6666666666666666,0.6563893904989294,0.7635600800919338
0.721,0.88268156424581,0.5374149659863946,0.9901731399157697,0.9354175236528177,0.6680761099365751,0.658658368144032,0.7637940529510822
0.722,0.88268156424581,0.5374149659863946,0.9901731399157697,0.9354175236528177,0.6680761099365751,0.658658368144032,0.7637940529510822
0.723,0.88268156424581,0.5374149659863946,0.9901731399157697,0.9354175236528177,0.6680761099365751,0.658658368144032,0.7637940529510822
0.724,0.8876404494382022,0.5374149659863946,0.9906410856340665,0.9358288770053476,0.6694915254237288,0.6609450484358028,0.7640280258102305
0.725,0.8870056497175142,0.5340136054421769,0.9906410856340665,0.9354175236528177,0.6666666666666666,0.6583940502553352,0.7623273455381216
0.726,0.8870056497175142,0.5340136054421769,0.9906410856340665,0.9354175236528177,0.6666666666666666,0.6583940502553352,0.7623273455381216
0.727,0.8870056497175142,0.5340136054421769,0.9906410856340665,0.9354175236528177,0.6666666666666666,0.6583940502553352,0.7623273455381216
0.728,0.8870056497175142,0.5340136054421769,0.9906410856340665,0.9354175236528177,0.6666666666666666,0.6583940502553352,0.7623273455381216
0.729,0.8870056497175142,0.5340136054421769,0.9906410856340665,0.9354175236528177,0.6666666666666666,0.6583940502553352,0.7623273455381216
0.73,0.8920454545454546,0.5340136054421769,0.9911090313523632,0.9358288770053476,0.6680851063829787,0.6607041875383202,0.76256131839727
0.731,0.8920454545454546,0.5340136054421769,0.9911090313523632,0.9358288770053476,0.6680851063829787,0.6607041875383202,0.76256131839727
0.732,0.8920454545454546,0.5340136054421769,0.9911090313523632,0.9358288770053476,0.6680851063829787,0.6607041875383202,0.76256131839727
0.733,0.8920454545454546,0.5340136054421769,0.9911090313523632,0.9358288770053476,0.6680851063829787,0.6607041875383202,0.76256131839727
0.734,0.8920454545454546,0.5340136054421769,0.9911090313523632,0.9358288770053476,0.6680851063829787,0.6607041875383202,0.76256131839727
0.735,0.8920454545454546,0.5340136054421769,0.9911090313523632,0.9358288770053476,0.6680851063829787,0.6607041875383202,0.76256131839727
0.736,0.8920454545454546,0.5340136054421769,0.9911090313523632,0.9358288770053476,0.6680851063829787,0.6607041875383202,0.76256131839727
0.737,0.8920454545454546,0.5340136054421769,0.9911090313523632,0.9358288770053476,0.6680851063829787,0.6607041875383202,0.76256131839727
0.738,0.8920454545454546,0.5340136054421769,0.9911090313523632,0.9358288770053476,0.6680851063829787,0.6607041875383202,0.76256131839727
0.739,0.8920454545454546,0.5340136054421769,0.9911090313523632,0.9358288770053476,0.6680851063829787,0.6607041875383202,0.76256131839727
0.74,0.8971428571428571,0.5340136054421769,0.9915769770706598,0.9362402303578774,0.6695095948827292,0.6630326716473611,0.7627952912564184
0.741,0.896551724137931,0.5306122448979592,0.9915769770706598,0.9358288770053476,0.6666666666666666,0.6604857107263354,0.7610946109843095
0.742,0.896551724137931,0.5306122448979592,0.9915769770706598,0.9358288770053476,0.6666666666666666,0.6604857107263354,0.7610946109843095
0.743,0.9017341040462428,0.5306122448979592,0.9920449227889565,0.9362402303578774,0.6680942184154176,0.6628386385096912,0.7613285838434578
0.744,0.9017341040462428,0.5306122448979592,0.9920449227889565,0.9362402303578774,0.6680942184154176,0.6628386385096912,0.7613285838434578
0.745,0.9017341040462428,0.5306122448979592,0.9920449227889565,0.9362402303578774,0.6680942184154176,0.6628386385096912,0.7613285838434578
0.746,0.9011627906976745,0.5272108843537415,0.9920449227889565,0.9358288770053476,0.6652360515021459,0.6602903490556133,0.759627903571349
0.747,0.9011627906976745,0.5272108843537415,0.9920449227889565,0.9358288770053476,0.6652360515021459,0.6602903490556133,0.759627903571349
0.748,0.9064327485380117,0.5272108843537415,0.9925128685072532,0.9362402303578774,0.6666666666666666,0.6626683328202029,0.7598618764304974
0.749,0.9117647058823529,0.5272108843537415,0.9929808142255498,0.9366515837104072,0.6681034482758621,0.6650657789106709,0.7600958492896457
0.75,0.9117647058823529,0.5272108843537415,0.9929808142255498,0.9366515837104072,0.6681034482758621,0.6650657789106709,0.7600958492896457
0.751,0.9117647058823529,0.5272108843537415,0.9929808142255498,0.9366515837104072,0.6681034482758621,0.6650657789106709,0.7600958492896457
0.752,0.9117647058823529,0.5272108843537415,0.9929808142255498,0.9366515837104072,0.6681034482758621,0.6650657789106709,0.7600958492896457
0.753,0.9117647058823529,0.5272108843537415,0.9929808142255498,0.9366515837104072,0.6681034482758621,0.6650657789106709,0.7600958492896457
0.754,0.9117647058823529,0.5272108843537415,0.9929808142255498,0.9366515837104072,0.6681034482758621,0.6650657789106709,0.7600958492896457
0.755,0.9117647058823529,0.5272108843537415,0.9929808142255498,0.9366515837104072,0.6681034482758621,0.6650657789106709,0.7600958492896457
0.756,0.9117647058823529,0.5272108843537415,0.9929808142255498,0.9366515837104072,0.6681034482758621,0.6650657789106709,0.7600958492896457
0.757,0.9117647058823529,0.5272108843537415,0.9929808142255498,0.9366515837104072,0.6681034482758621,0.6650657789106709,0.7600958492896457
0.758,0.9117647058823529,0.5272108843537415,0.9929808142255498,0.9366515837104072,0.6681034482758621,0.6650657789106709,0.7600958492896457
0.759,0.9171597633136095,0.5272108843537415,0.9934487599438465,0.9370629370629371,0.6695464362850972,0.6674829720458563,0.760329822148794
0.76,0.9171597633136095,0.5272108843537415,0.9934487599438465,0.9370629370629371,0.6695464362850972,0.6674829720458563,0.760329822148794
0.761,0.9171597633136095,0.5272108843537415,0.9934487599438465,0.9370629370629371,0.6695464362850972,0.6674829720458563,0.760329822148794
0.762,0.9171597633136095,0.5272108843537415,0.9934487599438465,0.9370629370629371,0.6695464362850972,0.6674829720458563,0.760329822148794
0.763,0.9171597633136095,0.5272108843537415,0.9934487599438465,0.9370629370629371,0.6695464362850972,0.6674829720458563,0.760329822148794
0.764,0.9171597633136095,0.5272108843537415,0.9934487599438465,0.9370629370629371,0.6695464362850972,0.6674829720458563,0.760329822148794
0.765,0.9166666666666666,0.5238095238095238,0.9934487599438465,0.9366515837104072,0.6666666666666666,0.6649461302937458,0.7586291418766852
0.766,0.9166666666666666,0.5238095238095238,0.9934487599438465,0.9366515837104072,0.6666666666666666,0.6649461302937458,0.7586291418766852
0.767,0.9166666666666666,0.5238095238095238,0.9934487599438465,0.9366515837104072,0.6666666666666666,0.6649461302937458,0.7586291418766852
0.768,0.9166666666666666,0.5238095238095238,0.9934487599438465,0.9366515837104072,0.6666666666666666,0.6649461302937458,0.7586291418766852
0.769,0.9221556886227545,0.5238095238095238,0.9939167056621432,0.9370629370629371,0.6681127982646421,0.66738992711107,0.7588631147358336
0.77,0.9221556886227545,0.5238095238095238,0.9939167056621432,0.9370629370629371,0.6681127982646421,0.66738992711107,0.7588631147358336
0.771,0.9221556886227545,0.5238095238095238,0.9939167056621432,0.9370629370629371,0.6681127982646421,0.66738992711107,0.7588631147358336
0.772,0.9221556886227545,0.5238095238095238,0.9939167056621432,0.9370629370629371,0.6681127982646421,0.66738992711107,0.7588631147358336
0.773,0.9221556886227545,0.5238095238095238,0.9939167056621432,0.9370629370629371,0.6681127982646421,0.66738992711107,0.7588631147358336
0.774,0.927710843373494,0.5238095238095238,0.9943846513804399,0.9374742904154669,0.6695652173913044,0.6698542328402998,0.7590970875949818
0.775,0.927710843373494,0.5238095238095238,0.9943846513804399,0.9374742904154669,0.6695652173913044,0.6698542328402998,0.7590970875949818
0.776,0.9333333333333333,0.5238095238095238,0.9948525970987365,0.9378856437679967,0.6710239651416122,0.6723393547874961,0.7593310604541301
0.777,0.9333333333333333,0.5238095238095238,0.9948525970987365,0.9378856437679967,0.6710239651416122,0.6723393547874961,0.7593310604541301
0.778,0.9333333333333333,0.5238095238095238,0.9948525970987365,0.9378856437679967,0.6710239651416122,0.6723393547874961,0.7593310604541301
0.779,0.9333333333333333,0.5238095238095238,0.9948525970987365,0.9378856437679967,0.6710239651416122,0.6723393547874961,0.7593310604541301
0.78,0.9320987654320988,0.5136054421768708,0.9948525970987365,0.9366515837104072,0.6622807017543859,0.664746852184469,0.7542290196378036
0.781,0.9320987654320988,0.5136054421768708,0.9948525970987365,0.9366515837104072,0.6622807017543859,0.664746852184469,0.7542290196378036
0.782,0.9320987654320988,0.5136054421768708,0.9948525970987365,0.9366515837104072,0.6622807017543859,0.664746852184469,0.7542290196378036
0.783,0.9320987654320988,0.5136054421768708,0.9948525970987365,0.9366515837104072,0.6622807017543859,0.664746852184469,0.7542290196378036
0.784,0.9320987654320988,0.5136054421768708,0.9948525970987365,0.9366515837104072,0.6622807017543859,0.664746852184469,0.7542290196378036
0.785,0.9320987654320988,0.5136054421768708,0.9948525970987365,0.9366515837104072,0.6622807017543859,0.664746852184469,0.7542290196378036
0.786,0.9375,0.5102040816326531,0.9953205428170332,0.9366515837104072,0.6607929515418502,0.664736740274878,0.7527623122248431
0.787,0.9375,0.5102040816326531,0.9953205428170332,0.9366515837104072,0.6607929515418502,0.664736740274878,0.7527623122248431
0.788,0.9375,0.5102040816326531,0.9953205428170332,0.9366515837104072,0.6607929515418502,0.664736740274878,0.7527623122248431
0.789,0.9375,0.5102040816326531,0.9953205428170332,0.9366515837104072,0.6607929515418502,0.664736740274878,0.7527623122248431
0.79,0.9375,0.5102040816326531,0.9953205428170332,0.9366515837104072,0.6607929515418502,0.664736740274878,0.7527623122248431
0.791,0.9375,0.5102040816326531,0.9953205428170332,0.9366515837104072,0.6607929515418502,0.664736740274878,0.7527623122248431
0.792,0.9375,0.5102040816326531,0.9953205428170332,0.9366515837104072,0.6607929515418502,0.664736740274878,0.7527623122248431
0.793,0.9375,0.5102040816326531,0.9953205428170332,0.9366515837104072,0.6607929515418502,0.664736740274878,0.7527623122248431
0.794,0.9375,0.5102040816326531,0.9953205428170332,0.9366515837104072,0.6607929515418502,0.664736740274878,0.7527623122248431
0.795,0.9375,0.5102040816326531,0.9953205428170332,0.9366515837104072,0.6607929515418502,0.664736740274878,0.7527623122248431
0.796,0.9433962264150944,0.5102040816326531,0.9957884885353299,0.9370629370629371,0.6622516556291391,0.6672941852437985,0.7529962850839915
0.797,0.9433962264150944,0.5102040816326531,0.9957884885353299,0.9370629370629371,0.6622516556291391,0.6672941852437985,0.7529962850839915
0.798,0.9433962264150944,0.5102040816326531,0.9957884885353299,0.9370629370629371,0.6622516556291391,0.6672941852437985,0.7529962850839915
0.799,0.9433962264150944,0.5102040816326531,0.9957884885353299,0.9370629370629371,0.6622516556291391,0.6672941852437985,0.7529962850839915
0.8,0.9433962264150944,0.5102040816326531,0.9957884885353299,0.9370629370629371,0.6622516556291391,0.6672941852437985,0.7529962850839915
0.801,0.9433962264150944,0.5102040816326531,0.9957884885353299,0.9370629370629371,0.6622516556291391,0.6672941852437985,0.7529962850839915
0.802,0.9433962264150944,0.5102040816326531,0.9957884885353299,0.9370629370629371,0.6622516556291391,0.6672941852437985,0.7529962850839915
0.803,0.9430379746835443,0.5068027210884354,0.9957884885353299,0.9366515837104072,0.6592920353982301,0.6647564400740829,0.7512956048118826
0.804,0.9430379746835443,0.5068027210884354,0.9957884885353299,0.9366515837104072,0.6592920353982301,0.6647564400740829,0.7512956048118826
0.805,0.9430379746835443,0.5068027210884354,0.9957884885353299,0.9366515837104072,0.6592920353982301,0.6647564400740829,0.7512956048118826
0.806,0.9430379746835443,0.5068027210884354,0.9957884885353299,0.9366515837104072,0.6592920353982301,0.6647564400740829,0.7512956048118826
0.807,0.9430379746835443,0.5068027210884354,0.9957884885353299,0.9366515837104072,0.6592920353982301,0.6647564400740829,0.7512956048118826
0.808,0.9430379746835443,0.5068027210884354,0.9957884885353299,0.9366515837104072,0.6592920353982301,0.6647564400740829,0.7512956048118826
0.809,0.9430379746835443,0.5068027210884354,0.9957884885353299,0.9366515837104072,0.6592920353982301,0.6647564400740829,0.7512956048118826
0.81,0.9430379746835443,0.5068027210884354,0.9957884885353299,0.9366515837104072,0.6592920353982301,0.6647564400740829,0.7512956048118826
0.811,0.9430379746835443,0.5068027210884354,0.9957884885353299,0.9366515837104072,0.6592920353982301,0.6647564400740829,0.7512956048118826
0.812,0.9426751592356688,0.5034013605442177,0.9957884885353299,0.9362402303578774,0.656319290465632,0.6622113428275342,0.7495949245397737
0.8130000000000001,0.9423076923076923,0.5,0.9957884885353299,0.9358288770053476,0.6533333333333333,0.6596588077406796,0.7478942442676649
0.8140000000000001,0.9423076923076923,0.5,0.9957884885353299,0.9358288770053476,0.6533333333333333,0.6596588077406796,0.7478942442676649
0.8150000000000001,0.9423076923076923,0.5,0.9957884885353299,0.9358288770053476,0.6533333333333333,0.6596588077406796,0.7478942442676649
0.8160000000000001,0.9423076923076923,0.5,0.9957884885353299,0.9358288770053476,0.6533333333333333,0.6596588077406796,0.7478942442676649
0.8170000000000001,0.9423076923076923,0.5,0.9957884885353299,0.9358288770053476,0.6533333333333333,0.6596588077406796,0.7478942442676649
0.8180000000000001,0.9423076923076923,0.5,0.9957884885353299,0.9358288770053476,0.6533333333333333,0.6596588077406796,0.7478942442676649
0.8190000000000001,0.9423076923076923,0.5,0.9957884885353299,0.9358288770053476,0.6533333333333333,0.6596588077406796,0.7478942442676649
0.8200000000000001,0.9423076923076923,0.5,0.9957884885353299,0.9358288770053476,0.6533333333333333,0.6596588077406796,0.7478942442676649
0.8210000000000001,0.9423076923076923,0.5,0.9957884885353299,0.9358288770053476,0.6533333333333333,0.6596588077406796,0.7478942442676649
0.8220000000000001,0.9483870967741935,0.5,0.9962564342536265,0.9362402303578774,0.6547884187082406,0.662262400589553,0.7481282171268133
0.8230000000000001,0.9483870967741935,0.5,0.9962564342536265,0.9362402303578774,0.6547884187082406,0.662262400589553,0.7481282171268133
0.8240000000000001,0.9483870967741935,0.5,0.9962564342536265,0.9362402303578774,0.6547884187082406,0.662262400589553,0.7481282171268133
0.8250000000000001,0.9483870967741935,0.5,0.9962564342536265,0.9362402303578774,0.6547884187082406,0.662262400589553,0.7481282171268133
0.8260000000000001,0.9483870967741935,0.5,0.9962564342536265,0.9362402303578774,0.6547884187082406,0.662262400589553,0.7481282171268133
0.8270000000000001,0.9483870967741935,0.5,0.9962564342536265,0.9362402303578774,0.6547884187082406,0.662262400589553,0.7481282171268133
0.8280000000000001,0.9483870967741935,0.5,0.9962564342536265,0.9362402303578774,0.6547884187082406,0.662262400589553,0.7481282171268133
0.8290000000000001,0.9483870967741935,0.5,0.9962564342536265,0.9362402303578774,0.6547884187082406,0.662262400589553,0.7481282171268133
0.8300000000000001,0.9545454545454546,0.5,0.9967243799719232,0.9366515837104072,0.65625,0.6648895800933998,0.7483621899859616
0.8310000000000001,0.9545454545454546,0.5,0.9967243799719232,0.9366515837104072,0.65625,0.6648895800933998,0.7483621899859616
0.8320000000000001,0.9545454545454546,0.5,0.9967243799719232,0.9366515837104072,0.65625,0.6648895800933998,0.7483621899859616
0.833,0.9545454545454546,0.5,0.9967243799719232,0.9366515837104072,0.65625,0.6648895800933998,0.7483621899859616
0.834,0.9545454545454546,0.5,0.9967243799719232,0.9366515837104072,0.65625,0.6648895800933998,0.7483621899859616
0.835,0.9545454545454546,0.5,0.9967243799719232,0.9366515837104072,0.65625,0.6648895800933998,0.7483621899859616
0.836,0.9545454545454546,0.5,0.9967243799719232,0.9366515837104072,0.65625,0.6648895800933998,0.7483621899859616
0.837,0.9545454545454546,0.5,0.9967243799719232,0.9366515837104072,0.65625,0.6648895800933998,0.7483621899859616
0.838,0.9545454545454546,0.5,0.9967243799719232,0.9366515837104072,0.65625,0.6648895800933998,0.7483621899859616
0.839,0.9545454545454546,0.5,0.9967243799719232,0.9366515837104072,0.65625,0.6648895800933998,0.7483621899859616
0.84,0.9545454545454546,0.5,0.9967243799719232,0.9366515837104072,0.65625,0.6648895800933998,0.7483621899859616
0.841,0.9545454545454546,0.5,0.9967243799719232,0.9366515837104072,0.65625,0.6648895800933998,0.7483621899859616
0.842,0.9545454545454546,0.5,0.9967243799719232,0.9366515837104072,0.65625,0.6648895800933998,0.7483621899859616
0.843,0.9545454545454546,0.5,0.9967243799719232,0.9366515837104072,0.65625,0.6648895800933998,0.7483621899859616
0.844,0.9545454545454546,0.5,0.9967243799719232,0.9366515837104072,0.65625,0.6648895800933998,0.7483621899859616
0.845,0.9545454545454546,0.5,0.9967243799719232,0.9366515837104072,0.65625,0.6648895800933998,0.7483621899859616
0.846,0.954248366013072,0.4965986394557823,0.9967243799719232,0.9362402303578774,0.6532438478747203,0.6623457164671812,0.7466615097138527
0.847,0.954248366013072,0.4965986394557823,0.9967243799719232,0.9362402303578774,0.6532438478747203,0.6623457164671812,0.7466615097138527
0.848,0.954248366013072,0.4965986394557823,0.9967243799719232,0.9362402303578774,0.6532438478747203,0.6623457164671812,0.7466615097138527
0.849,0.9605263157894737,0.4965986394557823,0.99719232569022,0.9366515837104072,0.6547085201793722,0.6650053039182543,0.7468954825730012
0.85,0.9602649006622517,0.4931972789115646,0.99719232569022,0.9362402303578774,0.651685393258427,0.6624624775198117,0.7451948023008923
0.851,0.9666666666666667,0.4931972789115646,0.9976602714085167,0.9366515837104072,0.6531531531531531,0.6651554131205504,0.7454287751600406
0.852,0.9666666666666667,0.4931972789115646,0.9976602714085167,0.9366515837104072,0.6531531531531531,0.6651554131205504,0.7454287751600406
0.853,0.9666666666666667,0.4931972789115646,0.9976602714085167,0.9366515837104072,0.6531531531531531,0.6651554131205504,0.7454287751600406
0.854,0.9664429530201343,0.4897959183673469,0.9976602714085167,0.9362402303578774,0.6501128668171557,0.6626139296897413,0.7437280948879318
0.855,0.9662162162162162,0.48639455782312924,0.9976602714085167,0.9358288770053476,0.6470588235294118,0.6600649471943483,0.742027414615823
0.856,0.9662162162162162,0.48639455782312924,0.9976602714085167,0.9358288770053476,0.6470588235294118,0.6600649471943483,0.742027414615823
0.857,0.9662162162162162,0.48639455782312924,0.9976602714085167,0.9358288770053476,0.6470588235294118,0.6600649471943483,0.742027414615823
0.858,0.9662162162162162,0.48639455782312924,0.9976602714085167,0.9358288770053476,0.6470588235294118,0.6600649471943483,0.742027414615823
0.859,0.9662162162162162,0.48639455782312924,0.9976602714085167,0.9358288770053476,0.6470588235294118,0.6600649471943483,0.742027414615823
0.86,0.9662162162162162,0.48639455782312924,0.9976602714085167,0.9358288770053476,0.6470588235294118,0.6600649471943483,0.742027414615823
0.861,0.9662162162162162,0.48639455782312924,0.9976602714085167,0.9358288770053476,0.6470588235294118,0.6600649471943483,0.742027414615823
0.862,0.9662162162162162,0.48639455782312924,0.9976602714085167,0.9358288770053476,0.6470588235294118,0.6600649471943483,0.742027414615823
0.863,0.9662162162162162,0.48639455782312924,0.9976602714085167,0.9358288770053476,0.6470588235294118,0.6600649471943483,0.742027414615823
0.864,0.9662162162162162,0.48639455782312924,0.9976602714085167,0.9358288770053476,0.6470588235294118,0.6600649471943483,0.742027414615823
0.865,0.9727891156462585,0.48639455782312924,0.9981282171268133,0.9362402303578774,0.6485260770975056,0.6628013815058582,0.7422613874749713
0.866,0.9727891156462585,0.48639455782312924,0.9981282171268133,0.9362402303578774,0.6485260770975056,0.6628013815058582,0.7422613874749713
0.867,0.9727891156462585,0.48639455782312924,0.9981282171268133,0.9362402303578774,0.6485260770975056,0.6628013815058582,0.7422613874749713
0.868,0.9727891156462585,0.48639455782312924,0.9981282171268133,0.9362402303578774,0.6485260770975056,0.6628013815058582,0.7422613874749713
0.869,0.9726027397260274,0.48299319727891155,0.9981282171268133,0.9358288770053476,0.6454545454545455,0.6602540649659407,0.7405607072028624
0.87,0.9726027397260274,0.48299319727891155,0.9981282171268133,0.9358288770053476,0.6454545454545455,0.6602540649659407,0.7405607072028624
0.871,0.9724137931034482,0.47959183673469385,0.9981282171268133,0.9354175236528177,0.642369020501139,0.6576991562906069,0.7388600269307536
0.872,0.9724137931034482,0.47959183673469385,0.9981282171268133,0.9354175236528177,0.642369020501139,0.6576991562906069,0.7388600269307536
0.873,0.9724137931034482,0.47959183673469385,0.9981282171268133,0.9354175236528177,0.642369020501139,0.6576991562906069,0.7388600269307536
0.874,0.9724137931034482,0.47959183673469385,0.9981282171268133,0.9354175236528177,0.642369020501139,0.6576991562906069,0.7388600269307536
0.875,0.9724137931034482,0.47959183673469385,0.9981282171268133,0.9354175236528177,0.642369020501139,0.6576991562906069,0.7388600269307536
0.876,0.9724137931034482,0.47959183673469385,0.9981282171268133,0.9354175236528177,0.642369020501139,0.6576991562906069,0.7388600269307536
0.877,0.9724137931034482,0.47959183673469385,0.9981282171268133,0.9354175236528177,0.642369020501139,0.6576991562906069,0.7388600269307536
0.878,0.9661016949152542,0.3877551020408163,0.9981282171268133,0.9243109831345125,0.5533980582524272,0.5854679311473451,0.6929416595838148
0.879,0.9661016949152542,0.3877551020408163,0.9981282171268133,0.9243109831345125,0.5533980582524272,0.5854679311473451,0.6929416595838148
0.88,0.9661016949152542,0.3877551020408163,0.9981282171268133,0.9243109831345125,0.5533980582524272,0.5854679311473451,0.6929416595838148
0.881,0.9661016949152542,0.3877551020408163,0.9981282171268133,0.9243109831345125,0.5533980582524272,0.5854679311473451,0.6929416595838148
0.882,0.9661016949152542,0.3877551020408163,0.9981282171268133,0.9243109831345125,0.5533980582524272,0.5854679311473451,0.6929416595838148
0.883,0.9661016949152542,0.3877551020408163,0.9981282171268133,0.9243109831345125,0.5533980582524272,0.5854679311473451,0.6929416595838148
0.884,0.9661016949152542,0.3877551020408163,0.9981282171268133,0.9243109831345125,0.5533980582524272,0.5854679311473451,0.6929416595838148
0.885,0.9661016949152542,0.3877551020408163,0.9981282171268133,0.9243109831345125,0.5533980582524272,0.5854679311473451,0.6929416595838148
0.886,0.9658119658119658,0.3843537414965986,0.9981282171268133,0.9238996297819827,0.5498783454987834,0.5826560666943961,0.691240979311706
0.887,0.9658119658119658,0.3843537414965986,0.9981282171268133,0.9238996297819827,0.5498783454987834,0.5826560666943961,0.691240979311706
0.888,0.9658119658119658,0.3843537414965986,0.9981282171268133,0.9238996297819827,0.5498783454987834,0.5826560666943961,0.691240979311706
0.889,0.9655172413793104,0.38095238095238093,0.9981282171268133,0.9234882764294529,0.5463414634146342,0.5798330833700022,0.6895402990395971
0.89,0.9739130434782609,0.38095238095238093,0.99859616284511,0.9238996297819827,0.5476772616136919,0.5829416127049716,0.6897742718987454
0.891,0.9739130434782609,0.38095238095238093,0.99859616284511,0.9238996297819827,0.5476772616136919,0.5829416127049716,0.6897742718987454
0.892,0.9739130434782609,0.38095238095238093,0.99859616284511,0.9238996297819827,0.5476772616136919,0.5829416127049716,0.6897742718987454
0.893,0.967741935483871,0.30612244897959184,0.99859616284511,0.9148498560263266,0.46511627906976744,0.5179778394292125,0.6523593059123509
0.894,0.9782608695652174,0.30612244897959184,0.9990641085634067,0.9152612093788565,0.46632124352331605,0.5214735704052104,0.6525932787714992
0.895,0.9782608695652174,0.30612244897959184,0.9990641085634067,0.9152612093788565,0.46632124352331605,0.5214735704052104,0.6525932787714992
0.896,0.978021978021978,0.30272108843537415,0.9990641085634067,0.9148498560263266,0.4623376623376623,0.5183764158995664,0.6508925984993904
0.897,0.9887640449438202,0.29931972789115646,0.9995320542817033,0.9148498560263266,0.4595300261096606,0.518851799904795,0.6494258910864299
0.898,0.9887640449438202,0.29931972789115646,0.9995320542817033,0.9148498560263266,0.4595300261096606,0.518851799904795,0.6494258910864299
0.899,0.9887640449438202,0.29931972789115646,0.9995320542817033,0.9148498560263266,0.4595300261096606,0.518851799904795,0.6494258910864299
0.9,0.9887640449438202,0.29931972789115646,0.9995320542817033,0.9148498560263266,0.4595300261096606,0.518851799904795,0.6494258910864299
0.901,0.9887640449438202,0.29931972789115646,0.9995320542817033,0.9148498560263266,0.4595300261096606,0.518851799904795,0.6494258910864299
0.902,0.9887640449438202,0.29931972789115646,0.9995320542817033,0.9148498560263266,0.4595300261096606,0.518851799904795,0.6494258910864299
0.903,0.9887640449438202,0.29931972789115646,0.9995320542817033,0.9148498560263266,0.4595300261096606,0.518851799904795,0.6494258910864299
0.904,0.9833333333333333,0.20068027210884354,0.9995320542817033,0.9029206088029618,0.3333333333333333,0.4207511736763316,0.6001061631952734
0.905,0.9833333333333333,0.20068027210884354,0.9995320542817033,0.9029206088029618,0.3333333333333333,0.4207511736763316,0.6001061631952734
0.906,0.9833333333333333,0.20068027210884354,0.9995320542817033,0.9029206088029618,0.3333333333333333,0.4207511736763316,0.6001061631952734
0.907,0.9833333333333333,0.20068027210884354,0.9995320542817033,0.9029206088029618,0.3333333333333333,0.4207511736763316,0.6001061631952734
0.908,0.9833333333333333,0.20068027210884354,0.9995320542817033,0.9029206088029618,0.3333333333333333,0.4207511736763316,0.6001061631952734
0.909,0.9833333333333333,0.20068027210884354,0.9995320542817033,0.9029206088029618,0.3333333333333333,0.4207511736763316,0.6001061631952734
0.91,0.9833333333333333,0.20068027210884354,0.9995320542817033,0.9029206088029618,0.3333333333333333,0.4207511736763316,0.6001061631952734
0.911,0.9833333333333333,0.20068027210884354,0.9995320542817033,0.9029206088029618,0.3333333333333333,0.4207511736763316,0.6001061631952734
0.912,0.9827586206896551,0.19387755102040816,0.9995320542817033,0.9020979020979021,0.32386363636363635,0.41322929189755847,0.5967048026510557
0.913,0.9824561403508771,0.19047619047619047,0.9995320542817033,0.9016865487453722,0.3190883190883191,0.40942144545821313,0.5950041223789468
0.914,0.9824561403508771,0.19047619047619047,0.9995320542817033,0.9016865487453722,0.3190883190883191,0.40942144545821313,0.5950041223789468
0.915,0.9824561403508771,0.19047619047619047,0.9995320542817033,0.9016865487453722,0.3190883190883191,0.40942144545821313,0.5950041223789468
0.916,0.9821428571428571,0.1870748299319728,0.9995320542817033,0.9012751953928424,0.3142857142857143,0.40558115466978395,0.593303442106838
0.917,0.9696969696969697,0.10884353741496598,0.9995320542817033,0.8918140682846565,0.19571865443425077,0.3053696340053901,0.5541877958483347
0.918,0.9696969696969697,0.10884353741496598,0.9995320542817033,0.8918140682846565,0.19571865443425077,0.3053696340053901,0.5541877958483347
0.919,0.9696969696969697,0.10884353741496598,0.9995320542817033,0.8918140682846565,0.19571865443425077,0.3053696340053901,0.5541877958483347
0.92,0.9696969696969697,0.10884353741496598,0.9995320542817033,0.8918140682846565,0.19571865443425077,0.3053696340053901,0.5541877958483347
0.921,0.9696969696969697,0.10884353741496598,0.9995320542817033,0.8918140682846565,0.19571865443425077,0.3053696340053901,0.5541877958483347
0.922,0.9696969696969697,0.10884353741496598,0.9995320542817033,0.8918140682846565,0.19571865443425077,0.3053696340053901,0.5541877958483347
0.923,0.9696969696969697,0.10884353741496598,0.9995320542817033,0.8918140682846565,0.19571865443425077,0.3053696340053901,0.5541877958483347
0.924,0.96875,0.1054421768707483,0.9995320542817033,0.8914027149321267,0.1901840490797546,0.30030911603372623,0.5524871155762259
0.925,0.96875,0.1054421768707483,0.9995320542817033,0.8914027149321267,0.1901840490797546,0.30030911603372623,0.5524871155762259
0.926,0.96875,0.1054421768707483,0.9995320542817033,0.8914027149321267,0.1901840490797546,0.30030911603372623,0.5524871155762259
0.927,0.96875,0.1054421768707483,0.9995320542817033,0.8914027149321267,0.1901840490797546,0.30030911603372623,0.5524871155762259
0.928,0.967741935483871,0.10204081632653061,0.9995320542817033,0.8909913615795969,0.18461538461538463,0.2951665811506434,0.550786435304117
0.929,0.967741935483871,0.10204081632653061,0.9995320542817033,0.8909913615795969,0.18461538461538463,0.2951665811506434,0.550786435304117
0.93,0.967741935483871,0.10204081632653061,0.9995320542817033,0.8909913615795969,0.18461538461538463,0.2951665811506434,0.550786435304117
0.931,0.967741935483871,0.10204081632653061,0.9995320542817033,0.8909913615795969,0.18461538461538463,0.2951665811506434,0.550786435304117
0.932,0.967741935483871,0.10204081632653061,0.9995320542817033,0.8909913615795969,0.18461538461538463,0.2951665811506434,0.550786435304117
0.933,1.0,0.09863945578231292,1.0,0.8909913615795969,0.17956656346749225,0.2962382225772664,0.5493197278911565
0.934,1.0,0.09863945578231292,1.0,0.8909913615795969,0.17956656346749225,0.2962382225772664,0.5493197278911565
0.935,1.0,0.09863945578231292,1.0,0.8909913615795969,0.17956656346749225,0.2962382225772664,0.5493197278911565
0.936,1.0,0.09523809523809523,1.0,0.8905800082270671,0.17391304347826086,0.2910252869675059,0.5476190476190477
0.937,1.0,0.09523809523809523,1.0,0.8905800082270671,0.17391304347826086,0.2910252869675059,0.5476190476190477
0.9380000000000001,1.0,0.09523809523809523,1.0,0.8905800082270671,0.17391304347826086,0.2910252869675059,0.5476190476190477
0.9390000000000001,1.0,0.09523809523809523,1.0,0.8905800082270671,0.17391304347826086,0.2910252869675059,0.5476190476190477
0.9400000000000001,1.0,0.09183673469387756,1.0,0.8901686548745372,0.16822429906542055,0.2857217137137596,0.5459183673469388
0.9410000000000001,1.0,0.09183673469387756,1.0,0.8901686548745372,0.16822429906542055,0.2857217137137596,0.5459183673469388
0.9420000000000001,1.0,0.09183673469387756,1.0,0.8901686548745372,0.16822429906542055,0.2857217137137596,0.5459183673469388
0.9430000000000001,1.0,0.09183673469387756,1.0,0.8901686548745372,0.16822429906542055,0.2857217137137596,0.5459183673469388
0.9440000000000001,1.0,0.09183673469387756,1.0,0.8901686548745372,0.16822429906542055,0.2857217137137596,0.5459183673469388
0.9450000000000001,1.0,0.09183673469387756,1.0,0.8901686548745372,0.16822429906542055,0.2857217137137596,0.5459183673469388
0.9460000000000001,1.0,0.09183673469387756,1.0,0.8901686548745372,0.16822429906542055,0.2857217137137596,0.5459183673469388
0.9470000000000001,1.0,0.09183673469387756,1.0,0.8901686548745372,0.16822429906542055,0.2857217137137596,0.5459183673469388
0.9480000000000001,1.0,0.09183673469387756,1.0,0.8901686548745372,0.16822429906542055,0.2857217137137596,0.5459183673469388
0.9490000000000001,1.0,0.09183673469387756,1.0,0.8901686548745372,0.16822429906542055,0.2857217137137596,0.5459183673469388
0.9500000000000001,1.0,0.08843537414965986,1.0,0.8897573015220074,0.1625,0.28032235272586503,0.54421768707483
0.9510000000000001,1.0,0.08843537414965986,1.0,0.8897573015220074,0.1625,0.28032235272586503,0.54421768707483
0.9520000000000001,1.0,0.08843537414965986,1.0,0.8897573015220074,0.1625,0.28032235272586503,0.54421768707483
0.9530000000000001,1.0,0.08843537414965986,1.0,0.8897573015220074,0.1625,0.28032235272586503,0.54421768707483
0.9540000000000001,1.0,0.08163265306122448,1.0,0.8889345948169478,0.1509433962264151,0.26921308922176196,0.5408163265306123
0.9550000000000001,1.0,0.08163265306122448,1.0,0.8889345948169478,0.1509433962264151,0.26921308922176196,0.5408163265306123
0.9560000000000001,1.0,0.08163265306122448,1.0,0.8889345948169478,0.1509433962264151,0.26921308922176196,0.5408163265306123
0.9570000000000001,1.0,0.08163265306122448,1.0,0.8889345948169478,0.1509433962264151,0.26921308922176196,0.5408163265306123
0.9580000000000001,1.0,0.08163265306122448,1.0,0.8889345948169478,0.1509433962264151,0.26921308922176196,0.5408163265306123
0.9590000000000001,1.0,0.08163265306122448,1.0,0.8889345948169478,0.1509433962264151,0.26921308922176196,0.5408163265306123
0.96,1.0,0.08163265306122448,1.0,0.8889345948169478,0.1509433962264151,0.26921308922176196,0.5408163265306123
0.961,1.0,0.08163265306122448,1.0,0.8889345948169478,0.1509433962264151,0.26921308922176196,0.5408163265306123
0.962,1.0,0.08163265306122448,1.0,0.8889345948169478,0.1509433962264151,0.26921308922176196,0.5408163265306123
0.963,1.0,0.006802721088435374,1.0,0.8798848210612916,0.013513513513513514,0.07736238253950506,0.5034013605442177
0.964,1.0,0.006802721088435374,1.0,0.8798848210612916,0.013513513513513514,0.07736238253950506,0.5034013605442177
0.965,1.0,0.006802721088435374,1.0,0.8798848210612916,0.013513513513513514,0.07736238253950506,0.5034013605442177
0.966,1.0,0.006802721088435374,1.0,0.8798848210612916,0.013513513513513514,0.07736238253950506,0.5034013605442177
0.967,1.0,0.006802721088435374,1.0,0.8798848210612916,0.013513513513513514,0.07736238253950506,0.5034013605442177
0.968,1.0,0.006802721088435374,1.0,0.8798848210612916,0.013513513513513514,0.07736238253950506,0.5034013605442177
0.969,1.0,0.006802721088435374,1.0,0.8798848210612916,0.013513513513513514,0.07736238253950506,0.5034013605442177
0.97,1.0,0.006802721088435374,1.0,0.8798848210612916,0.013513513513513514,0.07736238253950506,0.5034013605442177
0.971,1.0,0.006802721088435374,1.0,0.8798848210612916,0.013513513513513514,0.07736238253950506,0.5034013605442177
0.972,1.0,0.006802721088435374,1.0,0.8798848210612916,0.013513513513513514,0.07736238253950506,0.5034013605442177
0.973,1.0,0.006802721088435374,1.0,0.8798848210612916,0.013513513513513514,0.07736238253950506,0.5034013605442177
0.974,1.0,0.006802721088435374,1.0,0.8798848210612916,0.013513513513513514,0.07736238253950506,0.5034013605442177
0.975,1.0,0.006802721088435374,1.0,0.8798848210612916,0.013513513513513514,0.07736238253950506,0.5034013605442177
0.976,1.0,0.006802721088435374,1.0,0.8798848210612916,0.013513513513513514,0.07736238253950506,0.5034013605442177
0.977,1.0,0.003401360544217687,1.0,0.8794734677087618,0.006779661016949152,0.05469220828712535,0.5017006802721088
0.978,0.0,0.0,1.0,0.879062114356232,0.0,0.0,0.5
0.979,0.0,0.0,1.0,0.879062114356232,0.0,0.0,0.5
0.98,0.0,0.0,1.0,0.879062114356232,0.0,0.0,0.5
0.981,0.0,0.0,1.0,0.879062114356232,0.0,0.0,0.5
0.982,0.0,0.0,1.0,0.879062114356232,0.0,0.0,0.5
0.983,0.0,0.0,1.0,0.879062114356232,0.0,0.0,0.5
0.984,0.0,0.0,1.0,0.879062114356232,0.0,0.0,0.5
0.985,0.0,0.0,1.0,0.879062114356232,0.0,0.0,0.5
0.986,0.0,0.0,1.0,0.879062114356232,0.0,0.0,0.5
0.987,0.0,0.0,1.0,0.879062114356232,0.0,0.0,0.5
0.988,0.0,0.0,1.0,0.879062114356232,0.0,0.0,0.5
0.989,0.0,0.0,1.0,0.879062114356232,0.0,0.0,0.5
0.99,0.0,0.0,1.0,0.879062114356232,0.0,0.0,0.5
0.991,0.0,0.0,1.0,0.879062114356232,0.0,0.0,0.5
0.992,0.0,0.0,1.0,0.879062114356232,0.0,0.0,0.5
0.993,0.0,0.0,1.0,0.879062114356232,0.0,0.0,0.5
0.994,0.0,0.0,1.0,0.879062114356232,0.0,0.0,0.5
0.995,0.0,0.0,1.0,0.879062114356232,0.0,0.0,0.5
0.996,0.0,0.0,1.0,0.879062114356232,0.0,0.0,0.5
0.997,0.0,0.0,1.0,0.879062114356232,0.0,0.0,0.5
0.998,0.0,0.0,1.0,0.879062114356232,0.0,0.0,0.5
0.999,0.0,0.0,1.0,0.879062114356232,0.0,0.0,0.5
1.0,0.0,0.0,1.0,0.879062114356232,0.0,0.0,0.5
