cluster_id,total_selected,folds_covered
Cluster 100,1,1
Cluster 10014,1,1
Cluster 10017,1,1
Cluster 1002,1,1
Cluster 10035,1,1
Cluster 10044,1,1
Cluster 10048,1,1
Cluster 10054,1,1
Cluster 1006,1,1
Cluster 10078,1,1
Cluster 1009,1,1
Cluster 10097,1,1
Cluster 101,1,1
Cluster 10103,1,1
Cluster 10105,1,1
Cluster 10110,1,1
Cluster 10116,1,1
Cluster 10133,1,1
Cluster 10139,1,1
Cluster 1014,1,1
Cluster 10140,1,1
Cluster 10144,1,1
Cluster 10151,1,1
Cluster 10157,1,1
Cluster 10163,1,1
Cluster 10185,1,1
Cluster 10191,1,1
Cluster 1020,1,1
Cluster 10203,1,1
Cluster 10213,1,1
Cluster 10217,1,1
Cluster 10224,1,1
Cluster 10234,1,1
Cluster 10238,1,1
Cluster 10240,1,1
Cluster 1025,1,1
Cluster 10250,1,1
Cluster 10251,1,1
Cluster 10252,1,1
Cluster 10255,1,1
Cluster 10259,1,1
Cluster 10263,1,1
Cluster 10265,1,1
Cluster 10277,1,1
Cluster 10286,1,1
Cluster 10308,1,1
Cluster 10312,1,1
Cluster 10323,1,1
Cluster 10329,1,1
Cluster 10346,1,1
Cluster 10352,1,1
Cluster 10368,1,1
Cluster 10369,1,1
Cluster 10371,1,1
Cluster 10373,1,1
Cluster 10378,1,1
Cluster 10386,1,1
Cluster 10393,1,1
Cluster 10397,1,1
Cluster 10401,1,1
Cluster 10402,1,1
Cluster 10404,1,1
Cluster 10411,1,1
Cluster 10421,1,1
Cluster 10422,1,1
Cluster 10427,1,1
Cluster 10433,1,1
Cluster 10444,1,1
Cluster 10448,1,1
Cluster 10455,1,1
Cluster 10457,1,1
Cluster 10460,1,1
Cluster 1047,1,1
Cluster 10470,1,1
Cluster 10473,1,1
Cluster 10489,1,1
Cluster 10490,1,1
Cluster 105,1,1
Cluster 1050,1,1
Cluster 10504,1,1
Cluster 10507,1,1
Cluster 1051,1,1
Cluster 10510,1,1
Cluster 10511,1,1
Cluster 10534,1,1
Cluster 10535,1,1
Cluster 10543,1,1
Cluster 10550,1,1
Cluster 10556,1,1
Cluster 10559,1,1
Cluster 10567,1,1
Cluster 10595,1,1
Cluster 10610,1,1
Cluster 10619,1,1
Cluster 10623,1,1
Cluster 10628,1,1
Cluster 10634,1,1
Cluster 10654,1,1
Cluster 10658,1,1
Cluster 10661,1,1
Cluster 10664,1,1
Cluster 10670,1,1
Cluster 10671,1,1
Cluster 10672,1,1
Cluster 10682,1,1
Cluster 10685,1,1
Cluster 10687,1,1
Cluster 10708,1,1
Cluster 10723,1,1
Cluster 10729,1,1
Cluster 10733,1,1
Cluster 10740,1,1
Cluster 10751,1,1
Cluster 10756,1,1
Cluster 10759,1,1
Cluster 1076,1,1
Cluster 10760,1,1
Cluster 10762,1,1
Cluster 1077,1,1
Cluster 10778,1,1
Cluster 10786,1,1
Cluster 10799,1,1
Cluster 10810,1,1
Cluster 10814,1,1
Cluster 10824,1,1
Cluster 10825,1,1
Cluster 1083,1,1
Cluster 10843,1,1
Cluster 10846,1,1
Cluster 10847,1,1
Cluster 10863,1,1
Cluster 10865,1,1
Cluster 10877,1,1
Cluster 10889,1,1
Cluster 1089,1,1
Cluster 10891,1,1
Cluster 10903,1,1
Cluster 10905,1,1
Cluster 10908,1,1
Cluster 10914,1,1
Cluster 10917,1,1
Cluster 10929,1,1
Cluster 10937,1,1
Cluster 10947,1,1
Cluster 10969,1,1
Cluster 10975,1,1
Cluster 10976,1,1
Cluster 10981,1,1
Cluster 10983,1,1
Cluster 10986,1,1
Cluster 10992,1,1
Cluster 1100,1,1
Cluster 11000,1,1
Cluster 11001,1,1
Cluster 11008,1,1
Cluster 11009,1,1
Cluster 11011,1,1
Cluster 11017,1,1
Cluster 11023,1,1
Cluster 1103,1,1
Cluster 11034,1,1
Cluster 11046,1,1
Cluster 11050,1,1
Cluster 11052,1,1
Cluster 11054,1,1
Cluster 11068,1,1
Cluster 1107,1,1
Cluster 11074,1,1
Cluster 11076,1,1
Cluster 11077,1,1
Cluster 11084,1,1
Cluster 11100,1,1
Cluster 11125,1,1
Cluster 11127,1,1
Cluster 11133,1,1
Cluster 11147,1,1
Cluster 11160,1,1
Cluster 11161,1,1
Cluster 11178,1,1
Cluster 1118,1,1
Cluster 11180,1,1
Cluster 11184,1,1
Cluster 11190,1,1
Cluster 11194,1,1
Cluster 11197,1,1
Cluster 11200,1,1
Cluster 11202,1,1
Cluster 11205,1,1
Cluster 1122,1,1
Cluster 11233,1,1
Cluster 11239,1,1
Cluster 1125,1,1
Cluster 11250,1,1
Cluster 11251,1,1
Cluster 11256,1,1
Cluster 11262,1,1
Cluster 11269,1,1
Cluster 11273,1,1
Cluster 11279,1,1
Cluster 11289,1,1
Cluster 11294,1,1
Cluster 11297,1,1
Cluster 11301,1,1
Cluster 11308,1,1
Cluster 1131,1,1
Cluster 11316,1,1
Cluster 11319,1,1
Cluster 11322,1,1
Cluster 11323,1,1
Cluster 11326,1,1
Cluster 11333,1,1
Cluster 11334,1,1
Cluster 11336,1,1
Cluster 11345,1,1
Cluster 11355,1,1
Cluster 11372,1,1
Cluster 11376,1,1
Cluster 11398,1,1
Cluster 11418,1,1
Cluster 1143,1,1
Cluster 11440,1,1
Cluster 11459,1,1
Cluster 11461,1,1
Cluster 11462,1,1
Cluster 11463,1,1
Cluster 11472,1,1
Cluster 11489,1,1
Cluster 115,1,1
Cluster 11505,1,1
Cluster 11522,1,1
Cluster 11542,1,1
Cluster 11545,1,1
Cluster 1155,1,1
Cluster 11557,1,1
Cluster 11565,1,1
Cluster 11568,1,1
Cluster 11569,1,1
Cluster 11571,1,1
Cluster 11586,1,1
Cluster 11591,1,1
Cluster 11595,1,1
Cluster 11599,1,1
Cluster 11605,1,1
Cluster 11617,1,1
Cluster 11625,1,1
Cluster 11629,1,1
Cluster 11632,1,1
Cluster 11636,1,1
Cluster 11640,1,1
Cluster 11656,1,1
Cluster 11689,1,1
Cluster 11693,1,1
Cluster 117,1,1
Cluster 11703,1,1
Cluster 11713,1,1
Cluster 1172,1,1
Cluster 11733,1,1
Cluster 11736,1,1
Cluster 11739,1,1
Cluster 11742,1,1
Cluster 11746,1,1
Cluster 11749,1,1
Cluster 11750,1,1
Cluster 11756,1,1
Cluster 11758,1,1
Cluster 11759,1,1
Cluster 11778,1,1
Cluster 11788,1,1
Cluster 11815,1,1
Cluster 11832,1,1
Cluster 11837,1,1
Cluster 11841,1,1
Cluster 11852,1,1
Cluster 11861,1,1
Cluster 11862,1,1
Cluster 11867,1,1
Cluster 1187,1,1
Cluster 11871,1,1
Cluster 11884,1,1
Cluster 11886,1,1
Cluster 11888,1,1
Cluster 11890,1,1
Cluster 11896,1,1
Cluster 1190,1,1
Cluster 11905,1,1
Cluster 11909,1,1
Cluster 11916,1,1
Cluster 11927,1,1
Cluster 11929,1,1
Cluster 11944,1,1
Cluster 11945,1,1
Cluster 11948,1,1
Cluster 11983,1,1
Cluster 11985,1,1
Cluster 11986,1,1
Cluster 11988,1,1
Cluster 11991,1,1
Cluster 11993,1,1
Cluster 12007,1,1
Cluster 1201,1,1
Cluster 12020,1,1
Cluster 12022,1,1
Cluster 12024,1,1
Cluster 12026,1,1
Cluster 1203,1,1
Cluster 12031,1,1
Cluster 12042,1,1
Cluster 12050,1,1
Cluster 12056,1,1
Cluster 12058,1,1
Cluster 12067,1,1
Cluster 12069,1,1
Cluster 12081,1,1
Cluster 12088,1,1
Cluster 12095,1,1
Cluster 12099,1,1
Cluster 12112,1,1
Cluster 12114,1,1
Cluster 12120,1,1
Cluster 12128,1,1
Cluster 12134,1,1
Cluster 12135,1,1
Cluster 12158,1,1
Cluster 12167,1,1
Cluster 12169,1,1
Cluster 12179,1,1
Cluster 12185,1,1
Cluster 12190,1,1
Cluster 12196,1,1
Cluster 12199,1,1
Cluster 122,1,1
Cluster 12204,1,1
Cluster 12205,1,1
Cluster 12218,1,1
Cluster 12220,1,1
Cluster 12225,1,1
Cluster 12239,1,1
Cluster 1224,1,1
Cluster 12242,1,1
Cluster 12254,1,1
Cluster 12259,1,1
Cluster 12263,1,1
Cluster 12272,1,1
Cluster 12290,1,1
Cluster 12294,1,1
Cluster 12304,1,1
Cluster 12306,1,1
Cluster 12311,1,1
Cluster 12312,1,1
Cluster 12317,1,1
Cluster 12329,1,1
Cluster 12338,1,1
Cluster 12343,1,1
Cluster 12356,1,1
Cluster 12372,1,1
Cluster 12373,1,1
Cluster 12381,1,1
Cluster 12388,1,1
Cluster 12394,1,1
Cluster 12411,1,1
Cluster 12420,1,1
Cluster 12426,1,1
Cluster 12436,1,1
Cluster 12448,1,1
Cluster 1245,1,1
Cluster 12453,1,1
Cluster 12458,1,1
Cluster 1247,1,1
Cluster 12478,1,1
Cluster 12480,1,1
Cluster 12487,1,1
Cluster 12488,1,1
Cluster 12489,1,1
Cluster 12501,1,1
Cluster 12507,1,1
Cluster 12515,1,1
Cluster 12531,1,1
Cluster 12539,1,1
Cluster 12540,1,1
Cluster 12542,1,1
Cluster 12544,1,1
Cluster 12545,1,1
Cluster 12547,1,1
Cluster 12549,1,1
Cluster 12558,1,1
Cluster 12565,1,1
Cluster 12575,1,1
Cluster 12577,1,1
Cluster 12588,1,1
Cluster 12604,1,1
Cluster 12615,1,1
Cluster 12634,1,1
Cluster 12642,1,1
Cluster 12651,1,1
Cluster 12652,1,1
Cluster 12653,1,1
Cluster 12655,1,1
Cluster 12666,1,1
Cluster 12672,1,1
Cluster 12684,1,1
Cluster 12690,1,1
Cluster 12691,1,1
Cluster 12692,1,1
Cluster 12694,1,1
Cluster 12695,1,1
Cluster 12701,1,1
Cluster 12706,1,1
Cluster 12707,1,1
Cluster 12711,1,1
Cluster 12725,1,1
Cluster 12743,1,1
Cluster 12745,1,1
Cluster 12748,1,1
Cluster 1275,1,1
Cluster 12758,1,1
Cluster 12760,1,1
Cluster 12768,1,1
Cluster 12780,1,1
Cluster 12781,1,1
Cluster 12783,1,1
Cluster 128,1,1
Cluster 12801,1,1
Cluster 12807,1,1
Cluster 12816,1,1
Cluster 12824,1,1
Cluster 12831,1,1
Cluster 12841,1,1
Cluster 12849,1,1
Cluster 12854,1,1
Cluster 12856,1,1
Cluster 12859,1,1
Cluster 12862,1,1
Cluster 12871,1,1
Cluster 12875,1,1
Cluster 12884,1,1
Cluster 12888,1,1
Cluster 12891,1,1
Cluster 12896,1,1
Cluster 129,1,1
Cluster 12904,1,1
Cluster 12912,1,1
Cluster 12914,1,1
Cluster 12924,1,1
Cluster 12925,1,1
Cluster 12932,1,1
Cluster 12940,1,1
Cluster 12941,1,1
Cluster 12949,1,1
Cluster 12950,1,1
Cluster 12955,1,1
Cluster 1297,1,1
Cluster 12970,1,1
Cluster 12975,1,1
Cluster 12978,1,1
Cluster 12980,1,1
Cluster 12981,1,1
Cluster 12985,1,1
Cluster 12996,1,1
Cluster 12998,1,1
Cluster 12999,1,1
Cluster 13002,1,1
Cluster 13003,1,1
Cluster 13007,1,1
Cluster 13011,1,1
Cluster 13019,1,1
Cluster 13024,1,1
Cluster 13032,1,1
Cluster 13034,1,1
Cluster 1304,1,1
Cluster 13040,1,1
Cluster 13047,1,1
Cluster 13057,1,1
Cluster 13063,1,1
Cluster 13073,1,1
Cluster 13080,1,1
Cluster 13088,1,1
Cluster 13099,1,1
Cluster 1310,1,1
Cluster 13109,1,1
Cluster 13118,1,1
Cluster 13125,1,1
Cluster 13139,1,1
Cluster 13140,1,1
Cluster 13145,1,1
Cluster 13148,1,1
Cluster 13150,1,1
Cluster 13154,1,1
Cluster 13165,1,1
Cluster 13167,1,1
Cluster 13174,1,1
Cluster 13185,1,1
Cluster 13206,1,1
Cluster 13207,1,1
Cluster 13220,1,1
Cluster 13225,1,1
Cluster 13230,1,1
Cluster 13240,1,1
Cluster 13251,1,1
Cluster 13253,1,1
Cluster 13256,1,1
Cluster 13271,1,1
Cluster 13273,1,1
Cluster 13281,1,1
Cluster 13285,1,1
Cluster 13286,1,1
Cluster 13305,1,1
Cluster 13313,1,1
Cluster 13321,1,1
Cluster 13327,1,1
Cluster 13333,1,1
Cluster 13336,1,1
Cluster 13345,1,1
Cluster 13349,1,1
Cluster 13358,1,1
Cluster 13360,1,1
Cluster 13368,1,1
Cluster 13372,1,1
Cluster 13390,1,1
Cluster 13397,1,1
Cluster 1340,1,1
Cluster 13405,1,1
Cluster 13406,1,1
Cluster 13409,1,1
Cluster 13417,1,1
Cluster 1342,1,1
Cluster 13425,1,1
Cluster 13429,1,1
Cluster 13431,1,1
Cluster 13432,1,1
Cluster 13438,1,1
Cluster 13441,1,1
Cluster 13443,1,1
Cluster 13445,1,1
Cluster 13452,1,1
Cluster 13457,1,1
Cluster 13459,1,1
Cluster 13460,1,1
Cluster 13479,1,1
Cluster 13483,1,1
Cluster 13487,1,1
Cluster 13492,1,1
Cluster 13497,1,1
Cluster 13514,1,1
Cluster 13530,1,1
Cluster 13537,1,1
Cluster 13538,1,1
Cluster 13560,1,1
Cluster 13563,1,1
Cluster 13573,1,1
Cluster 13582,1,1
Cluster 13584,1,1
Cluster 13588,1,1
Cluster 13597,1,1
Cluster 13600,1,1
Cluster 13603,1,1
Cluster 13605,1,1
Cluster 13612,1,1
Cluster 1362,1,1
Cluster 13620,1,1
Cluster 13622,1,1
Cluster 13627,1,1
Cluster 13630,1,1
Cluster 13631,1,1
Cluster 13633,1,1
Cluster 13636,1,1
Cluster 1364,1,1
Cluster 13641,1,1
Cluster 13646,1,1
Cluster 1366,1,1
Cluster 13663,1,1
Cluster 13671,1,1
Cluster 13677,1,1
Cluster 13680,1,1
Cluster 13683,1,1
Cluster 13697,1,1
Cluster 13698,1,1
Cluster 1370,1,1
Cluster 13702,1,1
Cluster 13703,1,1
Cluster 13704,1,1
Cluster 13708,1,1
Cluster 13709,1,1
Cluster 13712,1,1
Cluster 13713,1,1
Cluster 13714,1,1
Cluster 13717,1,1
Cluster 13718,1,1
Cluster 13725,1,1
Cluster 1373,1,1
Cluster 13737,1,1
Cluster 13738,1,1
Cluster 13752,1,1
Cluster 13764,1,1
Cluster 1377,1,1
Cluster 13773,1,1
Cluster 13774,1,1
Cluster 13793,1,1
Cluster 13794,1,1
Cluster 13796,1,1
Cluster 13797,1,1
Cluster 13809,1,1
Cluster 13824,1,1
Cluster 13862,1,1
Cluster 13873,1,1
Cluster 13877,1,1
Cluster 13878,1,1
Cluster 13880,1,1
Cluster 13892,1,1
Cluster 13898,1,1
Cluster 13909,1,1
Cluster 13916,1,1
Cluster 13919,1,1
Cluster 13938,1,1
Cluster 13941,1,1
Cluster 13972,1,1
Cluster 13980,1,1
Cluster 13982,1,1
Cluster 13984,1,1
Cluster 13986,1,1
Cluster 13988,1,1
Cluster 13995,1,1
Cluster 13996,1,1
Cluster 14,1,1
Cluster 14008,1,1
Cluster 14013,1,1
Cluster 14038,1,1
Cluster 14043,1,1
Cluster 14044,1,1
Cluster 14046,1,1
Cluster 14049,1,1
Cluster 14062,1,1
Cluster 14085,1,1
Cluster 14087,1,1
Cluster 14090,1,1
Cluster 1410,1,1
Cluster 14101,1,1
Cluster 14102,1,1
Cluster 14109,1,1
Cluster 14113,1,1
Cluster 14119,1,1
Cluster 1412,1,1
Cluster 14121,1,1
Cluster 14123,1,1
Cluster 14129,1,1
Cluster 14132,1,1
Cluster 14135,1,1
Cluster 14147,1,1
Cluster 14148,1,1
Cluster 1415,1,1
Cluster 14162,1,1
Cluster 14164,1,1
Cluster 14166,1,1
Cluster 14168,1,1
Cluster 14183,1,1
Cluster 14186,1,1
Cluster 14197,1,1
Cluster 14206,1,1
Cluster 14210,1,1
Cluster 14212,1,1
Cluster 14216,1,1
Cluster 14217,1,1
Cluster 14223,1,1
Cluster 14230,1,1
Cluster 14233,1,1
Cluster 14245,1,1
Cluster 14252,1,1
Cluster 14255,1,1
Cluster 1426,1,1
Cluster 14260,1,1
Cluster 14264,1,1
Cluster 14284,1,1
Cluster 14297,1,1
Cluster 14300,1,1
Cluster 14305,1,1
Cluster 1432,1,1
Cluster 14324,1,1
Cluster 14327,1,1
Cluster 14331,1,1
Cluster 14337,1,1
Cluster 14339,1,1
Cluster 14350,1,1
Cluster 14364,1,1
Cluster 14374,1,1
Cluster 14399,1,1
Cluster 144,1,1
Cluster 14402,1,1
Cluster 14417,1,1
Cluster 14437,1,1
Cluster 1445,1,1
Cluster 14450,1,1
Cluster 14451,1,1
Cluster 14456,1,1
Cluster 1446,1,1
Cluster 14460,1,1
Cluster 14465,1,1
Cluster 14472,1,1
Cluster 1448,1,1
Cluster 14492,1,1
Cluster 14500,1,1
Cluster 14503,1,1
Cluster 1451,1,1
Cluster 14513,1,1
Cluster 14514,1,1
Cluster 14518,1,1
Cluster 14521,1,1
Cluster 14527,1,1
Cluster 14552,1,1
Cluster 1456,1,1
Cluster 14566,1,1
Cluster 14567,1,1
Cluster 14571,1,1
Cluster 14575,1,1
Cluster 14581,1,1
Cluster 14588,1,1
Cluster 14595,1,1
Cluster 14599,1,1
Cluster 14602,1,1
Cluster 14625,1,1
Cluster 14626,1,1
Cluster 14627,1,1
Cluster 14635,1,1
Cluster 14643,1,1
Cluster 14644,1,1
Cluster 14656,1,1
Cluster 14670,1,1
Cluster 14672,1,1
Cluster 14675,1,1
Cluster 14676,1,1
Cluster 14681,1,1
Cluster 14689,1,1
Cluster 14690,1,1
Cluster 14703,1,1
Cluster 14713,1,1
Cluster 14715,1,1
Cluster 14722,1,1
Cluster 14728,1,1
Cluster 14730,1,1
Cluster 14737,1,1
Cluster 14739,1,1
Cluster 1474,1,1
Cluster 14742,1,1
Cluster 14743,1,1
Cluster 14744,1,1
Cluster 14770,1,1
Cluster 14773,1,1
Cluster 14781,1,1
Cluster 14782,1,1
Cluster 14793,1,1
Cluster 148,1,1
Cluster 14802,1,1
Cluster 1481,1,1
Cluster 14812,1,1
Cluster 1482,1,1
Cluster 14824,1,1
Cluster 1483,1,1
Cluster 14832,1,1
Cluster 14834,1,1
Cluster 14839,1,1
Cluster 1484,1,1
Cluster 14844,1,1
Cluster 14855,1,1
Cluster 14861,1,1
Cluster 14888,1,1
Cluster 14891,1,1
Cluster 14911,1,1
Cluster 14912,1,1
Cluster 14922,1,1
Cluster 14944,1,1
Cluster 14963,1,1
Cluster 14964,1,1
Cluster 14965,1,1
Cluster 14980,1,1
Cluster 14981,1,1
Cluster 14983,1,1
Cluster 14984,1,1
Cluster 14985,1,1
Cluster 14990,1,1
Cluster 14997,1,1
Cluster 150,1,1
Cluster 15001,1,1
Cluster 15002,1,1
Cluster 15024,1,1
Cluster 15025,1,1
Cluster 15030,1,1
Cluster 15033,1,1
Cluster 15041,1,1
Cluster 15053,1,1
Cluster 15055,1,1
Cluster 15057,1,1
Cluster 15066,1,1
Cluster 15067,1,1
Cluster 15071,1,1
Cluster 15083,1,1
Cluster 15084,1,1
Cluster 15100,1,1
Cluster 15105,1,1
Cluster 15108,1,1
Cluster 15110,1,1
Cluster 15112,1,1
Cluster 15113,1,1
Cluster 15119,1,1
Cluster 1512,1,1
Cluster 15120,1,1
Cluster 15126,1,1
Cluster 15131,1,1
Cluster 15139,1,1
Cluster 15145,1,1
Cluster 15153,1,1
Cluster 15164,1,1
Cluster 15166,1,1
Cluster 15171,1,1
Cluster 15173,1,1
Cluster 15179,1,1
Cluster 15182,1,1
Cluster 15187,1,1
Cluster 15189,1,1
Cluster 15191,1,1
Cluster 15209,1,1
Cluster 1522,1,1
Cluster 15248,1,1
Cluster 15249,1,1
Cluster 15251,1,1
Cluster 15260,1,1
Cluster 15270,1,1
Cluster 15275,1,1
Cluster 15299,1,1
Cluster 15301,1,1
Cluster 15302,1,1
Cluster 15308,1,1
Cluster 15321,1,1
Cluster 15324,1,1
Cluster 15336,1,1
Cluster 1534,1,1
Cluster 15340,1,1
Cluster 15359,1,1
Cluster 15362,1,1
Cluster 15368,1,1
Cluster 15372,1,1
Cluster 15373,1,1
Cluster 15379,1,1
Cluster 15380,1,1
Cluster 15383,1,1
Cluster 1541,1,1
Cluster 15417,1,1
Cluster 15419,1,1
Cluster 15442,1,1
Cluster 15454,1,1
Cluster 15456,1,1
Cluster 15462,1,1
Cluster 15472,1,1
Cluster 15475,1,1
Cluster 15484,1,1
Cluster 15496,1,1
Cluster 15497,1,1
Cluster 15502,1,1
Cluster 1551,1,1
Cluster 15514,1,1
Cluster 1552,1,1
Cluster 15523,1,1
Cluster 15528,1,1
Cluster 15531,1,1
Cluster 15532,1,1
Cluster 1554,1,1
Cluster 15543,1,1
Cluster 15546,1,1
Cluster 15548,1,1
Cluster 15562,1,1
Cluster 15583,1,1
Cluster 15584,1,1
Cluster 15586,1,1
Cluster 15588,1,1
Cluster 15590,1,1
Cluster 15609,1,1
Cluster 15637,1,1
Cluster 15644,1,1
Cluster 15655,1,1
Cluster 15660,1,1
Cluster 15677,1,1
Cluster 15678,1,1
Cluster 15679,1,1
Cluster 15684,1,1
Cluster 15696,1,1
Cluster 15699,1,1
Cluster 15709,1,1
Cluster 15714,1,1
Cluster 15716,1,1
Cluster 15732,1,1
Cluster 15742,1,1
Cluster 15746,1,1
Cluster 15757,1,1
Cluster 15762,1,1
Cluster 15763,1,1
Cluster 15771,1,1
Cluster 15773,1,1
Cluster 15775,1,1
Cluster 15777,1,1
Cluster 15798,1,1
Cluster 1581,1,1
Cluster 15811,1,1
Cluster 15812,1,1
Cluster 15816,1,1
Cluster 15830,1,1
Cluster 15844,1,1
Cluster 15845,1,1
Cluster 15849,1,1
Cluster 15851,1,1
Cluster 15853,1,1
Cluster 15863,1,1
Cluster 15879,1,1
Cluster 15884,1,1
Cluster 15889,1,1
Cluster 15890,1,1
Cluster 15891,1,1
Cluster 15907,1,1
Cluster 15921,1,1
Cluster 15922,1,1
Cluster 15924,1,1
Cluster 15932,1,1
Cluster 15934,1,1
Cluster 15942,1,1
Cluster 15943,1,1
Cluster 15947,1,1
Cluster 15960,1,1
Cluster 15965,1,1
Cluster 15980,1,1
Cluster 15984,1,1
Cluster 15988,1,1
Cluster 15992,1,1
Cluster 15995,1,1
Cluster 15998,1,1
Cluster 16002,1,1
Cluster 16006,1,1
Cluster 16025,1,1
Cluster 16033,1,1
Cluster 16037,1,1
Cluster 1604,1,1
Cluster 16050,1,1
Cluster 16062,1,1
Cluster 16067,1,1
Cluster 1607,1,1
Cluster 16074,1,1
Cluster 16078,1,1
Cluster 16084,1,1
Cluster 16087,1,1
Cluster 16108,1,1
Cluster 16118,1,1
Cluster 16126,1,1
Cluster 16129,1,1
Cluster 16141,1,1
Cluster 16154,1,1
Cluster 16158,1,1
Cluster 16190,1,1
Cluster 16195,1,1
Cluster 16199,1,1
Cluster 16204,1,1
Cluster 16205,1,1
Cluster 16211,1,1
Cluster 16212,1,1
Cluster 16219,1,1
Cluster 16220,1,1
Cluster 16224,1,1
Cluster 16226,1,1
Cluster 16235,1,1
Cluster 16236,1,1
Cluster 16243,1,1
Cluster 1625,1,1
Cluster 16256,1,1
Cluster 16260,1,1
Cluster 16268,1,1
Cluster 16270,1,1
Cluster 1628,1,1
Cluster 16296,1,1
Cluster 16299,1,1
Cluster 16300,1,1
Cluster 16308,1,1
Cluster 16313,1,1
Cluster 16314,1,1
Cluster 16318,1,1
Cluster 16320,1,1
Cluster 16322,1,1
Cluster 16342,1,1
Cluster 16344,1,1
Cluster 16349,1,1
Cluster 16353,1,1
Cluster 16357,1,1
Cluster 16365,1,1
Cluster 16381,1,1
Cluster 16384,1,1
Cluster 16386,1,1
Cluster 16387,1,1
Cluster 16396,1,1
Cluster 16403,1,1
Cluster 1641,1,1
Cluster 16414,1,1
Cluster 16415,1,1
Cluster 16420,1,1
Cluster 16426,1,1
Cluster 16434,1,1
Cluster 16435,1,1
Cluster 16436,1,1
Cluster 16438,1,1
Cluster 16448,1,1
Cluster 16449,1,1
Cluster 16453,1,1
Cluster 16454,1,1
Cluster 1646,1,1
Cluster 16462,1,1
Cluster 16463,1,1
Cluster 16465,1,1
Cluster 16467,1,1
Cluster 16484,1,1
Cluster 1649,1,1
Cluster 16490,1,1
Cluster 16492,1,1
Cluster 16505,1,1
Cluster 16509,1,1
Cluster 1651,1,1
Cluster 16519,1,1
Cluster 1652,1,1
Cluster 16522,1,1
Cluster 16525,1,1
Cluster 16530,1,1
Cluster 16534,1,1
Cluster 16536,1,1
Cluster 16560,1,1
Cluster 16564,1,1
Cluster 16570,1,1
Cluster 16573,1,1
Cluster 16587,1,1
Cluster 1659,1,1
Cluster 16590,1,1
Cluster 16597,1,1
Cluster 166,1,1
Cluster 16604,1,1
Cluster 16606,1,1
Cluster 16613,1,1
Cluster 16616,1,1
Cluster 16621,1,1
Cluster 16623,1,1
Cluster 16625,1,1
Cluster 16626,1,1
Cluster 16636,1,1
Cluster 16642,1,1
Cluster 16649,1,1
Cluster 1665,1,1
Cluster 16654,1,1
Cluster 16661,1,1
Cluster 16662,1,1
Cluster 16664,1,1
Cluster 16667,1,1
Cluster 16674,1,1
Cluster 16675,1,1
Cluster 1668,1,1
Cluster 16685,1,1
Cluster 1669,1,1
Cluster 1670,1,1
Cluster 16701,1,1
Cluster 1671,1,1
Cluster 16723,1,1
Cluster 16725,1,1
Cluster 16732,1,1
Cluster 16737,1,1
Cluster 16744,1,1
Cluster 16747,1,1
Cluster 16751,1,1
Cluster 16754,1,1
Cluster 16756,1,1
Cluster 16757,1,1
Cluster 16763,1,1
Cluster 16768,1,1
Cluster 16770,1,1
Cluster 16780,1,1
Cluster 16784,1,1
Cluster 16785,1,1
Cluster 16791,1,1
Cluster 16797,1,1
Cluster 1680,1,1
Cluster 16805,1,1
Cluster 16818,1,1
Cluster 16824,1,1
Cluster 16825,1,1
Cluster 16840,1,1
Cluster 16848,1,1
Cluster 16875,1,1
Cluster 16877,1,1
Cluster 16883,1,1
Cluster 16897,1,1
Cluster 1690,1,1
Cluster 16906,1,1
Cluster 16912,1,1
Cluster 1692,1,1
Cluster 16923,1,1
Cluster 16927,1,1
Cluster 16934,1,1
Cluster 1694,1,1
Cluster 16961,1,1
Cluster 16963,1,1
Cluster 16969,1,1
Cluster 16972,1,1
Cluster 16973,1,1
Cluster 16992,1,1
Cluster 17002,1,1
Cluster 17006,1,1
Cluster 17029,1,1
Cluster 17036,1,1
Cluster 17049,1,1
Cluster 17056,1,1
Cluster 17062,1,1
Cluster 17063,1,1
Cluster 17068,1,1
Cluster 17072,1,1
Cluster 17074,1,1
Cluster 17075,1,1
Cluster 17077,1,1
Cluster 1709,1,1
Cluster 17094,1,1
Cluster 17099,1,1
Cluster 17111,1,1
Cluster 1713,1,1
Cluster 17136,1,1
Cluster 17143,1,1
Cluster 17151,1,1
Cluster 17161,1,1
Cluster 17163,1,1
Cluster 17189,1,1
Cluster 17192,1,1
Cluster 17193,1,1
Cluster 17196,1,1
Cluster 1720,1,1
Cluster 17200,1,1
Cluster 17205,1,1
Cluster 17207,1,1
Cluster 17208,1,1
Cluster 1723,1,1
Cluster 17238,1,1
Cluster 17243,1,1
Cluster 17259,1,1
Cluster 17266,1,1
Cluster 17268,1,1
Cluster 17269,1,1
Cluster 17273,1,1
Cluster 17285,1,1
Cluster 17287,1,1
Cluster 17290,1,1
Cluster 17296,1,1
Cluster 17302,1,1
Cluster 17303,1,1
Cluster 17306,1,1
Cluster 17318,1,1
Cluster 17324,1,1
Cluster 17327,1,1
Cluster 1733,1,1
Cluster 17331,1,1
Cluster 17332,1,1
Cluster 17351,1,1
Cluster 17353,1,1
Cluster 17360,1,1
Cluster 17361,1,1
Cluster 17383,1,1
Cluster 17386,1,1
Cluster 17387,1,1
Cluster 17388,1,1
Cluster 17392,1,1
Cluster 17400,1,1
Cluster 17410,1,1
Cluster 17433,1,1
Cluster 17436,1,1
Cluster 17440,1,1
Cluster 17442,1,1
Cluster 17457,1,1
Cluster 17463,1,1
Cluster 17464,1,1
Cluster 17467,1,1
Cluster 17472,1,1
Cluster 17474,1,1
Cluster 17484,1,1
Cluster 17490,1,1
Cluster 175,1,1
Cluster 17503,1,1
Cluster 17509,1,1
Cluster 17513,1,1
Cluster 17519,1,1
Cluster 17523,1,1
Cluster 17533,1,1
Cluster 1754,1,1
Cluster 17549,1,1
Cluster 17563,1,1
Cluster 17566,1,1
Cluster 17568,1,1
Cluster 17585,1,1
Cluster 17586,1,1
Cluster 17596,1,1
Cluster 17599,1,1
Cluster 17602,1,1
Cluster 17611,1,1
Cluster 17624,1,1
Cluster 17633,1,1
Cluster 17636,1,1
Cluster 17637,1,1
Cluster 17657,1,1
Cluster 17659,1,1
Cluster 17663,1,1
Cluster 17665,1,1
Cluster 17666,1,1
Cluster 17668,1,1
Cluster 17675,1,1
Cluster 17685,1,1
Cluster 17698,1,1
Cluster 17716,1,1
Cluster 17717,1,1
Cluster 17721,1,1
Cluster 17733,1,1
Cluster 17735,1,1
Cluster 17737,1,1
Cluster 17743,1,1
Cluster 17746,1,1
Cluster 17753,1,1
Cluster 1776,1,1
Cluster 17775,1,1
Cluster 17782,1,1
Cluster 17784,1,1
Cluster 17785,1,1
Cluster 17788,1,1
Cluster 17805,1,1
Cluster 17815,1,1
Cluster 17823,1,1
Cluster 17836,1,1
Cluster 17839,1,1
Cluster 17841,1,1
Cluster 17846,1,1
Cluster 17853,1,1
Cluster 17855,1,1
Cluster 17860,1,1
Cluster 17868,1,1
Cluster 17870,1,1
Cluster 17875,1,1
Cluster 1788,1,1
Cluster 17889,1,1
Cluster 17905,1,1
Cluster 17908,1,1
Cluster 17909,1,1
Cluster 1791,1,1
Cluster 17910,1,1
Cluster 17913,1,1
Cluster 17921,1,1
Cluster 17928,1,1
Cluster 17933,1,1
Cluster 17953,1,1
Cluster 17954,1,1
Cluster 17957,1,1
Cluster 17959,1,1
Cluster 1796,1,1
Cluster 17966,1,1
Cluster 17971,1,1
Cluster 17972,1,1
Cluster 17977,1,1
Cluster 17984,1,1
Cluster 17987,1,1
Cluster 18006,1,1
Cluster 18010,1,1
Cluster 18013,1,1
Cluster 18016,1,1
Cluster 18025,1,1
Cluster 18028,1,1
Cluster 1803,1,1
Cluster 18031,1,1
Cluster 18034,1,1
Cluster 18035,1,1
Cluster 18037,1,1
Cluster 18041,1,1
Cluster 18045,1,1
Cluster 18049,1,1
Cluster 18053,1,1
Cluster 18055,1,1
Cluster 18056,1,1
Cluster 18059,1,1
Cluster 18063,1,1
Cluster 18078,1,1
Cluster 1808,1,1
Cluster 18083,1,1
Cluster 18085,1,1
Cluster 18103,1,1
Cluster 18109,1,1
Cluster 18111,1,1
Cluster 18112,1,1
Cluster 18120,1,1
Cluster 18122,1,1
Cluster 18126,1,1
Cluster 18134,1,1
Cluster 18138,1,1
Cluster 18140,1,1
Cluster 18146,1,1
Cluster 18161,1,1
Cluster 18163,1,1
Cluster 18174,1,1
Cluster 18177,1,1
Cluster 18179,1,1
Cluster 18188,1,1
Cluster 18209,1,1
Cluster 18223,1,1
Cluster 18247,1,1
Cluster 18255,1,1
Cluster 18262,1,1
Cluster 18266,1,1
Cluster 18276,1,1
Cluster 18289,1,1
Cluster 18292,1,1
Cluster 18295,1,1
Cluster 18297,1,1
Cluster 18306,1,1
Cluster 1831,1,1
Cluster 18312,1,1
Cluster 18317,1,1
Cluster 18327,1,1
Cluster 1833,1,1
Cluster 18333,1,1
Cluster 18339,1,1
Cluster 18340,1,1
Cluster 18347,1,1
Cluster 18348,1,1
Cluster 18353,1,1
Cluster 18367,1,1
Cluster 18372,1,1
Cluster 18376,1,1
Cluster 1838,1,1
Cluster 184,1,1
Cluster 18416,1,1
Cluster 18418,1,1
Cluster 18421,1,1
Cluster 18427,1,1
Cluster 1843,1,1
Cluster 18443,1,1
Cluster 18444,1,1
Cluster 18449,1,1
Cluster 18465,1,1
Cluster 18466,1,1
Cluster 18471,1,1
Cluster 18475,1,1
Cluster 1848,1,1
Cluster 18484,1,1
Cluster 18486,1,1
Cluster 18500,1,1
Cluster 18501,1,1
Cluster 18507,1,1
Cluster 18511,1,1
Cluster 18515,1,1
Cluster 18521,1,1
Cluster 18523,1,1
Cluster 18528,1,1
Cluster 18532,1,1
Cluster 18536,1,1
Cluster 18539,1,1
Cluster 18542,1,1
Cluster 18546,1,1
Cluster 18547,1,1
Cluster 18549,1,1
Cluster 1855,1,1
Cluster 18560,1,1
Cluster 18562,1,1
Cluster 18567,1,1
Cluster 18570,1,1
Cluster 18576,1,1
Cluster 18581,1,1
Cluster 18590,1,1
Cluster 18591,1,1
Cluster 18595,1,1
Cluster 18602,1,1
Cluster 18618,1,1
Cluster 18620,1,1
Cluster 18621,1,1
Cluster 18630,1,1
Cluster 18638,1,1
Cluster 18643,1,1
Cluster 18648,1,1
Cluster 1865,1,1
Cluster 18657,1,1
Cluster 18660,1,1
Cluster 18667,1,1
Cluster 18669,1,1
Cluster 18675,1,1
Cluster 18680,1,1
Cluster 18682,1,1
Cluster 18692,1,1
Cluster 18693,1,1
Cluster 18701,1,1
Cluster 18705,1,1
Cluster 18708,1,1
Cluster 18718,1,1
Cluster 18720,1,1
Cluster 18731,1,1
Cluster 18740,1,1
Cluster 18746,1,1
Cluster 18747,1,1
Cluster 18753,1,1
Cluster 18764,1,1
Cluster 18766,1,1
Cluster 18767,1,1
Cluster 18771,1,1
Cluster 18773,1,1
Cluster 18788,1,1
Cluster 18790,1,1
Cluster 1880,1,1
Cluster 18803,1,1
Cluster 18829,1,1
Cluster 18834,1,1
Cluster 18842,1,1
Cluster 18857,1,1
Cluster 18858,1,1
Cluster 18859,1,1
Cluster 18860,1,1
Cluster 18886,1,1
Cluster 18890,1,1
Cluster 18896,1,1
Cluster 18899,1,1
Cluster 18903,1,1
Cluster 18911,1,1
Cluster 18915,1,1
Cluster 18919,1,1
Cluster 1892,1,1
Cluster 18943,1,1
Cluster 18948,1,1
Cluster 18956,1,1
Cluster 18957,1,1
Cluster 18971,1,1
Cluster 18973,1,1
Cluster 18978,1,1
Cluster 18985,1,1
Cluster 18989,1,1
Cluster 1899,1,1
Cluster 18991,1,1
Cluster 18993,1,1
Cluster 19000,1,1
Cluster 19001,1,1
Cluster 19004,1,1
Cluster 19008,1,1
Cluster 1901,1,1
Cluster 19011,1,1
Cluster 1902,1,1
Cluster 19028,1,1
Cluster 1903,1,1
Cluster 19030,1,1
Cluster 19038,1,1
Cluster 19049,1,1
Cluster 19053,1,1
Cluster 19054,1,1
Cluster 19057,1,1
Cluster 19058,1,1
Cluster 19065,1,1
Cluster 19068,1,1
Cluster 1908,1,1
Cluster 19087,1,1
Cluster 19107,1,1
Cluster 19109,1,1
Cluster 19112,1,1
Cluster 19130,1,1
Cluster 19148,1,1
Cluster 19149,1,1
Cluster 1915,1,1
Cluster 19150,1,1
Cluster 19152,1,1
Cluster 19158,1,1
Cluster 19166,1,1
Cluster 19167,1,1
Cluster 19170,1,1
Cluster 19173,1,1
Cluster 19181,1,1
Cluster 19187,1,1
Cluster 19190,1,1
Cluster 19197,1,1
Cluster 19198,1,1
Cluster 192,1,1
Cluster 19210,1,1
Cluster 19216,1,1
Cluster 19225,1,1
Cluster 19227,1,1
Cluster 1924,1,1
Cluster 19244,1,1
Cluster 19250,1,1
Cluster 1926,1,1
Cluster 19263,1,1
Cluster 19265,1,1
Cluster 1927,1,1
Cluster 19273,1,1
Cluster 19284,1,1
Cluster 19286,1,1
Cluster 19290,1,1
Cluster 19296,1,1
Cluster 19297,1,1
Cluster 19303,1,1
Cluster 19304,1,1
Cluster 19305,1,1
Cluster 19306,1,1
Cluster 19307,1,1
Cluster 19320,1,1
Cluster 19325,1,1
Cluster 19330,1,1
Cluster 19345,1,1
Cluster 19355,1,1
Cluster 19358,1,1
Cluster 19359,1,1
Cluster 19362,1,1
Cluster 19365,1,1
Cluster 19366,1,1
Cluster 1937,1,1
Cluster 19375,1,1
Cluster 19376,1,1
Cluster 19378,1,1
Cluster 19383,1,1
Cluster 19384,1,1
Cluster 19394,1,1
Cluster 19395,1,1
Cluster 19396,1,1
Cluster 19421,1,1
Cluster 19426,1,1
Cluster 19428,1,1
Cluster 1943,1,1
Cluster 19442,1,1
Cluster 19445,1,1
Cluster 19447,1,1
Cluster 19448,1,1
Cluster 1945,1,1
Cluster 19451,1,1
Cluster 19457,1,1
Cluster 19463,1,1
Cluster 19470,1,1
Cluster 19472,1,1
Cluster 1949,1,1
Cluster 19491,1,1
Cluster 19497,1,1
Cluster 19501,1,1
Cluster 19508,1,1
Cluster 19536,1,1
Cluster 19539,1,1
Cluster 1954,1,1
Cluster 19540,1,1
Cluster 19547,1,1
Cluster 1955,1,1
Cluster 19560,1,1
Cluster 19565,1,1
Cluster 19566,1,1
Cluster 19567,1,1
Cluster 19568,1,1
Cluster 1957,1,1
Cluster 19580,1,1
Cluster 19583,1,1
Cluster 19589,1,1
Cluster 1959,1,1
Cluster 1960,1,1
Cluster 19603,1,1
Cluster 19612,1,1
Cluster 19613,1,1
Cluster 19622,1,1
Cluster 19626,1,1
Cluster 19632,1,1
Cluster 19633,1,1
Cluster 19636,1,1
Cluster 19638,1,1
Cluster 19641,1,1
Cluster 19642,1,1
Cluster 1965,1,1
Cluster 19653,1,1
Cluster 19658,1,1
Cluster 1966,1,1
Cluster 19664,1,1
Cluster 19665,1,1
Cluster 19683,1,1
Cluster 1969,1,1
Cluster 19690,1,1
Cluster 19691,1,1
Cluster 19698,1,1
Cluster 19706,1,1
Cluster 1971,1,1
Cluster 19710,1,1
Cluster 19719,1,1
Cluster 19722,1,1
Cluster 19735,1,1
Cluster 19744,1,1
Cluster 19748,1,1
Cluster 1975,1,1
Cluster 19759,1,1
Cluster 19767,1,1
Cluster 19777,1,1
Cluster 19782,1,1
Cluster 19785,1,1
Cluster 19793,1,1
Cluster 19795,1,1
Cluster 1980,1,1
Cluster 19807,1,1
Cluster 1981,1,1
Cluster 1982,1,1
Cluster 19825,1,1
Cluster 19830,1,1
Cluster 19831,1,1
Cluster 19838,1,1
Cluster 19839,1,1
Cluster 19840,1,1
Cluster 19847,1,1
Cluster 19852,1,1
Cluster 19854,1,1
Cluster 19860,1,1
Cluster 19862,1,1
Cluster 19870,1,1
Cluster 19877,1,1
Cluster 19879,1,1
Cluster 1988,1,1
Cluster 19882,1,1
Cluster 19886,1,1
Cluster 19890,1,1
Cluster 19893,1,1
Cluster 19899,1,1
Cluster 19901,1,1
Cluster 19906,1,1
Cluster 19908,1,1
Cluster 19916,1,1
Cluster 1992,1,1
Cluster 19924,1,1
Cluster 19931,1,1
Cluster 19934,1,1
Cluster 19938,1,1
Cluster 19940,1,1
Cluster 1995,1,1
Cluster 19962,1,1
Cluster 19963,1,1
Cluster 19965,1,1
Cluster 19975,1,1
Cluster 19976,1,1
Cluster 19980,1,1
Cluster 19990,1,1
Cluster 2000,1,1
Cluster 20001,1,1
Cluster 20003,1,1
Cluster 20005,1,1
Cluster 20012,1,1
Cluster 20019,1,1
Cluster 20024,1,1
Cluster 20036,1,1
Cluster 20042,1,1
Cluster 20046,1,1
Cluster 20048,1,1
Cluster 20051,1,1
Cluster 20054,1,1
Cluster 20062,1,1
Cluster 20070,1,1
Cluster 20075,1,1
Cluster 20086,1,1
Cluster 20097,1,1
Cluster 2010,1,1
Cluster 20105,1,1
Cluster 20106,1,1
Cluster 20127,1,1
Cluster 2013,1,1
Cluster 20142,1,1
Cluster 20147,1,1
Cluster 20148,1,1
Cluster 20149,1,1
Cluster 20150,1,1
Cluster 20154,1,1
Cluster 20166,1,1
Cluster 20168,1,1
Cluster 20169,1,1
Cluster 20170,1,1
Cluster 20171,1,1
Cluster 2018,1,1
Cluster 20200,1,1
Cluster 20203,1,1
Cluster 20216,1,1
Cluster 20233,1,1
Cluster 20239,1,1
Cluster 20252,1,1
Cluster 20253,1,1
Cluster 20271,1,1
Cluster 20272,1,1
Cluster 20279,1,1
Cluster 20283,1,1
Cluster 20284,1,1
Cluster 20295,1,1
Cluster 20297,1,1
Cluster 20308,1,1
Cluster 20316,1,1
Cluster 20317,1,1
Cluster 20327,1,1
Cluster 20328,1,1
Cluster 2033,1,1
Cluster 20330,1,1
Cluster 20337,1,1
Cluster 20341,1,1
Cluster 20344,1,1
Cluster 20351,1,1
Cluster 20354,1,1
Cluster 20356,1,1
Cluster 20359,1,1
Cluster 20360,1,1
Cluster 20367,1,1
Cluster 20368,1,1
Cluster 20374,1,1
Cluster 20381,1,1
Cluster 20382,1,1
Cluster 20385,1,1
Cluster 20386,1,1
Cluster 20387,1,1
Cluster 20396,1,1
Cluster 20399,1,1
Cluster 2040,1,1
Cluster 20400,1,1
Cluster 20420,1,1
Cluster 20428,1,1
Cluster 20429,1,1
Cluster 20430,1,1
Cluster 20437,1,1
Cluster 2044,1,1
Cluster 20466,1,1
Cluster 20476,1,1
Cluster 20479,1,1
Cluster 20481,1,1
Cluster 2049,1,1
Cluster 20495,1,1
Cluster 205,1,1
Cluster 20501,1,1
Cluster 20506,1,1
Cluster 20516,1,1
Cluster 20517,1,1
Cluster 20529,1,1
Cluster 20533,1,1
Cluster 20550,1,1
Cluster 20552,1,1
Cluster 20559,1,1
Cluster 20576,1,1
Cluster 20583,1,1
Cluster 20587,1,1
Cluster 20595,1,1
Cluster 2061,1,1
Cluster 20612,1,1
Cluster 20615,1,1
Cluster 20622,1,1
Cluster 20626,1,1
Cluster 20637,1,1
Cluster 20654,1,1
Cluster 2066,1,1
Cluster 20664,1,1
Cluster 20670,1,1
Cluster 20678,1,1
Cluster 20684,1,1
Cluster 20695,1,1
Cluster 207,1,1
Cluster 20702,1,1
Cluster 20705,1,1
Cluster 20707,1,1
Cluster 20714,1,1
Cluster 20716,1,1
Cluster 20719,1,1
Cluster 20724,1,1
Cluster 2074,1,1
Cluster 20752,1,1
Cluster 20761,1,1
Cluster 20768,1,1
Cluster 20774,1,1
Cluster 20777,1,1
Cluster 20785,1,1
Cluster 20789,1,1
Cluster 2079,1,1
Cluster 20812,1,1
Cluster 20818,1,1
Cluster 20845,1,1
Cluster 20848,1,1
Cluster 20858,1,1
Cluster 20863,1,1
Cluster 20864,1,1
Cluster 20866,1,1
Cluster 20868,1,1
Cluster 20877,1,1
Cluster 20879,1,1
Cluster 20893,1,1
Cluster 20908,1,1
Cluster 2091,1,1
Cluster 20913,1,1
Cluster 20915,1,1
Cluster 20918,1,1
Cluster 20929,1,1
Cluster 20937,1,1
Cluster 20938,1,1
Cluster 20945,1,1
Cluster 20948,1,1
Cluster 20953,1,1
Cluster 20957,1,1
Cluster 20963,1,1
Cluster 20968,1,1
Cluster 20970,1,1
Cluster 20980,1,1
Cluster 20986,1,1
Cluster 20992,1,1
Cluster 21002,1,1
Cluster 21005,1,1
Cluster 21006,1,1
Cluster 21009,1,1
Cluster 21012,1,1
Cluster 21028,1,1
Cluster 21036,1,1
Cluster 2104,1,1
Cluster 21040,1,1
Cluster 2106,1,1
Cluster 21060,1,1
Cluster 21069,1,1
Cluster 21077,1,1
Cluster 21091,1,1
Cluster 21096,1,1
Cluster 2110,1,1
Cluster 21105,1,1
Cluster 2111,1,1
Cluster 21114,1,1
Cluster 21118,1,1
Cluster 21134,1,1
Cluster 21150,1,1
Cluster 21156,1,1
Cluster 2117,1,1
Cluster 21185,1,1
Cluster 2119,1,1
Cluster 21196,1,1
Cluster 21200,1,1
Cluster 21203,1,1
Cluster 21204,1,1
Cluster 21220,1,1
Cluster 21225,1,1
Cluster 21234,1,1
Cluster 21235,1,1
Cluster 21247,1,1
Cluster 21258,1,1
Cluster 21279,1,1
Cluster 21281,1,1
Cluster 21294,1,1
Cluster 21295,1,1
Cluster 21297,1,1
Cluster 2130,1,1
Cluster 2131,1,1
Cluster 21315,1,1
Cluster 2132,1,1
Cluster 21321,1,1
Cluster 21326,1,1
Cluster 21337,1,1
Cluster 21339,1,1
Cluster 21341,1,1
Cluster 21348,1,1
Cluster 21365,1,1
Cluster 21393,1,1
Cluster 21402,1,1
Cluster 21414,1,1
Cluster 21427,1,1
Cluster 21437,1,1
Cluster 21442,1,1
Cluster 21447,1,1
Cluster 21450,1,1
Cluster 21464,1,1
Cluster 21469,1,1
Cluster 21470,1,1
Cluster 21478,1,1
Cluster 21497,1,1
Cluster 21499,1,1
Cluster 21502,1,1
Cluster 21506,1,1
Cluster 21508,1,1
Cluster 2151,1,1
Cluster 21518,1,1
Cluster 21519,1,1
Cluster 21521,1,1
Cluster 21524,1,1
Cluster 21545,1,1
Cluster 21547,1,1
Cluster 21553,1,1
Cluster 21558,1,1
Cluster 21573,1,1
Cluster 21591,1,1
Cluster 21594,1,1
Cluster 21612,1,1
Cluster 21614,1,1
Cluster 21615,1,1
Cluster 21616,1,1
Cluster 21620,1,1
Cluster 21623,1,1
Cluster 21625,1,1
Cluster 21626,1,1
Cluster 21629,1,1
Cluster 21638,1,1
Cluster 21642,1,1
Cluster 21644,1,1
Cluster 21653,1,1
Cluster 2166,1,1
Cluster 21665,1,1
Cluster 21668,1,1
Cluster 21674,1,1
Cluster 21679,1,1
Cluster 21686,1,1
Cluster 21694,1,1
Cluster 21697,1,1
Cluster 21699,1,1
Cluster 217,1,1
Cluster 21703,1,1
Cluster 21704,1,1
Cluster 21711,1,1
Cluster 21723,1,1
Cluster 21734,1,1
Cluster 21738,1,1
Cluster 2174,1,1
Cluster 21751,1,1
Cluster 2176,1,1
Cluster 21762,1,1
Cluster 21773,1,1
Cluster 2178,1,1
Cluster 21780,1,1
Cluster 21790,1,1
Cluster 21794,1,1
Cluster 2180,1,1
Cluster 21803,1,1
Cluster 21824,1,1
Cluster 21835,1,1
Cluster 2184,1,1
Cluster 21856,1,1
Cluster 21858,1,1
Cluster 21859,1,1
Cluster 21862,1,1
Cluster 21879,1,1
Cluster 21882,1,1
Cluster 21883,1,1
Cluster 21884,1,1
Cluster 21888,1,1
Cluster 21893,1,1
Cluster 2190,1,1
Cluster 21907,1,1
Cluster 21908,1,1
Cluster 21909,1,1
Cluster 21912,1,1
Cluster 21916,1,1
Cluster 21917,1,1
Cluster 21925,1,1
Cluster 21928,1,1
Cluster 21932,1,1
Cluster 21934,1,1
Cluster 2194,1,1
Cluster 2196,1,1
Cluster 21962,1,1
Cluster 21963,1,1
Cluster 21965,1,1
Cluster 21967,1,1
Cluster 21969,1,1
Cluster 21974,1,1
Cluster 21975,1,1
Cluster 21976,1,1
Cluster 21983,1,1
Cluster 21987,1,1
Cluster 2199,1,1
Cluster 21997,1,1
Cluster 22008,1,1
Cluster 22009,1,1
Cluster 22010,1,1
Cluster 22023,1,1
Cluster 22029,1,1
Cluster 22045,1,1
Cluster 22047,1,1
Cluster 22054,1,1
Cluster 22060,1,1
Cluster 22080,1,1
Cluster 22081,1,1
Cluster 22082,1,1
Cluster 22084,1,1
Cluster 2209,1,1
Cluster 22095,1,1
Cluster 221,1,1
Cluster 2210,1,1
Cluster 22103,1,1
Cluster 22106,1,1
Cluster 22116,1,1
Cluster 22127,1,1
Cluster 22128,1,1
Cluster 22129,1,1
Cluster 2213,1,1
Cluster 22168,1,1
Cluster 22170,1,1
Cluster 22172,1,1
Cluster 22178,1,1
Cluster 22193,1,1
Cluster 22218,1,1
Cluster 22228,1,1
Cluster 22233,1,1
Cluster 22241,1,1
Cluster 22246,1,1
Cluster 22251,1,1
Cluster 22266,1,1
Cluster 22288,1,1
Cluster 22295,1,1
Cluster 22303,1,1
Cluster 22328,1,1
Cluster 2234,1,1
Cluster 22340,1,1
Cluster 22341,1,1
Cluster 22346,1,1
Cluster 22347,1,1
Cluster 2235,1,1
Cluster 22362,1,1
Cluster 22363,1,1
Cluster 22364,1,1
Cluster 22365,1,1
Cluster 22371,1,1
Cluster 22376,1,1
Cluster 22378,1,1
Cluster 22394,1,1
Cluster 22397,1,1
Cluster 22399,1,1
Cluster 22410,1,1
Cluster 22413,1,1
Cluster 22418,1,1
Cluster 22423,1,1
Cluster 2244,1,1
Cluster 22450,1,1
Cluster 22454,1,1
Cluster 22463,1,1
Cluster 22473,1,1
Cluster 22474,1,1
Cluster 22484,1,1
Cluster 22489,1,1
Cluster 22495,1,1
Cluster 22497,1,1
Cluster 2250,1,1
Cluster 22504,1,1
Cluster 22505,1,1
Cluster 22520,1,1
Cluster 22522,1,1
Cluster 22524,1,1
Cluster 22536,1,1
Cluster 2254,1,1
Cluster 22543,1,1
Cluster 22544,1,1
Cluster 22549,1,1
Cluster 22550,1,1
Cluster 2256,1,1
Cluster 22562,1,1
Cluster 22572,1,1
Cluster 22574,1,1
Cluster 22586,1,1
Cluster 22588,1,1
Cluster 2259,1,1
Cluster 22603,1,1
Cluster 2262,1,1
Cluster 22620,1,1
Cluster 22628,1,1
Cluster 2263,1,1
Cluster 2266,1,1
Cluster 22663,1,1
Cluster 22664,1,1
Cluster 22674,1,1
Cluster 2268,1,1
Cluster 22685,1,1
Cluster 22696,1,1
Cluster 2270,1,1
Cluster 22706,1,1
Cluster 2271,1,1
Cluster 22711,1,1
Cluster 22714,1,1
Cluster 22719,1,1
Cluster 2272,1,1
Cluster 22720,1,1
Cluster 22739,1,1
Cluster 22740,1,1
Cluster 22743,1,1
Cluster 22767,1,1
Cluster 22774,1,1
Cluster 22776,1,1
Cluster 22777,1,1
Cluster 2278,1,1
Cluster 22782,1,1
Cluster 22801,1,1
Cluster 2281,1,1
Cluster 22817,1,1
Cluster 22827,1,1
Cluster 22831,1,1
Cluster 22834,1,1
Cluster 22840,1,1
Cluster 22841,1,1
Cluster 22844,1,1
Cluster 22845,1,1
Cluster 22870,1,1
Cluster 22871,1,1
Cluster 22875,1,1
Cluster 22884,1,1
Cluster 22888,1,1
Cluster 22893,1,1
Cluster 22894,1,1
Cluster 22895,1,1
Cluster 22908,1,1
Cluster 22915,1,1
Cluster 22934,1,1
Cluster 22939,1,1
Cluster 22951,1,1
Cluster 22954,1,1
Cluster 22959,1,1
Cluster 22965,1,1
Cluster 2297,1,1
Cluster 22974,1,1
Cluster 22976,1,1
Cluster 22994,1,1
Cluster 22999,1,1
Cluster 230,1,1
Cluster 2300,1,1
Cluster 23000,1,1
Cluster 23001,1,1
Cluster 23004,1,1
Cluster 23006,1,1
Cluster 23017,1,1
Cluster 2303,1,1
Cluster 23031,1,1
Cluster 23034,1,1
Cluster 23043,1,1
Cluster 23049,1,1
Cluster 23056,1,1
Cluster 23066,1,1
Cluster 23073,1,1
Cluster 23081,1,1
Cluster 23101,1,1
Cluster 23108,1,1
Cluster 23121,1,1
Cluster 23124,1,1
Cluster 23126,1,1
Cluster 23127,1,1
Cluster 23134,1,1
Cluster 23135,1,1
Cluster 23146,1,1
Cluster 23148,1,1
Cluster 2315,1,1
Cluster 23153,1,1
Cluster 23159,1,1
Cluster 23160,1,1
Cluster 23161,1,1
Cluster 23169,1,1
Cluster 23174,1,1
Cluster 23201,1,1
Cluster 23210,1,1
Cluster 23211,1,1
Cluster 23214,1,1
Cluster 23219,1,1
Cluster 23220,1,1
Cluster 23221,1,1
Cluster 23229,1,1
Cluster 2323,1,1
Cluster 23242,1,1
Cluster 23251,1,1
Cluster 23255,1,1
Cluster 23265,1,1
Cluster 23268,1,1
Cluster 23276,1,1
Cluster 23280,1,1
Cluster 23285,1,1
Cluster 23288,1,1
Cluster 23293,1,1
Cluster 2330,1,1
Cluster 23302,1,1
Cluster 23313,1,1
Cluster 23317,1,1
Cluster 23320,1,1
Cluster 23324,1,1
Cluster 23328,1,1
Cluster 2333,1,1
Cluster 23346,1,1
Cluster 23353,1,1
Cluster 23354,1,1
Cluster 23355,1,1
Cluster 23385,1,1
Cluster 2340,1,1
Cluster 23413,1,1
Cluster 23419,1,1
Cluster 2342,1,1
Cluster 23439,1,1
Cluster 23449,1,1
Cluster 23452,1,1
Cluster 23459,1,1
Cluster 23460,1,1
Cluster 23462,1,1
Cluster 23464,1,1
Cluster 2347,1,1
Cluster 23470,1,1
Cluster 23478,1,1
Cluster 23480,1,1
Cluster 23482,1,1
Cluster 23487,1,1
Cluster 23488,1,1
Cluster 23492,1,1
Cluster 23495,1,1
Cluster 23509,1,1
Cluster 23514,1,1
Cluster 23525,1,1
Cluster 23538,1,1
Cluster 23540,1,1
Cluster 23543,1,1
Cluster 23548,1,1
Cluster 23551,1,1
Cluster 23564,1,1
Cluster 23565,1,1
Cluster 2357,1,1
Cluster 23585,1,1
Cluster 2359,1,1
Cluster 23599,1,1
Cluster 23603,1,1
Cluster 23605,1,1
Cluster 23607,1,1
Cluster 2361,1,1
Cluster 23617,1,1
Cluster 23624,1,1
Cluster 23647,1,1
Cluster 23660,1,1
Cluster 23677,1,1
Cluster 23681,1,1
Cluster 23687,1,1
Cluster 2370,1,1
Cluster 2371,1,1
Cluster 23712,1,1
Cluster 23717,1,1
Cluster 23720,1,1
Cluster 23730,1,1
Cluster 23743,1,1
Cluster 23748,1,1
Cluster 2375,1,1
Cluster 23768,1,1
Cluster 23774,1,1
Cluster 23781,1,1
Cluster 23787,1,1
Cluster 23789,1,1
Cluster 2379,1,1
Cluster 23795,1,1
Cluster 23811,1,1
Cluster 23827,1,1
Cluster 23829,1,1
Cluster 23831,1,1
Cluster 23832,1,1
Cluster 23839,1,1
Cluster 2384,1,1
Cluster 23850,1,1
Cluster 23854,1,1
Cluster 23862,1,1
Cluster 23865,1,1
Cluster 23869,1,1
Cluster 23872,1,1
Cluster 23877,1,1
Cluster 23887,1,1
Cluster 2389,1,1
Cluster 239,1,1
Cluster 23906,1,1
Cluster 23910,1,1
Cluster 23916,1,1
Cluster 23917,1,1
Cluster 23927,1,1
Cluster 23938,1,1
Cluster 23946,1,1
Cluster 23947,1,1
Cluster 23948,1,1
Cluster 23949,1,1
Cluster 23957,1,1
Cluster 23964,1,1
Cluster 23969,1,1
Cluster 23970,1,1
Cluster 23972,1,1
Cluster 23974,1,1
Cluster 23980,1,1
Cluster 23981,1,1
Cluster 23985,1,1
Cluster 23990,1,1
Cluster 23993,1,1
Cluster 23998,1,1
Cluster 2400,1,1
Cluster 24008,1,1
Cluster 24018,1,1
Cluster 2402,1,1
Cluster 24021,1,1
Cluster 24036,1,1
Cluster 24052,1,1
Cluster 24053,1,1
Cluster 24060,1,1
Cluster 24066,1,1
Cluster 24070,1,1
Cluster 24082,1,1
Cluster 2409,1,1
Cluster 241,1,1
Cluster 24104,1,1
Cluster 24109,1,1
Cluster 2411,1,1
Cluster 24131,1,1
Cluster 24137,1,1
Cluster 24143,1,1
Cluster 24146,1,1
Cluster 24151,1,1
Cluster 24155,1,1
Cluster 24158,1,1
Cluster 24166,1,1
Cluster 24179,1,1
Cluster 24183,1,1
Cluster 24188,1,1
Cluster 24190,1,1
Cluster 2420,1,1
Cluster 24208,1,1
Cluster 24209,1,1
Cluster 2421,1,1
Cluster 24210,1,1
Cluster 24215,1,1
Cluster 2422,1,1
Cluster 24224,1,1
Cluster 24226,1,1
Cluster 24233,1,1
Cluster 24234,1,1
Cluster 24248,1,1
Cluster 2425,1,1
Cluster 24256,1,1
Cluster 24260,1,1
Cluster 24262,1,1
Cluster 24263,1,1
Cluster 24275,1,1
Cluster 24292,1,1
Cluster 24294,1,1
Cluster 24298,1,1
Cluster 24310,1,1
Cluster 24315,1,1
Cluster 24329,1,1
Cluster 24333,1,1
Cluster 24354,1,1
Cluster 24358,1,1
Cluster 24359,1,1
Cluster 24362,1,1
Cluster 24369,1,1
Cluster 24373,1,1
Cluster 24377,1,1
Cluster 24384,1,1
Cluster 2439,1,1
Cluster 24390,1,1
Cluster 24391,1,1
Cluster 24396,1,1
Cluster 24403,1,1
Cluster 24404,1,1
Cluster 2441,1,1
Cluster 24410,1,1
Cluster 24413,1,1
Cluster 24415,1,1
Cluster 24424,1,1
Cluster 24433,1,1
Cluster 2444,1,1
Cluster 24446,1,1
Cluster 24455,1,1
Cluster 24464,1,1
Cluster 24468,1,1
Cluster 24478,1,1
Cluster 24484,1,1
Cluster 24485,1,1
Cluster 24488,1,1
Cluster 24517,1,1
Cluster 24520,1,1
Cluster 24532,1,1
Cluster 24544,1,1
Cluster 24548,1,1
Cluster 24556,1,1
Cluster 24557,1,1
Cluster 2456,1,1
Cluster 24562,1,1
Cluster 24563,1,1
Cluster 24564,1,1
Cluster 24568,1,1
Cluster 24569,1,1
Cluster 24575,1,1
Cluster 24579,1,1
Cluster 2458,1,1
Cluster 24598,1,1
Cluster 24605,1,1
Cluster 2461,1,1
Cluster 24612,1,1
Cluster 24619,1,1
Cluster 24620,1,1
Cluster 24625,1,1
Cluster 24637,1,1
Cluster 24642,1,1
Cluster 24652,1,1
Cluster 24656,1,1
Cluster 24657,1,1
Cluster 24658,1,1
Cluster 2466,1,1
Cluster 24664,1,1
Cluster 24665,1,1
Cluster 24668,1,1
Cluster 24691,1,1
Cluster 24695,1,1
Cluster 24707,1,1
Cluster 24715,1,1
Cluster 24727,1,1
Cluster 24764,1,1
Cluster 24773,1,1
Cluster 2479,1,1
Cluster 24806,1,1
Cluster 24814,1,1
Cluster 24827,1,1
Cluster 24832,1,1
Cluster 24840,1,1
Cluster 24841,1,1
Cluster 24847,1,1
Cluster 24848,1,1
Cluster 24856,1,1
Cluster 24889,1,1
Cluster 24891,1,1
Cluster 24897,1,1
Cluster 24899,1,1
Cluster 249,1,1
Cluster 24905,1,1
Cluster 24909,1,1
Cluster 24912,1,1
Cluster 24918,1,1
Cluster 24920,1,1
Cluster 24932,1,1
Cluster 24935,1,1
Cluster 24944,1,1
Cluster 24967,1,1
Cluster 24968,1,1
Cluster 2497,1,1
Cluster 24974,1,1
Cluster 24976,1,1
Cluster 24977,1,1
Cluster 24979,1,1
Cluster 24989,1,1
Cluster 24999,1,1
Cluster 25003,1,1
Cluster 25004,1,1
Cluster 25005,1,1
Cluster 25006,1,1
Cluster 25018,1,1
Cluster 25040,1,1
Cluster 25044,1,1
Cluster 25051,1,1
Cluster 25055,1,1
Cluster 25087,1,1
Cluster 25103,1,1
Cluster 25110,1,1
Cluster 25112,1,1
Cluster 25115,1,1
Cluster 25127,1,1
Cluster 25133,1,1
Cluster 25135,1,1
Cluster 2514,1,1
Cluster 25140,1,1
Cluster 25148,1,1
Cluster 25149,1,1
Cluster 25153,1,1
Cluster 25159,1,1
Cluster 2516,1,1
Cluster 25164,1,1
Cluster 25174,1,1
Cluster 25176,1,1
Cluster 25178,1,1
Cluster 25179,1,1
Cluster 2518,1,1
Cluster 25188,1,1
Cluster 25194,1,1
Cluster 25206,1,1
Cluster 25213,1,1
Cluster 25214,1,1
Cluster 25218,1,1
Cluster 25223,1,1
Cluster 2523,1,1
Cluster 25232,1,1
Cluster 25236,1,1
Cluster 25237,1,1
Cluster 2524,1,1
Cluster 25242,1,1
Cluster 25259,1,1
Cluster 25273,1,1
Cluster 25293,1,1
Cluster 25304,1,1
Cluster 25308,1,1
Cluster 25311,1,1
Cluster 25312,1,1
Cluster 25321,1,1
Cluster 25330,1,1
Cluster 25331,1,1
Cluster 25337,1,1
Cluster 25342,1,1
Cluster 2535,1,1
Cluster 25353,1,1
Cluster 25358,1,1
Cluster 25362,1,1
Cluster 25364,1,1
Cluster 25366,1,1
Cluster 25372,1,1
Cluster 25374,1,1
Cluster 25375,1,1
Cluster 25378,1,1
Cluster 25380,1,1
Cluster 25384,1,1
Cluster 25389,1,1
Cluster 25391,1,1
Cluster 254,1,1
Cluster 25404,1,1
Cluster 25431,1,1
Cluster 25445,1,1
Cluster 25467,1,1
Cluster 25472,1,1
Cluster 25474,1,1
Cluster 25490,1,1
Cluster 25493,1,1
Cluster 25498,1,1
Cluster 25505,1,1
Cluster 25508,1,1
Cluster 2551,1,1
Cluster 25535,1,1
Cluster 25540,1,1
Cluster 25541,1,1
Cluster 25543,1,1
Cluster 25548,1,1
Cluster 25552,1,1
Cluster 2557,1,1
Cluster 25572,1,1
Cluster 25575,1,1
Cluster 25580,1,1
Cluster 25582,1,1
Cluster 25584,1,1
Cluster 25609,1,1
Cluster 2561,1,1
Cluster 25613,1,1
Cluster 25625,1,1
Cluster 25629,1,1
Cluster 2563,1,1
Cluster 25640,1,1
Cluster 25644,1,1
Cluster 25649,1,1
Cluster 25657,1,1
Cluster 25662,1,1
Cluster 25664,1,1
Cluster 25674,1,1
Cluster 25676,1,1
Cluster 25679,1,1
Cluster 25687,1,1
Cluster 25690,1,1
Cluster 25691,1,1
Cluster 25696,1,1
Cluster 25709,1,1
Cluster 25716,1,1
Cluster 25719,1,1
Cluster 2572,1,1
Cluster 25733,1,1
Cluster 25736,1,1
Cluster 25739,1,1
Cluster 2574,1,1
Cluster 25746,1,1
Cluster 25762,1,1
Cluster 25763,1,1
Cluster 25766,1,1
Cluster 25768,1,1
Cluster 2577,1,1
Cluster 25772,1,1
Cluster 25786,1,1
Cluster 25796,1,1
Cluster 258,1,1
Cluster 25806,1,1
Cluster 25813,1,1
Cluster 25825,1,1
Cluster 25827,1,1
Cluster 2583,1,1
Cluster 25831,1,1
Cluster 2584,1,1
Cluster 25845,1,1
Cluster 25848,1,1
Cluster 2585,1,1
Cluster 25851,1,1
Cluster 25855,1,1
Cluster 2586,1,1
Cluster 25860,1,1
Cluster 25866,1,1
Cluster 25868,1,1
Cluster 25876,1,1
Cluster 25879,1,1
Cluster 25881,1,1
Cluster 25883,1,1
Cluster 25886,1,1
Cluster 25901,1,1
Cluster 25903,1,1
Cluster 25910,1,1
Cluster 25944,1,1
Cluster 25947,1,1
Cluster 25948,1,1
Cluster 25954,1,1
Cluster 25967,1,1
Cluster 25978,1,1
Cluster 25996,1,1
Cluster 26,1,1
Cluster 260,1,1
Cluster 26006,1,1
Cluster 26011,1,1
Cluster 26017,1,1
Cluster 2603,1,1
Cluster 26034,1,1
Cluster 26035,1,1
Cluster 26040,1,1
Cluster 26048,1,1
Cluster 26051,1,1
Cluster 26079,1,1
Cluster 26085,1,1
Cluster 26089,1,1
Cluster 26099,1,1
Cluster 26106,1,1
Cluster 2612,1,1
Cluster 26124,1,1
Cluster 26129,1,1
Cluster 26136,1,1
Cluster 26141,1,1
Cluster 26164,1,1
Cluster 26166,1,1
Cluster 26169,1,1
Cluster 26171,1,1
Cluster 26175,1,1
Cluster 26180,1,1
Cluster 26183,1,1
Cluster 26193,1,1
Cluster 26194,1,1
Cluster 26195,1,1
Cluster 26199,1,1
Cluster 26206,1,1
Cluster 2621,1,1
Cluster 26216,1,1
Cluster 26217,1,1
Cluster 26219,1,1
Cluster 26227,1,1
Cluster 26229,1,1
Cluster 26232,1,1
Cluster 26242,1,1
Cluster 26248,1,1
Cluster 26250,1,1
Cluster 26255,1,1
Cluster 26261,1,1
Cluster 26264,1,1
Cluster 26275,1,1
Cluster 26283,1,1
Cluster 26285,1,1
Cluster 26308,1,1
Cluster 26317,1,1
Cluster 26331,1,1
Cluster 26333,1,1
Cluster 26336,1,1
Cluster 26346,1,1
Cluster 26351,1,1
Cluster 26356,1,1
Cluster 26364,1,1
Cluster 26367,1,1
Cluster 26370,1,1
Cluster 26376,1,1
Cluster 26381,1,1
Cluster 264,1,1
Cluster 2640,1,1
Cluster 26401,1,1
Cluster 26404,1,1
Cluster 26407,1,1
Cluster 26409,1,1
Cluster 26426,1,1
Cluster 26429,1,1
Cluster 26434,1,1
Cluster 26446,1,1
Cluster 26450,1,1
Cluster 26451,1,1
Cluster 26458,1,1
Cluster 26459,1,1
Cluster 26472,1,1
Cluster 26473,1,1
Cluster 26478,1,1
Cluster 26485,1,1
Cluster 2649,1,1
Cluster 26497,1,1
Cluster 26507,1,1
Cluster 26508,1,1
Cluster 26519,1,1
Cluster 2652,1,1
Cluster 2654,1,1
Cluster 26543,1,1
Cluster 26547,1,1
Cluster 26548,1,1
Cluster 26558,1,1
Cluster 26559,1,1
Cluster 26563,1,1
Cluster 26566,1,1
Cluster 26570,1,1
Cluster 26571,1,1
Cluster 26573,1,1
Cluster 26574,1,1
Cluster 26589,1,1
Cluster 26593,1,1
Cluster 26594,1,1
Cluster 26611,1,1
Cluster 26633,1,1
Cluster 26646,1,1
Cluster 26659,1,1
Cluster 2666,1,1
Cluster 26663,1,1
Cluster 26667,1,1
Cluster 26678,1,1
Cluster 2669,1,1
Cluster 26691,1,1
Cluster 26695,1,1
Cluster 26701,1,1
Cluster 26702,1,1
Cluster 26706,1,1
Cluster 26717,1,1
Cluster 26738,1,1
Cluster 26740,1,1
Cluster 26751,1,1
Cluster 26759,1,1
Cluster 26760,1,1
Cluster 2677,1,1
Cluster 26771,1,1
Cluster 26782,1,1
Cluster 26795,1,1
Cluster 26805,1,1
Cluster 26811,1,1
Cluster 26814,1,1
Cluster 26815,1,1
Cluster 26825,1,1
Cluster 26828,1,1
Cluster 26829,1,1
Cluster 26832,1,1
Cluster 26836,1,1
Cluster 26838,1,1
Cluster 2684,1,1
Cluster 26847,1,1
Cluster 26859,1,1
Cluster 26875,1,1
Cluster 26882,1,1
Cluster 26883,1,1
Cluster 26886,1,1
Cluster 26890,1,1
Cluster 26902,1,1
Cluster 26905,1,1
Cluster 26907,1,1
Cluster 26908,1,1
Cluster 26915,1,1
Cluster 26917,1,1
Cluster 26918,1,1
Cluster 26939,1,1
Cluster 26941,1,1
Cluster 26946,1,1
Cluster 2695,1,1
Cluster 26953,1,1
Cluster 26961,1,1
Cluster 26979,1,1
Cluster 26982,1,1
Cluster 26994,1,1
Cluster 26995,1,1
Cluster 26998,1,1
Cluster 270,1,1
Cluster 2702,1,1
Cluster 27025,1,1
Cluster 27027,1,1
Cluster 27043,1,1
Cluster 27055,1,1
Cluster 27063,1,1
Cluster 2707,1,1
Cluster 27071,1,1
Cluster 27074,1,1
Cluster 27083,1,1
Cluster 27091,1,1
Cluster 27096,1,1
Cluster 2711,1,1
Cluster 27116,1,1
Cluster 27126,1,1
Cluster 27127,1,1
Cluster 27130,1,1
Cluster 27133,1,1
Cluster 27152,1,1
Cluster 27155,1,1
Cluster 27176,1,1
Cluster 2718,1,1
Cluster 27181,1,1
Cluster 27183,1,1
Cluster 27191,1,1
Cluster 27196,1,1
Cluster 27197,1,1
Cluster 27199,1,1
Cluster 27201,1,1
Cluster 27216,1,1
Cluster 2722,1,1
Cluster 27222,1,1
Cluster 27226,1,1
Cluster 27231,1,1
Cluster 27233,1,1
Cluster 27236,1,1
Cluster 27237,1,1
Cluster 27243,1,1
Cluster 27245,1,1
Cluster 27247,1,1
Cluster 27253,1,1
Cluster 2726,1,1
Cluster 27261,1,1
Cluster 27263,1,1
Cluster 27266,1,1
Cluster 27277,1,1
Cluster 27281,1,1
Cluster 27282,1,1
Cluster 27291,1,1
Cluster 27292,1,1
Cluster 27315,1,1
Cluster 2733,1,1
Cluster 27336,1,1
Cluster 27340,1,1
Cluster 27348,1,1
Cluster 27356,1,1
Cluster 27358,1,1
Cluster 27362,1,1
Cluster 27364,1,1
Cluster 27375,1,1
Cluster 27376,1,1
Cluster 27382,1,1
Cluster 27387,1,1
Cluster 27390,1,1
Cluster 27391,1,1
Cluster 27402,1,1
Cluster 27404,1,1
Cluster 27408,1,1
Cluster 2741,1,1
Cluster 27422,1,1
Cluster 27424,1,1
Cluster 27425,1,1
Cluster 27426,1,1
Cluster 27430,1,1
Cluster 27432,1,1
Cluster 27451,1,1
Cluster 27452,1,1
Cluster 27495,1,1
Cluster 2750,1,1
Cluster 27516,1,1
Cluster 27525,1,1
Cluster 27528,1,1
Cluster 27532,1,1
Cluster 27533,1,1
Cluster 27535,1,1
Cluster 27539,1,1
Cluster 2754,1,1
Cluster 27540,1,1
Cluster 27542,1,1
Cluster 27546,1,1
Cluster 27552,1,1
Cluster 27562,1,1
Cluster 27569,1,1
Cluster 2757,1,1
Cluster 27587,1,1
Cluster 27588,1,1
Cluster 27590,1,1
Cluster 27591,1,1
Cluster 27597,1,1
Cluster 2760,1,1
Cluster 27602,1,1
Cluster 27617,1,1
Cluster 27620,1,1
Cluster 27627,1,1
Cluster 27628,1,1
Cluster 2763,1,1
Cluster 27641,1,1
Cluster 27642,1,1
Cluster 27646,1,1
Cluster 27649,1,1
Cluster 27655,1,1
Cluster 27663,1,1
Cluster 27672,1,1
Cluster 27675,1,1
Cluster 27676,1,1
Cluster 27678,1,1
Cluster 27694,1,1
Cluster 27701,1,1
Cluster 27702,1,1
Cluster 27706,1,1
Cluster 27711,1,1
Cluster 27718,1,1
Cluster 27728,1,1
Cluster 27734,1,1
Cluster 27739,1,1
Cluster 27751,1,1
Cluster 27756,1,1
Cluster 27764,1,1
Cluster 27770,1,1
Cluster 27771,1,1
Cluster 27787,1,1
Cluster 27796,1,1
Cluster 2781,1,1
Cluster 27810,1,1
Cluster 27815,1,1
Cluster 2782,1,1
Cluster 2783,1,1
Cluster 27832,1,1
Cluster 27833,1,1
Cluster 27837,1,1
Cluster 27838,1,1
Cluster 27840,1,1
Cluster 27848,1,1
Cluster 27862,1,1
Cluster 27875,1,1
Cluster 27878,1,1
Cluster 27882,1,1
Cluster 27892,1,1
Cluster 27896,1,1
Cluster 279,1,1
Cluster 27906,1,1
Cluster 27912,1,1
Cluster 27916,1,1
Cluster 27917,1,1
Cluster 27920,1,1
Cluster 27930,1,1
Cluster 27933,1,1
Cluster 27943,1,1
Cluster 27951,1,1
Cluster 27952,1,1
Cluster 27967,1,1
Cluster 27970,1,1
Cluster 27979,1,1
Cluster 27985,1,1
Cluster 27987,1,1
Cluster 27993,1,1
Cluster 2800,1,1
Cluster 2801,1,1
Cluster 28018,1,1
Cluster 2802,1,1
Cluster 28033,1,1
Cluster 28042,1,1
Cluster 28066,1,1
Cluster 28074,1,1
Cluster 28079,1,1
Cluster 28085,1,1
Cluster 28087,1,1
Cluster 28092,1,1
Cluster 28093,1,1
Cluster 28095,1,1
Cluster 28113,1,1
Cluster 28124,1,1
Cluster 28132,1,1
Cluster 28134,1,1
Cluster 2814,1,1
Cluster 28142,1,1
Cluster 28143,1,1
Cluster 28157,1,1
Cluster 2818,1,1
Cluster 28181,1,1
Cluster 28183,1,1
Cluster 28195,1,1
Cluster 28199,1,1
Cluster 28204,1,1
Cluster 28206,1,1
Cluster 28208,1,1
Cluster 28235,1,1
Cluster 28236,1,1
Cluster 28241,1,1
Cluster 28244,1,1
Cluster 28246,1,1
Cluster 28250,1,1
Cluster 28251,1,1
Cluster 28254,1,1
Cluster 2826,1,1
Cluster 2827,1,1
Cluster 28275,1,1
Cluster 2828,1,1
Cluster 28308,1,1
Cluster 28313,1,1
Cluster 28325,1,1
Cluster 28332,1,1
Cluster 28336,1,1
Cluster 28341,1,1
Cluster 28349,1,1
Cluster 28351,1,1
Cluster 28353,1,1
Cluster 28362,1,1
Cluster 28363,1,1
Cluster 28373,1,1
Cluster 28378,1,1
Cluster 28389,1,1
Cluster 28399,1,1
Cluster 28403,1,1
Cluster 28416,1,1
Cluster 28419,1,1
Cluster 28422,1,1
Cluster 28423,1,1
Cluster 28431,1,1
Cluster 28442,1,1
Cluster 28448,1,1
Cluster 28457,1,1
Cluster 28466,1,1
Cluster 28471,1,1
Cluster 28475,1,1
Cluster 28486,1,1
Cluster 28490,1,1
Cluster 28496,1,1
Cluster 28499,1,1
Cluster 28507,1,1
Cluster 28513,1,1
Cluster 28516,1,1
Cluster 2852,1,1
Cluster 28524,1,1
Cluster 28526,1,1
Cluster 28533,1,1
Cluster 28537,1,1
Cluster 28545,1,1
Cluster 28550,1,1
Cluster 28551,1,1
Cluster 28554,1,1
Cluster 28555,1,1
Cluster 28559,1,1
Cluster 28574,1,1
Cluster 2858,1,1
Cluster 28592,1,1
Cluster 28593,1,1
Cluster 28602,1,1
Cluster 28605,1,1
Cluster 28609,1,1
Cluster 2861,1,1
Cluster 28613,1,1
Cluster 28615,1,1
Cluster 28621,1,1
Cluster 28628,1,1
Cluster 2864,1,1
Cluster 28646,1,1
Cluster 28653,1,1
Cluster 28655,1,1
Cluster 28659,1,1
Cluster 28669,1,1
Cluster 28674,1,1
Cluster 28678,1,1
Cluster 28680,1,1
Cluster 28682,1,1
Cluster 28686,1,1
Cluster 28688,1,1
Cluster 2869,1,1
Cluster 28694,1,1
Cluster 28702,1,1
Cluster 28705,1,1
Cluster 28708,1,1
Cluster 28718,1,1
Cluster 28719,1,1
Cluster 28730,1,1
Cluster 28737,1,1
Cluster 28738,1,1
Cluster 28741,1,1
Cluster 28744,1,1
Cluster 28747,1,1
Cluster 2875,1,1
Cluster 28755,1,1
Cluster 28763,1,1
Cluster 28766,1,1
Cluster 28779,1,1
Cluster 28783,1,1
Cluster 28785,1,1
Cluster 28791,1,1
Cluster 28802,1,1
Cluster 28803,1,1
Cluster 28808,1,1
Cluster 28816,1,1
Cluster 28822,1,1
Cluster 28827,1,1
Cluster 28835,1,1
Cluster 28839,1,1
Cluster 2886,1,1
Cluster 28862,1,1
Cluster 28865,1,1
Cluster 28881,1,1
Cluster 28883,1,1
Cluster 28896,1,1
Cluster 28909,1,1
Cluster 28915,1,1
Cluster 28923,1,1
Cluster 28927,1,1
Cluster 28946,1,1
Cluster 28952,1,1
Cluster 28956,1,1
Cluster 28962,1,1
Cluster 28968,1,1
Cluster 28969,1,1
Cluster 2897,1,1
Cluster 28979,1,1
Cluster 2898,1,1
Cluster 28981,1,1
Cluster 28986,1,1
Cluster 28991,1,1
Cluster 28992,1,1
Cluster 290,1,1
Cluster 29011,1,1
Cluster 29024,1,1
Cluster 29030,1,1
Cluster 29044,1,1
Cluster 29046,1,1
Cluster 29047,1,1
Cluster 29052,1,1
Cluster 29056,1,1
Cluster 29060,1,1
Cluster 2907,1,1
Cluster 29078,1,1
Cluster 29086,1,1
Cluster 29088,1,1
Cluster 29096,1,1
Cluster 29116,1,1
Cluster 29118,1,1
Cluster 2912,1,1
Cluster 29143,1,1
Cluster 29147,1,1
Cluster 29148,1,1
Cluster 2915,1,1
Cluster 29156,1,1
Cluster 29160,1,1
Cluster 29168,1,1
Cluster 29173,1,1
Cluster 29176,1,1
Cluster 29182,1,1
Cluster 29184,1,1
Cluster 29194,1,1
Cluster 29197,1,1
Cluster 29198,1,1
Cluster 29199,1,1
Cluster 29207,1,1
Cluster 29219,1,1
Cluster 29220,1,1
Cluster 29238,1,1
Cluster 29243,1,1
Cluster 29244,1,1
Cluster 2925,1,1
Cluster 29250,1,1
Cluster 29261,1,1
Cluster 29263,1,1
Cluster 29276,1,1
Cluster 29277,1,1
Cluster 29283,1,1
Cluster 29299,1,1
Cluster 29322,1,1
Cluster 29347,1,1
Cluster 29349,1,1
Cluster 2935,1,1
Cluster 29356,1,1
Cluster 29357,1,1
Cluster 29360,1,1
Cluster 29362,1,1
Cluster 29372,1,1
Cluster 29383,1,1
Cluster 29396,1,1
Cluster 29406,1,1
Cluster 29414,1,1
Cluster 29415,1,1
Cluster 29418,1,1
Cluster 2942,1,1
Cluster 29423,1,1
Cluster 29427,1,1
Cluster 2943,1,1
Cluster 29446,1,1
Cluster 29449,1,1
Cluster 29456,1,1
Cluster 29462,1,1
Cluster 29467,1,1
Cluster 29476,1,1
Cluster 29487,1,1
Cluster 29507,1,1
Cluster 29509,1,1
Cluster 2953,1,1
Cluster 29549,1,1
Cluster 29552,1,1
Cluster 29553,1,1
Cluster 29555,1,1
Cluster 29558,1,1
Cluster 29567,1,1
Cluster 29569,1,1
Cluster 29570,1,1
Cluster 29572,1,1
Cluster 29573,1,1
Cluster 2958,1,1
Cluster 29588,1,1
Cluster 29592,1,1
Cluster 29593,1,1
Cluster 29594,1,1
Cluster 29597,1,1
Cluster 29632,1,1
Cluster 29637,1,1
Cluster 2966,1,1
Cluster 29660,1,1
Cluster 29661,1,1
Cluster 29666,1,1
Cluster 29674,1,1
Cluster 29681,1,1
Cluster 29683,1,1
Cluster 29684,1,1
Cluster 29695,1,1
Cluster 29706,1,1
Cluster 29712,1,1
Cluster 29714,1,1
Cluster 29717,1,1
Cluster 29718,1,1
Cluster 29735,1,1
Cluster 29744,1,1
Cluster 29749,1,1
Cluster 29759,1,1
Cluster 29760,1,1
Cluster 29762,1,1
Cluster 2977,1,1
Cluster 29777,1,1
Cluster 29779,1,1
Cluster 29782,1,1
Cluster 29789,1,1
Cluster 29802,1,1
Cluster 29805,1,1
Cluster 29810,1,1
Cluster 29813,1,1
Cluster 29815,1,1
Cluster 2982,1,1
Cluster 29836,1,1
Cluster 29844,1,1
Cluster 29845,1,1
Cluster 29851,1,1
Cluster 29853,1,1
Cluster 29854,1,1
Cluster 29855,1,1
Cluster 2986,1,1
Cluster 29862,1,1
Cluster 29864,1,1
Cluster 29868,1,1
Cluster 29874,1,1
Cluster 29875,1,1
Cluster 29879,1,1
Cluster 2989,1,1
Cluster 29894,1,1
Cluster 29897,1,1
Cluster 29899,1,1
Cluster 299,1,1
Cluster 29900,1,1
Cluster 29904,1,1
Cluster 29906,1,1
Cluster 29914,1,1
Cluster 29918,1,1
Cluster 29924,1,1
Cluster 29925,1,1
Cluster 2994,1,1
Cluster 29941,1,1
Cluster 29943,1,1
Cluster 29951,1,1
Cluster 29953,1,1
Cluster 29961,1,1
Cluster 29962,1,1
Cluster 29964,1,1
Cluster 2997,1,1
Cluster 29970,1,1
Cluster 29996,1,1
Cluster 3000,1,1
Cluster 30000,1,1
Cluster 30018,1,1
Cluster 30028,1,1
Cluster 30032,1,1
Cluster 30034,1,1
Cluster 30052,1,1
Cluster 30066,1,1
Cluster 30070,1,1
Cluster 30074,1,1
Cluster 30080,1,1
Cluster 30081,1,1
Cluster 30085,1,1
Cluster 30087,1,1
Cluster 30091,1,1
Cluster 30103,1,1
Cluster 30106,1,1
Cluster 30111,1,1
Cluster 30113,1,1
Cluster 30115,1,1
Cluster 30117,1,1
Cluster 30121,1,1
Cluster 30124,1,1
Cluster 30125,1,1
Cluster 30127,1,1
Cluster 30138,1,1
Cluster 30148,1,1
Cluster 30159,1,1
Cluster 30174,1,1
Cluster 30175,1,1
Cluster 30177,1,1
Cluster 3019,1,1
Cluster 30190,1,1
Cluster 30217,1,1
Cluster 30219,1,1
Cluster 30222,1,1
Cluster 30226,1,1
Cluster 30241,1,1
Cluster 30243,1,1
Cluster 30252,1,1
Cluster 30255,1,1
Cluster 30257,1,1
Cluster 3026,1,1
Cluster 30265,1,1
Cluster 30268,1,1
Cluster 30270,1,1
Cluster 30274,1,1
Cluster 30275,1,1
Cluster 30281,1,1
Cluster 30282,1,1
Cluster 30287,1,1
Cluster 30288,1,1
Cluster 30295,1,1
Cluster 30296,1,1
Cluster 30299,1,1
Cluster 303,1,1
Cluster 30300,1,1
Cluster 30302,1,1
Cluster 30312,1,1
Cluster 3032,1,1
Cluster 30321,1,1
Cluster 30331,1,1
Cluster 30353,1,1
Cluster 30357,1,1
Cluster 30358,1,1
Cluster 30366,1,1
Cluster 30367,1,1
Cluster 30372,1,1
Cluster 30386,1,1
Cluster 304,1,1
Cluster 30406,1,1
Cluster 30408,1,1
Cluster 30412,1,1
Cluster 30415,1,1
Cluster 30417,1,1
Cluster 30420,1,1
Cluster 30422,1,1
Cluster 30423,1,1
Cluster 30424,1,1
Cluster 30425,1,1
Cluster 30426,1,1
Cluster 30429,1,1
Cluster 30431,1,1
Cluster 30432,1,1
Cluster 3044,1,1
Cluster 30442,1,1
Cluster 30444,1,1
Cluster 30448,1,1
Cluster 3045,1,1
Cluster 30452,1,1
Cluster 30457,1,1
Cluster 30462,1,1
Cluster 30465,1,1
Cluster 30468,1,1
Cluster 30469,1,1
Cluster 30489,1,1
Cluster 30492,1,1
Cluster 305,1,1
Cluster 3050,1,1
Cluster 30500,1,1
Cluster 30511,1,1
Cluster 30513,1,1
Cluster 30522,1,1
Cluster 30525,1,1
Cluster 30532,1,1
Cluster 30538,1,1
Cluster 30542,1,1
Cluster 30544,1,1
Cluster 30554,1,1
Cluster 30556,1,1
Cluster 30564,1,1
Cluster 30566,1,1
Cluster 30567,1,1
Cluster 30575,1,1
Cluster 3058,1,1
Cluster 30585,1,1
Cluster 3060,1,1
Cluster 30604,1,1
Cluster 30611,1,1
Cluster 30614,1,1
Cluster 30620,1,1
Cluster 30621,1,1
Cluster 30629,1,1
Cluster 30634,1,1
Cluster 30651,1,1
Cluster 30662,1,1
Cluster 30676,1,1
Cluster 30678,1,1
Cluster 30686,1,1
Cluster 30691,1,1
Cluster 3070,1,1
Cluster 30701,1,1
Cluster 30706,1,1
Cluster 30715,1,1
Cluster 30722,1,1
Cluster 30740,1,1
Cluster 30743,1,1
Cluster 30749,1,1
Cluster 30755,1,1
Cluster 30767,1,1
Cluster 30768,1,1
Cluster 30769,1,1
Cluster 3077,1,1
Cluster 30775,1,1
Cluster 30783,1,1
Cluster 30784,1,1
Cluster 30792,1,1
Cluster 30794,1,1
Cluster 30798,1,1
Cluster 30807,1,1
Cluster 30825,1,1
Cluster 30829,1,1
Cluster 30834,1,1
Cluster 30837,1,1
Cluster 30856,1,1
Cluster 30862,1,1
Cluster 30869,1,1
Cluster 30870,1,1
Cluster 30874,1,1
Cluster 30877,1,1
Cluster 30879,1,1
Cluster 30880,1,1
Cluster 30887,1,1
Cluster 30888,1,1
Cluster 309,1,1
Cluster 30900,1,1
Cluster 30901,1,1
Cluster 30904,1,1
Cluster 30909,1,1
Cluster 30913,1,1
Cluster 30917,1,1
Cluster 30933,1,1
Cluster 30953,1,1
Cluster 30958,1,1
Cluster 30966,1,1
Cluster 30970,1,1
Cluster 30975,1,1
Cluster 30978,1,1
Cluster 30984,1,1
Cluster 30992,1,1
Cluster 30998,1,1
Cluster 31000,1,1
Cluster 31007,1,1
Cluster 31013,1,1
Cluster 31022,1,1
Cluster 31025,1,1
Cluster 31029,1,1
Cluster 31031,1,1
Cluster 31033,1,1
Cluster 31040,1,1
Cluster 31042,1,1
Cluster 31045,1,1
Cluster 31047,1,1
Cluster 3105,1,1
Cluster 31058,1,1
Cluster 31070,1,1
Cluster 31071,1,1
Cluster 31082,1,1
Cluster 31097,1,1
Cluster 311,1,1
Cluster 31104,1,1
Cluster 31105,1,1
Cluster 31111,1,1
Cluster 31117,1,1
Cluster 31129,1,1
Cluster 31133,1,1
Cluster 3114,1,1
Cluster 31143,1,1
Cluster 31147,1,1
Cluster 31151,1,1
Cluster 31152,1,1
Cluster 31168,1,1
Cluster 3117,1,1
Cluster 31171,1,1
Cluster 3118,1,1
Cluster 31185,1,1
Cluster 31186,1,1
Cluster 31188,1,1
Cluster 31202,1,1
Cluster 31207,1,1
Cluster 31210,1,1
Cluster 31222,1,1
Cluster 31223,1,1
Cluster 31225,1,1
Cluster 31229,1,1
Cluster 31238,1,1
Cluster 31242,1,1
Cluster 3125,1,1
Cluster 31255,1,1
Cluster 31270,1,1
Cluster 31275,1,1
Cluster 31279,1,1
Cluster 31282,1,1
Cluster 31294,1,1
Cluster 31298,1,1
Cluster 31310,1,1
Cluster 31311,1,1
Cluster 31313,1,1
Cluster 31320,1,1
Cluster 31321,1,1
Cluster 31325,1,1
Cluster 31328,1,1
Cluster 31330,1,1
Cluster 31334,1,1
Cluster 3134,1,1
Cluster 31358,1,1
Cluster 3136,1,1
Cluster 31376,1,1
Cluster 31377,1,1
Cluster 3138,1,1
Cluster 31393,1,1
Cluster 3141,1,1
Cluster 31412,1,1
Cluster 31414,1,1
Cluster 31423,1,1
Cluster 31427,1,1
Cluster 31432,1,1
Cluster 3144,1,1
Cluster 31449,1,1
Cluster 31456,1,1
Cluster 31458,1,1
Cluster 31461,1,1
Cluster 31470,1,1
Cluster 31474,1,1
Cluster 31477,1,1
Cluster 3148,1,1
Cluster 31482,1,1
Cluster 3149,1,1
Cluster 31491,1,1
Cluster 31496,1,1
Cluster 31498,1,1
Cluster 31499,1,1
Cluster 3150,1,1
Cluster 31511,1,1
Cluster 31515,1,1
Cluster 31523,1,1
Cluster 31525,1,1
Cluster 31542,1,1
Cluster 31543,1,1
Cluster 31552,1,1
Cluster 31561,1,1
Cluster 31564,1,1
Cluster 3157,1,1
Cluster 31586,1,1
Cluster 31588,1,1
Cluster 31594,1,1
Cluster 31598,1,1
Cluster 31603,1,1
Cluster 31604,1,1
Cluster 31605,1,1
Cluster 31614,1,1
Cluster 31624,1,1
Cluster 31631,1,1
Cluster 31632,1,1
Cluster 31633,1,1
Cluster 31634,1,1
Cluster 31644,1,1
Cluster 31662,1,1
Cluster 31664,1,1
Cluster 3167,1,1
Cluster 31672,1,1
Cluster 31673,1,1
Cluster 31678,1,1
Cluster 31679,1,1
Cluster 31680,1,1
Cluster 31684,1,1
Cluster 31702,1,1
Cluster 31703,1,1
Cluster 31705,1,1
Cluster 31715,1,1
Cluster 31716,1,1
Cluster 31719,1,1
Cluster 31726,1,1
Cluster 31728,1,1
Cluster 31731,1,1
Cluster 31733,1,1
Cluster 31741,1,1
Cluster 3175,1,1
Cluster 31751,1,1
Cluster 31760,1,1
Cluster 31764,1,1
Cluster 31767,1,1
Cluster 31780,1,1
Cluster 31781,1,1
Cluster 31787,1,1
Cluster 31800,1,1
Cluster 31804,1,1
Cluster 31807,1,1
Cluster 31809,1,1
Cluster 31810,1,1
Cluster 31814,1,1
Cluster 31817,1,1
Cluster 31825,1,1
Cluster 31828,1,1
Cluster 31830,1,1
Cluster 31833,1,1
Cluster 31834,1,1
Cluster 31848,1,1
Cluster 3185,1,1
Cluster 31858,1,1
Cluster 31861,1,1
Cluster 31880,1,1
Cluster 31898,1,1
Cluster 31907,1,1
Cluster 31912,1,1
Cluster 3192,1,1
Cluster 31938,1,1
Cluster 31940,1,1
Cluster 31941,1,1
Cluster 31949,1,1
Cluster 31956,1,1
Cluster 31968,1,1
Cluster 31970,1,1
Cluster 31984,1,1
Cluster 31988,1,1
Cluster 3199,1,1
Cluster 31990,1,1
Cluster 31996,1,1
Cluster 31999,1,1
Cluster 32,1,1
Cluster 320,1,1
Cluster 32000,1,1
Cluster 32028,1,1
Cluster 3203,1,1
Cluster 32039,1,1
Cluster 32045,1,1
Cluster 32048,1,1
Cluster 32059,1,1
Cluster 32062,1,1
Cluster 32064,1,1
Cluster 32065,1,1
Cluster 32068,1,1
Cluster 32075,1,1
Cluster 32081,1,1
Cluster 32091,1,1
Cluster 32096,1,1
Cluster 321,1,1
Cluster 3211,1,1
Cluster 3212,1,1
Cluster 32126,1,1
Cluster 32140,1,1
Cluster 32153,1,1
Cluster 3216,1,1
Cluster 32164,1,1
Cluster 32185,1,1
Cluster 32187,1,1
Cluster 32197,1,1
Cluster 322,1,1
Cluster 32201,1,1
Cluster 32202,1,1
Cluster 32207,1,1
Cluster 32209,1,1
Cluster 32222,1,1
Cluster 32225,1,1
Cluster 32249,1,1
Cluster 32258,1,1
Cluster 32259,1,1
Cluster 3226,1,1
Cluster 32260,1,1
Cluster 32267,1,1
Cluster 32272,1,1
Cluster 32276,1,1
Cluster 32280,1,1
Cluster 32282,1,1
Cluster 32294,1,1
Cluster 32300,1,1
Cluster 32303,1,1
Cluster 32307,1,1
Cluster 3231,1,1
Cluster 32311,1,1
Cluster 32313,1,1
Cluster 32316,1,1
Cluster 32319,1,1
Cluster 3232,1,1
Cluster 32325,1,1
Cluster 32333,1,1
Cluster 32339,1,1
Cluster 3236,1,1
Cluster 32361,1,1
Cluster 32368,1,1
Cluster 32376,1,1
Cluster 32379,1,1
Cluster 32383,1,1
Cluster 32390,1,1
Cluster 32404,1,1
Cluster 32410,1,1
Cluster 32412,1,1
Cluster 3242,1,1
Cluster 3246,1,1
Cluster 32464,1,1
Cluster 32465,1,1
Cluster 32467,1,1
Cluster 32471,1,1
Cluster 32472,1,1
Cluster 32476,1,1
Cluster 32477,1,1
Cluster 32483,1,1
Cluster 32489,1,1
Cluster 32499,1,1
Cluster 32507,1,1
Cluster 32510,1,1
Cluster 32511,1,1
Cluster 32512,1,1
Cluster 32514,1,1
Cluster 32515,1,1
Cluster 32540,1,1
Cluster 32542,1,1
Cluster 32549,1,1
Cluster 32561,1,1
Cluster 32567,1,1
Cluster 32571,1,1
Cluster 32585,1,1
Cluster 32588,1,1
Cluster 32599,1,1
Cluster 32601,1,1
Cluster 32605,1,1
Cluster 32606,1,1
Cluster 32610,1,1
Cluster 32618,1,1
Cluster 32621,1,1
Cluster 32626,1,1
Cluster 32632,1,1
Cluster 32633,1,1
Cluster 32638,1,1
Cluster 32646,1,1
Cluster 32652,1,1
Cluster 32656,1,1
Cluster 32657,1,1
Cluster 32676,1,1
Cluster 32683,1,1
Cluster 32688,1,1
Cluster 32690,1,1
Cluster 32691,1,1
Cluster 32693,1,1
Cluster 3271,1,1
Cluster 32712,1,1
Cluster 32716,1,1
Cluster 32723,1,1
Cluster 32725,1,1
Cluster 32739,1,1
Cluster 3274,1,1
Cluster 32746,1,1
Cluster 32748,1,1
Cluster 32751,1,1
Cluster 32754,1,1
Cluster 32759,1,1
Cluster 32776,1,1
Cluster 32781,1,1
Cluster 32783,1,1
Cluster 32794,1,1
Cluster 32795,1,1
Cluster 32801,1,1
Cluster 32805,1,1
Cluster 32818,1,1
Cluster 32824,1,1
Cluster 32826,1,1
Cluster 32843,1,1
Cluster 32866,1,1
Cluster 32871,1,1
Cluster 3289,1,1
Cluster 32891,1,1
Cluster 32895,1,1
Cluster 329,1,1
Cluster 3290,1,1
Cluster 32905,1,1
Cluster 32909,1,1
Cluster 32915,1,1
Cluster 32920,1,1
Cluster 32925,1,1
Cluster 32943,1,1
Cluster 32946,1,1
Cluster 3295,1,1
Cluster 32950,1,1
Cluster 32953,1,1
Cluster 3296,1,1
Cluster 32961,1,1
Cluster 32968,1,1
Cluster 32975,1,1
Cluster 32976,1,1
Cluster 3298,1,1
Cluster 32980,1,1
Cluster 32981,1,1
Cluster 32988,1,1
Cluster 32995,1,1
Cluster 33000,1,1
Cluster 33011,1,1
Cluster 3303,1,1
Cluster 33038,1,1
Cluster 33039,1,1
Cluster 33041,1,1
Cluster 33049,1,1
Cluster 33053,1,1
Cluster 33059,1,1
Cluster 3306,1,1
Cluster 33069,1,1
Cluster 33070,1,1
Cluster 33075,1,1
Cluster 33078,1,1
Cluster 33102,1,1
Cluster 33105,1,1
Cluster 33108,1,1
Cluster 33121,1,1
Cluster 33125,1,1
Cluster 33126,1,1
Cluster 33133,1,1
Cluster 33136,1,1
Cluster 33137,1,1
Cluster 33153,1,1
Cluster 3316,1,1
Cluster 33164,1,1
Cluster 33171,1,1
Cluster 33176,1,1
Cluster 33177,1,1
Cluster 33187,1,1
Cluster 33188,1,1
Cluster 33190,1,1
Cluster 33195,1,1
Cluster 332,1,1
Cluster 3320,1,1
Cluster 33213,1,1
Cluster 33223,1,1
Cluster 33226,1,1
Cluster 33231,1,1
Cluster 33243,1,1
Cluster 3325,1,1
Cluster 33252,1,1
Cluster 33261,1,1
Cluster 33265,1,1
Cluster 33270,1,1
Cluster 3328,1,1
Cluster 33290,1,1
Cluster 33295,1,1
Cluster 33307,1,1
Cluster 33315,1,1
Cluster 33322,1,1
Cluster 33328,1,1
Cluster 33329,1,1
Cluster 33331,1,1
Cluster 33332,1,1
Cluster 33341,1,1
Cluster 33349,1,1
Cluster 33358,1,1
Cluster 33379,1,1
Cluster 33385,1,1
Cluster 33405,1,1
Cluster 33411,1,1
Cluster 33428,1,1
Cluster 33434,1,1
Cluster 33444,1,1
Cluster 33446,1,1
Cluster 33450,1,1
Cluster 33452,1,1
Cluster 33458,1,1
Cluster 33465,1,1
Cluster 33467,1,1
Cluster 33468,1,1
Cluster 33470,1,1
Cluster 33475,1,1
Cluster 33488,1,1
Cluster 3349,1,1
Cluster 33490,1,1
Cluster 33497,1,1
Cluster 33498,1,1
Cluster 33504,1,1
Cluster 33508,1,1
Cluster 33510,1,1
Cluster 33518,1,1
Cluster 33527,1,1
Cluster 33529,1,1
Cluster 33545,1,1
Cluster 3355,1,1
Cluster 33553,1,1
Cluster 33558,1,1
Cluster 33562,1,1
Cluster 33574,1,1
Cluster 33575,1,1
Cluster 33585,1,1
Cluster 33589,1,1
Cluster 33596,1,1
Cluster 33597,1,1
Cluster 33599,1,1
Cluster 33601,1,1
Cluster 33605,1,1
Cluster 33607,1,1
Cluster 33620,1,1
Cluster 33629,1,1
Cluster 33633,1,1
Cluster 33644,1,1
Cluster 33661,1,1
Cluster 33665,1,1
Cluster 33666,1,1
Cluster 33671,1,1
Cluster 33682,1,1
Cluster 33685,1,1
Cluster 33697,1,1
Cluster 33701,1,1
Cluster 33705,1,1
Cluster 3371,1,1
Cluster 33710,1,1
Cluster 33711,1,1
Cluster 33714,1,1
Cluster 33717,1,1
Cluster 33720,1,1
Cluster 33727,1,1
Cluster 33728,1,1
Cluster 33730,1,1
Cluster 33740,1,1
Cluster 33747,1,1
Cluster 33757,1,1
Cluster 33760,1,1
Cluster 3377,1,1
Cluster 33771,1,1
Cluster 33772,1,1
Cluster 33773,1,1
Cluster 33780,1,1
Cluster 33787,1,1
Cluster 33796,1,1
Cluster 33797,1,1
Cluster 33802,1,1
Cluster 33807,1,1
Cluster 33808,1,1
Cluster 33815,1,1
Cluster 33816,1,1
Cluster 33821,1,1
Cluster 33827,1,1
Cluster 33834,1,1
Cluster 33835,1,1
Cluster 33837,1,1
Cluster 33841,1,1
Cluster 33845,1,1
Cluster 33846,1,1
Cluster 33848,1,1
Cluster 33852,1,1
Cluster 33854,1,1
Cluster 33868,1,1
Cluster 33887,1,1
Cluster 33889,1,1
Cluster 33892,1,1
Cluster 339,1,1
Cluster 33900,1,1
Cluster 33908,1,1
Cluster 3391,1,1
Cluster 33913,1,1
Cluster 33916,1,1
Cluster 3392,1,1
Cluster 33923,1,1
Cluster 33933,1,1
Cluster 33936,1,1
Cluster 33937,1,1
Cluster 33942,1,1
Cluster 33948,1,1
Cluster 3395,1,1
Cluster 33954,1,1
Cluster 33974,1,1
Cluster 33981,1,1
Cluster 33983,1,1
Cluster 34,1,1
Cluster 34002,1,1
Cluster 34005,1,1
Cluster 34006,1,1
Cluster 34016,1,1
Cluster 34019,1,1
Cluster 3402,1,1
Cluster 34020,1,1
Cluster 34028,1,1
Cluster 34038,1,1
Cluster 34041,1,1
Cluster 34042,1,1
Cluster 34050,1,1
Cluster 34051,1,1
Cluster 34060,1,1
Cluster 34061,1,1
Cluster 34064,1,1
Cluster 34073,1,1
Cluster 34076,1,1
Cluster 34077,1,1
Cluster 34081,1,1
Cluster 34096,1,1
Cluster 34105,1,1
Cluster 34106,1,1
Cluster 3412,1,1
Cluster 34132,1,1
Cluster 34135,1,1
Cluster 34137,1,1
Cluster 34142,1,1
Cluster 34148,1,1
Cluster 34151,1,1
Cluster 34166,1,1
Cluster 34168,1,1
Cluster 34178,1,1
Cluster 34180,1,1
Cluster 34181,1,1
Cluster 34194,1,1
Cluster 34198,1,1
Cluster 34203,1,1
Cluster 34209,1,1
Cluster 34211,1,1
Cluster 34212,1,1
Cluster 34223,1,1
Cluster 34226,1,1
Cluster 34228,1,1
Cluster 34230,1,1
Cluster 34231,1,1
Cluster 34259,1,1
Cluster 34260,1,1
Cluster 34261,1,1
Cluster 34264,1,1
Cluster 34269,1,1
Cluster 3427,1,1
Cluster 3428,1,1
Cluster 34288,1,1
Cluster 34289,1,1
Cluster 34294,1,1
Cluster 34298,1,1
Cluster 34304,1,1
Cluster 34307,1,1
Cluster 34309,1,1
Cluster 34311,1,1
Cluster 34313,1,1
Cluster 34315,1,1
Cluster 34317,1,1
Cluster 3432,1,1
Cluster 34341,1,1
Cluster 34350,1,1
Cluster 3436,1,1
Cluster 34372,1,1
Cluster 34382,1,1
Cluster 34386,1,1
Cluster 34390,1,1
Cluster 34391,1,1
Cluster 34395,1,1
Cluster 34401,1,1
Cluster 34409,1,1
Cluster 3441,1,1
Cluster 34414,1,1
Cluster 34416,1,1
Cluster 34419,1,1
Cluster 3443,1,1
Cluster 34430,1,1
Cluster 34438,1,1
Cluster 34441,1,1
Cluster 34442,1,1
Cluster 34449,1,1
Cluster 34457,1,1
Cluster 34459,1,1
Cluster 34466,1,1
Cluster 34467,1,1
Cluster 34468,1,1
Cluster 34477,1,1
Cluster 34489,1,1
Cluster 34494,1,1
Cluster 34511,1,1
Cluster 34512,1,1
Cluster 34513,1,1
Cluster 3452,1,1
Cluster 34521,1,1
Cluster 34527,1,1
Cluster 34530,1,1
Cluster 34536,1,1
Cluster 34543,1,1
Cluster 34546,1,1
Cluster 34555,1,1
Cluster 34561,1,1
Cluster 34572,1,1
Cluster 34577,1,1
Cluster 3458,1,1
Cluster 34586,1,1
Cluster 34592,1,1
Cluster 34606,1,1
Cluster 34608,1,1
Cluster 34612,1,1
Cluster 34615,1,1
Cluster 3462,1,1
Cluster 34631,1,1
Cluster 34635,1,1
Cluster 34637,1,1
Cluster 34639,1,1
Cluster 34644,1,1
Cluster 34653,1,1
Cluster 34655,1,1
Cluster 34671,1,1
Cluster 34675,1,1
Cluster 34677,1,1
Cluster 34680,1,1
Cluster 34689,1,1
Cluster 34690,1,1
Cluster 34694,1,1
Cluster 34695,1,1
Cluster 34703,1,1
Cluster 34705,1,1
Cluster 3471,1,1
Cluster 34712,1,1
Cluster 34717,1,1
Cluster 34729,1,1
Cluster 3473,1,1
Cluster 34733,1,1
Cluster 34734,1,1
Cluster 34738,1,1
Cluster 3474,1,1
Cluster 34743,1,1
Cluster 3475,1,1
Cluster 34752,1,1
Cluster 34753,1,1
Cluster 34758,1,1
Cluster 34761,1,1
Cluster 34764,1,1
Cluster 34765,1,1
Cluster 3477,1,1
Cluster 34787,1,1
Cluster 34788,1,1
Cluster 34792,1,1
Cluster 34793,1,1
Cluster 34839,1,1
Cluster 3484,1,1
Cluster 34858,1,1
Cluster 34873,1,1
Cluster 34877,1,1
Cluster 34878,1,1
Cluster 3488,1,1
Cluster 34893,1,1
Cluster 34894,1,1
Cluster 34895,1,1
Cluster 34905,1,1
Cluster 34919,1,1
Cluster 34922,1,1
Cluster 34925,1,1
Cluster 34935,1,1
Cluster 3494,1,1
Cluster 34954,1,1
Cluster 34957,1,1
Cluster 34960,1,1
Cluster 34964,1,1
Cluster 3498,1,1
Cluster 34982,1,1
Cluster 34986,1,1
Cluster 34992,1,1
Cluster 34998,1,1
Cluster 3500,1,1
Cluster 35002,1,1
Cluster 35007,1,1
Cluster 35010,1,1
Cluster 35012,1,1
Cluster 35014,1,1
Cluster 35032,1,1
Cluster 35042,1,1
Cluster 35044,1,1
Cluster 35047,1,1
Cluster 35063,1,1
Cluster 35067,1,1
Cluster 35077,1,1
Cluster 35078,1,1
Cluster 35080,1,1
Cluster 35087,1,1
Cluster 3509,1,1
Cluster 35097,1,1
Cluster 35099,1,1
Cluster 35107,1,1
Cluster 35113,1,1
Cluster 35128,1,1
Cluster 35144,1,1
Cluster 35151,1,1
Cluster 35161,1,1
Cluster 35170,1,1
Cluster 35189,1,1
Cluster 35202,1,1
Cluster 35205,1,1
Cluster 35212,1,1
Cluster 35214,1,1
Cluster 35226,1,1
Cluster 35233,1,1
Cluster 35235,1,1
Cluster 35240,1,1
Cluster 35262,1,1
Cluster 35276,1,1
Cluster 35284,1,1
Cluster 35291,1,1
Cluster 35304,1,1
Cluster 35313,1,1
Cluster 3532,1,1
Cluster 35323,1,1
Cluster 35325,1,1
Cluster 35329,1,1
Cluster 35338,1,1
Cluster 35340,1,1
Cluster 35361,1,1
Cluster 35365,1,1
Cluster 3537,1,1
Cluster 35377,1,1
Cluster 3538,1,1
Cluster 35382,1,1
Cluster 35385,1,1
Cluster 35391,1,1
Cluster 35406,1,1
Cluster 35411,1,1
Cluster 35415,1,1
Cluster 3543,1,1
Cluster 3544,1,1
Cluster 35469,1,1
Cluster 35472,1,1
Cluster 35496,1,1
Cluster 35508,1,1
Cluster 35518,1,1
Cluster 35520,1,1
Cluster 35526,1,1
Cluster 3553,1,1
Cluster 35534,1,1
Cluster 35536,1,1
Cluster 35538,1,1
Cluster 35540,1,1
Cluster 3555,1,1
Cluster 35553,1,1
Cluster 35557,1,1
Cluster 35559,1,1
Cluster 3556,1,1
Cluster 35564,1,1
Cluster 35568,1,1
Cluster 35569,1,1
Cluster 35577,1,1
Cluster 35579,1,1
Cluster 3559,1,1
Cluster 35593,1,1
Cluster 35597,1,1
Cluster 35603,1,1
Cluster 35613,1,1
Cluster 35615,1,1
Cluster 35618,1,1
Cluster 35620,1,1
Cluster 35621,1,1
Cluster 35622,1,1
Cluster 35642,1,1
Cluster 35645,1,1
Cluster 35657,1,1
Cluster 35659,1,1
Cluster 35669,1,1
Cluster 35671,1,1
Cluster 35679,1,1
Cluster 35686,1,1
Cluster 35693,1,1
Cluster 35706,1,1
Cluster 35742,1,1
Cluster 35743,1,1
Cluster 35753,1,1
Cluster 35754,1,1
Cluster 35756,1,1
Cluster 35759,1,1
Cluster 35764,1,1
Cluster 35782,1,1
Cluster 35783,1,1
Cluster 35793,1,1
Cluster 35796,1,1
Cluster 35799,1,1
Cluster 3580,1,1
Cluster 35806,1,1
Cluster 35807,1,1
Cluster 35809,1,1
Cluster 35811,1,1
Cluster 35813,1,1
Cluster 35815,1,1
Cluster 35816,1,1
Cluster 35825,1,1
Cluster 35829,1,1
Cluster 35830,1,1
Cluster 35841,1,1
Cluster 3585,1,1
Cluster 35850,1,1
Cluster 35857,1,1
Cluster 35866,1,1
Cluster 35874,1,1
Cluster 35911,1,1
Cluster 3592,1,1
Cluster 35928,1,1
Cluster 35940,1,1
Cluster 35950,1,1
Cluster 35960,1,1
Cluster 3597,1,1
Cluster 35971,1,1
Cluster 35973,1,1
Cluster 35975,1,1
Cluster 35981,1,1
Cluster 35986,1,1
Cluster 35988,1,1
Cluster 35991,1,1
Cluster 35994,1,1
Cluster 35995,1,1
Cluster 35997,1,1
Cluster 36005,1,1
Cluster 36009,1,1
Cluster 36010,1,1
Cluster 36017,1,1
Cluster 36021,1,1
Cluster 36029,1,1
Cluster 36034,1,1
Cluster 3605,1,1
Cluster 36054,1,1
Cluster 36064,1,1
Cluster 36075,1,1
Cluster 36076,1,1
Cluster 36086,1,1
Cluster 36095,1,1
Cluster 36098,1,1
Cluster 36100,1,1
Cluster 36105,1,1
Cluster 36108,1,1
Cluster 36122,1,1
Cluster 36147,1,1
Cluster 3616,1,1
Cluster 36165,1,1
Cluster 36170,1,1
Cluster 36177,1,1
Cluster 36178,1,1
Cluster 36181,1,1
Cluster 36189,1,1
Cluster 36193,1,1
Cluster 36194,1,1
Cluster 36199,1,1
Cluster 362,1,1
Cluster 36200,1,1
Cluster 36213,1,1
Cluster 36217,1,1
Cluster 36220,1,1
Cluster 36237,1,1
Cluster 36238,1,1
Cluster 36249,1,1
Cluster 36251,1,1
Cluster 36255,1,1
Cluster 36263,1,1
Cluster 3627,1,1
Cluster 36272,1,1
Cluster 3628,1,1
Cluster 36280,1,1
Cluster 36284,1,1
Cluster 36298,1,1
Cluster 363,1,1
Cluster 36302,1,1
Cluster 36305,1,1
Cluster 36309,1,1
Cluster 36317,1,1
Cluster 36319,1,1
Cluster 36325,1,1
Cluster 36328,1,1
Cluster 36330,1,1
Cluster 3634,1,1
Cluster 36345,1,1
Cluster 36347,1,1
Cluster 36348,1,1
Cluster 3635,1,1
Cluster 36355,1,1
Cluster 36358,1,1
Cluster 36365,1,1
Cluster 36373,1,1
Cluster 36379,1,1
Cluster 36381,1,1
Cluster 36393,1,1
Cluster 364,1,1
Cluster 3640,1,1
Cluster 36402,1,1
Cluster 36410,1,1
Cluster 3642,1,1
Cluster 36424,1,1
Cluster 3643,1,1
Cluster 36434,1,1
Cluster 36444,1,1
Cluster 36446,1,1
Cluster 36459,1,1
Cluster 36470,1,1
Cluster 36478,1,1
Cluster 36493,1,1
Cluster 3651,1,1
Cluster 36517,1,1
Cluster 36534,1,1
Cluster 36540,1,1
Cluster 36542,1,1
Cluster 36543,1,1
Cluster 36557,1,1
Cluster 36559,1,1
Cluster 36560,1,1
Cluster 36563,1,1
Cluster 36565,1,1
Cluster 36567,1,1
Cluster 3657,1,1
Cluster 36577,1,1
Cluster 36584,1,1
Cluster 36587,1,1
Cluster 36588,1,1
Cluster 36591,1,1
Cluster 36592,1,1
Cluster 36595,1,1
Cluster 36603,1,1
Cluster 3661,1,1
Cluster 36620,1,1
Cluster 36623,1,1
Cluster 36627,1,1
Cluster 36637,1,1
Cluster 36639,1,1
Cluster 36640,1,1
Cluster 36671,1,1
Cluster 36678,1,1
Cluster 36688,1,1
Cluster 36698,1,1
Cluster 36705,1,1
Cluster 36707,1,1
Cluster 36711,1,1
Cluster 36716,1,1
Cluster 36733,1,1
Cluster 36735,1,1
Cluster 36738,1,1
Cluster 36741,1,1
Cluster 36749,1,1
Cluster 36754,1,1
Cluster 36759,1,1
Cluster 36760,1,1
Cluster 36762,1,1
Cluster 36770,1,1
Cluster 36771,1,1
Cluster 36776,1,1
Cluster 36793,1,1
Cluster 36799,1,1
Cluster 36809,1,1
Cluster 36822,1,1
Cluster 36827,1,1
Cluster 3683,1,1
Cluster 36839,1,1
Cluster 36844,1,1
Cluster 36846,1,1
Cluster 36848,1,1
Cluster 36858,1,1
Cluster 36881,1,1
Cluster 36889,1,1
Cluster 3689,1,1
Cluster 36907,1,1
Cluster 36908,1,1
Cluster 36910,1,1
Cluster 36912,1,1
Cluster 36916,1,1
Cluster 36917,1,1
Cluster 36921,1,1
Cluster 36936,1,1
Cluster 36940,1,1
Cluster 36949,1,1
Cluster 36954,1,1
Cluster 36959,1,1
Cluster 3696,1,1
Cluster 36968,1,1
Cluster 36969,1,1
Cluster 36983,1,1
Cluster 36989,1,1
Cluster 36991,1,1
Cluster 37004,1,1
Cluster 37005,1,1
Cluster 37014,1,1
Cluster 37015,1,1
Cluster 37020,1,1
Cluster 37030,1,1
Cluster 37033,1,1
Cluster 37039,1,1
Cluster 37046,1,1
Cluster 37053,1,1
Cluster 37067,1,1
Cluster 37087,1,1
Cluster 37088,1,1
Cluster 37097,1,1
Cluster 37102,1,1
Cluster 37108,1,1
Cluster 37115,1,1
Cluster 37127,1,1
Cluster 37129,1,1
Cluster 3713,1,1
Cluster 37132,1,1
Cluster 37135,1,1
Cluster 37141,1,1
Cluster 37142,1,1
Cluster 37153,1,1
Cluster 37172,1,1
Cluster 37174,1,1
Cluster 37179,1,1
Cluster 3718,1,1
Cluster 37185,1,1
Cluster 37193,1,1
Cluster 37197,1,1
Cluster 37205,1,1
Cluster 37207,1,1
Cluster 37217,1,1
Cluster 37229,1,1
Cluster 3723,1,1
Cluster 37232,1,1
Cluster 37237,1,1
Cluster 37243,1,1
Cluster 37249,1,1
Cluster 37251,1,1
Cluster 37253,1,1
Cluster 37260,1,1
Cluster 37265,1,1
Cluster 37270,1,1
Cluster 37273,1,1
Cluster 37283,1,1
Cluster 37286,1,1
Cluster 37288,1,1
Cluster 37289,1,1
Cluster 3729,1,1
Cluster 37293,1,1
Cluster 37296,1,1
Cluster 3730,1,1
Cluster 3731,1,1
Cluster 37336,1,1
Cluster 37337,1,1
Cluster 37340,1,1
Cluster 37341,1,1
Cluster 37354,1,1
Cluster 37356,1,1
Cluster 37360,1,1
Cluster 37362,1,1
Cluster 37384,1,1
Cluster 37389,1,1
Cluster 37392,1,1
Cluster 37398,1,1
Cluster 37401,1,1
Cluster 37407,1,1
Cluster 37415,1,1
Cluster 37426,1,1
Cluster 37427,1,1
Cluster 37433,1,1
Cluster 37434,1,1
Cluster 37439,1,1
Cluster 37443,1,1
Cluster 37455,1,1
Cluster 37459,1,1
Cluster 37467,1,1
Cluster 37469,1,1
Cluster 37479,1,1
Cluster 37485,1,1
Cluster 37497,1,1
Cluster 37498,1,1
Cluster 37506,1,1
Cluster 37509,1,1
Cluster 37518,1,1
Cluster 37526,1,1
Cluster 37542,1,1
Cluster 37544,1,1
Cluster 37545,1,1
Cluster 37559,1,1
Cluster 37566,1,1
Cluster 37575,1,1
Cluster 37581,1,1
Cluster 37582,1,1
Cluster 37593,1,1
Cluster 37596,1,1
Cluster 37598,1,1
Cluster 37600,1,1
Cluster 37614,1,1
Cluster 37615,1,1
Cluster 37619,1,1
Cluster 37624,1,1
Cluster 37625,1,1
Cluster 37631,1,1
Cluster 37637,1,1
Cluster 37640,1,1
Cluster 37643,1,1
Cluster 37655,1,1
Cluster 37661,1,1
Cluster 37663,1,1
Cluster 37666,1,1
Cluster 37667,1,1
Cluster 37669,1,1
Cluster 37676,1,1
Cluster 37684,1,1
Cluster 3769,1,1
Cluster 3770,1,1
Cluster 37700,1,1
Cluster 37701,1,1
Cluster 37714,1,1
Cluster 37733,1,1
Cluster 37740,1,1
Cluster 37745,1,1
Cluster 37746,1,1
Cluster 37756,1,1
Cluster 37765,1,1
Cluster 37767,1,1
Cluster 37776,1,1
Cluster 37781,1,1
Cluster 37787,1,1
Cluster 37794,1,1
Cluster 37805,1,1
Cluster 37809,1,1
Cluster 37810,1,1
Cluster 37811,1,1
Cluster 37815,1,1
Cluster 37826,1,1
Cluster 37851,1,1
Cluster 37863,1,1
Cluster 37865,1,1
Cluster 37866,1,1
Cluster 37878,1,1
Cluster 3788,1,1
Cluster 37883,1,1
Cluster 37887,1,1
Cluster 37888,1,1
Cluster 37899,1,1
Cluster 37906,1,1
Cluster 37914,1,1
Cluster 37919,1,1
Cluster 37923,1,1
Cluster 37924,1,1
Cluster 3793,1,1
Cluster 37934,1,1
Cluster 37946,1,1
Cluster 37955,1,1
Cluster 37960,1,1
Cluster 3797,1,1
Cluster 37978,1,1
Cluster 37984,1,1
Cluster 37985,1,1
Cluster 37988,1,1
Cluster 37996,1,1
Cluster 3800,1,1
Cluster 38008,1,1
Cluster 38010,1,1
Cluster 38014,1,1
Cluster 3802,1,1
Cluster 38036,1,1
Cluster 38045,1,1
Cluster 38047,1,1
Cluster 3805,1,1
Cluster 38057,1,1
Cluster 38060,1,1
Cluster 38072,1,1
Cluster 38073,1,1
Cluster 38076,1,1
Cluster 38082,1,1
Cluster 38090,1,1
Cluster 38102,1,1
Cluster 38114,1,1
Cluster 38117,1,1
Cluster 38129,1,1
Cluster 38138,1,1
Cluster 38154,1,1
Cluster 38173,1,1
Cluster 38181,1,1
Cluster 38182,1,1
Cluster 38189,1,1
Cluster 38190,1,1
Cluster 38191,1,1
Cluster 38192,1,1
Cluster 38198,1,1
Cluster 382,1,1
Cluster 38200,1,1
Cluster 38206,1,1
Cluster 3821,1,1
Cluster 38224,1,1
Cluster 38225,1,1
Cluster 38226,1,1
Cluster 38228,1,1
Cluster 38231,1,1
Cluster 38239,1,1
Cluster 38242,1,1
Cluster 38247,1,1
Cluster 38250,1,1
Cluster 38251,1,1
Cluster 38254,1,1
Cluster 38259,1,1
Cluster 38261,1,1
Cluster 38271,1,1
Cluster 38275,1,1
Cluster 38286,1,1
Cluster 38288,1,1
Cluster 38290,1,1
Cluster 38297,1,1
Cluster 38299,1,1
Cluster 38305,1,1
Cluster 38306,1,1
Cluster 38312,1,1
Cluster 38314,1,1
Cluster 38343,1,1
Cluster 38344,1,1
Cluster 38351,1,1
Cluster 38361,1,1
Cluster 38362,1,1
Cluster 38366,1,1
Cluster 38371,1,1
Cluster 38372,1,1
Cluster 38398,1,1
Cluster 38413,1,1
Cluster 38416,1,1
Cluster 38418,1,1
Cluster 38422,1,1
Cluster 38430,1,1
Cluster 38434,1,1
Cluster 38437,1,1
Cluster 38438,1,1
Cluster 3844,1,1
Cluster 38457,1,1
Cluster 38458,1,1
Cluster 38471,1,1
Cluster 38474,1,1
Cluster 38476,1,1
Cluster 38477,1,1
Cluster 38480,1,1
Cluster 38483,1,1
Cluster 38484,1,1
Cluster 38486,1,1
Cluster 38494,1,1
Cluster 38495,1,1
Cluster 38502,1,1
Cluster 38505,1,1
Cluster 38511,1,1
Cluster 38514,1,1
Cluster 38522,1,1
Cluster 38525,1,1
Cluster 38532,1,1
Cluster 38536,1,1
Cluster 38538,1,1
Cluster 38545,1,1
Cluster 38549,1,1
Cluster 38560,1,1
Cluster 38566,1,1
Cluster 38582,1,1
Cluster 38584,1,1
Cluster 3859,1,1
Cluster 38593,1,1
Cluster 38595,1,1
Cluster 38597,1,1
Cluster 38606,1,1
Cluster 38609,1,1
Cluster 38611,1,1
Cluster 38628,1,1
Cluster 38635,1,1
Cluster 38645,1,1
Cluster 38647,1,1
Cluster 3865,1,1
Cluster 38652,1,1
Cluster 38665,1,1
Cluster 38678,1,1
Cluster 38686,1,1
Cluster 38687,1,1
Cluster 3869,1,1
Cluster 38690,1,1
Cluster 38707,1,1
Cluster 38714,1,1
Cluster 3872,1,1
Cluster 38720,1,1
Cluster 38738,1,1
Cluster 38739,1,1
Cluster 38752,1,1
Cluster 38756,1,1
Cluster 38757,1,1
Cluster 38759,1,1
Cluster 3876,1,1
Cluster 38768,1,1
Cluster 38779,1,1
Cluster 38782,1,1
Cluster 38783,1,1
Cluster 38807,1,1
Cluster 38812,1,1
Cluster 38814,1,1
Cluster 38819,1,1
Cluster 38826,1,1
Cluster 38845,1,1
Cluster 38849,1,1
Cluster 38851,1,1
Cluster 38853,1,1
Cluster 38877,1,1
Cluster 3889,1,1
Cluster 38891,1,1
Cluster 38895,1,1
Cluster 38902,1,1
Cluster 38915,1,1
Cluster 38922,1,1
Cluster 38924,1,1
Cluster 38927,1,1
Cluster 38928,1,1
Cluster 38930,1,1
Cluster 38940,1,1
Cluster 38947,1,1
Cluster 38955,1,1
Cluster 38963,1,1
Cluster 38967,1,1
Cluster 38968,1,1
Cluster 38969,1,1
Cluster 38970,1,1
Cluster 38979,1,1
Cluster 38981,1,1
Cluster 38993,1,1
Cluster 38996,1,1
Cluster 39,1,1
Cluster 39000,1,1
Cluster 39001,1,1
Cluster 3901,1,1
Cluster 39024,1,1
Cluster 39042,1,1
Cluster 39052,1,1
Cluster 39057,1,1
Cluster 3908,1,1
Cluster 39080,1,1
Cluster 39084,1,1
Cluster 39090,1,1
Cluster 39093,1,1
Cluster 39095,1,1
Cluster 39096,1,1
Cluster 39111,1,1
Cluster 39118,1,1
Cluster 39124,1,1
Cluster 39126,1,1
Cluster 39134,1,1
Cluster 39136,1,1
Cluster 39139,1,1
Cluster 39142,1,1
Cluster 39145,1,1
Cluster 39152,1,1
Cluster 39159,1,1
Cluster 39171,1,1
Cluster 39174,1,1
Cluster 39181,1,1
Cluster 39194,1,1
Cluster 39198,1,1
Cluster 39199,1,1
Cluster 3923,1,1
Cluster 39240,1,1
Cluster 39242,1,1
Cluster 39249,1,1
Cluster 39256,1,1
Cluster 39263,1,1
Cluster 39265,1,1
Cluster 39269,1,1
Cluster 39275,1,1
Cluster 39277,1,1
Cluster 39278,1,1
Cluster 39282,1,1
Cluster 39284,1,1
Cluster 39294,1,1
Cluster 39312,1,1
Cluster 39325,1,1
Cluster 39331,1,1
Cluster 39334,1,1
Cluster 39336,1,1
Cluster 39339,1,1
Cluster 3934,1,1
Cluster 39350,1,1
Cluster 39356,1,1
Cluster 39358,1,1
Cluster 39359,1,1
Cluster 39361,1,1
Cluster 39366,1,1
Cluster 39372,1,1
Cluster 39381,1,1
Cluster 39392,1,1
Cluster 394,1,1
Cluster 39407,1,1
Cluster 39420,1,1
Cluster 39426,1,1
Cluster 39430,1,1
Cluster 39432,1,1
Cluster 3944,1,1
Cluster 39444,1,1
Cluster 39450,1,1
Cluster 39451,1,1
Cluster 39464,1,1
Cluster 39466,1,1
Cluster 39487,1,1
Cluster 39489,1,1
Cluster 3949,1,1
Cluster 39503,1,1
Cluster 39508,1,1
Cluster 39510,1,1
Cluster 39512,1,1
Cluster 39514,1,1
Cluster 39523,1,1
Cluster 3954,1,1
Cluster 39542,1,1
Cluster 39543,1,1
Cluster 39550,1,1
Cluster 39553,1,1
Cluster 39554,1,1
Cluster 39558,1,1
Cluster 39572,1,1
Cluster 3959,1,1
Cluster 39608,1,1
Cluster 39623,1,1
Cluster 39625,1,1
Cluster 39632,1,1
Cluster 39635,1,1
Cluster 39654,1,1
Cluster 3966,1,1
Cluster 39660,1,1
Cluster 39661,1,1
Cluster 39668,1,1
Cluster 39672,1,1
Cluster 39674,1,1
Cluster 39688,1,1
Cluster 39689,1,1
Cluster 3969,1,1
Cluster 39690,1,1
Cluster 39702,1,1
Cluster 39706,1,1
Cluster 39708,1,1
Cluster 39709,1,1
Cluster 39715,1,1
Cluster 39716,1,1
Cluster 39717,1,1
Cluster 39722,1,1
Cluster 39733,1,1
Cluster 39734,1,1
Cluster 39748,1,1
Cluster 39757,1,1
Cluster 39769,1,1
Cluster 3977,1,1
Cluster 39770,1,1
Cluster 39775,1,1
Cluster 39777,1,1
Cluster 3978,1,1
Cluster 39785,1,1
Cluster 39786,1,1
Cluster 39797,1,1
Cluster 39799,1,1
Cluster 39804,1,1
Cluster 3981,1,1
Cluster 39815,1,1
Cluster 39826,1,1
Cluster 39828,1,1
Cluster 39833,1,1
Cluster 39835,1,1
Cluster 39839,1,1
Cluster 39840,1,1
Cluster 39854,1,1
Cluster 39856,1,1
Cluster 39858,1,1
Cluster 39866,1,1
Cluster 39869,1,1
Cluster 3987,1,1
Cluster 39874,1,1
Cluster 39881,1,1
Cluster 39884,1,1
Cluster 39887,1,1
Cluster 39890,1,1
Cluster 39893,1,1
Cluster 39904,1,1
Cluster 39912,1,1
Cluster 39921,1,1
Cluster 3993,1,1
Cluster 39941,1,1
Cluster 39950,1,1
Cluster 39956,1,1
Cluster 39958,1,1
Cluster 39961,1,1
Cluster 39964,1,1
Cluster 39967,1,1
Cluster 39987,1,1
Cluster 3999,1,1
Cluster 40033,1,1
Cluster 40048,1,1
Cluster 40049,1,1
Cluster 4005,1,1
Cluster 40050,1,1
Cluster 40055,1,1
Cluster 40056,1,1
Cluster 40058,1,1
Cluster 40073,1,1
Cluster 40079,1,1
Cluster 40086,1,1
Cluster 40091,1,1
Cluster 40097,1,1
Cluster 40102,1,1
Cluster 40103,1,1
Cluster 40104,1,1
Cluster 40107,1,1
Cluster 40114,1,1
Cluster 40115,1,1
Cluster 40126,1,1
Cluster 40127,1,1
Cluster 40129,1,1
Cluster 40131,1,1
Cluster 40134,1,1
Cluster 4016,1,1
Cluster 40165,1,1
Cluster 40166,1,1
Cluster 40175,1,1
Cluster 40177,1,1
Cluster 40180,1,1
Cluster 40184,1,1
Cluster 40188,1,1
Cluster 40192,1,1
Cluster 40210,1,1
Cluster 40218,1,1
Cluster 40226,1,1
Cluster 40228,1,1
Cluster 40238,1,1
Cluster 40242,1,1
Cluster 40244,1,1
Cluster 40250,1,1
Cluster 40256,1,1
Cluster 40259,1,1
Cluster 40265,1,1
Cluster 40269,1,1
Cluster 40277,1,1
Cluster 40278,1,1
Cluster 40281,1,1
Cluster 40299,1,1
Cluster 40300,1,1
Cluster 40307,1,1
Cluster 40323,1,1
Cluster 4033,1,1
Cluster 40331,1,1
Cluster 4034,1,1
Cluster 40348,1,1
Cluster 40355,1,1
Cluster 40360,1,1
Cluster 40372,1,1
Cluster 40385,1,1
Cluster 40394,1,1
Cluster 404,1,1
Cluster 4040,1,1
Cluster 40406,1,1
Cluster 40410,1,1
Cluster 40413,1,1
Cluster 40414,1,1
Cluster 40415,1,1
Cluster 40416,1,1
Cluster 40418,1,1
Cluster 40423,1,1
Cluster 40428,1,1
Cluster 40433,1,1
Cluster 40434,1,1
Cluster 40452,1,1
Cluster 40456,1,1
Cluster 40467,1,1
Cluster 40470,1,1
Cluster 40476,1,1
Cluster 40478,1,1
Cluster 40484,1,1
Cluster 40485,1,1
Cluster 40488,1,1
Cluster 40489,1,1
Cluster 4050,1,1
Cluster 40500,1,1
Cluster 40505,1,1
Cluster 4052,1,1
Cluster 40529,1,1
Cluster 4053,1,1
Cluster 40533,1,1
Cluster 40538,1,1
Cluster 40541,1,1
Cluster 40558,1,1
Cluster 40571,1,1
Cluster 40578,1,1
Cluster 40621,1,1
Cluster 40623,1,1
Cluster 40628,1,1
Cluster 4063,1,1
Cluster 40630,1,1
Cluster 40645,1,1
Cluster 40652,1,1
Cluster 40658,1,1
Cluster 4066,1,1
Cluster 40661,1,1
Cluster 40663,1,1
Cluster 40666,1,1
Cluster 40670,1,1
Cluster 40683,1,1
Cluster 40684,1,1
Cluster 40691,1,1
Cluster 40694,1,1
Cluster 40697,1,1
Cluster 40698,1,1
Cluster 40700,1,1
Cluster 40702,1,1
Cluster 40703,1,1
Cluster 40705,1,1
Cluster 4071,1,1
Cluster 40713,1,1
Cluster 40717,1,1
Cluster 40726,1,1
Cluster 40728,1,1
Cluster 40734,1,1
Cluster 40743,1,1
Cluster 40758,1,1
Cluster 40759,1,1
Cluster 40772,1,1
Cluster 40773,1,1
Cluster 40777,1,1
Cluster 40779,1,1
Cluster 40790,1,1
Cluster 40792,1,1
Cluster 40795,1,1
Cluster 40798,1,1
Cluster 40802,1,1
Cluster 40806,1,1
Cluster 40814,1,1
Cluster 40842,1,1
Cluster 40857,1,1
Cluster 40859,1,1
Cluster 40862,1,1
Cluster 40869,1,1
Cluster 40875,1,1
Cluster 40879,1,1
Cluster 40880,1,1
Cluster 40885,1,1
Cluster 40887,1,1
Cluster 40890,1,1
Cluster 40891,1,1
Cluster 40898,1,1
Cluster 409,1,1
Cluster 40902,1,1
Cluster 40911,1,1
Cluster 40912,1,1
Cluster 40929,1,1
Cluster 4093,1,1
Cluster 40938,1,1
Cluster 40941,1,1
Cluster 40949,1,1
Cluster 40951,1,1
Cluster 40954,1,1
Cluster 40960,1,1
Cluster 40965,1,1
Cluster 40968,1,1
Cluster 40970,1,1
Cluster 4099,1,1
Cluster 410,1,1
Cluster 41019,1,1
Cluster 41022,1,1
Cluster 41037,1,1
Cluster 41043,1,1
Cluster 41051,1,1
Cluster 41064,1,1
Cluster 41066,1,1
Cluster 41072,1,1
Cluster 41073,1,1
Cluster 4108,1,1
Cluster 41081,1,1
Cluster 41084,1,1
Cluster 41085,1,1
Cluster 41086,1,1
Cluster 41087,1,1
Cluster 41096,1,1
Cluster 41099,1,1
Cluster 411,1,1
Cluster 41100,1,1
Cluster 41108,1,1
Cluster 41110,1,1
Cluster 41112,1,1
Cluster 41118,1,1
Cluster 41121,1,1
Cluster 41124,1,1
Cluster 41125,1,1
Cluster 41129,1,1
Cluster 41147,1,1
Cluster 4115,1,1
Cluster 41173,1,1
Cluster 41175,1,1
Cluster 4119,1,1
Cluster 41194,1,1
Cluster 41203,1,1
Cluster 41206,1,1
Cluster 41213,1,1
Cluster 41220,1,1
Cluster 41221,1,1
Cluster 41222,1,1
Cluster 41223,1,1
Cluster 41235,1,1
Cluster 41237,1,1
Cluster 41248,1,1
Cluster 41251,1,1
Cluster 41253,1,1
Cluster 41255,1,1
Cluster 41268,1,1
Cluster 41272,1,1
Cluster 41278,1,1
Cluster 4128,1,1
Cluster 41290,1,1
Cluster 41291,1,1
Cluster 41304,1,1
Cluster 41317,1,1
Cluster 41346,1,1
Cluster 41353,1,1
Cluster 41370,1,1
Cluster 41371,1,1
Cluster 41375,1,1
Cluster 41377,1,1
Cluster 41378,1,1
Cluster 41390,1,1
Cluster 41392,1,1
Cluster 41394,1,1
Cluster 41400,1,1
Cluster 41403,1,1
Cluster 41415,1,1
Cluster 41417,1,1
Cluster 41424,1,1
Cluster 41435,1,1
Cluster 41437,1,1
Cluster 41439,1,1
Cluster 41440,1,1
Cluster 41443,1,1
Cluster 41445,1,1
Cluster 4145,1,1
Cluster 41450,1,1
Cluster 41465,1,1
Cluster 41466,1,1
Cluster 41483,1,1
Cluster 41486,1,1
Cluster 41490,1,1
Cluster 41495,1,1
Cluster 41505,1,1
Cluster 41507,1,1
Cluster 41515,1,1
Cluster 41516,1,1
Cluster 41517,1,1
Cluster 41518,1,1
Cluster 41525,1,1
Cluster 41553,1,1
Cluster 41554,1,1
Cluster 41561,1,1
Cluster 41566,1,1
Cluster 41570,1,1
Cluster 41575,1,1
Cluster 41583,1,1
Cluster 41587,1,1
Cluster 41589,1,1
Cluster 41593,1,1
Cluster 41605,1,1
Cluster 41612,1,1
Cluster 41618,1,1
Cluster 41634,1,1
Cluster 41643,1,1
Cluster 41646,1,1
Cluster 41648,1,1
Cluster 41650,1,1
Cluster 41657,1,1
Cluster 41662,1,1
Cluster 41666,1,1
Cluster 41668,1,1
Cluster 41669,1,1
Cluster 41672,1,1
Cluster 41677,1,1
Cluster 41680,1,1
Cluster 41684,1,1
Cluster 41694,1,1
Cluster 41703,1,1
Cluster 41704,1,1
Cluster 41714,1,1
Cluster 41723,1,1
Cluster 41729,1,1
Cluster 41739,1,1
Cluster 41748,1,1
Cluster 41749,1,1
Cluster 41769,1,1
Cluster 4177,1,1
Cluster 41774,1,1
Cluster 41775,1,1
Cluster 41777,1,1
Cluster 41795,1,1
Cluster 41815,1,1
Cluster 41824,1,1
Cluster 41834,1,1
Cluster 4186,1,1
Cluster 41861,1,1
Cluster 41865,1,1
Cluster 41869,1,1
Cluster 41870,1,1
Cluster 41877,1,1
Cluster 41879,1,1
Cluster 41887,1,1
Cluster 41897,1,1
Cluster 41899,1,1
Cluster 41902,1,1
Cluster 41906,1,1
Cluster 41912,1,1
Cluster 41913,1,1
Cluster 41922,1,1
Cluster 41936,1,1
Cluster 41938,1,1
Cluster 41944,1,1
Cluster 41964,1,1
Cluster 41970,1,1
Cluster 41973,1,1
Cluster 41977,1,1
Cluster 41978,1,1
Cluster 41990,1,1
Cluster 41995,1,1
Cluster 420,1,1
Cluster 42004,1,1
Cluster 42005,1,1
Cluster 42006,1,1
Cluster 42015,1,1
Cluster 42017,1,1
Cluster 42021,1,1
Cluster 42036,1,1
Cluster 42041,1,1
Cluster 42050,1,1
Cluster 42058,1,1
Cluster 42060,1,1
Cluster 42061,1,1
Cluster 42076,1,1
Cluster 42097,1,1
Cluster 42107,1,1
Cluster 42108,1,1
Cluster 42112,1,1
Cluster 42120,1,1
Cluster 4213,1,1
Cluster 42134,1,1
Cluster 42139,1,1
Cluster 4214,1,1
Cluster 42142,1,1
Cluster 42158,1,1
Cluster 42159,1,1
Cluster 42163,1,1
Cluster 4217,1,1
Cluster 42178,1,1
Cluster 42184,1,1
Cluster 42188,1,1
Cluster 42190,1,1
Cluster 42197,1,1
Cluster 4221,1,1
Cluster 42210,1,1
Cluster 42213,1,1
Cluster 42219,1,1
Cluster 42221,1,1
Cluster 42222,1,1
Cluster 42225,1,1
Cluster 42228,1,1
Cluster 42238,1,1
Cluster 42248,1,1
Cluster 4225,1,1
Cluster 42257,1,1
Cluster 42260,1,1
Cluster 42277,1,1
Cluster 42307,1,1
Cluster 42309,1,1
Cluster 42313,1,1
Cluster 42329,1,1
Cluster 4234,1,1
Cluster 42340,1,1
Cluster 42341,1,1
Cluster 42350,1,1
Cluster 42361,1,1
Cluster 42372,1,1
Cluster 42379,1,1
Cluster 42382,1,1
Cluster 42391,1,1
Cluster 42392,1,1
Cluster 42411,1,1
Cluster 42432,1,1
Cluster 42439,1,1
Cluster 42444,1,1
Cluster 42445,1,1
Cluster 42446,1,1
Cluster 42448,1,1
Cluster 42466,1,1
Cluster 42470,1,1
Cluster 42476,1,1
Cluster 42479,1,1
Cluster 42480,1,1
Cluster 42484,1,1
Cluster 42498,1,1
Cluster 425,1,1
Cluster 42503,1,1
Cluster 4251,1,1
Cluster 42511,1,1
Cluster 42513,1,1
Cluster 42515,1,1
Cluster 42516,1,1
Cluster 42527,1,1
Cluster 42529,1,1
Cluster 42534,1,1
Cluster 42536,1,1
Cluster 42539,1,1
Cluster 42540,1,1
Cluster 42542,1,1
Cluster 42545,1,1
Cluster 42546,1,1
Cluster 42548,1,1
Cluster 4255,1,1
Cluster 42556,1,1
Cluster 42557,1,1
Cluster 42561,1,1
Cluster 42562,1,1
Cluster 42564,1,1
Cluster 42568,1,1
Cluster 42571,1,1
Cluster 42573,1,1
Cluster 42574,1,1
Cluster 42578,1,1
Cluster 426,1,1
Cluster 42602,1,1
Cluster 42617,1,1
Cluster 42618,1,1
Cluster 42622,1,1
Cluster 42634,1,1
Cluster 42642,1,1
Cluster 42643,1,1
Cluster 42649,1,1
Cluster 42664,1,1
Cluster 42665,1,1
Cluster 42671,1,1
Cluster 42687,1,1
Cluster 42692,1,1
Cluster 42697,1,1
Cluster 42709,1,1
Cluster 42714,1,1
Cluster 42715,1,1
Cluster 42729,1,1
Cluster 4273,1,1
Cluster 42735,1,1
Cluster 4274,1,1
Cluster 42740,1,1
Cluster 42749,1,1
Cluster 42767,1,1
Cluster 42774,1,1
Cluster 42777,1,1
Cluster 42778,1,1
Cluster 42785,1,1
Cluster 42788,1,1
Cluster 4279,1,1
Cluster 42790,1,1
Cluster 42804,1,1
Cluster 42809,1,1
Cluster 42823,1,1
Cluster 42824,1,1
Cluster 42826,1,1
Cluster 42828,1,1
Cluster 42831,1,1
Cluster 42832,1,1
Cluster 42836,1,1
Cluster 42838,1,1
Cluster 4285,1,1
Cluster 42861,1,1
Cluster 42869,1,1
Cluster 42887,1,1
Cluster 429,1,1
Cluster 4290,1,1
Cluster 42900,1,1
Cluster 42901,1,1
Cluster 42903,1,1
Cluster 42916,1,1
Cluster 42917,1,1
Cluster 42921,1,1
Cluster 42930,1,1
Cluster 42934,1,1
Cluster 42939,1,1
Cluster 42942,1,1
Cluster 42945,1,1
Cluster 4295,1,1
Cluster 42950,1,1
Cluster 42964,1,1
Cluster 42969,1,1
Cluster 42977,1,1
Cluster 42986,1,1
Cluster 42988,1,1
Cluster 4299,1,1
Cluster 42994,1,1
Cluster 42995,1,1
Cluster 4300,1,1
Cluster 43001,1,1
Cluster 43008,1,1
Cluster 4301,1,1
Cluster 43023,1,1
Cluster 43027,1,1
Cluster 43038,1,1
Cluster 43056,1,1
Cluster 43060,1,1
Cluster 43067,1,1
Cluster 43068,1,1
Cluster 43069,1,1
Cluster 43073,1,1
Cluster 43075,1,1
Cluster 43076,1,1
Cluster 43090,1,1
Cluster 43091,1,1
Cluster 43096,1,1
Cluster 43100,1,1
Cluster 43101,1,1
Cluster 43104,1,1
Cluster 43105,1,1
Cluster 43107,1,1
Cluster 43125,1,1
Cluster 4313,1,1
Cluster 43130,1,1
Cluster 43136,1,1
Cluster 43153,1,1
Cluster 43159,1,1
Cluster 43200,1,1
Cluster 43203,1,1
Cluster 43204,1,1
Cluster 4321,1,1
Cluster 43212,1,1
Cluster 43217,1,1
Cluster 43219,1,1
Cluster 43220,1,1
Cluster 43235,1,1
Cluster 4324,1,1
Cluster 43243,1,1
Cluster 43246,1,1
Cluster 43254,1,1
Cluster 43258,1,1
Cluster 43260,1,1
Cluster 43265,1,1
Cluster 43266,1,1
Cluster 43273,1,1
Cluster 43279,1,1
Cluster 43280,1,1
Cluster 43302,1,1
Cluster 43306,1,1
Cluster 43312,1,1
Cluster 43315,1,1
Cluster 43323,1,1
Cluster 43351,1,1
Cluster 43361,1,1
Cluster 43362,1,1
Cluster 43366,1,1
Cluster 43368,1,1
Cluster 43373,1,1
Cluster 43374,1,1
Cluster 43387,1,1
Cluster 43391,1,1
Cluster 43395,1,1
Cluster 4340,1,1
Cluster 43408,1,1
Cluster 4341,1,1
Cluster 43415,1,1
Cluster 43419,1,1
Cluster 43440,1,1
Cluster 43442,1,1
Cluster 43448,1,1
Cluster 43484,1,1
Cluster 43486,1,1
Cluster 43490,1,1
Cluster 43494,1,1
Cluster 4350,1,1
Cluster 43511,1,1
Cluster 43518,1,1
Cluster 4352,1,1
Cluster 43523,1,1
Cluster 43525,1,1
Cluster 43526,1,1
Cluster 43530,1,1
Cluster 43535,1,1
Cluster 43545,1,1
Cluster 4355,1,1
Cluster 43562,1,1
Cluster 43571,1,1
Cluster 43579,1,1
Cluster 43588,1,1
Cluster 43589,1,1
Cluster 43604,1,1
Cluster 43606,1,1
Cluster 43618,1,1
Cluster 43619,1,1
Cluster 43636,1,1
Cluster 43640,1,1
Cluster 43643,1,1
Cluster 43651,1,1
Cluster 43652,1,1
Cluster 43653,1,1
Cluster 43654,1,1
Cluster 43670,1,1
Cluster 43678,1,1
Cluster 43681,1,1
Cluster 43704,1,1
Cluster 43715,1,1
Cluster 43718,1,1
Cluster 43721,1,1
Cluster 43727,1,1
Cluster 43734,1,1
Cluster 43736,1,1
Cluster 43766,1,1
Cluster 43771,1,1
Cluster 43776,1,1
Cluster 43778,1,1
Cluster 43781,1,1
Cluster 43784,1,1
Cluster 43792,1,1
Cluster 4380,1,1
Cluster 43808,1,1
Cluster 4382,1,1
Cluster 43825,1,1
Cluster 43829,1,1
Cluster 43836,1,1
Cluster 43850,1,1
Cluster 43854,1,1
Cluster 43856,1,1
Cluster 43858,1,1
Cluster 43860,1,1
Cluster 43863,1,1
Cluster 43871,1,1
Cluster 43874,1,1
Cluster 43876,1,1
Cluster 43900,1,1
Cluster 43902,1,1
Cluster 43913,1,1
Cluster 43914,1,1
Cluster 43917,1,1
Cluster 43923,1,1
Cluster 43925,1,1
Cluster 43927,1,1
Cluster 43937,1,1
Cluster 43939,1,1
Cluster 4395,1,1
Cluster 43951,1,1
Cluster 43959,1,1
Cluster 43964,1,1
Cluster 43969,1,1
Cluster 4397,1,1
Cluster 43972,1,1
Cluster 43974,1,1
Cluster 4398,1,1
Cluster 43983,1,1
Cluster 43989,1,1
Cluster 43992,1,1
Cluster 43994,1,1
Cluster 43998,1,1
Cluster 44002,1,1
Cluster 44012,1,1
Cluster 44015,1,1
Cluster 44016,1,1
Cluster 44020,1,1
Cluster 4403,1,1
Cluster 44038,1,1
Cluster 4404,1,1
Cluster 44043,1,1
Cluster 44048,1,1
Cluster 44074,1,1
Cluster 44076,1,1
Cluster 44077,1,1
Cluster 44086,1,1
Cluster 44087,1,1
Cluster 44093,1,1
Cluster 44096,1,1
Cluster 44104,1,1
Cluster 44109,1,1
Cluster 44120,1,1
Cluster 44131,1,1
Cluster 44133,1,1
Cluster 44134,1,1
Cluster 44142,1,1
Cluster 44150,1,1
Cluster 44157,1,1
Cluster 44165,1,1
Cluster 44169,1,1
Cluster 44181,1,1
Cluster 4419,1,1
Cluster 44191,1,1
Cluster 44204,1,1
Cluster 44206,1,1
Cluster 44209,1,1
Cluster 44212,1,1
Cluster 44233,1,1
Cluster 44237,1,1
Cluster 44238,1,1
Cluster 4424,1,1
Cluster 44243,1,1
Cluster 44245,1,1
Cluster 44249,1,1
Cluster 44264,1,1
Cluster 44267,1,1
Cluster 44278,1,1
Cluster 4428,1,1
Cluster 44280,1,1
Cluster 44286,1,1
Cluster 44300,1,1
Cluster 44302,1,1
Cluster 44317,1,1
Cluster 4432,1,1
Cluster 44322,1,1
Cluster 44324,1,1
Cluster 4433,1,1
Cluster 44336,1,1
Cluster 4434,1,1
Cluster 44340,1,1
Cluster 44343,1,1
Cluster 44353,1,1
Cluster 44373,1,1
Cluster 44374,1,1
Cluster 44389,1,1
Cluster 44391,1,1
Cluster 44393,1,1
Cluster 44399,1,1
Cluster 44425,1,1
Cluster 44426,1,1
Cluster 44430,1,1
Cluster 44434,1,1
Cluster 44442,1,1
Cluster 44451,1,1
Cluster 4446,1,1
Cluster 44463,1,1
Cluster 44474,1,1
Cluster 44480,1,1
Cluster 44487,1,1
Cluster 4449,1,1
Cluster 44496,1,1
Cluster 44508,1,1
Cluster 44517,1,1
Cluster 44521,1,1
Cluster 44522,1,1
Cluster 44532,1,1
Cluster 44533,1,1
Cluster 44536,1,1
Cluster 44542,1,1
Cluster 44543,1,1
Cluster 44545,1,1
Cluster 44547,1,1
Cluster 44560,1,1
Cluster 44561,1,1
Cluster 44563,1,1
Cluster 44572,1,1
Cluster 44578,1,1
Cluster 44580,1,1
Cluster 44589,1,1
Cluster 44591,1,1
Cluster 44606,1,1
Cluster 44628,1,1
Cluster 44631,1,1
Cluster 44634,1,1
Cluster 44639,1,1
Cluster 4464,1,1
Cluster 44646,1,1
Cluster 44649,1,1
Cluster 44651,1,1
Cluster 44665,1,1
Cluster 4467,1,1
Cluster 44672,1,1
Cluster 44676,1,1
Cluster 4468,1,1
Cluster 44688,1,1
Cluster 44696,1,1
Cluster 447,1,1
Cluster 44708,1,1
Cluster 44724,1,1
Cluster 44727,1,1
Cluster 44733,1,1
Cluster 44735,1,1
Cluster 44739,1,1
Cluster 44751,1,1
Cluster 44753,1,1
Cluster 44754,1,1
Cluster 44755,1,1
Cluster 44763,1,1
Cluster 44770,1,1
Cluster 44783,1,1
Cluster 44788,1,1
Cluster 44792,1,1
Cluster 44797,1,1
Cluster 44803,1,1
Cluster 44807,1,1
Cluster 44808,1,1
Cluster 44830,1,1
Cluster 44832,1,1
Cluster 44836,1,1
Cluster 44847,1,1
Cluster 44859,1,1
Cluster 4486,1,1
Cluster 44862,1,1
Cluster 44874,1,1
Cluster 44875,1,1
Cluster 44882,1,1
Cluster 44884,1,1
Cluster 44887,1,1
Cluster 4489,1,1
Cluster 44895,1,1
Cluster 44923,1,1
Cluster 44925,1,1
Cluster 4493,1,1
Cluster 44935,1,1
Cluster 4494,1,1
Cluster 44948,1,1
Cluster 44959,1,1
Cluster 4496,1,1
Cluster 44974,1,1
Cluster 44975,1,1
Cluster 44977,1,1
Cluster 44979,1,1
Cluster 44981,1,1
Cluster 44982,1,1
Cluster 450,1,1
Cluster 4500,1,1
Cluster 45009,1,1
Cluster 45012,1,1
Cluster 45028,1,1
Cluster 45055,1,1
Cluster 45062,1,1
Cluster 45065,1,1
Cluster 45069,1,1
Cluster 4507,1,1
Cluster 45075,1,1
Cluster 45081,1,1
Cluster 45091,1,1
Cluster 45094,1,1
Cluster 45096,1,1
Cluster 45099,1,1
Cluster 45101,1,1
Cluster 45102,1,1
Cluster 45104,1,1
Cluster 45110,1,1
Cluster 45120,1,1
Cluster 45121,1,1
Cluster 45125,1,1
Cluster 45130,1,1
Cluster 45136,1,1
Cluster 45137,1,1
Cluster 45138,1,1
Cluster 4514,1,1
Cluster 45145,1,1
Cluster 4515,1,1
Cluster 45152,1,1
Cluster 45154,1,1
Cluster 45212,1,1
Cluster 45213,1,1
Cluster 45225,1,1
Cluster 45230,1,1
Cluster 4524,1,1
Cluster 45243,1,1
Cluster 45245,1,1
Cluster 45251,1,1
Cluster 45253,1,1
Cluster 45255,1,1
Cluster 4526,1,1
Cluster 45264,1,1
Cluster 45271,1,1
Cluster 45276,1,1
Cluster 45278,1,1
Cluster 45282,1,1
Cluster 45285,1,1
Cluster 45287,1,1
Cluster 45295,1,1
Cluster 45296,1,1
Cluster 45309,1,1
Cluster 45328,1,1
Cluster 45332,1,1
Cluster 45339,1,1
Cluster 45344,1,1
Cluster 45345,1,1
Cluster 45350,1,1
Cluster 45352,1,1
Cluster 45359,1,1
Cluster 45379,1,1
Cluster 45381,1,1
Cluster 45388,1,1
Cluster 45390,1,1
Cluster 45403,1,1
Cluster 45411,1,1
Cluster 45413,1,1
Cluster 45417,1,1
Cluster 45418,1,1
Cluster 45421,1,1
Cluster 45426,1,1
Cluster 45433,1,1
Cluster 45443,1,1
Cluster 45454,1,1
Cluster 45459,1,1
Cluster 45466,1,1
Cluster 45471,1,1
Cluster 45478,1,1
Cluster 45479,1,1
Cluster 45482,1,1
Cluster 45491,1,1
Cluster 45493,1,1
Cluster 45495,1,1
Cluster 45499,1,1
Cluster 455,1,1
Cluster 45524,1,1
Cluster 45529,1,1
Cluster 45531,1,1
Cluster 45532,1,1
Cluster 45547,1,1
Cluster 45559,1,1
Cluster 45562,1,1
Cluster 45571,1,1
Cluster 4558,1,1
Cluster 45580,1,1
Cluster 45587,1,1
Cluster 4559,1,1
Cluster 45603,1,1
Cluster 4561,1,1
Cluster 45616,1,1
Cluster 45618,1,1
Cluster 45624,1,1
Cluster 45637,1,1
Cluster 45640,1,1
Cluster 45641,1,1
Cluster 45651,1,1
Cluster 45657,1,1
Cluster 45673,1,1
Cluster 45677,1,1
Cluster 45680,1,1
Cluster 45686,1,1
Cluster 45692,1,1
Cluster 45696,1,1
Cluster 45698,1,1
Cluster 45710,1,1
Cluster 4573,1,1
Cluster 45736,1,1
Cluster 45738,1,1
Cluster 4575,1,1
Cluster 45751,1,1
Cluster 45753,1,1
Cluster 45754,1,1
Cluster 45771,1,1
Cluster 45789,1,1
Cluster 45792,1,1
Cluster 4580,1,1
Cluster 45800,1,1
Cluster 45807,1,1
Cluster 45809,1,1
Cluster 45812,1,1
Cluster 45814,1,1
Cluster 45827,1,1
Cluster 45834,1,1
Cluster 45850,1,1
Cluster 45852,1,1
Cluster 45861,1,1
Cluster 4587,1,1
Cluster 45878,1,1
Cluster 45885,1,1
Cluster 45887,1,1
Cluster 45890,1,1
Cluster 45894,1,1
Cluster 459,1,1
Cluster 45901,1,1
Cluster 45908,1,1
Cluster 45911,1,1
Cluster 45912,1,1
Cluster 45918,1,1
Cluster 45922,1,1
Cluster 45930,1,1
Cluster 45933,1,1
Cluster 45949,1,1
Cluster 45953,1,1
Cluster 45958,1,1
Cluster 45961,1,1
Cluster 45969,1,1
Cluster 4597,1,1
Cluster 45979,1,1
Cluster 4598,1,1
Cluster 45983,1,1
Cluster 45985,1,1
Cluster 45989,1,1
Cluster 4599,1,1
Cluster 45990,1,1
Cluster 45991,1,1
Cluster 46,1,1
Cluster 4600,1,1
Cluster 46006,1,1
Cluster 46015,1,1
Cluster 46025,1,1
Cluster 46032,1,1
Cluster 46035,1,1
Cluster 46043,1,1
Cluster 46044,1,1
Cluster 46049,1,1
Cluster 46061,1,1
Cluster 46062,1,1
Cluster 46068,1,1
Cluster 46071,1,1
Cluster 46079,1,1
Cluster 46087,1,1
Cluster 46088,1,1
Cluster 46090,1,1
Cluster 46093,1,1
Cluster 46096,1,1
Cluster 46105,1,1
Cluster 46106,1,1
Cluster 46111,1,1
Cluster 46112,1,1
Cluster 46117,1,1
Cluster 46118,1,1
Cluster 46133,1,1
Cluster 46134,1,1
Cluster 46135,1,1
Cluster 46136,1,1
Cluster 46145,1,1
Cluster 46150,1,1
Cluster 46154,1,1
Cluster 46164,1,1
Cluster 46166,1,1
Cluster 46179,1,1
Cluster 46180,1,1
Cluster 46182,1,1
Cluster 46189,1,1
Cluster 46190,1,1
Cluster 46194,1,1
Cluster 46195,1,1
Cluster 46198,1,1
Cluster 462,1,1
Cluster 46201,1,1
Cluster 46206,1,1
Cluster 46215,1,1
Cluster 46217,1,1
Cluster 46222,1,1
Cluster 46225,1,1
Cluster 46226,1,1
Cluster 46227,1,1
Cluster 46256,1,1
Cluster 46257,1,1
Cluster 46259,1,1
Cluster 46266,1,1
Cluster 46278,1,1
Cluster 46284,1,1
Cluster 46292,1,1
Cluster 46303,1,1
Cluster 46322,1,1
Cluster 46327,1,1
Cluster 46338,1,1
Cluster 46357,1,1
Cluster 46358,1,1
Cluster 46362,1,1
Cluster 46367,1,1
Cluster 4637,1,1
Cluster 46371,1,1
Cluster 46385,1,1
Cluster 46394,1,1
Cluster 46398,1,1
Cluster 464,1,1
Cluster 46401,1,1
Cluster 46403,1,1
Cluster 46416,1,1
Cluster 46447,1,1
Cluster 46450,1,1
Cluster 46473,1,1
Cluster 46475,1,1
Cluster 46481,1,1
Cluster 46486,1,1
Cluster 46487,1,1
Cluster 46497,1,1
Cluster 46500,1,1
Cluster 46506,1,1
Cluster 46513,1,1
Cluster 46516,1,1
Cluster 46519,1,1
Cluster 46539,1,1
Cluster 46544,1,1
Cluster 46551,1,1
Cluster 46564,1,1
Cluster 46569,1,1
Cluster 46570,1,1
Cluster 46571,1,1
Cluster 46574,1,1
Cluster 46577,1,1
Cluster 46582,1,1
Cluster 46583,1,1
Cluster 46584,1,1
Cluster 46586,1,1
Cluster 4659,1,1
Cluster 46590,1,1
Cluster 466,1,1
Cluster 4660,1,1
Cluster 46604,1,1
Cluster 46612,1,1
Cluster 46613,1,1
Cluster 46616,1,1
Cluster 46619,1,1
Cluster 46625,1,1
Cluster 46629,1,1
Cluster 46633,1,1
Cluster 46637,1,1
Cluster 46640,1,1
Cluster 46649,1,1
Cluster 46653,1,1
Cluster 46664,1,1
Cluster 46665,1,1
Cluster 46666,1,1
Cluster 46671,1,1
Cluster 46678,1,1
Cluster 46679,1,1
Cluster 46680,1,1
Cluster 46689,1,1
Cluster 46692,1,1
Cluster 46698,1,1
Cluster 46702,1,1
Cluster 46704,1,1
Cluster 46707,1,1
Cluster 46713,1,1
Cluster 46716,1,1
Cluster 46724,1,1
Cluster 46734,1,1
Cluster 46736,1,1
Cluster 46759,1,1
Cluster 46763,1,1
Cluster 46769,1,1
Cluster 46772,1,1
Cluster 46776,1,1
Cluster 46779,1,1
Cluster 4678,1,1
Cluster 46788,1,1
Cluster 46797,1,1
Cluster 4680,1,1
Cluster 46802,1,1
Cluster 46809,1,1
Cluster 46829,1,1
Cluster 4683,1,1
Cluster 46833,1,1
Cluster 46841,1,1
Cluster 46845,1,1
Cluster 46848,1,1
Cluster 46852,1,1
Cluster 46855,1,1
Cluster 46857,1,1
Cluster 46864,1,1
Cluster 46867,1,1
Cluster 46873,1,1
Cluster 46876,1,1
Cluster 46878,1,1
Cluster 46879,1,1
Cluster 46880,1,1
Cluster 46882,1,1
Cluster 46885,1,1
Cluster 469,1,1
Cluster 46931,1,1
Cluster 46948,1,1
Cluster 4697,1,1
Cluster 46970,1,1
Cluster 46999,1,1
Cluster 47001,1,1
Cluster 4702,1,1
Cluster 47026,1,1
Cluster 47033,1,1
Cluster 47050,1,1
Cluster 47053,1,1
Cluster 47066,1,1
Cluster 47068,1,1
Cluster 4707,1,1
Cluster 47076,1,1
Cluster 47082,1,1
Cluster 47083,1,1
Cluster 47092,1,1
Cluster 47094,1,1
Cluster 47099,1,1
Cluster 47108,1,1
Cluster 47110,1,1
Cluster 47114,1,1
Cluster 47124,1,1
Cluster 47125,1,1
Cluster 47130,1,1
Cluster 47132,1,1
Cluster 4714,1,1
Cluster 47152,1,1
Cluster 47153,1,1
Cluster 47157,1,1
Cluster 47158,1,1
Cluster 4716,1,1
Cluster 47170,1,1
Cluster 4719,1,1
Cluster 4720,1,1
Cluster 47204,1,1
Cluster 47210,1,1
Cluster 47226,1,1
Cluster 47228,1,1
Cluster 47237,1,1
Cluster 47245,1,1
Cluster 47246,1,1
Cluster 47247,1,1
Cluster 47249,1,1
Cluster 47261,1,1
Cluster 47262,1,1
Cluster 47270,1,1
Cluster 47272,1,1
Cluster 47273,1,1
Cluster 47276,1,1
Cluster 47282,1,1
Cluster 47283,1,1
Cluster 47290,1,1
Cluster 47291,1,1
Cluster 47292,1,1
Cluster 47307,1,1
Cluster 4731,1,1
Cluster 47311,1,1
Cluster 47322,1,1
Cluster 47326,1,1
Cluster 47330,1,1
Cluster 47335,1,1
Cluster 47337,1,1
Cluster 47345,1,1
Cluster 47347,1,1
Cluster 47351,1,1
Cluster 47361,1,1
Cluster 47362,1,1
Cluster 47369,1,1
Cluster 47372,1,1
Cluster 47373,1,1
Cluster 47385,1,1
Cluster 47386,1,1
Cluster 47389,1,1
Cluster 47394,1,1
Cluster 47396,1,1
Cluster 47401,1,1
Cluster 47405,1,1
Cluster 47407,1,1
Cluster 47408,1,1
Cluster 4743,1,1
Cluster 47430,1,1
Cluster 47435,1,1
Cluster 47438,1,1
Cluster 47440,1,1
Cluster 47446,1,1
Cluster 47449,1,1
Cluster 47451,1,1
Cluster 47460,1,1
Cluster 47464,1,1
Cluster 47470,1,1
Cluster 47489,1,1
Cluster 47494,1,1
Cluster 47496,1,1
Cluster 475,1,1
Cluster 47520,1,1
Cluster 47528,1,1
Cluster 47532,1,1
Cluster 47539,1,1
Cluster 47545,1,1
Cluster 47559,1,1
Cluster 47566,1,1
Cluster 47584,1,1
Cluster 476,1,1
Cluster 47600,1,1
Cluster 47605,1,1
Cluster 47606,1,1
Cluster 47613,1,1
Cluster 47615,1,1
Cluster 47622,1,1
Cluster 47632,1,1
Cluster 47634,1,1
Cluster 47636,1,1
Cluster 47638,1,1
Cluster 47646,1,1
Cluster 47647,1,1
Cluster 47655,1,1
Cluster 47657,1,1
Cluster 4766,1,1
Cluster 47660,1,1
Cluster 47661,1,1
Cluster 47663,1,1
Cluster 47666,1,1
Cluster 47675,1,1
Cluster 47679,1,1
Cluster 47683,1,1
Cluster 47685,1,1
Cluster 47686,1,1
Cluster 47687,1,1
Cluster 47699,1,1
Cluster 47722,1,1
Cluster 47727,1,1
Cluster 47729,1,1
Cluster 47742,1,1
Cluster 47746,1,1
Cluster 47755,1,1
Cluster 47757,1,1
Cluster 47767,1,1
Cluster 47775,1,1
Cluster 47781,1,1
Cluster 47788,1,1
Cluster 4779,1,1
Cluster 47800,1,1
Cluster 47801,1,1
Cluster 47823,1,1
Cluster 47829,1,1
Cluster 47855,1,1
Cluster 47858,1,1
Cluster 47875,1,1
Cluster 47883,1,1
Cluster 47895,1,1
Cluster 479,1,1
Cluster 47904,1,1
Cluster 4791,1,1
Cluster 47914,1,1
Cluster 47917,1,1
Cluster 4792,1,1
Cluster 47924,1,1
Cluster 47925,1,1
Cluster 47931,1,1
Cluster 47934,1,1
Cluster 47939,1,1
Cluster 4794,1,1
Cluster 47940,1,1
Cluster 47943,1,1
Cluster 47944,1,1
Cluster 47960,1,1
Cluster 47961,1,1
Cluster 47962,1,1
Cluster 47969,1,1
Cluster 47976,1,1
Cluster 47990,1,1
Cluster 47992,1,1
Cluster 47993,1,1
Cluster 47996,1,1
Cluster 48000,1,1
Cluster 48015,1,1
Cluster 4804,1,1
Cluster 48048,1,1
Cluster 48062,1,1
Cluster 48068,1,1
Cluster 48074,1,1
Cluster 48075,1,1
Cluster 48084,1,1
Cluster 48092,1,1
Cluster 48093,1,1
Cluster 48094,1,1
Cluster 48098,1,1
Cluster 4810,1,1
Cluster 48100,1,1
Cluster 48108,1,1
Cluster 48109,1,1
Cluster 4811,1,1
Cluster 48113,1,1
Cluster 48129,1,1
Cluster 48132,1,1
Cluster 48134,1,1
Cluster 48148,1,1
Cluster 48149,1,1
Cluster 4815,1,1
Cluster 48160,1,1
Cluster 48183,1,1
Cluster 48186,1,1
Cluster 48190,1,1
Cluster 48196,1,1
Cluster 48199,1,1
Cluster 48200,1,1
Cluster 48210,1,1
Cluster 48229,1,1
Cluster 48232,1,1
Cluster 48243,1,1
Cluster 48251,1,1
Cluster 48252,1,1
Cluster 48261,1,1
Cluster 48262,1,1
Cluster 48277,1,1
Cluster 48285,1,1
Cluster 48294,1,1
Cluster 48295,1,1
Cluster 48298,1,1
Cluster 48307,1,1
Cluster 48324,1,1
Cluster 48326,1,1
Cluster 48331,1,1
Cluster 48334,1,1
Cluster 48336,1,1
Cluster 48349,1,1
Cluster 48350,1,1
Cluster 48381,1,1
Cluster 48382,1,1
Cluster 48385,1,1
Cluster 48406,1,1
Cluster 48409,1,1
Cluster 48413,1,1
Cluster 48419,1,1
Cluster 48430,1,1
Cluster 48436,1,1
Cluster 48438,1,1
Cluster 48441,1,1
Cluster 48444,1,1
Cluster 48452,1,1
Cluster 48457,1,1
Cluster 48459,1,1
Cluster 48460,1,1
Cluster 48463,1,1
Cluster 48464,1,1
Cluster 48470,1,1
Cluster 48471,1,1
Cluster 48473,1,1
Cluster 48475,1,1
Cluster 48476,1,1
Cluster 48502,1,1
Cluster 48512,1,1
Cluster 48515,1,1
Cluster 48516,1,1
Cluster 48537,1,1
Cluster 4854,1,1
Cluster 48540,1,1
Cluster 48550,1,1
Cluster 48559,1,1
Cluster 48565,1,1
Cluster 48566,1,1
Cluster 48574,1,1
Cluster 48585,1,1
Cluster 486,1,1
Cluster 4860,1,1
Cluster 48610,1,1
Cluster 48620,1,1
Cluster 48623,1,1
Cluster 48626,1,1
Cluster 4863,1,1
Cluster 48657,1,1
Cluster 48670,1,1
Cluster 48675,1,1
Cluster 48680,1,1
Cluster 48682,1,1
Cluster 48683,1,1
Cluster 48692,1,1
Cluster 4870,1,1
Cluster 48703,1,1
Cluster 48708,1,1
Cluster 48711,1,1
Cluster 48721,1,1
Cluster 48741,1,1
Cluster 48756,1,1
Cluster 48757,1,1
Cluster 4876,1,1
Cluster 48778,1,1
Cluster 48780,1,1
Cluster 4879,1,1
Cluster 4880,1,1
Cluster 48803,1,1
Cluster 48807,1,1
Cluster 4881,1,1
Cluster 48817,1,1
Cluster 48820,1,1
Cluster 48827,1,1
Cluster 48832,1,1
Cluster 48840,1,1
Cluster 48841,1,1
Cluster 48846,1,1
Cluster 48852,1,1
Cluster 48863,1,1
Cluster 48864,1,1
Cluster 48875,1,1
Cluster 4888,1,1
Cluster 48887,1,1
Cluster 48893,1,1
Cluster 48899,1,1
Cluster 48901,1,1
Cluster 48903,1,1
Cluster 48905,1,1
Cluster 48918,1,1
Cluster 4892,1,1
Cluster 48933,1,1
Cluster 48939,1,1
Cluster 4894,1,1
Cluster 48952,1,1
Cluster 48968,1,1
Cluster 48969,1,1
Cluster 48979,1,1
Cluster 48987,1,1
Cluster 48991,1,1
Cluster 48998,1,1
Cluster 49014,1,1
Cluster 49015,1,1
Cluster 49017,1,1
Cluster 4902,1,1
Cluster 49024,1,1
Cluster 49027,1,1
Cluster 49030,1,1
Cluster 49031,1,1
Cluster 49036,1,1
Cluster 49040,1,1
Cluster 4905,1,1
Cluster 49054,1,1
Cluster 49063,1,1
Cluster 49066,1,1
Cluster 49067,1,1
Cluster 49072,1,1
Cluster 49074,1,1
Cluster 49096,1,1
Cluster 49099,1,1
Cluster 49104,1,1
Cluster 49120,1,1
Cluster 49124,1,1
Cluster 49133,1,1
Cluster 49135,1,1
Cluster 49137,1,1
Cluster 49146,1,1
Cluster 49147,1,1
Cluster 49152,1,1
Cluster 49155,1,1
Cluster 49166,1,1
Cluster 49178,1,1
Cluster 49184,1,1
Cluster 49186,1,1
Cluster 49197,1,1
Cluster 49207,1,1
Cluster 49209,1,1
Cluster 49210,1,1
Cluster 49212,1,1
Cluster 49218,1,1
Cluster 49223,1,1
Cluster 49236,1,1
Cluster 49245,1,1
Cluster 49248,1,1
Cluster 4925,1,1
Cluster 49252,1,1
Cluster 49254,1,1
Cluster 49273,1,1
Cluster 49278,1,1
Cluster 49279,1,1
Cluster 49287,1,1
Cluster 49295,1,1
Cluster 49305,1,1
Cluster 49307,1,1
Cluster 49309,1,1
Cluster 49317,1,1
Cluster 49324,1,1
Cluster 49336,1,1
Cluster 49338,1,1
Cluster 49347,1,1
Cluster 49353,1,1
Cluster 49358,1,1
Cluster 4937,1,1
Cluster 49371,1,1
Cluster 49383,1,1
Cluster 49393,1,1
Cluster 49394,1,1
Cluster 49399,1,1
Cluster 49413,1,1
Cluster 49417,1,1
Cluster 49418,1,1
Cluster 49421,1,1
Cluster 49428,1,1
Cluster 49432,1,1
Cluster 49433,1,1
Cluster 49447,1,1
Cluster 49452,1,1
Cluster 49475,1,1
Cluster 49488,1,1
Cluster 49489,1,1
Cluster 49490,1,1
Cluster 49499,1,1
Cluster 4950,1,1
Cluster 49505,1,1
Cluster 49506,1,1
Cluster 49509,1,1
Cluster 49511,1,1
Cluster 49527,1,1
Cluster 4955,1,1
Cluster 49553,1,1
Cluster 49558,1,1
Cluster 49567,1,1
Cluster 4957,1,1
Cluster 49572,1,1
Cluster 49583,1,1
Cluster 49584,1,1
Cluster 49585,1,1
Cluster 49589,1,1
Cluster 49602,1,1
Cluster 49608,1,1
Cluster 49609,1,1
Cluster 4961,1,1
Cluster 49616,1,1
Cluster 49620,1,1
Cluster 49627,1,1
Cluster 49647,1,1
Cluster 49648,1,1
Cluster 49651,1,1
Cluster 49652,1,1
Cluster 49653,1,1
Cluster 49663,1,1
Cluster 49671,1,1
Cluster 49675,1,1
Cluster 49676,1,1
Cluster 49677,1,1
Cluster 49684,1,1
Cluster 49685,1,1
Cluster 49688,1,1
Cluster 49695,1,1
Cluster 49707,1,1
Cluster 49708,1,1
Cluster 4971,1,1
Cluster 49711,1,1
Cluster 49718,1,1
Cluster 49757,1,1
Cluster 4976,1,1
Cluster 49772,1,1
Cluster 49780,1,1
Cluster 49786,1,1
Cluster 49792,1,1
Cluster 49797,1,1
Cluster 498,1,1
Cluster 49803,1,1
Cluster 49812,1,1
Cluster 49817,1,1
Cluster 4982,1,1
Cluster 49823,1,1
Cluster 49838,1,1
Cluster 49841,1,1
Cluster 49847,1,1
Cluster 49860,1,1
Cluster 49872,1,1
Cluster 49877,1,1
Cluster 49887,1,1
Cluster 49890,1,1
Cluster 49896,1,1
Cluster 49900,1,1
Cluster 49902,1,1
Cluster 49905,1,1
Cluster 49917,1,1
Cluster 49918,1,1
Cluster 4992,1,1
Cluster 49923,1,1
Cluster 49925,1,1
Cluster 49929,1,1
Cluster 49936,1,1
Cluster 49937,1,1
Cluster 49938,1,1
Cluster 49944,1,1
Cluster 49952,1,1
Cluster 49959,1,1
Cluster 49964,1,1
Cluster 49969,1,1
Cluster 49978,1,1
Cluster 49987,1,1
Cluster 49988,1,1
Cluster 4999,1,1
Cluster 49994,1,1
Cluster 49995,1,1
Cluster 5,1,1
Cluster 50,1,1
Cluster 50022,1,1
Cluster 50026,1,1
Cluster 50027,1,1
Cluster 50035,1,1
Cluster 50036,1,1
Cluster 50045,1,1
Cluster 5005,1,1
Cluster 50052,1,1
Cluster 50053,1,1
Cluster 50057,1,1
Cluster 50072,1,1
Cluster 50087,1,1
Cluster 50089,1,1
Cluster 5009,1,1
Cluster 50093,1,1
Cluster 50098,1,1
Cluster 50104,1,1
Cluster 50108,1,1
Cluster 50115,1,1
Cluster 50144,1,1
Cluster 50162,1,1
Cluster 50163,1,1
Cluster 5017,1,1
Cluster 50175,1,1
Cluster 50179,1,1
Cluster 50180,1,1
Cluster 50185,1,1
Cluster 50200,1,1
Cluster 50202,1,1
Cluster 50205,1,1
Cluster 50207,1,1
Cluster 5021,1,1
Cluster 50211,1,1
Cluster 50212,1,1
Cluster 50216,1,1
Cluster 5023,1,1
Cluster 50230,1,1
Cluster 50233,1,1
Cluster 50237,1,1
Cluster 50241,1,1
Cluster 50245,1,1
Cluster 50251,1,1
Cluster 50263,1,1
Cluster 50268,1,1
Cluster 50282,1,1
Cluster 50292,1,1
Cluster 50293,1,1
Cluster 50307,1,1
Cluster 5031,1,1
Cluster 50328,1,1
Cluster 50362,1,1
Cluster 50367,1,1
Cluster 50375,1,1
Cluster 50376,1,1
Cluster 50377,1,1
Cluster 50389,1,1
Cluster 5039,1,1
Cluster 50398,1,1
Cluster 50411,1,1
Cluster 50416,1,1
Cluster 50419,1,1
Cluster 5042,1,1
Cluster 50442,1,1
Cluster 50454,1,1
Cluster 50476,1,1
Cluster 50478,1,1
Cluster 50499,1,1
Cluster 50507,1,1
Cluster 50508,1,1
Cluster 50509,1,1
Cluster 5053,1,1
Cluster 50551,1,1
Cluster 50560,1,1
Cluster 50572,1,1
Cluster 50573,1,1
Cluster 50575,1,1
Cluster 50578,1,1
Cluster 5059,1,1
Cluster 50592,1,1
Cluster 50593,1,1
Cluster 5061,1,1
Cluster 50614,1,1
Cluster 50622,1,1
Cluster 50630,1,1
Cluster 50633,1,1
Cluster 50644,1,1
Cluster 50649,1,1
Cluster 50655,1,1
Cluster 50658,1,1
Cluster 5067,1,1
Cluster 50673,1,1
Cluster 50677,1,1
Cluster 50682,1,1
Cluster 50685,1,1
Cluster 50689,1,1
Cluster 50693,1,1
Cluster 50699,1,1
Cluster 50702,1,1
Cluster 50704,1,1
Cluster 50709,1,1
Cluster 50713,1,1
Cluster 50727,1,1
Cluster 50732,1,1
Cluster 50736,1,1
Cluster 50748,1,1
Cluster 50750,1,1
Cluster 50751,1,1
Cluster 50757,1,1
Cluster 5076,1,1
Cluster 50763,1,1
Cluster 50765,1,1
Cluster 50772,1,1
Cluster 50775,1,1
Cluster 50789,1,1
Cluster 50798,1,1
Cluster 50805,1,1
Cluster 5081,1,1
Cluster 50821,1,1
Cluster 50822,1,1
Cluster 50828,1,1
Cluster 50837,1,1
Cluster 50838,1,1
Cluster 5084,1,1
Cluster 50845,1,1
Cluster 50849,1,1
Cluster 50872,1,1
Cluster 50876,1,1
Cluster 50877,1,1
Cluster 50885,1,1
Cluster 50888,1,1
Cluster 50891,1,1
Cluster 50906,1,1
Cluster 50909,1,1
Cluster 5092,1,1
Cluster 50930,1,1
Cluster 50942,1,1
Cluster 5096,1,1
Cluster 50967,1,1
Cluster 50969,1,1
Cluster 50972,1,1
Cluster 50975,1,1
Cluster 5099,1,1
Cluster 50990,1,1
Cluster 50996,1,1
Cluster 50998,1,1
Cluster 5100,1,1
Cluster 51000,1,1
Cluster 51005,1,1
Cluster 51014,1,1
Cluster 51019,1,1
Cluster 51022,1,1
Cluster 51026,1,1
Cluster 51031,1,1
Cluster 51038,1,1
Cluster 51039,1,1
Cluster 51040,1,1
Cluster 51051,1,1
Cluster 51055,1,1
Cluster 51056,1,1
Cluster 51069,1,1
Cluster 51073,1,1
Cluster 51075,1,1
Cluster 51085,1,1
Cluster 51089,1,1
Cluster 51096,1,1
Cluster 51103,1,1
Cluster 51107,1,1
Cluster 51122,1,1
Cluster 51125,1,1
Cluster 51131,1,1
Cluster 51133,1,1
Cluster 51149,1,1
Cluster 5115,1,1
Cluster 51152,1,1
Cluster 51161,1,1
Cluster 51169,1,1
Cluster 5117,1,1
Cluster 51172,1,1
Cluster 51173,1,1
Cluster 51174,1,1
Cluster 5118,1,1
Cluster 51199,1,1
Cluster 51203,1,1
Cluster 51204,1,1
Cluster 51205,1,1
Cluster 51210,1,1
Cluster 51219,1,1
Cluster 51220,1,1
Cluster 51223,1,1
Cluster 51225,1,1
Cluster 51228,1,1
Cluster 51232,1,1
Cluster 5126,1,1
Cluster 51267,1,1
Cluster 51274,1,1
Cluster 51276,1,1
Cluster 51280,1,1
Cluster 51281,1,1
Cluster 51282,1,1
Cluster 51288,1,1
Cluster 5129,1,1
Cluster 51292,1,1
Cluster 51296,1,1
Cluster 51298,1,1
Cluster 51304,1,1
Cluster 51314,1,1
Cluster 51316,1,1
Cluster 51324,1,1
Cluster 51339,1,1
Cluster 51343,1,1
Cluster 5135,1,1
Cluster 51350,1,1
Cluster 51364,1,1
Cluster 51365,1,1
Cluster 51368,1,1
Cluster 51376,1,1
Cluster 51391,1,1
Cluster 51399,1,1
Cluster 51408,1,1
Cluster 51410,1,1
Cluster 51415,1,1
Cluster 51425,1,1
Cluster 51432,1,1
Cluster 51436,1,1
Cluster 51440,1,1
Cluster 51443,1,1
Cluster 51446,1,1
Cluster 51463,1,1
Cluster 51464,1,1
Cluster 51472,1,1
Cluster 51473,1,1
Cluster 51476,1,1
Cluster 51483,1,1
Cluster 51498,1,1
Cluster 5150,1,1
Cluster 51502,1,1
Cluster 51508,1,1
Cluster 51511,1,1
Cluster 51516,1,1
Cluster 51532,1,1
Cluster 51540,1,1
Cluster 51544,1,1
Cluster 51549,1,1
Cluster 5155,1,1
Cluster 51552,1,1
Cluster 51558,1,1
Cluster 51559,1,1
Cluster 5156,1,1
Cluster 51564,1,1
Cluster 51565,1,1
Cluster 51569,1,1
Cluster 51574,1,1
Cluster 51582,1,1
Cluster 51588,1,1
Cluster 5159,1,1
Cluster 51593,1,1
Cluster 51596,1,1
Cluster 51607,1,1
Cluster 51609,1,1
Cluster 51617,1,1
Cluster 51620,1,1
Cluster 51622,1,1
Cluster 51623,1,1
Cluster 51637,1,1
Cluster 51641,1,1
Cluster 51642,1,1
Cluster 51650,1,1
Cluster 51656,1,1
Cluster 51665,1,1
Cluster 51668,1,1
Cluster 51677,1,1
Cluster 51679,1,1
Cluster 51683,1,1
Cluster 51704,1,1
Cluster 51717,1,1
Cluster 51729,1,1
Cluster 5174,1,1
Cluster 51741,1,1
Cluster 51747,1,1
Cluster 51749,1,1
Cluster 51755,1,1
Cluster 51759,1,1
Cluster 51762,1,1
Cluster 51763,1,1
Cluster 51775,1,1
Cluster 51781,1,1
Cluster 51784,1,1
Cluster 5179,1,1
Cluster 51800,1,1
Cluster 51802,1,1
Cluster 51813,1,1
Cluster 51815,1,1
Cluster 51824,1,1
Cluster 51826,1,1
Cluster 51829,1,1
Cluster 51830,1,1
Cluster 51832,1,1
Cluster 51833,1,1
Cluster 51850,1,1
Cluster 51851,1,1
Cluster 51855,1,1
Cluster 51860,1,1
Cluster 51871,1,1
Cluster 51880,1,1
Cluster 51882,1,1
Cluster 51884,1,1
Cluster 51886,1,1
Cluster 51887,1,1
Cluster 51894,1,1
Cluster 51895,1,1
Cluster 51898,1,1
Cluster 51900,1,1
Cluster 51906,1,1
Cluster 51910,1,1
Cluster 51929,1,1
Cluster 51938,1,1
Cluster 51949,1,1
Cluster 51957,1,1
Cluster 51964,1,1
Cluster 51967,1,1
Cluster 51973,1,1
Cluster 51980,1,1
Cluster 51996,1,1
Cluster 51997,1,1
Cluster 52000,1,1
Cluster 52003,1,1
Cluster 52006,1,1
Cluster 52009,1,1
Cluster 52012,1,1
Cluster 52025,1,1
Cluster 52028,1,1
Cluster 52029,1,1
Cluster 52031,1,1
Cluster 52032,1,1
Cluster 52036,1,1
Cluster 52037,1,1
Cluster 52042,1,1
Cluster 52045,1,1
Cluster 52056,1,1
Cluster 52060,1,1
Cluster 52069,1,1
Cluster 5208,1,1
Cluster 52081,1,1
Cluster 5210,1,1
Cluster 52107,1,1
Cluster 52111,1,1
Cluster 52122,1,1
Cluster 52135,1,1
Cluster 52136,1,1
Cluster 5214,1,1
Cluster 52146,1,1
Cluster 52151,1,1
Cluster 52156,1,1
Cluster 52157,1,1
Cluster 52162,1,1
Cluster 52163,1,1
Cluster 52166,1,1
Cluster 52170,1,1
Cluster 52179,1,1
Cluster 52181,1,1
Cluster 52198,1,1
Cluster 52205,1,1
Cluster 52208,1,1
Cluster 52214,1,1
Cluster 52219,1,1
Cluster 52222,1,1
Cluster 5223,1,1
Cluster 52239,1,1
Cluster 52253,1,1
Cluster 52257,1,1
Cluster 5227,1,1
Cluster 52271,1,1
Cluster 52277,1,1
Cluster 52279,1,1
Cluster 52282,1,1
Cluster 52284,1,1
Cluster 52305,1,1
Cluster 52317,1,1
Cluster 52324,1,1
Cluster 52336,1,1
Cluster 52344,1,1
Cluster 52351,1,1
Cluster 52355,1,1
Cluster 52356,1,1
Cluster 5236,1,1
Cluster 52373,1,1
Cluster 52376,1,1
Cluster 52380,1,1
Cluster 52385,1,1
Cluster 52393,1,1
Cluster 52398,1,1
Cluster 52404,1,1
Cluster 52411,1,1
Cluster 52414,1,1
Cluster 52427,1,1
Cluster 52434,1,1
Cluster 52436,1,1
Cluster 52439,1,1
Cluster 52444,1,1
Cluster 52447,1,1
Cluster 52448,1,1
Cluster 52452,1,1
Cluster 52458,1,1
Cluster 52461,1,1
Cluster 52466,1,1
Cluster 52469,1,1
Cluster 52475,1,1
Cluster 5248,1,1
Cluster 52522,1,1
Cluster 52536,1,1
Cluster 52545,1,1
Cluster 52555,1,1
Cluster 52556,1,1
Cluster 52561,1,1
Cluster 52565,1,1
Cluster 52572,1,1
Cluster 52580,1,1
Cluster 52589,1,1
Cluster 52599,1,1
Cluster 52601,1,1
Cluster 52602,1,1
Cluster 52608,1,1
Cluster 52609,1,1
Cluster 52610,1,1
Cluster 52615,1,1
Cluster 52616,1,1
Cluster 52625,1,1
Cluster 5263,1,1
Cluster 52636,1,1
Cluster 52650,1,1
Cluster 52665,1,1
Cluster 52674,1,1
Cluster 52675,1,1
Cluster 52684,1,1
Cluster 52685,1,1
Cluster 52686,1,1
Cluster 52720,1,1
Cluster 52727,1,1
Cluster 52749,1,1
Cluster 5275,1,1
Cluster 52763,1,1
Cluster 52764,1,1
Cluster 52767,1,1
Cluster 5277,1,1
Cluster 52776,1,1
Cluster 52781,1,1
Cluster 52783,1,1
Cluster 52785,1,1
Cluster 52789,1,1
Cluster 52797,1,1
Cluster 52802,1,1
Cluster 52806,1,1
Cluster 52810,1,1
Cluster 52828,1,1
Cluster 52835,1,1
Cluster 52836,1,1
Cluster 52840,1,1
Cluster 52855,1,1
Cluster 52871,1,1
Cluster 52873,1,1
Cluster 52881,1,1
Cluster 52889,1,1
Cluster 52893,1,1
Cluster 52900,1,1
Cluster 52908,1,1
Cluster 5292,1,1
Cluster 52921,1,1
Cluster 52922,1,1
Cluster 52941,1,1
Cluster 52947,1,1
Cluster 52954,1,1
Cluster 52960,1,1
Cluster 52961,1,1
Cluster 52962,1,1
Cluster 52968,1,1
Cluster 52971,1,1
Cluster 52973,1,1
Cluster 52977,1,1
Cluster 52985,1,1
Cluster 52986,1,1
Cluster 53000,1,1
Cluster 53008,1,1
Cluster 53010,1,1
Cluster 53012,1,1
Cluster 53025,1,1
Cluster 53031,1,1
Cluster 53034,1,1
Cluster 53043,1,1
Cluster 53045,1,1
Cluster 53047,1,1
Cluster 53060,1,1
Cluster 53062,1,1
Cluster 53064,1,1
Cluster 53082,1,1
Cluster 53085,1,1
Cluster 53092,1,1
Cluster 531,1,1
Cluster 5311,1,1
Cluster 53110,1,1
Cluster 53119,1,1
Cluster 5312,1,1
Cluster 53123,1,1
Cluster 53131,1,1
Cluster 53138,1,1
Cluster 53151,1,1
Cluster 53153,1,1
Cluster 53162,1,1
Cluster 53174,1,1
Cluster 53182,1,1
Cluster 53183,1,1
Cluster 53195,1,1
Cluster 53199,1,1
Cluster 532,1,1
Cluster 53206,1,1
Cluster 53209,1,1
Cluster 53217,1,1
Cluster 53219,1,1
Cluster 53222,1,1
Cluster 53224,1,1
Cluster 53228,1,1
Cluster 53242,1,1
Cluster 53244,1,1
Cluster 53245,1,1
Cluster 53254,1,1
Cluster 53258,1,1
Cluster 53261,1,1
Cluster 53267,1,1
Cluster 53270,1,1
Cluster 53282,1,1
Cluster 53298,1,1
Cluster 53306,1,1
Cluster 53311,1,1
Cluster 53315,1,1
Cluster 53332,1,1
Cluster 53339,1,1
Cluster 5334,1,1
Cluster 53341,1,1
Cluster 53356,1,1
Cluster 53362,1,1
Cluster 53365,1,1
Cluster 53369,1,1
Cluster 53389,1,1
Cluster 53401,1,1
Cluster 5341,1,1
Cluster 53410,1,1
Cluster 53413,1,1
Cluster 53416,1,1
Cluster 53421,1,1
Cluster 5343,1,1
Cluster 53432,1,1
Cluster 53433,1,1
Cluster 53439,1,1
Cluster 53447,1,1
Cluster 53450,1,1
Cluster 53461,1,1
Cluster 53464,1,1
Cluster 53465,1,1
Cluster 5347,1,1
Cluster 53475,1,1
Cluster 53477,1,1
Cluster 5349,1,1
Cluster 53497,1,1
Cluster 53499,1,1
Cluster 53504,1,1
Cluster 53512,1,1
Cluster 53517,1,1
Cluster 53522,1,1
Cluster 53534,1,1
Cluster 53555,1,1
Cluster 53574,1,1
Cluster 53596,1,1
Cluster 53600,1,1
Cluster 53607,1,1
Cluster 53624,1,1
Cluster 53644,1,1
Cluster 53648,1,1
Cluster 53653,1,1
Cluster 53663,1,1
Cluster 53667,1,1
Cluster 53670,1,1
Cluster 53689,1,1
Cluster 53691,1,1
Cluster 53693,1,1
Cluster 53698,1,1
Cluster 53705,1,1
Cluster 53706,1,1
Cluster 53708,1,1
Cluster 53709,1,1
Cluster 53710,1,1
Cluster 53719,1,1
Cluster 53727,1,1
Cluster 53741,1,1
Cluster 53747,1,1
Cluster 53756,1,1
Cluster 53760,1,1
Cluster 53763,1,1
Cluster 53769,1,1
Cluster 53773,1,1
Cluster 53779,1,1
Cluster 53784,1,1
Cluster 53788,1,1
Cluster 53791,1,1
Cluster 53792,1,1
Cluster 53801,1,1
Cluster 53814,1,1
Cluster 53826,1,1
Cluster 53829,1,1
Cluster 53840,1,1
Cluster 53843,1,1
Cluster 53844,1,1
Cluster 53846,1,1
Cluster 5385,1,1
Cluster 53855,1,1
Cluster 53862,1,1
Cluster 53867,1,1
Cluster 53874,1,1
Cluster 53889,1,1
Cluster 5389,1,1
Cluster 53892,1,1
Cluster 53898,1,1
Cluster 53902,1,1
Cluster 53908,1,1
Cluster 53911,1,1
Cluster 53912,1,1
Cluster 53913,1,1
Cluster 53915,1,1
Cluster 53920,1,1
Cluster 53932,1,1
Cluster 53946,1,1
Cluster 5395,1,1
Cluster 53954,1,1
Cluster 53956,1,1
Cluster 53960,1,1
Cluster 53964,1,1
Cluster 53967,1,1
Cluster 53976,1,1
Cluster 53981,1,1
Cluster 53998,1,1
Cluster 54000,1,1
Cluster 54002,1,1
Cluster 54008,1,1
Cluster 54010,1,1
Cluster 54038,1,1
Cluster 54044,1,1
Cluster 54054,1,1
Cluster 54058,1,1
Cluster 5406,1,1
Cluster 54060,1,1
Cluster 54061,1,1
Cluster 54062,1,1
Cluster 54065,1,1
Cluster 54067,1,1
Cluster 54082,1,1
Cluster 54086,1,1
Cluster 54089,1,1
Cluster 54093,1,1
Cluster 54117,1,1
Cluster 5412,1,1
Cluster 54120,1,1
Cluster 54128,1,1
Cluster 54136,1,1
Cluster 54140,1,1
Cluster 54146,1,1
Cluster 54149,1,1
Cluster 54163,1,1
Cluster 5418,1,1
Cluster 54180,1,1
Cluster 54181,1,1
Cluster 5420,1,1
Cluster 54205,1,1
Cluster 54206,1,1
Cluster 54207,1,1
Cluster 54213,1,1
Cluster 54234,1,1
Cluster 54247,1,1
Cluster 54252,1,1
Cluster 54265,1,1
Cluster 54272,1,1
Cluster 54273,1,1
Cluster 54281,1,1
Cluster 54282,1,1
Cluster 54297,1,1
Cluster 54302,1,1
Cluster 54303,1,1
Cluster 54307,1,1
Cluster 54320,1,1
Cluster 54326,1,1
Cluster 5433,1,1
Cluster 54339,1,1
Cluster 54358,1,1
Cluster 54361,1,1
Cluster 54362,1,1
Cluster 54377,1,1
Cluster 54395,1,1
Cluster 54396,1,1
Cluster 54400,1,1
Cluster 54411,1,1
Cluster 54419,1,1
Cluster 54421,1,1
Cluster 54429,1,1
Cluster 5443,1,1
Cluster 54438,1,1
Cluster 54439,1,1
Cluster 54442,1,1
Cluster 5445,1,1
Cluster 54454,1,1
Cluster 54458,1,1
Cluster 54461,1,1
Cluster 54465,1,1
Cluster 54468,1,1
Cluster 54469,1,1
Cluster 54472,1,1
Cluster 54484,1,1
Cluster 54503,1,1
Cluster 54517,1,1
Cluster 54523,1,1
Cluster 54527,1,1
Cluster 5453,1,1
Cluster 54531,1,1
Cluster 54533,1,1
Cluster 54542,1,1
Cluster 54552,1,1
Cluster 54564,1,1
Cluster 54571,1,1
Cluster 54578,1,1
Cluster 5458,1,1
Cluster 54581,1,1
Cluster 54582,1,1
Cluster 54592,1,1
Cluster 54595,1,1
Cluster 54597,1,1
Cluster 54603,1,1
Cluster 54608,1,1
Cluster 54614,1,1
Cluster 54619,1,1
Cluster 5462,1,1
Cluster 54629,1,1
Cluster 54632,1,1
Cluster 54637,1,1
Cluster 54648,1,1
Cluster 54651,1,1
Cluster 54654,1,1
Cluster 54655,1,1
Cluster 54658,1,1
Cluster 54677,1,1
Cluster 54683,1,1
Cluster 54688,1,1
Cluster 54689,1,1
Cluster 54696,1,1
Cluster 54698,1,1
Cluster 54701,1,1
Cluster 5471,1,1
Cluster 54715,1,1
Cluster 54720,1,1
Cluster 54721,1,1
Cluster 5475,1,1
Cluster 54756,1,1
Cluster 54764,1,1
Cluster 54766,1,1
Cluster 54771,1,1
Cluster 54782,1,1
Cluster 54784,1,1
Cluster 5479,1,1
Cluster 54790,1,1
Cluster 54812,1,1
Cluster 54814,1,1
Cluster 54830,1,1
Cluster 5484,1,1
Cluster 54840,1,1
Cluster 5487,1,1
Cluster 54872,1,1
Cluster 54873,1,1
Cluster 54878,1,1
Cluster 54884,1,1
Cluster 54897,1,1
Cluster 549,1,1
Cluster 54901,1,1
Cluster 54902,1,1
Cluster 54903,1,1
Cluster 54913,1,1
Cluster 54923,1,1
Cluster 54928,1,1
Cluster 54931,1,1
Cluster 54935,1,1
Cluster 54938,1,1
Cluster 54943,1,1
Cluster 54951,1,1
Cluster 54952,1,1
Cluster 54957,1,1
Cluster 54963,1,1
Cluster 54964,1,1
Cluster 54967,1,1
Cluster 54971,1,1
Cluster 54973,1,1
Cluster 54976,1,1
Cluster 54979,1,1
Cluster 54980,1,1
Cluster 54983,1,1
Cluster 54984,1,1
Cluster 54985,1,1
Cluster 54996,1,1
Cluster 54997,1,1
Cluster 55003,1,1
Cluster 55007,1,1
Cluster 5501,1,1
Cluster 55022,1,1
Cluster 55030,1,1
Cluster 55039,1,1
Cluster 55041,1,1
Cluster 5505,1,1
Cluster 55052,1,1
Cluster 55059,1,1
Cluster 55063,1,1
Cluster 55067,1,1
Cluster 55069,1,1
Cluster 55071,1,1
Cluster 55076,1,1
Cluster 55098,1,1
Cluster 55099,1,1
Cluster 55101,1,1
Cluster 55107,1,1
Cluster 55108,1,1
Cluster 55111,1,1
Cluster 55113,1,1
Cluster 5512,1,1
Cluster 55125,1,1
Cluster 55128,1,1
Cluster 55132,1,1
Cluster 55146,1,1
Cluster 55151,1,1
Cluster 55159,1,1
Cluster 55169,1,1
Cluster 55173,1,1
Cluster 55174,1,1
Cluster 55199,1,1
Cluster 55205,1,1
Cluster 55240,1,1
Cluster 55242,1,1
Cluster 55246,1,1
Cluster 55247,1,1
Cluster 55249,1,1
Cluster 5527,1,1
Cluster 55270,1,1
Cluster 55276,1,1
Cluster 55278,1,1
Cluster 55279,1,1
Cluster 55298,1,1
Cluster 55304,1,1
Cluster 55307,1,1
Cluster 55310,1,1
Cluster 55313,1,1
Cluster 55320,1,1
Cluster 55323,1,1
Cluster 55338,1,1
Cluster 55341,1,1
Cluster 55342,1,1
Cluster 55344,1,1
Cluster 55354,1,1
Cluster 55355,1,1
Cluster 5536,1,1
Cluster 55367,1,1
Cluster 55370,1,1
Cluster 55374,1,1
Cluster 55376,1,1
Cluster 55385,1,1
Cluster 5539,1,1
Cluster 55407,1,1
Cluster 55424,1,1
Cluster 55426,1,1
Cluster 55437,1,1
Cluster 55438,1,1
Cluster 55440,1,1
Cluster 55446,1,1
Cluster 55453,1,1
Cluster 55468,1,1
Cluster 55504,1,1
Cluster 55505,1,1
Cluster 55506,1,1
Cluster 55510,1,1
Cluster 55515,1,1
Cluster 55527,1,1
Cluster 55555,1,1
Cluster 55559,1,1
Cluster 5557,1,1
Cluster 55571,1,1
Cluster 55594,1,1
Cluster 55600,1,1
Cluster 55607,1,1
Cluster 55618,1,1
Cluster 55619,1,1
Cluster 55625,1,1
Cluster 5563,1,1
Cluster 55634,1,1
Cluster 5565,1,1
Cluster 55656,1,1
Cluster 5566,1,1
Cluster 55664,1,1
Cluster 55668,1,1
Cluster 55671,1,1
Cluster 55684,1,1
Cluster 55693,1,1
Cluster 55714,1,1
Cluster 5572,1,1
Cluster 55721,1,1
Cluster 55730,1,1
Cluster 55732,1,1
Cluster 55734,1,1
Cluster 55735,1,1
Cluster 55737,1,1
Cluster 5574,1,1
Cluster 55749,1,1
Cluster 55762,1,1
Cluster 55779,1,1
Cluster 55780,1,1
Cluster 55791,1,1
Cluster 55805,1,1
Cluster 55809,1,1
Cluster 55815,1,1
Cluster 55837,1,1
Cluster 55840,1,1
Cluster 55842,1,1
Cluster 55844,1,1
Cluster 55849,1,1
Cluster 55851,1,1
Cluster 55856,1,1
Cluster 5586,1,1
Cluster 55871,1,1
Cluster 55879,1,1
Cluster 5589,1,1
Cluster 55899,1,1
Cluster 5590,1,1
Cluster 55908,1,1
Cluster 5592,1,1
Cluster 55928,1,1
Cluster 55929,1,1
Cluster 55933,1,1
Cluster 55940,1,1
Cluster 55941,1,1
Cluster 5595,1,1
Cluster 55953,1,1
Cluster 55964,1,1
Cluster 55970,1,1
Cluster 55982,1,1
Cluster 5599,1,1
Cluster 55994,1,1
Cluster 56005,1,1
Cluster 56020,1,1
Cluster 56041,1,1
Cluster 56050,1,1
Cluster 56055,1,1
Cluster 56056,1,1
Cluster 56060,1,1
Cluster 56063,1,1
Cluster 56068,1,1
Cluster 56076,1,1
Cluster 56092,1,1
Cluster 56094,1,1
Cluster 56103,1,1
Cluster 56113,1,1
Cluster 56116,1,1
Cluster 5612,1,1
Cluster 56120,1,1
Cluster 56128,1,1
Cluster 56129,1,1
Cluster 56140,1,1
Cluster 56143,1,1
Cluster 56144,1,1
Cluster 5615,1,1
Cluster 56155,1,1
Cluster 56161,1,1
Cluster 56167,1,1
Cluster 5617,1,1
Cluster 56171,1,1
Cluster 56175,1,1
Cluster 56185,1,1
Cluster 56190,1,1
Cluster 56196,1,1
Cluster 56201,1,1
Cluster 56220,1,1
Cluster 56237,1,1
Cluster 56244,1,1
Cluster 56252,1,1
Cluster 56269,1,1
Cluster 56273,1,1
Cluster 563,1,1
Cluster 5630,1,1
Cluster 56303,1,1
Cluster 56314,1,1
Cluster 56322,1,1
Cluster 56332,1,1
Cluster 56333,1,1
Cluster 56337,1,1
Cluster 56339,1,1
Cluster 56344,1,1
Cluster 56345,1,1
Cluster 56346,1,1
Cluster 56351,1,1
Cluster 56355,1,1
Cluster 56367,1,1
Cluster 5637,1,1
Cluster 56371,1,1
Cluster 56373,1,1
Cluster 56376,1,1
Cluster 5638,1,1
Cluster 56381,1,1
Cluster 56382,1,1
Cluster 56400,1,1
Cluster 56404,1,1
Cluster 56405,1,1
Cluster 56407,1,1
Cluster 56445,1,1
Cluster 56463,1,1
Cluster 56489,1,1
Cluster 56503,1,1
Cluster 56536,1,1
Cluster 56539,1,1
Cluster 56542,1,1
Cluster 56552,1,1
Cluster 56553,1,1
Cluster 56561,1,1
Cluster 56564,1,1
Cluster 56569,1,1
Cluster 56583,1,1
Cluster 56591,1,1
Cluster 56595,1,1
Cluster 56603,1,1
Cluster 56616,1,1
Cluster 56632,1,1
Cluster 56637,1,1
Cluster 56638,1,1
Cluster 56645,1,1
Cluster 56649,1,1
Cluster 5665,1,1
Cluster 56650,1,1
Cluster 56653,1,1
Cluster 56664,1,1
Cluster 56670,1,1
Cluster 56674,1,1
Cluster 56677,1,1
Cluster 56685,1,1
Cluster 56687,1,1
Cluster 56711,1,1
Cluster 56713,1,1
Cluster 5672,1,1
Cluster 56730,1,1
Cluster 5674,1,1
Cluster 56742,1,1
Cluster 56754,1,1
Cluster 56764,1,1
Cluster 56766,1,1
Cluster 56768,1,1
Cluster 56777,1,1
Cluster 56784,1,1
Cluster 56798,1,1
Cluster 56808,1,1
Cluster 56814,1,1
Cluster 56828,1,1
Cluster 5683,1,1
Cluster 56834,1,1
Cluster 56844,1,1
Cluster 56845,1,1
Cluster 56852,1,1
Cluster 56856,1,1
Cluster 56857,1,1
Cluster 56864,1,1
Cluster 56866,1,1
Cluster 56878,1,1
Cluster 56883,1,1
Cluster 56899,1,1
Cluster 569,1,1
Cluster 56902,1,1
Cluster 56903,1,1
Cluster 56904,1,1
Cluster 5692,1,1
Cluster 56925,1,1
Cluster 5693,1,1
Cluster 56942,1,1
Cluster 56945,1,1
Cluster 56946,1,1
Cluster 56947,1,1
Cluster 5695,1,1
Cluster 56953,1,1
Cluster 56954,1,1
Cluster 56960,1,1
Cluster 56961,1,1
Cluster 56962,1,1
Cluster 56963,1,1
Cluster 56979,1,1
Cluster 56989,1,1
Cluster 5699,1,1
Cluster 56990,1,1
Cluster 56992,1,1
Cluster 56994,1,1
Cluster 57,1,1
Cluster 57002,1,1
Cluster 57007,1,1
Cluster 57009,1,1
Cluster 57011,1,1
Cluster 57031,1,1
Cluster 57034,1,1
Cluster 57038,1,1
Cluster 5704,1,1
Cluster 57041,1,1
Cluster 57049,1,1
Cluster 57063,1,1
Cluster 57066,1,1
Cluster 57070,1,1
Cluster 57084,1,1
Cluster 57094,1,1
Cluster 57095,1,1
Cluster 57104,1,1
Cluster 5711,1,1
Cluster 57112,1,1
Cluster 57116,1,1
Cluster 57117,1,1
Cluster 57122,1,1
Cluster 57123,1,1
Cluster 57134,1,1
Cluster 5714,1,1
Cluster 57142,1,1
Cluster 57155,1,1
Cluster 57161,1,1
Cluster 57162,1,1
Cluster 57163,1,1
Cluster 57167,1,1
Cluster 57194,1,1
Cluster 57195,1,1
Cluster 57200,1,1
Cluster 57201,1,1
Cluster 57213,1,1
Cluster 57218,1,1
Cluster 57224,1,1
Cluster 57226,1,1
Cluster 57228,1,1
Cluster 5724,1,1
Cluster 57250,1,1
Cluster 57252,1,1
Cluster 57255,1,1
Cluster 57276,1,1
Cluster 57277,1,1
Cluster 57283,1,1
Cluster 57298,1,1
Cluster 57309,1,1
Cluster 57326,1,1
Cluster 57327,1,1
Cluster 57337,1,1
Cluster 57363,1,1
Cluster 57371,1,1
Cluster 57372,1,1
Cluster 57374,1,1
Cluster 57386,1,1
Cluster 57387,1,1
Cluster 57393,1,1
Cluster 57395,1,1
Cluster 5740,1,1
Cluster 57403,1,1
Cluster 57426,1,1
Cluster 57435,1,1
Cluster 57444,1,1
Cluster 57448,1,1
Cluster 57461,1,1
Cluster 57477,1,1
Cluster 57483,1,1
Cluster 57490,1,1
Cluster 57506,1,1
Cluster 57509,1,1
Cluster 57515,1,1
Cluster 57516,1,1
Cluster 57517,1,1
Cluster 5753,1,1
Cluster 57547,1,1
Cluster 57568,1,1
Cluster 57577,1,1
Cluster 57598,1,1
Cluster 57599,1,1
Cluster 57600,1,1
Cluster 57619,1,1
Cluster 57626,1,1
Cluster 57631,1,1
Cluster 57633,1,1
Cluster 57639,1,1
Cluster 57647,1,1
Cluster 57648,1,1
Cluster 57656,1,1
Cluster 57659,1,1
Cluster 57662,1,1
Cluster 57665,1,1
Cluster 57670,1,1
Cluster 57672,1,1
Cluster 57673,1,1
Cluster 57674,1,1
Cluster 57677,1,1
Cluster 57678,1,1
Cluster 57692,1,1
Cluster 57693,1,1
Cluster 57697,1,1
Cluster 57699,1,1
Cluster 577,1,1
Cluster 57703,1,1
Cluster 57711,1,1
Cluster 57725,1,1
Cluster 57729,1,1
Cluster 57737,1,1
Cluster 57742,1,1
Cluster 57744,1,1
Cluster 57745,1,1
Cluster 57746,1,1
Cluster 57755,1,1
Cluster 57762,1,1
Cluster 57773,1,1
Cluster 57774,1,1
Cluster 57775,1,1
Cluster 57776,1,1
Cluster 57781,1,1
Cluster 57783,1,1
Cluster 57795,1,1
Cluster 57796,1,1
Cluster 57799,1,1
Cluster 57802,1,1
Cluster 57808,1,1
Cluster 57810,1,1
Cluster 57828,1,1
Cluster 5783,1,1
Cluster 57832,1,1
Cluster 57838,1,1
Cluster 5784,1,1
Cluster 57850,1,1
Cluster 57853,1,1
Cluster 57854,1,1
Cluster 57861,1,1
Cluster 57868,1,1
Cluster 5787,1,1
Cluster 57876,1,1
Cluster 57878,1,1
Cluster 57887,1,1
Cluster 57890,1,1
Cluster 57898,1,1
Cluster 57900,1,1
Cluster 57903,1,1
Cluster 57907,1,1
Cluster 57911,1,1
Cluster 57915,1,1
Cluster 57919,1,1
Cluster 57927,1,1
Cluster 57933,1,1
Cluster 57943,1,1
Cluster 57949,1,1
Cluster 57960,1,1
Cluster 57964,1,1
Cluster 57967,1,1
Cluster 57968,1,1
Cluster 57971,1,1
Cluster 57973,1,1
Cluster 57974,1,1
Cluster 57975,1,1
Cluster 57981,1,1
Cluster 57990,1,1
Cluster 57992,1,1
Cluster 57997,1,1
Cluster 58010,1,1
Cluster 58034,1,1
Cluster 58041,1,1
Cluster 58045,1,1
Cluster 58047,1,1
Cluster 58055,1,1
Cluster 58057,1,1
Cluster 58064,1,1
Cluster 58065,1,1
Cluster 58071,1,1
Cluster 58075,1,1
Cluster 58079,1,1
Cluster 5808,1,1
Cluster 58081,1,1
Cluster 58089,1,1
Cluster 58095,1,1
Cluster 58097,1,1
Cluster 58099,1,1
Cluster 58100,1,1
Cluster 58103,1,1
Cluster 58107,1,1
Cluster 58116,1,1
Cluster 58118,1,1
Cluster 58119,1,1
Cluster 58121,1,1
Cluster 58144,1,1
Cluster 58149,1,1
Cluster 58156,1,1
Cluster 5816,1,1
Cluster 58184,1,1
Cluster 58185,1,1
Cluster 58190,1,1
Cluster 58215,1,1
Cluster 58217,1,1
Cluster 58224,1,1
Cluster 58225,1,1
Cluster 58226,1,1
Cluster 58228,1,1
Cluster 58229,1,1
Cluster 58231,1,1
Cluster 58232,1,1
Cluster 58235,1,1
Cluster 58242,1,1
Cluster 58246,1,1
Cluster 58247,1,1
Cluster 58248,1,1
Cluster 58253,1,1
Cluster 58254,1,1
Cluster 58258,1,1
Cluster 58265,1,1
Cluster 58269,1,1
Cluster 58272,1,1
Cluster 58278,1,1
Cluster 58279,1,1
Cluster 5828,1,1
Cluster 58280,1,1
Cluster 58300,1,1
Cluster 58303,1,1
Cluster 58314,1,1
Cluster 58320,1,1
Cluster 58329,1,1
Cluster 58334,1,1
Cluster 58346,1,1
Cluster 58362,1,1
Cluster 58365,1,1
Cluster 58380,1,1
Cluster 58382,1,1
Cluster 58389,1,1
Cluster 58394,1,1
Cluster 58395,1,1
Cluster 58396,1,1
Cluster 58399,1,1
Cluster 584,1,1
Cluster 5840,1,1
Cluster 58406,1,1
Cluster 58414,1,1
Cluster 58417,1,1
Cluster 58420,1,1
Cluster 58423,1,1
Cluster 58429,1,1
Cluster 58431,1,1
Cluster 58439,1,1
Cluster 5845,1,1
Cluster 58450,1,1
Cluster 58454,1,1
Cluster 58455,1,1
Cluster 58459,1,1
Cluster 58466,1,1
Cluster 5847,1,1
Cluster 58471,1,1
Cluster 58474,1,1
Cluster 58481,1,1
Cluster 58483,1,1
Cluster 58484,1,1
Cluster 58488,1,1
Cluster 58491,1,1
Cluster 58496,1,1
Cluster 58498,1,1
Cluster 58503,1,1
Cluster 58508,1,1
Cluster 58511,1,1
Cluster 58523,1,1
Cluster 58532,1,1
Cluster 58535,1,1
Cluster 58539,1,1
Cluster 58546,1,1
Cluster 58550,1,1
Cluster 5856,1,1
Cluster 58564,1,1
Cluster 58573,1,1
Cluster 58588,1,1
Cluster 58589,1,1
Cluster 58590,1,1
Cluster 58624,1,1
Cluster 58628,1,1
Cluster 58631,1,1
Cluster 58636,1,1
Cluster 5864,1,1
Cluster 58645,1,1
Cluster 58647,1,1
Cluster 58652,1,1
Cluster 58670,1,1
Cluster 58674,1,1
Cluster 58675,1,1
Cluster 58678,1,1
Cluster 58681,1,1
Cluster 58684,1,1
Cluster 58688,1,1
Cluster 58706,1,1
Cluster 58714,1,1
Cluster 58719,1,1
Cluster 58724,1,1
Cluster 58733,1,1
Cluster 58749,1,1
Cluster 58770,1,1
Cluster 58780,1,1
Cluster 58784,1,1
Cluster 58785,1,1
Cluster 58796,1,1
Cluster 58804,1,1
Cluster 58811,1,1
Cluster 58813,1,1
Cluster 58817,1,1
Cluster 58820,1,1
Cluster 58822,1,1
Cluster 58835,1,1
Cluster 58837,1,1
Cluster 58849,1,1
Cluster 58853,1,1
Cluster 58868,1,1
Cluster 58873,1,1
Cluster 58889,1,1
Cluster 58890,1,1
Cluster 58893,1,1
Cluster 58896,1,1
Cluster 58898,1,1
Cluster 589,1,1
Cluster 58904,1,1
Cluster 58909,1,1
Cluster 58910,1,1
Cluster 58917,1,1
Cluster 58918,1,1
Cluster 58924,1,1
Cluster 58926,1,1
Cluster 58927,1,1
Cluster 58931,1,1
Cluster 58933,1,1
Cluster 58936,1,1
Cluster 58945,1,1
Cluster 58956,1,1
Cluster 58961,1,1
Cluster 58962,1,1
Cluster 58967,1,1
Cluster 58980,1,1
Cluster 58982,1,1
Cluster 58988,1,1
Cluster 58998,1,1
Cluster 59,1,1
Cluster 590,1,1
Cluster 5900,1,1
Cluster 59004,1,1
Cluster 59009,1,1
Cluster 59011,1,1
Cluster 59016,1,1
Cluster 59017,1,1
Cluster 59023,1,1
Cluster 59045,1,1
Cluster 59046,1,1
Cluster 59055,1,1
Cluster 59069,1,1
Cluster 59076,1,1
Cluster 59081,1,1
Cluster 59096,1,1
Cluster 59097,1,1
Cluster 591,1,1
Cluster 59109,1,1
Cluster 59112,1,1
Cluster 59115,1,1
Cluster 59123,1,1
Cluster 59129,1,1
Cluster 59141,1,1
Cluster 59146,1,1
Cluster 59147,1,1
Cluster 5915,1,1
Cluster 59153,1,1
Cluster 59157,1,1
Cluster 59159,1,1
Cluster 59163,1,1
Cluster 59173,1,1
Cluster 59174,1,1
Cluster 59194,1,1
Cluster 59197,1,1
Cluster 59200,1,1
Cluster 59210,1,1
Cluster 59213,1,1
Cluster 59221,1,1
Cluster 59223,1,1
Cluster 59224,1,1
Cluster 59228,1,1
Cluster 59230,1,1
Cluster 59232,1,1
Cluster 59233,1,1
Cluster 59248,1,1
Cluster 59266,1,1
Cluster 59272,1,1
Cluster 59284,1,1
Cluster 59290,1,1
Cluster 59292,1,1
Cluster 59294,1,1
Cluster 59298,1,1
Cluster 59299,1,1
Cluster 593,1,1
Cluster 59319,1,1
Cluster 59334,1,1
Cluster 59357,1,1
Cluster 59358,1,1
Cluster 59370,1,1
Cluster 59372,1,1
Cluster 59373,1,1
Cluster 59376,1,1
Cluster 59377,1,1
Cluster 59378,1,1
Cluster 59379,1,1
Cluster 59381,1,1
Cluster 59387,1,1
Cluster 5939,1,1
Cluster 59392,1,1
Cluster 59394,1,1
Cluster 59395,1,1
Cluster 59401,1,1
Cluster 59403,1,1
Cluster 59410,1,1
Cluster 59422,1,1
Cluster 59430,1,1
Cluster 59431,1,1
Cluster 59434,1,1
Cluster 59438,1,1
Cluster 59439,1,1
Cluster 59445,1,1
Cluster 59449,1,1
Cluster 59451,1,1
Cluster 59452,1,1
Cluster 59454,1,1
Cluster 59456,1,1
Cluster 59457,1,1
Cluster 59459,1,1
Cluster 5946,1,1
Cluster 59466,1,1
Cluster 59468,1,1
Cluster 59471,1,1
Cluster 59487,1,1
Cluster 59489,1,1
Cluster 5949,1,1
Cluster 59494,1,1
Cluster 59496,1,1
Cluster 5950,1,1
Cluster 59515,1,1
Cluster 59517,1,1
Cluster 59521,1,1
Cluster 59531,1,1
Cluster 59533,1,1
Cluster 59539,1,1
Cluster 59546,1,1
Cluster 59548,1,1
Cluster 59550,1,1
Cluster 59552,1,1
Cluster 59554,1,1
Cluster 59572,1,1
Cluster 59574,1,1
Cluster 59577,1,1
Cluster 59583,1,1
Cluster 59584,1,1
Cluster 59595,1,1
Cluster 59602,1,1
Cluster 59616,1,1
Cluster 59618,1,1
Cluster 59626,1,1
Cluster 5963,1,1
Cluster 59632,1,1
Cluster 59640,1,1
Cluster 59648,1,1
Cluster 5966,1,1
Cluster 59666,1,1
Cluster 59668,1,1
Cluster 5967,1,1
Cluster 59690,1,1
Cluster 59697,1,1
Cluster 59710,1,1
Cluster 59715,1,1
Cluster 59738,1,1
Cluster 59739,1,1
Cluster 59746,1,1
Cluster 59751,1,1
Cluster 59759,1,1
Cluster 59761,1,1
Cluster 59790,1,1
Cluster 59793,1,1
Cluster 59794,1,1
Cluster 59807,1,1
Cluster 59811,1,1
Cluster 59822,1,1
Cluster 59824,1,1
Cluster 59825,1,1
Cluster 59830,1,1
Cluster 59841,1,1
Cluster 59851,1,1
Cluster 59857,1,1
Cluster 59858,1,1
Cluster 59864,1,1
Cluster 59866,1,1
Cluster 59868,1,1
Cluster 5987,1,1
Cluster 59879,1,1
Cluster 59880,1,1
Cluster 59893,1,1
Cluster 59896,1,1
Cluster 59906,1,1
Cluster 59921,1,1
Cluster 59923,1,1
Cluster 59928,1,1
Cluster 59929,1,1
Cluster 59933,1,1
Cluster 59953,1,1
Cluster 59956,1,1
Cluster 59960,1,1
Cluster 59972,1,1
Cluster 59977,1,1
Cluster 59979,1,1
Cluster 5999,1,1
Cluster 6,1,1
Cluster 60006,1,1
Cluster 60008,1,1
Cluster 60015,1,1
Cluster 60018,1,1
Cluster 60024,1,1
Cluster 60038,1,1
Cluster 60049,1,1
Cluster 60052,1,1
Cluster 60053,1,1
Cluster 60064,1,1
Cluster 6007,1,1
Cluster 60078,1,1
Cluster 60092,1,1
Cluster 60096,1,1
Cluster 6011,1,1
Cluster 60119,1,1
Cluster 60120,1,1
Cluster 60121,1,1
Cluster 60135,1,1
Cluster 60137,1,1
Cluster 60152,1,1
Cluster 60162,1,1
Cluster 60165,1,1
Cluster 60166,1,1
Cluster 6017,1,1
Cluster 60171,1,1
Cluster 60174,1,1
Cluster 60179,1,1
Cluster 60187,1,1
Cluster 602,1,1
Cluster 6020,1,1
Cluster 60207,1,1
Cluster 60208,1,1
Cluster 60214,1,1
Cluster 60215,1,1
Cluster 60220,1,1
Cluster 60228,1,1
Cluster 60233,1,1
Cluster 60244,1,1
Cluster 60247,1,1
Cluster 60248,1,1
Cluster 60263,1,1
Cluster 60264,1,1
Cluster 6027,1,1
Cluster 60273,1,1
Cluster 60275,1,1
Cluster 60277,1,1
Cluster 60293,1,1
Cluster 60296,1,1
Cluster 6030,1,1
Cluster 60307,1,1
Cluster 60309,1,1
Cluster 60310,1,1
Cluster 60313,1,1
Cluster 60319,1,1
Cluster 6032,1,1
Cluster 60325,1,1
Cluster 60326,1,1
Cluster 60328,1,1
Cluster 60329,1,1
Cluster 60334,1,1
Cluster 6034,1,1
Cluster 60348,1,1
Cluster 6035,1,1
Cluster 60353,1,1
Cluster 60358,1,1
Cluster 60370,1,1
Cluster 60376,1,1
Cluster 60380,1,1
Cluster 60386,1,1
Cluster 60412,1,1
Cluster 60414,1,1
Cluster 60421,1,1
Cluster 60423,1,1
Cluster 60427,1,1
Cluster 60433,1,1
Cluster 60436,1,1
Cluster 60451,1,1
Cluster 60489,1,1
Cluster 605,1,1
Cluster 60503,1,1
Cluster 60511,1,1
Cluster 60514,1,1
Cluster 6052,1,1
Cluster 60531,1,1
Cluster 60536,1,1
Cluster 60538,1,1
Cluster 60541,1,1
Cluster 60547,1,1
Cluster 60550,1,1
Cluster 60557,1,1
Cluster 6056,1,1
Cluster 60574,1,1
Cluster 60579,1,1
Cluster 60583,1,1
Cluster 60584,1,1
Cluster 60588,1,1
Cluster 60591,1,1
Cluster 60593,1,1
Cluster 60612,1,1
Cluster 60624,1,1
Cluster 60632,1,1
Cluster 60639,1,1
Cluster 60640,1,1
Cluster 60645,1,1
Cluster 60646,1,1
Cluster 6065,1,1
Cluster 60655,1,1
Cluster 60657,1,1
Cluster 60658,1,1
Cluster 60673,1,1
Cluster 60676,1,1
Cluster 60678,1,1
Cluster 60701,1,1
Cluster 60702,1,1
Cluster 60705,1,1
Cluster 60717,1,1
Cluster 6072,1,1
Cluster 60723,1,1
Cluster 60728,1,1
Cluster 60731,1,1
Cluster 60734,1,1
Cluster 60738,1,1
Cluster 60739,1,1
Cluster 6074,1,1
Cluster 60741,1,1
Cluster 60743,1,1
Cluster 60755,1,1
Cluster 60760,1,1
Cluster 60766,1,1
Cluster 60767,1,1
Cluster 60768,1,1
Cluster 60789,1,1
Cluster 60793,1,1
Cluster 60795,1,1
Cluster 60798,1,1
Cluster 6081,1,1
Cluster 60815,1,1
Cluster 60831,1,1
Cluster 60832,1,1
Cluster 60835,1,1
Cluster 60856,1,1
Cluster 6088,1,1
Cluster 60891,1,1
Cluster 60895,1,1
Cluster 60906,1,1
Cluster 60909,1,1
Cluster 60912,1,1
Cluster 60917,1,1
Cluster 60929,1,1
Cluster 60934,1,1
Cluster 60936,1,1
Cluster 60950,1,1
Cluster 60962,1,1
Cluster 60968,1,1
Cluster 6097,1,1
Cluster 60994,1,1
Cluster 61000,1,1
Cluster 61006,1,1
Cluster 6103,1,1
Cluster 61033,1,1
Cluster 61039,1,1
Cluster 6104,1,1
Cluster 61048,1,1
Cluster 61051,1,1
Cluster 61059,1,1
Cluster 61071,1,1
Cluster 61072,1,1
Cluster 61073,1,1
Cluster 61077,1,1
Cluster 61081,1,1
Cluster 61082,1,1
Cluster 6109,1,1
Cluster 61095,1,1
Cluster 61096,1,1
Cluster 61106,1,1
Cluster 61108,1,1
Cluster 6111,1,1
Cluster 61112,1,1
Cluster 61113,1,1
Cluster 61118,1,1
Cluster 61124,1,1
Cluster 61130,1,1
Cluster 6114,1,1
Cluster 61141,1,1
Cluster 61146,1,1
Cluster 61157,1,1
Cluster 61158,1,1
Cluster 61164,1,1
Cluster 61172,1,1
Cluster 61178,1,1
Cluster 61179,1,1
Cluster 61180,1,1
Cluster 61184,1,1
Cluster 61205,1,1
Cluster 61209,1,1
Cluster 61212,1,1
Cluster 6122,1,1
Cluster 61234,1,1
Cluster 61250,1,1
Cluster 61257,1,1
Cluster 61265,1,1
Cluster 61271,1,1
Cluster 61282,1,1
Cluster 61288,1,1
Cluster 61291,1,1
Cluster 61293,1,1
Cluster 61303,1,1
Cluster 61304,1,1
Cluster 61310,1,1
Cluster 61315,1,1
Cluster 6133,1,1
Cluster 61345,1,1
Cluster 6135,1,1
Cluster 61367,1,1
Cluster 6137,1,1
Cluster 61374,1,1
Cluster 61376,1,1
Cluster 6138,1,1
Cluster 61396,1,1
Cluster 61398,1,1
Cluster 61399,1,1
Cluster 614,1,1
Cluster 61401,1,1
Cluster 61403,1,1
Cluster 6141,1,1
Cluster 61420,1,1
Cluster 61427,1,1
Cluster 61434,1,1
Cluster 61436,1,1
Cluster 61441,1,1
Cluster 61452,1,1
Cluster 61455,1,1
Cluster 61458,1,1
Cluster 61466,1,1
Cluster 61470,1,1
Cluster 61474,1,1
Cluster 61477,1,1
Cluster 61482,1,1
Cluster 61487,1,1
Cluster 61488,1,1
Cluster 61492,1,1
Cluster 61502,1,1
Cluster 61503,1,1
Cluster 61507,1,1
Cluster 61511,1,1
Cluster 6152,1,1
Cluster 61520,1,1
Cluster 61537,1,1
Cluster 61548,1,1
Cluster 6155,1,1
Cluster 61566,1,1
Cluster 6157,1,1
Cluster 61573,1,1
Cluster 61575,1,1
Cluster 61581,1,1
Cluster 61583,1,1
Cluster 61588,1,1
Cluster 61599,1,1
Cluster 616,1,1
Cluster 61604,1,1
Cluster 61605,1,1
Cluster 61608,1,1
Cluster 61613,1,1
Cluster 61615,1,1
Cluster 61616,1,1
Cluster 61622,1,1
Cluster 61629,1,1
Cluster 61642,1,1
Cluster 61644,1,1
Cluster 61650,1,1
Cluster 61664,1,1
Cluster 61671,1,1
Cluster 61674,1,1
Cluster 61682,1,1
Cluster 61686,1,1
Cluster 6169,1,1
Cluster 61690,1,1
Cluster 61697,1,1
Cluster 61698,1,1
Cluster 61699,1,1
Cluster 61700,1,1
Cluster 61704,1,1
Cluster 61705,1,1
Cluster 61708,1,1
Cluster 61709,1,1
Cluster 61711,1,1
Cluster 61722,1,1
Cluster 61726,1,1
Cluster 61728,1,1
Cluster 61731,1,1
Cluster 61744,1,1
Cluster 61748,1,1
Cluster 61753,1,1
Cluster 61754,1,1
Cluster 61765,1,1
Cluster 61772,1,1
Cluster 61780,1,1
Cluster 61781,1,1
Cluster 61782,1,1
Cluster 61784,1,1
Cluster 61794,1,1
Cluster 61815,1,1
Cluster 61817,1,1
Cluster 61820,1,1
Cluster 61823,1,1
Cluster 61825,1,1
Cluster 6183,1,1
Cluster 61838,1,1
Cluster 61844,1,1
Cluster 61847,1,1
Cluster 61849,1,1
Cluster 61852,1,1
Cluster 61858,1,1
Cluster 61869,1,1
Cluster 61873,1,1
Cluster 61882,1,1
Cluster 61884,1,1
Cluster 61885,1,1
Cluster 61901,1,1
Cluster 61908,1,1
Cluster 6191,1,1
Cluster 61911,1,1
Cluster 61915,1,1
Cluster 61919,1,1
Cluster 6192,1,1
Cluster 61921,1,1
Cluster 61943,1,1
Cluster 61950,1,1
Cluster 61951,1,1
Cluster 6198,1,1
Cluster 61985,1,1
Cluster 61987,1,1
Cluster 61996,1,1
Cluster 61998,1,1
Cluster 62001,1,1
Cluster 62002,1,1
Cluster 62008,1,1
Cluster 62019,1,1
Cluster 62021,1,1
Cluster 62023,1,1
Cluster 62025,1,1
Cluster 62029,1,1
Cluster 62031,1,1
Cluster 62033,1,1
Cluster 62041,1,1
Cluster 62048,1,1
Cluster 62052,1,1
Cluster 6206,1,1
Cluster 62062,1,1
Cluster 62069,1,1
Cluster 62072,1,1
Cluster 62074,1,1
Cluster 62084,1,1
Cluster 62093,1,1
Cluster 62099,1,1
Cluster 62103,1,1
Cluster 62104,1,1
Cluster 62105,1,1
Cluster 62107,1,1
Cluster 62108,1,1
Cluster 6211,1,1
Cluster 62118,1,1
Cluster 62135,1,1
Cluster 62153,1,1
Cluster 62157,1,1
Cluster 62163,1,1
Cluster 62166,1,1
Cluster 62172,1,1
Cluster 62175,1,1
Cluster 62184,1,1
Cluster 62192,1,1
Cluster 62195,1,1
Cluster 6220,1,1
Cluster 62204,1,1
Cluster 62206,1,1
Cluster 62207,1,1
Cluster 62209,1,1
Cluster 6221,1,1
Cluster 62219,1,1
Cluster 62226,1,1
Cluster 62227,1,1
Cluster 62228,1,1
Cluster 62237,1,1
Cluster 62251,1,1
Cluster 62260,1,1
Cluster 62267,1,1
Cluster 62268,1,1
Cluster 62275,1,1
Cluster 62286,1,1
Cluster 62290,1,1
Cluster 62293,1,1
Cluster 62294,1,1
Cluster 62297,1,1
Cluster 62299,1,1
Cluster 62309,1,1
Cluster 6231,1,1
Cluster 62316,1,1
Cluster 62320,1,1
Cluster 62322,1,1
Cluster 6233,1,1
Cluster 62333,1,1
Cluster 62335,1,1
Cluster 62338,1,1
Cluster 62341,1,1
Cluster 62350,1,1
Cluster 62352,1,1
Cluster 62353,1,1
Cluster 62358,1,1
Cluster 62359,1,1
Cluster 62372,1,1
Cluster 62373,1,1
Cluster 62374,1,1
Cluster 62379,1,1
Cluster 62387,1,1
Cluster 62395,1,1
Cluster 62396,1,1
Cluster 62412,1,1
Cluster 62415,1,1
Cluster 62417,1,1
Cluster 62425,1,1
Cluster 62430,1,1
Cluster 6244,1,1
Cluster 62440,1,1
Cluster 62442,1,1
Cluster 62445,1,1
Cluster 62448,1,1
Cluster 62461,1,1
Cluster 62477,1,1
Cluster 62481,1,1
Cluster 62487,1,1
Cluster 6249,1,1
Cluster 62506,1,1
Cluster 62510,1,1
Cluster 62526,1,1
Cluster 62528,1,1
Cluster 6253,1,1
Cluster 62534,1,1
Cluster 62535,1,1
Cluster 62542,1,1
Cluster 62548,1,1
Cluster 62552,1,1
Cluster 62563,1,1
Cluster 62571,1,1
Cluster 62575,1,1
Cluster 62579,1,1
Cluster 6258,1,1
Cluster 62586,1,1
Cluster 62587,1,1
Cluster 6259,1,1
Cluster 62594,1,1
Cluster 62596,1,1
Cluster 62597,1,1
Cluster 6260,1,1
Cluster 62603,1,1
Cluster 62614,1,1
Cluster 62617,1,1
Cluster 6262,1,1
Cluster 62622,1,1
Cluster 6263,1,1
Cluster 62631,1,1
Cluster 62645,1,1
Cluster 62647,1,1
Cluster 62649,1,1
Cluster 6265,1,1
Cluster 62653,1,1
Cluster 62655,1,1
Cluster 62657,1,1
Cluster 6267,1,1
Cluster 62685,1,1
Cluster 62717,1,1
Cluster 62730,1,1
Cluster 62733,1,1
Cluster 62736,1,1
Cluster 62743,1,1
Cluster 62745,1,1
Cluster 62747,1,1
Cluster 62754,1,1
Cluster 6276,1,1
Cluster 62768,1,1
Cluster 62773,1,1
Cluster 62774,1,1
Cluster 62780,1,1
Cluster 628,1,1
Cluster 62802,1,1
Cluster 62822,1,1
Cluster 62829,1,1
Cluster 62831,1,1
Cluster 62839,1,1
Cluster 62841,1,1
Cluster 62860,1,1
Cluster 62871,1,1
Cluster 62884,1,1
Cluster 62887,1,1
Cluster 62911,1,1
Cluster 62912,1,1
Cluster 62927,1,1
Cluster 62932,1,1
Cluster 62945,1,1
Cluster 62946,1,1
Cluster 62953,1,1
Cluster 62954,1,1
Cluster 6296,1,1
Cluster 62967,1,1
Cluster 62968,1,1
Cluster 62970,1,1
Cluster 62977,1,1
Cluster 62981,1,1
Cluster 62987,1,1
Cluster 62992,1,1
Cluster 62994,1,1
Cluster 63002,1,1
Cluster 63012,1,1
Cluster 63016,1,1
Cluster 63022,1,1
Cluster 63032,1,1
Cluster 63041,1,1
Cluster 63042,1,1
Cluster 63051,1,1
Cluster 63055,1,1
Cluster 63066,1,1
Cluster 63071,1,1
Cluster 63077,1,1
Cluster 6309,1,1
Cluster 63104,1,1
Cluster 63125,1,1
Cluster 63129,1,1
Cluster 6314,1,1
Cluster 63144,1,1
Cluster 63148,1,1
Cluster 6316,1,1
Cluster 63160,1,1
Cluster 63161,1,1
Cluster 63162,1,1
Cluster 63164,1,1
Cluster 63168,1,1
Cluster 63172,1,1
Cluster 63187,1,1
Cluster 63189,1,1
Cluster 63192,1,1
Cluster 63194,1,1
Cluster 63195,1,1
Cluster 63198,1,1
Cluster 6320,1,1
Cluster 63202,1,1
Cluster 63203,1,1
Cluster 63205,1,1
Cluster 63206,1,1
Cluster 63212,1,1
Cluster 63220,1,1
Cluster 6323,1,1
Cluster 6324,1,1
Cluster 63240,1,1
Cluster 63248,1,1
Cluster 63249,1,1
Cluster 6325,1,1
Cluster 63269,1,1
Cluster 63272,1,1
Cluster 63283,1,1
Cluster 63291,1,1
Cluster 633,1,1
Cluster 6330,1,1
Cluster 63306,1,1
Cluster 63307,1,1
Cluster 63315,1,1
Cluster 63319,1,1
Cluster 63322,1,1
Cluster 63339,1,1
Cluster 63349,1,1
Cluster 63350,1,1
Cluster 63355,1,1
Cluster 63358,1,1
Cluster 63384,1,1
Cluster 63388,1,1
Cluster 63389,1,1
Cluster 6339,1,1
Cluster 63411,1,1
Cluster 63413,1,1
Cluster 63415,1,1
Cluster 63417,1,1
Cluster 63424,1,1
Cluster 63442,1,1
Cluster 63453,1,1
Cluster 63465,1,1
Cluster 63468,1,1
Cluster 63481,1,1
Cluster 63489,1,1
Cluster 63497,1,1
Cluster 63498,1,1
Cluster 63502,1,1
Cluster 63504,1,1
Cluster 63505,1,1
Cluster 63515,1,1
Cluster 63521,1,1
Cluster 63522,1,1
Cluster 63530,1,1
Cluster 63545,1,1
Cluster 63546,1,1
Cluster 63551,1,1
Cluster 63555,1,1
Cluster 63562,1,1
Cluster 63565,1,1
Cluster 6357,1,1
Cluster 63571,1,1
Cluster 63572,1,1
Cluster 63596,1,1
Cluster 63601,1,1
Cluster 63614,1,1
Cluster 63617,1,1
Cluster 63618,1,1
Cluster 6362,1,1
Cluster 63628,1,1
Cluster 63630,1,1
Cluster 63643,1,1
Cluster 63648,1,1
Cluster 63662,1,1
Cluster 63664,1,1
Cluster 63666,1,1
Cluster 63675,1,1
Cluster 63690,1,1
Cluster 63696,1,1
Cluster 63699,1,1
Cluster 6370,1,1
Cluster 63723,1,1
Cluster 63730,1,1
Cluster 63732,1,1
Cluster 63745,1,1
Cluster 63746,1,1
Cluster 63750,1,1
Cluster 63757,1,1
Cluster 6376,1,1
Cluster 63763,1,1
Cluster 63769,1,1
Cluster 6377,1,1
Cluster 63774,1,1
Cluster 63793,1,1
Cluster 63796,1,1
Cluster 63817,1,1
Cluster 63819,1,1
Cluster 6382,1,1
Cluster 63824,1,1
Cluster 63828,1,1
Cluster 63831,1,1
Cluster 63835,1,1
Cluster 63837,1,1
Cluster 63847,1,1
Cluster 63848,1,1
Cluster 63850,1,1
Cluster 63858,1,1
Cluster 63863,1,1
Cluster 63869,1,1
Cluster 63872,1,1
Cluster 63875,1,1
Cluster 63889,1,1
Cluster 63890,1,1
Cluster 63892,1,1
Cluster 63898,1,1
Cluster 63900,1,1
Cluster 63903,1,1
Cluster 63906,1,1
Cluster 6391,1,1
Cluster 63911,1,1
Cluster 63917,1,1
Cluster 63918,1,1
Cluster 63919,1,1
Cluster 6392,1,1
Cluster 63920,1,1
Cluster 63926,1,1
Cluster 63929,1,1
Cluster 63935,1,1
Cluster 63945,1,1
Cluster 63946,1,1
Cluster 63957,1,1
Cluster 6396,1,1
Cluster 63961,1,1
Cluster 63972,1,1
Cluster 63988,1,1
Cluster 63991,1,1
Cluster 63993,1,1
Cluster 63997,1,1
Cluster 64008,1,1
Cluster 64009,1,1
Cluster 64022,1,1
Cluster 64034,1,1
Cluster 64041,1,1
Cluster 64054,1,1
Cluster 64055,1,1
Cluster 64056,1,1
Cluster 64057,1,1
Cluster 6406,1,1
Cluster 64074,1,1
Cluster 64079,1,1
Cluster 6408,1,1
Cluster 64081,1,1
Cluster 64085,1,1
Cluster 64088,1,1
Cluster 64095,1,1
Cluster 64096,1,1
Cluster 64098,1,1
Cluster 64106,1,1
Cluster 64110,1,1
Cluster 64120,1,1
Cluster 64124,1,1
Cluster 64125,1,1
Cluster 64129,1,1
Cluster 64130,1,1
Cluster 64131,1,1
Cluster 64135,1,1
Cluster 64136,1,1
Cluster 64156,1,1
Cluster 6416,1,1
Cluster 64166,1,1
Cluster 64176,1,1
Cluster 64178,1,1
Cluster 64184,1,1
Cluster 64189,1,1
Cluster 64192,1,1
Cluster 64206,1,1
Cluster 64215,1,1
Cluster 64221,1,1
Cluster 64247,1,1
Cluster 64252,1,1
Cluster 6426,1,1
Cluster 64264,1,1
Cluster 64271,1,1
Cluster 64274,1,1
Cluster 64279,1,1
Cluster 64280,1,1
Cluster 64289,1,1
Cluster 6429,1,1
Cluster 64303,1,1
Cluster 64305,1,1
Cluster 64308,1,1
Cluster 64313,1,1
Cluster 64317,1,1
Cluster 64319,1,1
Cluster 64321,1,1
Cluster 64329,1,1
Cluster 64337,1,1
Cluster 64346,1,1
Cluster 6436,1,1
Cluster 64368,1,1
Cluster 64369,1,1
Cluster 6437,1,1
Cluster 64381,1,1
Cluster 64383,1,1
Cluster 64399,1,1
Cluster 64403,1,1
Cluster 64406,1,1
Cluster 64412,1,1
Cluster 64440,1,1
Cluster 64441,1,1
Cluster 64442,1,1
Cluster 6445,1,1
Cluster 64458,1,1
Cluster 64459,1,1
Cluster 6446,1,1
Cluster 64470,1,1
Cluster 64474,1,1
Cluster 64476,1,1
Cluster 64477,1,1
Cluster 64481,1,1
Cluster 64483,1,1
Cluster 64484,1,1
Cluster 64497,1,1
Cluster 645,1,1
Cluster 6450,1,1
Cluster 64501,1,1
Cluster 64503,1,1
Cluster 64505,1,1
Cluster 64517,1,1
Cluster 64525,1,1
Cluster 64531,1,1
Cluster 64533,1,1
Cluster 64546,1,1
Cluster 64549,1,1
Cluster 64553,1,1
Cluster 6456,1,1
Cluster 64566,1,1
Cluster 64571,1,1
Cluster 64572,1,1
Cluster 64575,1,1
Cluster 64577,1,1
Cluster 64578,1,1
Cluster 64585,1,1
Cluster 64599,1,1
Cluster 646,1,1
Cluster 64606,1,1
Cluster 64615,1,1
Cluster 64618,1,1
Cluster 64630,1,1
Cluster 64635,1,1
Cluster 64641,1,1
Cluster 64642,1,1
Cluster 64653,1,1
Cluster 64656,1,1
Cluster 64665,1,1
Cluster 64667,1,1
Cluster 64676,1,1
Cluster 64678,1,1
Cluster 64683,1,1
Cluster 64684,1,1
Cluster 64687,1,1
Cluster 64689,1,1
Cluster 6469,1,1
Cluster 64706,1,1
Cluster 64707,1,1
Cluster 64709,1,1
Cluster 64719,1,1
Cluster 64724,1,1
Cluster 64732,1,1
Cluster 64740,1,1
Cluster 64746,1,1
Cluster 64752,1,1
Cluster 64753,1,1
Cluster 64754,1,1
Cluster 6476,1,1
Cluster 64761,1,1
Cluster 64766,1,1
Cluster 64772,1,1
Cluster 64773,1,1
Cluster 64776,1,1
Cluster 64792,1,1
Cluster 64794,1,1
Cluster 64795,1,1
Cluster 64797,1,1
Cluster 64804,1,1
Cluster 64807,1,1
Cluster 64812,1,1
Cluster 64825,1,1
Cluster 64848,1,1
Cluster 64857,1,1
Cluster 64872,1,1
Cluster 64879,1,1
Cluster 64886,1,1
Cluster 64891,1,1
Cluster 649,1,1
Cluster 64914,1,1
Cluster 64920,1,1
Cluster 64921,1,1
Cluster 64931,1,1
Cluster 64936,1,1
Cluster 64937,1,1
Cluster 64941,1,1
Cluster 64942,1,1
Cluster 64947,1,1
Cluster 64959,1,1
Cluster 64973,1,1
Cluster 64976,1,1
Cluster 64978,1,1
Cluster 64979,1,1
Cluster 64983,1,1
Cluster 64998,1,1
Cluster 65004,1,1
Cluster 65027,1,1
Cluster 65028,1,1
Cluster 65034,1,1
Cluster 65037,1,1
Cluster 65039,1,1
Cluster 65047,1,1
Cluster 65065,1,1
Cluster 65072,1,1
Cluster 65086,1,1
Cluster 65087,1,1
Cluster 65089,1,1
Cluster 6509,1,1
Cluster 65090,1,1
Cluster 65094,1,1
Cluster 65099,1,1
Cluster 65103,1,1
Cluster 65108,1,1
Cluster 65112,1,1
Cluster 65113,1,1
Cluster 65115,1,1
Cluster 65118,1,1
Cluster 65120,1,1
Cluster 65135,1,1
Cluster 65146,1,1
Cluster 65160,1,1
Cluster 65169,1,1
Cluster 6517,1,1
Cluster 65171,1,1
Cluster 65183,1,1
Cluster 65185,1,1
Cluster 65189,1,1
Cluster 6519,1,1
Cluster 65190,1,1
Cluster 65206,1,1
Cluster 65208,1,1
Cluster 65212,1,1
Cluster 65213,1,1
Cluster 65216,1,1
Cluster 6523,1,1
Cluster 65230,1,1
Cluster 65246,1,1
Cluster 65251,1,1
Cluster 65267,1,1
Cluster 65269,1,1
Cluster 65277,1,1
Cluster 65284,1,1
Cluster 65295,1,1
Cluster 6531,1,1
Cluster 65316,1,1
Cluster 65321,1,1
Cluster 65326,1,1
Cluster 6533,1,1
Cluster 65334,1,1
Cluster 6536,1,1
Cluster 65366,1,1
Cluster 65379,1,1
Cluster 65393,1,1
Cluster 65401,1,1
Cluster 65403,1,1
Cluster 65408,1,1
Cluster 65409,1,1
Cluster 65426,1,1
Cluster 65429,1,1
Cluster 6543,1,1
Cluster 65456,1,1
Cluster 6546,1,1
Cluster 65467,1,1
Cluster 65473,1,1
Cluster 65475,1,1
Cluster 65496,1,1
Cluster 65500,1,1
Cluster 65503,1,1
Cluster 65508,1,1
Cluster 65511,1,1
Cluster 65512,1,1
Cluster 65518,1,1
Cluster 65530,1,1
Cluster 6554,1,1
Cluster 65543,1,1
Cluster 6555,1,1
Cluster 65564,1,1
Cluster 6557,1,1
Cluster 65578,1,1
Cluster 6559,1,1
Cluster 65590,1,1
Cluster 65597,1,1
Cluster 656,1,1
Cluster 65600,1,1
Cluster 6561,1,1
Cluster 65610,1,1
Cluster 65615,1,1
Cluster 65616,1,1
Cluster 65617,1,1
Cluster 65628,1,1
Cluster 65634,1,1
Cluster 6564,1,1
Cluster 65640,1,1
Cluster 65642,1,1
Cluster 65644,1,1
Cluster 65646,1,1
Cluster 65658,1,1
Cluster 6566,1,1
Cluster 65664,1,1
Cluster 65683,1,1
Cluster 65684,1,1
Cluster 65695,1,1
Cluster 65697,1,1
Cluster 65699,1,1
Cluster 65708,1,1
Cluster 65709,1,1
Cluster 65714,1,1
Cluster 65717,1,1
Cluster 65721,1,1
Cluster 65723,1,1
Cluster 65731,1,1
Cluster 65733,1,1
Cluster 65735,1,1
Cluster 6574,1,1
Cluster 65740,1,1
Cluster 65741,1,1
Cluster 65752,1,1
Cluster 65753,1,1
Cluster 65756,1,1
Cluster 65760,1,1
Cluster 65767,1,1
Cluster 65781,1,1
Cluster 65784,1,1
Cluster 65793,1,1
Cluster 65794,1,1
Cluster 65806,1,1
Cluster 65812,1,1
Cluster 65814,1,1
Cluster 6582,1,1
Cluster 65822,1,1
Cluster 65824,1,1
Cluster 65833,1,1
Cluster 65836,1,1
Cluster 65845,1,1
Cluster 65847,1,1
Cluster 65855,1,1
Cluster 6586,1,1
Cluster 65860,1,1
Cluster 65861,1,1
Cluster 65862,1,1
Cluster 65868,1,1
Cluster 65877,1,1
Cluster 65879,1,1
Cluster 6589,1,1
Cluster 65898,1,1
Cluster 65913,1,1
Cluster 65918,1,1
Cluster 65920,1,1
Cluster 6593,1,1
Cluster 65930,1,1
Cluster 65934,1,1
Cluster 65940,1,1
Cluster 65943,1,1
Cluster 65944,1,1
Cluster 65947,1,1
Cluster 65954,1,1
Cluster 65958,1,1
Cluster 6596,1,1
Cluster 65964,1,1
Cluster 65967,1,1
Cluster 65969,1,1
Cluster 65976,1,1
Cluster 65978,1,1
Cluster 65979,1,1
Cluster 65986,1,1
Cluster 65995,1,1
Cluster 66002,1,1
Cluster 66009,1,1
Cluster 66012,1,1
Cluster 66016,1,1
Cluster 66020,1,1
Cluster 66021,1,1
Cluster 6603,1,1
Cluster 66034,1,1
Cluster 66044,1,1
Cluster 66048,1,1
Cluster 6605,1,1
Cluster 66052,1,1
Cluster 66056,1,1
Cluster 66073,1,1
Cluster 66087,1,1
Cluster 66104,1,1
Cluster 66119,1,1
Cluster 66135,1,1
Cluster 6615,1,1
Cluster 66151,1,1
Cluster 66156,1,1
Cluster 66158,1,1
Cluster 66162,1,1
Cluster 66166,1,1
Cluster 6620,1,1
Cluster 66202,1,1
Cluster 66209,1,1
Cluster 6621,1,1
Cluster 66210,1,1
Cluster 66213,1,1
Cluster 6622,1,1
Cluster 66227,1,1
Cluster 6623,1,1
Cluster 66230,1,1
Cluster 66232,1,1
Cluster 66234,1,1
Cluster 66236,1,1
Cluster 66248,1,1
Cluster 6625,1,1
Cluster 66251,1,1
Cluster 66253,1,1
Cluster 66255,1,1
Cluster 66262,1,1
Cluster 66263,1,1
Cluster 66287,1,1
Cluster 66288,1,1
Cluster 66294,1,1
Cluster 66296,1,1
Cluster 66319,1,1
Cluster 6632,1,1
Cluster 66320,1,1
Cluster 66321,1,1
Cluster 66339,1,1
Cluster 66345,1,1
Cluster 66349,1,1
Cluster 6635,1,1
Cluster 66352,1,1
Cluster 66355,1,1
Cluster 66382,1,1
Cluster 66383,1,1
Cluster 66390,1,1
Cluster 66393,1,1
Cluster 66394,1,1
Cluster 66398,1,1
Cluster 66399,1,1
Cluster 6640,1,1
Cluster 66403,1,1
Cluster 66410,1,1
Cluster 66414,1,1
Cluster 66416,1,1
Cluster 66424,1,1
Cluster 66434,1,1
Cluster 66435,1,1
Cluster 66443,1,1
Cluster 66451,1,1
Cluster 66457,1,1
Cluster 66463,1,1
Cluster 66471,1,1
Cluster 66480,1,1
Cluster 66483,1,1
Cluster 66491,1,1
Cluster 66494,1,1
Cluster 66502,1,1
Cluster 66506,1,1
Cluster 66513,1,1
Cluster 66520,1,1
Cluster 66523,1,1
Cluster 6653,1,1
Cluster 66533,1,1
Cluster 66536,1,1
Cluster 66548,1,1
Cluster 66553,1,1
Cluster 6656,1,1
Cluster 66561,1,1
Cluster 66563,1,1
Cluster 66570,1,1
Cluster 66585,1,1
Cluster 66590,1,1
Cluster 66595,1,1
Cluster 66605,1,1
Cluster 66624,1,1
Cluster 66639,1,1
Cluster 66657,1,1
Cluster 66665,1,1
Cluster 66667,1,1
Cluster 66670,1,1
Cluster 66672,1,1
Cluster 66680,1,1
Cluster 66690,1,1
Cluster 66696,1,1
Cluster 667,1,1
Cluster 66702,1,1
Cluster 66706,1,1
Cluster 66722,1,1
Cluster 66734,1,1
Cluster 66738,1,1
Cluster 66746,1,1
Cluster 66773,1,1
Cluster 66775,1,1
Cluster 66777,1,1
Cluster 66779,1,1
Cluster 66783,1,1
Cluster 66785,1,1
Cluster 66792,1,1
Cluster 66795,1,1
Cluster 66796,1,1
Cluster 66802,1,1
Cluster 66826,1,1
Cluster 66830,1,1
Cluster 66844,1,1
Cluster 66852,1,1
Cluster 66861,1,1
Cluster 66868,1,1
Cluster 66874,1,1
Cluster 66879,1,1
Cluster 66881,1,1
Cluster 66891,1,1
Cluster 66899,1,1
Cluster 66900,1,1
Cluster 66904,1,1
Cluster 66912,1,1
Cluster 66913,1,1
Cluster 66919,1,1
Cluster 66929,1,1
Cluster 66942,1,1
Cluster 66950,1,1
Cluster 66952,1,1
Cluster 66970,1,1
Cluster 66972,1,1
Cluster 66983,1,1
Cluster 66984,1,1
Cluster 66988,1,1
Cluster 66995,1,1
Cluster 670,1,1
Cluster 67003,1,1
Cluster 67004,1,1
Cluster 67006,1,1
Cluster 67007,1,1
Cluster 67011,1,1
Cluster 67013,1,1
Cluster 67015,1,1
Cluster 6702,1,1
Cluster 67025,1,1
Cluster 67032,1,1
Cluster 67033,1,1
Cluster 67047,1,1
Cluster 6705,1,1
Cluster 67068,1,1
Cluster 67073,1,1
Cluster 67075,1,1
Cluster 67082,1,1
Cluster 6709,1,1
Cluster 67092,1,1
Cluster 67094,1,1
Cluster 6710,1,1
Cluster 67102,1,1
Cluster 67106,1,1
Cluster 67117,1,1
Cluster 67119,1,1
Cluster 67121,1,1
Cluster 67125,1,1
Cluster 67128,1,1
Cluster 67129,1,1
Cluster 67142,1,1
Cluster 67149,1,1
Cluster 67157,1,1
Cluster 67159,1,1
Cluster 67160,1,1
Cluster 67165,1,1
Cluster 67167,1,1
Cluster 67174,1,1
Cluster 67185,1,1
Cluster 67187,1,1
Cluster 67189,1,1
Cluster 67191,1,1
Cluster 67196,1,1
Cluster 67198,1,1
Cluster 67200,1,1
Cluster 67208,1,1
Cluster 67209,1,1
Cluster 6722,1,1
Cluster 67223,1,1
Cluster 67250,1,1
Cluster 67253,1,1
Cluster 67263,1,1
Cluster 67270,1,1
Cluster 67274,1,1
Cluster 67287,1,1
Cluster 67300,1,1
Cluster 6731,1,1
Cluster 67331,1,1
Cluster 67337,1,1
Cluster 67338,1,1
Cluster 67339,1,1
Cluster 67340,1,1
Cluster 67347,1,1
Cluster 67381,1,1
Cluster 67388,1,1
Cluster 67408,1,1
Cluster 67421,1,1
Cluster 67422,1,1
Cluster 67424,1,1
Cluster 67431,1,1
Cluster 67450,1,1
Cluster 67455,1,1
Cluster 67460,1,1
Cluster 67463,1,1
Cluster 67464,1,1
Cluster 67467,1,1
Cluster 67468,1,1
Cluster 67481,1,1
Cluster 6749,1,1
Cluster 67507,1,1
Cluster 67512,1,1
Cluster 67518,1,1
Cluster 67529,1,1
Cluster 67530,1,1
Cluster 6754,1,1
Cluster 67552,1,1
Cluster 67557,1,1
Cluster 67559,1,1
Cluster 6756,1,1
Cluster 67562,1,1
Cluster 67576,1,1
Cluster 67578,1,1
Cluster 67581,1,1
Cluster 67592,1,1
Cluster 676,1,1
Cluster 67619,1,1
Cluster 6762,1,1
Cluster 67622,1,1
Cluster 67624,1,1
Cluster 67638,1,1
Cluster 67639,1,1
Cluster 67640,1,1
Cluster 67648,1,1
Cluster 67651,1,1
Cluster 67663,1,1
Cluster 6767,1,1
Cluster 67673,1,1
Cluster 67677,1,1
Cluster 67680,1,1
Cluster 67681,1,1
Cluster 67686,1,1
Cluster 6769,1,1
Cluster 67693,1,1
Cluster 67710,1,1
Cluster 67718,1,1
Cluster 67726,1,1
Cluster 67731,1,1
Cluster 67741,1,1
Cluster 67752,1,1
Cluster 67754,1,1
Cluster 67755,1,1
Cluster 67756,1,1
Cluster 6776,1,1
Cluster 67771,1,1
Cluster 6779,1,1
Cluster 67791,1,1
Cluster 67803,1,1
Cluster 67812,1,1
Cluster 67814,1,1
Cluster 67818,1,1
Cluster 67821,1,1
Cluster 67823,1,1
Cluster 67825,1,1
Cluster 67827,1,1
Cluster 67829,1,1
Cluster 67831,1,1
Cluster 67835,1,1
Cluster 67839,1,1
Cluster 67840,1,1
Cluster 67842,1,1
Cluster 67846,1,1
Cluster 67847,1,1
Cluster 67848,1,1
Cluster 67851,1,1
Cluster 67858,1,1
Cluster 67860,1,1
Cluster 67872,1,1
Cluster 67876,1,1
Cluster 6788,1,1
Cluster 67882,1,1
Cluster 67884,1,1
Cluster 67892,1,1
Cluster 67896,1,1
Cluster 67900,1,1
Cluster 67901,1,1
Cluster 6791,1,1
Cluster 67910,1,1
Cluster 6792,1,1
Cluster 67927,1,1
Cluster 6793,1,1
Cluster 67936,1,1
Cluster 67941,1,1
Cluster 67947,1,1
Cluster 67950,1,1
Cluster 67959,1,1
Cluster 67960,1,1
Cluster 67962,1,1
Cluster 67967,1,1
Cluster 67970,1,1
Cluster 67971,1,1
Cluster 67983,1,1
Cluster 67984,1,1
Cluster 67986,1,1
Cluster 67991,1,1
Cluster 67996,1,1
Cluster 67997,1,1
Cluster 67998,1,1
Cluster 68004,1,1
Cluster 68013,1,1
Cluster 68022,1,1
Cluster 68025,1,1
Cluster 68026,1,1
Cluster 68032,1,1
Cluster 68034,1,1
Cluster 68037,1,1
Cluster 68038,1,1
Cluster 6804,1,1
Cluster 68051,1,1
Cluster 68059,1,1
Cluster 68060,1,1
Cluster 68074,1,1
Cluster 68075,1,1
Cluster 68078,1,1
Cluster 6808,1,1
Cluster 68082,1,1
Cluster 68084,1,1
Cluster 68086,1,1
Cluster 68090,1,1
Cluster 68092,1,1
Cluster 68094,1,1
Cluster 6810,1,1
Cluster 68106,1,1
Cluster 6812,1,1
Cluster 68121,1,1
Cluster 68126,1,1
Cluster 68131,1,1
Cluster 68133,1,1
Cluster 68147,1,1
Cluster 68149,1,1
Cluster 68165,1,1
Cluster 6817,1,1
Cluster 68178,1,1
Cluster 68188,1,1
Cluster 68197,1,1
Cluster 68201,1,1
Cluster 68205,1,1
Cluster 68211,1,1
Cluster 68226,1,1
Cluster 68230,1,1
Cluster 68234,1,1
Cluster 68238,1,1
Cluster 68244,1,1
Cluster 68259,1,1
Cluster 68260,1,1
Cluster 68261,1,1
Cluster 68274,1,1
Cluster 68280,1,1
Cluster 68288,1,1
Cluster 6829,1,1
Cluster 68290,1,1
Cluster 68294,1,1
Cluster 68297,1,1
Cluster 6830,1,1
Cluster 68301,1,1
Cluster 68302,1,1
Cluster 68306,1,1
Cluster 68312,1,1
Cluster 68316,1,1
Cluster 6832,1,1
Cluster 68320,1,1
Cluster 68325,1,1
Cluster 68330,1,1
Cluster 68344,1,1
Cluster 68356,1,1
Cluster 68358,1,1
Cluster 68360,1,1
Cluster 68361,1,1
Cluster 68365,1,1
Cluster 68373,1,1
Cluster 68378,1,1
Cluster 68400,1,1
Cluster 68407,1,1
Cluster 68414,1,1
Cluster 68420,1,1
Cluster 68422,1,1
Cluster 68427,1,1
Cluster 68433,1,1
Cluster 68434,1,1
Cluster 68438,1,1
Cluster 68449,1,1
Cluster 68459,1,1
Cluster 68460,1,1
Cluster 68466,1,1
Cluster 68469,1,1
Cluster 68472,1,1
Cluster 68473,1,1
Cluster 68481,1,1
Cluster 68483,1,1
Cluster 68494,1,1
Cluster 68499,1,1
Cluster 68503,1,1
Cluster 68507,1,1
Cluster 68514,1,1
Cluster 68519,1,1
Cluster 68527,1,1
Cluster 6853,1,1
Cluster 68534,1,1
Cluster 68562,1,1
Cluster 68569,1,1
Cluster 68571,1,1
Cluster 68578,1,1
Cluster 68585,1,1
Cluster 68586,1,1
Cluster 68589,1,1
Cluster 6859,1,1
Cluster 68608,1,1
Cluster 68614,1,1
Cluster 68630,1,1
Cluster 68635,1,1
Cluster 68645,1,1
Cluster 68659,1,1
Cluster 68676,1,1
Cluster 68682,1,1
Cluster 68683,1,1
Cluster 68692,1,1
Cluster 68696,1,1
Cluster 68698,1,1
Cluster 68716,1,1
Cluster 68720,1,1
Cluster 68722,1,1
Cluster 68728,1,1
Cluster 68734,1,1
Cluster 68744,1,1
Cluster 68750,1,1
Cluster 68752,1,1
Cluster 68755,1,1
Cluster 68776,1,1
Cluster 68777,1,1
Cluster 68784,1,1
Cluster 68793,1,1
Cluster 68800,1,1
Cluster 68804,1,1
Cluster 68809,1,1
Cluster 68822,1,1
Cluster 68823,1,1
Cluster 68833,1,1
Cluster 68837,1,1
Cluster 68841,1,1
Cluster 68844,1,1
Cluster 68846,1,1
Cluster 68848,1,1
Cluster 68862,1,1
Cluster 6887,1,1
Cluster 68874,1,1
Cluster 68877,1,1
Cluster 68878,1,1
Cluster 68883,1,1
Cluster 68911,1,1
Cluster 68915,1,1
Cluster 68943,1,1
Cluster 68947,1,1
Cluster 68949,1,1
Cluster 6895,1,1
Cluster 68960,1,1
Cluster 68967,1,1
Cluster 6897,1,1
Cluster 68971,1,1
Cluster 68979,1,1
Cluster 68988,1,1
Cluster 68990,1,1
Cluster 69,1,1
Cluster 69008,1,1
Cluster 69010,1,1
Cluster 69012,1,1
Cluster 69013,1,1
Cluster 69022,1,1
Cluster 69024,1,1
Cluster 69029,1,1
Cluster 69032,1,1
Cluster 69033,1,1
Cluster 69048,1,1
Cluster 69051,1,1
Cluster 69066,1,1
Cluster 69076,1,1
Cluster 69094,1,1
Cluster 69099,1,1
Cluster 69102,1,1
Cluster 6911,1,1
Cluster 69117,1,1
Cluster 69121,1,1
Cluster 69125,1,1
Cluster 69136,1,1
Cluster 69138,1,1
Cluster 69147,1,1
Cluster 69153,1,1
Cluster 69160,1,1
Cluster 69170,1,1
Cluster 69176,1,1
Cluster 69179,1,1
Cluster 6918,1,1
Cluster 69180,1,1
Cluster 69182,1,1
Cluster 69183,1,1
Cluster 69186,1,1
Cluster 69192,1,1
Cluster 69198,1,1
Cluster 69218,1,1
Cluster 69221,1,1
Cluster 69227,1,1
Cluster 69237,1,1
Cluster 69243,1,1
Cluster 69249,1,1
Cluster 69250,1,1
Cluster 69251,1,1
Cluster 69255,1,1
Cluster 69264,1,1
Cluster 69267,1,1
Cluster 69281,1,1
Cluster 69286,1,1
Cluster 69291,1,1
Cluster 69298,1,1
Cluster 69299,1,1
Cluster 69311,1,1
Cluster 69317,1,1
Cluster 69325,1,1
Cluster 69327,1,1
Cluster 69332,1,1
Cluster 69335,1,1
Cluster 69339,1,1
Cluster 69349,1,1
Cluster 69350,1,1
Cluster 6936,1,1
Cluster 69361,1,1
Cluster 69364,1,1
Cluster 69366,1,1
Cluster 69368,1,1
Cluster 69369,1,1
Cluster 69372,1,1
Cluster 69376,1,1
Cluster 69385,1,1
Cluster 69388,1,1
Cluster 69389,1,1
Cluster 69391,1,1
Cluster 69394,1,1
Cluster 694,1,1
Cluster 6940,1,1
Cluster 69411,1,1
Cluster 69415,1,1
Cluster 69424,1,1
Cluster 69425,1,1
Cluster 69426,1,1
Cluster 69432,1,1
Cluster 69433,1,1
Cluster 69450,1,1
Cluster 69463,1,1
Cluster 69468,1,1
Cluster 69472,1,1
Cluster 69479,1,1
Cluster 69491,1,1
Cluster 69492,1,1
Cluster 695,1,1
Cluster 69501,1,1
Cluster 69505,1,1
Cluster 69506,1,1
Cluster 6951,1,1
Cluster 69519,1,1
Cluster 69525,1,1
Cluster 69542,1,1
Cluster 69547,1,1
Cluster 6955,1,1
Cluster 69559,1,1
Cluster 69563,1,1
Cluster 69565,1,1
Cluster 69567,1,1
Cluster 69573,1,1
Cluster 69578,1,1
Cluster 69584,1,1
Cluster 69590,1,1
Cluster 69600,1,1
Cluster 69603,1,1
Cluster 69606,1,1
Cluster 69610,1,1
Cluster 69621,1,1
Cluster 69630,1,1
Cluster 69635,1,1
Cluster 69637,1,1
Cluster 69642,1,1
Cluster 69643,1,1
Cluster 69649,1,1
Cluster 69652,1,1
Cluster 69670,1,1
Cluster 69681,1,1
Cluster 69684,1,1
Cluster 69694,1,1
Cluster 69698,1,1
Cluster 697,1,1
Cluster 6970,1,1
Cluster 69700,1,1
Cluster 69701,1,1
Cluster 6971,1,1
Cluster 69715,1,1
Cluster 69741,1,1
Cluster 69742,1,1
Cluster 69744,1,1
Cluster 6975,1,1
Cluster 69766,1,1
Cluster 69773,1,1
Cluster 69776,1,1
Cluster 69781,1,1
Cluster 69789,1,1
Cluster 69793,1,1
Cluster 6981,1,1
Cluster 69818,1,1
Cluster 69819,1,1
Cluster 69826,1,1
Cluster 69827,1,1
Cluster 69841,1,1
Cluster 69861,1,1
Cluster 69869,1,1
Cluster 6988,1,1
Cluster 69895,1,1
Cluster 69898,1,1
Cluster 69902,1,1
Cluster 69907,1,1
Cluster 6991,1,1
Cluster 69912,1,1
Cluster 69913,1,1
Cluster 69914,1,1
Cluster 69972,1,1
Cluster 6998,1,1
Cluster 69980,1,1
Cluster 69985,1,1
Cluster 69986,1,1
Cluster 69987,1,1
Cluster 69990,1,1
Cluster 69991,1,1
Cluster 69996,1,1
Cluster 69997,1,1
Cluster 700,1,1
Cluster 7000,1,1
Cluster 70016,1,1
Cluster 70020,1,1
Cluster 70025,1,1
Cluster 70030,1,1
Cluster 70054,1,1
Cluster 70057,1,1
Cluster 70070,1,1
Cluster 70079,1,1
Cluster 70081,1,1
Cluster 70094,1,1
Cluster 70108,1,1
Cluster 70111,1,1
Cluster 70112,1,1
Cluster 70115,1,1
Cluster 70122,1,1
Cluster 70128,1,1
Cluster 70129,1,1
Cluster 70147,1,1
Cluster 70149,1,1
Cluster 70151,1,1
Cluster 70161,1,1
Cluster 70163,1,1
Cluster 70164,1,1
Cluster 70167,1,1
Cluster 70186,1,1
Cluster 70195,1,1
Cluster 70196,1,1
Cluster 702,1,1
Cluster 70209,1,1
Cluster 70218,1,1
Cluster 70220,1,1
Cluster 70230,1,1
Cluster 70233,1,1
Cluster 70235,1,1
Cluster 70237,1,1
Cluster 7024,1,1
Cluster 70241,1,1
Cluster 70244,1,1
Cluster 70251,1,1
Cluster 70270,1,1
Cluster 70274,1,1
Cluster 70278,1,1
Cluster 70279,1,1
Cluster 7028,1,1
Cluster 70284,1,1
Cluster 70289,1,1
Cluster 703,1,1
Cluster 70311,1,1
Cluster 70326,1,1
Cluster 70332,1,1
Cluster 70336,1,1
Cluster 70337,1,1
Cluster 70342,1,1
Cluster 70353,1,1
Cluster 70355,1,1
Cluster 70364,1,1
Cluster 70376,1,1
Cluster 70381,1,1
Cluster 70388,1,1
Cluster 70397,1,1
Cluster 704,1,1
Cluster 70409,1,1
Cluster 70413,1,1
Cluster 70417,1,1
Cluster 70418,1,1
Cluster 7042,1,1
Cluster 70441,1,1
Cluster 70442,1,1
Cluster 70450,1,1
Cluster 7047,1,1
Cluster 70480,1,1
Cluster 70494,1,1
Cluster 70495,1,1
Cluster 70505,1,1
Cluster 70519,1,1
Cluster 70520,1,1
Cluster 70527,1,1
Cluster 70535,1,1
Cluster 70538,1,1
Cluster 70539,1,1
Cluster 70540,1,1
Cluster 70559,1,1
Cluster 70568,1,1
Cluster 70575,1,1
Cluster 70577,1,1
Cluster 7058,1,1
Cluster 70583,1,1
Cluster 70593,1,1
Cluster 70598,1,1
Cluster 70606,1,1
Cluster 70615,1,1
Cluster 70618,1,1
Cluster 70620,1,1
Cluster 70626,1,1
Cluster 7064,1,1
Cluster 70647,1,1
Cluster 70655,1,1
Cluster 70658,1,1
Cluster 70675,1,1
Cluster 70678,1,1
Cluster 70703,1,1
Cluster 70706,1,1
Cluster 70708,1,1
Cluster 70716,1,1
Cluster 7072,1,1
Cluster 70720,1,1
Cluster 70721,1,1
Cluster 70747,1,1
Cluster 70751,1,1
Cluster 70752,1,1
Cluster 70756,1,1
Cluster 70764,1,1
Cluster 70777,1,1
Cluster 70779,1,1
Cluster 7078,1,1
Cluster 70782,1,1
Cluster 70787,1,1
Cluster 70795,1,1
Cluster 70800,1,1
Cluster 70807,1,1
Cluster 7081,1,1
Cluster 7082,1,1
Cluster 70822,1,1
Cluster 70828,1,1
Cluster 70857,1,1
Cluster 70863,1,1
Cluster 70876,1,1
Cluster 70880,1,1
Cluster 70889,1,1
Cluster 70890,1,1
Cluster 709,1,1
Cluster 70903,1,1
Cluster 70904,1,1
Cluster 70905,1,1
Cluster 70910,1,1
Cluster 70912,1,1
Cluster 70923,1,1
Cluster 70926,1,1
Cluster 70946,1,1
Cluster 70948,1,1
Cluster 7095,1,1
Cluster 70953,1,1
Cluster 70954,1,1
Cluster 70956,1,1
Cluster 70966,1,1
Cluster 70967,1,1
Cluster 7097,1,1
Cluster 70970,1,1
Cluster 70992,1,1
Cluster 71007,1,1
Cluster 71008,1,1
Cluster 71009,1,1
Cluster 71013,1,1
Cluster 71020,1,1
Cluster 71022,1,1
Cluster 71033,1,1
Cluster 71063,1,1
Cluster 71074,1,1
Cluster 71075,1,1
Cluster 71076,1,1
Cluster 71078,1,1
Cluster 71084,1,1
Cluster 71085,1,1
Cluster 71099,1,1
Cluster 71102,1,1
Cluster 71104,1,1
Cluster 71106,1,1
Cluster 71109,1,1
Cluster 7111,1,1
Cluster 71117,1,1
Cluster 71123,1,1
Cluster 7113,1,1
Cluster 71142,1,1
Cluster 71147,1,1
Cluster 71149,1,1
Cluster 71150,1,1
Cluster 71161,1,1
Cluster 71162,1,1
Cluster 71173,1,1
Cluster 71174,1,1
Cluster 71189,1,1
Cluster 71202,1,1
Cluster 71209,1,1
Cluster 71214,1,1
Cluster 71220,1,1
Cluster 71222,1,1
Cluster 71223,1,1
Cluster 71224,1,1
Cluster 71226,1,1
Cluster 71234,1,1
Cluster 71235,1,1
Cluster 71251,1,1
Cluster 71253,1,1
Cluster 71256,1,1
Cluster 71259,1,1
Cluster 71265,1,1
Cluster 71267,1,1
Cluster 71269,1,1
Cluster 71272,1,1
Cluster 71274,1,1
Cluster 71278,1,1
Cluster 71279,1,1
Cluster 71293,1,1
Cluster 71294,1,1
Cluster 71298,1,1
Cluster 713,1,1
Cluster 71308,1,1
Cluster 7131,1,1
Cluster 7132,1,1
Cluster 71320,1,1
Cluster 71321,1,1
Cluster 71326,1,1
Cluster 71327,1,1
Cluster 71338,1,1
Cluster 71357,1,1
Cluster 7136,1,1
Cluster 71362,1,1
Cluster 71363,1,1
Cluster 71376,1,1
Cluster 71380,1,1
Cluster 71386,1,1
Cluster 71390,1,1
Cluster 71401,1,1
Cluster 71404,1,1
Cluster 71410,1,1
Cluster 71414,1,1
Cluster 71427,1,1
Cluster 71428,1,1
Cluster 71432,1,1
Cluster 71442,1,1
Cluster 71449,1,1
Cluster 71461,1,1
Cluster 71466,1,1
Cluster 71472,1,1
Cluster 71475,1,1
Cluster 7148,1,1
Cluster 71485,1,1
Cluster 71497,1,1
Cluster 71500,1,1
Cluster 71505,1,1
Cluster 71515,1,1
Cluster 71519,1,1
Cluster 71536,1,1
Cluster 71543,1,1
Cluster 71550,1,1
Cluster 7156,1,1
Cluster 71565,1,1
Cluster 71580,1,1
Cluster 71581,1,1
Cluster 71589,1,1
Cluster 71600,1,1
Cluster 71606,1,1
Cluster 71611,1,1
Cluster 71613,1,1
Cluster 71619,1,1
Cluster 71623,1,1
Cluster 71626,1,1
Cluster 71628,1,1
Cluster 71632,1,1
Cluster 71633,1,1
Cluster 71634,1,1
Cluster 71642,1,1
Cluster 71643,1,1
Cluster 71650,1,1
Cluster 71651,1,1
Cluster 71671,1,1
Cluster 71680,1,1
Cluster 71687,1,1
Cluster 71694,1,1
Cluster 71695,1,1
Cluster 717,1,1
Cluster 71701,1,1
Cluster 71711,1,1
Cluster 71716,1,1
Cluster 71717,1,1
Cluster 7172,1,1
Cluster 71727,1,1
Cluster 71747,1,1
Cluster 71754,1,1
Cluster 71757,1,1
Cluster 71772,1,1
Cluster 71776,1,1
Cluster 71794,1,1
Cluster 71798,1,1
Cluster 71802,1,1
Cluster 71804,1,1
Cluster 71832,1,1
Cluster 71834,1,1
Cluster 71835,1,1
Cluster 71837,1,1
Cluster 71841,1,1
Cluster 71847,1,1
Cluster 71848,1,1
Cluster 71856,1,1
Cluster 71871,1,1
Cluster 71872,1,1
Cluster 71879,1,1
Cluster 71880,1,1
Cluster 71883,1,1
Cluster 71892,1,1
Cluster 71898,1,1
Cluster 719,1,1
Cluster 71902,1,1
Cluster 71905,1,1
Cluster 71907,1,1
Cluster 71911,1,1
Cluster 71917,1,1
Cluster 71929,1,1
Cluster 71938,1,1
Cluster 71944,1,1
Cluster 71955,1,1
Cluster 71962,1,1
Cluster 71967,1,1
Cluster 71970,1,1
Cluster 71972,1,1
Cluster 71994,1,1
Cluster 71995,1,1
Cluster 71996,1,1
Cluster 720,1,1
Cluster 72001,1,1
Cluster 72008,1,1
Cluster 72011,1,1
Cluster 72014,1,1
Cluster 72017,1,1
Cluster 72023,1,1
Cluster 72027,1,1
Cluster 72028,1,1
Cluster 7203,1,1
Cluster 72032,1,1
Cluster 72037,1,1
Cluster 72038,1,1
Cluster 72040,1,1
Cluster 72045,1,1
Cluster 72060,1,1
Cluster 72062,1,1
Cluster 72063,1,1
Cluster 72068,1,1
Cluster 72105,1,1
Cluster 72115,1,1
Cluster 72125,1,1
Cluster 72127,1,1
Cluster 72131,1,1
Cluster 72135,1,1
Cluster 72138,1,1
Cluster 72143,1,1
Cluster 72151,1,1
Cluster 72152,1,1
Cluster 72161,1,1
Cluster 72162,1,1
Cluster 7218,1,1
Cluster 72180,1,1
Cluster 72189,1,1
Cluster 7219,1,1
Cluster 72192,1,1
Cluster 72211,1,1
Cluster 72212,1,1
Cluster 72226,1,1
Cluster 72227,1,1
Cluster 72229,1,1
Cluster 72236,1,1
Cluster 72237,1,1
Cluster 72239,1,1
Cluster 7224,1,1
Cluster 72243,1,1
Cluster 7225,1,1
Cluster 72252,1,1
Cluster 72258,1,1
Cluster 72260,1,1
Cluster 72261,1,1
Cluster 72265,1,1
Cluster 72267,1,1
Cluster 72272,1,1
Cluster 72273,1,1
Cluster 72284,1,1
Cluster 72285,1,1
Cluster 72286,1,1
Cluster 72289,1,1
Cluster 72291,1,1
Cluster 72298,1,1
Cluster 72305,1,1
Cluster 72313,1,1
Cluster 7232,1,1
Cluster 72325,1,1
Cluster 72337,1,1
Cluster 72347,1,1
Cluster 72349,1,1
Cluster 7235,1,1
Cluster 72352,1,1
Cluster 72357,1,1
Cluster 72368,1,1
Cluster 72385,1,1
Cluster 72394,1,1
Cluster 72400,1,1
Cluster 72406,1,1
Cluster 72412,1,1
Cluster 72418,1,1
Cluster 72427,1,1
Cluster 72438,1,1
Cluster 7244,1,1
Cluster 72444,1,1
Cluster 72456,1,1
Cluster 7246,1,1
Cluster 72468,1,1
Cluster 72478,1,1
Cluster 7248,1,1
Cluster 72480,1,1
Cluster 72487,1,1
Cluster 72491,1,1
Cluster 72495,1,1
Cluster 72501,1,1
Cluster 72505,1,1
Cluster 72510,1,1
Cluster 72515,1,1
Cluster 72523,1,1
Cluster 72525,1,1
Cluster 72531,1,1
Cluster 72532,1,1
Cluster 72537,1,1
Cluster 72539,1,1
Cluster 7254,1,1
Cluster 72545,1,1
Cluster 72557,1,1
Cluster 72559,1,1
Cluster 72574,1,1
Cluster 72580,1,1
Cluster 72584,1,1
Cluster 72593,1,1
Cluster 72594,1,1
Cluster 72601,1,1
Cluster 72606,1,1
Cluster 72616,1,1
Cluster 72624,1,1
Cluster 72640,1,1
Cluster 72641,1,1
Cluster 72643,1,1
Cluster 72648,1,1
Cluster 72652,1,1
Cluster 72659,1,1
Cluster 72664,1,1
Cluster 72682,1,1
Cluster 72689,1,1
Cluster 7269,1,1
Cluster 72699,1,1
Cluster 72713,1,1
Cluster 72717,1,1
Cluster 7272,1,1
Cluster 72721,1,1
Cluster 72730,1,1
Cluster 72748,1,1
Cluster 72750,1,1
Cluster 72752,1,1
Cluster 72756,1,1
Cluster 72784,1,1
Cluster 72787,1,1
Cluster 72789,1,1
Cluster 72793,1,1
Cluster 72798,1,1
Cluster 72801,1,1
Cluster 72810,1,1
Cluster 72812,1,1
Cluster 7283,1,1
Cluster 72830,1,1
Cluster 7284,1,1
Cluster 72848,1,1
Cluster 72853,1,1
Cluster 72864,1,1
Cluster 72865,1,1
Cluster 72875,1,1
Cluster 72883,1,1
Cluster 72889,1,1
Cluster 7289,1,1
Cluster 72892,1,1
Cluster 72896,1,1
Cluster 72919,1,1
Cluster 72933,1,1
Cluster 72936,1,1
Cluster 72955,1,1
Cluster 72961,1,1
Cluster 72991,1,1
Cluster 72993,1,1
Cluster 73002,1,1
Cluster 73003,1,1
Cluster 73010,1,1
Cluster 73014,1,1
Cluster 73021,1,1
Cluster 73023,1,1
Cluster 73027,1,1
Cluster 73033,1,1
Cluster 7304,1,1
Cluster 73048,1,1
Cluster 73050,1,1
Cluster 73054,1,1
Cluster 73074,1,1
Cluster 73090,1,1
Cluster 73102,1,1
Cluster 73111,1,1
Cluster 73115,1,1
Cluster 73122,1,1
Cluster 73124,1,1
Cluster 73127,1,1
Cluster 7313,1,1
Cluster 73134,1,1
Cluster 73141,1,1
Cluster 7315,1,1
Cluster 73151,1,1
Cluster 73156,1,1
Cluster 73165,1,1
Cluster 73174,1,1
Cluster 73179,1,1
Cluster 73201,1,1
Cluster 73231,1,1
Cluster 73233,1,1
Cluster 73244,1,1
Cluster 73251,1,1
Cluster 73260,1,1
Cluster 73261,1,1
Cluster 73265,1,1
Cluster 73269,1,1
Cluster 73273,1,1
Cluster 73278,1,1
Cluster 73284,1,1
Cluster 73288,1,1
Cluster 73289,1,1
Cluster 7329,1,1
Cluster 73293,1,1
Cluster 73298,1,1
Cluster 7330,1,1
Cluster 73300,1,1
Cluster 73302,1,1
Cluster 73304,1,1
Cluster 73320,1,1
Cluster 73321,1,1
Cluster 73322,1,1
Cluster 73324,1,1
Cluster 73327,1,1
Cluster 73334,1,1
Cluster 73351,1,1
Cluster 73352,1,1
Cluster 73361,1,1
Cluster 73365,1,1
Cluster 7337,1,1
Cluster 73376,1,1
Cluster 73389,1,1
Cluster 73391,1,1
Cluster 734,1,1
Cluster 7340,1,1
Cluster 73409,1,1
Cluster 73414,1,1
Cluster 73417,1,1
Cluster 73418,1,1
Cluster 73419,1,1
Cluster 73425,1,1
Cluster 73429,1,1
Cluster 73438,1,1
Cluster 73440,1,1
Cluster 73448,1,1
Cluster 73452,1,1
Cluster 73454,1,1
Cluster 73456,1,1
Cluster 73457,1,1
Cluster 73471,1,1
Cluster 73486,1,1
Cluster 73490,1,1
Cluster 73491,1,1
Cluster 73494,1,1
Cluster 73507,1,1
Cluster 73508,1,1
Cluster 73512,1,1
Cluster 73522,1,1
Cluster 73534,1,1
Cluster 73537,1,1
Cluster 73547,1,1
Cluster 7355,1,1
Cluster 73550,1,1
Cluster 73564,1,1
Cluster 73573,1,1
Cluster 73574,1,1
Cluster 73575,1,1
Cluster 73578,1,1
Cluster 73582,1,1
Cluster 73585,1,1
Cluster 7359,1,1
Cluster 73593,1,1
Cluster 73594,1,1
Cluster 73597,1,1
Cluster 73608,1,1
Cluster 73609,1,1
Cluster 73613,1,1
Cluster 73637,1,1
Cluster 7364,1,1
Cluster 73648,1,1
Cluster 7365,1,1
Cluster 73651,1,1
Cluster 73658,1,1
Cluster 73662,1,1
Cluster 73665,1,1
Cluster 73669,1,1
Cluster 7367,1,1
Cluster 73690,1,1
Cluster 73691,1,1
Cluster 73702,1,1
Cluster 73706,1,1
Cluster 73707,1,1
Cluster 73711,1,1
Cluster 73712,1,1
Cluster 73716,1,1
Cluster 7372,1,1
Cluster 73720,1,1
Cluster 73724,1,1
Cluster 73735,1,1
Cluster 73748,1,1
Cluster 7376,1,1
Cluster 73763,1,1
Cluster 73771,1,1
Cluster 73779,1,1
Cluster 73793,1,1
Cluster 73795,1,1
Cluster 7380,1,1
Cluster 73807,1,1
Cluster 73810,1,1
Cluster 73823,1,1
Cluster 73829,1,1
Cluster 73830,1,1
Cluster 73831,1,1
Cluster 73833,1,1
Cluster 73839,1,1
Cluster 73842,1,1
Cluster 7385,1,1
Cluster 73858,1,1
Cluster 73862,1,1
Cluster 73875,1,1
Cluster 73876,1,1
Cluster 7388,1,1
Cluster 73889,1,1
Cluster 73892,1,1
Cluster 73894,1,1
Cluster 73898,1,1
Cluster 73904,1,1
Cluster 73912,1,1
Cluster 73924,1,1
Cluster 73930,1,1
Cluster 73932,1,1
Cluster 73949,1,1
Cluster 7395,1,1
Cluster 73953,1,1
Cluster 73955,1,1
Cluster 73959,1,1
Cluster 73961,1,1
Cluster 73992,1,1
Cluster 74005,1,1
Cluster 74011,1,1
Cluster 74014,1,1
Cluster 74022,1,1
Cluster 74024,1,1
Cluster 74026,1,1
Cluster 74036,1,1
Cluster 74044,1,1
Cluster 74048,1,1
Cluster 74052,1,1
Cluster 74061,1,1
Cluster 74076,1,1
Cluster 74082,1,1
Cluster 74092,1,1
Cluster 74098,1,1
Cluster 7410,1,1
Cluster 74103,1,1
Cluster 74105,1,1
Cluster 74110,1,1
Cluster 74112,1,1
Cluster 74114,1,1
Cluster 74130,1,1
Cluster 74136,1,1
Cluster 7414,1,1
Cluster 74142,1,1
Cluster 74148,1,1
Cluster 7415,1,1
Cluster 74153,1,1
Cluster 74156,1,1
Cluster 74157,1,1
Cluster 7416,1,1
Cluster 74170,1,1
Cluster 74172,1,1
Cluster 74179,1,1
Cluster 74180,1,1
Cluster 742,1,1
Cluster 74210,1,1
Cluster 74217,1,1
Cluster 74220,1,1
Cluster 74239,1,1
Cluster 74247,1,1
Cluster 74248,1,1
Cluster 74252,1,1
Cluster 74268,1,1
Cluster 74275,1,1
Cluster 74279,1,1
Cluster 74297,1,1
Cluster 74308,1,1
Cluster 7431,1,1
Cluster 74315,1,1
Cluster 74317,1,1
Cluster 74337,1,1
Cluster 74340,1,1
Cluster 74341,1,1
Cluster 74347,1,1
Cluster 74349,1,1
Cluster 74352,1,1
Cluster 74354,1,1
Cluster 74362,1,1
Cluster 74372,1,1
Cluster 7438,1,1
Cluster 74385,1,1
Cluster 74387,1,1
Cluster 74395,1,1
Cluster 744,1,1
Cluster 74406,1,1
Cluster 74407,1,1
Cluster 74419,1,1
Cluster 74421,1,1
Cluster 74429,1,1
Cluster 74431,1,1
Cluster 74441,1,1
Cluster 74455,1,1
Cluster 74456,1,1
Cluster 74459,1,1
Cluster 7447,1,1
Cluster 74471,1,1
Cluster 74480,1,1
Cluster 74485,1,1
Cluster 74487,1,1
Cluster 74488,1,1
Cluster 74502,1,1
Cluster 74516,1,1
Cluster 74517,1,1
Cluster 74520,1,1
Cluster 7453,1,1
Cluster 74532,1,1
Cluster 74536,1,1
Cluster 74539,1,1
Cluster 74543,1,1
Cluster 74549,1,1
Cluster 74551,1,1
Cluster 74557,1,1
Cluster 74558,1,1
Cluster 74560,1,1
Cluster 74576,1,1
Cluster 74584,1,1
Cluster 74598,1,1
Cluster 74607,1,1
Cluster 74609,1,1
Cluster 74616,1,1
Cluster 74617,1,1
Cluster 74618,1,1
Cluster 74629,1,1
Cluster 7463,1,1
Cluster 74631,1,1
Cluster 74635,1,1
Cluster 74636,1,1
Cluster 74637,1,1
Cluster 7464,1,1
Cluster 74640,1,1
Cluster 74641,1,1
Cluster 74644,1,1
Cluster 74653,1,1
Cluster 74662,1,1
Cluster 74672,1,1
Cluster 74673,1,1
Cluster 74689,1,1
Cluster 74694,1,1
Cluster 74696,1,1
Cluster 74703,1,1
Cluster 74732,1,1
Cluster 74733,1,1
Cluster 74738,1,1
Cluster 7474,1,1
Cluster 74746,1,1
Cluster 7475,1,1
Cluster 74750,1,1
Cluster 74751,1,1
Cluster 74761,1,1
Cluster 74769,1,1
Cluster 74770,1,1
Cluster 74773,1,1
Cluster 74790,1,1
Cluster 74791,1,1
Cluster 74793,1,1
Cluster 74799,1,1
Cluster 74803,1,1
Cluster 74810,1,1
Cluster 7482,1,1
Cluster 74822,1,1
Cluster 74826,1,1
Cluster 74828,1,1
Cluster 7483,1,1
Cluster 74832,1,1
Cluster 74838,1,1
Cluster 74842,1,1
Cluster 74847,1,1
Cluster 7485,1,1
Cluster 74852,1,1
Cluster 74854,1,1
Cluster 74856,1,1
Cluster 74859,1,1
Cluster 74860,1,1
Cluster 74865,1,1
Cluster 74866,1,1
Cluster 74870,1,1
Cluster 74873,1,1
Cluster 74879,1,1
Cluster 74883,1,1
Cluster 74889,1,1
Cluster 74899,1,1
Cluster 74901,1,1
Cluster 74904,1,1
Cluster 74908,1,1
Cluster 74910,1,1
Cluster 74920,1,1
Cluster 74922,1,1
Cluster 74928,1,1
Cluster 74935,1,1
Cluster 74937,1,1
Cluster 74938,1,1
Cluster 7494,1,1
Cluster 74943,1,1
Cluster 74946,1,1
Cluster 74951,1,1
Cluster 74962,1,1
Cluster 74978,1,1
Cluster 74985,1,1
Cluster 74989,1,1
Cluster 74991,1,1
Cluster 74999,1,1
Cluster 7500,1,1
Cluster 75000,1,1
Cluster 75013,1,1
Cluster 75023,1,1
Cluster 75049,1,1
Cluster 75052,1,1
Cluster 75054,1,1
Cluster 75057,1,1
Cluster 7506,1,1
Cluster 75095,1,1
Cluster 75096,1,1
Cluster 75104,1,1
Cluster 75106,1,1
Cluster 75109,1,1
Cluster 75113,1,1
Cluster 75115,1,1
Cluster 75120,1,1
Cluster 75132,1,1
Cluster 75151,1,1
Cluster 75175,1,1
Cluster 75179,1,1
Cluster 7518,1,1
Cluster 75181,1,1
Cluster 75188,1,1
Cluster 75193,1,1
Cluster 75198,1,1
Cluster 75200,1,1
Cluster 75207,1,1
Cluster 75215,1,1
Cluster 75217,1,1
Cluster 75218,1,1
Cluster 7522,1,1
Cluster 75231,1,1
Cluster 75237,1,1
Cluster 75240,1,1
Cluster 75246,1,1
Cluster 7525,1,1
Cluster 75252,1,1
Cluster 75255,1,1
Cluster 75258,1,1
Cluster 7527,1,1
Cluster 75270,1,1
Cluster 75274,1,1
Cluster 75277,1,1
Cluster 75289,1,1
Cluster 75308,1,1
Cluster 75317,1,1
Cluster 7532,1,1
Cluster 75325,1,1
Cluster 7533,1,1
Cluster 75331,1,1
Cluster 75332,1,1
Cluster 75336,1,1
Cluster 75337,1,1
Cluster 7534,1,1
Cluster 75348,1,1
Cluster 75351,1,1
Cluster 75352,1,1
Cluster 7536,1,1
Cluster 75372,1,1
Cluster 75377,1,1
Cluster 75387,1,1
Cluster 75407,1,1
Cluster 75419,1,1
Cluster 75424,1,1
Cluster 7543,1,1
Cluster 75436,1,1
Cluster 75438,1,1
Cluster 7544,1,1
Cluster 7546,1,1
Cluster 75467,1,1
Cluster 75468,1,1
Cluster 75484,1,1
Cluster 75487,1,1
Cluster 7549,1,1
Cluster 755,1,1
Cluster 75501,1,1
Cluster 75503,1,1
Cluster 75514,1,1
Cluster 75520,1,1
Cluster 75528,1,1
Cluster 75534,1,1
Cluster 75540,1,1
Cluster 75543,1,1
Cluster 75545,1,1
Cluster 75562,1,1
Cluster 75566,1,1
Cluster 75567,1,1
Cluster 75573,1,1
Cluster 75576,1,1
Cluster 75579,1,1
Cluster 75588,1,1
Cluster 75591,1,1
Cluster 75598,1,1
Cluster 75599,1,1
Cluster 7560,1,1
Cluster 75606,1,1
Cluster 75609,1,1
Cluster 75610,1,1
Cluster 75611,1,1
Cluster 75613,1,1
Cluster 75632,1,1
Cluster 75644,1,1
Cluster 75647,1,1
Cluster 75656,1,1
Cluster 75661,1,1
Cluster 75662,1,1
Cluster 75675,1,1
Cluster 75676,1,1
Cluster 75677,1,1
Cluster 75679,1,1
Cluster 75690,1,1
Cluster 75693,1,1
Cluster 75695,1,1
Cluster 75698,1,1
Cluster 75699,1,1
Cluster 75700,1,1
Cluster 75713,1,1
Cluster 75735,1,1
Cluster 75741,1,1
Cluster 75744,1,1
Cluster 75747,1,1
Cluster 75751,1,1
Cluster 75754,1,1
Cluster 75765,1,1
Cluster 75766,1,1
Cluster 75767,1,1
Cluster 75777,1,1
Cluster 75780,1,1
Cluster 7579,1,1
Cluster 75795,1,1
Cluster 75800,1,1
Cluster 75801,1,1
Cluster 75804,1,1
Cluster 75813,1,1
Cluster 75816,1,1
Cluster 75841,1,1
Cluster 75846,1,1
Cluster 75847,1,1
Cluster 75860,1,1
Cluster 75862,1,1
Cluster 75864,1,1
Cluster 75865,1,1
Cluster 75867,1,1
Cluster 75871,1,1
Cluster 75881,1,1
Cluster 75887,1,1
Cluster 75898,1,1
Cluster 7590,1,1
Cluster 75902,1,1
Cluster 75906,1,1
Cluster 75911,1,1
Cluster 75920,1,1
Cluster 75924,1,1
Cluster 75927,1,1
Cluster 75934,1,1
Cluster 7596,1,1
Cluster 75963,1,1
Cluster 75977,1,1
Cluster 75980,1,1
Cluster 75987,1,1
Cluster 75989,1,1
Cluster 75992,1,1
Cluster 75995,1,1
Cluster 76004,1,1
Cluster 76007,1,1
Cluster 76012,1,1
Cluster 76016,1,1
Cluster 76019,1,1
Cluster 76020,1,1
Cluster 76024,1,1
Cluster 7603,1,1
Cluster 76031,1,1
Cluster 76035,1,1
Cluster 76036,1,1
Cluster 76047,1,1
Cluster 76067,1,1
Cluster 76068,1,1
Cluster 76074,1,1
Cluster 76077,1,1
Cluster 76095,1,1
Cluster 7611,1,1
Cluster 76112,1,1
Cluster 76114,1,1
Cluster 76133,1,1
Cluster 76135,1,1
Cluster 76159,1,1
Cluster 76162,1,1
Cluster 76182,1,1
Cluster 76185,1,1
Cluster 76187,1,1
Cluster 76190,1,1
Cluster 76192,1,1
Cluster 76193,1,1
Cluster 7620,1,1
Cluster 76201,1,1
Cluster 76205,1,1
Cluster 76212,1,1
Cluster 76214,1,1
Cluster 7622,1,1
Cluster 76221,1,1
Cluster 76224,1,1
Cluster 76227,1,1
Cluster 76247,1,1
Cluster 76251,1,1
Cluster 76256,1,1
Cluster 76257,1,1
Cluster 76263,1,1
Cluster 76268,1,1
Cluster 76285,1,1
Cluster 76293,1,1
Cluster 7630,1,1
Cluster 76303,1,1
Cluster 76321,1,1
Cluster 76324,1,1
Cluster 7633,1,1
Cluster 76334,1,1
Cluster 76341,1,1
Cluster 76342,1,1
Cluster 76347,1,1
Cluster 76361,1,1
Cluster 76366,1,1
Cluster 76370,1,1
Cluster 76374,1,1
Cluster 7638,1,1
Cluster 76393,1,1
Cluster 76400,1,1
Cluster 76404,1,1
Cluster 76412,1,1
Cluster 7642,1,1
Cluster 76427,1,1
Cluster 76429,1,1
Cluster 7643,1,1
Cluster 76430,1,1
Cluster 76432,1,1
Cluster 76437,1,1
Cluster 7644,1,1
Cluster 76441,1,1
Cluster 76451,1,1
Cluster 76454,1,1
Cluster 76462,1,1
Cluster 76467,1,1
Cluster 76473,1,1
Cluster 76480,1,1
Cluster 76487,1,1
Cluster 76500,1,1
Cluster 76504,1,1
Cluster 76527,1,1
Cluster 76530,1,1
Cluster 76537,1,1
Cluster 76546,1,1
Cluster 76549,1,1
Cluster 76555,1,1
Cluster 76561,1,1
Cluster 76570,1,1
Cluster 76574,1,1
Cluster 76582,1,1
Cluster 76583,1,1
Cluster 76586,1,1
Cluster 76592,1,1
Cluster 76596,1,1
Cluster 76611,1,1
Cluster 76619,1,1
Cluster 76627,1,1
Cluster 76639,1,1
Cluster 76647,1,1
Cluster 76653,1,1
Cluster 76661,1,1
Cluster 76662,1,1
Cluster 76677,1,1
Cluster 76693,1,1
Cluster 767,1,1
Cluster 76700,1,1
Cluster 76707,1,1
Cluster 76715,1,1
Cluster 76725,1,1
Cluster 76726,1,1
Cluster 76735,1,1
Cluster 76736,1,1
Cluster 76738,1,1
Cluster 76749,1,1
Cluster 76750,1,1
Cluster 76754,1,1
Cluster 76759,1,1
Cluster 76762,1,1
Cluster 76780,1,1
Cluster 76782,1,1
Cluster 76786,1,1
Cluster 76800,1,1
Cluster 76802,1,1
Cluster 76803,1,1
Cluster 76812,1,1
Cluster 76822,1,1
Cluster 76840,1,1
Cluster 76845,1,1
Cluster 76846,1,1
Cluster 76849,1,1
Cluster 76850,1,1
Cluster 76868,1,1
Cluster 76887,1,1
Cluster 7689,1,1
Cluster 76890,1,1
Cluster 76899,1,1
Cluster 76911,1,1
Cluster 76923,1,1
Cluster 76926,1,1
Cluster 76942,1,1
Cluster 76946,1,1
Cluster 76957,1,1
Cluster 7697,1,1
Cluster 76972,1,1
Cluster 7698,1,1
Cluster 76991,1,1
Cluster 76992,1,1
Cluster 76994,1,1
Cluster 76997,1,1
Cluster 770,1,1
Cluster 77005,1,1
Cluster 77012,1,1
Cluster 77023,1,1
Cluster 77027,1,1
Cluster 77031,1,1
Cluster 77040,1,1
Cluster 7705,1,1
Cluster 77051,1,1
Cluster 77052,1,1
Cluster 77068,1,1
Cluster 77069,1,1
Cluster 77070,1,1
Cluster 77076,1,1
Cluster 77078,1,1
Cluster 77107,1,1
Cluster 77109,1,1
Cluster 7711,1,1
Cluster 77110,1,1
Cluster 7712,1,1
Cluster 77122,1,1
Cluster 77130,1,1
Cluster 77131,1,1
Cluster 77151,1,1
Cluster 77163,1,1
Cluster 77186,1,1
Cluster 77189,1,1
Cluster 77193,1,1
Cluster 77197,1,1
Cluster 77210,1,1
Cluster 7722,1,1
Cluster 77227,1,1
Cluster 7723,1,1
Cluster 77231,1,1
Cluster 77235,1,1
Cluster 77236,1,1
Cluster 77238,1,1
Cluster 7724,1,1
Cluster 77244,1,1
Cluster 77253,1,1
Cluster 77256,1,1
Cluster 77258,1,1
Cluster 77273,1,1
Cluster 77281,1,1
Cluster 77282,1,1
Cluster 7729,1,1
Cluster 7739,1,1
Cluster 7741,1,1
Cluster 7743,1,1
Cluster 7744,1,1
Cluster 7750,1,1
Cluster 7760,1,1
Cluster 7767,1,1
Cluster 7768,1,1
Cluster 7780,1,1
Cluster 7795,1,1
Cluster 7798,1,1
Cluster 780,1,1
Cluster 7808,1,1
Cluster 7813,1,1
Cluster 7823,1,1
Cluster 7826,1,1
Cluster 783,1,1
Cluster 7836,1,1
Cluster 7841,1,1
Cluster 7847,1,1
Cluster 7849,1,1
Cluster 7858,1,1
Cluster 7863,1,1
Cluster 7870,1,1
Cluster 7871,1,1
Cluster 7876,1,1
Cluster 788,1,1
Cluster 7886,1,1
Cluster 7893,1,1
Cluster 7895,1,1
Cluster 7905,1,1
Cluster 7914,1,1
Cluster 7916,1,1
Cluster 7919,1,1
Cluster 7929,1,1
Cluster 793,1,1
Cluster 7930,1,1
Cluster 7931,1,1
Cluster 7939,1,1
Cluster 7948,1,1
Cluster 795,1,1
Cluster 7956,1,1
Cluster 7960,1,1
Cluster 7961,1,1
Cluster 7964,1,1
Cluster 7973,1,1
Cluster 7975,1,1
Cluster 7981,1,1
Cluster 799,1,1
Cluster 7995,1,1
Cluster 80,1,1
Cluster 800,1,1
Cluster 8001,1,1
Cluster 8011,1,1
Cluster 8029,1,1
Cluster 8042,1,1
Cluster 8043,1,1
Cluster 806,1,1
Cluster 8065,1,1
Cluster 8076,1,1
Cluster 8077,1,1
Cluster 8089,1,1
Cluster 809,1,1
Cluster 8092,1,1
Cluster 8096,1,1
Cluster 8097,1,1
Cluster 8103,1,1
Cluster 8109,1,1
Cluster 811,1,1
Cluster 8121,1,1
Cluster 813,1,1
Cluster 8137,1,1
Cluster 8143,1,1
Cluster 8146,1,1
Cluster 8151,1,1
Cluster 8152,1,1
Cluster 8165,1,1
Cluster 8169,1,1
Cluster 8171,1,1
Cluster 8176,1,1
Cluster 8185,1,1
Cluster 8189,1,1
Cluster 8193,1,1
Cluster 8194,1,1
Cluster 8195,1,1
Cluster 8202,1,1
Cluster 8204,1,1
Cluster 8219,1,1
Cluster 8227,1,1
Cluster 8230,1,1
Cluster 8231,1,1
Cluster 8236,1,1
Cluster 8244,1,1
Cluster 8245,1,1
Cluster 8251,1,1
Cluster 8261,1,1
Cluster 8265,1,1
Cluster 8276,1,1
Cluster 8288,1,1
Cluster 8297,1,1
Cluster 8299,1,1
Cluster 8303,1,1
Cluster 8304,1,1
Cluster 8308,1,1
Cluster 832,1,1
Cluster 8325,1,1
Cluster 8330,1,1
Cluster 8341,1,1
Cluster 8346,1,1
Cluster 8352,1,1
Cluster 8364,1,1
Cluster 8366,1,1
Cluster 8370,1,1
Cluster 8372,1,1
Cluster 8373,1,1
Cluster 8390,1,1
Cluster 8408,1,1
Cluster 8413,1,1
Cluster 8424,1,1
Cluster 8425,1,1
Cluster 8441,1,1
Cluster 845,1,1
Cluster 8453,1,1
Cluster 846,1,1
Cluster 8471,1,1
Cluster 8476,1,1
Cluster 8500,1,1
Cluster 8501,1,1
Cluster 8517,1,1
Cluster 852,1,1
Cluster 8525,1,1
Cluster 8542,1,1
Cluster 8543,1,1
Cluster 8546,1,1
Cluster 8548,1,1
Cluster 855,1,1
Cluster 856,1,1
Cluster 8573,1,1
Cluster 8577,1,1
Cluster 8581,1,1
Cluster 8584,1,1
Cluster 8585,1,1
Cluster 8590,1,1
Cluster 8592,1,1
Cluster 8595,1,1
Cluster 8597,1,1
Cluster 860,1,1
Cluster 8604,1,1
Cluster 861,1,1
Cluster 8623,1,1
Cluster 8624,1,1
Cluster 8627,1,1
Cluster 8656,1,1
Cluster 8676,1,1
Cluster 8689,1,1
Cluster 8693,1,1
Cluster 87,1,1
Cluster 870,1,1
Cluster 8704,1,1
Cluster 8716,1,1
Cluster 8718,1,1
Cluster 8726,1,1
Cluster 8727,1,1
Cluster 873,1,1
Cluster 874,1,1
Cluster 8740,1,1
Cluster 8746,1,1
Cluster 8749,1,1
Cluster 8765,1,1
Cluster 8768,1,1
Cluster 8779,1,1
Cluster 8780,1,1
Cluster 8791,1,1
Cluster 88,1,1
Cluster 8800,1,1
Cluster 8803,1,1
Cluster 8805,1,1
Cluster 8818,1,1
Cluster 8821,1,1
Cluster 8827,1,1
Cluster 8838,1,1
Cluster 8842,1,1
Cluster 8846,1,1
Cluster 8848,1,1
Cluster 8853,1,1
Cluster 8865,1,1
Cluster 8868,1,1
Cluster 8870,1,1
Cluster 8877,1,1
Cluster 8878,1,1
Cluster 8883,1,1
Cluster 8885,1,1
Cluster 8891,1,1
Cluster 891,1,1
Cluster 8918,1,1
Cluster 8921,1,1
Cluster 8923,1,1
Cluster 8933,1,1
Cluster 8935,1,1
Cluster 8950,1,1
Cluster 8955,1,1
Cluster 8965,1,1
Cluster 8975,1,1
Cluster 898,1,1
Cluster 8980,1,1
Cluster 8983,1,1
Cluster 899,1,1
Cluster 8990,1,1
Cluster 9001,1,1
Cluster 9003,1,1
Cluster 9007,1,1
Cluster 9012,1,1
Cluster 9020,1,1
Cluster 9037,1,1
Cluster 9050,1,1
Cluster 9072,1,1
Cluster 9076,1,1
Cluster 9078,1,1
Cluster 9090,1,1
Cluster 9098,1,1
Cluster 91,1,1
Cluster 910,1,1
Cluster 9112,1,1
Cluster 9120,1,1
Cluster 9122,1,1
Cluster 9123,1,1
Cluster 9129,1,1
Cluster 9133,1,1
Cluster 9149,1,1
Cluster 9167,1,1
Cluster 9171,1,1
Cluster 9172,1,1
Cluster 9183,1,1
Cluster 9198,1,1
Cluster 920,1,1
Cluster 9205,1,1
Cluster 9213,1,1
Cluster 9229,1,1
Cluster 9231,1,1
Cluster 9239,1,1
Cluster 9241,1,1
Cluster 9255,1,1
Cluster 9260,1,1
Cluster 9262,1,1
Cluster 9265,1,1
Cluster 929,1,1
Cluster 9294,1,1
Cluster 9296,1,1
Cluster 93,1,1
Cluster 9322,1,1
Cluster 9332,1,1
Cluster 9333,1,1
Cluster 9344,1,1
Cluster 9349,1,1
Cluster 9352,1,1
Cluster 9360,1,1
Cluster 9375,1,1
Cluster 938,1,1
Cluster 9381,1,1
Cluster 9388,1,1
Cluster 9396,1,1
Cluster 9423,1,1
Cluster 9424,1,1
Cluster 9425,1,1
Cluster 9428,1,1
Cluster 9432,1,1
Cluster 9444,1,1
Cluster 9449,1,1
Cluster 9456,1,1
Cluster 9464,1,1
Cluster 9465,1,1
Cluster 9469,1,1
Cluster 9470,1,1
Cluster 9489,1,1
Cluster 9495,1,1
Cluster 9496,1,1
Cluster 9499,1,1
Cluster 9508,1,1
Cluster 9534,1,1
Cluster 9541,1,1
Cluster 9542,1,1
Cluster 9544,1,1
Cluster 9545,1,1
Cluster 9558,1,1
Cluster 9559,1,1
Cluster 9577,1,1
Cluster 9593,1,1
Cluster 9595,1,1
Cluster 9599,1,1
Cluster 960,1,1
Cluster 9602,1,1
Cluster 9608,1,1
Cluster 9610,1,1
Cluster 9612,1,1
Cluster 9613,1,1
Cluster 962,1,1
Cluster 9624,1,1
Cluster 9631,1,1
Cluster 964,1,1
Cluster 9662,1,1
Cluster 9671,1,1
Cluster 9678,1,1
Cluster 9690,1,1
Cluster 9693,1,1
Cluster 9698,1,1
Cluster 97,1,1
Cluster 9703,1,1
Cluster 9704,1,1
Cluster 971,1,1
Cluster 9717,1,1
Cluster 9718,1,1
Cluster 9725,1,1
Cluster 9730,1,1
Cluster 9739,1,1
Cluster 9744,1,1
Cluster 9747,1,1
Cluster 9749,1,1
Cluster 975,1,1
Cluster 9753,1,1
Cluster 9761,1,1
Cluster 9764,1,1
Cluster 9780,1,1
Cluster 9782,1,1
Cluster 9785,1,1
Cluster 9786,1,1
Cluster 9791,1,1
Cluster 9792,1,1
Cluster 9795,1,1
Cluster 9805,1,1
Cluster 9806,1,1
Cluster 9824,1,1
Cluster 9826,1,1
Cluster 9827,1,1
Cluster 9837,1,1
Cluster 9838,1,1
Cluster 9853,1,1
Cluster 9861,1,1
Cluster 9863,1,1
Cluster 9870,1,1
Cluster 9871,1,1
Cluster 9887,1,1
Cluster 9895,1,1
Cluster 9904,1,1
Cluster 9906,1,1
Cluster 9909,1,1
Cluster 9911,1,1
Cluster 9927,1,1
Cluster 9930,1,1
Cluster 9936,1,1
Cluster 9941,1,1
Cluster 9951,1,1
Cluster 9952,1,1
Cluster 9955,1,1
Cluster 9962,1,1
Cluster 9978,1,1
Cluster 9984,1,1
Cluster 9985,1,1
