threshold,precision,recall,specificity,accuracy,f1,mcc,balanced_accuracy
0.0,0.12093788564376799,1.0,0.0,0.12093788564376799,0.21577981651376146,0.0,0.5
0.001,0.12234706616729088,1.0,0.013102480112306972,0.13245577951460305,0.21802002224694106,0.04003810686403684,0.5065512400561535
0.002,0.1259100642398287,1.0,0.044922788956481045,0.16042780748663102,0.22365918600228224,0.07520792008387678,0.5224613944782405
0.003,0.13004882379050156,0.9965986394557823,0.08282639213851194,0.19333607568901687,0.23007459756576365,0.09941289602308553,0.5397125157971471
0.004,0.13434204493351673,0.9965986394557823,0.11651848385587271,0.22295351707116412,0.23676767676767677,0.12142453281539894,0.5565585616558275
0.005,0.1379472693032015,0.9965986394557823,0.14319138979878335,0.24640065816536405,0.24234904880066171,0.13721629165899457,0.5698950146272829
0.006,0.14195736434108527,0.9965986394557823,0.171268132896584,0.27108185931715345,0.24851569126378287,0.1528807440920059,0.5839333861761832
0.007,0.1459163346613546,0.9965986394557823,0.19747309312119793,0.29411764705882354,0.2545612510860122,0.16691146592383568,0.5970358662884901
0.008,0.14933741080530072,0.9965986394557823,0.21899859616284512,0.3130399012751954,0.25975177304964536,0.17814891901365051,0.6077986178093138
0.009000000000000001,0.15332286760858188,0.9965986394557823,0.24286382779597568,0.33401892225421637,0.2657596371882086,0.19040632189859333,0.619731233625879
0.01,0.15656836461126006,0.9931972789115646,0.26392138511932617,0.3521184697655286,0.27049559981472904,0.19836356072207004,0.6285593320154454
0.011,0.15973741794310722,0.9931972789115646,0.2812353766963032,0.36733854380913206,0.27521206409048066,0.20718817391289843,0.6372163278039339
0.012,0.16358543417366947,0.9931972789115646,0.30135704258306034,0.3850267379679144,0.2809042809042809,0.2174232363054707,0.6472771607473125
0.013000000000000001,0.16666666666666666,0.9863945578231292,0.3214787084698175,0.40189222542163716,0.28515240904621436,0.2225534124074284,0.6539366331464733
0.014,0.17008797653958943,0.9863945578231292,0.33785680861020123,0.416289592760181,0.29014507253626814,0.231008116525964,0.6621256832166652
0.015,0.17554479418886199,0.9863945578231292,0.3626579316799251,0.43809132044426163,0.29804727646454265,0.24388939466515902,0.6745262447515272
0.016,0.17945544554455445,0.9863945578231292,0.37950397753860554,0.4529000411353353,0.3036649214659686,0.2527185463217723,0.6829492676808674
0.017,0.18193224592220827,0.9863945578231292,0.38979878334113244,0.46194981489099135,0.3072033898305085,0.25815476330879716,0.6880966705821309
0.018000000000000002,0.18525641025641026,0.9829931972789115,0.4052409920449228,0.4751131221719457,0.3117583603020496,0.2639965965095917,0.6941170946619172
0.019,0.18888888888888888,0.9829931972789115,0.4192793635938231,0.4874537227478404,0.3168859649122807,0.2715740228764192,0.7011362804363673
0.02,0.19266666666666668,0.9829931972789115,0.4333177351427234,0.4997943233237351,0.3221850613154961,0.27923719834906213,0.7081554662108175
0.021,0.19633152173913043,0.9829931972789115,0.4464202152550304,0.5113122171945701,0.3272933182332956,0.2864760520558691,0.714706706266971
0.022,0.1986254295532646,0.9829931972789115,0.45437529246607394,0.5183052241875771,0.3304745568896512,0.29091560096636704,0.7186842448724927
0.023,0.20323488045007032,0.9829931972789115,0.4698175011698643,0.5318798848210613,0.3368298368298368,0.2996382308757951,0.7264053492243879
0.024,0.2065761258041458,0.9829931972789115,0.4805802526906879,0.5413410119292472,0.3414057885410514,0.3058058402373021,0.7317867249847997
0.025,0.21056493030080703,0.9761904761904762,0.4964904071127749,0.5545043192102016,0.3464091732045866,0.3105348958976941,0.7363404416516255
0.026000000000000002,0.2148203592814371,0.9761904761904762,0.5091249415067852,0.5656108597285068,0.3521472392638037,0.31804584481596504,0.7426577088486307
0.027,0.21898928024502298,0.9727891156462585,0.5226953673373889,0.5771287535993418,0.3575,0.3240097916558049,0.7477422414918237
0.028,0.2232630757220921,0.9727891156462585,0.5343940102948058,0.5874125874125874,0.36317460317460315,0.33122052202515784,0.7535915629705321
0.029,0.22788844621513943,0.9727891156462585,0.5465605989705195,0.5981077745783628,0.36927049709489995,0.33885219233523806,0.7596748573083889
0.03,0.23120452708164915,0.9727891156462585,0.5549836218998596,0.6055121349238997,0.3736120182887002,0.3442198141380518,0.763886368773059
0.031,0.2338511856091578,0.9727891156462585,0.5615348619560131,0.6112710818593171,0.3770599868160844,0.34844472484685113,0.7671619888011358
0.032,0.23793677204658903,0.9727891156462585,0.5713617220402434,0.6199095022624435,0.38235294117647056,0.35486817503385915,0.7720754188432509
0.033,0.24193548387096775,0.9693877551020408,0.5821244735610669,0.6289592760180995,0.38722826086956524,0.35981800562193755,0.7757561143315539
0.034,0.24825174825174826,0.9659863945578231,0.5975666822648573,0.6421225832990539,0.3949930458970793,0.36813614977092124,0.7817765384113402
0.035,0.25200356188780054,0.9625850340136054,0.6069255966307908,0.6499382969971206,0.39943542695836276,0.3724637498673216,0.7847553153221981
0.036000000000000004,0.25587703435804704,0.9625850340136054,0.6148806738418343,0.6569313039901276,0.4042857142857143,0.37810865876938177,0.7887328539277199
0.037,0.2613111726685134,0.9625850340136054,0.6256434253626579,0.6663924310983135,0.41103848946986205,0.38588934249249573,0.7941142296881316
0.038,0.2637979420018709,0.9591836734693877,0.6317267197005147,0.6713286713286714,0.41379310344827586,0.38816837410468763,0.7954551965849512
0.039,0.26908396946564883,0.9591836734693877,0.6415535797847449,0.6799670917317976,0.4202682563338301,0.39552028262459843,0.8003686266270663
0.04,0.272108843537415,0.9523809523809523,0.6495086569957885,0.686137392019745,0.42328042328042326,0.39720168127536476,0.8009448046883705
0.041,0.27944111776447106,0.9523809523809523,0.6621431913897988,0.6972439325380502,0.43209876543209874,0.40706606733887163,0.8072620718853756
0.042,0.28484231943031535,0.9523809523809523,0.6710341600374357,0.7050596462361168,0.4385277995301488,0.41418294557879093,0.811707556209194
0.043000000000000003,0.2868937048503612,0.9455782312925171,0.6766495086569958,0.709173179761415,0.440221694378464,0.41437134995752617,0.8111138699747564
0.044,0.291886195995785,0.9421768707482994,0.6855404773046326,0.7165775401069518,0.4456958970233307,0.41954915385751707,0.813858674026466
0.045,0.2965738758029979,0.9421768707482994,0.6925596630790828,0.7227478403948993,0.4511400651465798,0.42548581297196736,0.817368266913691
0.046,0.3010869565217391,0.9421768707482994,0.6991109031352363,0.7285067873303167,0.45634266886326197,0.4311245366723841,0.8206438869417678
0.047,0.3054024255788313,0.9421768707482994,0.7051941974730931,0.7338543809132044,0.4612822647793505,0.43644858078687704,0.8236855341106962
0.048,0.3091517857142857,0.9421768707482994,0.7103416003743566,0.7383792677910325,0.46554621848739497,0.4410222915319866,0.826259235561328
0.049,0.31584948688711517,0.9421768707482994,0.7192325690219934,0.7461949814890991,0.4730999146029035,0.44907720535769613,0.8307047198851464
0.05,0.3202312138728324,0.9421768707482994,0.7248479176415535,0.751131221719457,0.47799827437446074,0.45426990637032294,0.8335123941949265
0.051000000000000004,0.3270365997638725,0.9421768707482994,0.7332709405708938,0.7585355820649938,0.4855390008764242,0.462219678609788,0.8377239056595966
0.052000000000000005,0.3329326923076923,0.9421768707482994,0.740290126345344,0.7647058823529411,0.4920071047957371,0.468998750603596,0.8412334985468217
0.053,0.3378048780487805,0.9421768707482994,0.7459054749649041,0.769642122583299,0.49730700179533216,0.47452778320077876,0.8440411728566017
0.054,0.34324659231722426,0.9421768707482994,0.7519887693027609,0.7749897161661867,0.5031789282470481,0.4806282120405725,0.8470828200255301
0.055,0.347661188369153,0.935374149659864,0.7585400093589144,0.7799259563965446,0.5069124423963134,0.4829159054611719,0.8469570795093893
0.056,0.3525641025641026,0.935374149659864,0.7636874122601778,0.7844508432743726,0.5121042830540037,0.48828177123771754,0.8495307809600209
0.057,0.35575679172056923,0.935374149659864,0.7669630322882546,0.7873303167420814,0.5154639175257731,0.49174457445124964,0.8511685909740593
0.058,0.36100131752305664,0.9319727891156463,0.7730463266261114,0.7922665569724393,0.5204178537511871,0.4960640953046792,0.8525095578708788
0.059000000000000004,0.36644295302013424,0.9285714285714286,0.7791296209639682,0.7972027972027972,0.5255052935514918,0.5005170133885761,0.8538505247676984
0.06,0.3726027397260274,0.9251700680272109,0.7856808610201217,0.8025503907856849,0.53125,0.5056393621183352,0.8554254645236663
0.061,0.3799435028248588,0.9149659863945578,0.7945718296677585,0.809132044426162,0.5369261477045908,0.5092044678977895,0.8547689080311582
0.062,0.3875181422351234,0.9081632653061225,0.802526906878802,0.8153023447141095,0.54323499491353,0.5141887256005211,0.8553450860924623
0.063,0.3914956011730205,0.9081632653061225,0.8058025269068788,0.8181818181818182,0.5471311475409836,0.5181628090303131,0.8569828961065007
0.064,0.39642324888226527,0.9047619047619048,0.8104819840898456,0.8218839983545866,0.5512953367875648,0.5216899712586801,0.8576219444258752
0.065,0.4006024096385542,0.9047619047619048,0.8137576041179223,0.8247634718222954,0.5553235908141962,0.5257898235124302,0.8592597544399135
0.066,0.4054878048780488,0.9047619047619048,0.8175011698642958,0.8280542986425339,0.56,0.5305425741544255,0.8611315373131003
0.067,0.4067796610169492,0.8979591836734694,0.8198408984557791,0.8292883587001234,0.559915164369035,0.5290579340862885,0.8589000410646243
0.068,0.40930232558139534,0.8979591836734694,0.8217126813289658,0.8309337721102427,0.5623003194888179,0.5314835979006897,0.8598359325012176
0.069,0.4131455399061033,0.8979591836734694,0.8245203556387459,0.8334018922254216,0.5659163987138264,0.5351580306479113,0.8612397696561076
0.07,0.4177215189873418,0.8979591836734694,0.8277959756668226,0.8362813656931304,0.5701943844492441,0.5395006066350863,0.862877579670146
0.07100000000000001,0.41878980891719747,0.8945578231292517,0.8291998128217127,0.8371040723981901,0.5704989154013015,0.5391273942019901,0.8618788179754822
0.07200000000000001,0.421474358974359,0.8945578231292517,0.8310715956948994,0.8387494858083093,0.5729847494553377,0.5416508599081157,0.8628147094120755
0.073,0.42487883683360256,0.8945578231292517,0.8334113242863828,0.8408062525709584,0.5761226725082147,0.5448343475764246,0.8639845737078172
0.074,0.4297385620915033,0.8945578231292517,0.8366869443144596,0.8436857260386672,0.5805739514348786,0.5493468481434846,0.8656223837218556
0.075,0.43449419568822556,0.891156462585034,0.8404305100608329,0.846565199506376,0.5841694537346711,0.5523255553724895,0.8657934863229335
0.076,0.43594009983361065,0.891156462585034,0.8413664014974263,0.8473879062114357,0.5854748603351956,0.5536487582574525,0.8662614320412301
0.077,0.43812709030100333,0.891156462585034,0.8427702386523164,0.8486219662690251,0.5874439461883408,0.5556442059096001,0.8669633506186751
0.078,0.43791946308724833,0.8877551020408163,0.843238184370613,0.8486219662690251,0.5865168539325842,0.5540489682277101,0.8654966432057147
0.079,0.4421768707482993,0.8843537414965986,0.8465138043986897,0.851090086384204,0.5895691609977324,0.5564975711027589,0.8654337729476442
0.08,0.44501718213058417,0.8809523809523809,0.8488535329901732,0.8527354997943233,0.591324200913242,0.5576392786181631,0.8649029569712771
0.081,0.44655172413793104,0.8809523809523809,0.8497894244267665,0.853558206499383,0.5926773455377574,0.559013986387679,0.8653709026895737
0.082,0.45121951219512196,0.8809523809523809,0.8525970987365465,0.8560263266145619,0.5967741935483871,0.5631750958065459,0.8667747398444637
0.083,0.45342706502636204,0.8775510204081632,0.8544688816097332,0.8572603866721514,0.5979142526071842,0.5637062415466949,0.8660099510089483
0.084,0.4558303886925795,0.8775510204081632,0.8558727187646233,0.8584944467297408,0.6,0.5658264637021057,0.8667118695863933
0.085,0.458259325044405,0.8775510204081632,0.8572765559195134,0.8597285067873304,0.6021003500583431,0.5679612925764468,0.8674137881638383
0.08600000000000001,0.45907473309608543,0.8775510204081632,0.85774450163781,0.8601398601398601,0.602803738317757,0.5686761819531126,0.8676477610229867
0.08700000000000001,0.4607142857142857,0.8775510204081632,0.8586803930744034,0.8609625668449198,0.6042154566744731,0.5701109244130116,0.8681157067412832
0.088,0.46306306306306305,0.8741496598639455,0.86055217594759,0.8621966269025092,0.6054181389870436,0.5707213808060885,0.8673509179057678
0.089,0.4646098003629764,0.8707482993197279,0.8619560131024802,0.8630193336075689,0.6059171597633136,0.5706238897352369,0.8663521562111041
0.09,0.46715328467153283,0.8707482993197279,0.8633598502573702,0.8642533936651584,0.6080760095011877,0.5728231120232671,0.867054074788549
0.091,0.4680073126142596,0.8707482993197279,0.8638277959756668,0.8646647470176881,0.6087990487514863,0.5735596687358988,0.8672880476476974
0.092,0.4714548802946593,0.8707482993197279,0.8656995788488535,0.8663101604278075,0.6117084826762246,0.5765235228732245,0.8682239390842907
0.093,0.4731977818853974,0.8707482993197279,0.8666354702854469,0.8671328671328671,0.6131736526946108,0.5780161405660126,0.8686918848025873
0.094,0.4749536178107607,0.8707482993197279,0.8675713617220402,0.8679555738379268,0.6146458583433373,0.5795159736462224,0.8691598305208841
0.095,0.4767225325884544,0.8707482993197279,0.8685072531586336,0.8687782805429864,0.6161251504211793,0.5810230894078107,0.8696277762391807
0.096,0.4821092278719397,0.8707482993197279,0.8713149274684137,0.8712464006581654,0.6206060606060606,0.5855888188509307,0.8710316133940708
0.097,0.48484848484848486,0.8707482993197279,0.8727187646233037,0.8724804607157548,0.6228710462287105,0.587897082067952,0.8717335319715158
0.098,0.4876190476190476,0.8707482993197279,0.8741226017781937,0.8737145207733443,0.6251526251526252,0.5902226001727411,0.8724354505489608
0.099,0.49230769230769234,0.8707482993197279,0.8764623303696771,0.8757712875359934,0.628992628992629,0.5941374834876006,0.8736053148447025
0.1,0.4932301740812379,0.8673469387755102,0.8773982218062705,0.8761826408885233,0.6288532675709001,0.5934271034161942,0.8723725802908904
0.101,0.4961089494163424,0.8673469387755102,0.8788020589611605,0.8774167009461127,0.6311881188118812,0.5958114847094642,0.8730744988683353
0.10200000000000001,0.49902152641878667,0.8673469387755102,0.8802058961160505,0.8786507610037022,0.6335403726708074,0.5982142507392674,0.8737764174457803
0.10300000000000001,0.5,0.8673469387755102,0.8806738418343473,0.879062114356232,0.6343283582089553,0.599019304956492,0.8740103903049288
0.10400000000000001,0.5039525691699605,0.8673469387755102,0.882545624707534,0.8807075277663513,0.6375,0.6022604547949754,0.8749462817415221
0.105,0.5059523809523809,0.8673469387755102,0.8834815161441273,0.881530234471411,0.6390977443609023,0.6038937347107882,0.8754142274598187
0.106,0.5110663983903421,0.8639455782312925,0.8862891904539073,0.8835870012340601,0.6422250316055625,0.6065501076741173,0.8751173843425999
0.107,0.513184584178499,0.8605442176870748,0.8876930276087974,0.8844097079391197,0.6429479034307497,0.6067571499942893,0.874118622647936
0.108,0.5142276422764228,0.8605442176870748,0.8881609733270941,0.8848210612916495,0.6437659033078881,0.6075965715188162,0.8743525955070844
0.109,0.5163265306122449,0.8605442176870748,0.8890968647636874,0.8856437679967092,0.6454081632653061,0.6092822100345973,0.8748205412253811
0.11,0.5163265306122449,0.8605442176870748,0.8890968647636874,0.8856437679967092,0.6454081632653061,0.6092822100345973,0.8748205412253811
0.111,0.5195071868583162,0.8605442176870748,0.8905007019185774,0.8868778280542986,0.647887323943662,0.6118278305540711,0.8755224598028262
0.112,0.5205761316872428,0.8605442176870748,0.8909686476368741,0.8872891814068284,0.6487179487179487,0.612680994459327,0.8757564326619744
0.113,0.525,0.8571428571428571,0.8933083762283575,0.8889345948169478,0.6511627906976745,0.6146800934246547,0.8752256166856073
0.114,0.5294117647058824,0.8571428571428571,0.8951801591015442,0.8905800082270671,0.6545454545454545,0.6181635847072794,0.8761615081222007
0.115,0.53276955602537,0.8571428571428571,0.8965839962564343,0.8918140682846565,0.6571056062581486,0.6208018472845714,0.8768634266996457
0.116,0.5317796610169492,0.8537414965986394,0.8965839962564343,0.8914027149321267,0.6553524804177546,0.618496734692597,0.8751627464275369
0.117,0.5317796610169492,0.8537414965986394,0.8965839962564343,0.8914027149321267,0.6553524804177546,0.618496734692597,0.8751627464275369
0.11800000000000001,0.5340425531914894,0.8537414965986394,0.8975198876930276,0.8922254216371863,0.6570680628272252,0.6202678435097921,0.8756306921458334
0.11900000000000001,0.5387931034482759,0.8503401360544217,0.8998596162845109,0.8938708350473057,0.6596306068601583,0.6224316564910689,0.8750998761694664
0.12,0.5413043478260869,0.8469387755102041,0.9012634534394011,0.8946935417523653,0.6604774535809018,0.6228345501925117,0.8741011144748025
0.121,0.5424836601307189,0.8469387755102041,0.9017313991576977,0.8951048951048951,0.6613545816733067,0.6237444012051925,0.8743350873339509
0.122,0.5436681222707423,0.8469387755102041,0.9021993448759944,0.895516248457425,0.6622340425531915,0.6246569001026874,0.8745690601930993
0.123,0.545054945054945,0.8435374149659864,0.9031352363125877,0.8959276018099548,0.6622162883845126,0.6241759089147065,0.8733363256392871
0.124,0.545054945054945,0.8435374149659864,0.9031352363125877,0.8959276018099548,0.6622162883845126,0.6241759089147065,0.8733363256392871
0.125,0.5523385300668151,0.8435374149659864,0.9059429106223678,0.8983957219251337,0.6675639300134589,0.6297398371319949,0.8747401627941771
0.126,0.5535714285714286,0.8435374149659864,0.9064108563406644,0.8988070752776635,0.6684636118598383,0.6306768220447977,0.8749741356533254
0.127,0.5548098434004475,0.8435374149659864,0.9068788020589612,0.8992184286301933,0.6693657219973009,0.6316166089934802,0.8752081085124739
0.128,0.5598194130925508,0.8435374149659864,0.9087505849321479,0.9008638420403127,0.6729986431478969,0.6354040920418352,0.8761439999490672
0.129,0.5600907029478458,0.8401360544217688,0.9092185306504446,0.9008638420403127,0.672108843537415,0.6340411752711609,0.8746772925361066
0.13,0.5600907029478458,0.8401360544217688,0.9092185306504446,0.9008638420403127,0.672108843537415,0.6340411752711609,0.8746772925361066
0.131,0.5626423690205011,0.8401360544217688,0.9101544220870379,0.9016865487453722,0.6739427012278308,0.6359579973642119,0.8751452382544034
0.132,0.5652173913043478,0.8401360544217688,0.9110903135236312,0.9025092554504319,0.6757865937072504,0.6378865631920912,0.8756131839726999
0.133,0.5652173913043478,0.8401360544217688,0.9110903135236312,0.9025092554504319,0.6757865937072504,0.6378865631920912,0.8756131839726999
0.134,0.5668202764976958,0.8367346938775511,0.9120262049602246,0.9029206088029618,0.6758241758241759,0.6375073350570934,0.8743804494188878
0.135,0.5694444444444444,0.8367346938775511,0.912962096396818,0.9037433155080213,0.6776859504132231,0.6394598880391733,0.8748483951371846
0.136,0.5720930232558139,0.8367346938775511,0.9138979878334114,0.904566022213081,0.6795580110497238,0.6414246167432426,0.8753163408554812
0.137,0.5734265734265734,0.8367346938775511,0.914365933551708,0.9049773755656109,0.6804979253112033,0.6424115911420487,0.8755503137146295
0.138,0.5774647887323944,0.8367346938775511,0.915769770706598,0.9062114356232003,0.6833333333333333,0.6453911699000385,0.8762522322920745
0.139,0.5778301886792453,0.8333333333333334,0.9162377164248947,0.9062114356232003,0.6824512534818942,0.6440685848016166,0.8747855248791141
0.14,0.580568720379147,0.8333333333333334,0.917173607861488,0.90703414232826,0.6843575418994413,0.6460772454892139,0.8752534705974107
0.14100000000000001,0.580952380952381,0.8299319727891157,0.9176415535797847,0.90703414232826,0.6834733893557423,0.6447615923902295,0.8737867631844503
0.14200000000000002,0.583732057416268,0.8299319727891157,0.9185774450163781,0.9078568490333196,0.6853932584269663,0.6467898068762638,0.8742547089027468
0.14300000000000002,0.583732057416268,0.8299319727891157,0.9185774450163781,0.9078568490333196,0.6853932584269663,0.6467898068762638,0.8742547089027468
0.14400000000000002,0.5865384615384616,0.8299319727891157,0.9195133364529715,0.9086795557383792,0.6873239436619718,0.6488311343427502,0.8747226546210436
0.145,0.5879518072289157,0.8299319727891157,0.9199812821712682,0.9090909090909091,0.688293370944993,0.6498567645699772,0.8749566274801919
0.146,0.5893719806763285,0.8299319727891157,0.9204492278895648,0.9095022624434389,0.6892655367231638,0.6508857323232741,0.8751906003393403
0.147,0.5907990314769975,0.8299319727891157,0.9209171736078615,0.9099136157959687,0.6902404526166902,0.6519180577091911,0.8754245731984887
0.148,0.5941320293398533,0.826530612244898,0.9223210107627515,0.9107363225010284,0.6913229018492176,0.6527088060565089,0.8744258115038248
0.149,0.5985221674876847,0.826530612244898,0.9237248479176415,0.9119703825586178,0.6942857142857143,0.6558576076295551,0.8751277300812698
0.15,0.6,0.826530612244898,0.9241927936359382,0.9123817359111477,0.6952789699570815,0.6569142012192198,0.8753617029404182
0.151,0.6014851485148515,0.826530612244898,0.9246607393542349,0.9127930892636775,0.6962750716332379,0.6579743272122579,0.8755956757995664
0.152,0.6004962779156328,0.8231292517006803,0.9246607393542349,0.9123817359111477,0.6944045911047346,0.655645486491213,0.8738949955274575
0.153,0.6034912718204489,0.8231292517006803,0.9255966307908282,0.9132044426162074,0.6964028776978417,0.657776823780238,0.8743629412457543
0.154,0.606516290726817,0.8231292517006803,0.9265325222274217,0.9140271493212669,0.6984126984126984,0.659922586693572,0.874830886964051
0.155,0.6080402010050251,0.8231292517006803,0.9270004679457183,0.9144385026737968,0.6994219653179191,0.6610009340755902,0.8750648598231994
0.156,0.6095717884130982,0.8231292517006803,0.927468413664015,0.9148498560263266,0.7004341534008683,0.6620829558370601,0.8752988326823476
0.157,0.6111111111111112,0.8231292517006803,0.9279363593823117,0.9152612093788565,0.7014492753623188,0.6631686750499777,0.8755328055414959
0.158,0.610126582278481,0.8197278911564626,0.9279363593823117,0.9148498560263266,0.6995645863570392,0.6608381504898829,0.8738321252693871
0.159,0.6132315521628499,0.8197278911564626,0.928872250818905,0.9156725627313863,0.7016011644832606,0.6630212782934306,0.8743000709876838
0.16,0.6112531969309463,0.8129251700680272,0.928872250818905,0.9148498560263266,0.6978102189781021,0.6583514294989095,0.8708987104434661
0.161,0.6118251928020566,0.8095238095238095,0.9293401965372017,0.9148498560263266,0.6969253294289898,0.6571095319568336,0.8694320030305056
0.162,0.6149870801033591,0.8095238095238095,0.930276087973795,0.9156725627313863,0.6989720998531571,0.6593169863430004,0.8698999487488023
0.163,0.6149870801033591,0.8095238095238095,0.930276087973795,0.9156725627313863,0.6989720998531571,0.6593169863430004,0.8698999487488023
0.164,0.6149870801033591,0.8095238095238095,0.930276087973795,0.9156725627313863,0.6989720998531571,0.6593169863430004,0.8698999487488023
0.165,0.616580310880829,0.8095238095238095,0.9307440336920917,0.916083916083916,0.7,0.6604265164599944,0.8701339216079507
0.166,0.6214099216710183,0.8095238095238095,0.9321478708469817,0.9173179761415056,0.7031019202363368,0.6637786195673125,0.8708358401853956
0.167,0.6236842105263158,0.8061224489795918,0.9330837622835751,0.9177293294940354,0.7032640949554896,0.6636924927695877,0.8696031056315835
0.168,0.6236842105263158,0.8061224489795918,0.9330837622835751,0.9177293294940354,0.7032640949554896,0.6636924927695877,0.8696031056315835
0.169,0.6226912928759895,0.8027210884353742,0.9330837622835751,0.9173179761415056,0.7013372956909361,0.6613483732538972,0.8679024253594747
0.17,0.6226912928759895,0.8027210884353742,0.9330837622835751,0.9173179761415056,0.7013372956909361,0.6613483732538972,0.8679024253594747
0.171,0.6226912928759895,0.8027210884353742,0.9330837622835751,0.9173179761415056,0.7013372956909361,0.6613483732538972,0.8679024253594747
0.17200000000000001,0.6243386243386243,0.8027210884353742,0.9335517080018718,0.9177293294940354,0.7023809523809523,0.6624823409921867,0.868136398218623
0.17300000000000001,0.6243386243386243,0.8027210884353742,0.9335517080018718,0.9177293294940354,0.7023809523809523,0.6624823409921867,0.868136398218623
0.17400000000000002,0.6259946949602122,0.8027210884353742,0.9340196537201685,0.9181406828465652,0.7034277198211625,0.6636203859691003,0.8683703710777713
0.17500000000000002,0.6259946949602122,0.8027210884353742,0.9340196537201685,0.9181406828465652,0.7034277198211625,0.6636203859691003,0.8683703710777713
0.176,0.6276595744680851,0.8027210884353742,0.9344875994384652,0.918552036199095,0.7044776119402985,0.6647625351319106,0.8686043439369197
0.177,0.6276595744680851,0.8027210884353742,0.9344875994384652,0.918552036199095,0.7044776119402985,0.6647625351319106,0.8686043439369197
0.178,0.6276595744680851,0.8027210884353742,0.9344875994384652,0.918552036199095,0.7044776119402985,0.6647625351319106,0.8686043439369197
0.179,0.6293333333333333,0.8027210884353742,0.9349555451567618,0.9189633895516248,0.7055306427503737,0.6659088156774198,0.868838316796068
0.18,0.6293333333333333,0.8027210884353742,0.9349555451567618,0.9189633895516248,0.7055306427503737,0.6659088156774198,0.868838316796068
0.181,0.6344086021505376,0.8027210884353742,0.9363593823116518,0.9201974496092143,0.7087087087087087,0.6693727213842263,0.869540235373513
0.182,0.6361185983827493,0.8027210884353742,0.9368273280299485,0.9206088029617442,0.7097744360902256,0.6705358045247559,0.8697742082326614
0.183,0.6361185983827493,0.8027210884353742,0.9368273280299485,0.9206088029617442,0.7097744360902256,0.6705358045247559,0.8697742082326614
0.184,0.6361185983827493,0.8027210884353742,0.9368273280299485,0.9206088029617442,0.7097744360902256,0.6705358045247559,0.8697742082326614
0.185,0.6361185983827493,0.8027210884353742,0.9368273280299485,0.9206088029617442,0.7097744360902256,0.6705358045247559,0.8697742082326614
0.186,0.6395663956639567,0.8027210884353742,0.9377632194665418,0.9214315096668038,0.7119155354449472,0.6728748132118327,0.8702421539509579
0.187,0.6413043478260869,0.8027210884353742,0.9382311651848385,0.9218428630193336,0.7129909365558912,0.674050796546499,0.8704761268101063
0.188,0.6430517711171662,0.8027210884353742,0.9386991109031352,0.9222542163718634,0.7140695915279879,0.6752311381896707,0.8707100996692547
0.189,0.6430517711171662,0.8027210884353742,0.9386991109031352,0.9222542163718634,0.7140695915279879,0.6752311381896707,0.8707100996692547
0.19,0.644808743169399,0.8027210884353742,0.939167056621432,0.9226655697243933,0.7151515151515152,0.6764158677239405,0.870944072528403
0.191,0.6465753424657534,0.8027210884353742,0.9396350023397286,0.9230769230769231,0.716236722306525,0.6776050150134111,0.8711780453875514
0.192,0.6465753424657534,0.8027210884353742,0.9396350023397286,0.9230769230769231,0.716236722306525,0.6776050150134111,0.8711780453875514
0.193,0.6465753424657534,0.8027210884353742,0.9396350023397286,0.9230769230769231,0.716236722306525,0.6776050150134111,0.8711780453875514
0.194,0.6465753424657534,0.8027210884353742,0.9396350023397286,0.9230769230769231,0.716236722306525,0.6776050150134111,0.8711780453875514
0.195,0.6446280991735537,0.7959183673469388,0.9396350023397286,0.9222542163718634,0.7123287671232876,0.6729170555754787,0.8677766848433337
0.196,0.643646408839779,0.7925170068027211,0.9396350023397286,0.9218428630193336,0.7103658536585366,0.670567736651948,0.8660760045712248
0.197,0.6472222222222223,0.7925170068027211,0.940570893776322,0.9226655697243933,0.7125382262996942,0.6729622113658295,0.8665439502895216
0.198,0.649025069637883,0.7925170068027211,0.9410388394946186,0.9230769230769231,0.7136294027565084,0.6741662531015145,0.8667779231486699
0.199,0.6498599439775911,0.7891156462585034,0.9415067852129153,0.9230769230769231,0.7127496159754224,0.6730238334365194,0.8653112157357093
0.2,0.6498599439775911,0.7891156462585034,0.9415067852129153,0.9230769230769231,0.7127496159754224,0.6730238334365194,0.8653112157357093
0.201,0.648876404494382,0.7857142857142857,0.9415067852129153,0.9226655697243933,0.7107692307692308,0.6706691514140847,0.8636105354636006
0.202,0.648876404494382,0.7857142857142857,0.9415067852129153,0.9226655697243933,0.7107692307692308,0.6706691514140847,0.8636105354636006
0.203,0.648876404494382,0.7857142857142857,0.9415067852129153,0.9226655697243933,0.7107692307692308,0.6706691514140847,0.8636105354636006
0.20400000000000001,0.6507042253521127,0.7857142857142857,0.941974730931212,0.9230769230769231,0.711864406779661,0.6718833750589086,0.8638445083227488
0.20500000000000002,0.652542372881356,0.7857142857142857,0.9424426766495086,0.9234882764294529,0.7129629629629629,0.6731022672782856,0.8640784811818971
0.20600000000000002,0.652542372881356,0.7857142857142857,0.9424426766495086,0.9234882764294529,0.7129629629629629,0.6731022672782856,0.8640784811818971
0.20700000000000002,0.652542372881356,0.7857142857142857,0.9424426766495086,0.9234882764294529,0.7129629629629629,0.6731022672782856,0.8640784811818971
0.20800000000000002,0.6543909348441926,0.7857142857142857,0.9429106223678053,0.9238996297819827,0.714064914992272,0.6743258609159162,0.8643124540410455
0.209,0.6543909348441926,0.7857142857142857,0.9429106223678053,0.9238996297819827,0.714064914992272,0.6743258609159162,0.8643124540410455
0.21,0.66,0.7857142857142857,0.9443144595226953,0.9251336898395722,0.717391304347826,0.6780251836617894,0.8650143726184905
0.211,0.66189111747851,0.7857142857142857,0.944782405240992,0.9255450431921021,0.71850699844479,0.6792679179539898,0.8652483454776388
0.212,0.66189111747851,0.7857142857142857,0.944782405240992,0.9255450431921021,0.71850699844479,0.6792679179539898,0.8652483454776388
0.213,0.6609195402298851,0.782312925170068,0.944782405240992,0.9251336898395722,0.7165109034267912,0.6769132651510649,0.8635476652055301
0.214,0.6609195402298851,0.782312925170068,0.944782405240992,0.9251336898395722,0.7165109034267912,0.6769132651510649,0.8635476652055301
0.215,0.659942363112392,0.7789115646258503,0.944782405240992,0.9247223364870424,0.7145085803432137,0.674554875331493,0.8618469849334212
0.216,0.6589595375722543,0.7755102040816326,0.944782405240992,0.9243109831345125,0.7125,0.6721927219154461,0.8601463046613123
0.217,0.6579710144927536,0.7721088435374149,0.944782405240992,0.9238996297819827,0.7104851330203443,0.6698267780840667,0.8584456243892035
0.218,0.6579710144927536,0.7721088435374149,0.944782405240992,0.9238996297819827,0.7104851330203443,0.6698267780840667,0.8584456243892035
0.219,0.6579710144927536,0.7721088435374149,0.944782405240992,0.9238996297819827,0.7104851330203443,0.6698267780840667,0.8584456243892035
0.22,0.6579710144927536,0.7721088435374149,0.944782405240992,0.9238996297819827,0.7104851330203443,0.6698267780840667,0.8584456243892035
0.221,0.6598837209302325,0.7721088435374149,0.9452503509592888,0.9243109831345125,0.7115987460815048,0.6710766835125832,0.8586795972483519
0.222,0.6598837209302325,0.7721088435374149,0.9452503509592888,0.9243109831345125,0.7115987460815048,0.6710766835125832,0.8586795972483519
0.223,0.6656891495601173,0.7721088435374149,0.9466541881141788,0.9255450431921021,0.7149606299212599,0.6748563295781833,0.8593815158257969
0.224,0.6676470588235294,0.7721088435374149,0.9471221338324755,0.9259563965446318,0.7160883280757098,0.6761263095406878,0.8596154886849452
0.225,0.6715976331360947,0.7721088435374149,0.9480580252690688,0.9267791032496915,0.7183544303797469,0.6786816387279642,0.8600834344032419
0.226,0.6755952380952381,0.7721088435374149,0.9489939167056621,0.9276018099547512,0.7206349206349206,0.6812577124272218,0.8605513801215385
0.227,0.6755952380952381,0.7721088435374149,0.9489939167056621,0.9276018099547512,0.7206349206349206,0.6812577124272218,0.8605513801215385
0.228,0.6755952380952381,0.7721088435374149,0.9489939167056621,0.9276018099547512,0.7206349206349206,0.6812577124272218,0.8605513801215385
0.229,0.6776119402985075,0.7721088435374149,0.9494618624239588,0.928013163307281,0.7217806041335453,0.6825536245001282,0.8607853529806868
0.23,0.6816816816816816,0.7721088435374149,0.9503977538605521,0.9288358700123406,0.7240829346092504,0.6851613946599137,0.8612532986989836
0.231,0.6816816816816816,0.7721088435374149,0.9503977538605521,0.9288358700123406,0.7240829346092504,0.6851613946599137,0.8612532986989836
0.232,0.6837349397590361,0.7721088435374149,0.9508656995788488,0.9292472233648704,0.7252396166134185,0.6864733322013704,0.8614872715581319
0.233,0.6827794561933535,0.7687074829931972,0.9508656995788488,0.9288358700123406,0.7232,0.6841120678137366,0.859786591286023
0.234,0.6827794561933535,0.7687074829931972,0.9508656995788488,0.9288358700123406,0.7232,0.6841120678137366,0.859786591286023
0.23500000000000001,0.6848484848484848,0.7687074829931972,0.9513336452971455,0.9292472233648704,0.7243589743589743,0.685430197497353,0.8600205641451714
0.23600000000000002,0.6848484848484848,0.7687074829931972,0.9513336452971455,0.9292472233648704,0.7243589743589743,0.685430197497353,0.8600205641451714
0.23700000000000002,0.6869300911854104,0.7687074829931972,0.9518015910154423,0.9296585767174003,0.7255216693418941,0.6867538078034648,0.8602545370043198
0.23800000000000002,0.6869300911854104,0.7687074829931972,0.9518015910154423,0.9296585767174003,0.7255216693418941,0.6867538078034648,0.8602545370043198
0.23900000000000002,0.6869300911854104,0.7687074829931972,0.9518015910154423,0.9296585767174003,0.7255216693418941,0.6867538078034648,0.8602545370043198
0.24,0.6869300911854104,0.7687074829931972,0.9518015910154423,0.9296585767174003,0.7255216693418941,0.6867538078034648,0.8602545370043198
0.241,0.6890243902439024,0.7687074829931972,0.9522695367337389,0.9300699300699301,0.7266881028938906,0.6880829402003988,0.860488509863468
0.242,0.6923076923076923,0.7653061224489796,0.9532054281703323,0.93048128342246,0.7269789983844911,0.6883967582549941,0.8592557753096559
0.243,0.691358024691358,0.7619047619047619,0.9532054281703323,0.9300699300699301,0.7249190938511327,0.6860315989976128,0.857555095037547
0.244,0.691358024691358,0.7619047619047619,0.9532054281703323,0.9300699300699301,0.7249190938511327,0.6860315989976128,0.857555095037547
0.245,0.691358024691358,0.7619047619047619,0.9532054281703323,0.9300699300699301,0.7249190938511327,0.6860315989976128,0.857555095037547
0.246,0.691358024691358,0.7619047619047619,0.9532054281703323,0.9300699300699301,0.7249190938511327,0.6860315989976128,0.857555095037547
0.247,0.691358024691358,0.7619047619047619,0.9532054281703323,0.9300699300699301,0.7249190938511327,0.6860315989976128,0.857555095037547
0.248,0.691358024691358,0.7619047619047619,0.9532054281703323,0.9300699300699301,0.7249190938511327,0.6860315989976128,0.857555095037547
0.249,0.691358024691358,0.7619047619047619,0.9532054281703323,0.9300699300699301,0.7249190938511327,0.6860315989976128,0.857555095037547
0.25,0.6904024767801857,0.7585034013605442,0.9532054281703323,0.9296585767174003,0.7228525121555915,0.6836624320243991,0.8558544147654382
0.251,0.6904024767801857,0.7585034013605442,0.9532054281703323,0.9296585767174003,0.7228525121555915,0.6836624320243991,0.8558544147654382
0.252,0.6894409937888198,0.7551020408163265,0.9532054281703323,0.9292472233648704,0.7207792207792207,0.6812892274987863,0.8541537344933294
0.253,0.6894409937888198,0.7551020408163265,0.9532054281703323,0.9292472233648704,0.7207792207792207,0.6812892274987863,0.8541537344933294
0.254,0.6894409937888198,0.7551020408163265,0.9532054281703323,0.9292472233648704,0.7207792207792207,0.6812892274987863,0.8541537344933294
0.255,0.6894409937888198,0.7551020408163265,0.9532054281703323,0.9292472233648704,0.7207792207792207,0.6812892274987863,0.8541537344933294
0.256,0.6894409937888198,0.7551020408163265,0.9532054281703323,0.9292472233648704,0.7207792207792207,0.6812892274987863,0.8541537344933294
0.257,0.6894409937888198,0.7551020408163265,0.9532054281703323,0.9292472233648704,0.7207792207792207,0.6812892274987863,0.8541537344933294
0.258,0.6915887850467289,0.7551020408163265,0.9536733738886289,0.9296585767174003,0.7219512195121951,0.6826385768266621,0.8543877073524777
0.259,0.6915887850467289,0.7551020408163265,0.9536733738886289,0.9296585767174003,0.7219512195121951,0.6826385768266621,0.8543877073524777
0.26,0.6915887850467289,0.7551020408163265,0.9536733738886289,0.9296585767174003,0.7219512195121951,0.6826385768266621,0.8543877073524777
0.261,0.6915887850467289,0.7551020408163265,0.9536733738886289,0.9296585767174003,0.7219512195121951,0.6826385768266621,0.8543877073524777
0.262,0.6915887850467289,0.7551020408163265,0.9536733738886289,0.9296585767174003,0.7219512195121951,0.6826385768266621,0.8543877073524777
0.263,0.6915887850467289,0.7551020408163265,0.9536733738886289,0.9296585767174003,0.7219512195121951,0.6826385768266621,0.8543877073524777
0.264,0.6915887850467289,0.7551020408163265,0.9536733738886289,0.9296585767174003,0.7219512195121951,0.6826385768266621,0.8543877073524777
0.265,0.6927899686520376,0.7517006802721088,0.9541413196069256,0.9296585767174003,0.7210440456769984,0.6816181159760201,0.8529209999395172
0.266,0.6918238993710691,0.7482993197278912,0.9541413196069256,0.9292472233648704,0.7189542483660131,0.679238426557864,0.8512203196674084
0.267,0.6918238993710691,0.7482993197278912,0.9541413196069256,0.9292472233648704,0.7189542483660131,0.679238426557864,0.8512203196674084
0.268,0.6918238993710691,0.7482993197278912,0.9541413196069256,0.9292472233648704,0.7189542483660131,0.679238426557864,0.8512203196674084
0.269,0.6918238993710691,0.7482993197278912,0.9541413196069256,0.9292472233648704,0.7189542483660131,0.679238426557864,0.8512203196674084
0.27,0.6908517350157729,0.7448979591836735,0.9541413196069256,0.9288358700123406,0.7168576104746317,0.6768545972024137,0.8495196393952995
0.271,0.6908517350157729,0.7448979591836735,0.9541413196069256,0.9288358700123406,0.7168576104746317,0.6768545972024137,0.8495196393952995
0.272,0.6930379746835443,0.7448979591836735,0.9546092653252223,0.9292472233648704,0.7180327868852459,0.6782181429473018,0.8497536122544479
0.273,0.6952380952380952,0.7448979591836735,0.955077211043519,0.9296585767174003,0.7192118226600985,0.6795876102842271,0.8499875851135963
0.274,0.6932907348242812,0.7380952380952381,0.955077211043519,0.9288358700123406,0.71499176276771,0.6748108744192393,0.8465862245693785
0.275,0.6955128205128205,0.7380952380952381,0.9555451567618156,0.9292472233648704,0.7161716171617162,0.6761881065580397,0.8468201974285269
0.276,0.6977491961414791,0.7380952380952381,0.9560131024801123,0.9296585767174003,0.7173553719008264,0.677571396892238,0.8470541702876753
0.277,0.6977491961414791,0.7380952380952381,0.9560131024801123,0.9296585767174003,0.7173553719008264,0.677571396892238,0.8470541702876753
0.278,0.6977491961414791,0.7380952380952381,0.9560131024801123,0.9296585767174003,0.7173553719008264,0.677571396892238,0.8470541702876753
0.279,0.6957928802588996,0.7312925170068028,0.9560131024801123,0.9288358700123406,0.7131011608623549,0.6727812687728063,0.8436528097434575
0.28,0.6957928802588996,0.7312925170068028,0.9560131024801123,0.9288358700123406,0.7131011608623549,0.6727812687728063,0.8436528097434575
0.281,0.6957928802588996,0.7312925170068028,0.9560131024801123,0.9288358700123406,0.7131011608623549,0.6727812687728063,0.8436528097434575
0.28200000000000003,0.6948051948051948,0.7278911564625851,0.9560131024801123,0.9284245166598107,0.7109634551495017,0.6703797376955835,0.8419521294713487
0.28300000000000003,0.6948051948051948,0.7278911564625851,0.9560131024801123,0.9284245166598107,0.7109634551495017,0.6703797376955835,0.8419521294713487
0.28400000000000003,0.6938110749185668,0.7244897959183674,0.9560131024801123,0.928013163307281,0.7088186356073212,0.6679738510633955,0.8402514491992399
0.28500000000000003,0.6938110749185668,0.7244897959183674,0.9560131024801123,0.928013163307281,0.7088186356073212,0.6679738510633955,0.8402514491992399
0.28600000000000003,0.6938110749185668,0.7244897959183674,0.9560131024801123,0.928013163307281,0.7088186356073212,0.6679738510633955,0.8402514491992399
0.28700000000000003,0.6938110749185668,0.7244897959183674,0.9560131024801123,0.928013163307281,0.7088186356073212,0.6679738510633955,0.8402514491992399
0.28800000000000003,0.696078431372549,0.7244897959183674,0.956481048198409,0.9284245166598107,0.71,0.6693669477124292,0.8404854220583882
0.289,0.696078431372549,0.7244897959183674,0.956481048198409,0.9284245166598107,0.71,0.6693669477124292,0.8404854220583882
0.29,0.696078431372549,0.7244897959183674,0.956481048198409,0.9284245166598107,0.71,0.6693669477124292,0.8404854220583882
0.291,0.696078431372549,0.7244897959183674,0.956481048198409,0.9284245166598107,0.71,0.6693669477124292,0.8404854220583882
0.292,0.696078431372549,0.7244897959183674,0.956481048198409,0.9284245166598107,0.71,0.6693669477124292,0.8404854220583882
0.293,0.696078431372549,0.7244897959183674,0.956481048198409,0.9284245166598107,0.71,0.6693669477124292,0.8404854220583882
0.294,0.6950819672131148,0.7210884353741497,0.956481048198409,0.928013163307281,0.7078464106844741,0.6669575827717007,0.8387847417862793
0.295,0.6950819672131148,0.7210884353741497,0.956481048198409,0.928013163307281,0.7078464106844741,0.6669575827717007,0.8387847417862793
0.296,0.6950819672131148,0.7210884353741497,0.956481048198409,0.928013163307281,0.7078464106844741,0.6669575827717007,0.8387847417862793
0.297,0.694078947368421,0.717687074829932,0.956481048198409,0.9276018099547512,0.705685618729097,0.6645437889190181,0.8370840615141705
0.298,0.694078947368421,0.717687074829932,0.956481048198409,0.9276018099547512,0.705685618729097,0.6645437889190181,0.8370840615141705
0.299,0.694078947368421,0.717687074829932,0.956481048198409,0.9276018099547512,0.705685618729097,0.6645437889190181,0.8370840615141705
0.3,0.6963696369636964,0.717687074829932,0.9569489939167056,0.928013163307281,0.7068676716917923,0.6659449912483538,0.8373180343733189
0.301,0.6963696369636964,0.717687074829932,0.9569489939167056,0.928013163307281,0.7068676716917923,0.6659449912483538,0.8373180343733189
0.302,0.6963696369636964,0.717687074829932,0.9569489939167056,0.928013163307281,0.7068676716917923,0.6659449912483538,0.8373180343733189
0.303,0.7009966777408638,0.717687074829932,0.957884885353299,0.9288358700123406,0.7092436974789916,0.6687664727777456,0.8377859800916154
0.304,0.7009966777408638,0.717687074829932,0.957884885353299,0.9288358700123406,0.7092436974789916,0.6687664727777456,0.8377859800916154
0.305,0.7009966777408638,0.717687074829932,0.957884885353299,0.9288358700123406,0.7092436974789916,0.6687664727777456,0.8377859800916154
0.306,0.7,0.7142857142857143,0.957884885353299,0.9284245166598107,0.7070707070707071,0.6663510506616593,0.8360852998195066
0.307,0.7,0.7142857142857143,0.957884885353299,0.9284245166598107,0.7070707070707071,0.6663510506616593,0.8360852998195066
0.308,0.7023411371237458,0.7142857142857143,0.9583528310715957,0.9288358700123406,0.7082630691399663,0.6677724272007943,0.836319272678655
0.309,0.7023411371237458,0.7142857142857143,0.9583528310715957,0.9288358700123406,0.7082630691399663,0.6677724272007943,0.836319272678655
0.31,0.7023411371237458,0.7142857142857143,0.9583528310715957,0.9288358700123406,0.7082630691399663,0.6677724272007943,0.836319272678655
0.311,0.7046979865771812,0.7142857142857143,0.9588207767898924,0.9292472233648704,0.7094594594594594,0.6692003280761561,0.8365532455378033
0.312,0.7046979865771812,0.7142857142857143,0.9588207767898924,0.9292472233648704,0.7094594594594594,0.6692003280761561,0.8365532455378033
0.313,0.7046979865771812,0.7142857142857143,0.9588207767898924,0.9292472233648704,0.7094594594594594,0.6692003280761561,0.8365532455378033
0.314,0.7046979865771812,0.7142857142857143,0.9588207767898924,0.9292472233648704,0.7094594594594594,0.6692003280761561,0.8365532455378033
0.315,0.7046979865771812,0.7142857142857143,0.9588207767898924,0.9292472233648704,0.7094594594594594,0.6692003280761561,0.8365532455378033
0.316,0.7070707070707071,0.7142857142857143,0.9592887225081891,0.9296585767174003,0.7106598984771574,0.6706348077557427,0.8367872183969517
0.317,0.7070707070707071,0.7142857142857143,0.9592887225081891,0.9296585767174003,0.7106598984771574,0.6706348077557427,0.8367872183969517
0.318,0.7070707070707071,0.7142857142857143,0.9592887225081891,0.9296585767174003,0.7106598984771574,0.6706348077557427,0.8367872183969517
0.319,0.706081081081081,0.7108843537414966,0.9592887225081891,0.9292472233648704,0.7084745762711865,0.6682179034554314,0.8350865381248429
0.32,0.706081081081081,0.7108843537414966,0.9592887225081891,0.9292472233648704,0.7084745762711865,0.6682179034554314,0.8350865381248429
0.321,0.706081081081081,0.7108843537414966,0.9592887225081891,0.9292472233648704,0.7084745762711865,0.6682179034554314,0.8350865381248429
0.322,0.7050847457627119,0.7074829931972789,0.9592887225081891,0.9288358700123406,0.7062818336162988,0.6657964313194354,0.833385857852734
0.323,0.7064846416382252,0.7040816326530612,0.9597566682264858,0.9288358700123406,0.7052810902896082,0.66481463542385,0.8319191504397735
0.324,0.708904109589041,0.7040816326530612,0.9602246139447824,0.9292472233648704,0.7064846416382252,0.6662656824296371,0.8321531232989219
0.325,0.708904109589041,0.7040816326530612,0.9602246139447824,0.9292472233648704,0.7064846416382252,0.6662656824296371,0.8321531232989219
0.326,0.708904109589041,0.7040816326530612,0.9602246139447824,0.9292472233648704,0.7064846416382252,0.6662656824296371,0.8321531232989219
0.327,0.708904109589041,0.7040816326530612,0.9602246139447824,0.9292472233648704,0.7064846416382252,0.6662656824296371,0.8321531232989219
0.328,0.708904109589041,0.7040816326530612,0.9602246139447824,0.9292472233648704,0.7064846416382252,0.6662656824296371,0.8321531232989219
0.329,0.7079037800687286,0.7006802721088435,0.9602246139447824,0.9288358700123406,0.7042735042735043,0.6638370808562448,0.830452443026813
0.33,0.7079037800687286,0.7006802721088435,0.9602246139447824,0.9288358700123406,0.7042735042735043,0.6638370808562448,0.830452443026813
0.331,0.7079037800687286,0.7006802721088435,0.9602246139447824,0.9288358700123406,0.7042735042735043,0.6638370808562448,0.830452443026813
0.332,0.7103448275862069,0.7006802721088435,0.9606925596630791,0.9292472233648704,0.7054794520547946,0.6652960492279826,0.8306864158859613
0.333,0.7103448275862069,0.7006802721088435,0.9606925596630791,0.9292472233648704,0.7054794520547946,0.6652960492279826,0.8306864158859613
0.334,0.7103448275862069,0.7006802721088435,0.9606925596630791,0.9292472233648704,0.7054794520547946,0.6652960492279826,0.8306864158859613
0.335,0.7103448275862069,0.7006802721088435,0.9606925596630791,0.9292472233648704,0.7054794520547946,0.6652960492279826,0.8306864158859613
0.336,0.71280276816609,0.7006802721088435,0.9611605053813758,0.9296585767174003,0.7066895368782161,0.6667619271496488,0.8309203887451097
0.337,0.7118055555555556,0.6972789115646258,0.9611605053813758,0.9292472233648704,0.7044673539518901,0.6643308469574113,0.8292197084730009
0.338,0.7142857142857143,0.6972789115646258,0.9616284510996724,0.9296585767174003,0.7056798623063684,0.6658048398814247,0.8294536813321491
0.339,0.7142857142857143,0.6972789115646258,0.9616284510996724,0.9296585767174003,0.7056798623063684,0.6658048398814247,0.8294536813321491
0.34,0.7142857142857143,0.6972789115646258,0.9616284510996724,0.9296585767174003,0.7056798623063684,0.6658048398814247,0.8294536813321491
0.341,0.7142857142857143,0.6972789115646258,0.9616284510996724,0.9296585767174003,0.7056798623063684,0.6658048398814247,0.8294536813321491
0.342,0.7142857142857143,0.6972789115646258,0.9616284510996724,0.9296585767174003,0.7056798623063684,0.6658048398814247,0.8294536813321491
0.343,0.7142857142857143,0.6972789115646258,0.9616284510996724,0.9296585767174003,0.7056798623063684,0.6658048398814247,0.8294536813321491
0.34400000000000003,0.7132867132867133,0.6938775510204082,0.9616284510996724,0.9292472233648704,0.7034482758620689,0.6633701632205378,0.8277530010600402
0.34500000000000003,0.7132867132867133,0.6938775510204082,0.9616284510996724,0.9292472233648704,0.7034482758620689,0.6633701632205378,0.8277530010600402
0.34600000000000003,0.7132867132867133,0.6938775510204082,0.9616284510996724,0.9292472233648704,0.7034482758620689,0.6633701632205378,0.8277530010600402
0.34700000000000003,0.7157894736842105,0.6938775510204082,0.9620963968179691,0.9296585767174003,0.7046632124352331,0.6648523820228788,0.8279869739191886
0.34800000000000003,0.7157894736842105,0.6938775510204082,0.9620963968179691,0.9296585767174003,0.7046632124352331,0.6648523820228788,0.8279869739191886
0.34900000000000003,0.7183098591549296,0.6938775510204082,0.9625643425362658,0.9300699300699301,0.7058823529411765,0.6663417477561285,0.828220946778337
0.35000000000000003,0.7208480565371025,0.6938775510204082,0.9630322882545624,0.93048128342246,0.707105719237435,0.6678383230128222,0.8284549196374853
0.35100000000000003,0.7208480565371025,0.6938775510204082,0.9630322882545624,0.93048128342246,0.707105719237435,0.6678383230128222,0.8284549196374853
0.352,0.723404255319149,0.6938775510204082,0.9635002339728591,0.9308926367749897,0.7083333333333334,0.669342171156737,0.8286888924966336
0.353,0.7259786476868327,0.6938775510204082,0.9639681796911558,0.9313039901275195,0.7095652173913043,0.6708533563351927,0.828922865355782
0.354,0.7259786476868327,0.6938775510204082,0.9639681796911558,0.9313039901275195,0.7095652173913043,0.6708533563351927,0.828922865355782
0.355,0.7259786476868327,0.6938775510204082,0.9639681796911558,0.9313039901275195,0.7095652173913043,0.6708533563351927,0.828922865355782
0.356,0.7285714285714285,0.6938775510204082,0.9644361254094524,0.9317153434800494,0.710801393728223,0.6723719434915919,0.8291568382149304
0.357,0.7285714285714285,0.6938775510204082,0.9644361254094524,0.9317153434800494,0.710801393728223,0.6723719434915919,0.8291568382149304
0.358,0.7285714285714285,0.6938775510204082,0.9644361254094524,0.9317153434800494,0.710801393728223,0.6723719434915919,0.8291568382149304
0.359,0.7285714285714285,0.6938775510204082,0.9644361254094524,0.9317153434800494,0.710801393728223,0.6723719434915919,0.8291568382149304
0.36,0.7285714285714285,0.6938775510204082,0.9644361254094524,0.9317153434800494,0.710801393728223,0.6723719434915919,0.8291568382149304
0.361,0.7285714285714285,0.6938775510204082,0.9644361254094524,0.9317153434800494,0.710801393728223,0.6723719434915919,0.8291568382149304
0.362,0.7285714285714285,0.6938775510204082,0.9644361254094524,0.9317153434800494,0.710801393728223,0.6723719434915919,0.8291568382149304
0.363,0.7285714285714285,0.6938775510204082,0.9644361254094524,0.9317153434800494,0.710801393728223,0.6723719434915919,0.8291568382149304
0.364,0.7285714285714285,0.6938775510204082,0.9644361254094524,0.9317153434800494,0.710801393728223,0.6723719434915919,0.8291568382149304
0.365,0.7275985663082437,0.6904761904761905,0.9644361254094524,0.9313039901275195,0.7085514834205934,0.6699399071720232,0.8274561579428215
0.366,0.7328519855595668,0.6904761904761905,0.9653720168460459,0.9321266968325792,0.7110332749562172,0.6730022684339559,0.8279241036611182
0.367,0.7328519855595668,0.6904761904761905,0.9653720168460459,0.9321266968325792,0.7110332749562172,0.6730022684339559,0.8279241036611182
0.368,0.7328519855595668,0.6904761904761905,0.9653720168460459,0.9321266968325792,0.7110332749562172,0.6730022684339559,0.8279241036611182
0.369,0.7318840579710145,0.6870748299319728,0.9653720168460459,0.9317153434800494,0.7087719298245614,0.6705680923848707,0.8262234233890093
0.37,0.7318840579710145,0.6870748299319728,0.9653720168460459,0.9317153434800494,0.7087719298245614,0.6705680923848707,0.8262234233890093
0.371,0.7318840579710145,0.6870748299319728,0.9653720168460459,0.9317153434800494,0.7087719298245614,0.6705680923848707,0.8262234233890093
0.372,0.7299270072992701,0.6802721088435374,0.9653720168460459,0.9308926367749897,0.704225352112676,0.6656850081359768,0.8228220628447916
0.373,0.7279411764705882,0.673469387755102,0.9653720168460459,0.9300699300699301,0.6996466431095406,0.6607820074386062,0.819420702300574
0.374,0.7279411764705882,0.673469387755102,0.9653720168460459,0.9300699300699301,0.6996466431095406,0.6607820074386062,0.819420702300574
0.375,0.7279411764705882,0.673469387755102,0.9653720168460459,0.9300699300699301,0.6996466431095406,0.6607820074386062,0.819420702300574
0.376,0.7279411764705882,0.673469387755102,0.9653720168460459,0.9300699300699301,0.6996466431095406,0.6607820074386062,0.819420702300574
0.377,0.7306273062730627,0.673469387755102,0.9658399625643426,0.93048128342246,0.7008849557522124,0.6623315782868813,0.8196546751597222
0.378,0.7306273062730627,0.673469387755102,0.9658399625643426,0.93048128342246,0.7008849557522124,0.6623315782868813,0.8196546751597222
0.379,0.7306273062730627,0.673469387755102,0.9658399625643426,0.93048128342246,0.7008849557522124,0.6623315782868813,0.8196546751597222
0.38,0.7333333333333333,0.673469387755102,0.9663079082826392,0.9308926367749897,0.7021276595744681,0.6638890183260913,0.8198886480188706
0.381,0.7360594795539034,0.673469387755102,0.9667758540009359,0.9313039901275195,0.7033747779751333,0.665454400032997,0.820122620878019
0.382,0.7360594795539034,0.673469387755102,0.9667758540009359,0.9313039901275195,0.7033747779751333,0.665454400032997,0.820122620878019
0.383,0.7360594795539034,0.673469387755102,0.9667758540009359,0.9313039901275195,0.7033747779751333,0.665454400032997,0.820122620878019
0.384,0.7360594795539034,0.673469387755102,0.9667758540009359,0.9313039901275195,0.7033747779751333,0.665454400032997,0.820122620878019
0.385,0.7360594795539034,0.673469387755102,0.9667758540009359,0.9313039901275195,0.7033747779751333,0.665454400032997,0.820122620878019
0.386,0.7360594795539034,0.673469387755102,0.9667758540009359,0.9313039901275195,0.7033747779751333,0.665454400032997,0.820122620878019
0.387,0.7360594795539034,0.673469387755102,0.9667758540009359,0.9313039901275195,0.7033747779751333,0.665454400032997,0.820122620878019
0.388,0.7388059701492538,0.673469387755102,0.9672437997192326,0.9317153434800494,0.7046263345195729,0.6670277968240802,0.8203565937371673
0.389,0.7388059701492538,0.673469387755102,0.9672437997192326,0.9317153434800494,0.7046263345195729,0.6670277968240802,0.8203565937371673
0.39,0.7388059701492538,0.673469387755102,0.9672437997192326,0.9317153434800494,0.7046263345195729,0.6670277968240802,0.8203565937371673
0.391,0.7388059701492538,0.673469387755102,0.9672437997192326,0.9317153434800494,0.7046263345195729,0.6670277968240802,0.8203565937371673
0.392,0.7388059701492538,0.673469387755102,0.9672437997192326,0.9317153434800494,0.7046263345195729,0.6670277968240802,0.8203565937371673
0.393,0.7415730337078652,0.673469387755102,0.9677117454375292,0.9321266968325792,0.7058823529411765,0.6686092830713158,0.8205905665963156
0.394,0.7415730337078652,0.673469387755102,0.9677117454375292,0.9321266968325792,0.7058823529411765,0.6686092830713158,0.8205905665963156
0.395,0.7415730337078652,0.673469387755102,0.9677117454375292,0.9321266968325792,0.7058823529411765,0.6686092830713158,0.8205905665963156
0.396,0.7406015037593985,0.6700680272108843,0.9677117454375292,0.9317153434800494,0.7035714285714286,0.6661574650066551,0.8188898863242068
0.397,0.7406015037593985,0.6700680272108843,0.9677117454375292,0.9317153434800494,0.7035714285714286,0.6661574650066551,0.8188898863242068
0.398,0.7406015037593985,0.6700680272108843,0.9677117454375292,0.9317153434800494,0.7035714285714286,0.6661574650066551,0.8188898863242068
0.399,0.7462121212121212,0.6700680272108843,0.9686476368741226,0.932538050185109,0.7060931899641577,0.6693481606097234,0.8193578320425035
0.4,0.7462121212121212,0.6700680272108843,0.9686476368741226,0.932538050185109,0.7060931899641577,0.6693481606097234,0.8193578320425035
0.401,0.7462121212121212,0.6700680272108843,0.9686476368741226,0.932538050185109,0.7060931899641577,0.6693481606097234,0.8193578320425035
0.402,0.7462121212121212,0.6700680272108843,0.9686476368741226,0.932538050185109,0.7060931899641577,0.6693481606097234,0.8193578320425035
0.403,0.7490494296577946,0.6700680272108843,0.9691155825924193,0.9329494035376388,0.7073608617594255,0.6709560035546789,0.8195918049016517
0.404,0.7519083969465649,0.6700680272108843,0.9695835283107159,0.9333607568901686,0.7086330935251799,0.6725722815960415,0.8198257777608001
0.405,0.7547892720306514,0.6700680272108843,0.9700514740290126,0.9337721102426985,0.7099099099099099,0.6741970747949867,0.8200597506199485
0.406,0.7547892720306514,0.6700680272108843,0.9700514740290126,0.9337721102426985,0.7099099099099099,0.6741970747949867,0.8200597506199485
0.40700000000000003,0.7576923076923077,0.6700680272108843,0.9705194197473093,0.9341834635952283,0.7111913357400722,0.6758304642828386,0.8202937234790968
0.40800000000000003,0.7576923076923077,0.6700680272108843,0.9705194197473093,0.9341834635952283,0.7111913357400722,0.6758304642828386,0.8202937234790968
0.40900000000000003,0.7558139534883721,0.6632653061224489,0.9705194197473093,0.9333607568901686,0.7065217391304348,0.6709311853959901,0.8168923629348791
0.41000000000000003,0.7558139534883721,0.6632653061224489,0.9705194197473093,0.9333607568901686,0.7065217391304348,0.6709311853959901,0.8168923629348791
0.41100000000000003,0.7558139534883721,0.6632653061224489,0.9705194197473093,0.9333607568901686,0.7065217391304348,0.6709311853959901,0.8168923629348791
0.41200000000000003,0.754863813229572,0.6598639455782312,0.9705194197473093,0.9329494035376388,0.7041742286751361,0.6684737212487496,0.8151916826627703
0.41300000000000003,0.754863813229572,0.6598639455782312,0.9705194197473093,0.9329494035376388,0.7041742286751361,0.6684737212487496,0.8151916826627703
0.41400000000000003,0.754863813229572,0.6598639455782312,0.9705194197473093,0.9329494035376388,0.7041742286751361,0.6684737212487496,0.8151916826627703
0.41500000000000004,0.754863813229572,0.6598639455782312,0.9705194197473093,0.9329494035376388,0.7041742286751361,0.6684737212487496,0.8151916826627703
0.41600000000000004,0.754863813229572,0.6598639455782312,0.9705194197473093,0.9329494035376388,0.7041742286751361,0.6684737212487496,0.8151916826627703
0.417,0.7578125,0.6598639455782312,0.970987365465606,0.9333607568901686,0.7054545454545454,0.670121146637965,0.8154256555219186
0.418,0.7578125,0.6598639455782312,0.970987365465606,0.9333607568901686,0.7054545454545454,0.670121146637965,0.8154256555219186
0.419,0.7578125,0.6598639455782312,0.970987365465606,0.9333607568901686,0.7054545454545454,0.670121146637965,0.8154256555219186
0.42,0.7578125,0.6598639455782312,0.970987365465606,0.9333607568901686,0.7054545454545454,0.670121146637965,0.8154256555219186
0.421,0.7559055118110236,0.6530612244897959,0.970987365465606,0.932538050185109,0.7007299270072993,0.6651939026315963,0.812024294977701
0.422,0.7559055118110236,0.6530612244897959,0.970987365465606,0.932538050185109,0.7007299270072993,0.6651939026315963,0.812024294977701
0.423,0.7559055118110236,0.6530612244897959,0.970987365465606,0.932538050185109,0.7007299270072993,0.6651939026315963,0.812024294977701
0.424,0.7559055118110236,0.6530612244897959,0.970987365465606,0.932538050185109,0.7007299270072993,0.6651939026315963,0.812024294977701
0.425,0.758893280632411,0.6530612244897959,0.9714553111839027,0.9329494035376388,0.7020109689213894,0.6668538608232168,0.8122582678368493
0.426,0.7579365079365079,0.6496598639455783,0.9714553111839027,0.932538050185109,0.6996336996336996,0.6643840242260382,0.8105575875647405
0.427,0.7579365079365079,0.6496598639455783,0.9714553111839027,0.932538050185109,0.6996336996336996,0.6643840242260382,0.8105575875647405
0.428,0.7579365079365079,0.6496598639455783,0.9714553111839027,0.932538050185109,0.6996336996336996,0.6643840242260382,0.8105575875647405
0.429,0.7579365079365079,0.6496598639455783,0.9714553111839027,0.932538050185109,0.6996336996336996,0.6643840242260382,0.8105575875647405
0.43,0.7579365079365079,0.6496598639455783,0.9714553111839027,0.932538050185109,0.6996336996336996,0.6643840242260382,0.8105575875647405
0.431,0.7609561752988048,0.6496598639455783,0.9719232569021994,0.9329494035376388,0.7009174311926606,0.6660549057397008,0.8107915604238889
0.432,0.7609561752988048,0.6496598639455783,0.9719232569021994,0.9329494035376388,0.7009174311926606,0.6660549057397008,0.8107915604238889
0.433,0.7609561752988048,0.6496598639455783,0.9719232569021994,0.9329494035376388,0.7009174311926606,0.6660549057397008,0.8107915604238889
0.434,0.7609561752988048,0.6496598639455783,0.9719232569021994,0.9329494035376388,0.7009174311926606,0.6660549057397008,0.8107915604238889
0.435,0.764,0.6496598639455783,0.972391202620496,0.9333607568901686,0.7022058823529411,0.6677349806448245,0.8110255332830372
0.436,0.764,0.6496598639455783,0.972391202620496,0.9333607568901686,0.7022058823529411,0.6677349806448245,0.8110255332830372
0.437,0.7670682730923695,0.6496598639455783,0.9728591483387927,0.9337721102426985,0.7034990791896869,0.6694243403738033,0.8112595061421854
0.438,0.7701612903225806,0.6496598639455783,0.9733270940570894,0.9341834635952283,0.7047970479704797,0.6711230776403055,0.8114934790013338
0.439,0.7732793522267206,0.6496598639455783,0.9737950397753861,0.9345948169477581,0.7060998151571165,0.672831286462519,0.8117274518604822
0.44,0.7732793522267206,0.6496598639455783,0.9737950397753861,0.9345948169477581,0.7060998151571165,0.672831286462519,0.8117274518604822
0.441,0.7732793522267206,0.6496598639455783,0.9737950397753861,0.9345948169477581,0.7060998151571165,0.672831286462519,0.8117274518604822
0.442,0.7732793522267206,0.6496598639455783,0.9737950397753861,0.9345948169477581,0.7060998151571165,0.672831286462519,0.8117274518604822
0.443,0.7732793522267206,0.6496598639455783,0.9737950397753861,0.9345948169477581,0.7060998151571165,0.672831286462519,0.8117274518604822
0.444,0.7732793522267206,0.6496598639455783,0.9737950397753861,0.9345948169477581,0.7060998151571165,0.672831286462519,0.8117274518604822
0.445,0.7732793522267206,0.6496598639455783,0.9737950397753861,0.9345948169477581,0.7060998151571165,0.672831286462519,0.8117274518604822
0.446,0.7732793522267206,0.6496598639455783,0.9737950397753861,0.9345948169477581,0.7060998151571165,0.672831286462519,0.8117274518604822
0.447,0.7764227642276422,0.6496598639455783,0.9742629854936827,0.935006170300288,0.7074074074074074,0.6745490621869136,0.8119614247196305
0.448,0.7764227642276422,0.6496598639455783,0.9742629854936827,0.935006170300288,0.7074074074074074,0.6745490621869136,0.8119614247196305
0.449,0.7764227642276422,0.6496598639455783,0.9742629854936827,0.935006170300288,0.7074074074074074,0.6745490621869136,0.8119614247196305
0.45,0.7764227642276422,0.6496598639455783,0.9742629854936827,0.935006170300288,0.7074074074074074,0.6745490621869136,0.8119614247196305
0.451,0.7764227642276422,0.6496598639455783,0.9742629854936827,0.935006170300288,0.7074074074074074,0.6745490621869136,0.8119614247196305
0.452,0.7764227642276422,0.6496598639455783,0.9742629854936827,0.935006170300288,0.7074074074074074,0.6745490621869136,0.8119614247196305
0.453,0.7795918367346939,0.6496598639455783,0.9747309312119794,0.9354175236528177,0.7087198515769945,0.676276501512537,0.8121953975787788
0.454,0.7795918367346939,0.6496598639455783,0.9747309312119794,0.9354175236528177,0.7087198515769945,0.676276501512537,0.8121953975787788
0.455,0.7860082304526749,0.6496598639455783,0.9756668226485727,0.9362402303578774,0.7113594040968343,0.679760764676157,0.8126633432970756
0.456,0.7860082304526749,0.6496598639455783,0.9756668226485727,0.9362402303578774,0.7113594040968343,0.679760764676157,0.8126633432970756
0.457,0.7860082304526749,0.6496598639455783,0.9756668226485727,0.9362402303578774,0.7113594040968343,0.679760764676157,0.8126633432970756
0.458,0.7860082304526749,0.6496598639455783,0.9756668226485727,0.9362402303578774,0.7113594040968343,0.679760764676157,0.8126633432970756
0.459,0.7860082304526749,0.6496598639455783,0.9756668226485727,0.9362402303578774,0.7113594040968343,0.679760764676157,0.8126633432970756
0.46,0.7860082304526749,0.6496598639455783,0.9756668226485727,0.9362402303578774,0.7113594040968343,0.679760764676157,0.8126633432970756
0.461,0.7860082304526749,0.6496598639455783,0.9756668226485727,0.9362402303578774,0.7113594040968343,0.679760764676157,0.8126633432970756
0.462,0.7860082304526749,0.6496598639455783,0.9756668226485727,0.9362402303578774,0.7113594040968343,0.679760764676157,0.8126633432970756
0.463,0.7860082304526749,0.6496598639455783,0.9756668226485727,0.9362402303578774,0.7113594040968343,0.679760764676157,0.8126633432970756
0.464,0.7860082304526749,0.6496598639455783,0.9756668226485727,0.9362402303578774,0.7113594040968343,0.679760764676157,0.8126633432970756
0.465,0.7860082304526749,0.6496598639455783,0.9756668226485727,0.9362402303578774,0.7113594040968343,0.679760764676157,0.8126633432970756
0.466,0.7860082304526749,0.6496598639455783,0.9756668226485727,0.9362402303578774,0.7113594040968343,0.679760764676157,0.8126633432970756
0.467,0.7860082304526749,0.6496598639455783,0.9756668226485727,0.9362402303578774,0.7113594040968343,0.679760764676157,0.8126633432970756
0.468,0.7860082304526749,0.6496598639455783,0.9756668226485727,0.9362402303578774,0.7113594040968343,0.679760764676157,0.8126633432970756
0.46900000000000003,0.7860082304526749,0.6496598639455783,0.9756668226485727,0.9362402303578774,0.7113594040968343,0.679760764676157,0.8126633432970756
0.47000000000000003,0.7860082304526749,0.6496598639455783,0.9756668226485727,0.9362402303578774,0.7113594040968343,0.679760764676157,0.8126633432970756
0.47100000000000003,0.7860082304526749,0.6496598639455783,0.9756668226485727,0.9362402303578774,0.7113594040968343,0.679760764676157,0.8126633432970756
0.47200000000000003,0.7883817427385892,0.6462585034013606,0.9761347683668694,0.9362402303578774,0.7102803738317757,0.6790632642121376,0.811196635884115
0.47300000000000003,0.7883817427385892,0.6462585034013606,0.9761347683668694,0.9362402303578774,0.7102803738317757,0.6790632642121376,0.811196635884115
0.47400000000000003,0.7883817427385892,0.6462585034013606,0.9761347683668694,0.9362402303578774,0.7102803738317757,0.6790632642121376,0.811196635884115
0.47500000000000003,0.7883817427385892,0.6462585034013606,0.9761347683668694,0.9362402303578774,0.7102803738317757,0.6790632642121376,0.811196635884115
0.47600000000000003,0.7875,0.6428571428571429,0.9761347683668694,0.9358288770053476,0.7078651685393258,0.676603267054422,0.8094959556120062
0.47700000000000004,0.7875,0.6428571428571429,0.9761347683668694,0.9358288770053476,0.7078651685393258,0.676603267054422,0.8094959556120062
0.47800000000000004,0.7875,0.6428571428571429,0.9761347683668694,0.9358288770053476,0.7078651685393258,0.676603267054422,0.8094959556120062
0.47900000000000004,0.7875,0.6428571428571429,0.9761347683668694,0.9358288770053476,0.7078651685393258,0.676603267054422,0.8094959556120062
0.48,0.7875,0.6428571428571429,0.9761347683668694,0.9358288770053476,0.7078651685393258,0.676603267054422,0.8094959556120062
0.481,0.7875,0.6428571428571429,0.9761347683668694,0.9358288770053476,0.7078651685393258,0.676603267054422,0.8094959556120062
0.482,0.7875,0.6428571428571429,0.9761347683668694,0.9358288770053476,0.7078651685393258,0.676603267054422,0.8094959556120062
0.483,0.7875,0.6428571428571429,0.9761347683668694,0.9358288770053476,0.7078651685393258,0.676603267054422,0.8094959556120062
0.484,0.7875,0.6428571428571429,0.9761347683668694,0.9358288770053476,0.7078651685393258,0.676603267054422,0.8094959556120062
0.485,0.7875,0.6428571428571429,0.9761347683668694,0.9358288770053476,0.7078651685393258,0.676603267054422,0.8094959556120062
0.486,0.7875,0.6428571428571429,0.9761347683668694,0.9358288770053476,0.7078651685393258,0.676603267054422,0.8094959556120062
0.487,0.7875,0.6428571428571429,0.9761347683668694,0.9358288770053476,0.7078651685393258,0.676603267054422,0.8094959556120062
0.488,0.7875,0.6428571428571429,0.9761347683668694,0.9358288770053476,0.7078651685393258,0.676603267054422,0.8094959556120062
0.489,0.7875,0.6428571428571429,0.9761347683668694,0.9358288770053476,0.7078651685393258,0.676603267054422,0.8094959556120062
0.49,0.7875,0.6428571428571429,0.9761347683668694,0.9358288770053476,0.7078651685393258,0.676603267054422,0.8094959556120062
0.491,0.7875,0.6428571428571429,0.9761347683668694,0.9358288770053476,0.7078651685393258,0.676603267054422,0.8094959556120062
0.492,0.7907949790794979,0.6428571428571429,0.9766027140851661,0.9362402303578774,0.7091932457786116,0.6783750534496286,0.8097299284711545
0.493,0.7907949790794979,0.6428571428571429,0.9766027140851661,0.9362402303578774,0.7091932457786116,0.6783750534496286,0.8097299284711545
0.494,0.7907949790794979,0.6428571428571429,0.9766027140851661,0.9362402303578774,0.7091932457786116,0.6783750534496286,0.8097299284711545
0.495,0.7932489451476793,0.6394557823129252,0.9770706598034627,0.9362402303578774,0.7080979284369114,0.677696354380972,0.8082632210581939
0.496,0.7932489451476793,0.6394557823129252,0.9770706598034627,0.9362402303578774,0.7080979284369114,0.677696354380972,0.8082632210581939
0.497,0.7932489451476793,0.6394557823129252,0.9770706598034627,0.9362402303578774,0.7080979284369114,0.677696354380972,0.8082632210581939
0.498,0.7932489451476793,0.6394557823129252,0.9770706598034627,0.9362402303578774,0.7080979284369114,0.677696354380972,0.8082632210581939
0.499,0.7932489451476793,0.6394557823129252,0.9770706598034627,0.9362402303578774,0.7080979284369114,0.677696354380972,0.8082632210581939
0.5,0.7932489451476793,0.6394557823129252,0.9770706598034627,0.9362402303578774,0.7080979284369114,0.677696354380972,0.8082632210581939
0.501,0.7991452991452992,0.6360544217687075,0.9780065512400562,0.9366515837104072,0.7083333333333334,0.6788353744719542,0.8070304865043818
0.502,0.7991452991452992,0.6360544217687075,0.9780065512400562,0.9366515837104072,0.7083333333333334,0.6788353744719542,0.8070304865043818
0.503,0.7991452991452992,0.6360544217687075,0.9780065512400562,0.9366515837104072,0.7083333333333334,0.6788353744719542,0.8070304865043818
0.504,0.7991452991452992,0.6360544217687075,0.9780065512400562,0.9366515837104072,0.7083333333333334,0.6788353744719542,0.8070304865043818
0.505,0.7991452991452992,0.6360544217687075,0.9780065512400562,0.9366515837104072,0.7083333333333334,0.6788353744719542,0.8070304865043818
0.506,0.8060344827586207,0.6360544217687075,0.9789424426766495,0.9374742904154669,0.7110266159695817,0.6824836014214007,0.8074984322226786
0.507,0.8060344827586207,0.6360544217687075,0.9789424426766495,0.9374742904154669,0.7110266159695817,0.6824836014214007,0.8074984322226786
0.508,0.8060344827586207,0.6360544217687075,0.9789424426766495,0.9374742904154669,0.7110266159695817,0.6824836014214007,0.8074984322226786
0.509,0.8060344827586207,0.6360544217687075,0.9789424426766495,0.9374742904154669,0.7110266159695817,0.6824836014214007,0.8074984322226786
0.51,0.8060344827586207,0.6360544217687075,0.9789424426766495,0.9374742904154669,0.7110266159695817,0.6824836014214007,0.8074984322226786
0.511,0.8060344827586207,0.6360544217687075,0.9789424426766495,0.9374742904154669,0.7110266159695817,0.6824836014214007,0.8074984322226786
0.512,0.8060344827586207,0.6360544217687075,0.9789424426766495,0.9374742904154669,0.7110266159695817,0.6824836014214007,0.8074984322226786
0.513,0.8060344827586207,0.6360544217687075,0.9789424426766495,0.9374742904154669,0.7110266159695817,0.6824836014214007,0.8074984322226786
0.514,0.8060344827586207,0.6360544217687075,0.9789424426766495,0.9374742904154669,0.7110266159695817,0.6824836014214007,0.8074984322226786
0.515,0.8060344827586207,0.6360544217687075,0.9789424426766495,0.9374742904154669,0.7110266159695817,0.6824836014214007,0.8074984322226786
0.516,0.8060344827586207,0.6360544217687075,0.9789424426766495,0.9374742904154669,0.7110266159695817,0.6824836014214007,0.8074984322226786
0.517,0.8060344827586207,0.6360544217687075,0.9789424426766495,0.9374742904154669,0.7110266159695817,0.6824836014214007,0.8074984322226786
0.518,0.8095238095238095,0.6360544217687075,0.9794103883949462,0.9378856437679967,0.7123809523809523,0.684324080709589,0.8077324050818269
0.519,0.8095238095238095,0.6360544217687075,0.9794103883949462,0.9378856437679967,0.7123809523809523,0.684324080709589,0.8077324050818269
0.52,0.8095238095238095,0.6360544217687075,0.9794103883949462,0.9378856437679967,0.7123809523809523,0.684324080709589,0.8077324050818269
0.521,0.8095238095238095,0.6360544217687075,0.9794103883949462,0.9378856437679967,0.7123809523809523,0.684324080709589,0.8077324050818269
0.522,0.8095238095238095,0.6360544217687075,0.9794103883949462,0.9378856437679967,0.7123809523809523,0.684324080709589,0.8077324050818269
0.523,0.8130434782608695,0.6360544217687075,0.9798783341132429,0.9382969971205265,0.7137404580152672,0.6861756271065521,0.8079663779409751
0.524,0.8130434782608695,0.6360544217687075,0.9798783341132429,0.9382969971205265,0.7137404580152672,0.6861756271065521,0.8079663779409751
0.525,0.8130434782608695,0.6360544217687075,0.9798783341132429,0.9382969971205265,0.7137404580152672,0.6861756271065521,0.8079663779409751
0.526,0.8130434782608695,0.6360544217687075,0.9798783341132429,0.9382969971205265,0.7137404580152672,0.6861756271065521,0.8079663779409751
0.527,0.8130434782608695,0.6360544217687075,0.9798783341132429,0.9382969971205265,0.7137404580152672,0.6861756271065521,0.8079663779409751
0.528,0.8130434782608695,0.6360544217687075,0.9798783341132429,0.9382969971205265,0.7137404580152672,0.6861756271065521,0.8079663779409751
0.529,0.8130434782608695,0.6360544217687075,0.9798783341132429,0.9382969971205265,0.7137404580152672,0.6861756271065521,0.8079663779409751
0.53,0.8165938864628821,0.6360544217687075,0.9803462798315395,0.9387083504730563,0.7151051625239006,0.6880383602649842,0.8082003508001235
0.531,0.8165938864628821,0.6360544217687075,0.9803462798315395,0.9387083504730563,0.7151051625239006,0.6880383602649842,0.8082003508001235
0.532,0.8165938864628821,0.6360544217687075,0.9803462798315395,0.9387083504730563,0.7151051625239006,0.6880383602649842,0.8082003508001235
0.533,0.8165938864628821,0.6360544217687075,0.9803462798315395,0.9387083504730563,0.7151051625239006,0.6880383602649842,0.8082003508001235
0.534,0.8237885462555066,0.6360544217687075,0.9812821712681329,0.939531057178116,0.7178502879078695,0.6917978746346022,0.8086682965184202
0.535,0.8237885462555066,0.6360544217687075,0.9812821712681329,0.939531057178116,0.7178502879078695,0.6917978746346022,0.8086682965184202
0.536,0.8230088495575221,0.6326530612244898,0.9812821712681329,0.9391197038255862,0.7153846153846154,0.6893502972327668,0.8069676162463113
0.537,0.8230088495575221,0.6326530612244898,0.9812821712681329,0.9391197038255862,0.7153846153846154,0.6893502972327668,0.8069676162463113
0.538,0.8230088495575221,0.6326530612244898,0.9812821712681329,0.9391197038255862,0.7153846153846154,0.6893502972327668,0.8069676162463113
0.539,0.8230088495575221,0.6326530612244898,0.9812821712681329,0.9391197038255862,0.7153846153846154,0.6893502972327668,0.8069676162463113
0.54,0.8230088495575221,0.6326530612244898,0.9812821712681329,0.9391197038255862,0.7153846153846154,0.6893502972327668,0.8069676162463113
0.541,0.8230088495575221,0.6326530612244898,0.9812821712681329,0.9391197038255862,0.7153846153846154,0.6893502972327668,0.8069676162463113
0.542,0.8230088495575221,0.6326530612244898,0.9812821712681329,0.9391197038255862,0.7153846153846154,0.6893502972327668,0.8069676162463113
0.543,0.8230088495575221,0.6326530612244898,0.9812821712681329,0.9391197038255862,0.7153846153846154,0.6893502972327668,0.8069676162463113
0.544,0.8230088495575221,0.6326530612244898,0.9812821712681329,0.9391197038255862,0.7153846153846154,0.6893502972327668,0.8069676162463113
0.545,0.8230088495575221,0.6326530612244898,0.9812821712681329,0.9391197038255862,0.7153846153846154,0.6893502972327668,0.8069676162463113
0.546,0.8230088495575221,0.6326530612244898,0.9812821712681329,0.9391197038255862,0.7153846153846154,0.6893502972327668,0.8069676162463113
0.547,0.8230088495575221,0.6326530612244898,0.9812821712681329,0.9391197038255862,0.7153846153846154,0.6893502972327668,0.8069676162463113
0.548,0.8230088495575221,0.6326530612244898,0.9812821712681329,0.9391197038255862,0.7153846153846154,0.6893502972327668,0.8069676162463113
0.549,0.8230088495575221,0.6326530612244898,0.9812821712681329,0.9391197038255862,0.7153846153846154,0.6893502972327668,0.8069676162463113
0.55,0.8230088495575221,0.6326530612244898,0.9812821712681329,0.9391197038255862,0.7153846153846154,0.6893502972327668,0.8069676162463113
0.551,0.8230088495575221,0.6326530612244898,0.9812821712681329,0.9391197038255862,0.7153846153846154,0.6893502972327668,0.8069676162463113
0.552,0.8230088495575221,0.6326530612244898,0.9812821712681329,0.9391197038255862,0.7153846153846154,0.6893502972327668,0.8069676162463113
0.553,0.8230088495575221,0.6326530612244898,0.9812821712681329,0.9391197038255862,0.7153846153846154,0.6893502972327668,0.8069676162463113
0.554,0.8266666666666667,0.6326530612244898,0.9817501169864296,0.939531057178116,0.7167630057803468,0.6912503540395761,0.8072015891054597
0.555,0.8266666666666667,0.6326530612244898,0.9817501169864296,0.939531057178116,0.7167630057803468,0.6912503540395761,0.8072015891054597
0.556,0.8266666666666667,0.6326530612244898,0.9817501169864296,0.939531057178116,0.7167630057803468,0.6912503540395761,0.8072015891054597
0.557,0.8266666666666667,0.6326530612244898,0.9817501169864296,0.939531057178116,0.7167630057803468,0.6912503540395761,0.8072015891054597
0.558,0.8266666666666667,0.6326530612244898,0.9817501169864296,0.939531057178116,0.7167630057803468,0.6912503540395761,0.8072015891054597
0.559,0.8258928571428571,0.6292517006802721,0.9817501169864296,0.9391197038255862,0.7142857142857143,0.6888001813137166,0.8055009088333509
0.56,0.8295964125560538,0.6292517006802721,0.9822180627047262,0.939531057178116,0.7156673114119922,0.6907150940865217,0.8057348816924992
0.561,0.8295964125560538,0.6292517006802721,0.9822180627047262,0.939531057178116,0.7156673114119922,0.6907150940865217,0.8057348816924992
0.562,0.8295964125560538,0.6292517006802721,0.9822180627047262,0.939531057178116,0.7156673114119922,0.6907150940865217,0.8057348816924992
0.5630000000000001,0.8295964125560538,0.6292517006802721,0.9822180627047262,0.939531057178116,0.7156673114119922,0.6907150940865217,0.8057348816924992
0.5640000000000001,0.8295964125560538,0.6292517006802721,0.9822180627047262,0.939531057178116,0.7156673114119922,0.6907150940865217,0.8057348816924992
0.5650000000000001,0.8295964125560538,0.6292517006802721,0.9822180627047262,0.939531057178116,0.7156673114119922,0.6907150940865217,0.8057348816924992
0.5660000000000001,0.8295964125560538,0.6292517006802721,0.9822180627047262,0.939531057178116,0.7156673114119922,0.6907150940865217,0.8057348816924992
0.5670000000000001,0.8333333333333334,0.6292517006802721,0.9826860084230229,0.9399424105306459,0.7170542635658915,0.6926419600425274,0.8059688545516475
0.5680000000000001,0.8363636363636363,0.6258503401360545,0.9831539541413196,0.9399424105306459,0.7159533073929961,0.6921346148073853,0.8045021471386871
0.5690000000000001,0.8356164383561644,0.6224489795918368,0.9831539541413196,0.939531057178116,0.7134502923976608,0.6896826136513123,0.8028014668665782
0.5700000000000001,0.8394495412844036,0.6224489795918368,0.9836218998596162,0.9399424105306459,0.71484375,0.691640458483559,0.8030354397257264
0.5710000000000001,0.8394495412844036,0.6224489795918368,0.9836218998596162,0.9399424105306459,0.71484375,0.691640458483559,0.8030354397257264
0.5720000000000001,0.8394495412844036,0.6224489795918368,0.9836218998596162,0.9399424105306459,0.71484375,0.691640458483559,0.8030354397257264
0.5730000000000001,0.8394495412844036,0.6224489795918368,0.9836218998596162,0.9399424105306459,0.71484375,0.691640458483559,0.8030354397257264
0.5740000000000001,0.8394495412844036,0.6224489795918368,0.9836218998596162,0.9399424105306459,0.71484375,0.691640458483559,0.8030354397257264
0.5750000000000001,0.8394495412844036,0.6224489795918368,0.9836218998596162,0.9399424105306459,0.71484375,0.691640458483559,0.8030354397257264
0.5760000000000001,0.8394495412844036,0.6224489795918368,0.9836218998596162,0.9399424105306459,0.71484375,0.691640458483559,0.8030354397257264
0.577,0.8387096774193549,0.6190476190476191,0.9836218998596162,0.939531057178116,0.7123287671232876,0.6891860495226053,0.8013347594536177
0.578,0.8387096774193549,0.6190476190476191,0.9836218998596162,0.939531057178116,0.7123287671232876,0.6891860495226053,0.8013347594536177
0.579,0.8372093023255814,0.6122448979591837,0.9836218998596162,0.9387083504730563,0.7072691552062869,0.6842597669892198,0.7979333989094
0.58,0.8372093023255814,0.6122448979591837,0.9836218998596162,0.9387083504730563,0.7072691552062869,0.6842597669892198,0.7979333989094
0.581,0.8372093023255814,0.6122448979591837,0.9836218998596162,0.9387083504730563,0.7072691552062869,0.6842597669892198,0.7979333989094
0.582,0.8372093023255814,0.6122448979591837,0.9836218998596162,0.9387083504730563,0.7072691552062869,0.6842597669892198,0.7979333989094
0.583,0.8372093023255814,0.6122448979591837,0.9836218998596162,0.9387083504730563,0.7072691552062869,0.6842597669892198,0.7979333989094
0.584,0.8372093023255814,0.6122448979591837,0.9836218998596162,0.9387083504730563,0.7072691552062869,0.6842597669892198,0.7979333989094
0.585,0.8372093023255814,0.6122448979591837,0.9836218998596162,0.9387083504730563,0.7072691552062869,0.6842597669892198,0.7979333989094
0.586,0.8411214953271028,0.6122448979591837,0.984089845577913,0.9391197038255862,0.7086614173228346,0.6862404377321739,0.7981673717685484
0.587,0.8411214953271028,0.6122448979591837,0.984089845577913,0.9391197038255862,0.7086614173228346,0.6862404377321739,0.7981673717685484
0.588,0.8411214953271028,0.6122448979591837,0.984089845577913,0.9391197038255862,0.7086614173228346,0.6862404377321739,0.7981673717685484
0.589,0.8403755868544601,0.608843537414966,0.984089845577913,0.9387083504730563,0.7061143984220908,0.6837719107804007,0.7964666914964396
0.59,0.8403755868544601,0.608843537414966,0.984089845577913,0.9387083504730563,0.7061143984220908,0.6837719107804007,0.7964666914964396
0.591,0.8403755868544601,0.608843537414966,0.984089845577913,0.9387083504730563,0.7061143984220908,0.6837719107804007,0.7964666914964396
0.592,0.8403755868544601,0.608843537414966,0.984089845577913,0.9387083504730563,0.7061143984220908,0.6837719107804007,0.7964666914964396
0.593,0.839622641509434,0.6054421768707483,0.984089845577913,0.9382969971205265,0.7035573122529645,0.6812974210260575,0.7947660112243307
0.594,0.839622641509434,0.6054421768707483,0.984089845577913,0.9382969971205265,0.7035573122529645,0.6812974210260575,0.7947660112243307
0.595,0.8428571428571429,0.6020408163265306,0.9845577912962097,0.9382969971205265,0.7023809523809523,0.6808211321314037,0.7932993038113701
0.596,0.8421052631578947,0.5986394557823129,0.9845577912962097,0.9378856437679967,0.6998011928429424,0.6783381165149566,0.7915986235392614
0.597,0.8421052631578947,0.5986394557823129,0.9845577912962097,0.9378856437679967,0.6998011928429424,0.6783381165149566,0.7915986235392614
0.598,0.8413461538461539,0.5952380952380952,0.9845577912962097,0.9374742904154669,0.6972111553784861,0.6758489716274576,0.7898979432671525
0.599,0.8413461538461539,0.5952380952380952,0.9845577912962097,0.9374742904154669,0.6972111553784861,0.6758489716274576,0.7898979432671525
0.6,0.8413461538461539,0.5952380952380952,0.9845577912962097,0.9374742904154669,0.6972111553784861,0.6758489716274576,0.7898979432671525
0.601,0.8413461538461539,0.5952380952380952,0.9845577912962097,0.9374742904154669,0.6972111553784861,0.6758489716274576,0.7898979432671525
0.602,0.8413461538461539,0.5952380952380952,0.9845577912962097,0.9374742904154669,0.6972111553784861,0.6758489716274576,0.7898979432671525
0.603,0.8405797101449275,0.5918367346938775,0.9845577912962097,0.9370629370629371,0.6946107784431138,0.6733536363023942,0.7881972629950436
0.604,0.8405797101449275,0.5918367346938775,0.9845577912962097,0.9370629370629371,0.6946107784431138,0.6733536363023942,0.7881972629950436
0.605,0.8405797101449275,0.5918367346938775,0.9845577912962097,0.9370629370629371,0.6946107784431138,0.6733536363023942,0.7881972629950436
0.606,0.8405797101449275,0.5918367346938775,0.9845577912962097,0.9370629370629371,0.6946107784431138,0.6733536363023942,0.7881972629950436
0.607,0.8405797101449275,0.5918367346938775,0.9845577912962097,0.9370629370629371,0.6946107784431138,0.6733536363023942,0.7881972629950436
0.608,0.8405797101449275,0.5918367346938775,0.9845577912962097,0.9370629370629371,0.6946107784431138,0.6733536363023942,0.7881972629950436
0.609,0.8405797101449275,0.5918367346938775,0.9845577912962097,0.9370629370629371,0.6946107784431138,0.6733536363023942,0.7881972629950436
0.61,0.8398058252427184,0.5884353741496599,0.9845577912962097,0.9366515837104072,0.692,0.6708520484921975,0.7864965827229348
0.611,0.8398058252427184,0.5884353741496599,0.9845577912962097,0.9366515837104072,0.692,0.6708520484921975,0.7864965827229348
0.612,0.8390243902439024,0.5850340136054422,0.9845577912962097,0.9362402303578774,0.6893787575150301,0.6683441452507453,0.784795902450826
0.613,0.8390243902439024,0.5850340136054422,0.9845577912962097,0.9362402303578774,0.6893787575150301,0.6683441452507453,0.784795902450826
0.614,0.8390243902439024,0.5850340136054422,0.9845577912962097,0.9362402303578774,0.6893787575150301,0.6683441452507453,0.784795902450826
0.615,0.8390243902439024,0.5850340136054422,0.9845577912962097,0.9362402303578774,0.6893787575150301,0.6683441452507453,0.784795902450826
0.616,0.8390243902439024,0.5850340136054422,0.9845577912962097,0.9362402303578774,0.6893787575150301,0.6683441452507453,0.784795902450826
0.617,0.8390243902439024,0.5850340136054422,0.9845577912962097,0.9362402303578774,0.6893787575150301,0.6683441452507453,0.784795902450826
0.618,0.8390243902439024,0.5850340136054422,0.9845577912962097,0.9362402303578774,0.6893787575150301,0.6683441452507453,0.784795902450826
0.619,0.8390243902439024,0.5850340136054422,0.9845577912962097,0.9362402303578774,0.6893787575150301,0.6683441452507453,0.784795902450826
0.62,0.8390243902439024,0.5850340136054422,0.9845577912962097,0.9362402303578774,0.6893787575150301,0.6683441452507453,0.784795902450826
0.621,0.8390243902439024,0.5850340136054422,0.9845577912962097,0.9362402303578774,0.6893787575150301,0.6683441452507453,0.784795902450826
0.622,0.8390243902439024,0.5850340136054422,0.9845577912962097,0.9362402303578774,0.6893787575150301,0.6683441452507453,0.784795902450826
0.623,0.8390243902439024,0.5850340136054422,0.9845577912962097,0.9362402303578774,0.6893787575150301,0.6683441452507453,0.784795902450826
0.624,0.8423645320197044,0.5816326530612245,0.9850257370145064,0.9362402303578774,0.6881287726358148,0.6678695411642431,0.7833291950378654
0.625,0.8423645320197044,0.5816326530612245,0.9850257370145064,0.9362402303578774,0.6881287726358148,0.6678695411642431,0.7833291950378654
0.626,0.8423645320197044,0.5816326530612245,0.9850257370145064,0.9362402303578774,0.6881287726358148,0.6678695411642431,0.7833291950378654
0.627,0.8423645320197044,0.5816326530612245,0.9850257370145064,0.9362402303578774,0.6881287726358148,0.6678695411642431,0.7833291950378654
0.628,0.8423645320197044,0.5816326530612245,0.9850257370145064,0.9362402303578774,0.6881287726358148,0.6678695411642431,0.7833291950378654
0.629,0.8423645320197044,0.5816326530612245,0.9850257370145064,0.9362402303578774,0.6881287726358148,0.6678695411642431,0.7833291950378654
0.63,0.8423645320197044,0.5816326530612245,0.9850257370145064,0.9362402303578774,0.6881287726358148,0.6678695411642431,0.7833291950378654
0.631,0.8423645320197044,0.5816326530612245,0.9850257370145064,0.9362402303578774,0.6881287726358148,0.6678695411642431,0.7833291950378654
0.632,0.8465346534653465,0.5816326530612245,0.985493682732803,0.9366515837104072,0.6895161290322581,0.6699232069310559,0.7835631678970137
0.633,0.8465346534653465,0.5816326530612245,0.985493682732803,0.9366515837104072,0.6895161290322581,0.6699232069310559,0.7835631678970137
0.634,0.8465346534653465,0.5816326530612245,0.985493682732803,0.9366515837104072,0.6895161290322581,0.6699232069310559,0.7835631678970137
0.635,0.8465346534653465,0.5816326530612245,0.985493682732803,0.9366515837104072,0.6895161290322581,0.6699232069310559,0.7835631678970137
0.636,0.8465346534653465,0.5816326530612245,0.985493682732803,0.9366515837104072,0.6895161290322581,0.6699232069310559,0.7835631678970137
0.637,0.8465346534653465,0.5816326530612245,0.985493682732803,0.9366515837104072,0.6895161290322581,0.6699232069310559,0.7835631678970137
0.638,0.8465346534653465,0.5816326530612245,0.985493682732803,0.9366515837104072,0.6895161290322581,0.6699232069310559,0.7835631678970137
0.639,0.8465346534653465,0.5816326530612245,0.985493682732803,0.9366515837104072,0.6895161290322581,0.6699232069310559,0.7835631678970137
0.64,0.8465346534653465,0.5816326530612245,0.985493682732803,0.9366515837104072,0.6895161290322581,0.6699232069310559,0.7835631678970137
0.641,0.845771144278607,0.5782312925170068,0.985493682732803,0.9362402303578774,0.6868686868686869,0.6674100503093634,0.781862487624905
0.642,0.845771144278607,0.5782312925170068,0.985493682732803,0.9362402303578774,0.6868686868686869,0.6674100503093634,0.781862487624905
0.643,0.845771144278607,0.5782312925170068,0.985493682732803,0.9362402303578774,0.6868686868686869,0.6674100503093634,0.781862487624905
0.644,0.845,0.5748299319727891,0.985493682732803,0.9358288770053476,0.6842105263157895,0.6648904106499289,0.780161807352796
0.645,0.845,0.5748299319727891,0.985493682732803,0.9358288770053476,0.6842105263157895,0.6648904106499289,0.780161807352796
0.646,0.845,0.5748299319727891,0.985493682732803,0.9358288770053476,0.6842105263157895,0.6648904106499289,0.780161807352796
0.647,0.845,0.5748299319727891,0.985493682732803,0.9358288770053476,0.6842105263157895,0.6648904106499289,0.780161807352796
0.648,0.845,0.5748299319727891,0.985493682732803,0.9358288770053476,0.6842105263157895,0.6648904106499289,0.780161807352796
0.649,0.845,0.5748299319727891,0.985493682732803,0.9358288770053476,0.6842105263157895,0.6648904106499289,0.780161807352796
0.65,0.845,0.5748299319727891,0.985493682732803,0.9358288770053476,0.6842105263157895,0.6648904106499289,0.780161807352796
0.651,0.845,0.5748299319727891,0.985493682732803,0.9358288770053476,0.6842105263157895,0.6648904106499289,0.780161807352796
0.652,0.845,0.5748299319727891,0.985493682732803,0.9358288770053476,0.6842105263157895,0.6648904106499289,0.780161807352796
0.653,0.845,0.5748299319727891,0.985493682732803,0.9358288770053476,0.6842105263157895,0.6648904106499289,0.780161807352796
0.654,0.845,0.5748299319727891,0.985493682732803,0.9358288770053476,0.6842105263157895,0.6648904106499289,0.780161807352796
0.655,0.8535353535353535,0.5748299319727891,0.9864295741693964,0.9366515837104072,0.6869918699186992,0.669056323001109,0.7806297530710927
0.656,0.8535353535353535,0.5748299319727891,0.9864295741693964,0.9366515837104072,0.6869918699186992,0.669056323001109,0.7806297530710927
0.657,0.8535353535353535,0.5748299319727891,0.9864295741693964,0.9366515837104072,0.6869918699186992,0.669056323001109,0.7806297530710927
0.658,0.8535353535353535,0.5748299319727891,0.9864295741693964,0.9366515837104072,0.6869918699186992,0.669056323001109,0.7806297530710927
0.659,0.8535353535353535,0.5748299319727891,0.9864295741693964,0.9366515837104072,0.6869918699186992,0.669056323001109,0.7806297530710927
0.66,0.8527918781725888,0.5714285714285714,0.9864295741693964,0.9362402303578774,0.6843177189409368,0.6665381437068634,0.7789290727989839
0.661,0.8527918781725888,0.5714285714285714,0.9864295741693964,0.9362402303578774,0.6843177189409368,0.6665381437068634,0.7789290727989839
0.662,0.8527918781725888,0.5714285714285714,0.9864295741693964,0.9362402303578774,0.6843177189409368,0.6665381437068634,0.7789290727989839
0.663,0.8512820512820513,0.564625850340136,0.9864295741693964,0.9354175236528177,0.6789366053169734,0.6614819574335142,0.7755277122547661
0.664,0.8497409326424871,0.5578231292517006,0.9864295741693964,0.9345948169477581,0.6735112936344969,0.656398871365974,0.7721263517105486
0.665,0.8489583333333334,0.5544217687074829,0.9864295741693964,0.9341834635952283,0.6707818930041153,0.653847063328974,0.7704256714384397
0.666,0.8489583333333334,0.5544217687074829,0.9864295741693964,0.9341834635952283,0.6707818930041153,0.653847063328974,0.7704256714384397
0.667,0.8489583333333334,0.5544217687074829,0.9864295741693964,0.9341834635952283,0.6707818930041153,0.653847063328974,0.7704256714384397
0.668,0.8489583333333334,0.5544217687074829,0.9864295741693964,0.9341834635952283,0.6707818930041153,0.653847063328974,0.7704256714384397
0.669,0.8489583333333334,0.5544217687074829,0.9864295741693964,0.9341834635952283,0.6707818930041153,0.653847063328974,0.7704256714384397
0.67,0.8489583333333334,0.5544217687074829,0.9864295741693964,0.9341834635952283,0.6707818930041153,0.653847063328974,0.7704256714384397
0.671,0.8489583333333334,0.5544217687074829,0.9864295741693964,0.9341834635952283,0.6707818930041153,0.653847063328974,0.7704256714384397
0.672,0.8489583333333334,0.5544217687074829,0.9864295741693964,0.9341834635952283,0.6707818930041153,0.653847063328974,0.7704256714384397
0.673,0.8481675392670157,0.5510204081632653,0.9864295741693964,0.9337721102426985,0.668041237113402,0.6512883150502702,0.7687249911663308
0.674,0.8526315789473684,0.5510204081632653,0.986897519887693,0.9341834635952283,0.6694214876033058,0.6534226979518218,0.7689589640254791
0.675,0.8526315789473684,0.5510204081632653,0.986897519887693,0.9341834635952283,0.6694214876033058,0.6534226979518218,0.7689589640254791
0.676,0.8518518518518519,0.5476190476190477,0.986897519887693,0.9337721102426985,0.6666666666666666,0.6508612125017682,0.7672582837533704
0.677,0.851063829787234,0.54421768707483,0.986897519887693,0.9333607568901686,0.6639004149377593,0.6482926550921088,0.7655576034812615
0.678,0.851063829787234,0.54421768707483,0.986897519887693,0.9333607568901686,0.6639004149377593,0.6482926550921088,0.7655576034812615
0.679,0.851063829787234,0.54421768707483,0.986897519887693,0.9333607568901686,0.6639004149377593,0.6482926550921088,0.7655576034812615
0.68,0.851063829787234,0.54421768707483,0.986897519887693,0.9333607568901686,0.6639004149377593,0.6482926550921088,0.7655576034812615
0.681,0.851063829787234,0.54421768707483,0.986897519887693,0.9333607568901686,0.6639004149377593,0.6482926550921088,0.7655576034812615
0.682,0.851063829787234,0.54421768707483,0.986897519887693,0.9333607568901686,0.6639004149377593,0.6482926550921088,0.7655576034812615
0.683,0.851063829787234,0.54421768707483,0.986897519887693,0.9333607568901686,0.6639004149377593,0.6482926550921088,0.7655576034812615
0.684,0.8556149732620321,0.54421768707483,0.9873654656059897,0.9337721102426985,0.6652806652806653,0.6504514785708613,0.7657915763404098
0.685,0.8556149732620321,0.54421768707483,0.9873654656059897,0.9337721102426985,0.6652806652806653,0.6504514785708613,0.7657915763404098
0.686,0.8556149732620321,0.54421768707483,0.9873654656059897,0.9337721102426985,0.6652806652806653,0.6504514785708613,0.7657915763404098
0.687,0.8556149732620321,0.54421768707483,0.9873654656059897,0.9337721102426985,0.6652806652806653,0.6504514785708613,0.7657915763404098
0.6880000000000001,0.8556149732620321,0.54421768707483,0.9873654656059897,0.9337721102426985,0.6652806652806653,0.6504514785708613,0.7657915763404098
0.6890000000000001,0.8556149732620321,0.54421768707483,0.9873654656059897,0.9337721102426985,0.6652806652806653,0.6504514785708613,0.7657915763404098
0.6900000000000001,0.8548387096774194,0.5408163265306123,0.9873654656059897,0.9333607568901686,0.6625,0.647880199613443,0.764090896068301
0.6910000000000001,0.8548387096774194,0.5408163265306123,0.9873654656059897,0.9333607568901686,0.6625,0.647880199613443,0.764090896068301
0.6920000000000001,0.8594594594594595,0.5408163265306123,0.9878334113242864,0.9337721102426985,0.6638830897703549,0.6500596464458486,0.7643248689274493
0.6930000000000001,0.8594594594594595,0.5408163265306123,0.9878334113242864,0.9337721102426985,0.6638830897703549,0.6500596464458486,0.7643248689274493
0.6940000000000001,0.8594594594594595,0.5408163265306123,0.9878334113242864,0.9337721102426985,0.6638830897703549,0.6500596464458486,0.7643248689274493
0.6950000000000001,0.8594594594594595,0.5408163265306123,0.9878334113242864,0.9337721102426985,0.6638830897703549,0.6500596464458486,0.7643248689274493
0.6960000000000001,0.8594594594594595,0.5408163265306123,0.9878334113242864,0.9337721102426985,0.6638830897703549,0.6500596464458486,0.7643248689274493
0.6970000000000001,0.8594594594594595,0.5408163265306123,0.9878334113242864,0.9337721102426985,0.6638830897703549,0.6500596464458486,0.7643248689274493
0.6980000000000001,0.8594594594594595,0.5408163265306123,0.9878334113242864,0.9337721102426985,0.6638830897703549,0.6500596464458486,0.7643248689274493
0.6990000000000001,0.8641304347826086,0.5408163265306123,0.988301357042583,0.9341834635952283,0.6652719665271967,0.6522555074613184,0.7645588417865976
0.7000000000000001,0.8641304347826086,0.5408163265306123,0.988301357042583,0.9341834635952283,0.6652719665271967,0.6522555074613184,0.7645588417865976
0.7010000000000001,0.8641304347826086,0.5408163265306123,0.988301357042583,0.9341834635952283,0.6652719665271967,0.6522555074613184,0.7645588417865976
0.7020000000000001,0.8641304347826086,0.5408163265306123,0.988301357042583,0.9341834635952283,0.6652719665271967,0.6522555074613184,0.7645588417865976
0.7030000000000001,0.8633879781420765,0.5374149659863946,0.988301357042583,0.9337721102426985,0.6624737945492662,0.6496862712966311,0.7628581615144888
0.704,0.8633879781420765,0.5374149659863946,0.988301357042583,0.9337721102426985,0.6624737945492662,0.6496862712966311,0.7628581615144888
0.705,0.8633879781420765,0.5374149659863946,0.988301357042583,0.9337721102426985,0.6624737945492662,0.6496862712966311,0.7628581615144888
0.706,0.8633879781420765,0.5374149659863946,0.988301357042583,0.9337721102426985,0.6624737945492662,0.6496862712966311,0.7628581615144888
0.707,0.8626373626373627,0.5340136054421769,0.988301357042583,0.9333607568901686,0.6596638655462185,0.6471097920427366,0.76115748124238
0.708,0.8626373626373627,0.5340136054421769,0.988301357042583,0.9333607568901686,0.6596638655462185,0.6471097920427366,0.76115748124238
0.709,0.8626373626373627,0.5340136054421769,0.988301357042583,0.9333607568901686,0.6596638655462185,0.6471097920427366,0.76115748124238
0.71,0.8626373626373627,0.5340136054421769,0.988301357042583,0.9333607568901686,0.6596638655462185,0.6471097920427366,0.76115748124238
0.711,0.8626373626373627,0.5340136054421769,0.988301357042583,0.9333607568901686,0.6596638655462185,0.6471097920427366,0.76115748124238
0.712,0.8626373626373627,0.5340136054421769,0.988301357042583,0.9333607568901686,0.6596638655462185,0.6471097920427366,0.76115748124238
0.713,0.8626373626373627,0.5340136054421769,0.988301357042583,0.9333607568901686,0.6596638655462185,0.6471097920427366,0.76115748124238
0.714,0.8626373626373627,0.5340136054421769,0.988301357042583,0.9333607568901686,0.6596638655462185,0.6471097920427366,0.76115748124238
0.715,0.8626373626373627,0.5340136054421769,0.988301357042583,0.9333607568901686,0.6596638655462185,0.6471097920427366,0.76115748124238
0.716,0.8626373626373627,0.5340136054421769,0.988301357042583,0.9333607568901686,0.6596638655462185,0.6471097920427366,0.76115748124238
0.717,0.8626373626373627,0.5340136054421769,0.988301357042583,0.9333607568901686,0.6596638655462185,0.6471097920427366,0.76115748124238
0.718,0.8626373626373627,0.5340136054421769,0.988301357042583,0.9333607568901686,0.6596638655462185,0.6471097920427366,0.76115748124238
0.719,0.8674033149171271,0.5340136054421769,0.9887693027608797,0.9337721102426985,0.6610526315789473,0.6493319314085526,0.7613914541015283
0.72,0.8722222222222222,0.5340136054421769,0.9892372484791764,0.9341834635952283,0.6624472573839663,0.6515711881778123,0.7616254269606766
0.721,0.8770949720670391,0.5340136054421769,0.989705194197473,0.9345948169477581,0.6638477801268499,0.6538277987657493,0.761859399819825
0.722,0.8820224719101124,0.5340136054421769,0.9901731399157697,0.935006170300288,0.6652542372881356,0.6561020042035806,0.7620933726789734
0.723,0.8820224719101124,0.5340136054421769,0.9901731399157697,0.935006170300288,0.6652542372881356,0.6561020042035806,0.7620933726789734
0.724,0.8870056497175142,0.5340136054421769,0.9906410856340665,0.9354175236528177,0.6666666666666666,0.6583940502553352,0.7623273455381216
0.725,0.8870056497175142,0.5340136054421769,0.9906410856340665,0.9354175236528177,0.6666666666666666,0.6583940502553352,0.7623273455381216
0.726,0.8870056497175142,0.5340136054421769,0.9906410856340665,0.9354175236528177,0.6666666666666666,0.6583940502553352,0.7623273455381216
0.727,0.8870056497175142,0.5340136054421769,0.9906410856340665,0.9354175236528177,0.6666666666666666,0.6583940502553352,0.7623273455381216
0.728,0.8920454545454546,0.5340136054421769,0.9911090313523632,0.9358288770053476,0.6680851063829787,0.6607041875383202,0.76256131839727
0.729,0.8920454545454546,0.5340136054421769,0.9911090313523632,0.9358288770053476,0.6680851063829787,0.6607041875383202,0.76256131839727
0.73,0.8920454545454546,0.5340136054421769,0.9911090313523632,0.9358288770053476,0.6680851063829787,0.6607041875383202,0.76256131839727
0.731,0.896551724137931,0.5306122448979592,0.9915769770706598,0.9358288770053476,0.6666666666666666,0.6604857107263354,0.7610946109843095
0.732,0.9017341040462428,0.5306122448979592,0.9920449227889565,0.9362402303578774,0.6680942184154176,0.6628386385096912,0.7613285838434578
0.733,0.9017341040462428,0.5306122448979592,0.9920449227889565,0.9362402303578774,0.6680942184154176,0.6628386385096912,0.7613285838434578
0.734,0.9017341040462428,0.5306122448979592,0.9920449227889565,0.9362402303578774,0.6680942184154176,0.6628386385096912,0.7613285838434578
0.735,0.9017341040462428,0.5306122448979592,0.9920449227889565,0.9362402303578774,0.6680942184154176,0.6628386385096912,0.7613285838434578
0.736,0.9017341040462428,0.5306122448979592,0.9920449227889565,0.9362402303578774,0.6680942184154176,0.6628386385096912,0.7613285838434578
0.737,0.9017341040462428,0.5306122448979592,0.9920449227889565,0.9362402303578774,0.6680942184154176,0.6628386385096912,0.7613285838434578
0.738,0.9017341040462428,0.5306122448979592,0.9920449227889565,0.9362402303578774,0.6680942184154176,0.6628386385096912,0.7613285838434578
0.739,0.9017341040462428,0.5306122448979592,0.9920449227889565,0.9362402303578774,0.6680942184154176,0.6628386385096912,0.7613285838434578
0.74,0.9122807017543859,0.5306122448979592,0.9929808142255498,0.9370629370629371,0.6709677419354839,0.6676018512827253,0.7617965295617546
0.741,0.9117647058823529,0.5272108843537415,0.9929808142255498,0.9366515837104072,0.6681034482758621,0.6650657789106709,0.7600958492896457
0.742,0.9117647058823529,0.5272108843537415,0.9929808142255498,0.9366515837104072,0.6681034482758621,0.6650657789106709,0.7600958492896457
0.743,0.9117647058823529,0.5272108843537415,0.9929808142255498,0.9366515837104072,0.6681034482758621,0.6650657789106709,0.7600958492896457
0.744,0.9117647058823529,0.5272108843537415,0.9929808142255498,0.9366515837104072,0.6681034482758621,0.6650657789106709,0.7600958492896457
0.745,0.9117647058823529,0.5272108843537415,0.9929808142255498,0.9366515837104072,0.6681034482758621,0.6650657789106709,0.7600958492896457
0.746,0.9117647058823529,0.5272108843537415,0.9929808142255498,0.9366515837104072,0.6681034482758621,0.6650657789106709,0.7600958492896457
0.747,0.9117647058823529,0.5272108843537415,0.9929808142255498,0.9366515837104072,0.6681034482758621,0.6650657789106709,0.7600958492896457
0.748,0.9117647058823529,0.5272108843537415,0.9929808142255498,0.9366515837104072,0.6681034482758621,0.6650657789106709,0.7600958492896457
0.749,0.9117647058823529,0.5272108843537415,0.9929808142255498,0.9366515837104072,0.6681034482758621,0.6650657789106709,0.7600958492896457
0.75,0.9117647058823529,0.5272108843537415,0.9929808142255498,0.9366515837104072,0.6681034482758621,0.6650657789106709,0.7600958492896457
0.751,0.9117647058823529,0.5272108843537415,0.9929808142255498,0.9366515837104072,0.6681034482758621,0.6650657789106709,0.7600958492896457
0.752,0.9171597633136095,0.5272108843537415,0.9934487599438465,0.9370629370629371,0.6695464362850972,0.6674829720458563,0.760329822148794
0.753,0.9166666666666666,0.5238095238095238,0.9934487599438465,0.9366515837104072,0.6666666666666666,0.6649461302937458,0.7586291418766852
0.754,0.9166666666666666,0.5238095238095238,0.9934487599438465,0.9366515837104072,0.6666666666666666,0.6649461302937458,0.7586291418766852
0.755,0.9166666666666666,0.5238095238095238,0.9934487599438465,0.9366515837104072,0.6666666666666666,0.6649461302937458,0.7586291418766852
0.756,0.9221556886227545,0.5238095238095238,0.9939167056621432,0.9370629370629371,0.6681127982646421,0.66738992711107,0.7588631147358336
0.757,0.9221556886227545,0.5238095238095238,0.9939167056621432,0.9370629370629371,0.6681127982646421,0.66738992711107,0.7588631147358336
0.758,0.9216867469879518,0.5204081632653061,0.9939167056621432,0.9366515837104072,0.6652173913043479,0.6648524954565274,0.7571624344637247
0.759,0.9216867469879518,0.5204081632653061,0.9939167056621432,0.9366515837104072,0.6652173913043479,0.6648524954565274,0.7571624344637247
0.76,0.9216867469879518,0.5204081632653061,0.9939167056621432,0.9366515837104072,0.6652173913043479,0.6648524954565274,0.7571624344637247
0.761,0.9216867469879518,0.5204081632653061,0.9939167056621432,0.9366515837104072,0.6652173913043479,0.6648524954565274,0.7571624344637247
0.762,0.9216867469879518,0.5204081632653061,0.9939167056621432,0.9366515837104072,0.6652173913043479,0.6648524954565274,0.7571624344637247
0.763,0.9216867469879518,0.5204081632653061,0.9939167056621432,0.9366515837104072,0.6652173913043479,0.6648524954565274,0.7571624344637247
0.764,0.9216867469879518,0.5204081632653061,0.9939167056621432,0.9366515837104072,0.6652173913043479,0.6648524954565274,0.7571624344637247
0.765,0.9216867469879518,0.5204081632653061,0.9939167056621432,0.9366515837104072,0.6652173913043479,0.6648524954565274,0.7571624344637247
0.766,0.9216867469879518,0.5204081632653061,0.9939167056621432,0.9366515837104072,0.6652173913043479,0.6648524954565274,0.7571624344637247
0.767,0.9216867469879518,0.5204081632653061,0.9939167056621432,0.9366515837104072,0.6652173913043479,0.6648524954565274,0.7571624344637247
0.768,0.9216867469879518,0.5204081632653061,0.9939167056621432,0.9366515837104072,0.6652173913043479,0.6648524954565274,0.7571624344637247
0.769,0.9216867469879518,0.5204081632653061,0.9939167056621432,0.9366515837104072,0.6652173913043479,0.6648524954565274,0.7571624344637247
0.77,0.9216867469879518,0.5204081632653061,0.9939167056621432,0.9366515837104072,0.6652173913043479,0.6648524954565274,0.7571624344637247
0.771,0.9216867469879518,0.5204081632653061,0.9939167056621432,0.9366515837104072,0.6652173913043479,0.6648524954565274,0.7571624344637247
0.772,0.9216867469879518,0.5204081632653061,0.9939167056621432,0.9366515837104072,0.6652173913043479,0.6648524954565274,0.7571624344637247
0.773,0.9216867469879518,0.5204081632653061,0.9939167056621432,0.9366515837104072,0.6652173913043479,0.6648524954565274,0.7571624344637247
0.774,0.9216867469879518,0.5204081632653061,0.9939167056621432,0.9366515837104072,0.6652173913043479,0.6648524954565274,0.7571624344637247
0.775,0.9216867469879518,0.5204081632653061,0.9939167056621432,0.9366515837104072,0.6652173913043479,0.6648524954565274,0.7571624344637247
0.776,0.9216867469879518,0.5204081632653061,0.9939167056621432,0.9366515837104072,0.6652173913043479,0.6648524954565274,0.7571624344637247
0.777,0.9216867469879518,0.5204081632653061,0.9939167056621432,0.9366515837104072,0.6652173913043479,0.6648524954565274,0.7571624344637247
0.778,0.9212121212121213,0.5170068027210885,0.9939167056621432,0.9362402303578774,0.6623093681917211,0.6623078264720738,0.7554617541916158
0.779,0.9212121212121213,0.5170068027210885,0.9939167056621432,0.9362402303578774,0.6623093681917211,0.6623078264720738,0.7554617541916158
0.78,0.9212121212121213,0.5170068027210885,0.9939167056621432,0.9362402303578774,0.6623093681917211,0.6623078264720738,0.7554617541916158
0.781,0.9212121212121213,0.5170068027210885,0.9939167056621432,0.9362402303578774,0.6623093681917211,0.6623078264720738,0.7554617541916158
0.782,0.926829268292683,0.5170068027210885,0.9943846513804399,0.9366515837104072,0.6637554585152838,0.6647857605010522,0.7556957270507642
0.783,0.926829268292683,0.5170068027210885,0.9943846513804399,0.9366515837104072,0.6637554585152838,0.6647857605010522,0.7556957270507642
0.784,0.926829268292683,0.5170068027210885,0.9943846513804399,0.9366515837104072,0.6637554585152838,0.6647857605010522,0.7556957270507642
0.785,0.926829268292683,0.5170068027210885,0.9943846513804399,0.9366515837104072,0.6637554585152838,0.6647857605010522,0.7556957270507642
0.786,0.926829268292683,0.5170068027210885,0.9943846513804399,0.9366515837104072,0.6637554585152838,0.6647857605010522,0.7556957270507642
0.787,0.9263803680981595,0.5136054421768708,0.9943846513804399,0.9362402303578774,0.6608315098468271,0.6622406602656562,0.7539950467786554
0.788,0.9263803680981595,0.5136054421768708,0.9943846513804399,0.9362402303578774,0.6608315098468271,0.6622406602656562,0.7539950467786554
0.789,0.9263803680981595,0.5136054421768708,0.9943846513804399,0.9362402303578774,0.6608315098468271,0.6622406602656562,0.7539950467786554
0.79,0.9263803680981595,0.5136054421768708,0.9943846513804399,0.9362402303578774,0.6608315098468271,0.6622406602656562,0.7539950467786554
0.791,0.9263803680981595,0.5136054421768708,0.9943846513804399,0.9362402303578774,0.6608315098468271,0.6622406602656562,0.7539950467786554
0.792,0.9320987654320988,0.5136054421768708,0.9948525970987365,0.9366515837104072,0.6622807017543859,0.664746852184469,0.7542290196378036
0.793,0.9320987654320988,0.5136054421768708,0.9948525970987365,0.9366515837104072,0.6622807017543859,0.664746852184469,0.7542290196378036
0.794,0.937888198757764,0.5136054421768708,0.9953205428170332,0.9370629370629371,0.6637362637362637,0.6672747412251037,0.7544629924969519
0.795,0.937888198757764,0.5136054421768708,0.9953205428170332,0.9370629370629371,0.6637362637362637,0.6672747412251037,0.7544629924969519
0.796,0.937888198757764,0.5136054421768708,0.9953205428170332,0.9370629370629371,0.6637362637362637,0.6672747412251037,0.7544629924969519
0.797,0.937888198757764,0.5136054421768708,0.9953205428170332,0.9370629370629371,0.6637362637362637,0.6672747412251037,0.7544629924969519
0.798,0.937888198757764,0.5136054421768708,0.9953205428170332,0.9370629370629371,0.6637362637362637,0.6672747412251037,0.7544629924969519
0.799,0.937888198757764,0.5136054421768708,0.9953205428170332,0.9370629370629371,0.6637362637362637,0.6672747412251037,0.7544629924969519
0.8,0.937888198757764,0.5136054421768708,0.9953205428170332,0.9370629370629371,0.6637362637362637,0.6672747412251037,0.7544629924969519
0.801,0.937888198757764,0.5136054421768708,0.9953205428170332,0.9370629370629371,0.6637362637362637,0.6672747412251037,0.7544629924969519
0.802,0.9371069182389937,0.5068027210884354,0.9953205428170332,0.9362402303578774,0.6578366445916115,0.662191411562663,0.7510616319527343
0.803,0.9430379746835443,0.5068027210884354,0.9957884885353299,0.9366515837104072,0.6592920353982301,0.6647564400740829,0.7512956048118826
0.804,0.9430379746835443,0.5068027210884354,0.9957884885353299,0.9366515837104072,0.6592920353982301,0.6647564400740829,0.7512956048118826
0.805,0.9430379746835443,0.5068027210884354,0.9957884885353299,0.9366515837104072,0.6592920353982301,0.6647564400740829,0.7512956048118826
0.806,0.9430379746835443,0.5068027210884354,0.9957884885353299,0.9366515837104072,0.6592920353982301,0.6647564400740829,0.7512956048118826
0.807,0.9430379746835443,0.5068027210884354,0.9957884885353299,0.9366515837104072,0.6592920353982301,0.6647564400740829,0.7512956048118826
0.808,0.9430379746835443,0.5068027210884354,0.9957884885353299,0.9366515837104072,0.6592920353982301,0.6647564400740829,0.7512956048118826
0.809,0.9430379746835443,0.5068027210884354,0.9957884885353299,0.9366515837104072,0.6592920353982301,0.6647564400740829,0.7512956048118826
0.81,0.9430379746835443,0.5068027210884354,0.9957884885353299,0.9366515837104072,0.6592920353982301,0.6647564400740829,0.7512956048118826
0.811,0.9426751592356688,0.5034013605442177,0.9957884885353299,0.9362402303578774,0.656319290465632,0.6622113428275342,0.7495949245397737
0.812,0.9426751592356688,0.5034013605442177,0.9957884885353299,0.9362402303578774,0.656319290465632,0.6622113428275342,0.7495949245397737
0.8130000000000001,0.9426751592356688,0.5034013605442177,0.9957884885353299,0.9362402303578774,0.656319290465632,0.6622113428275342,0.7495949245397737
0.8140000000000001,0.9426751592356688,0.5034013605442177,0.9957884885353299,0.9362402303578774,0.656319290465632,0.6622113428275342,0.7495949245397737
0.8150000000000001,0.9426751592356688,0.5034013605442177,0.9957884885353299,0.9362402303578774,0.656319290465632,0.6622113428275342,0.7495949245397737
0.8160000000000001,0.9426751592356688,0.5034013605442177,0.9957884885353299,0.9362402303578774,0.656319290465632,0.6622113428275342,0.7495949245397737
0.8170000000000001,0.9426751592356688,0.5034013605442177,0.9957884885353299,0.9362402303578774,0.656319290465632,0.6622113428275342,0.7495949245397737
0.8180000000000001,0.9487179487179487,0.5034013605442177,0.9962564342536265,0.9366515837104072,0.6577777777777778,0.6648070151213193,0.7498288973989221
0.8190000000000001,0.9487179487179487,0.5034013605442177,0.9962564342536265,0.9366515837104072,0.6577777777777778,0.6648070151213193,0.7498288973989221
0.8200000000000001,0.9487179487179487,0.5034013605442177,0.9962564342536265,0.9366515837104072,0.6577777777777778,0.6648070151213193,0.7498288973989221
0.8210000000000001,0.9487179487179487,0.5034013605442177,0.9962564342536265,0.9366515837104072,0.6577777777777778,0.6648070151213193,0.7498288973989221
0.8220000000000001,0.9487179487179487,0.5034013605442177,0.9962564342536265,0.9366515837104072,0.6577777777777778,0.6648070151213193,0.7498288973989221
0.8230000000000001,0.9487179487179487,0.5034013605442177,0.9962564342536265,0.9366515837104072,0.6577777777777778,0.6648070151213193,0.7498288973989221
0.8240000000000001,0.9487179487179487,0.5034013605442177,0.9962564342536265,0.9366515837104072,0.6577777777777778,0.6648070151213193,0.7498288973989221
0.8250000000000001,0.9487179487179487,0.5034013605442177,0.9962564342536265,0.9366515837104072,0.6577777777777778,0.6648070151213193,0.7498288973989221
0.8260000000000001,0.9487179487179487,0.5034013605442177,0.9962564342536265,0.9366515837104072,0.6577777777777778,0.6648070151213193,0.7498288973989221
0.8270000000000001,0.9487179487179487,0.5034013605442177,0.9962564342536265,0.9366515837104072,0.6577777777777778,0.6648070151213193,0.7498288973989221
0.8280000000000001,0.9487179487179487,0.5034013605442177,0.9962564342536265,0.9366515837104072,0.6577777777777778,0.6648070151213193,0.7498288973989221
0.8290000000000001,0.9487179487179487,0.5034013605442177,0.9962564342536265,0.9366515837104072,0.6577777777777778,0.6648070151213193,0.7498288973989221
0.8300000000000001,0.9487179487179487,0.5034013605442177,0.9962564342536265,0.9366515837104072,0.6577777777777778,0.6648070151213193,0.7498288973989221
0.8310000000000001,0.9487179487179487,0.5034013605442177,0.9962564342536265,0.9366515837104072,0.6577777777777778,0.6648070151213193,0.7498288973989221
0.8320000000000001,0.9487179487179487,0.5034013605442177,0.9962564342536265,0.9366515837104072,0.6577777777777778,0.6648070151213193,0.7498288973989221
0.833,0.9487179487179487,0.5034013605442177,0.9962564342536265,0.9366515837104072,0.6577777777777778,0.6648070151213193,0.7498288973989221
0.834,0.9548387096774194,0.5034013605442177,0.9967243799719232,0.9370629370629371,0.6592427616926503,0.6674260536470352,0.7500628702580705
0.835,0.9548387096774194,0.5034013605442177,0.9967243799719232,0.9370629370629371,0.6592427616926503,0.6674260536470352,0.7500628702580705
0.836,0.9548387096774194,0.5034013605442177,0.9967243799719232,0.9370629370629371,0.6592427616926503,0.6674260536470352,0.7500628702580705
0.837,0.961038961038961,0.5034013605442177,0.99719232569022,0.9374742904154669,0.6607142857142857,0.6700688334577733,0.7502968431172188
0.838,0.961038961038961,0.5034013605442177,0.99719232569022,0.9374742904154669,0.6607142857142857,0.6700688334577733,0.7502968431172188
0.839,0.961038961038961,0.5034013605442177,0.99719232569022,0.9374742904154669,0.6607142857142857,0.6700688334577733,0.7502968431172188
0.84,0.961038961038961,0.5034013605442177,0.99719232569022,0.9374742904154669,0.6607142857142857,0.6700688334577733,0.7502968431172188
0.841,0.961038961038961,0.5034013605442177,0.99719232569022,0.9374742904154669,0.6607142857142857,0.6700688334577733,0.7502968431172188
0.842,0.961038961038961,0.5034013605442177,0.99719232569022,0.9374742904154669,0.6607142857142857,0.6700688334577733,0.7502968431172188
0.843,0.961038961038961,0.5034013605442177,0.99719232569022,0.9374742904154669,0.6607142857142857,0.6700688334577733,0.7502968431172188
0.844,0.9673202614379085,0.5034013605442177,0.9976602714085167,0.9378856437679967,0.6621923937360179,0.6727357381274277,0.7505308159763672
0.845,0.9673202614379085,0.5034013605442177,0.9976602714085167,0.9378856437679967,0.6621923937360179,0.6727357381274277,0.7505308159763672
0.846,0.9673202614379085,0.5034013605442177,0.9976602714085167,0.9378856437679967,0.6621923937360179,0.6727357381274277,0.7505308159763672
0.847,0.9668874172185431,0.4965986394557823,0.9976602714085167,0.9370629370629371,0.6561797752808989,0.6676894851661701,0.7471294554321495
0.848,0.9668874172185431,0.4965986394557823,0.9976602714085167,0.9370629370629371,0.6561797752808989,0.6676894851661701,0.7471294554321495
0.849,0.9668874172185431,0.4965986394557823,0.9976602714085167,0.9370629370629371,0.6561797752808989,0.6676894851661701,0.7471294554321495
0.85,0.9668874172185431,0.4965986394557823,0.9976602714085167,0.9370629370629371,0.6561797752808989,0.6676894851661701,0.7471294554321495
0.851,0.9666666666666667,0.4931972789115646,0.9976602714085167,0.9366515837104072,0.6531531531531531,0.6651554131205504,0.7454287751600406
0.852,0.9666666666666667,0.4931972789115646,0.9976602714085167,0.9366515837104072,0.6531531531531531,0.6651554131205504,0.7454287751600406
0.853,0.9664429530201343,0.4897959183673469,0.9976602714085167,0.9362402303578774,0.6501128668171557,0.6626139296897413,0.7437280948879318
0.854,0.9664429530201343,0.4897959183673469,0.9976602714085167,0.9362402303578774,0.6501128668171557,0.6626139296897413,0.7437280948879318
0.855,0.9664429530201343,0.4897959183673469,0.9976602714085167,0.9362402303578774,0.6501128668171557,0.6626139296897413,0.7437280948879318
0.856,0.9664429530201343,0.4897959183673469,0.9976602714085167,0.9362402303578774,0.6501128668171557,0.6626139296897413,0.7437280948879318
0.857,0.9664429530201343,0.4897959183673469,0.9976602714085167,0.9362402303578774,0.6501128668171557,0.6626139296897413,0.7437280948879318
0.858,0.9664429530201343,0.4897959183673469,0.9976602714085167,0.9362402303578774,0.6501128668171557,0.6626139296897413,0.7437280948879318
0.859,0.9664429530201343,0.4897959183673469,0.9976602714085167,0.9362402303578774,0.6501128668171557,0.6626139296897413,0.7437280948879318
0.86,0.9664429530201343,0.4897959183673469,0.9976602714085167,0.9362402303578774,0.6501128668171557,0.6626139296897413,0.7437280948879318
0.861,0.9664429530201343,0.4897959183673469,0.9976602714085167,0.9362402303578774,0.6501128668171557,0.6626139296897413,0.7437280948879318
0.862,0.9664429530201343,0.4897959183673469,0.9976602714085167,0.9362402303578774,0.6501128668171557,0.6626139296897413,0.7437280948879318
0.863,0.9664429530201343,0.4897959183673469,0.9976602714085167,0.9362402303578774,0.6501128668171557,0.6626139296897413,0.7437280948879318
0.864,0.9664429530201343,0.4897959183673469,0.9976602714085167,0.9362402303578774,0.6501128668171557,0.6626139296897413,0.7437280948879318
0.865,0.9727891156462585,0.48639455782312924,0.9981282171268133,0.9362402303578774,0.6485260770975056,0.6628013815058582,0.7422613874749713
0.866,0.9669421487603306,0.3979591836734694,0.9981282171268133,0.9255450431921021,0.563855421686747,0.5938384025468758,0.6980437004001414
0.867,0.9666666666666667,0.3945578231292517,0.9981282171268133,0.9251336898395722,0.5603864734299517,0.5910589435073637,0.6963430201280325
0.868,0.9666666666666667,0.3945578231292517,0.9981282171268133,0.9251336898395722,0.5603864734299517,0.5910589435073637,0.6963430201280325
0.869,0.9666666666666667,0.3945578231292517,0.9981282171268133,0.9251336898395722,0.5603864734299517,0.5910589435073637,0.6963430201280325
0.87,0.9666666666666667,0.3945578231292517,0.9981282171268133,0.9251336898395722,0.5603864734299517,0.5910589435073637,0.6963430201280325
0.871,0.9666666666666667,0.3945578231292517,0.9981282171268133,0.9251336898395722,0.5603864734299517,0.5910589435073637,0.6963430201280325
0.872,0.9666666666666667,0.3945578231292517,0.9981282171268133,0.9251336898395722,0.5603864734299517,0.5910589435073637,0.6963430201280325
0.873,0.9666666666666667,0.3945578231292517,0.9981282171268133,0.9251336898395722,0.5603864734299517,0.5910589435073637,0.6963430201280325
0.874,0.9666666666666667,0.3945578231292517,0.9981282171268133,0.9251336898395722,0.5603864734299517,0.5910589435073637,0.6963430201280325
0.875,0.9666666666666667,0.3945578231292517,0.9981282171268133,0.9251336898395722,0.5603864734299517,0.5910589435073637,0.6963430201280325
0.876,0.9663865546218487,0.391156462585034,0.9981282171268133,0.9247223364870424,0.5569007263922519,0.5882688376473015,0.6946423398559236
0.877,0.9663865546218487,0.391156462585034,0.9981282171268133,0.9247223364870424,0.5569007263922519,0.5882688376473015,0.6946423398559236
0.878,0.9663865546218487,0.391156462585034,0.9981282171268133,0.9247223364870424,0.5569007263922519,0.5882688376473015,0.6946423398559236
0.879,0.9663865546218487,0.391156462585034,0.9981282171268133,0.9247223364870424,0.5569007263922519,0.5882688376473015,0.6946423398559236
0.88,0.9663865546218487,0.391156462585034,0.9981282171268133,0.9247223364870424,0.5569007263922519,0.5882688376473015,0.6946423398559236
0.881,0.9663865546218487,0.391156462585034,0.9981282171268133,0.9247223364870424,0.5569007263922519,0.5882688376473015,0.6946423398559236
0.882,0.9661016949152542,0.3877551020408163,0.9981282171268133,0.9243109831345125,0.5533980582524272,0.5854679311473451,0.6929416595838148
0.883,0.9661016949152542,0.3877551020408163,0.9981282171268133,0.9243109831345125,0.5533980582524272,0.5854679311473451,0.6929416595838148
0.884,0.9743589743589743,0.3877551020408163,0.99859616284511,0.9247223364870424,0.5547445255474452,0.58855039639263,0.6931756324429632
0.885,0.9743589743589743,0.3877551020408163,0.99859616284511,0.9247223364870424,0.5547445255474452,0.58855039639263,0.6931756324429632
0.886,0.9787234042553191,0.3129251700680272,0.9990641085634067,0.916083916083916,0.4742268041237113,0.5276212922233554,0.655994639315717
0.887,0.9787234042553191,0.3129251700680272,0.9990641085634067,0.916083916083916,0.4742268041237113,0.5276212922233554,0.655994639315717
0.888,0.9787234042553191,0.3129251700680272,0.9990641085634067,0.916083916083916,0.4742268041237113,0.5276212922233554,0.655994639315717
0.889,0.978494623655914,0.30952380952380953,0.9990641085634067,0.9156725627313863,0.4702842377260982,0.5245551038960777,0.6542939590436081
0.89,0.978494623655914,0.30952380952380953,0.9990641085634067,0.9156725627313863,0.4702842377260982,0.5245551038960777,0.6542939590436081
0.891,0.978494623655914,0.30952380952380953,0.9990641085634067,0.9156725627313863,0.4702842377260982,0.5245551038960777,0.6542939590436081
0.892,0.9782608695652174,0.30612244897959184,0.9990641085634067,0.9152612093788565,0.46632124352331605,0.5214735704052104,0.6525932787714992
0.893,0.9782608695652174,0.30612244897959184,0.9990641085634067,0.9152612093788565,0.46632124352331605,0.5214735704052104,0.6525932787714992
0.894,0.9782608695652174,0.30612244897959184,0.9990641085634067,0.9152612093788565,0.46632124352331605,0.5214735704052104,0.6525932787714992
0.895,0.9782608695652174,0.30612244897959184,0.9990641085634067,0.9152612093788565,0.46632124352331605,0.5214735704052104,0.6525932787714992
0.896,0.9782608695652174,0.30612244897959184,0.9990641085634067,0.9152612093788565,0.46632124352331605,0.5214735704052104,0.6525932787714992
0.897,0.9782608695652174,0.30612244897959184,0.9990641085634067,0.9152612093788565,0.46632124352331605,0.5214735704052104,0.6525932787714992
0.898,0.9782608695652174,0.30612244897959184,0.9990641085634067,0.9152612093788565,0.46632124352331605,0.5214735704052104,0.6525932787714992
0.899,0.978021978021978,0.30272108843537415,0.9990641085634067,0.9148498560263266,0.4623376623376623,0.5183764158995664,0.6508925984993904
0.9,0.978021978021978,0.30272108843537415,0.9990641085634067,0.9148498560263266,0.4623376623376623,0.5183764158995664,0.6508925984993904
0.901,0.978021978021978,0.30272108843537415,0.9990641085634067,0.9148498560263266,0.4623376623376623,0.5183764158995664,0.6508925984993904
0.902,0.9672131147540983,0.20068027210884354,0.9990641085634067,0.9025092554504319,0.3323943661971831,0.41640065703142876,0.599872190336125
0.903,0.9672131147540983,0.20068027210884354,0.9990641085634067,0.9025092554504319,0.3323943661971831,0.41640065703142876,0.599872190336125
0.904,0.9833333333333333,0.20068027210884354,0.9995320542817033,0.9029206088029618,0.3333333333333333,0.4207511736763316,0.6001061631952734
0.905,0.9830508474576272,0.19727891156462585,0.9995320542817033,0.9025092554504319,0.3286118980169972,0.41700558422955697,0.5984054829231646
0.906,0.9830508474576272,0.19727891156462585,0.9995320542817033,0.9025092554504319,0.3286118980169972,0.41700558422955697,0.5984054829231646
0.907,0.9830508474576272,0.19727891156462585,0.9995320542817033,0.9025092554504319,0.3286118980169972,0.41700558422955697,0.5984054829231646
0.908,0.9830508474576272,0.19727891156462585,0.9995320542817033,0.9025092554504319,0.3286118980169972,0.41700558422955697,0.5984054829231646
0.909,0.9722222222222222,0.11904761904761904,0.9995320542817033,0.893048128342246,0.21212121212121213,0.320097414762226,0.5592898366646611
0.91,0.9722222222222222,0.11904761904761904,0.9995320542817033,0.893048128342246,0.21212121212121213,0.320097414762226,0.5592898366646611
0.911,0.9722222222222222,0.11904761904761904,0.9995320542817033,0.893048128342246,0.21212121212121213,0.320097414762226,0.5592898366646611
0.912,0.9722222222222222,0.11904761904761904,0.9995320542817033,0.893048128342246,0.21212121212121213,0.320097414762226,0.5592898366646611
0.913,0.9714285714285714,0.11564625850340136,0.9995320542817033,0.8926367749897162,0.2066869300911854,0.31526024566128075,0.5575891563925524
0.914,0.9714285714285714,0.11564625850340136,0.9995320542817033,0.8926367749897162,0.2066869300911854,0.31526024566128075,0.5575891563925524
0.915,0.9714285714285714,0.11564625850340136,0.9995320542817033,0.8926367749897162,0.2066869300911854,0.31526024566128075,0.5575891563925524
0.916,0.9714285714285714,0.11564625850340136,0.9995320542817033,0.8926367749897162,0.2066869300911854,0.31526024566128075,0.5575891563925524
0.917,0.9705882352941176,0.11224489795918367,0.9995320542817033,0.8922254216371863,0.20121951219512196,0.3103521186801775,0.5558884761204435
0.918,0.9705882352941176,0.11224489795918367,0.9995320542817033,0.8922254216371863,0.20121951219512196,0.3103521186801775,0.5558884761204435
0.919,0.9705882352941176,0.11224489795918367,0.9995320542817033,0.8922254216371863,0.20121951219512196,0.3103521186801775,0.5558884761204435
0.92,0.9705882352941176,0.11224489795918367,0.9995320542817033,0.8922254216371863,0.20121951219512196,0.3103521186801775,0.5558884761204435
0.921,0.9705882352941176,0.11224489795918367,0.9995320542817033,0.8922254216371863,0.20121951219512196,0.3103521186801775,0.5558884761204435
0.922,0.96875,0.1054421768707483,0.9995320542817033,0.8914027149321267,0.1901840490797546,0.30030911603372623,0.5524871155762259
0.923,0.967741935483871,0.10204081632653061,0.9995320542817033,0.8909913615795969,0.18461538461538463,0.2951665811506434,0.550786435304117
0.924,0.967741935483871,0.10204081632653061,0.9995320542817033,0.8909913615795969,0.18461538461538463,0.2951665811506434,0.550786435304117
0.925,0.967741935483871,0.10204081632653061,0.9995320542817033,0.8909913615795969,0.18461538461538463,0.2951665811506434,0.550786435304117
0.926,0.967741935483871,0.10204081632653061,0.9995320542817033,0.8909913615795969,0.18461538461538463,0.2951665811506434,0.550786435304117
0.927,0.9666666666666667,0.09863945578231292,0.9995320542817033,0.8905800082270671,0.17901234567901234,0.28993770051927115,0.5490857550320081
0.928,0.9666666666666667,0.09863945578231292,0.9995320542817033,0.8905800082270671,0.17901234567901234,0.28993770051927115,0.5490857550320081
0.929,0.9666666666666667,0.09863945578231292,0.9995320542817033,0.8905800082270671,0.17901234567901234,0.28993770051927115,0.5490857550320081
0.93,0.9666666666666667,0.09863945578231292,0.9995320542817033,0.8905800082270671,0.17901234567901234,0.28993770051927115,0.5490857550320081
0.931,0.9666666666666667,0.09863945578231292,0.9995320542817033,0.8905800082270671,0.17901234567901234,0.28993770051927115,0.5490857550320081
0.932,0.9666666666666667,0.09863945578231292,0.9995320542817033,0.8905800082270671,0.17901234567901234,0.28993770051927115,0.5490857550320081
0.933,0.9655172413793104,0.09523809523809523,0.9995320542817033,0.8901686548745372,0.17337461300309598,0.28461775690535546,0.5473850747598993
0.934,0.9655172413793104,0.09523809523809523,0.9995320542817033,0.8901686548745372,0.17337461300309598,0.28461775690535546,0.5473850747598993
0.935,1.0,0.09523809523809523,1.0,0.8905800082270671,0.17391304347826086,0.2910252869675059,0.5476190476190477
0.936,1.0,0.09523809523809523,1.0,0.8905800082270671,0.17391304347826086,0.2910252869675059,0.5476190476190477
0.937,1.0,0.09523809523809523,1.0,0.8905800082270671,0.17391304347826086,0.2910252869675059,0.5476190476190477
0.9380000000000001,1.0,0.09523809523809523,1.0,0.8905800082270671,0.17391304347826086,0.2910252869675059,0.5476190476190477
0.9390000000000001,1.0,0.09523809523809523,1.0,0.8905800082270671,0.17391304347826086,0.2910252869675059,0.5476190476190477
0.9400000000000001,1.0,0.09523809523809523,1.0,0.8905800082270671,0.17391304347826086,0.2910252869675059,0.5476190476190477
0.9410000000000001,1.0,0.09523809523809523,1.0,0.8905800082270671,0.17391304347826086,0.2910252869675059,0.5476190476190477
0.9420000000000001,1.0,0.09523809523809523,1.0,0.8905800082270671,0.17391304347826086,0.2910252869675059,0.5476190476190477
0.9430000000000001,1.0,0.09523809523809523,1.0,0.8905800082270671,0.17391304347826086,0.2910252869675059,0.5476190476190477
0.9440000000000001,1.0,0.09523809523809523,1.0,0.8905800082270671,0.17391304347826086,0.2910252869675059,0.5476190476190477
0.9450000000000001,1.0,0.09523809523809523,1.0,0.8905800082270671,0.17391304347826086,0.2910252869675059,0.5476190476190477
0.9460000000000001,1.0,0.09183673469387756,1.0,0.8901686548745372,0.16822429906542055,0.2857217137137596,0.5459183673469388
0.9470000000000001,1.0,0.09183673469387756,1.0,0.8901686548745372,0.16822429906542055,0.2857217137137596,0.5459183673469388
0.9480000000000001,1.0,0.09183673469387756,1.0,0.8901686548745372,0.16822429906542055,0.2857217137137596,0.5459183673469388
0.9490000000000001,1.0,0.08843537414965986,1.0,0.8897573015220074,0.1625,0.28032235272586503,0.54421768707483
0.9500000000000001,1.0,0.08843537414965986,1.0,0.8897573015220074,0.1625,0.28032235272586503,0.54421768707483
0.9510000000000001,1.0,0.08843537414965986,1.0,0.8897573015220074,0.1625,0.28032235272586503,0.54421768707483
0.9520000000000001,1.0,0.08503401360544217,1.0,0.8893459481694775,0.15673981191222572,0.2748215525272937,0.5425170068027211
0.9530000000000001,1.0,0.08503401360544217,1.0,0.8893459481694775,0.15673981191222572,0.2748215525272937,0.5425170068027211
0.9540000000000001,1.0,0.08503401360544217,1.0,0.8893459481694775,0.15673981191222572,0.2748215525272937,0.5425170068027211
0.9550000000000001,1.0,0.08503401360544217,1.0,0.8893459481694775,0.15673981191222572,0.2748215525272937,0.5425170068027211
0.9560000000000001,1.0,0.08503401360544217,1.0,0.8893459481694775,0.15673981191222572,0.2748215525272937,0.5425170068027211
0.9570000000000001,1.0,0.08503401360544217,1.0,0.8893459481694775,0.15673981191222572,0.2748215525272937,0.5425170068027211
0.9580000000000001,1.0,0.08503401360544217,1.0,0.8893459481694775,0.15673981191222572,0.2748215525272937,0.5425170068027211
0.9590000000000001,1.0,0.08503401360544217,1.0,0.8893459481694775,0.15673981191222572,0.2748215525272937,0.5425170068027211
0.96,1.0,0.006802721088435374,1.0,0.8798848210612916,0.013513513513513514,0.07736238253950506,0.5034013605442177
0.961,1.0,0.006802721088435374,1.0,0.8798848210612916,0.013513513513513514,0.07736238253950506,0.5034013605442177
0.962,1.0,0.006802721088435374,1.0,0.8798848210612916,0.013513513513513514,0.07736238253950506,0.5034013605442177
0.963,1.0,0.006802721088435374,1.0,0.8798848210612916,0.013513513513513514,0.07736238253950506,0.5034013605442177
0.964,1.0,0.006802721088435374,1.0,0.8798848210612916,0.013513513513513514,0.07736238253950506,0.5034013605442177
0.965,1.0,0.006802721088435374,1.0,0.8798848210612916,0.013513513513513514,0.07736238253950506,0.5034013605442177
0.966,1.0,0.006802721088435374,1.0,0.8798848210612916,0.013513513513513514,0.07736238253950506,0.5034013605442177
0.967,1.0,0.006802721088435374,1.0,0.8798848210612916,0.013513513513513514,0.07736238253950506,0.5034013605442177
0.968,1.0,0.006802721088435374,1.0,0.8798848210612916,0.013513513513513514,0.07736238253950506,0.5034013605442177
0.969,1.0,0.006802721088435374,1.0,0.8798848210612916,0.013513513513513514,0.07736238253950506,0.5034013605442177
0.97,1.0,0.006802721088435374,1.0,0.8798848210612916,0.013513513513513514,0.07736238253950506,0.5034013605442177
0.971,1.0,0.006802721088435374,1.0,0.8798848210612916,0.013513513513513514,0.07736238253950506,0.5034013605442177
0.972,1.0,0.006802721088435374,1.0,0.8798848210612916,0.013513513513513514,0.07736238253950506,0.5034013605442177
0.973,1.0,0.006802721088435374,1.0,0.8798848210612916,0.013513513513513514,0.07736238253950506,0.5034013605442177
0.974,1.0,0.006802721088435374,1.0,0.8798848210612916,0.013513513513513514,0.07736238253950506,0.5034013605442177
0.975,1.0,0.006802721088435374,1.0,0.8798848210612916,0.013513513513513514,0.07736238253950506,0.5034013605442177
0.976,1.0,0.003401360544217687,1.0,0.8794734677087618,0.006779661016949152,0.05469220828712535,0.5017006802721088
0.977,0.0,0.0,1.0,0.879062114356232,0.0,0.0,0.5
0.978,0.0,0.0,1.0,0.879062114356232,0.0,0.0,0.5
0.979,0.0,0.0,1.0,0.879062114356232,0.0,0.0,0.5
0.98,0.0,0.0,1.0,0.879062114356232,0.0,0.0,0.5
0.981,0.0,0.0,1.0,0.879062114356232,0.0,0.0,0.5
0.982,0.0,0.0,1.0,0.879062114356232,0.0,0.0,0.5
0.983,0.0,0.0,1.0,0.879062114356232,0.0,0.0,0.5
0.984,0.0,0.0,1.0,0.879062114356232,0.0,0.0,0.5
0.985,0.0,0.0,1.0,0.879062114356232,0.0,0.0,0.5
0.986,0.0,0.0,1.0,0.879062114356232,0.0,0.0,0.5
0.987,0.0,0.0,1.0,0.879062114356232,0.0,0.0,0.5
0.988,0.0,0.0,1.0,0.879062114356232,0.0,0.0,0.5
0.989,0.0,0.0,1.0,0.879062114356232,0.0,0.0,0.5
0.99,0.0,0.0,1.0,0.879062114356232,0.0,0.0,0.5
0.991,0.0,0.0,1.0,0.879062114356232,0.0,0.0,0.5
0.992,0.0,0.0,1.0,0.879062114356232,0.0,0.0,0.5
0.993,0.0,0.0,1.0,0.879062114356232,0.0,0.0,0.5
0.994,0.0,0.0,1.0,0.879062114356232,0.0,0.0,0.5
0.995,0.0,0.0,1.0,0.879062114356232,0.0,0.0,0.5
0.996,0.0,0.0,1.0,0.879062114356232,0.0,0.0,0.5
0.997,0.0,0.0,1.0,0.879062114356232,0.0,0.0,0.5
0.998,0.0,0.0,1.0,0.879062114356232,0.0,0.0,0.5
0.999,0.0,0.0,1.0,0.879062114356232,0.0,0.0,0.5
1.0,0.0,0.0,1.0,0.879062114356232,0.0,0.0,0.5
