threshold,precision,recall,specificity,accuracy,f1,mcc,balanced_accuracy
0.0,0.12093788564376799,1.0,0.0,0.12093788564376799,0.21577981651376146,0.0,0.5
0.001,0.12123711340206185,1.0,0.0028076743097800653,0.12340600575894693,0.21625597646193453,0.01844977855397895,0.50140383715489
0.002,0.12214374740340674,1.0,0.011230697239120261,0.13081036610448374,0.21769714920399852,0.037037271048759014,0.5056153486195601
0.003,0.12279966471081308,0.9965986394557823,0.020589611605053813,0.1386260798025504,0.21865671641791046,0.0415782435000651,0.508594125530418
0.004,0.12441613588110403,0.9965986394557823,0.03509592887225082,0.15137803373097491,0.2212155530388826,0.05938250521831827,0.5158472841640166
0.005,0.12634756360500216,0.9965986394557823,0.05194197473093121,0.16618675442204853,0.22426329889016455,0.07549562899551773,0.5242703070933568
0.006,0.12845243314335816,0.9965986394557823,0.06972391202620495,0.18181818181818182,0.2275728155339806,0.08987292566131166,0.5331612757409936
0.007,0.1302408563782337,0.9931972789115646,0.08750584932147872,0.19703825586178528,0.2302839116719243,0.09826923820052008,0.5403515641165216
0.008,0.13161465400271372,0.9897959183673469,0.10154422087037904,0.20896750308515014,0.23233532934131737,0.10380825337655615,0.545670069618863
0.009000000000000001,0.13403961308152926,0.9897959183673469,0.12026204960224614,0.22542163718634306,0.236105476673428,0.11611299588230946,0.5550289839847965
0.01,0.13576779026217228,0.9863945578231292,0.13617220402433317,0.23899629781982723,0.23868312757201646,0.12238748392330824,0.5612833809237312
0.011,0.13882240306366683,0.9863945578231292,0.15816565278427702,0.2583299053887289,0.2433906840117499,0.13556339154339297,0.5722801053037031
0.012,0.141320293398533,0.9829931972789115,0.17828731867103417,0.2756067461949815,0.24711415134672937,0.14388566286895718,0.5806402579749729
0.013000000000000001,0.1433531746031746,0.9829931972789115,0.1918577445016378,0.28753599341834635,0.2502164502164502,0.1515216147413263,0.5874254708902746
0.014,0.14655172413793102,0.9829931972789115,0.21244735610669163,0.30563554092965856,0.25507502206531335,0.16282864613484785,0.5977202766928016
0.015,0.1502860114404576,0.9829931972789115,0.23537669630322883,0.3257918552036199,0.2607126747857465,0.17512461377240748,0.6091849467910702
0.016,0.1526677231907026,0.9829931972789115,0.24941506785212916,0.3381324557795146,0.26428898033836307,0.18254126266040888,0.6162041325655203
0.017,0.15508885298869143,0.9795918367346939,0.26579316799251285,0.3521184697655286,0.26778242677824265,0.1883918227374899,0.6226925023636034
0.018000000000000002,0.1568627450980392,0.9795918367346939,0.2756200280767431,0.36075689016865486,0.2704225352112676,0.19354500425638238,0.6276059324057185
0.019,0.15827338129496402,0.9727891156462585,0.2882545624707534,0.37104072398190047,0.27225130890052357,0.19485777320712847,0.6305218390585059
0.02,0.1608548931383577,0.9727891156462585,0.30182498830135707,0.3829699712052653,0.27606177606177607,0.20201159413438843,0.6373070519738078
0.021,0.16370921579851175,0.9727891156462585,0.31633130556855404,0.39572192513368987,0.2802547770700637,0.20964291553517153,0.6445602106074062
0.022,0.1658905704307334,0.9693877551020408,0.329433785680861,0.40682846565199504,0.28330019880715707,0.21400872634069898,0.6494107703914509
0.023,0.16705882352941176,0.9659863945578231,0.33738886289190456,0.41341011929247223,0.2848545636910732,0.21571131930590526,0.6516876287248639
0.024,0.16965352449223417,0.9659863945578231,0.34955545156761814,0.4241053064582476,0.2886178861788618,0.222181155878912,0.6577709230627207
0.025,0.1717049576783555,0.9659863945578231,0.3589143659335517,0.43233237350884407,0.2915811088295688,0.22716864739843848,0.6624503802456874
0.026000000000000002,0.17436845348120764,0.9625850340136054,0.37295273748245206,0.444261620732209,0.2952529994783516,0.23224822408220305,0.6677688857480287
0.027,0.17724701445631677,0.9591836734693877,0.38745905474964903,0.4566022213081037,0.2992042440318302,0.2376748823188076,0.6733213641095184
0.028,0.1798469387755102,0.9591836734693877,0.3982218062704726,0.4660633484162896,0.3029001074113856,0.2435334975915428,0.6787027398699301
0.029,0.18240620957309184,0.9591836734693877,0.40851661207299955,0.4751131221719457,0.3065217391304348,0.2491687154542175,0.6838501427711936
0.03,0.18455497382198952,0.9591836734693877,0.4169396350023397,0.4825174825174825,0.30954994511525796,0.2538052618784506,0.6880616542358637
0.031,0.18663136995367308,0.9591836734693877,0.42489471221338326,0.48951048951048953,0.3124653739612188,0.25820797279605384,0.6920391928413855
0.032,0.18893387314439947,0.9523809523809523,0.43752924660739356,0.4997943233237351,0.3153153153153153,0.2606053418364061,0.6949550994941729
0.033,0.19267955801104972,0.9489795918367347,0.4529714553111839,0.5129576306046895,0.3203214695752009,0.26704721359798383,0.7009755235739593
0.034,0.1949509116409537,0.9455782312925171,0.4627983153954141,0.5211846976552859,0.32325581395348835,0.27039205407777017,0.7041882733439656
0.035,0.1972934472934473,0.9421768707482994,0.4726251754796444,0.5294117647058824,0.32626619552414604,0.2738092027390503,0.7074010231139719
0.036000000000000004,0.19899062725306416,0.9387755102040817,0.4801123069723912,0.5355820649938297,0.32837596668649616,0.2759212672923043,0.7094439085882365
0.037,0.20029239766081872,0.9319727891156463,0.4880673841834347,0.5417523652817771,0.3297232250300842,0.276094067101556,0.7100200866495405
0.038,0.20386904761904762,0.9319727891156463,0.499298081422555,0.5516248457424928,0.33455433455433453,0.28282099467193444,0.7156354352691007
0.039,0.20648078372268275,0.9319727891156463,0.5072531586335985,0.5586178527354998,0.33806292412091304,0.28763644782181313,0.7196129738746224
0.04,0.2073170731707317,0.9251700680272109,0.5133364529714554,0.5631427396133278,0.33872976338729766,0.28686001818839985,0.7192532604993331
0.041,0.20987654320987653,0.9251700680272109,0.5208235844642022,0.569724393253805,0.3421383647798742,0.29147692051541335,0.7229968262457065
0.042,0.21233411397345825,0.9251700680272109,0.5278427702386523,0.5758946935417524,0.3453968253968254,0.29584412631258045,0.7265064191329316
0.043000000000000003,0.21473851030110935,0.9217687074829932,0.5362657931679925,0.5828877005347594,0.34832904884318766,0.2989077565442213,0.7290172503254928
0.044,0.2181964573268921,0.9217687074829932,0.5456247075339261,0.5911147675853559,0.3528645833333333,0.30486445414985475,0.7336967075084597
0.045,0.22231337161607875,0.9217687074829932,0.5563874590547496,0.6005758946935418,0.3582286847323199,0.3118117843987074,0.7390780832688715
0.046,0.22583333333333333,0.9217687074829932,0.5652784277023866,0.6083916083916084,0.3627844712182062,0.31763420933231945,0.7435235675926899
0.047,0.22830665543386688,0.9217687074829932,0.5713617220402434,0.613739201974496,0.3659689399054693,0.32166379312926113,0.7465652147616183
0.048,0.2300509337860781,0.9217687074829932,0.5755732335049134,0.6174413821472645,0.36820652173913043,0.3244761875039501,0.7486709704939534
0.049,0.23301805674978504,0.9217687074829932,0.5825924192793636,0.6236116824352118,0.37199725463280714,0.32920623234647534,0.7521805633811784
0.05,0.23601398601398602,0.9183673469387755,0.5910154422087038,0.6306046894282188,0.37552155771905427,0.33274988012412027,0.7546913945737397
0.051000000000000004,0.2393617021276596,0.9183673469387755,0.5985025737014507,0.637186343068696,0.379746835443038,0.33793286294418967,0.758434960320113
0.052000000000000005,0.24500907441016334,0.9183673469387755,0.6106691623771643,0.6478815302344714,0.3868194842406877,0.3465040241644721,0.7645182546579699
0.053,0.24747937671860679,0.9183673469387755,0.6158165652784277,0.6524064171122995,0.3898916967509025,0.350188561483644,0.7670919561086016
0.054,0.2490740740740741,0.9149659863945578,0.6204960224613945,0.6561085972850679,0.3915574963609898,0.3513702899388611,0.7677310044279761
0.055,0.25281954887218044,0.9149659863945578,0.6279831539541413,0.662690250925545,0.3961708394698085,0.35684531957302157,0.7714745701743495
0.056,0.2561904761904762,0.9149659863945578,0.6345343940102948,0.6684491978609626,0.40029761904761907,0.36170326985815665,0.7747501902024263
0.057,0.25890279114533205,0.9149659863945578,0.6396817969115582,0.6729740847387906,0.4036009002250563,0.3655660166339104,0.777323891653058
0.058,0.26320939334637966,0.9149659863945578,0.6476368741226017,0.6799670917317976,0.4088145896656535,0.37161815071047427,0.7813014302585798
0.059000000000000004,0.2671300893743793,0.9149659863945578,0.6546560598970519,0.686137392019745,0.41352805534204456,0.37704482636264314,0.7848110231458049
0.06,0.27281947261663286,0.9149659863945578,0.6644829199812822,0.6947758124228712,0.4203125,0.38478549538851414,0.78972445318792
0.061,0.278415015641293,0.9081632653061225,0.6761815629386991,0.7042369395310571,0.42617717478052675,0.3898359821762894,0.7921724141224108
0.062,0.2846481876332623,0.9081632653061225,0.6860084230229293,0.7128753599341835,0.43344155844155846,0.397975702030641,0.7970858441645259
0.063,0.28678839957035446,0.9081632653061225,0.6892840430510061,0.7157548334018923,0.4359183673469388,0.4007329607618128,0.7987236541785643
0.064,0.2888165038002172,0.9047619047619048,0.6934955545156761,0.7190456602221308,0.4378600823045268,0.40211082049576585,0.7991287296387904
0.065,0.29262926292629265,0.9047619047619048,0.6991109031352363,0.7239819004524887,0.44222776392352453,0.4069416413587529,0.8019364039485706
0.066,0.2954292084726867,0.9013605442176871,0.7042583060364997,0.7280954339777869,0.4450041981528128,0.4092290065451275,0.8028094251270934
0.067,0.2965050732807215,0.8945578231292517,0.7080018717828732,0.7305635540929658,0.445385266723116,0.40812250799645305,0.8012798474560625
0.068,0.29954441913439633,0.8945578231292517,0.7122133832475432,0.7342657342657343,0.44880546075085326,0.41187734458097663,0.8033856031883975
0.069,0.30264672036823936,0.8945578231292517,0.7164248947122134,0.7379679144385026,0.4522785898538263,0.4156755205513785,0.8054913589207325
0.07,0.3047508690614137,0.8945578231292517,0.7192325690219934,0.7404360345536816,0.4546240276577355,0.41823231444989645,0.8068951960756225
0.07100000000000001,0.3070588235294118,0.8877551020408163,0.7243799719232569,0.74413821472645,0.4562937062937063,0.4185504303228661,0.8060675369820366
0.07200000000000001,0.30952380952380953,0.8843537414965986,0.728591483387927,0.7474290415466887,0.4585537918871252,0.42026464810261727,0.8064726124422628
0.073,0.31100478468899523,0.8843537414965986,0.7304632662611137,0.7490744549568079,0.46017699115044247,0.42202513435523215,0.8074085038788561
0.074,0.3150851581508516,0.8809523809523809,0.7365465605989705,0.7540106951871658,0.46415770609318996,0.42559666190077255,0.8087494707756757
0.075,0.3189122373300371,0.8775510204081632,0.7421619092185306,0.7585355820649938,0.46781504986400724,0.42881186925738424,0.8098564648133469
0.076,0.3204968944099379,0.8775510204081632,0.7440336920917173,0.7601809954751131,0.4695177434030937,0.43064364248636827,0.8107923562499403
0.077,0.3232704402515723,0.8741496598639455,0.7482452035563875,0.7634718222953517,0.4719926538108356,0.43258027469963933,0.8111974317101665
0.078,0.3273885350318471,0.8741496598639455,0.7529246607393543,0.7675853558206499,0.4763670064874884,0.43726548556447636,0.8135371603016499
0.079,0.32904884318766064,0.8707482993197279,0.7557323350491343,0.769642122583299,0.47761194029850745,0.4378822608360539,0.8132403171844311
0.08,0.3328998699609883,0.8707482993197279,0.7599438465138044,0.7733443027560675,0.4816556914393227,0.44219585702239594,0.8153460729167661
0.081,0.3368421052631579,0.8707482993197279,0.7641553579784744,0.7770464829288358,0.4857685009487666,0.4465691667181543,0.8174518286491012
0.082,0.3390728476821192,0.8707482993197279,0.7664950865699579,0.779103249691485,0.4880838894184938,0.4490252670626231,0.8186216929448429
0.083,0.3422459893048128,0.8707482993197279,0.7697707065980346,0.7819827231591937,0.491362763915547,0.4524963603611425,0.8202595029588813
0.084,0.3436657681940701,0.8673469387755102,0.772110435189518,0.7836281365693131,0.4922779922779923,0.4527628121555972,0.8197286869825141
0.085,0.3488372093023256,0.8673469387755102,0.7772578380907814,0.7881530234471411,0.4975609756097561,0.45833845521089733,0.8223023884331457
0.08600000000000001,0.3494475138121547,0.8605442176870748,0.7795975666822649,0.7893870835047305,0.49705304518664045,0.4564214630093907,0.8200708921846698
0.08700000000000001,0.35384615384615387,0.8605442176870748,0.7838090781469349,0.793089263677499,0.5014866204162537,0.46109277574532836,0.8221766479170048
0.088,0.35684062059238364,0.8605442176870748,0.786616752456715,0.7955573837926779,0.5044865403788634,0.4642464083674164,0.8235804850718949
0.089,0.36142857142857143,0.8605442176870748,0.7908282639213852,0.7992595639654463,0.5090543259557344,0.46903773009353134,0.82568624080423
0.09,0.3673469387755102,0.8571428571428571,0.796911558259242,0.8041958041958042,0.5142857142857142,0.47383816157718756,0.8270272077010495
0.091,0.3672566371681416,0.8469387755102041,0.7992512868507253,0.8050185109008638,0.5123456790123457,0.4698188052321496,0.8230950311804648
0.092,0.36904761904761907,0.8435374149659864,0.8015910154422087,0.8066639243109831,0.5134575569358178,0.47033202552648157,0.8225642152040975
0.093,0.3740573152337858,0.8435374149659864,0.8058025269068788,0.8103661044837516,0.5182863113897597,0.4753901177803374,0.8246699709364327
0.094,0.37920489296636084,0.8435374149659864,0.810014038371549,0.8140682846565199,0.5232067510548524,0.48053289524324416,0.8267757266687676
0.095,0.3810264385692068,0.8333333333333334,0.8137576041179223,0.816125051419169,0.5229455709711847,0.4783568530435049,0.8235454687256278
0.096,0.38461538461538464,0.8333333333333334,0.8165652784277024,0.818593171534348,0.5263157894736842,0.4818818844686471,0.824949305880518
0.097,0.38522012578616355,0.8333333333333334,0.8170332241459991,0.8190045248868778,0.5268817204301075,0.4824733652589784,0.8251832787396662
0.098,0.3888888888888889,0.8333333333333334,0.8198408984557791,0.8214726450020567,0.5303030303030303,0.48604652033640683,0.8265871158945562
0.099,0.387459807073955,0.8197278911564626,0.8217126813289658,0.8214726450020567,0.5262008733624454,0.4793115308937767,0.8207202862427142
0.1,0.3915171288743883,0.8163265306122449,0.8254562470753393,0.8243521184697655,0.5292171995589857,0.4818776771116019,0.8208913888437921
0.101,0.3956953642384106,0.8129251700680272,0.8291998128217127,0.8272315919374743,0.532293986636971,0.4845155841848012,0.82106249144487
0.10200000000000001,0.3973288814691152,0.8095238095238095,0.8310715956948994,0.8284656519950637,0.5330347144456887,0.48471180808083036,0.8202977026093545
0.10300000000000001,0.39864864864864863,0.8027210884353742,0.8334113242863828,0.8296997120526532,0.5327313769751693,0.4832498556387604,0.8180662063608785
0.10400000000000001,0.400679117147708,0.8027210884353742,0.8348151614412728,0.8309337721102427,0.5345413363533409,0.4851525846880262,0.8187681249383234
0.105,0.40102389078498296,0.7993197278911565,0.8357510528778662,0.8313451254627725,0.5340909090909091,0.4841178151188546,0.8175353903845113
0.106,0.4044750430292599,0.7993197278911565,0.8380907814693496,0.8334018922254216,0.5371428571428571,0.4873278323116916,0.818705254680253
0.107,0.4058721934369603,0.7993197278911565,0.8390266729059429,0.8342245989304813,0.5383734249713631,0.48862149402361277,0.8191732003985497
0.108,0.40695652173913044,0.7959183673469388,0.8404305100608329,0.835047305635541,0.5385500575373993,0.48825679981993647,0.8181744387038858
0.109,0.4119718309859155,0.7959183673469388,0.8437061300889097,0.8379267791032496,0.54292343387471,0.4928564218596825,0.8198122487179242
0.11,0.4119718309859155,0.7959183673469388,0.8437061300889097,0.8379267791032496,0.54292343387471,0.4928564218596825,0.8198122487179242
0.111,0.41637010676156583,0.7959183673469388,0.8465138043986897,0.8403948992184286,0.5467289719626168,0.49685584045935244,0.8212160858728142
0.112,0.41935483870967744,0.7959183673469388,0.8483855872718764,0.842040312628548,0.5492957746478874,0.49955203802635756,0.8221519773094076
0.113,0.4223826714801444,0.7959183673469388,0.8502573701450632,0.8436857260386672,0.5518867924528302,0.5022726782118927,0.823087868746001
0.114,0.42935779816513764,0.7959183673469388,0.8544688816097332,0.8473879062114357,0.5578069129916567,0.508485823231981,0.825193624478336
0.115,0.42988929889298894,0.7925170068027211,0.8554047730463267,0.8477992595639654,0.5574162679425837,0.5075547342376562,0.8239608899245239
0.116,0.4291044776119403,0.782312925170068,0.8568086102012167,0.8477992595639654,0.5542168674698795,0.5026577417118305,0.8195607676856423
0.117,0.43151969981238275,0.782312925170068,0.8582124473561067,0.8490333196215549,0.5562273276904474,0.5047781590941555,0.8202626862630873
0.11800000000000001,0.43453510436432635,0.7789115646258503,0.86055217594759,0.8506787330316742,0.5578562728380024,0.5060029752158438,0.8197318702867202
0.11900000000000001,0.4378585086042065,0.7789115646258503,0.8624239588207768,0.8523241464417936,0.5605875152998776,0.5088868080513647,0.8206677617233136
0.12,0.4386973180076628,0.7789115646258503,0.8628919045390735,0.8527354997943233,0.5612745098039216,0.5096121466113517,0.8209017345824619
0.121,0.43653846153846154,0.7721088435374149,0.8628919045390735,0.8519127930892637,0.5577395577395577,0.504914854639759,0.8175003740382443
0.122,0.43992248062015504,0.7721088435374149,0.8647636874122602,0.853558206499383,0.5604938271604938,0.5078309948533912,0.8184362654748376
0.123,0.4396887159533074,0.7687074829931972,0.8652316331305568,0.853558206499383,0.5594059405940595,0.5062101633036025,0.816969558061877
0.124,0.44291338582677164,0.7653061224489796,0.8675713617220402,0.8552036199095022,0.5610972568578554,0.5075444383042339,0.8164387420855099
0.125,0.44731610337972166,0.7653061224489796,0.8699110903135236,0.8572603866721514,0.5646173149309912,0.5112822041815533,0.8176086063812515
0.126,0.4507042253521127,0.7619047619047619,0.872250818905007,0.8589058000822707,0.5663716814159292,0.5127023591514012,0.8170777904048845
0.127,0.45233265720081134,0.7585034013605442,0.873654656059897,0.8597285067873304,0.5667090216010165,0.5126267419562645,0.8160790287102206
0.128,0.4569672131147541,0.7585034013605442,0.8759943846513805,0.8617852735499795,0.5703324808184144,0.5164873939173559,0.8172488930059623
0.129,0.4607438016528926,0.7585034013605442,0.8778661675245671,0.8634306869600987,0.5732647814910026,0.519612599526532,0.8181847844425556
0.13,0.46361746361746364,0.7585034013605442,0.8792700046794572,0.8646647470176881,0.5754838709677419,0.5219783478511126,0.8188867030200007
0.131,0.46555323590814196,0.7585034013605442,0.8802058961160505,0.8654874537227478,0.5769728331177232,0.5235660783317243,0.8193546487382973
0.132,0.46638655462184875,0.7551020408163265,0.8811417875526439,0.8658988070752777,0.5766233766233766,0.5227844385990134,0.8181219141844852
0.133,0.4693446088794926,0.7551020408163265,0.882545624707534,0.8671328671328671,0.5788787483702738,0.5251940366574702,0.8188238327619302
0.134,0.4702127659574468,0.7517006802721088,0.8834815161441273,0.8675442204853969,0.5785340314136126,0.5244287799756701,0.817591098208118
0.135,0.47121535181236673,0.7517006802721088,0.883949461862424,0.8679555738379268,0.5792922673656619,0.5252404344017315,0.8178250710672663
0.136,0.4721030042918455,0.7482993197278912,0.8848853532990173,0.8683669271904566,0.5789473684210527,0.5244838070531758,0.8165923365134542
0.137,0.4731182795698925,0.7482993197278912,0.885353299017314,0.8687782805429864,0.5797101449275363,0.5253018461888742,0.8168263093726026
0.138,0.47516198704103674,0.7482993197278912,0.8862891904539073,0.869600987248046,0.5812417437252312,0.5269447576523775,0.8172942550908993
0.139,0.47608695652173916,0.7448979591836735,0.8872250818905008,0.8700123406005759,0.5809018567639257,0.5262054224383684,0.8160615205370871
0.14,0.4781659388646288,0.7448979591836735,0.8881609733270941,0.8708350473056355,0.5824468085106383,0.5278661165455462,0.8165294662553838
0.14100000000000001,0.47921225382932164,0.7448979591836735,0.8886289190453908,0.8712464006581654,0.5832223701731025,0.5286999839532085,0.8167634391145322
0.14200000000000002,0.4779735682819383,0.7380952380952381,0.8890968647636874,0.8708350473056355,0.5802139037433155,0.5247412996510553,0.8135960514294628
0.14300000000000002,0.4778761061946903,0.7346938775510204,0.8895648104819841,0.8708350473056355,0.579088471849866,0.5231767155468389,0.8121293440165023
0.14400000000000002,0.47884187082405344,0.7312925170068028,0.8905007019185774,0.8712464006581654,0.5787348586810229,0.5224526208989684,0.8108966094626902
0.145,0.47884187082405344,0.7312925170068028,0.8905007019185774,0.8712464006581654,0.5787348586810229,0.5224526208989684,0.8108966094626902
0.146,0.47874720357941836,0.7278911564625851,0.8909686476368741,0.8712464006581654,0.5775978407557355,0.5208871051019343,0.8094299020497295
0.147,0.48089887640449436,0.7278911564625851,0.8919045390734675,0.872069107363225,0.5791610284167794,0.5225824907173341,0.8098978477680263
0.148,0.4819004524886878,0.7244897959183674,0.8928404305100608,0.8724804607157548,0.5788043478260869,0.5218731363876954,0.8086651132142141
0.149,0.48409090909090907,0.7244897959183674,0.8937763219466542,0.8733031674208145,0.5803814713896458,0.5235876630864283,0.8091330589325108
0.15,0.4863013698630137,0.7244897959183674,0.8947122133832476,0.8741258741258742,0.5819672131147541,0.5253123107287636,0.8096010046508075
0.151,0.4851258581235698,0.7210884353741497,0.8947122133832476,0.8737145207733443,0.5800273597811217,0.5228929337526478,0.8079003243786986
0.152,0.48623853211009177,0.7210884353741497,0.8951801591015442,0.8741258741258742,0.5808219178082191,0.5237587216881068,0.8081342972378469
0.153,0.49074074074074076,0.7210884353741497,0.8970519419747309,0.8757712875359934,0.5840220385674931,0.5272477908666877,0.8090701886744402
0.154,0.4918793503480278,0.7210884353741497,0.8975198876930276,0.8761826408885233,0.5848275862068966,0.5281266124940228,0.8093041615335886
0.155,0.4988235294117647,0.7210884353741497,0.9003275620028077,0.8786507610037022,0.5897079276773296,0.5334557813943671,0.8107079986884786
0.156,0.5,0.717687074829932,0.9012634534394011,0.879062114356232,0.5893854748603352,0.532826321048693,0.8094752641346665
0.157,0.5035971223021583,0.7142857142857143,0.9031352363125877,0.8802961744138215,0.5907172995780591,0.53402246580564,0.808710475299151
0.158,0.5072463768115942,0.7142857142857143,0.9045390734674777,0.881530234471411,0.5932203389830508,0.5367728093297565,0.809412393876596
0.159,0.5072463768115942,0.7142857142857143,0.9045390734674777,0.881530234471411,0.5932203389830508,0.5367728093297565,0.809412393876596
0.16,0.5084745762711864,0.7142857142857143,0.9050070191857744,0.8819415878239407,0.594059405940594,0.5376953784864476,0.8096463667357443
0.161,0.5085158150851582,0.7108843537414966,0.9054749649040711,0.8819415878239407,0.5929078014184397,0.5361833169571569,0.8081796593227839
0.162,0.511002444987775,0.7108843537414966,0.9064108563406644,0.8827642945290004,0.5945945945945946,0.5380425269546535,0.8086476050410805
0.163,0.5110565110565111,0.7074829931972789,0.9068788020589612,0.8827642945290004,0.5934379457917262,0.5365345190017192,0.8071808976281201
0.164,0.5111111111111111,0.7040816326530612,0.9073467477772579,0.8827642945290004,0.592274678111588,0.5350252609506356,0.8057141902151596
0.165,0.5136476426799007,0.7040816326530612,0.9082826392138512,0.8835870012340601,0.593974175035868,0.5369072543637922,0.8061821359334562
0.166,0.5149253731343284,0.7040816326530612,0.9087505849321479,0.8839983545865899,0.5948275862068966,0.5378528385976074,0.8064161087926045
0.167,0.518796992481203,0.7040816326530612,0.9101544220870379,0.8852324146441793,0.5974025974025974,0.5407081702466753,0.8071180273700496
0.168,0.5203045685279187,0.6972789115646258,0.9115582592419279,0.8856437679967092,0.5959302325581395,0.5386832356055098,0.8044185854032768
0.169,0.5242966751918159,0.6972789115646258,0.912962096396818,0.8868778280542986,0.5985401459854015,0.541594010194744,0.8051205039807219
0.17,0.5256410256410257,0.6972789115646258,0.9134300421151147,0.8872891814068284,0.5994152046783626,0.542570788069416,0.8053544768398703
0.171,0.5269922879177378,0.6972789115646258,0.9138979878334114,0.8877005347593583,0.6002928257686676,0.5435508605261661,0.8055884496990187
0.17200000000000001,0.5297157622739018,0.6972789115646258,0.9148338792700047,0.888523241464418,0.6020558002936858,0.5455209738744236,0.8060563954173152
0.17300000000000001,0.5300261096605744,0.6904761904761905,0.915769770706598,0.888523241464418,0.5997045790251108,0.5425758025855694,0.8031229805913942
0.17400000000000002,0.5300261096605744,0.6904761904761905,0.915769770706598,0.888523241464418,0.5997045790251108,0.5425758025855694,0.8031229805913942
0.17500000000000002,0.5300261096605744,0.6904761904761905,0.915769770706598,0.888523241464418,0.5997045790251108,0.5425758025855694,0.8031229805913942
0.176,0.5328083989501312,0.6904761904761905,0.9167056621431914,0.8893459481694775,0.6014814814814815,0.5445719789291387,0.803590926309691
0.177,0.5356200527704486,0.6904761904761905,0.9176415535797847,0.8901686548745372,0.6032689450222882,0.5465819916589083,0.8040588720279875
0.178,0.5356200527704486,0.6904761904761905,0.9176415535797847,0.8901686548745372,0.6032689450222882,0.5465819916589083,0.8040588720279875
0.179,0.5358090185676393,0.6870748299319728,0.9181094992980814,0.8901686548745372,0.6020864381520119,0.5451207394490886,0.8025921646150271
0.18,0.5358090185676393,0.6870748299319728,0.9181094992980814,0.8901686548745372,0.6020864381520119,0.5451207394490886,0.8025921646150271
0.181,0.5386666666666666,0.6870748299319728,0.9190453907346747,0.8909913615795969,0.6038863976083707,0.5471513938794854,0.8030601103333237
0.182,0.543010752688172,0.6870748299319728,0.9204492278895648,0.8922254216371863,0.6066066066066066,0.5502242962520154,0.8037620289107688
0.183,0.5489130434782609,0.6870748299319728,0.9223210107627515,0.8938708350473057,0.6102719033232629,0.5543727680501072,0.8046979203473621
0.184,0.547683923705722,0.6836734693877551,0.9223210107627515,0.8934594816947758,0.6081694402420574,0.5518953259349529,0.8029972400752533
0.185,0.5491803278688525,0.6836734693877551,0.9227889564810482,0.8938708350473057,0.6090909090909091,0.5529415866385115,0.8032312129344017
0.186,0.5491803278688525,0.6836734693877551,0.9227889564810482,0.8938708350473057,0.6090909090909091,0.5529415866385115,0.8032312129344017
0.187,0.5506849315068493,0.6836734693877551,0.9232569021993449,0.8942821883998354,0.6100151745068285,0.5539916337481271,0.80346518579355
0.188,0.5506849315068493,0.6836734693877551,0.9232569021993449,0.8942821883998354,0.6100151745068285,0.5539916337481271,0.80346518579355
0.189,0.5521978021978022,0.6836734693877551,0.9237248479176415,0.8946935417523653,0.6109422492401215,0.5550454931095062,0.8036991586526983
0.19,0.5521978021978022,0.6836734693877551,0.9237248479176415,0.8946935417523653,0.6109422492401215,0.5550454931095062,0.8036991586526983
0.191,0.5521978021978022,0.6836734693877551,0.9237248479176415,0.8946935417523653,0.6109422492401215,0.5550454931095062,0.8036991586526983
0.192,0.5521978021978022,0.6836734693877551,0.9237248479176415,0.8946935417523653,0.6109422492401215,0.5550454931095062,0.8036991586526983
0.193,0.5521978021978022,0.6836734693877551,0.9237248479176415,0.8946935417523653,0.6109422492401215,0.5550454931095062,0.8036991586526983
0.194,0.5509641873278237,0.6802721088435374,0.9237248479176415,0.8942821883998354,0.60882800608828,0.5525633767314783,0.8019984783805895
0.195,0.5487465181058496,0.6700680272108843,0.9241927936359382,0.8934594816947758,0.6033690658499234,0.5461487260684186,0.7971304104234113
0.196,0.5518207282913166,0.6700680272108843,0.9251286850725315,0.8942821883998354,0.6052227342549923,0.5482743968633108,0.7975983561417079
0.197,0.550561797752809,0.6666666666666666,0.9251286850725315,0.8938708350473057,0.6030769230769231,0.5457747337486866,0.795897675869599
0.198,0.5521126760563381,0.6666666666666666,0.9255966307908282,0.8942821883998354,0.6040061633281972,0.5468432999767499,0.7961316487287474
0.199,0.5536723163841808,0.6666666666666666,0.926064576509125,0.8946935417523653,0.6049382716049383,0.5479158537098124,0.7963656215878958
0.2,0.5552407932011332,0.6666666666666666,0.9265325222274217,0.8951048951048951,0.6058732612055642,0.5489924229992997,0.7965995944470441
0.201,0.5552407932011332,0.6666666666666666,0.9265325222274217,0.8951048951048951,0.6058732612055642,0.5489924229992997,0.7965995944470441
0.202,0.5552407932011332,0.6666666666666666,0.9265325222274217,0.8951048951048951,0.6058732612055642,0.5489924229992997,0.7965995944470441
0.203,0.5584045584045584,0.6666666666666666,0.927468413664015,0.8959276018099548,0.6077519379844961,0.5511577218378044,0.7970675401653409
0.20400000000000001,0.5616045845272206,0.6666666666666666,0.9284043051006083,0.8967503085150144,0.609642301710731,0.5533394264916128,0.7975354858836374
0.20500000000000002,0.5652173913043478,0.6632653061224489,0.9298081422554983,0.897573015220074,0.6103286384976526,0.5541377130368633,0.7965367241889736
0.20600000000000002,0.5668604651162791,0.6632653061224489,0.930276087973795,0.8979843685726039,0.6112852664576802,0.5552473479579453,0.796770697048122
0.20700000000000002,0.5672514619883041,0.6598639455782312,0.9307440336920917,0.8979843685726039,0.610062893081761,0.553851024469751,0.7953039896351615
0.20800000000000002,0.5672514619883041,0.6598639455782312,0.9307440336920917,0.8979843685726039,0.610062893081761,0.553851024469751,0.7953039896351615
0.209,0.5722713864306784,0.6598639455782312,0.9321478708469817,0.8992184286301933,0.6129541864139021,0.5572186096781225,0.7960059082126065
0.21,0.5727002967359051,0.6564625850340136,0.9326158165652785,0.8992184286301933,0.6117274167987322,0.555834803950953,0.794539200799646
0.211,0.5761194029850746,0.6564625850340136,0.9335517080018718,0.900041135335253,0.6136724960254372,0.5581107864986997,0.7950071465179427
0.212,0.5761194029850746,0.6564625850340136,0.9335517080018718,0.900041135335253,0.6136724960254372,0.5581107864986997,0.7950071465179427
0.213,0.5778443113772455,0.6564625850340136,0.9340196537201685,0.9004524886877828,0.6146496815286624,0.5592555678581075,0.795241119377091
0.214,0.5778443113772455,0.6564625850340136,0.9340196537201685,0.9004524886877828,0.6146496815286624,0.5592555678581075,0.795241119377091
0.215,0.5795795795795796,0.6564625850340136,0.9344875994384652,0.9008638420403127,0.6156299840510366,0.5604049209043749,0.7954750922362394
0.216,0.5813253012048193,0.6564625850340136,0.9349555451567618,0.9012751953928424,0.6166134185303515,0.5615588798001101,0.7957090650953877
0.217,0.5813253012048193,0.6564625850340136,0.9349555451567618,0.9012751953928424,0.6166134185303515,0.5615588798001101,0.7957090650953877
0.218,0.5848484848484848,0.6564625850340136,0.9358914365933552,0.9020979020979021,0.6185897435897436,0.5638807535847868,0.7961770108136843
0.219,0.5848484848484848,0.6564625850340136,0.9358914365933552,0.9020979020979021,0.6185897435897436,0.5638807535847868,0.7961770108136843
0.22,0.5902140672782875,0.6564625850340136,0.9372952737482452,0.9033319621554916,0.6215780998389694,0.5673989830395642,0.7968789293911294
0.221,0.5902140672782875,0.6564625850340136,0.9372952737482452,0.9033319621554916,0.6215780998389694,0.5673989830395642,0.7968789293911294
0.222,0.588957055214724,0.6530612244897959,0.9372952737482452,0.9029206088029618,0.6193548387096774,0.5648789928790089,0.7951782491190205
0.223,0.5895061728395061,0.6496598639455783,0.9377632194665418,0.9029206088029618,0.6181229773462783,0.5635366448337236,0.7937115417060601
0.224,0.593167701863354,0.6496598639455783,0.9386991109031352,0.9037433155080213,0.6201298701298701,0.5659161437901029,0.7941794874243567
0.225,0.596875,0.6496598639455783,0.9396350023397286,0.904566022213081,0.6221498371335505,0.5683154701683437,0.7946474331426534
0.226,0.5987460815047022,0.6496598639455783,0.9401029480580253,0.9049773755656109,0.6231647634584013,0.5695226649299823,0.7948814060018018
0.227,0.60062893081761,0.6496598639455783,0.940570893776322,0.9053887289181407,0.6241830065359477,0.5707349329342941,0.7951153788609502
0.228,0.6025236593059937,0.6496598639455783,0.9410388394946186,0.9058000822706705,0.6252045826513911,0.5719523138624228,0.7953493517200985
0.229,0.6044303797468354,0.6496598639455783,0.9415067852129153,0.9062114356232003,0.6262295081967213,0.5731748478311158,0.7955833245792467
0.23,0.6063492063492063,0.6496598639455783,0.941974730931212,0.9066227889757301,0.6272577996715928,0.574402575398917,0.7958172974383951
0.231,0.6038338658146964,0.6428571428571429,0.941974730931212,0.9058000822706705,0.6227347611202636,0.5693401528432097,0.7924159368941774
0.232,0.6057692307692307,0.6428571428571429,0.9424426766495086,0.9062114356232003,0.6237623762376238,0.5705734263105113,0.7926499097533257
0.233,0.6077170418006431,0.6428571428571429,0.9429106223678053,0.9066227889757301,0.6247933884297521,0.5718120064785857,0.7928838826124741
0.234,0.6116504854368932,0.6428571428571429,0.9438465138043987,0.9074454956807898,0.6268656716417911,0.5743052571242823,0.7933518283307708
0.23500000000000001,0.6103896103896104,0.6394557823129252,0.9438465138043987,0.90703414232826,0.6245847176079734,0.5717672249517705,0.7916511480586619
0.23600000000000002,0.6103896103896104,0.6394557823129252,0.9438465138043987,0.90703414232826,0.6245847176079734,0.5717672249517705,0.7916511480586619
0.23700000000000002,0.6091205211726385,0.6360544217687075,0.9438465138043987,0.9066227889757301,0.6222961730449251,0.5692241165785741,0.7899504677865531
0.23800000000000002,0.6111111111111112,0.6360544217687075,0.9443144595226953,0.90703414232826,0.6233333333333333,0.5704792649693604,0.7901844406457015
0.23900000000000002,0.6151315789473685,0.6360544217687075,0.9452503509592888,0.9078568490333196,0.6254180602006689,0.5730061434084325,0.7906523863639981
0.24,0.6151315789473685,0.6360544217687075,0.9452503509592888,0.9078568490333196,0.6254180602006689,0.5730061434084325,0.7906523863639981
0.241,0.6171617161716172,0.6360544217687075,0.9457182966775854,0.9082682023858495,0.626465661641541,0.5742779638420844,0.7908863592231465
0.242,0.6192052980132451,0.6360544217687075,0.9461862423958821,0.9086795557383792,0.62751677852349,0.5755554328738912,0.7911203320822948
0.243,0.6212624584717608,0.6360544217687075,0.9466541881141788,0.9090909090909091,0.6285714285714286,0.5768385970058711,0.7913543049414431
0.244,0.6233333333333333,0.6360544217687075,0.9471221338324755,0.9095022624434389,0.6296296296296297,0.5781275032778764,0.7915882778005915
0.245,0.6233333333333333,0.6360544217687075,0.9471221338324755,0.9095022624434389,0.6296296296296297,0.5781275032778764,0.7915882778005915
0.246,0.6254180602006689,0.6360544217687075,0.9475900795507721,0.9099136157959687,0.6306913996627319,0.5794221992756492,0.7918222506597399
0.247,0.6254180602006689,0.6360544217687075,0.9475900795507721,0.9099136157959687,0.6306913996627319,0.5794221992756492,0.7918222506597399
0.248,0.6296296296296297,0.6360544217687075,0.9485259709873655,0.9107363225010284,0.6328257191201354,0.5820291535702977,0.7922901963780364
0.249,0.6338983050847458,0.6360544217687075,0.9494618624239588,0.911559029206088,0.634974533106961,0.5846598518091529,0.7927581420963332
0.25,0.6338983050847458,0.6360544217687075,0.9494618624239588,0.911559029206088,0.634974533106961,0.5846598518091529,0.7927581420963332
0.251,0.6338983050847458,0.6360544217687075,0.9494618624239588,0.911559029206088,0.634974533106961,0.5846598518091529,0.7927581420963332
0.252,0.6335616438356164,0.6292517006802721,0.9499298081422555,0.9111476758535582,0.6313993174061433,0.5808898609678087,0.7895907544112638
0.253,0.6335616438356164,0.6292517006802721,0.9499298081422555,0.9111476758535582,0.6313993174061433,0.5808898609678087,0.7895907544112638
0.254,0.6379310344827587,0.6292517006802721,0.9508656995788488,0.9119703825586178,0.6335616438356164,0.5835586161693106,0.7900587001295605
0.255,0.6379310344827587,0.6292517006802721,0.9508656995788488,0.9119703825586178,0.6335616438356164,0.5835586161693106,0.7900587001295605
0.256,0.6401384083044983,0.6292517006802721,0.9513336452971455,0.9123817359111477,0.6346483704974271,0.5849023168785779,0.7902926729887088
0.257,0.6411149825783972,0.6258503401360545,0.9518015910154423,0.9123817359111477,0.6333907056798623,0.583698822202214,0.7888259655757484
0.258,0.6411149825783972,0.6258503401360545,0.9518015910154423,0.9123817359111477,0.6333907056798623,0.583698822202214,0.7888259655757484
0.259,0.6433566433566433,0.6258503401360545,0.9522695367337389,0.9127930892636775,0.6344827586206897,0.5850556300625577,0.7890599384348966
0.26,0.6433566433566433,0.6258503401360545,0.9522695367337389,0.9127930892636775,0.6344827586206897,0.5850556300625577,0.7890599384348966
0.261,0.647887323943662,0.6258503401360545,0.9532054281703323,0.9136157959687371,0.6366782006920415,0.5877885559847091,0.7895278841531934
0.262,0.647887323943662,0.6258503401360545,0.9532054281703323,0.9136157959687371,0.6366782006920415,0.5877885559847091,0.7895278841531934
0.263,0.6524822695035462,0.6258503401360545,0.9541413196069256,0.9144385026737968,0.6388888888888888,0.5905476054216552,0.78999582987149
0.264,0.6524822695035462,0.6258503401360545,0.9541413196069256,0.9144385026737968,0.6388888888888888,0.5905476054216552,0.78999582987149
0.265,0.6594982078853047,0.6258503401360545,0.9555451567618156,0.9156725627313863,0.6422338568935427,0.5947361742545144,0.790697748448935
0.266,0.6594982078853047,0.6258503401360545,0.9555451567618156,0.9156725627313863,0.6422338568935427,0.5947361742545144,0.790697748448935
0.267,0.6594982078853047,0.6258503401360545,0.9555451567618156,0.9156725627313863,0.6422338568935427,0.5947361742545144,0.790697748448935
0.268,0.658273381294964,0.6224489795918368,0.9555451567618156,0.9152612093788565,0.6398601398601399,0.5921816503975824,0.7889970681768261
0.269,0.6630434782608695,0.6224489795918368,0.956481048198409,0.916083916083916,0.6421052631578947,0.5950093962086482,0.7894650138951229
0.27,0.6630434782608695,0.6224489795918368,0.956481048198409,0.916083916083916,0.6421052631578947,0.5950093962086482,0.7894650138951229
0.271,0.6630434782608695,0.6224489795918368,0.956481048198409,0.916083916083916,0.6421052631578947,0.5950093962086482,0.7894650138951229
0.272,0.6630434782608695,0.6224489795918368,0.956481048198409,0.916083916083916,0.6421052631578947,0.5950093962086482,0.7894650138951229
0.273,0.6630434782608695,0.6224489795918368,0.956481048198409,0.916083916083916,0.6421052631578947,0.5950093962086482,0.7894650138951229
0.274,0.6630434782608695,0.6224489795918368,0.956481048198409,0.916083916083916,0.6421052631578947,0.5950093962086482,0.7894650138951229
0.275,0.6654545454545454,0.6224489795918368,0.9569489939167056,0.9164952694364459,0.6432337434094904,0.5964336983575925,0.7896989867542712
0.276,0.6654545454545454,0.6224489795918368,0.9569489939167056,0.9164952694364459,0.6432337434094904,0.5964336983575925,0.7896989867542712
0.277,0.6654545454545454,0.6224489795918368,0.9569489939167056,0.9164952694364459,0.6432337434094904,0.5964336983575925,0.7896989867542712
0.278,0.6678832116788321,0.6224489795918368,0.9574169396350023,0.9169066227889757,0.6443661971830986,0.5978650370992167,0.7899329596134195
0.279,0.6678832116788321,0.6224489795918368,0.9574169396350023,0.9169066227889757,0.6443661971830986,0.5978650370992167,0.7899329596134195
0.28,0.6727941176470589,0.6224489795918368,0.9583528310715957,0.9177293294940354,0.6466431095406361,0.6007490804603847,0.7904009053317163
0.281,0.6727941176470589,0.6224489795918368,0.9583528310715957,0.9177293294940354,0.6466431095406361,0.6007490804603847,0.7904009053317163
0.28200000000000003,0.6727941176470589,0.6224489795918368,0.9583528310715957,0.9177293294940354,0.6466431095406361,0.6007490804603847,0.7904009053317163
0.28300000000000003,0.6727941176470589,0.6224489795918368,0.9583528310715957,0.9177293294940354,0.6466431095406361,0.6007490804603847,0.7904009053317163
0.28400000000000003,0.6765799256505576,0.6190476190476191,0.9592887225081891,0.9181406828465652,0.6465364120781527,0.6011078850531251,0.7891681707779041
0.28500000000000003,0.6791044776119403,0.6190476190476191,0.9597566682264858,0.918552036199095,0.6476868327402135,0.6025762479693669,0.7894021436370524
0.28600000000000003,0.6791044776119403,0.6190476190476191,0.9597566682264858,0.918552036199095,0.6476868327402135,0.6025762479693669,0.7894021436370524
0.28700000000000003,0.6791044776119403,0.6190476190476191,0.9597566682264858,0.918552036199095,0.6476868327402135,0.6025762479693669,0.7894021436370524
0.28800000000000003,0.6791044776119403,0.6190476190476191,0.9597566682264858,0.918552036199095,0.6476868327402135,0.6025762479693669,0.7894021436370524
0.289,0.6779026217228464,0.6156462585034014,0.9597566682264858,0.9181406828465652,0.6452762923351159,0.6000172469242394,0.7877014633649435
0.29,0.6779026217228464,0.6156462585034014,0.9597566682264858,0.9181406828465652,0.6452762923351159,0.6000172469242394,0.7877014633649435
0.291,0.6779026217228464,0.6156462585034014,0.9597566682264858,0.9181406828465652,0.6452762923351159,0.6000172469242394,0.7877014633649435
0.292,0.6779026217228464,0.6156462585034014,0.9597566682264858,0.9181406828465652,0.6452762923351159,0.6000172469242394,0.7877014633649435
0.293,0.6779026217228464,0.6156462585034014,0.9597566682264858,0.9181406828465652,0.6452762923351159,0.6000172469242394,0.7877014633649435
0.294,0.6779026217228464,0.6156462585034014,0.9597566682264858,0.9181406828465652,0.6452762923351159,0.6000172469242394,0.7877014633649435
0.295,0.6830188679245283,0.6156462585034014,0.9606925596630791,0.9189633895516248,0.6475849731663685,0.6029782330398449,0.7881694090832403
0.296,0.6856060606060606,0.6156462585034014,0.9611605053813758,0.9193747429041547,0.6487455197132617,0.6044701392858567,0.7884033819423886
0.297,0.6856060606060606,0.6156462585034014,0.9611605053813758,0.9193747429041547,0.6487455197132617,0.6044701392858567,0.7884033819423886
0.298,0.6856060606060606,0.6156462585034014,0.9611605053813758,0.9193747429041547,0.6487455197132617,0.6044701392858567,0.7884033819423886
0.299,0.6856060606060606,0.6156462585034014,0.9611605053813758,0.9193747429041547,0.6487455197132617,0.6044701392858567,0.7884033819423886
0.3,0.688212927756654,0.6156462585034014,0.9616284510996724,0.9197860962566845,0.6499102333931778,0.6059697497995267,0.7886373548015368
0.301,0.688212927756654,0.6156462585034014,0.9616284510996724,0.9197860962566845,0.6499102333931778,0.6059697497995267,0.7886373548015368
0.302,0.688212927756654,0.6156462585034014,0.9616284510996724,0.9197860962566845,0.6499102333931778,0.6059697497995267,0.7886373548015368
0.303,0.6908396946564885,0.6156462585034014,0.9620963968179691,0.9201974496092143,0.6510791366906474,0.6074771373736272,0.7888713276606852
0.304,0.6884615384615385,0.608843537414966,0.9620963968179691,0.9193747429041547,0.6462093862815884,0.6023511741644227,0.7854699671164675
0.305,0.6884615384615385,0.608843537414966,0.9620963968179691,0.9193747429041547,0.6462093862815884,0.6023511741644227,0.7854699671164675
0.306,0.6884615384615385,0.608843537414966,0.9620963968179691,0.9193747429041547,0.6462093862815884,0.6023511741644227,0.7854699671164675
0.307,0.6884615384615385,0.608843537414966,0.9620963968179691,0.9193747429041547,0.6462093862815884,0.6023511741644227,0.7854699671164675
0.308,0.6937984496124031,0.608843537414966,0.9630322882545624,0.9201974496092143,0.6485507246376812,0.6053937716615386,0.7859379128347642
0.309,0.6953125,0.6054421768707483,0.9635002339728591,0.9201974496092143,0.6472727272727272,0.6043584820242894,0.7844712054218037
0.31,0.6953125,0.6054421768707483,0.9635002339728591,0.9201974496092143,0.6472727272727272,0.6043584820242894,0.7844712054218037
0.311,0.7035573122529645,0.6054421768707483,0.9649040711277492,0.9214315096668038,0.6508226691042047,0.6090112523178333,0.7851731239992488
0.312,0.7035573122529645,0.6054421768707483,0.9649040711277492,0.9214315096668038,0.6508226691042047,0.6090112523178333,0.7851731239992488
0.313,0.7035573122529645,0.6054421768707483,0.9649040711277492,0.9214315096668038,0.6508226691042047,0.6090112523178333,0.7851731239992488
0.314,0.7051792828685259,0.6020408163265306,0.9653720168460459,0.9214315096668038,0.6495412844036698,0.6080089507559354,0.7837064165862883
0.315,0.7051792828685259,0.6020408163265306,0.9653720168460459,0.9214315096668038,0.6495412844036698,0.6080089507559354,0.7837064165862883
0.316,0.7051792828685259,0.6020408163265306,0.9653720168460459,0.9214315096668038,0.6495412844036698,0.6080089507559354,0.7837064165862883
0.317,0.7108433734939759,0.6020408163265306,0.9663079082826392,0.9222542163718634,0.6519337016574586,0.611172450264035,0.7841743623045849
0.318,0.7108433734939759,0.6020408163265306,0.9663079082826392,0.9222542163718634,0.6519337016574586,0.611172450264035,0.7841743623045849
0.319,0.7165991902834008,0.6020408163265306,0.9672437997192326,0.9230769230769231,0.6543438077634011,0.6143708202330918,0.7846423080228816
0.32,0.7165991902834008,0.6020408163265306,0.9672437997192326,0.9230769230769231,0.6543438077634011,0.6143708202330918,0.7846423080228816
0.321,0.7224489795918367,0.6020408163265306,0.9681796911558259,0.9238996297819827,0.6567717996289425,0.6176047643264234,0.7851102537411783
0.322,0.7224489795918367,0.6020408163265306,0.9681796911558259,0.9238996297819827,0.6567717996289425,0.6176047643264234,0.7851102537411783
0.323,0.7224489795918367,0.6020408163265306,0.9681796911558259,0.9238996297819827,0.6567717996289425,0.6176047643264234,0.7851102537411783
0.324,0.7213114754098361,0.5986394557823129,0.9681796911558259,0.9234882764294529,0.654275092936803,0.6150368448614862,0.7834095734690694
0.325,0.7213114754098361,0.5986394557823129,0.9681796911558259,0.9234882764294529,0.654275092936803,0.6150368448614862,0.7834095734690694
0.326,0.7213114754098361,0.5986394557823129,0.9681796911558259,0.9234882764294529,0.654275092936803,0.6150368448614862,0.7834095734690694
0.327,0.7213114754098361,0.5986394557823129,0.9681796911558259,0.9234882764294529,0.654275092936803,0.6150368448614862,0.7834095734690694
0.328,0.7213114754098361,0.5986394557823129,0.9681796911558259,0.9234882764294529,0.654275092936803,0.6150368448614862,0.7834095734690694
0.329,0.7213114754098361,0.5986394557823129,0.9681796911558259,0.9234882764294529,0.654275092936803,0.6150368448614862,0.7834095734690694
0.33,0.7242798353909465,0.5986394557823129,0.9686476368741226,0.9238996297819827,0.6554934823091247,0.6166688807019154,0.7836435463282178
0.331,0.7242798353909465,0.5986394557823129,0.9686476368741226,0.9238996297819827,0.6554934823091247,0.6166688807019154,0.7836435463282178
0.332,0.7272727272727273,0.5986394557823129,0.9691155825924193,0.9243109831345125,0.6567164179104478,0.6183101266960985,0.7838775191873661
0.333,0.7302904564315352,0.5986394557823129,0.9695835283107159,0.9247223364870424,0.6579439252336449,0.6199606774063297,0.7841114920465144
0.334,0.7302904564315352,0.5986394557823129,0.9695835283107159,0.9247223364870424,0.6579439252336449,0.6199606774063297,0.7841114920465144
0.335,0.7302904564315352,0.5986394557823129,0.9695835283107159,0.9247223364870424,0.6579439252336449,0.6199606774063297,0.7841114920465144
0.336,0.7280334728033473,0.5918367346938775,0.9695835283107159,0.9238996297819827,0.6529080675422139,0.6148154664990907,0.7807101315022967
0.337,0.7341772151898734,0.5918367346938775,0.9705194197473093,0.9247223364870424,0.655367231638418,0.6181514525479992,0.7811780772205934
0.338,0.7341772151898734,0.5918367346938775,0.9705194197473093,0.9247223364870424,0.655367231638418,0.6181514525479992,0.7811780772205934
0.339,0.7341772151898734,0.5918367346938775,0.9705194197473093,0.9247223364870424,0.655367231638418,0.6181514525479992,0.7811780772205934
0.34,0.7341772151898734,0.5918367346938775,0.9705194197473093,0.9247223364870424,0.655367231638418,0.6181514525479992,0.7811780772205934
0.341,0.7341772151898734,0.5918367346938775,0.9705194197473093,0.9247223364870424,0.655367231638418,0.6181514525479992,0.7811780772205934
0.342,0.7341772151898734,0.5918367346938775,0.9705194197473093,0.9247223364870424,0.655367231638418,0.6181514525479992,0.7811780772205934
0.343,0.7341772151898734,0.5918367346938775,0.9705194197473093,0.9247223364870424,0.655367231638418,0.6181514525479992,0.7811780772205934
0.34400000000000003,0.7341772151898734,0.5918367346938775,0.9705194197473093,0.9247223364870424,0.655367231638418,0.6181514525479992,0.7811780772205934
0.34500000000000003,0.7341772151898734,0.5918367346938775,0.9705194197473093,0.9247223364870424,0.655367231638418,0.6181514525479992,0.7811780772205934
0.34600000000000003,0.7341772151898734,0.5918367346938775,0.9705194197473093,0.9247223364870424,0.655367231638418,0.6181514525479992,0.7811780772205934
0.34700000000000003,0.7361702127659574,0.5884353741496599,0.970987365465606,0.9247223364870424,0.6540642722117203,0.6172568852571744,0.779711369807633
0.34800000000000003,0.7393162393162394,0.5884353741496599,0.9714553111839027,0.9251336898395722,0.6553030303030303,0.6189509181465986,0.7799453426667813
0.34900000000000003,0.7393162393162394,0.5884353741496599,0.9714553111839027,0.9251336898395722,0.6553030303030303,0.6189509181465986,0.7799453426667813
0.35000000000000003,0.7393162393162394,0.5884353741496599,0.9714553111839027,0.9251336898395722,0.6553030303030303,0.6189509181465986,0.7799453426667813
0.35100000000000003,0.7393162393162394,0.5884353741496599,0.9714553111839027,0.9251336898395722,0.6553030303030303,0.6189509181465986,0.7799453426667813
0.352,0.7424892703862661,0.5884353741496599,0.9719232569021994,0.9255450431921021,0.6565464895635673,0.6206548984668644,0.7801793155259296
0.353,0.7424892703862661,0.5884353741496599,0.9719232569021994,0.9255450431921021,0.6565464895635673,0.6206548984668644,0.7801793155259296
0.354,0.7413793103448276,0.5850340136054422,0.9719232569021994,0.9251336898395722,0.6539923954372624,0.6180750273526996,0.7784786352538208
0.355,0.7413793103448276,0.5850340136054422,0.9719232569021994,0.9251336898395722,0.6539923954372624,0.6180750273526996,0.7784786352538208
0.356,0.7413793103448276,0.5850340136054422,0.9719232569021994,0.9251336898395722,0.6539923954372624,0.6180750273526996,0.7784786352538208
0.357,0.7467248908296943,0.5816326530612245,0.9728591483387927,0.9255450431921021,0.6539196940726577,0.6189344509589251,0.7772459007000085
0.358,0.7456140350877193,0.5782312925170068,0.9728591483387927,0.9251336898395722,0.6513409961685823,0.6163453617499252,0.7755452204278998
0.359,0.7456140350877193,0.5782312925170068,0.9728591483387927,0.9251336898395722,0.6513409961685823,0.6163453617499252,0.7755452204278998
0.36,0.7456140350877193,0.5782312925170068,0.9728591483387927,0.9251336898395722,0.6513409961685823,0.6163453617499252,0.7755452204278998
0.361,0.7456140350877193,0.5782312925170068,0.9728591483387927,0.9251336898395722,0.6513409961685823,0.6163453617499252,0.7755452204278998
0.362,0.7522123893805309,0.5782312925170068,0.9737950397753861,0.9259563965446318,0.6538461538461539,0.6198365822744141,0.7760131661461964
0.363,0.7522123893805309,0.5782312925170068,0.9737950397753861,0.9259563965446318,0.6538461538461539,0.6198365822744141,0.7760131661461964
0.364,0.7522123893805309,0.5782312925170068,0.9737950397753861,0.9259563965446318,0.6538461538461539,0.6198365822744141,0.7760131661461964
0.365,0.7522123893805309,0.5782312925170068,0.9737950397753861,0.9259563965446318,0.6538461538461539,0.6198365822744141,0.7760131661461964
0.366,0.7522123893805309,0.5782312925170068,0.9737950397753861,0.9259563965446318,0.6538461538461539,0.6198365822744141,0.7760131661461964
0.367,0.7522123893805309,0.5782312925170068,0.9737950397753861,0.9259563965446318,0.6538461538461539,0.6198365822744141,0.7760131661461964
0.368,0.7522123893805309,0.5782312925170068,0.9737950397753861,0.9259563965446318,0.6538461538461539,0.6198365822744141,0.7760131661461964
0.369,0.7522123893805309,0.5782312925170068,0.9737950397753861,0.9259563965446318,0.6538461538461539,0.6198365822744141,0.7760131661461964
0.37,0.7522123893805309,0.5782312925170068,0.9737950397753861,0.9259563965446318,0.6538461538461539,0.6198365822744141,0.7760131661461964
0.371,0.7522123893805309,0.5782312925170068,0.9737950397753861,0.9259563965446318,0.6538461538461539,0.6198365822744141,0.7760131661461964
0.372,0.7522123893805309,0.5782312925170068,0.9737950397753861,0.9259563965446318,0.6538461538461539,0.6198365822744141,0.7760131661461964
0.373,0.7522123893805309,0.5782312925170068,0.9737950397753861,0.9259563965446318,0.6538461538461539,0.6198365822744141,0.7760131661461964
0.374,0.7555555555555555,0.5782312925170068,0.9742629854936827,0.9263677498971616,0.6551059730250481,0.621598127782832,0.7762471390053447
0.375,0.7589285714285714,0.5782312925170068,0.9747309312119794,0.9267791032496915,0.6563706563706564,0.6233704531660329,0.7764811118644931
0.376,0.7623318385650224,0.5782312925170068,0.9751988769302761,0.9271904566022213,0.6576402321083172,0.6251536779904789,0.7767150847236415
0.377,0.7657657657657657,0.5782312925170068,0.9756668226485727,0.9276018099547512,0.6589147286821705,0.6269479236936321,0.7769490575827898
0.378,0.7657657657657657,0.5782312925170068,0.9756668226485727,0.9276018099547512,0.6589147286821705,0.6269479236936321,0.7769490575827898
0.379,0.7657657657657657,0.5782312925170068,0.9756668226485727,0.9276018099547512,0.6589147286821705,0.6269479236936321,0.7769490575827898
0.38,0.7657657657657657,0.5782312925170068,0.9756668226485727,0.9276018099547512,0.6589147286821705,0.6269479236936321,0.7769490575827898
0.381,0.7657657657657657,0.5782312925170068,0.9756668226485727,0.9276018099547512,0.6589147286821705,0.6269479236936321,0.7769490575827898
0.382,0.7657657657657657,0.5782312925170068,0.9756668226485727,0.9276018099547512,0.6589147286821705,0.6269479236936321,0.7769490575827898
0.383,0.7657657657657657,0.5782312925170068,0.9756668226485727,0.9276018099547512,0.6589147286821705,0.6269479236936321,0.7769490575827898
0.384,0.7657657657657657,0.5782312925170068,0.9756668226485727,0.9276018099547512,0.6589147286821705,0.6269479236936321,0.7769490575827898
0.385,0.7657657657657657,0.5782312925170068,0.9756668226485727,0.9276018099547512,0.6589147286821705,0.6269479236936321,0.7769490575827898
0.386,0.7657657657657657,0.5782312925170068,0.9756668226485727,0.9276018099547512,0.6589147286821705,0.6269479236936321,0.7769490575827898
0.387,0.7657657657657657,0.5782312925170068,0.9756668226485727,0.9276018099547512,0.6589147286821705,0.6269479236936321,0.7769490575827898
0.388,0.7657657657657657,0.5782312925170068,0.9756668226485727,0.9276018099547512,0.6589147286821705,0.6269479236936321,0.7769490575827898
0.389,0.7657657657657657,0.5782312925170068,0.9756668226485727,0.9276018099547512,0.6589147286821705,0.6269479236936321,0.7769490575827898
0.39,0.7692307692307693,0.5782312925170068,0.9761347683668694,0.928013163307281,0.6601941747572816,0.6287533136218788,0.777183030441938
0.391,0.7692307692307693,0.5782312925170068,0.9761347683668694,0.928013163307281,0.6601941747572816,0.6287533136218788,0.777183030441938
0.392,0.7692307692307693,0.5782312925170068,0.9761347683668694,0.928013163307281,0.6601941747572816,0.6287533136218788,0.777183030441938
0.393,0.7692307692307693,0.5782312925170068,0.9761347683668694,0.928013163307281,0.6601941747572816,0.6287533136218788,0.777183030441938
0.394,0.771689497716895,0.5748299319727891,0.9766027140851661,0.928013163307281,0.6588693957115009,0.6279915228308408,0.7757163230289776
0.395,0.771689497716895,0.5748299319727891,0.9766027140851661,0.928013163307281,0.6588693957115009,0.6279915228308408,0.7757163230289776
0.396,0.7752293577981652,0.5748299319727891,0.9770706598034627,0.9284245166598107,0.66015625,0.6298220080776054,0.7759502958881259
0.397,0.7752293577981652,0.5748299319727891,0.9770706598034627,0.9284245166598107,0.66015625,0.6298220080776054,0.7759502958881259
0.398,0.7788018433179723,0.5748299319727891,0.9775386055217595,0.9288358700123406,0.6614481409001957,0.6316640850307267,0.7761842687472743
0.399,0.7788018433179723,0.5748299319727891,0.9775386055217595,0.9288358700123406,0.6614481409001957,0.6316640850307267,0.7761842687472743
0.4,0.7788018433179723,0.5748299319727891,0.9775386055217595,0.9288358700123406,0.6614481409001957,0.6316640850307267,0.7761842687472743
0.401,0.7788018433179723,0.5748299319727891,0.9775386055217595,0.9288358700123406,0.6614481409001957,0.6316640850307267,0.7761842687472743
0.402,0.7824074074074074,0.5748299319727891,0.9780065512400562,0.9292472233648704,0.6627450980392157,0.6335178864222251,0.7764182416064227
0.403,0.7824074074074074,0.5748299319727891,0.9780065512400562,0.9292472233648704,0.6627450980392157,0.6335178864222251,0.7764182416064227
0.404,0.7824074074074074,0.5748299319727891,0.9780065512400562,0.9292472233648704,0.6627450980392157,0.6335178864222251,0.7764182416064227
0.405,0.7824074074074074,0.5748299319727891,0.9780065512400562,0.9292472233648704,0.6627450980392157,0.6335178864222251,0.7764182416064227
0.406,0.7824074074074074,0.5748299319727891,0.9780065512400562,0.9292472233648704,0.6627450980392157,0.6335178864222251,0.7764182416064227
0.40700000000000003,0.786046511627907,0.5748299319727891,0.9784744969583529,0.9296585767174003,0.6640471512770137,0.6353835471290313,0.776652214465571
0.40800000000000003,0.7897196261682243,0.5748299319727891,0.9789424426766495,0.9300699300699301,0.6653543307086615,0.637261204217889,0.7768861873247193
0.40900000000000003,0.7887323943661971,0.5714285714285714,0.9789424426766495,0.9296585767174003,0.6627218934911243,0.6346889056125103,0.7751855070526105
0.41000000000000003,0.7887323943661971,0.5714285714285714,0.9789424426766495,0.9296585767174003,0.6627218934911243,0.6346889056125103,0.7751855070526105
0.41100000000000003,0.7887323943661971,0.5714285714285714,0.9789424426766495,0.9296585767174003,0.6627218934911243,0.6346889056125103,0.7751855070526105
0.41200000000000003,0.7887323943661971,0.5714285714285714,0.9789424426766495,0.9296585767174003,0.6627218934911243,0.6346889056125103,0.7751855070526105
0.41300000000000003,0.7887323943661971,0.5714285714285714,0.9789424426766495,0.9296585767174003,0.6627218934911243,0.6346889056125103,0.7751855070526105
0.41400000000000003,0.7887323943661971,0.5714285714285714,0.9789424426766495,0.9296585767174003,0.6627218934911243,0.6346889056125103,0.7751855070526105
0.41500000000000004,0.7887323943661971,0.5714285714285714,0.9789424426766495,0.9296585767174003,0.6627218934911243,0.6346889056125103,0.7751855070526105
0.41600000000000004,0.7924528301886793,0.5714285714285714,0.9794103883949462,0.9300699300699301,0.6640316205533597,0.6365814721474607,0.7754194799117589
0.417,0.7962085308056872,0.5714285714285714,0.9798783341132429,0.93048128342246,0.6653465346534654,0.6384863893211199,0.7756534527709071
0.418,0.8,0.5714285714285714,0.9803462798315395,0.9308926367749897,0.6666666666666666,0.6404038025916083,0.7758874256300554
0.419,0.8,0.5714285714285714,0.9803462798315395,0.9308926367749897,0.6666666666666666,0.6404038025916083,0.7758874256300554
0.42,0.8,0.5714285714285714,0.9803462798315395,0.9308926367749897,0.6666666666666666,0.6404038025916083,0.7758874256300554
0.421,0.8038277511961722,0.5714285714285714,0.9808142255498362,0.9313039901275195,0.6679920477137177,0.6423338598353275,0.7761213984892038
0.422,0.8076923076923077,0.5714285714285714,0.9812821712681329,0.9317153434800494,0.6693227091633466,0.6442767113990453,0.7763553713483522
0.423,0.8076923076923077,0.5714285714285714,0.9812821712681329,0.9317153434800494,0.6693227091633466,0.6442767113990453,0.7763553713483522
0.424,0.8076923076923077,0.5714285714285714,0.9812821712681329,0.9317153434800494,0.6693227091633466,0.6442767113990453,0.7763553713483522
0.425,0.8115942028985508,0.5714285714285714,0.9817501169864296,0.9321266968325792,0.6706586826347305,0.6462325101533598,0.7765893442075005
0.426,0.8155339805825242,0.5714285714285714,0.9822180627047262,0.932538050185109,0.672,0.6482014115475875,0.7768233170666488
0.427,0.8155339805825242,0.5714285714285714,0.9822180627047262,0.932538050185109,0.672,0.6482014115475875,0.7768233170666488
0.428,0.8155339805825242,0.5714285714285714,0.9822180627047262,0.932538050185109,0.672,0.6482014115475875,0.7768233170666488
0.429,0.8155339805825242,0.5714285714285714,0.9822180627047262,0.932538050185109,0.672,0.6482014115475875,0.7768233170666488
0.43,0.8195121951219512,0.5714285714285714,0.9826860084230229,0.9329494035376388,0.6733466933867736,0.650183573666117,0.7770572899257971
0.431,0.8235294117647058,0.5714285714285714,0.9831539541413196,0.9333607568901686,0.6746987951807228,0.6521791572862791,0.7772912627849455
0.432,0.8235294117647058,0.5714285714285714,0.9831539541413196,0.9333607568901686,0.6746987951807228,0.6521791572862791,0.7772912627849455
0.433,0.8275862068965517,0.5714285714285714,0.9836218998596162,0.9337721102426985,0.676056338028169,0.6541883259377782,0.7775252356440938
0.434,0.8275862068965517,0.5714285714285714,0.9836218998596162,0.9337721102426985,0.676056338028169,0.6541883259377782,0.7775252356440938
0.435,0.8275862068965517,0.5714285714285714,0.9836218998596162,0.9337721102426985,0.676056338028169,0.6541883259377782,0.7775252356440938
0.436,0.8308457711442786,0.5680272108843537,0.984089845577913,0.9337721102426985,0.6747474747474748,0.6536671047204297,0.7760585282311334
0.437,0.8308457711442786,0.5680272108843537,0.984089845577913,0.9337721102426985,0.6747474747474748,0.6536671047204297,0.7760585282311334
0.438,0.83,0.564625850340136,0.984089845577913,0.9333607568901686,0.6720647773279352,0.6511162385699323,0.7743578479590245
0.439,0.83,0.564625850340136,0.984089845577913,0.9333607568901686,0.6720647773279352,0.6511162385699323,0.7743578479590245
0.44,0.83,0.564625850340136,0.984089845577913,0.9333607568901686,0.6720647773279352,0.6511162385699323,0.7743578479590245
0.441,0.83,0.564625850340136,0.984089845577913,0.9333607568901686,0.6720647773279352,0.6511162385699323,0.7743578479590245
0.442,0.8341708542713567,0.564625850340136,0.9845577912962097,0.9337721102426985,0.6734279918864098,0.6531604589286599,0.7745918208181728
0.443,0.8383838383838383,0.564625850340136,0.9850257370145064,0.9341834635952283,0.6747967479674797,0.6552189601115768,0.7748257936773212
0.444,0.8426395939086294,0.564625850340136,0.985493682732803,0.9345948169477581,0.6761710794297352,0.65729192140465,0.7750597665364696
0.445,0.8426395939086294,0.564625850340136,0.985493682732803,0.9345948169477581,0.6761710794297352,0.65729192140465,0.7750597665364696
0.446,0.8469387755102041,0.564625850340136,0.9859616284510997,0.935006170300288,0.6775510204081633,0.6593795252729148,0.7752937393956179
0.447,0.8469387755102041,0.564625850340136,0.9859616284510997,0.935006170300288,0.6775510204081633,0.6593795252729148,0.7752937393956179
0.448,0.8469387755102041,0.564625850340136,0.9859616284510997,0.935006170300288,0.6775510204081633,0.6593795252729148,0.7752937393956179
0.449,0.8469387755102041,0.564625850340136,0.9859616284510997,0.935006170300288,0.6775510204081633,0.6593795252729148,0.7752937393956179
0.45,0.8469387755102041,0.564625850340136,0.9859616284510997,0.935006170300288,0.6775510204081633,0.6593795252729148,0.7752937393956179
0.451,0.8469387755102041,0.564625850340136,0.9859616284510997,0.935006170300288,0.6775510204081633,0.6593795252729148,0.7752937393956179
0.452,0.8469387755102041,0.564625850340136,0.9859616284510997,0.935006170300288,0.6775510204081633,0.6593795252729148,0.7752937393956179
0.453,0.8469387755102041,0.564625850340136,0.9859616284510997,0.935006170300288,0.6775510204081633,0.6593795252729148,0.7752937393956179
0.454,0.8469387755102041,0.564625850340136,0.9859616284510997,0.935006170300288,0.6775510204081633,0.6593795252729148,0.7752937393956179
0.455,0.8512820512820513,0.564625850340136,0.9864295741693964,0.9354175236528177,0.6789366053169734,0.6614819574335142,0.7755277122547661
0.456,0.8512820512820513,0.564625850340136,0.9864295741693964,0.9354175236528177,0.6789366053169734,0.6614819574335142,0.7755277122547661
0.457,0.8512820512820513,0.564625850340136,0.9864295741693964,0.9354175236528177,0.6789366053169734,0.6614819574335142,0.7755277122547661
0.458,0.859375,0.5612244897959183,0.9873654656059897,0.9358288770053476,0.6790123456790124,0.6632024419193582,0.774294977700954
0.459,0.859375,0.5612244897959183,0.9873654656059897,0.9358288770053476,0.6790123456790124,0.6632024419193582,0.774294977700954
0.46,0.8586387434554974,0.5578231292517006,0.9873654656059897,0.9354175236528177,0.6762886597938145,0.6606660582411393,0.7725942974288451
0.461,0.8586387434554974,0.5578231292517006,0.9873654656059897,0.9354175236528177,0.6762886597938145,0.6606660582411393,0.7725942974288451
0.462,0.8586387434554974,0.5578231292517006,0.9873654656059897,0.9354175236528177,0.6762886597938145,0.6606660582411393,0.7725942974288451
0.463,0.8586387434554974,0.5578231292517006,0.9873654656059897,0.9354175236528177,0.6762886597938145,0.6606660582411393,0.7725942974288451
0.464,0.8578947368421053,0.5544217687074829,0.9873654656059897,0.935006170300288,0.6735537190082644,0.6581228434673557,0.7708936171567363
0.465,0.8578947368421053,0.5544217687074829,0.9873654656059897,0.935006170300288,0.6735537190082644,0.6581228434673557,0.7708936171567363
0.466,0.8578947368421053,0.5544217687074829,0.9873654656059897,0.935006170300288,0.6735537190082644,0.6581228434673557,0.7708936171567363
0.467,0.8571428571428571,0.5510204081632653,0.9873654656059897,0.9345948169477581,0.6708074534161491,0.655572724770336,0.7691929368846275
0.468,0.8571428571428571,0.5510204081632653,0.9873654656059897,0.9345948169477581,0.6708074534161491,0.655572724770336,0.7691929368846275
0.46900000000000003,0.8571428571428571,0.5510204081632653,0.9873654656059897,0.9345948169477581,0.6708074534161491,0.655572724770336,0.7691929368846275
0.47000000000000003,0.8563829787234043,0.5476190476190477,0.9873654656059897,0.9341834635952283,0.6680497925311203,0.6530156281823275,0.7674922566125186
0.47100000000000003,0.8563829787234043,0.5476190476190477,0.9873654656059897,0.9341834635952283,0.6680497925311203,0.6530156281823275,0.7674922566125186
0.47200000000000003,0.8563829787234043,0.5476190476190477,0.9873654656059897,0.9341834635952283,0.6680497925311203,0.6530156281823275,0.7674922566125186
0.47300000000000003,0.8556149732620321,0.54421768707483,0.9873654656059897,0.9337721102426985,0.6652806652806653,0.6504514785708613,0.7657915763404098
0.47400000000000003,0.8540540540540541,0.5374149659863946,0.9873654656059897,0.9329494035376388,0.6597077244258872,0.645301713771547,0.7623902157961921
0.47500000000000003,0.8540540540540541,0.5374149659863946,0.9873654656059897,0.9329494035376388,0.6597077244258872,0.645301713771547,0.7623902157961921
0.47600000000000003,0.8540540540540541,0.5374149659863946,0.9873654656059897,0.9329494035376388,0.6597077244258872,0.645301713771547,0.7623902157961921
0.47700000000000004,0.8540540540540541,0.5374149659863946,0.9873654656059897,0.9329494035376388,0.6597077244258872,0.645301713771547,0.7623902157961921
0.47800000000000004,0.8532608695652174,0.5340136054421769,0.9873654656059897,0.932538050185109,0.6569037656903766,0.6427159422638894,0.7606895355240832
0.47900000000000004,0.8579234972677595,0.5340136054421769,0.9878334113242864,0.9329494035376388,0.6582809224318659,0.6449045381677948,0.7609235083832316
0.48,0.8579234972677595,0.5340136054421769,0.9878334113242864,0.9329494035376388,0.6582809224318659,0.6449045381677948,0.7609235083832316
0.481,0.8579234972677595,0.5340136054421769,0.9878334113242864,0.9329494035376388,0.6582809224318659,0.6449045381677948,0.7609235083832316
0.482,0.8579234972677595,0.5340136054421769,0.9878334113242864,0.9329494035376388,0.6582809224318659,0.6449045381677948,0.7609235083832316
0.483,0.8579234972677595,0.5340136054421769,0.9878334113242864,0.9329494035376388,0.6582809224318659,0.6449045381677948,0.7609235083832316
0.484,0.8579234972677595,0.5340136054421769,0.9878334113242864,0.9329494035376388,0.6582809224318659,0.6449045381677948,0.7609235083832316
0.485,0.8579234972677595,0.5340136054421769,0.9878334113242864,0.9329494035376388,0.6582809224318659,0.6449045381677948,0.7609235083832316
0.486,0.8579234972677595,0.5340136054421769,0.9878334113242864,0.9329494035376388,0.6582809224318659,0.6449045381677948,0.7609235083832316
0.487,0.8626373626373627,0.5340136054421769,0.988301357042583,0.9333607568901686,0.6596638655462185,0.6471097920427366,0.76115748124238
0.488,0.8674033149171271,0.5340136054421769,0.9887693027608797,0.9337721102426985,0.6610526315789473,0.6493319314085526,0.7613914541015283
0.489,0.8674033149171271,0.5340136054421769,0.9887693027608797,0.9337721102426985,0.6610526315789473,0.6493319314085526,0.7613914541015283
0.49,0.8674033149171271,0.5340136054421769,0.9887693027608797,0.9337721102426985,0.6610526315789473,0.6493319314085526,0.7613914541015283
0.491,0.8674033149171271,0.5340136054421769,0.9887693027608797,0.9337721102426985,0.6610526315789473,0.6493319314085526,0.7613914541015283
0.492,0.8674033149171271,0.5340136054421769,0.9887693027608797,0.9337721102426985,0.6610526315789473,0.6493319314085526,0.7613914541015283
0.493,0.8674033149171271,0.5340136054421769,0.9887693027608797,0.9337721102426985,0.6610526315789473,0.6493319314085526,0.7613914541015283
0.494,0.8666666666666667,0.5306122448979592,0.9887693027608797,0.9333607568901686,0.6582278481012658,0.6467529858566954,0.7596907738294194
0.495,0.8666666666666667,0.5306122448979592,0.9887693027608797,0.9333607568901686,0.6582278481012658,0.6467529858566954,0.7596907738294194
0.496,0.8666666666666667,0.5306122448979592,0.9887693027608797,0.9333607568901686,0.6582278481012658,0.6467529858566954,0.7596907738294194
0.497,0.8666666666666667,0.5306122448979592,0.9887693027608797,0.9333607568901686,0.6582278481012658,0.6467529858566954,0.7596907738294194
0.498,0.8666666666666667,0.5306122448979592,0.9887693027608797,0.9333607568901686,0.6582278481012658,0.6467529858566954,0.7596907738294194
0.499,0.8666666666666667,0.5306122448979592,0.9887693027608797,0.9333607568901686,0.6582278481012658,0.6467529858566954,0.7596907738294194
0.5,0.8666666666666667,0.5306122448979592,0.9887693027608797,0.9333607568901686,0.6582278481012658,0.6467529858566954,0.7596907738294194
0.501,0.8651685393258427,0.5238095238095238,0.9887693027608797,0.932538050185109,0.652542372881356,0.6415728715069139,0.7562894132852018
0.502,0.8651685393258427,0.5238095238095238,0.9887693027608797,0.932538050185109,0.652542372881356,0.6415728715069139,0.7562894132852018
0.503,0.8651685393258427,0.5238095238095238,0.9887693027608797,0.932538050185109,0.652542372881356,0.6415728715069139,0.7562894132852018
0.504,0.8651685393258427,0.5238095238095238,0.9887693027608797,0.932538050185109,0.652542372881356,0.6415728715069139,0.7562894132852018
0.505,0.8651685393258427,0.5238095238095238,0.9887693027608797,0.932538050185109,0.652542372881356,0.6415728715069139,0.7562894132852018
0.506,0.8651685393258427,0.5238095238095238,0.9887693027608797,0.932538050185109,0.652542372881356,0.6415728715069139,0.7562894132852018
0.507,0.8651685393258427,0.5238095238095238,0.9887693027608797,0.932538050185109,0.652542372881356,0.6415728715069139,0.7562894132852018
0.508,0.8651685393258427,0.5238095238095238,0.9887693027608797,0.932538050185109,0.652542372881356,0.6415728715069139,0.7562894132852018
0.509,0.8651685393258427,0.5238095238095238,0.9887693027608797,0.932538050185109,0.652542372881356,0.6415728715069139,0.7562894132852018
0.51,0.8700564971751412,0.5238095238095238,0.9892372484791764,0.9329494035376388,0.6539278131634819,0.6438271650343377,0.7565233861443501
0.511,0.8700564971751412,0.5238095238095238,0.9892372484791764,0.9329494035376388,0.6539278131634819,0.6438271650343377,0.7565233861443501
0.512,0.875,0.5238095238095238,0.989705194197473,0.9333607568901686,0.6553191489361702,0.6460992171673035,0.7567573590034984
0.513,0.875,0.5238095238095238,0.989705194197473,0.9333607568901686,0.6553191489361702,0.6460992171673035,0.7567573590034984
0.514,0.875,0.5238095238095238,0.989705194197473,0.9333607568901686,0.6553191489361702,0.6460992171673035,0.7567573590034984
0.515,0.875,0.5238095238095238,0.989705194197473,0.9333607568901686,0.6553191489361702,0.6460992171673035,0.7567573590034984
0.516,0.875,0.5238095238095238,0.989705194197473,0.9333607568901686,0.6553191489361702,0.6460992171673035,0.7567573590034984
0.517,0.875,0.5238095238095238,0.989705194197473,0.9333607568901686,0.6553191489361702,0.6460992171673035,0.7567573590034984
0.518,0.875,0.5238095238095238,0.989705194197473,0.9333607568901686,0.6553191489361702,0.6460992171673035,0.7567573590034984
0.519,0.88,0.5238095238095238,0.9901731399157697,0.9337721102426985,0.6567164179104478,0.6483892787441362,0.7569913318626468
0.52,0.88,0.5238095238095238,0.9901731399157697,0.9337721102426985,0.6567164179104478,0.6483892787441362,0.7569913318626468
0.521,0.88,0.5238095238095238,0.9901731399157697,0.9337721102426985,0.6567164179104478,0.6483892787441362,0.7569913318626468
0.522,0.88,0.5238095238095238,0.9901731399157697,0.9337721102426985,0.6567164179104478,0.6483892787441362,0.7569913318626468
0.523,0.88,0.5238095238095238,0.9901731399157697,0.9337721102426985,0.6567164179104478,0.6483892787441362,0.7569913318626468
0.524,0.88,0.5238095238095238,0.9901731399157697,0.9337721102426985,0.6567164179104478,0.6483892787441362,0.7569913318626468
0.525,0.88,0.5238095238095238,0.9901731399157697,0.9337721102426985,0.6567164179104478,0.6483892787441362,0.7569913318626468
0.526,0.88,0.5238095238095238,0.9901731399157697,0.9337721102426985,0.6567164179104478,0.6483892787441362,0.7569913318626468
0.527,0.8786127167630058,0.5170068027210885,0.9901731399157697,0.9329494035376388,0.6509635974304069,0.6432102790145172,0.7535899713184291
0.528,0.8786127167630058,0.5170068027210885,0.9901731399157697,0.9329494035376388,0.6509635974304069,0.6432102790145172,0.7535899713184291
0.529,0.8786127167630058,0.5170068027210885,0.9901731399157697,0.9329494035376388,0.6509635974304069,0.6432102790145172,0.7535899713184291
0.53,0.8786127167630058,0.5170068027210885,0.9901731399157697,0.9329494035376388,0.6509635974304069,0.6432102790145172,0.7535899713184291
0.531,0.8786127167630058,0.5170068027210885,0.9901731399157697,0.9329494035376388,0.6509635974304069,0.6432102790145172,0.7535899713184291
0.532,0.8786127167630058,0.5170068027210885,0.9901731399157697,0.9329494035376388,0.6509635974304069,0.6432102790145172,0.7535899713184291
0.533,0.8786127167630058,0.5170068027210885,0.9901731399157697,0.9329494035376388,0.6509635974304069,0.6432102790145172,0.7535899713184291
0.534,0.8786127167630058,0.5170068027210885,0.9901731399157697,0.9329494035376388,0.6509635974304069,0.6432102790145172,0.7535899713184291
0.535,0.8786127167630058,0.5170068027210885,0.9901731399157697,0.9329494035376388,0.6509635974304069,0.6432102790145172,0.7535899713184291
0.536,0.8786127167630058,0.5170068027210885,0.9901731399157697,0.9329494035376388,0.6509635974304069,0.6432102790145172,0.7535899713184291
0.537,0.8837209302325582,0.5170068027210885,0.9906410856340665,0.9333607568901686,0.6523605150214592,0.6455296152465647,0.7538239441775775
0.538,0.8830409356725146,0.5136054421768708,0.9906410856340665,0.9329494035376388,0.6494623655913978,0.6429342589701131,0.7521232639054687
0.539,0.8830409356725146,0.5136054421768708,0.9906410856340665,0.9329494035376388,0.6494623655913978,0.6429342589701131,0.7521232639054687
0.54,0.8830409356725146,0.5136054421768708,0.9906410856340665,0.9329494035376388,0.6494623655913978,0.6429342589701131,0.7521232639054687
0.541,0.8830409356725146,0.5136054421768708,0.9906410856340665,0.9329494035376388,0.6494623655913978,0.6429342589701131,0.7521232639054687
0.542,0.8830409356725146,0.5136054421768708,0.9906410856340665,0.9329494035376388,0.6494623655913978,0.6429342589701131,0.7521232639054687
0.543,0.8830409356725146,0.5136054421768708,0.9906410856340665,0.9329494035376388,0.6494623655913978,0.6429342589701131,0.7521232639054687
0.544,0.8830409356725146,0.5136054421768708,0.9906410856340665,0.9329494035376388,0.6494623655913978,0.6429342589701131,0.7521232639054687
0.545,0.8830409356725146,0.5136054421768708,0.9906410856340665,0.9329494035376388,0.6494623655913978,0.6429342589701131,0.7521232639054687
0.546,0.8830409356725146,0.5136054421768708,0.9906410856340665,0.9329494035376388,0.6494623655913978,0.6429342589701131,0.7521232639054687
0.547,0.8830409356725146,0.5136054421768708,0.9906410856340665,0.9329494035376388,0.6494623655913978,0.6429342589701131,0.7521232639054687
0.548,0.8830409356725146,0.5136054421768708,0.9906410856340665,0.9329494035376388,0.6494623655913978,0.6429342589701131,0.7521232639054687
0.549,0.8830409356725146,0.5136054421768708,0.9906410856340665,0.9329494035376388,0.6494623655913978,0.6429342589701131,0.7521232639054687
0.55,0.8830409356725146,0.5136054421768708,0.9906410856340665,0.9329494035376388,0.6494623655913978,0.6429342589701131,0.7521232639054687
0.551,0.8830409356725146,0.5136054421768708,0.9906410856340665,0.9329494035376388,0.6494623655913978,0.6429342589701131,0.7521232639054687
0.552,0.8830409356725146,0.5136054421768708,0.9906410856340665,0.9329494035376388,0.6494623655913978,0.6429342589701131,0.7521232639054687
0.553,0.8830409356725146,0.5136054421768708,0.9906410856340665,0.9329494035376388,0.6494623655913978,0.6429342589701131,0.7521232639054687
0.554,0.8823529411764706,0.5102040816326531,0.9906410856340665,0.932538050185109,0.646551724137931,0.6403312128809632,0.7504225836333598
0.555,0.8823529411764706,0.5102040816326531,0.9906410856340665,0.932538050185109,0.646551724137931,0.6403312128809632,0.7504225836333598
0.556,0.8823529411764706,0.5102040816326531,0.9906410856340665,0.932538050185109,0.646551724137931,0.6403312128809632,0.7504225836333598
0.557,0.8823529411764706,0.5102040816326531,0.9906410856340665,0.932538050185109,0.646551724137931,0.6403312128809632,0.7504225836333598
0.558,0.8823529411764706,0.5102040816326531,0.9906410856340665,0.932538050185109,0.646551724137931,0.6403312128809632,0.7504225836333598
0.559,0.8823529411764706,0.5102040816326531,0.9906410856340665,0.932538050185109,0.646551724137931,0.6403312128809632,0.7504225836333598
0.56,0.8823529411764706,0.5102040816326531,0.9906410856340665,0.932538050185109,0.646551724137931,0.6403312128809632,0.7504225836333598
0.561,0.8823529411764706,0.5102040816326531,0.9906410856340665,0.932538050185109,0.646551724137931,0.6403312128809632,0.7504225836333598
0.562,0.8823529411764706,0.5102040816326531,0.9906410856340665,0.932538050185109,0.646551724137931,0.6403312128809632,0.7504225836333598
0.5630000000000001,0.8823529411764706,0.5102040816326531,0.9906410856340665,0.932538050185109,0.646551724137931,0.6403312128809632,0.7504225836333598
0.5640000000000001,0.8823529411764706,0.5102040816326531,0.9906410856340665,0.932538050185109,0.646551724137931,0.6403312128809632,0.7504225836333598
0.5650000000000001,0.8823529411764706,0.5102040816326531,0.9906410856340665,0.932538050185109,0.646551724137931,0.6403312128809632,0.7504225836333598
0.5660000000000001,0.8823529411764706,0.5102040816326531,0.9906410856340665,0.932538050185109,0.646551724137931,0.6403312128809632,0.7504225836333598
0.5670000000000001,0.8823529411764706,0.5102040816326531,0.9906410856340665,0.932538050185109,0.646551724137931,0.6403312128809632,0.7504225836333598
0.5680000000000001,0.8823529411764706,0.5102040816326531,0.9906410856340665,0.932538050185109,0.646551724137931,0.6403312128809632,0.7504225836333598
0.5690000000000001,0.8823529411764706,0.5102040816326531,0.9906410856340665,0.932538050185109,0.646551724137931,0.6403312128809632,0.7504225836333598
0.5700000000000001,0.8823529411764706,0.5102040816326531,0.9906410856340665,0.932538050185109,0.646551724137931,0.6403312128809632,0.7504225836333598
0.5710000000000001,0.8816568047337278,0.5068027210884354,0.9906410856340665,0.9321266968325792,0.6436285097192225,0.6377203883064194,0.7487219033612509
0.5720000000000001,0.8816568047337278,0.5068027210884354,0.9906410856340665,0.9321266968325792,0.6436285097192225,0.6377203883064194,0.7487219033612509
0.5730000000000001,0.8816568047337278,0.5068027210884354,0.9906410856340665,0.9321266968325792,0.6436285097192225,0.6377203883064194,0.7487219033612509
0.5740000000000001,0.8816568047337278,0.5068027210884354,0.9906410856340665,0.9321266968325792,0.6436285097192225,0.6377203883064194,0.7487219033612509
0.5750000000000001,0.8816568047337278,0.5068027210884354,0.9906410856340665,0.9321266968325792,0.6436285097192225,0.6377203883064194,0.7487219033612509
0.5760000000000001,0.8816568047337278,0.5068027210884354,0.9906410856340665,0.9321266968325792,0.6436285097192225,0.6377203883064194,0.7487219033612509
0.577,0.8816568047337278,0.5068027210884354,0.9906410856340665,0.9321266968325792,0.6436285097192225,0.6377203883064194,0.7487219033612509
0.578,0.8869047619047619,0.5068027210884354,0.9911090313523632,0.932538050185109,0.645021645021645,0.6400757675852867,0.7489558762203993
0.579,0.8862275449101796,0.5034013605442177,0.9911090313523632,0.9321266968325792,0.6420824295010846,0.6374628821497386,0.7472551959482905
0.58,0.8862275449101796,0.5034013605442177,0.9911090313523632,0.9321266968325792,0.6420824295010846,0.6374628821497386,0.7472551959482905
0.581,0.8855421686746988,0.5,0.9911090313523632,0.9317153434800494,0.6391304347826087,0.6348420711538932,0.7455545156761816
0.582,0.8855421686746988,0.5,0.9911090313523632,0.9317153434800494,0.6391304347826087,0.6348420711538932,0.7455545156761816
0.583,0.8855421686746988,0.5,0.9911090313523632,0.9317153434800494,0.6391304347826087,0.6348420711538932,0.7455545156761816
0.584,0.8848484848484849,0.4965986394557823,0.9911090313523632,0.9313039901275195,0.6361655773420479,0.6322132415258065,0.7438538354040727
0.585,0.8902439024390244,0.4965986394557823,0.9915769770706598,0.9317153434800494,0.6375545851528385,0.6346062216874089,0.7440878082632211
0.586,0.8902439024390244,0.4965986394557823,0.9915769770706598,0.9317153434800494,0.6375545851528385,0.6346062216874089,0.7440878082632211
0.587,0.8902439024390244,0.4965986394557823,0.9915769770706598,0.9317153434800494,0.6375545851528385,0.6346062216874089,0.7440878082632211
0.588,0.8902439024390244,0.4965986394557823,0.9915769770706598,0.9317153434800494,0.6375545851528385,0.6346062216874089,0.7440878082632211
0.589,0.8902439024390244,0.4965986394557823,0.9915769770706598,0.9317153434800494,0.6375545851528385,0.6346062216874089,0.7440878082632211
0.59,0.8957055214723927,0.4965986394557823,0.9920449227889565,0.9321266968325792,0.6389496717724289,0.6370195785304426,0.7443217811223695
0.591,0.8957055214723927,0.4965986394557823,0.9920449227889565,0.9321266968325792,0.6389496717724289,0.6370195785304426,0.7443217811223695
0.592,0.8957055214723927,0.4965986394557823,0.9920449227889565,0.9321266968325792,0.6389496717724289,0.6370195785304426,0.7443217811223695
0.593,0.8950617283950617,0.4931972789115646,0.9920449227889565,0.9317153434800494,0.6359649122807017,0.634394976991678,0.7426211008502606
0.594,0.8950617283950617,0.4931972789115646,0.9920449227889565,0.9317153434800494,0.6359649122807017,0.634394976991678,0.7426211008502606
0.595,0.8950617283950617,0.4931972789115646,0.9920449227889565,0.9317153434800494,0.6359649122807017,0.634394976991678,0.7426211008502606
0.596,0.8950617283950617,0.4931972789115646,0.9920449227889565,0.9317153434800494,0.6359649122807017,0.634394976991678,0.7426211008502606
0.597,0.8950617283950617,0.4931972789115646,0.9920449227889565,0.9317153434800494,0.6359649122807017,0.634394976991678,0.7426211008502606
0.598,0.8950617283950617,0.4931972789115646,0.9920449227889565,0.9317153434800494,0.6359649122807017,0.634394976991678,0.7426211008502606
0.599,0.8950617283950617,0.4931972789115646,0.9920449227889565,0.9317153434800494,0.6359649122807017,0.634394976991678,0.7426211008502606
0.6,0.8944099378881988,0.4897959183673469,0.9920449227889565,0.9313039901275195,0.6329670329670329,0.6317622445592159,0.7409204205781517
0.601,0.89375,0.48639455782312924,0.9920449227889565,0.9308926367749897,0.6299559471365639,0.6291212838684122,0.7392197403060429
0.602,0.89375,0.48639455782312924,0.9920449227889565,0.9308926367749897,0.6299559471365639,0.6291212838684122,0.7392197403060429
0.603,0.89375,0.48639455782312924,0.9920449227889565,0.9308926367749897,0.6299559471365639,0.6291212838684122,0.7392197403060429
0.604,0.89375,0.48639455782312924,0.9920449227889565,0.9308926367749897,0.6299559471365639,0.6291212838684122,0.7392197403060429
0.605,0.89937106918239,0.48639455782312924,0.9925128685072532,0.9313039901275195,0.6313465783664459,0.6315747694758506,0.7394537131651913
0.606,0.89937106918239,0.48639455782312924,0.9925128685072532,0.9313039901275195,0.6313465783664459,0.6315747694758506,0.7394537131651913
0.607,0.89937106918239,0.48639455782312924,0.9925128685072532,0.9313039901275195,0.6313465783664459,0.6315747694758506,0.7394537131651913
0.608,0.89937106918239,0.48639455782312924,0.9925128685072532,0.9313039901275195,0.6313465783664459,0.6315747694758506,0.7394537131651913
0.609,0.89937106918239,0.48639455782312924,0.9925128685072532,0.9313039901275195,0.6313465783664459,0.6315747694758506,0.7394537131651913
0.61,0.89937106918239,0.48639455782312924,0.9925128685072532,0.9313039901275195,0.6313465783664459,0.6315747694758506,0.7394537131651913
0.611,0.9050632911392406,0.48639455782312924,0.9929808142255498,0.9317153434800494,0.6327433628318584,0.6340498195756756,0.7396876860243395
0.612,0.9044585987261147,0.48299319727891155,0.9929808142255498,0.9313039901275195,0.6297117516629712,0.6314138596579318,0.7379870057522306
0.613,0.9044585987261147,0.48299319727891155,0.9929808142255498,0.9313039901275195,0.6297117516629712,0.6314138596579318,0.7379870057522306
0.614,0.9044585987261147,0.48299319727891155,0.9929808142255498,0.9313039901275195,0.6297117516629712,0.6314138596579318,0.7379870057522306
0.615,0.9044585987261147,0.48299319727891155,0.9929808142255498,0.9313039901275195,0.6297117516629712,0.6314138596579318,0.7379870057522306
0.616,0.9044585987261147,0.48299319727891155,0.9929808142255498,0.9313039901275195,0.6297117516629712,0.6314138596579318,0.7379870057522306
0.617,0.9044585987261147,0.48299319727891155,0.9929808142255498,0.9313039901275195,0.6297117516629712,0.6314138596579318,0.7379870057522306
0.618,0.9044585987261147,0.48299319727891155,0.9929808142255498,0.9313039901275195,0.6297117516629712,0.6314138596579318,0.7379870057522306
0.619,0.9044585987261147,0.48299319727891155,0.9929808142255498,0.9313039901275195,0.6297117516629712,0.6314138596579318,0.7379870057522306
0.62,0.9044585987261147,0.48299319727891155,0.9929808142255498,0.9313039901275195,0.6297117516629712,0.6314138596579318,0.7379870057522306
0.621,0.9044585987261147,0.48299319727891155,0.9929808142255498,0.9313039901275195,0.6297117516629712,0.6314138596579318,0.7379870057522306
0.622,0.9044585987261147,0.48299319727891155,0.9929808142255498,0.9313039901275195,0.6297117516629712,0.6314138596579318,0.7379870057522306
0.623,0.9038461538461539,0.47959183673469385,0.9929808142255498,0.9308926367749897,0.6266666666666667,0.6287695634568417,0.7362863254801219
0.624,0.9038461538461539,0.47959183673469385,0.9929808142255498,0.9308926367749897,0.6266666666666667,0.6287695634568417,0.7362863254801219
0.625,0.9038461538461539,0.47959183673469385,0.9929808142255498,0.9308926367749897,0.6266666666666667,0.6287695634568417,0.7362863254801219
0.626,0.9038461538461539,0.47959183673469385,0.9929808142255498,0.9308926367749897,0.6266666666666667,0.6287695634568417,0.7362863254801219
0.627,0.9038461538461539,0.47959183673469385,0.9929808142255498,0.9308926367749897,0.6266666666666667,0.6287695634568417,0.7362863254801219
0.628,0.9038461538461539,0.47959183673469385,0.9929808142255498,0.9308926367749897,0.6266666666666667,0.6287695634568417,0.7362863254801219
0.629,0.9090909090909091,0.47619047619047616,0.9934487599438465,0.9308926367749897,0.625,0.6286348065427851,0.7348196180671613
0.63,0.9150326797385621,0.47619047619047616,0.9939167056621432,0.9313039901275195,0.6263982102908278,0.6311756514864417,0.7350535909263096
0.631,0.9150326797385621,0.47619047619047616,0.9939167056621432,0.9313039901275195,0.6263982102908278,0.6311756514864417,0.7350535909263096
0.632,0.9144736842105263,0.47278911564625853,0.9939167056621432,0.9308926367749897,0.6233183856502242,0.6285288076258049,0.7333529106542008
0.633,0.9144736842105263,0.47278911564625853,0.9939167056621432,0.9308926367749897,0.6233183856502242,0.6285288076258049,0.7333529106542008
0.634,0.9205298013245033,0.47278911564625853,0.9943846513804399,0.9313039901275195,0.6247191011235955,0.6311004316416615,0.7335868835133492
0.635,0.9205298013245033,0.47278911564625853,0.9943846513804399,0.9313039901275195,0.6247191011235955,0.6311004316416615,0.7335868835133492
0.636,0.9205298013245033,0.47278911564625853,0.9943846513804399,0.9313039901275195,0.6247191011235955,0.6311004316416615,0.7335868835133492
0.637,0.9205298013245033,0.47278911564625853,0.9943846513804399,0.9313039901275195,0.6247191011235955,0.6311004316416615,0.7335868835133492
0.638,0.9266666666666666,0.47278911564625853,0.9948525970987365,0.9317153434800494,0.6261261261261262,0.6336958990046394,0.7338208563724975
0.639,0.9266666666666666,0.47278911564625853,0.9948525970987365,0.9317153434800494,0.6261261261261262,0.6336958990046394,0.7338208563724975
0.64,0.9266666666666666,0.47278911564625853,0.9948525970987365,0.9317153434800494,0.6261261261261262,0.6336958990046394,0.7338208563724975
0.641,0.9266666666666666,0.47278911564625853,0.9948525970987365,0.9317153434800494,0.6261261261261262,0.6336958990046394,0.7338208563724975
0.642,0.9266666666666666,0.47278911564625853,0.9948525970987365,0.9317153434800494,0.6261261261261262,0.6336958990046394,0.7338208563724975
0.643,0.9266666666666666,0.47278911564625853,0.9948525970987365,0.9317153434800494,0.6261261261261262,0.6336958990046394,0.7338208563724975
0.644,0.9266666666666666,0.47278911564625853,0.9948525970987365,0.9317153434800494,0.6261261261261262,0.6336958990046394,0.7338208563724975
0.645,0.9266666666666666,0.47278911564625853,0.9948525970987365,0.9317153434800494,0.6261261261261262,0.6336958990046394,0.7338208563724975
0.646,0.9266666666666666,0.47278911564625853,0.9948525970987365,0.9317153434800494,0.6261261261261262,0.6336958990046394,0.7338208563724975
0.647,0.9324324324324325,0.46938775510204084,0.9953205428170332,0.9317153434800494,0.6244343891402715,0.6336837060661549,0.732354148959537
0.648,0.9324324324324325,0.46938775510204084,0.9953205428170332,0.9317153434800494,0.6244343891402715,0.6336837060661549,0.732354148959537
0.649,0.9324324324324325,0.46938775510204084,0.9953205428170332,0.9317153434800494,0.6244343891402715,0.6336837060661549,0.732354148959537
0.65,0.9324324324324325,0.46938775510204084,0.9953205428170332,0.9317153434800494,0.6244343891402715,0.6336837060661549,0.732354148959537
0.651,0.9324324324324325,0.46938775510204084,0.9953205428170332,0.9317153434800494,0.6244343891402715,0.6336837060661549,0.732354148959537
0.652,0.9324324324324325,0.46938775510204084,0.9953205428170332,0.9317153434800494,0.6244343891402715,0.6336837060661549,0.732354148959537
0.653,0.9387755102040817,0.46938775510204084,0.9957884885353299,0.9321266968325792,0.6258503401360545,0.6363363558264281,0.7325881218186854
0.654,0.9387755102040817,0.46938775510204084,0.9957884885353299,0.9321266968325792,0.6258503401360545,0.6363363558264281,0.7325881218186854
0.655,0.9387755102040817,0.46938775510204084,0.9957884885353299,0.9321266968325792,0.6258503401360545,0.6363363558264281,0.7325881218186854
0.656,0.9387755102040817,0.46938775510204084,0.9957884885353299,0.9321266968325792,0.6258503401360545,0.6363363558264281,0.7325881218186854
0.657,0.9387755102040817,0.46938775510204084,0.9957884885353299,0.9321266968325792,0.6258503401360545,0.6363363558264281,0.7325881218186854
0.658,0.9452054794520548,0.46938775510204084,0.9962564342536265,0.932538050185109,0.6272727272727273,0.6390143104097745,0.7328220946778337
0.659,0.9452054794520548,0.46938775510204084,0.9962564342536265,0.932538050185109,0.6272727272727273,0.6390143104097745,0.7328220946778337
0.66,0.9452054794520548,0.46938775510204084,0.9962564342536265,0.932538050185109,0.6272727272727273,0.6390143104097745,0.7328220946778337
0.661,0.9452054794520548,0.46938775510204084,0.9962564342536265,0.932538050185109,0.6272727272727273,0.6390143104097745,0.7328220946778337
0.662,0.9452054794520548,0.46938775510204084,0.9962564342536265,0.932538050185109,0.6272727272727273,0.6390143104097745,0.7328220946778337
0.663,0.9452054794520548,0.46938775510204084,0.9962564342536265,0.932538050185109,0.6272727272727273,0.6390143104097745,0.7328220946778337
0.664,0.9448275862068966,0.46598639455782315,0.9962564342536265,0.9321266968325792,0.6241457858769932,0.6363909491620577,0.7311214144057249
0.665,0.9448275862068966,0.46598639455782315,0.9962564342536265,0.9321266968325792,0.6241457858769932,0.6363909491620577,0.7311214144057249
0.666,0.9448275862068966,0.46598639455782315,0.9962564342536265,0.9321266968325792,0.6241457858769932,0.6363909491620577,0.7311214144057249
0.667,0.9448275862068966,0.46598639455782315,0.9962564342536265,0.9321266968325792,0.6241457858769932,0.6363909491620577,0.7311214144057249
0.668,0.9448275862068966,0.46598639455782315,0.9962564342536265,0.9321266968325792,0.6241457858769932,0.6363909491620577,0.7311214144057249
0.669,0.9513888888888888,0.46598639455782315,0.9967243799719232,0.932538050185109,0.6255707762557078,0.63910352127555,0.7313553872648731
0.67,0.9513888888888888,0.46598639455782315,0.9967243799719232,0.932538050185109,0.6255707762557078,0.63910352127555,0.7313553872648731
0.671,0.9513888888888888,0.46598639455782315,0.9967243799719232,0.932538050185109,0.6255707762557078,0.63910352127555,0.7313553872648731
0.672,0.9513888888888888,0.46598639455782315,0.9967243799719232,0.932538050185109,0.6255707762557078,0.63910352127555,0.7313553872648731
0.673,0.9513888888888888,0.46598639455782315,0.9967243799719232,0.932538050185109,0.6255707762557078,0.63910352127555,0.7313553872648731
0.674,0.9513888888888888,0.46598639455782315,0.9967243799719232,0.932538050185109,0.6255707762557078,0.63910352127555,0.7313553872648731
0.675,0.9513888888888888,0.46598639455782315,0.9967243799719232,0.932538050185109,0.6255707762557078,0.63910352127555,0.7313553872648731
0.676,0.9513888888888888,0.46598639455782315,0.9967243799719232,0.932538050185109,0.6255707762557078,0.63910352127555,0.7313553872648731
0.677,0.9513888888888888,0.46598639455782315,0.9967243799719232,0.932538050185109,0.6255707762557078,0.63910352127555,0.7313553872648731
0.678,0.9513888888888888,0.46598639455782315,0.9967243799719232,0.932538050185109,0.6255707762557078,0.63910352127555,0.7313553872648731
0.679,0.9513888888888888,0.46598639455782315,0.9967243799719232,0.932538050185109,0.6255707762557078,0.63910352127555,0.7313553872648731
0.68,0.9513888888888888,0.46598639455782315,0.9967243799719232,0.932538050185109,0.6255707762557078,0.63910352127555,0.7313553872648731
0.681,0.9513888888888888,0.46598639455782315,0.9967243799719232,0.932538050185109,0.6255707762557078,0.63910352127555,0.7313553872648731
0.682,0.9513888888888888,0.46598639455782315,0.9967243799719232,0.932538050185109,0.6255707762557078,0.63910352127555,0.7313553872648731
0.683,0.958041958041958,0.46598639455782315,0.99719232569022,0.9329494035376388,0.6270022883295194,0.6418425371758306,0.7315893601240215
0.684,0.958041958041958,0.46598639455782315,0.99719232569022,0.9329494035376388,0.6270022883295194,0.6418425371758306,0.7315893601240215
0.685,0.9577464788732394,0.46258503401360546,0.99719232569022,0.932538050185109,0.6238532110091743,0.6392289562708169,0.7298886798519127
0.686,0.9577464788732394,0.46258503401360546,0.99719232569022,0.932538050185109,0.6238532110091743,0.6392289562708169,0.7298886798519127
0.687,0.9577464788732394,0.46258503401360546,0.99719232569022,0.932538050185109,0.6238532110091743,0.6392289562708169,0.7298886798519127
0.6880000000000001,0.9577464788732394,0.46258503401360546,0.99719232569022,0.932538050185109,0.6238532110091743,0.6392289562708169,0.7298886798519127
0.6890000000000001,0.9574468085106383,0.45918367346938777,0.99719232569022,0.9321266968325792,0.6206896551724138,0.6366070232201128,0.7281879995798038
0.6900000000000001,0.9574468085106383,0.45918367346938777,0.99719232569022,0.9321266968325792,0.6206896551724138,0.6366070232201128,0.7281879995798038
0.6910000000000001,0.9574468085106383,0.45918367346938777,0.99719232569022,0.9321266968325792,0.6206896551724138,0.6366070232201128,0.7281879995798038
0.6920000000000001,0.9574468085106383,0.45918367346938777,0.99719232569022,0.9321266968325792,0.6206896551724138,0.6366070232201128,0.7281879995798038
0.6930000000000001,0.9574468085106383,0.45918367346938777,0.99719232569022,0.9321266968325792,0.6206896551724138,0.6366070232201128,0.7281879995798038
0.6940000000000001,0.9571428571428572,0.4557823129251701,0.99719232569022,0.9317153434800494,0.6175115207373272,0.6339766330162838,0.7264873193076951
0.6950000000000001,0.9571428571428572,0.4557823129251701,0.99719232569022,0.9317153434800494,0.6175115207373272,0.6339766330162838,0.7264873193076951
0.6960000000000001,0.9571428571428572,0.4557823129251701,0.99719232569022,0.9317153434800494,0.6175115207373272,0.6339766330162838,0.7264873193076951
0.6970000000000001,0.9571428571428572,0.4557823129251701,0.99719232569022,0.9317153434800494,0.6175115207373272,0.6339766330162838,0.7264873193076951
0.6980000000000001,0.9571428571428572,0.4557823129251701,0.99719232569022,0.9317153434800494,0.6175115207373272,0.6339766330162838,0.7264873193076951
0.6990000000000001,0.9571428571428572,0.4557823129251701,0.99719232569022,0.9317153434800494,0.6175115207373272,0.6339766330162838,0.7264873193076951
0.7000000000000001,0.9571428571428572,0.4557823129251701,0.99719232569022,0.9317153434800494,0.6175115207373272,0.6339766330162838,0.7264873193076951
0.7010000000000001,0.9571428571428572,0.4557823129251701,0.99719232569022,0.9317153434800494,0.6175115207373272,0.6339766330162838,0.7264873193076951
0.7020000000000001,0.9571428571428572,0.4557823129251701,0.99719232569022,0.9317153434800494,0.6175115207373272,0.6339766330162838,0.7264873193076951
0.7030000000000001,0.9571428571428572,0.4557823129251701,0.99719232569022,0.9317153434800494,0.6175115207373272,0.6339766330162838,0.7264873193076951
0.704,0.9571428571428572,0.4557823129251701,0.99719232569022,0.9317153434800494,0.6175115207373272,0.6339766330162838,0.7264873193076951
0.705,0.9571428571428572,0.4557823129251701,0.99719232569022,0.9317153434800494,0.6175115207373272,0.6339766330162838,0.7264873193076951
0.706,0.9571428571428572,0.4557823129251701,0.99719232569022,0.9317153434800494,0.6175115207373272,0.6339766330162838,0.7264873193076951
0.707,0.9571428571428572,0.4557823129251701,0.99719232569022,0.9317153434800494,0.6175115207373272,0.6339766330162838,0.7264873193076951
0.708,0.9571428571428572,0.4557823129251701,0.99719232569022,0.9317153434800494,0.6175115207373272,0.6339766330162838,0.7264873193076951
0.709,0.9571428571428572,0.4557823129251701,0.99719232569022,0.9317153434800494,0.6175115207373272,0.6339766330162838,0.7264873193076951
0.71,0.9571428571428572,0.4557823129251701,0.99719232569022,0.9317153434800494,0.6175115207373272,0.6339766330162838,0.7264873193076951
0.711,0.9571428571428572,0.4557823129251701,0.99719232569022,0.9317153434800494,0.6175115207373272,0.6339766330162838,0.7264873193076951
0.712,0.9571428571428572,0.4557823129251701,0.99719232569022,0.9317153434800494,0.6175115207373272,0.6339766330162838,0.7264873193076951
0.713,0.9571428571428572,0.4557823129251701,0.99719232569022,0.9317153434800494,0.6175115207373272,0.6339766330162838,0.7264873193076951
0.714,0.9571428571428572,0.4557823129251701,0.99719232569022,0.9317153434800494,0.6175115207373272,0.6339766330162838,0.7264873193076951
0.715,0.9568345323741008,0.4523809523809524,0.99719232569022,0.9313039901275195,0.6143187066974596,0.6313376786176458,0.7247866390355862
0.716,0.9568345323741008,0.4523809523809524,0.99719232569022,0.9313039901275195,0.6143187066974596,0.6313376786176458,0.7247866390355862
0.717,0.9568345323741008,0.4523809523809524,0.99719232569022,0.9313039901275195,0.6143187066974596,0.6313376786176458,0.7247866390355862
0.718,0.9568345323741008,0.4523809523809524,0.99719232569022,0.9313039901275195,0.6143187066974596,0.6313376786176458,0.7247866390355862
0.719,0.9562043795620438,0.445578231292517,0.99719232569022,0.93048128342246,0.6078886310904872,0.6260336385640363,0.7213852784913685
0.72,0.9562043795620438,0.445578231292517,0.99719232569022,0.93048128342246,0.6078886310904872,0.6260336385640363,0.7213852784913685
0.721,0.9562043795620438,0.445578231292517,0.99719232569022,0.93048128342246,0.6078886310904872,0.6260336385640363,0.7213852784913685
0.722,0.9632352941176471,0.445578231292517,0.9976602714085167,0.9308926367749897,0.6093023255813953,0.628858023363173,0.7216192513505169
0.723,0.9632352941176471,0.445578231292517,0.9976602714085167,0.9308926367749897,0.6093023255813953,0.628858023363173,0.7216192513505169
0.724,0.9632352941176471,0.445578231292517,0.9976602714085167,0.9308926367749897,0.6093023255813953,0.628858023363173,0.7216192513505169
0.725,0.9632352941176471,0.445578231292517,0.9976602714085167,0.9308926367749897,0.6093023255813953,0.628858023363173,0.7216192513505169
0.726,0.9632352941176471,0.445578231292517,0.9976602714085167,0.9308926367749897,0.6093023255813953,0.628858023363173,0.7216192513505169
0.727,0.9632352941176471,0.445578231292517,0.9976602714085167,0.9308926367749897,0.6093023255813953,0.628858023363173,0.7216192513505169
0.728,0.9632352941176471,0.445578231292517,0.9976602714085167,0.9308926367749897,0.6093023255813953,0.628858023363173,0.7216192513505169
0.729,0.9632352941176471,0.445578231292517,0.9976602714085167,0.9308926367749897,0.6093023255813953,0.628858023363173,0.7216192513505169
0.73,0.9703703703703703,0.445578231292517,0.9981282171268133,0.9313039901275195,0.6107226107226107,0.6317115836215244,0.7218532242096651
0.731,0.9703703703703703,0.445578231292517,0.9981282171268133,0.9313039901275195,0.6107226107226107,0.6317115836215244,0.7218532242096651
0.732,0.9703703703703703,0.445578231292517,0.9981282171268133,0.9313039901275195,0.6107226107226107,0.6317115836215244,0.7218532242096651
0.733,0.9703703703703703,0.445578231292517,0.9981282171268133,0.9313039901275195,0.6107226107226107,0.6317115836215244,0.7218532242096651
0.734,0.9703703703703703,0.445578231292517,0.9981282171268133,0.9313039901275195,0.6107226107226107,0.6317115836215244,0.7218532242096651
0.735,0.9701492537313433,0.4421768707482993,0.9981282171268133,0.9308926367749897,0.6074766355140186,0.6290667539511163,0.7201525439375563
0.736,0.9701492537313433,0.4421768707482993,0.9981282171268133,0.9308926367749897,0.6074766355140186,0.6290667539511163,0.7201525439375563
0.737,0.9701492537313433,0.4421768707482993,0.9981282171268133,0.9308926367749897,0.6074766355140186,0.6290667539511163,0.7201525439375563
0.738,0.9701492537313433,0.4421768707482993,0.9981282171268133,0.9308926367749897,0.6074766355140186,0.6290667539511163,0.7201525439375563
0.739,0.9701492537313433,0.4421768707482993,0.9981282171268133,0.9308926367749897,0.6074766355140186,0.6290667539511163,0.7201525439375563
0.74,0.9701492537313433,0.4421768707482993,0.9981282171268133,0.9308926367749897,0.6074766355140186,0.6290667539511163,0.7201525439375563
0.741,0.9701492537313433,0.4421768707482993,0.9981282171268133,0.9308926367749897,0.6074766355140186,0.6290667539511163,0.7201525439375563
0.742,0.9774436090225563,0.4421768707482993,0.99859616284511,0.9313039901275195,0.6088992974238876,0.631960756404691,0.7203865167967046
0.743,0.9774436090225563,0.4421768707482993,0.99859616284511,0.9313039901275195,0.6088992974238876,0.631960756404691,0.7203865167967046
0.744,0.9774436090225563,0.4421768707482993,0.99859616284511,0.9313039901275195,0.6088992974238876,0.631960756404691,0.7203865167967046
0.745,0.9774436090225563,0.4421768707482993,0.99859616284511,0.9313039901275195,0.6088992974238876,0.631960756404691,0.7203865167967046
0.746,0.9774436090225563,0.4421768707482993,0.99859616284511,0.9313039901275195,0.6088992974238876,0.631960756404691,0.7203865167967046
0.747,0.9772727272727273,0.4387755102040816,0.99859616284511,0.9308926367749897,0.6056338028169014,0.6293179612006624,0.7186858365245958
0.748,0.9772727272727273,0.4387755102040816,0.99859616284511,0.9308926367749897,0.6056338028169014,0.6293179612006624,0.7186858365245958
0.749,0.9772727272727273,0.4387755102040816,0.99859616284511,0.9308926367749897,0.6056338028169014,0.6293179612006624,0.7186858365245958
0.75,0.9772727272727273,0.4387755102040816,0.99859616284511,0.9308926367749897,0.6056338028169014,0.6293179612006624,0.7186858365245958
0.751,0.9772727272727273,0.4387755102040816,0.99859616284511,0.9308926367749897,0.6056338028169014,0.6293179612006624,0.7186858365245958
0.752,0.9772727272727273,0.4387755102040816,0.99859616284511,0.9308926367749897,0.6056338028169014,0.6293179612006624,0.7186858365245958
0.753,0.9772727272727273,0.4387755102040816,0.99859616284511,0.9308926367749897,0.6056338028169014,0.6293179612006624,0.7186858365245958
0.754,0.9772727272727273,0.4387755102040816,0.99859616284511,0.9308926367749897,0.6056338028169014,0.6293179612006624,0.7186858365245958
0.755,0.9772727272727273,0.4387755102040816,0.99859616284511,0.9308926367749897,0.6056338028169014,0.6293179612006624,0.7186858365245958
0.756,0.9772727272727273,0.4387755102040816,0.99859616284511,0.9308926367749897,0.6056338028169014,0.6293179612006624,0.7186858365245958
0.757,0.9772727272727273,0.4387755102040816,0.99859616284511,0.9308926367749897,0.6056338028169014,0.6293179612006624,0.7186858365245958
0.758,0.9772727272727273,0.4387755102040816,0.99859616284511,0.9308926367749897,0.6056338028169014,0.6293179612006624,0.7186858365245958
0.759,0.9772727272727273,0.4387755102040816,0.99859616284511,0.9308926367749897,0.6056338028169014,0.6293179612006624,0.7186858365245958
0.76,0.9772727272727273,0.4387755102040816,0.99859616284511,0.9308926367749897,0.6056338028169014,0.6293179612006624,0.7186858365245958
0.761,0.9772727272727273,0.4387755102040816,0.99859616284511,0.9308926367749897,0.6056338028169014,0.6293179612006624,0.7186858365245958
0.762,0.9772727272727273,0.4387755102040816,0.99859616284511,0.9308926367749897,0.6056338028169014,0.6293179612006624,0.7186858365245958
0.763,0.9772727272727273,0.4387755102040816,0.99859616284511,0.9308926367749897,0.6056338028169014,0.6293179612006624,0.7186858365245958
0.764,0.9772727272727273,0.4387755102040816,0.99859616284511,0.9308926367749897,0.6056338028169014,0.6293179612006624,0.7186858365245958
0.765,0.9772727272727273,0.4387755102040816,0.99859616284511,0.9308926367749897,0.6056338028169014,0.6293179612006624,0.7186858365245958
0.766,0.9772727272727273,0.4387755102040816,0.99859616284511,0.9308926367749897,0.6056338028169014,0.6293179612006624,0.7186858365245958
0.767,0.9772727272727273,0.4387755102040816,0.99859616284511,0.9308926367749897,0.6056338028169014,0.6293179612006624,0.7186858365245958
0.768,0.9772727272727273,0.4387755102040816,0.99859616284511,0.9308926367749897,0.6056338028169014,0.6293179612006624,0.7186858365245958
0.769,0.9772727272727273,0.4387755102040816,0.99859616284511,0.9308926367749897,0.6056338028169014,0.6293179612006624,0.7186858365245958
0.77,0.9772727272727273,0.4387755102040816,0.99859616284511,0.9308926367749897,0.6056338028169014,0.6293179612006624,0.7186858365245958
0.771,0.9772727272727273,0.4387755102040816,0.99859616284511,0.9308926367749897,0.6056338028169014,0.6293179612006624,0.7186858365245958
0.772,0.9772727272727273,0.4387755102040816,0.99859616284511,0.9308926367749897,0.6056338028169014,0.6293179612006624,0.7186858365245958
0.773,0.9772727272727273,0.4387755102040816,0.99859616284511,0.9308926367749897,0.6056338028169014,0.6293179612006624,0.7186858365245958
0.774,0.9772727272727273,0.4387755102040816,0.99859616284511,0.9308926367749897,0.6056338028169014,0.6293179612006624,0.7186858365245958
0.775,0.9772727272727273,0.4387755102040816,0.99859616284511,0.9308926367749897,0.6056338028169014,0.6293179612006624,0.7186858365245958
0.776,0.9772727272727273,0.4387755102040816,0.99859616284511,0.9308926367749897,0.6056338028169014,0.6293179612006624,0.7186858365245958
0.777,0.9772727272727273,0.4387755102040816,0.99859616284511,0.9308926367749897,0.6056338028169014,0.6293179612006624,0.7186858365245958
0.778,0.9772727272727273,0.4387755102040816,0.99859616284511,0.9308926367749897,0.6056338028169014,0.6293179612006624,0.7186858365245958
0.779,0.9772727272727273,0.4387755102040816,0.99859616284511,0.9308926367749897,0.6056338028169014,0.6293179612006624,0.7186858365245958
0.78,0.9772727272727273,0.4387755102040816,0.99859616284511,0.9308926367749897,0.6056338028169014,0.6293179612006624,0.7186858365245958
0.781,0.9772727272727273,0.4387755102040816,0.99859616284511,0.9308926367749897,0.6056338028169014,0.6293179612006624,0.7186858365245958
0.782,0.9772727272727273,0.4387755102040816,0.99859616284511,0.9308926367749897,0.6056338028169014,0.6293179612006624,0.7186858365245958
0.783,0.9772727272727273,0.4387755102040816,0.99859616284511,0.9308926367749897,0.6056338028169014,0.6293179612006624,0.7186858365245958
0.784,0.9772727272727273,0.4387755102040816,0.99859616284511,0.9308926367749897,0.6056338028169014,0.6293179612006624,0.7186858365245958
0.785,0.9772727272727273,0.4387755102040816,0.99859616284511,0.9308926367749897,0.6056338028169014,0.6293179612006624,0.7186858365245958
0.786,0.9772727272727273,0.4387755102040816,0.99859616284511,0.9308926367749897,0.6056338028169014,0.6293179612006624,0.7186858365245958
0.787,0.9772727272727273,0.4387755102040816,0.99859616284511,0.9308926367749897,0.6056338028169014,0.6293179612006624,0.7186858365245958
0.788,0.9772727272727273,0.4387755102040816,0.99859616284511,0.9308926367749897,0.6056338028169014,0.6293179612006624,0.7186858365245958
0.789,0.9772727272727273,0.4387755102040816,0.99859616284511,0.9308926367749897,0.6056338028169014,0.6293179612006624,0.7186858365245958
0.79,0.9772727272727273,0.4387755102040816,0.99859616284511,0.9308926367749897,0.6056338028169014,0.6293179612006624,0.7186858365245958
0.791,0.9772727272727273,0.4387755102040816,0.99859616284511,0.9308926367749897,0.6056338028169014,0.6293179612006624,0.7186858365245958
0.792,0.9772727272727273,0.4387755102040816,0.99859616284511,0.9308926367749897,0.6056338028169014,0.6293179612006624,0.7186858365245958
0.793,0.9772727272727273,0.4387755102040816,0.99859616284511,0.9308926367749897,0.6056338028169014,0.6293179612006624,0.7186858365245958
0.794,0.9772727272727273,0.4387755102040816,0.99859616284511,0.9308926367749897,0.6056338028169014,0.6293179612006624,0.7186858365245958
0.795,0.9772727272727273,0.4387755102040816,0.99859616284511,0.9308926367749897,0.6056338028169014,0.6293179612006624,0.7186858365245958
0.796,0.9772727272727273,0.4387755102040816,0.99859616284511,0.9308926367749897,0.6056338028169014,0.6293179612006624,0.7186858365245958
0.797,0.9772727272727273,0.4387755102040816,0.99859616284511,0.9308926367749897,0.6056338028169014,0.6293179612006624,0.7186858365245958
0.798,0.9772727272727273,0.4387755102040816,0.99859616284511,0.9308926367749897,0.6056338028169014,0.6293179612006624,0.7186858365245958
0.799,0.9772727272727273,0.4387755102040816,0.99859616284511,0.9308926367749897,0.6056338028169014,0.6293179612006624,0.7186858365245958
0.8,0.9772727272727273,0.4387755102040816,0.99859616284511,0.9308926367749897,0.6056338028169014,0.6293179612006624,0.7186858365245958
0.801,0.9772727272727273,0.4387755102040816,0.99859616284511,0.9308926367749897,0.6056338028169014,0.6293179612006624,0.7186858365245958
0.802,0.9772727272727273,0.4387755102040816,0.99859616284511,0.9308926367749897,0.6056338028169014,0.6293179612006624,0.7186858365245958
0.803,0.9770992366412213,0.43537414965986393,0.99859616284511,0.93048128342246,0.6023529411764705,0.6266663589785055,0.7169851562524869
0.804,0.9770992366412213,0.43537414965986393,0.99859616284511,0.93048128342246,0.6023529411764705,0.6266663589785055,0.7169851562524869
0.805,0.9770992366412213,0.43537414965986393,0.99859616284511,0.93048128342246,0.6023529411764705,0.6266663589785055,0.7169851562524869
0.806,0.9770992366412213,0.43537414965986393,0.99859616284511,0.93048128342246,0.6023529411764705,0.6266663589785055,0.7169851562524869
0.807,0.9770992366412213,0.43537414965986393,0.99859616284511,0.93048128342246,0.6023529411764705,0.6266663589785055,0.7169851562524869
0.808,0.9770992366412213,0.43537414965986393,0.99859616284511,0.93048128342246,0.6023529411764705,0.6266663589785055,0.7169851562524869
0.809,0.9770992366412213,0.43537414965986393,0.99859616284511,0.93048128342246,0.6023529411764705,0.6266663589785055,0.7169851562524869
0.81,0.9770992366412213,0.43537414965986393,0.99859616284511,0.93048128342246,0.6023529411764705,0.6266663589785055,0.7169851562524869
0.811,0.9770992366412213,0.43537414965986393,0.99859616284511,0.93048128342246,0.6023529411764705,0.6266663589785055,0.7169851562524869
0.812,0.9770992366412213,0.43537414965986393,0.99859616284511,0.93048128342246,0.6023529411764705,0.6266663589785055,0.7169851562524869
0.8130000000000001,0.9770992366412213,0.43537414965986393,0.99859616284511,0.93048128342246,0.6023529411764705,0.6266663589785055,0.7169851562524869
0.8140000000000001,0.9770992366412213,0.43537414965986393,0.99859616284511,0.93048128342246,0.6023529411764705,0.6266663589785055,0.7169851562524869
0.8150000000000001,0.9770992366412213,0.43537414965986393,0.99859616284511,0.93048128342246,0.6023529411764705,0.6266663589785055,0.7169851562524869
0.8160000000000001,0.9770992366412213,0.43537414965986393,0.99859616284511,0.93048128342246,0.6023529411764705,0.6266663589785055,0.7169851562524869
0.8170000000000001,0.9770992366412213,0.43537414965986393,0.99859616284511,0.93048128342246,0.6023529411764705,0.6266663589785055,0.7169851562524869
0.8180000000000001,0.9770992366412213,0.43537414965986393,0.99859616284511,0.93048128342246,0.6023529411764705,0.6266663589785055,0.7169851562524869
0.8190000000000001,0.9770992366412213,0.43537414965986393,0.99859616284511,0.93048128342246,0.6023529411764705,0.6266663589785055,0.7169851562524869
0.8200000000000001,0.9770992366412213,0.43537414965986393,0.99859616284511,0.93048128342246,0.6023529411764705,0.6266663589785055,0.7169851562524869
0.8210000000000001,0.9770992366412213,0.43537414965986393,0.99859616284511,0.93048128342246,0.6023529411764705,0.6266663589785055,0.7169851562524869
0.8220000000000001,0.9770992366412213,0.43537414965986393,0.99859616284511,0.93048128342246,0.6023529411764705,0.6266663589785055,0.7169851562524869
0.8230000000000001,0.9770992366412213,0.43537414965986393,0.99859616284511,0.93048128342246,0.6023529411764705,0.6266663589785055,0.7169851562524869
0.8240000000000001,0.9770992366412213,0.43537414965986393,0.99859616284511,0.93048128342246,0.6023529411764705,0.6266663589785055,0.7169851562524869
0.8250000000000001,0.9770992366412213,0.43537414965986393,0.99859616284511,0.93048128342246,0.6023529411764705,0.6266663589785055,0.7169851562524869
0.8260000000000001,0.9770992366412213,0.43537414965986393,0.99859616284511,0.93048128342246,0.6023529411764705,0.6266663589785055,0.7169851562524869
0.8270000000000001,0.9770992366412213,0.43537414965986393,0.99859616284511,0.93048128342246,0.6023529411764705,0.6266663589785055,0.7169851562524869
0.8280000000000001,0.9770992366412213,0.43537414965986393,0.99859616284511,0.93048128342246,0.6023529411764705,0.6266663589785055,0.7169851562524869
0.8290000000000001,0.9770992366412213,0.43537414965986393,0.99859616284511,0.93048128342246,0.6023529411764705,0.6266663589785055,0.7169851562524869
0.8300000000000001,0.9770992366412213,0.43537414965986393,0.99859616284511,0.93048128342246,0.6023529411764705,0.6266663589785055,0.7169851562524869
0.8310000000000001,0.9770992366412213,0.43537414965986393,0.99859616284511,0.93048128342246,0.6023529411764705,0.6266663589785055,0.7169851562524869
0.8320000000000001,0.9770992366412213,0.43537414965986393,0.99859616284511,0.93048128342246,0.6023529411764705,0.6266663589785055,0.7169851562524869
0.833,0.9770992366412213,0.43537414965986393,0.99859616284511,0.93048128342246,0.6023529411764705,0.6266663589785055,0.7169851562524869
0.834,0.9770992366412213,0.43537414965986393,0.99859616284511,0.93048128342246,0.6023529411764705,0.6266663589785055,0.7169851562524869
0.835,0.9770992366412213,0.43537414965986393,0.99859616284511,0.93048128342246,0.6023529411764705,0.6266663589785055,0.7169851562524869
0.836,0.9770992366412213,0.43537414965986393,0.99859616284511,0.93048128342246,0.6023529411764705,0.6266663589785055,0.7169851562524869
0.837,0.9770992366412213,0.43537414965986393,0.99859616284511,0.93048128342246,0.6023529411764705,0.6266663589785055,0.7169851562524869
0.838,0.9770992366412213,0.43537414965986393,0.99859616284511,0.93048128342246,0.6023529411764705,0.6266663589785055,0.7169851562524869
0.839,0.9770992366412213,0.43537414965986393,0.99859616284511,0.93048128342246,0.6023529411764705,0.6266663589785055,0.7169851562524869
0.84,0.9770992366412213,0.43537414965986393,0.99859616284511,0.93048128342246,0.6023529411764705,0.6266663589785055,0.7169851562524869
0.841,0.9770992366412213,0.43537414965986393,0.99859616284511,0.93048128342246,0.6023529411764705,0.6266663589785055,0.7169851562524869
0.842,0.9770992366412213,0.43537414965986393,0.99859616284511,0.93048128342246,0.6023529411764705,0.6266663589785055,0.7169851562524869
0.843,0.9770992366412213,0.43537414965986393,0.99859616284511,0.93048128342246,0.6023529411764705,0.6266663589785055,0.7169851562524869
0.844,0.9770992366412213,0.43537414965986393,0.99859616284511,0.93048128342246,0.6023529411764705,0.6266663589785055,0.7169851562524869
0.845,0.9770992366412213,0.43537414965986393,0.99859616284511,0.93048128342246,0.6023529411764705,0.6266663589785055,0.7169851562524869
0.846,0.9770992366412213,0.43537414965986393,0.99859616284511,0.93048128342246,0.6023529411764705,0.6266663589785055,0.7169851562524869
0.847,0.9770992366412213,0.43537414965986393,0.99859616284511,0.93048128342246,0.6023529411764705,0.6266663589785055,0.7169851562524869
0.848,0.9770992366412213,0.43537414965986393,0.99859616284511,0.93048128342246,0.6023529411764705,0.6266663589785055,0.7169851562524869
0.849,0.9770992366412213,0.43537414965986393,0.99859616284511,0.93048128342246,0.6023529411764705,0.6266663589785055,0.7169851562524869
0.85,0.9846153846153847,0.43537414965986393,0.9990641085634067,0.9308926367749897,0.6037735849056604,0.6296134610789617,0.7172191291116353
0.851,0.9846153846153847,0.43537414965986393,0.9990641085634067,0.9308926367749897,0.6037735849056604,0.6296134610789617,0.7172191291116353
0.852,0.9846153846153847,0.43537414965986393,0.9990641085634067,0.9308926367749897,0.6037735849056604,0.6296134610789617,0.7172191291116353
0.853,0.9846153846153847,0.43537414965986393,0.9990641085634067,0.9308926367749897,0.6037735849056604,0.6296134610789617,0.7172191291116353
0.854,0.9922480620155039,0.43537414965986393,0.9995320542817033,0.9313039901275195,0.6052009456264775,0.6325924647360115,0.7174531019707836
0.855,0.9922480620155039,0.43537414965986393,0.9995320542817033,0.9313039901275195,0.6052009456264775,0.6325924647360115,0.7174531019707836
0.856,0.9921875,0.43197278911564624,0.9995320542817033,0.9308926367749897,0.6018957345971564,0.6299551740034036,0.7157524216986748
0.857,0.9921875,0.43197278911564624,0.9995320542817033,0.9308926367749897,0.6018957345971564,0.6299551740034036,0.7157524216986748
0.858,0.9921875,0.43197278911564624,0.9995320542817033,0.9308926367749897,0.6018957345971564,0.6299551740034036,0.7157524216986748
0.859,0.9921875,0.43197278911564624,0.9995320542817033,0.9308926367749897,0.6018957345971564,0.6299551740034036,0.7157524216986748
0.86,0.9921875,0.43197278911564624,0.9995320542817033,0.9308926367749897,0.6018957345971564,0.6299551740034036,0.7157524216986748
0.861,0.9921259842519685,0.42857142857142855,0.9995320542817033,0.93048128342246,0.5985748218527316,0.6273091026992342,0.7140517414265659
0.862,0.9921259842519685,0.42857142857142855,0.9995320542817033,0.93048128342246,0.5985748218527316,0.6273091026992342,0.7140517414265659
0.863,0.9921259842519685,0.42857142857142855,0.9995320542817033,0.93048128342246,0.5985748218527316,0.6273091026992342,0.7140517414265659
0.864,0.9921259842519685,0.42857142857142855,0.9995320542817033,0.93048128342246,0.5985748218527316,0.6273091026992342,0.7140517414265659
0.865,0.9921259842519685,0.42857142857142855,0.9995320542817033,0.93048128342246,0.5985748218527316,0.6273091026992342,0.7140517414265659
0.866,0.992,0.4217687074829932,0.9995320542817033,0.9296585767174003,0.5918854415274463,0.6219901579456443,0.7106503808823483
0.867,0.992,0.4217687074829932,0.9995320542817033,0.9296585767174003,0.5918854415274463,0.6219901579456443,0.7106503808823483
0.868,0.992,0.4217687074829932,0.9995320542817033,0.9296585767174003,0.5918854415274463,0.6219901579456443,0.7106503808823483
0.869,0.992,0.4217687074829932,0.9995320542817033,0.9296585767174003,0.5918854415274463,0.6219901579456443,0.7106503808823483
0.87,0.992,0.4217687074829932,0.9995320542817033,0.9296585767174003,0.5918854415274463,0.6219901579456443,0.7106503808823483
0.871,0.992,0.4217687074829932,0.9995320542817033,0.9296585767174003,0.5918854415274463,0.6219901579456443,0.7106503808823483
0.872,0.992,0.4217687074829932,0.9995320542817033,0.9296585767174003,0.5918854415274463,0.6219901579456443,0.7106503808823483
0.873,0.9919354838709677,0.41836734693877553,0.9995320542817033,0.9292472233648704,0.5885167464114832,0.6193170483985478,0.7089497006102394
0.874,0.9919354838709677,0.41836734693877553,0.9995320542817033,0.9292472233648704,0.5885167464114832,0.6193170483985478,0.7089497006102394
0.875,0.991869918699187,0.41496598639455784,0.9995320542817033,0.9288358700123406,0.5851318944844125,0.6166346859487095,0.7072490203381305
0.876,0.991869918699187,0.41496598639455784,0.9995320542817033,0.9288358700123406,0.5851318944844125,0.6166346859487095,0.7072490203381305
0.877,0.991869918699187,0.41496598639455784,0.9995320542817033,0.9288358700123406,0.5851318944844125,0.6166346859487095,0.7072490203381305
0.878,0.991869918699187,0.41496598639455784,0.9995320542817033,0.9288358700123406,0.5851318944844125,0.6166346859487095,0.7072490203381305
0.879,0.991869918699187,0.41496598639455784,0.9995320542817033,0.9288358700123406,0.5851318944844125,0.6166346859487095,0.7072490203381305
0.88,0.991869918699187,0.41496598639455784,0.9995320542817033,0.9288358700123406,0.5851318944844125,0.6166346859487095,0.7072490203381305
0.881,0.991869918699187,0.41496598639455784,0.9995320542817033,0.9288358700123406,0.5851318944844125,0.6166346859487095,0.7072490203381305
0.882,0.9918032786885246,0.41156462585034015,0.9995320542817033,0.9284245166598107,0.5817307692307693,0.6139429463548456,0.7055483400660217
0.883,0.9918032786885246,0.41156462585034015,0.9995320542817033,0.9284245166598107,0.5817307692307693,0.6139429463548456,0.7055483400660217
0.884,0.9918032786885246,0.41156462585034015,0.9995320542817033,0.9284245166598107,0.5817307692307693,0.6139429463548456,0.7055483400660217
0.885,0.9918032786885246,0.41156462585034015,0.9995320542817033,0.9284245166598107,0.5817307692307693,0.6139429463548456,0.7055483400660217
0.886,0.9918032786885246,0.41156462585034015,0.9995320542817033,0.9284245166598107,0.5817307692307693,0.6139429463548456,0.7055483400660217
0.887,0.9917355371900827,0.40816326530612246,0.9995320542817033,0.928013163307281,0.5783132530120482,0.6112417027673849,0.703847659793913
0.888,0.9917355371900827,0.40816326530612246,0.9995320542817033,0.928013163307281,0.5783132530120482,0.6112417027673849,0.703847659793913
0.889,0.9917355371900827,0.40816326530612246,0.9995320542817033,0.928013163307281,0.5783132530120482,0.6112417027673849,0.703847659793913
0.89,0.9916666666666667,0.40476190476190477,0.9995320542817033,0.9276018099547512,0.5748792270531401,0.6085308256512019,0.702146979521804
0.891,0.9916666666666667,0.40476190476190477,0.9995320542817033,0.9276018099547512,0.5748792270531401,0.6085308256512019,0.702146979521804
0.892,0.9916666666666667,0.40476190476190477,0.9995320542817033,0.9276018099547512,0.5748792270531401,0.6085308256512019,0.702146979521804
0.893,0.9916666666666667,0.40476190476190477,0.9995320542817033,0.9276018099547512,0.5748792270531401,0.6085308256512019,0.702146979521804
0.894,0.9916666666666667,0.40476190476190477,0.9995320542817033,0.9276018099547512,0.5748792270531401,0.6085308256512019,0.702146979521804
0.895,0.9916666666666667,0.40476190476190477,0.9995320542817033,0.9276018099547512,0.5748792270531401,0.6085308256512019,0.702146979521804
0.896,0.9916666666666667,0.40476190476190477,0.9995320542817033,0.9276018099547512,0.5748792270531401,0.6085308256512019,0.702146979521804
0.897,0.9916666666666667,0.40476190476190477,0.9995320542817033,0.9276018099547512,0.5748792270531401,0.6085308256512019,0.702146979521804
0.898,0.9916666666666667,0.40476190476190477,0.9995320542817033,0.9276018099547512,0.5748792270531401,0.6085308256512019,0.702146979521804
0.899,0.9916666666666667,0.40476190476190477,0.9995320542817033,0.9276018099547512,0.5748792270531401,0.6085308256512019,0.702146979521804
0.9,0.989010989010989,0.30612244897959184,0.9995320542817033,0.9156725627313863,0.4675324675324675,0.5250227230489128,0.6528272516306476
0.901,0.989010989010989,0.30612244897959184,0.9995320542817033,0.9156725627313863,0.4675324675324675,0.5250227230489128,0.6528272516306476
0.902,0.989010989010989,0.30612244897959184,0.9995320542817033,0.9156725627313863,0.4675324675324675,0.5250227230489128,0.6528272516306476
0.903,0.989010989010989,0.30612244897959184,0.9995320542817033,0.9156725627313863,0.4675324675324675,0.5250227230489128,0.6528272516306476
0.904,0.989010989010989,0.30612244897959184,0.9995320542817033,0.9156725627313863,0.4675324675324675,0.5250227230489128,0.6528272516306476
0.905,0.989010989010989,0.30612244897959184,0.9995320542817033,0.9156725627313863,0.4675324675324675,0.5250227230489128,0.6528272516306476
0.906,0.989010989010989,0.30612244897959184,0.9995320542817033,0.9156725627313863,0.4675324675324675,0.5250227230489128,0.6528272516306476
0.907,0.989010989010989,0.30612244897959184,0.9995320542817033,0.9156725627313863,0.4675324675324675,0.5250227230489128,0.6528272516306476
0.908,0.989010989010989,0.30612244897959184,0.9995320542817033,0.9156725627313863,0.4675324675324675,0.5250227230489128,0.6528272516306476
0.909,0.989010989010989,0.30612244897959184,0.9995320542817033,0.9156725627313863,0.4675324675324675,0.5250227230489128,0.6528272516306476
0.91,0.989010989010989,0.30612244897959184,0.9995320542817033,0.9156725627313863,0.4675324675324675,0.5250227230489128,0.6528272516306476
0.911,0.989010989010989,0.30612244897959184,0.9995320542817033,0.9156725627313863,0.4675324675324675,0.5250227230489128,0.6528272516306476
0.912,0.989010989010989,0.30612244897959184,0.9995320542817033,0.9156725627313863,0.4675324675324675,0.5250227230489128,0.6528272516306476
0.913,0.989010989010989,0.30612244897959184,0.9995320542817033,0.9156725627313863,0.4675324675324675,0.5250227230489128,0.6528272516306476
0.914,0.989010989010989,0.30612244897959184,0.9995320542817033,0.9156725627313863,0.4675324675324675,0.5250227230489128,0.6528272516306476
0.915,0.9888888888888889,0.30272108843537415,0.9995320542817033,0.9152612093788565,0.4635416666666667,0.5219450580679087,0.6511265713585388
0.916,0.9888888888888889,0.30272108843537415,0.9995320542817033,0.9152612093788565,0.4635416666666667,0.5219450580679087,0.6511265713585388
0.917,1.0,0.30272108843537415,1.0,0.9156725627313863,0.46475195822454307,0.5255694995754875,0.6513605442176871
0.918,1.0,0.30272108843537415,1.0,0.9156725627313863,0.46475195822454307,0.5255694995754875,0.6513605442176871
0.919,1.0,0.29931972789115646,1.0,0.9152612093788565,0.4607329842931937,0.5224969836781799,0.6496598639455782
0.92,1.0,0.29931972789115646,1.0,0.9152612093788565,0.4607329842931937,0.5224969836781799,0.6496598639455782
0.921,1.0,0.29931972789115646,1.0,0.9152612093788565,0.4607329842931937,0.5224969836781799,0.6496598639455782
0.922,1.0,0.29931972789115646,1.0,0.9152612093788565,0.4607329842931937,0.5224969836781799,0.6496598639455782
0.923,1.0,0.29591836734693877,1.0,0.9148498560263266,0.4566929133858268,0.5194089377679979,0.6479591836734694
0.924,1.0,0.29591836734693877,1.0,0.9148498560263266,0.4566929133858268,0.5194089377679979,0.6479591836734694
0.925,1.0,0.29591836734693877,1.0,0.9148498560263266,0.4566929133858268,0.5194089377679979,0.6479591836734694
0.926,1.0,0.29591836734693877,1.0,0.9148498560263266,0.4566929133858268,0.5194089377679979,0.6479591836734694
0.927,1.0,0.29591836734693877,1.0,0.9148498560263266,0.4566929133858268,0.5194089377679979,0.6479591836734694
0.928,1.0,0.29591836734693877,1.0,0.9148498560263266,0.4566929133858268,0.5194089377679979,0.6479591836734694
0.929,1.0,0.29591836734693877,1.0,0.9148498560263266,0.4566929133858268,0.5194089377679979,0.6479591836734694
0.93,1.0,0.29591836734693877,1.0,0.9148498560263266,0.4566929133858268,0.5194089377679979,0.6479591836734694
0.931,1.0,0.29591836734693877,1.0,0.9148498560263266,0.4566929133858268,0.5194089377679979,0.6479591836734694
0.932,1.0,0.2925170068027211,1.0,0.9144385026737968,0.45263157894736844,0.51630507978366,0.6462585034013606
0.933,1.0,0.2925170068027211,1.0,0.9144385026737968,0.45263157894736844,0.51630507978366,0.6462585034013606
0.934,1.0,0.2925170068027211,1.0,0.9144385026737968,0.45263157894736844,0.51630507978366,0.6462585034013606
0.935,1.0,0.2925170068027211,1.0,0.9144385026737968,0.45263157894736844,0.51630507978366,0.6462585034013606
0.936,1.0,0.2925170068027211,1.0,0.9144385026737968,0.45263157894736844,0.51630507978366,0.6462585034013606
0.937,1.0,0.2891156462585034,1.0,0.9140271493212669,0.44854881266490765,0.5131851194014845,0.6445578231292517
0.9380000000000001,1.0,0.2891156462585034,1.0,0.9140271493212669,0.44854881266490765,0.5131851194014845,0.6445578231292517
0.9390000000000001,1.0,0.2891156462585034,1.0,0.9140271493212669,0.44854881266490765,0.5131851194014845,0.6445578231292517
0.9400000000000001,1.0,0.2857142857142857,1.0,0.9136157959687371,0.4444444444444444,0.5100487576931234,0.6428571428571428
0.9410000000000001,1.0,0.2857142857142857,1.0,0.9136157959687371,0.4444444444444444,0.5100487576931234,0.6428571428571428
0.9420000000000001,1.0,0.2857142857142857,1.0,0.9136157959687371,0.4444444444444444,0.5100487576931234,0.6428571428571428
0.9430000000000001,1.0,0.2857142857142857,1.0,0.9136157959687371,0.4444444444444444,0.5100487576931234,0.6428571428571428
0.9440000000000001,1.0,0.2857142857142857,1.0,0.9136157959687371,0.4444444444444444,0.5100487576931234,0.6428571428571428
0.9450000000000001,1.0,0.2857142857142857,1.0,0.9136157959687371,0.4444444444444444,0.5100487576931234,0.6428571428571428
0.9460000000000001,1.0,0.2857142857142857,1.0,0.9136157959687371,0.4444444444444444,0.5100487576931234,0.6428571428571428
0.9470000000000001,1.0,0.2857142857142857,1.0,0.9136157959687371,0.4444444444444444,0.5100487576931234,0.6428571428571428
0.9480000000000001,1.0,0.2857142857142857,1.0,0.9136157959687371,0.4444444444444444,0.5100487576931234,0.6428571428571428
0.9490000000000001,1.0,0.2857142857142857,1.0,0.9136157959687371,0.4444444444444444,0.5100487576931234,0.6428571428571428
0.9500000000000001,1.0,0.282312925170068,1.0,0.9132044426162074,0.4403183023872679,0.5068956867648736,0.641156462585034
0.9510000000000001,1.0,0.282312925170068,1.0,0.9132044426162074,0.4403183023872679,0.5068956867648736,0.641156462585034
0.9520000000000001,1.0,0.282312925170068,1.0,0.9132044426162074,0.4403183023872679,0.5068956867648736,0.641156462585034
0.9530000000000001,1.0,0.282312925170068,1.0,0.9132044426162074,0.4403183023872679,0.5068956867648736,0.641156462585034
0.9540000000000001,1.0,0.282312925170068,1.0,0.9132044426162074,0.4403183023872679,0.5068956867648736,0.641156462585034
0.9550000000000001,1.0,0.282312925170068,1.0,0.9132044426162074,0.4403183023872679,0.5068956867648736,0.641156462585034
0.9560000000000001,1.0,0.282312925170068,1.0,0.9132044426162074,0.4403183023872679,0.5068956867648736,0.641156462585034
0.9570000000000001,1.0,0.2789115646258503,1.0,0.9127930892636775,0.43617021276595747,0.5037255893773386,0.6394557823129252
0.9580000000000001,1.0,0.2789115646258503,1.0,0.9127930892636775,0.43617021276595747,0.5037255893773386,0.6394557823129252
0.9590000000000001,1.0,0.2789115646258503,1.0,0.9127930892636775,0.43617021276595747,0.5037255893773386,0.6394557823129252
0.96,1.0,0.2789115646258503,1.0,0.9127930892636775,0.43617021276595747,0.5037255893773386,0.6394557823129252
0.961,1.0,0.2755102040816326,1.0,0.9123817359111477,0.432,0.5005381385441197,0.6377551020408163
0.962,1.0,0.2755102040816326,1.0,0.9123817359111477,0.432,0.5005381385441197,0.6377551020408163
0.963,1.0,0.2755102040816326,1.0,0.9123817359111477,0.432,0.5005381385441197,0.6377551020408163
0.964,1.0,0.19387755102040816,1.0,0.9025092554504319,0.3247863247863248,0.41775885715809846,0.596938775510204
0.965,1.0,0.19387755102040816,1.0,0.9025092554504319,0.3247863247863248,0.41775885715809846,0.596938775510204
0.966,1.0,0.19387755102040816,1.0,0.9025092554504319,0.3247863247863248,0.41775885715809846,0.596938775510204
0.967,1.0,0.19387755102040816,1.0,0.9025092554504319,0.3247863247863248,0.41775885715809846,0.596938775510204
0.968,1.0,0.19387755102040816,1.0,0.9025092554504319,0.3247863247863248,0.41775885715809846,0.596938775510204
0.969,1.0,0.19047619047619047,1.0,0.9020979020979021,0.32,0.41399090711988457,0.5952380952380952
0.97,1.0,0.19047619047619047,1.0,0.9020979020979021,0.32,0.41399090711988457,0.5952380952380952
0.971,1.0,0.19047619047619047,1.0,0.9020979020979021,0.32,0.41399090711988457,0.5952380952380952
0.972,1.0,0.19047619047619047,1.0,0.9020979020979021,0.32,0.41399090711988457,0.5952380952380952
0.973,1.0,0.1870748299319728,1.0,0.9016865487453722,0.3151862464183381,0.41019156215344016,0.5935374149659864
0.974,1.0,0.1870748299319728,1.0,0.9016865487453722,0.3151862464183381,0.41019156215344016,0.5935374149659864
0.975,1.0,0.1836734693877551,1.0,0.9012751953928424,0.3103448275862069,0.406359937563224,0.5918367346938775
0.976,1.0,0.1836734693877551,1.0,0.9012751953928424,0.3103448275862069,0.406359937563224,0.5918367346938775
0.977,1.0,0.13945578231292516,1.0,0.8959276018099548,0.24477611940298508,0.35311939664319963,0.5697278911564626
0.978,0.0,0.0,1.0,0.879062114356232,0.0,0.0,0.5
0.979,0.0,0.0,1.0,0.879062114356232,0.0,0.0,0.5
0.98,0.0,0.0,1.0,0.879062114356232,0.0,0.0,0.5
0.981,0.0,0.0,1.0,0.879062114356232,0.0,0.0,0.5
0.982,0.0,0.0,1.0,0.879062114356232,0.0,0.0,0.5
0.983,0.0,0.0,1.0,0.879062114356232,0.0,0.0,0.5
0.984,0.0,0.0,1.0,0.879062114356232,0.0,0.0,0.5
0.985,0.0,0.0,1.0,0.879062114356232,0.0,0.0,0.5
0.986,0.0,0.0,1.0,0.879062114356232,0.0,0.0,0.5
0.987,0.0,0.0,1.0,0.879062114356232,0.0,0.0,0.5
0.988,0.0,0.0,1.0,0.879062114356232,0.0,0.0,0.5
0.989,0.0,0.0,1.0,0.879062114356232,0.0,0.0,0.5
0.99,0.0,0.0,1.0,0.879062114356232,0.0,0.0,0.5
0.991,0.0,0.0,1.0,0.879062114356232,0.0,0.0,0.5
0.992,0.0,0.0,1.0,0.879062114356232,0.0,0.0,0.5
0.993,0.0,0.0,1.0,0.879062114356232,0.0,0.0,0.5
0.994,0.0,0.0,1.0,0.879062114356232,0.0,0.0,0.5
0.995,0.0,0.0,1.0,0.879062114356232,0.0,0.0,0.5
0.996,0.0,0.0,1.0,0.879062114356232,0.0,0.0,0.5
0.997,0.0,0.0,1.0,0.879062114356232,0.0,0.0,0.5
0.998,0.0,0.0,1.0,0.879062114356232,0.0,0.0,0.5
0.999,0.0,0.0,1.0,0.879062114356232,0.0,0.0,0.5
1.0,0.0,0.0,1.0,0.879062114356232,0.0,0.0,0.5
