y_true,score,pred_thr_best,pred_thr_0
1,-1.0948004227431896,0,0
1,-2.0305365751999815,0,0
1,-1.1868530229768541,0,0
1,1.0124974777553089,1,1
1,0.9997652178608151,1,1
1,0.09284193973084642,0,1
1,0.35484642737147476,1,1
1,-0.2995578115826393,0,0
1,0.9394233887950366,1,1
1,0.9998488973639609,1,1
1,1.0002797359490767,1,1
1,0.9997416317257569,1,1
1,0.999998207680134,1,1
1,0.25152490158841556,0,1
1,0.9987683766754413,1,1
1,-0.7400876343699434,0,0
1,0.9997194727149873,1,1
1,0.12922031313181814,0,1
1,-1.22597575018486,0,0
1,0.9998423443872763,1,1
1,-1.352214132807391,0,0
1,-1.9410511557694972,0,0
1,-1.5524582607815898,0,0
1,-0.2929113098930072,0,0
1,-0.8795714947955133,0,0
1,-0.3865158648191007,0,0
1,-0.9921181100005586,0,0
1,-0.18703874514884847,0,0
1,0.09208577477603003,0,1
1,-2.1156703513157855,0,0
1,-0.7868527836686428,0,0
1,-1.0320753183811484,0,0
1,-0.387200538318762,0,0
1,-0.727565663620114,0,0
1,0.21908061446062665,0,1
1,-0.8404972812270071,0,0
1,0.8139300832124631,1,1
1,-0.45545520199566314,0,0
1,-1.12884322214992,0,0
1,-1.703625369791216,0,0
1,1.0002027458265457,1,1
1,-0.38061586755365545,0,0
1,-1.329457221560271,0,0
1,-0.652169261204231,0,0
1,-2.074545879116543,0,0
1,-0.835389931823874,0,0
1,-1.6005416088468705,0,0
1,0.6093023318474309,1,1
1,1.0001069809524186,1,1
1,0.9997763523608364,1,1
1,0.9998247420909075,1,1
1,1.0002628552408868,1,1
1,1.0000776175620505,1,1
1,0.9996403337305017,1,1
1,0.9996618526839945,1,1
1,0.9996242388285189,1,1
1,0.9996787682248444,1,1
1,0.9997867991188943,1,1
1,0.9995613966688918,1,1
1,1.0000501094712955,1,1
1,0.9999172631872048,1,1
1,0.9997475825671588,1,1
1,1.2705917779078448,1,1
1,0.9997718743503178,1,1
1,0.999874053963698,1,1
1,0.9997353222646969,1,1
1,0.9997402118281292,1,1
1,1.0002470600851328,1,1
1,1.0002239864691829,1,1
1,1.000071067339901,1,1
1,0.9998578040723093,1,1
1,0.9997878892763298,1,1
1,1.0000266734372176,1,1
1,0.9997191335133647,1,1
1,0.9997478482407788,1,1
1,1.000111670610011,1,1
1,0.9997379226827491,1,1
1,0.9999745113467876,1,1
1,0.9998509941726429,1,1
1,0.9996609190937272,1,1
1,0.9998516379461434,1,1
1,0.9997782858649708,1,1
1,1.0001654261885844,1,1
1,1.7566670717253126,1,1
1,0.9998481925588131,1,1
1,0.9998642220353705,1,1
1,1.0002800942669916,1,1
1,0.9995776030438571,1,1
1,1.415961757886504,1,1
1,1.0003925085965122,1,1
1,1.000114927014791,1,1
1,1.000047107751214,1,1
1,0.999942274596941,1,1
1,0.9996975459227181,1,1
1,1.0001069155699356,1,1
1,0.9997227806559,1,1
1,1.0002234987770677,1,1
1,0.9999123065449064,1,1
1,0.9997795988833603,1,1
1,0.9998210549787648,1,1
1,1.0002091082980455,1,1
1,0.9997674191871232,1,1
1,0.9998086819547084,1,1
1,0.9999304522710136,1,1
1,1.000095416773128,1,1
1,1.000362435945906,1,1
1,1.0003781632957192,1,1
1,1.0664770975172706,1,1
1,1.00045214312596,1,1
1,0.9997639877846173,1,1
1,1.0000760908749484,1,1
1,1.0003899240179734,1,1
1,0.9997807888658242,1,1
1,1.0003626644647818,1,1
1,0.999843331805628,1,1
1,0.9998239382290274,1,1
1,1.000067281585355,1,1
1,1.0001894948550523,1,1
1,0.9998944889170563,1,1
1,1.000004733010305,1,1
1,0.9998294532242223,1,1
1,0.9999515868950505,1,1
1,1.0000735854015321,1,1
1,0.9999025738145798,1,1
1,0.9997484142886554,1,1
1,0.9996042365526018,1,1
1,0.9999554906258242,1,1
1,1.0003641392781075,1,1
1,0.9998441008462299,1,1
1,0.9998939593978201,1,1
1,1.0000780248435035,1,1
1,0.9997730098465712,1,1
1,1.000256903649539,1,1
1,0.9996673007280258,1,1
1,1.0003295344194734,1,1
1,0.9999841602199339,1,1
1,1.0000751152055964,1,1
1,0.480773090105013,1,1
1,0.9997167336296967,1,1
1,1.0002744974365538,1,1
1,-1.0948004227431896,0,0
1,-2.0305365751999815,0,0
1,1.0124974777553089,1,1
1,0.9997652178608151,1,1
1,0.09284193973084642,0,1
1,0.35484642737147476,1,1
1,-0.2995578115826393,0,0
1,0.25152490158841556,0,1
1,0.12922031313181814,0,1
1,-0.727565663620114,0,0
1,0.21908061446062665,0,1
1,0.8139300832124631,1,1
1,-0.45545520199566314,0,0
1,-0.652169261204231,0,0
1,-2.074545879116543,0,0
1,-0.835389931823874,0,0
1,-1.6005416088468705,0,0
1,0.6093023318474309,1,1
1,0.9998003324771317,1,1
1,1.0361400185319294,1,1
1,1.0000138494509967,1,1
1,1.0003085133963698,1,1
1,0.9998947625965887,1,1
1,1.0000068952495496,1,1
1,1.0002470502908376,1,1
1,1.0002546046332679,1,1
1,0.9998884355595964,1,1
1,0.9997857169176475,1,1
1,0.9999369927647107,1,1
1,1.0002690363825995,1,1
1,0.9999564591611526,1,1
1,0.9998416907285038,1,1
1,0.9996780635450077,1,1
1,0.9997188914368215,1,1
1,0.9997479492166422,1,1
1,1.000005733408321,1,1
1,0.9998430529570735,1,1
1,1.0004033774107932,1,1
1,1.0001916654456489,1,1
1,0.9998023947651898,1,1
1,0.9999470240122791,1,1
1,0.9998132789139814,1,1
1,0.9997685843067147,1,1
1,0.9999403956339338,1,1
1,0.999650216411286,1,1
1,0.9996467141813493,1,1
1,1.000025951117236,1,1
1,0.9997674333044141,1,1
1,1.000149000104996,1,1
1,0.9998702572279788,1,1
1,1.0002027458265457,1,1
1,1.0003470013886955,1,1
1,0.9998268593405023,1,1
1,0.9997947197682001,1,1
1,0.9997470906557292,1,1
1,0.9999060400104497,1,1
1,0.9998697355366527,1,1
1,1.264180467578567,1,1
1,1.0002168836301601,1,1
1,0.9997658315198042,1,1
1,0.9995958126113468,1,1
1,1.3786094608496406,1,1
1,1.000309696890977,1,1
1,-1.1868530229768541,0,0
1,1.000149000104996,1,1
1,-0.2929113098930072,0,0
1,-0.8795714947955133,0,0
1,-0.3865158648191007,0,0
1,-0.387200538318762,0,0
1,-0.8404972812270071,0,0
1,-1.12884322214992,0,0
1,-1.703625369791216,0,0
1,1.0002027458265457,1,1
1,-0.38061586755365545,0,0
1,-1.329457221560271,0,0
1,0.6845766864084496,1,1
1,-0.4999714294788343,0,0
1,-1.2001183590105566,0,0
1,-0.7496579162301491,0,0
1,-0.7722047559573348,0,0
1,-1.4745234122563926,0,0
1,-1.0710828084283692,0,0
1,-0.246245377618072,0,0
1,0.27520409392341116,0,1
1,-0.4853765403372057,0,0
1,-0.8795714947955133,0,0
1,1.0124974777553089,1,1
1,-0.2995578115826393,0,0
1,-0.18703874514884847,0,0
1,-1.987896622466145,0,0
1,-0.7868527836686428,0,0
1,-0.2929113098930072,0,0
1,-0.9921181100005586,0,0
1,-2.1156703513157855,0,0
1,-1.0320753183811484,0,0
1,-1.0948004227431896,0,0
1,0.09208577477603003,0,1
1,0.12922031313181814,0,1
1,0.35484642737147476,1,1
1,-1.329457221560271,0,0
1,-0.652169261204231,0,0
1,0.09284193973084642,0,1
1,-1.1868530229768541,0,0
1,0.25152490158841556,0,1
1,-0.7400876343699434,0,0
1,-1.22597575018486,0,0
1,-1.9410511557694972,0,0
1,-1.5524582607815898,0,0
1,-0.3865158648191007,0,0
0,0.939619183564223,1,1
0,-1.871776609979519,0,0
0,-1.7743957261145415,0,0
0,-1.7195770036675988,0,0
0,-1.3127386933283498,0,0
0,-1.8801891853321155,0,0
0,-2.0178028357981943,0,0
0,-0.8658585307570185,0,0
0,-0.8955228937677243,0,0
0,-1.277959220852069,0,0
0,-1.2369215035856764,0,0
0,-0.07067254972743381,0,0
0,-0.795648908995622,0,0
0,-0.16038076154358033,0,0
0,-0.9128900288781652,0,0
0,-0.2776890506686133,0,0
0,-1.5659483923897923,0,0
0,-1.208118690454188,0,0
0,-0.2813732933231254,0,0
0,-1.6212225979689259,0,0
0,-1.9607718263644291,0,0
0,-1.9338144436003075,0,0
0,-1.4738105126834067,0,0
0,-1.3403902936638297,0,0
0,-0.6184422712475763,0,0
0,-0.8798710510056375,0,0
0,-0.488416733508647,0,0
0,-1.6451682791175868,0,0
0,-0.17897291970883583,0,0
0,-0.9806839063992291,0,0
0,-1.3918711960263956,0,0
0,-0.13133444882251885,0,0
0,-1.922801910502277,0,0
0,-0.07763954127603562,0,0
0,-0.557384687001743,0,0
0,-1.4448711184344023,0,0
0,-1.1180825385807547,0,0
0,-0.2684251289135301,0,0
0,-1.1522227046787612,0,0
0,-1.5025174798616443,0,0
0,-0.3028755438217916,0,0
0,-1.3189648749180722,0,0
0,0.28797289560285055,0,1
0,-0.34845462611658484,0,0
0,-1.0320799256505837,0,0
0,-1.7190410699208534,0,0
0,-0.0770436630732389,0,0
0,-0.5555121048215694,0,0
0,-0.029223557719466053,0,0
0,0.2943711247794091,0,1
0,-0.7012735606789693,0,0
0,0.46338957855747587,1,1
0,-1.7876529279624283,0,0
0,-1.2985665772268709,0,0
0,-1.3649353495931078,0,0
0,-1.0000732751652288,0,0
0,-0.01142218303229875,0,0
0,-0.39900136763454486,0,0
0,-1.345040313637099,0,0
0,-0.9171213309965525,0,0
0,-2.151025779365633,0,0
0,0.5771871990230157,1,1
0,-0.6899711402797994,0,0
0,-0.4824440320806928,0,0
0,-1.9612753823199673,0,0
0,-1.846099644274879,0,0
0,-1.5514528069922835,0,0
0,-0.873649659664559,0,0
0,-1.2265117733685107,0,0
0,-1.1233349418995457,0,0
0,-0.26405482758628457,0,0
0,-1.9765871928989043,0,0
0,-0.9361301010248405,0,0
0,-1.8205738392908009,0,0
0,-0.8311745035999956,0,0
0,-1.4489346255852817,0,0
0,-0.5141983799111086,0,0
0,0.2699131756527541,0,1
0,-0.9620576268619697,0,0
0,-0.5159861083867721,0,0
0,0.6869393002436591,1,1
0,-0.581331109785727,0,0
0,-0.3738291164728801,0,0
0,-0.23143431784808777,0,0
0,-0.19244795282055693,0,0
0,-1.9235902217912897,0,0
0,-0.8160769977299962,0,0
0,-1.448943728218277,0,0
0,-0.31175884775029855,0,0
0,-1.7699101178449528,0,0
0,0.0507490187723188,0,1
0,-0.9053995454148569,0,0
0,-0.4493747122549658,0,0
0,-1.248778476446618,0,0
0,-2.4428458576128853,0,0
0,-0.49843595768664684,0,0
0,-1.37380009890488,0,0
0,-2.1612702800209713,0,0
0,-1.6372215699321946,0,0
0,-0.7825315379229846,0,0
0,-0.267448945271742,0,0
0,-0.9665149779806537,0,0
0,-1.3557928885474362,0,0
0,-1.1353185843016358,0,0
0,-1.2903269299984108,0,0
0,-2.2918244106528123,0,0
0,-1.7824769991110054,0,0
0,-0.6310957838660769,0,0
0,0.45252825969010346,1,1
0,-0.7557014348723929,0,0
0,-1.5550445045832766,0,0
0,0.78397181837179,1,1
0,-0.4768521749573419,0,0
0,-0.5012367819783401,0,0
0,-1.9831533320248114,0,0
0,-1.389198392121087,0,0
0,-0.19776262691943067,0,0
0,0.8381729606637002,1,1
0,-0.4389437721705399,0,0
0,-0.9927458297372337,0,0
0,-2.110146613699988,0,0
0,-1.8977468188021946,0,0
0,-1.7390621231614074,0,0
0,-1.9117826056774625,0,0
0,-0.3579115392046355,0,0
0,-0.7706663091891538,0,0
0,-1.459463333661918,0,0
0,0.7200656776065474,1,1
0,-0.9997499818321163,0,0
0,0.148938233069001,0,1
0,-0.4010213478058312,0,0
0,-0.712055823923742,0,0
0,-1.9411382547080152,0,0
0,-1.3825739586132992,0,0
0,1.2430799392067562,1,1
0,-0.0870529791009092,0,0
0,-1.5362022539631797,0,0
0,-2.2244366843281527,0,0
0,-1.1850169191544069,0,0
0,-0.3332774728088543,0,0
0,-1.321853572828196,0,0
0,-0.5750863251140986,0,0
0,-2.4811538122506405,0,0
0,-0.36707241837626986,0,0
0,-2.300833621634961,0,0
0,-2.055794336216175,0,0
0,-1.5010949721443128,0,0
0,-2.007892210555627,0,0
0,-0.4089500379202194,0,0
0,-1.9780892274947663,0,0
0,-1.2675389744315964,0,0
0,0.4700094485361508,1,1
0,-1.7246533872152452,0,0
0,-1.427619786201499,0,0
0,0.7928578587629239,1,1
0,-0.8517402468102879,0,0
0,-1.2153825182286253,0,0
0,-0.986592271391167,0,0
0,-1.0570378399474296,0,0
0,-1.5074501455617022,0,0
0,-1.8807302808678261,0,0
0,-1.399827343350597,0,0
0,-2.970428151203666,0,0
0,-0.579176508661519,0,0
0,-0.8159889066366188,0,0
0,-0.979280683643264,0,0
0,-0.49203358464193103,0,0
0,-0.4987569566974217,0,0
0,-0.26989941195009837,0,0
0,-1.8809476797117628,0,0
0,-1.976821868980342,0,0
0,-1.3575153336594252,0,0
0,-0.9928946427127247,0,0
0,-1.0605115452577107,0,0
0,-2.3471375945085198,0,0
0,-1.3229387408674373,0,0
0,-0.61793721620928,0,0
0,0.523026536413305,1,1
0,-0.21346126876593896,0,0
0,-0.7360989856385906,0,0
0,-2.0966196703226445,0,0
0,-1.9246033089403376,0,0
0,-0.27517636920661004,0,0
0,-0.7241189436916015,0,0
0,-1.074107719712467,0,0
0,-1.5505126357110748,0,0
0,0.9050914523185783,1,1
0,-2.440965868714899,0,0
0,-1.5497692457759245,0,0
0,-1.4512041757997336,0,0
0,-0.8528167073272375,0,0
0,-1.6848644851898453,0,0
0,-1.0152448522875241,0,0
0,-1.0588963929768962,0,0
0,0.7549161790524813,1,1
0,-2.2364489389023876,0,0
0,-2.5273406893352774,0,0
0,-0.47884624471739334,0,0
0,-1.8495574769142422,0,0
0,-2.0540955863217722,0,0
0,-2.01539265647631,0,0
0,-0.49391910524671223,0,0
0,-0.7835178099172291,0,0
0,-0.5434040816525381,0,0
0,-1.4638940289366564,0,0
0,-1.580606064134432,0,0
0,-0.679640955100706,0,0
0,-1.702036404717127,0,0
0,-0.5335481929710522,0,0
0,-0.5698962009939208,0,0
0,-1.3677484291354252,0,0
0,-1.3363698008765206,0,0
0,-2.6081124368949986,0,0
0,-0.22599969391344787,0,0
0,-0.9509840831293063,0,0
0,-1.2515110371173641,0,0
0,-1.6061687820423614,0,0
0,-1.4590280931628596,0,0
0,-0.9058379988357266,0,0
0,-2.0560769977989586,0,0
0,-0.9761251571899936,0,0
0,-0.8104596890681499,0,0
0,-0.28543106134739327,0,0
0,-1.5707470811401087,0,0
0,0.3279698225774146,1,1
0,-1.246277286555337,0,0
0,-0.08047401343809912,0,0
0,-0.5108535955194851,0,0
0,-1.1634651613666005,0,0
0,-1.8754530436808166,0,0
0,-2.8675282409664495,0,0
0,-0.14354251679902882,0,0
0,-2.1602709050123163,0,0
0,-1.8981173233369573,0,0
0,-0.6646405647878555,0,0
0,-0.558806757781297,0,0
0,-0.49203358464193103,0,0
0,-0.12188826080856555,0,0
0,-1.7107592690771423,0,0
0,-0.7920636870958431,0,0
0,-1.806238672829708,0,0
0,-1.5316977951644275,0,0
0,-1.0176446192060853,0,0
0,-1.5437602090667553,0,0
0,-0.3093224075744866,0,0
0,-0.7324340453620497,0,0
0,-1.667972028454317,0,0
0,-0.055929066317915055,0,0
0,-1.6053636286802395,0,0
0,-1.361331837764293,0,0
0,-0.012084933597440561,0,0
0,-0.9106512747115122,0,0
0,-0.7843183393817486,0,0
0,-1.782433362109649,0,0
0,-1.2166944083256768,0,0
0,0.6783890865509966,1,1
0,-0.14044332143675095,0,0
0,-1.7816705805340587,0,0
0,-0.35576817537502103,0,0
0,-1.475203491235829,0,0
0,-2.0139732861148794,0,0
0,-1.7982247600373307,0,0
0,-1.3807853309692062,0,0
0,-1.3787758813860864,0,0
0,0.3079239700420826,1,1
0,-1.659469499302955,0,0
0,-1.0334597039800864,0,0
0,-0.5618386498062505,0,0
0,-0.6908070372899757,0,0
0,-0.3481902328338867,0,0
0,-1.3133650995470865,0,0
0,-1.9203148891630706,0,0
0,-1.3743784599007487,0,0
0,-1.3626742793876896,0,0
0,-1.084123356389358,0,0
0,-0.5335668939032411,0,0
0,-1.8614456862942843,0,0
0,-2.3306566607154293,0,0
0,-0.980416306739838,0,0
0,-1.544411998493735,0,0
0,-0.057832019157215364,0,0
0,-1.4254659808091463,0,0
0,-2.0874105961274045,0,0
0,-1.7500926103780783,0,0
0,-0.8290494560997133,0,0
0,-1.6990226455495434,0,0
0,-1.2215845898141828,0,0
0,-1.5259208656384753,0,0
0,-1.898217368341534,0,0
0,-0.7643594772897657,0,0
0,-0.2912841803544185,0,0
0,-1.2907980806345187,0,0
0,-2.9947563876022762,0,0
0,0.5378750435734658,1,1
0,-0.5859911403703125,0,0
0,-1.7847415204040007,0,0
0,-1.0002261821406244,0,0
0,-0.03245180921558993,0,0
0,-1.2876817037998796,0,0
0,-0.5853100726597692,0,0
0,-0.615166873849534,0,0
0,-1.375536577748135,0,0
0,-1.0330548027767001,0,0
0,-0.998992573609773,0,0
0,0.3765244098231464,1,1
0,-0.7213743473456649,0,0
0,-0.5021428938872081,0,0
0,-2.2145732325016465,0,0
0,-1.3689131790309461,0,0
0,-0.9725795957949825,0,0
0,-1.184162498210927,0,0
0,-1.14163526268013,0,0
0,-1.638181550152154,0,0
0,0.2945690580741812,0,1
0,-0.9104264254756357,0,0
0,-0.7074240617876184,0,0
0,-0.14120389998252242,0,0
0,0.4459422956262393,1,1
0,-0.7222197651028543,0,0
0,-0.6716883166744203,0,0
0,-0.5026682257631279,0,0
0,-1.3477935758737543,0,0
0,-1.7544878088833538,0,0
0,-1.0453656616323905,0,0
0,-0.998992573609773,0,0
0,-0.9925541321472564,0,0
0,1.1367090081177245,1,1
0,-0.6004715224889736,0,0
0,-0.07621338324685634,0,0
0,-1.2731023582125607,0,0
0,-0.7403412030225218,0,0
0,-0.9361301010248405,0,0
0,-1.7738389647213983,0,0
0,-0.7856668871070187,0,0
0,-0.9286494220739718,0,0
0,-0.9615880982934308,0,0
0,-1.1792337431266695,0,0
0,-1.0348596930800764,0,0
0,-1.816854471423365,0,0
0,-1.196621827690045,0,0
0,-0.8879771824357234,0,0
0,-1.6342271007142921,0,0
0,-0.8536088844630336,0,0
0,-1.2934544320282273,0,0
0,-1.7134685963054133,0,0
0,-1.390583598738488,0,0
0,-0.35822986595427414,0,0
0,-0.4462182025672584,0,0
0,-0.7984758297553042,0,0
0,-0.7665229381177474,0,0
0,-2.004442074868631,0,0
0,-1.7837479687018134,0,0
0,-1.5950972476858878,0,0
0,-1.2590662393709304,0,0
0,-0.3939600601698584,0,0
0,-1.1493175531412398,0,0
0,-0.33957525758102275,0,0
0,-0.6812619047616864,0,0
0,-1.8868770090068918,0,0
0,-1.8662071817669172,0,0
0,-1.6022518993077695,0,0
0,-1.7359966759050955,0,0
0,-2.360539447810455,0,0
0,-1.0144063727558388,0,0
0,0.4576273644866973,1,1
0,-1.3396036354566907,0,0
0,-1.6170143826926147,0,0
0,0.2953972654936403,0,1
0,-0.21739380594972543,0,0
0,-1.6079984104490208,0,0
0,-0.6024948738442147,0,0
0,-0.6135826797595378,0,0
0,-1.6705870474159776,0,0
0,-0.005113089924794034,0,0
0,-0.8819676785869213,0,0
0,-0.5502099311518125,0,0
0,-0.2528123659290314,0,0
0,-1.680171391573495,0,0
0,-1.549039116681072,0,0
0,-0.43223310395740366,0,0
0,-0.37105304587683346,0,0
0,-0.8222103530464726,0,0
0,-3.044484261665364,0,0
0,-1.3323930851676222,0,0
0,-1.7650125850453078,0,0
0,-0.3298664939850913,0,0
0,-0.9196544981083838,0,0
0,-0.8995878618079728,0,0
0,-2.096305090001633,0,0
0,1.1354315550716412,1,1
0,-1.4243972702398024,0,0
0,-1.4668761897483713,0,0
0,-1.4427371970453056,0,0
0,-1.8576121987250924,0,0
0,-0.8625835808663702,0,0
0,-0.8210326848047673,0,0
0,0.07424562684264308,0,1
0,-0.6297668061851052,0,0
0,-0.571869289021231,0,0
0,-1.0905799064800634,0,0
0,-1.4360452879286756,0,0
0,-1.135130424026784,0,0
0,-1.6151166749121373,0,0
0,-1.0696004326330941,0,0
0,0.1541642975330918,0,1
0,-1.000386139859689,0,0
0,-1.347416768574437,0,0
0,-1.6447046365852582,0,0
0,-2.670131366593924,0,0
0,-0.1482963292067436,0,0
0,-1.055347616873586,0,0
0,-0.6741777484868035,0,0
0,-0.2807739548789286,0,0
0,-1.749072673673258,0,0
0,-1.5003852444851709,0,0
0,-1.8655604430924457,0,0
0,-1.947829971897534,0,0
0,-1.497955356060693,0,0
0,-1.8495574769142422,0,0
0,-0.9547038732809338,0,0
0,-1.5246371281075963,0,0
0,-1.3217870035450283,0,0
0,-1.012201582991741,0,0
0,-1.4906286186704558,0,0
0,-1.66136700374141,0,0
0,-0.7301030465851609,0,0
0,-1.4274788866371022,0,0
0,-1.0496471019709825,0,0
0,-0.9729265372623357,0,0
0,-0.7689747489386982,0,0
0,0.17243328919343315,0,1
0,-1.5172881917227894,0,0
0,-0.7072893326966648,0,0
0,-0.9181781048140064,0,0
0,-0.9895042604502062,0,0
0,-1.4464351621640898,0,0
0,-1.1756201732599716,0,0
0,-1.1375510231185624,0,0
0,-1.0273644629885732,0,0
0,-2.0377724225783838,0,0
0,-0.30382354050499816,0,0
0,-1.494201044645545,0,0
0,-1.4654801971848364,0,0
0,0.3836657943005348,1,1
0,-2.4399964488520065,0,0
0,-2.298839329411203,0,0
0,-1.1188056486287494,0,0
0,-0.45251335361957223,0,0
0,-0.3790037110576279,0,0
0,-0.7778858687393623,0,0
0,-0.8186619405130434,0,0
0,-0.11510644373607865,0,0
0,-0.15447462876113166,0,0
0,-1.2489500787996701,0,0
0,-1.6376777300422107,0,0
0,-0.8190344305369927,0,0
0,-0.7616395467196183,0,0
0,-1.34067793468022,0,0
0,-0.999901253121268,0,0
0,0.07253280746948276,0,1
0,-1.4999077921183162,0,0
0,-1.012201582991741,0,0
0,-0.9423127764384384,0,0
0,-0.6542895325829503,0,0
0,-1.711155316420657,0,0
0,-1.5034467214489835,0,0
0,-0.6943294291931144,0,0
0,-0.42238259856422156,0,0
0,-0.622434135109907,0,0
0,-1.4431662868828132,0,0
0,-1.9733778457905524,0,0
0,0.7380579515520876,1,1
0,-0.8002002446558634,0,0
0,-2.0377371225467926,0,0
0,0.5289949792603518,1,1
0,-1.830120992109158,0,0
0,0.1938542963423192,0,1
0,-1.549029076042911,0,0
0,-0.8462451976876146,0,0
0,-0.5729033094246905,0,0
0,-1.3603468274359605,0,0
0,-1.841381477465649,0,0
0,-1.1566877020209017,0,0
0,-1.289196966496513,0,0
0,-1.1769249259850945,0,0
0,-2.4615161972903015,0,0
0,-1.950383990476309,0,0
0,-1.481020036120432,0,0
0,0.39594013532101213,1,1
0,-2.0061135087011666,0,0
0,-1.1576336475496314,0,0
0,-1.7905208776963328,0,0
0,-1.9222953180455216,0,0
0,-1.1919114284814558,0,0
0,0.6770835507859775,1,1
0,-1.6640472005583136,0,0
0,-0.37024502747357513,0,0
0,-1.8382954219249577,0,0
0,-0.9425841873974286,0,0
0,-1.4960421866758633,0,0
0,-1.637506930744188,0,0
0,-1.334449784326599,0,0
0,-1.5032979659293595,0,0
0,-0.9999059487736573,0,0
0,-1.8410297745170268,0,0
0,-1.3248804726730603,0,0
0,0.608726246842171,1,1
0,-2.3787789630160137,0,0
0,-1.1897180997881776,0,0
0,-1.445353376933281,0,0
0,-1.612654493985279,0,0
0,-0.39613325723544907,0,0
0,-0.2544277536060629,0,0
0,-0.8477322201746682,0,0
0,-1.6786033173947756,0,0
0,-2.218670431855286,0,0
0,-1.5995223762487418,0,0
0,-0.7714930208176948,0,0
0,-1.619046109719425,0,0
0,0.09416445708355059,0,1
0,-1.6359534490650387,0,0
0,0.049012015674006815,0,1
0,-1.6484854626863537,0,0
0,-1.1521974534195651,0,0
0,-1.945767591262431,0,0
0,-1.2080561578116107,0,0
0,-1.3290411472780816,0,0
0,-1.4448711184344023,0,0
0,-0.5938423623141373,0,0
0,-1.1497048562776961,0,0
0,-0.8185295839073967,0,0
0,-0.7173117513147271,0,0
0,-1.2102937686207391,0,0
0,0.7218871431166883,1,1
0,-0.8120198284431299,0,0
0,-1.823123941734731,0,0
0,-0.9647105838224507,0,0
0,-0.32903850141761043,0,0
0,-1.1738147049477967,0,0
0,-1.1259249793948076,0,0
0,-1.5858979280586158,0,0
0,-0.6926350462842024,0,0
0,-0.055758820474614834,0,0
0,-1.802017840845124,0,0
0,0.34978149605313746,1,1
0,-0.019816626698950013,0,0
0,-0.7177587815608508,0,0
0,-1.3052684359521678,0,0
0,-0.496287211962658,0,0
0,0.34505727339087133,1,1
0,-1.5025855242966193,0,0
0,-0.7506154407838979,0,0
0,-0.45099743483317334,0,0
0,-0.2708319229853606,0,0
0,0.10211780428124695,0,1
0,-2.5395028789018297,0,0
0,-0.6682984791823225,0,0
0,-0.629861677780468,0,0
0,-0.5897531884014473,0,0
0,-1.4876235953859678,0,0
0,-0.9494356708305207,0,0
0,-1.2284179896685798,0,0
0,-1.841661985823078,0,0
0,0.2494352171286316,0,1
0,-1.3701191847685972,0,0
0,-0.6953256313179925,0,0
0,0.41245087981337725,1,1
0,-0.23327742988465003,0,0
0,-1.1251779483489464,0,0
0,-0.3958056806089192,0,0
0,-0.530472932414371,0,0
0,-1.0166430453053916,0,0
0,-0.542521515191474,0,0
0,-0.8002002446558634,0,0
0,-1.397095037197043,0,0
0,0.02379992793297897,0,1
0,-0.9403754351578895,0,0
0,-0.38858811034980406,0,0
0,-1.9594697161432397,0,0
0,-0.4824440320806928,0,0
0,-2.110146613699988,0,0
0,0.4632195645330396,1,1
0,-1.3651866600590115,0,0
0,-0.7608321131087119,0,0
0,-1.543129878529823,0,0
0,0.046277080996464603,0,1
0,-1.8477692910613959,0,0
0,-1.5905699133579945,0,0
0,-0.8540284361392342,0,0
0,-1.4460679371083405,0,0
0,0.21105590921828477,0,1
0,-2.0087777188443696,0,0
0,-1.6073158668628218,0,0
0,-1.6555981321387723,0,0
0,-1.4108089103111938,0,0
0,-1.5353366923446305,0,0
0,-1.0110536959333842,0,0
0,-1.1658062765607864,0,0
0,-0.7291940454742363,0,0
0,-1.0332256141801517,0,0
0,-0.5291761006550605,0,0
0,-1.2163257792785518,0,0
0,-0.8059332843629154,0,0
0,0.7196216931564327,1,1
0,-1.4940791657701329,0,0
0,-1.413944226009769,0,0
0,-2.268460281650504,0,0
0,-1.363615509836924,0,0
0,-1.5032979659293595,0,0
0,-0.6797668760275568,0,0
0,-2.1742403931220733,0,0
0,-1.9331115856194163,0,0
0,-1.526927148965075,0,0
0,-1.7597183707283306,0,0
0,-1.581576310025496,0,0
0,-0.7367063671507248,0,0
0,-0.8932114724407384,0,0
0,-0.1958426933155279,0,0
0,-1.4581348151281777,0,0
0,-1.0454319185490721,0,0
0,-1.3707082390794159,0,0
0,-1.5327120066921411,0,0
0,-1.993140210802486,0,0
0,-1.639284295238217,0,0
0,-1.6673474831248027,0,0
0,-1.9940379837105997,0,0
0,-1.82581210442642,0,0
0,-1.052054457550501,0,0
0,-1.6633849538723635,0,0
0,-0.4408426465422603,0,0
0,-2.016280458354117,0,0
0,-1.3921897384074886,0,0
0,-0.07040812978609268,0,0
0,-1.5922281302308003,0,0
0,-0.9691636784955432,0,0
0,0.8041372005234447,1,1
0,-1.1704863259297311,0,0
0,-0.5926839414907973,0,0
0,-1.695692698942291,0,0
0,-1.1573499589088607,0,0
0,1.4953278083372186,1,1
0,-2.571242375837489,0,0
0,-1.2953054995186921,0,0
0,-1.1857504785327349,0,0
0,-0.9985606430560977,0,0
0,-0.09638448471588063,0,0
0,-0.5757662862887816,0,0
0,-1.3306980894863956,0,0
0,-0.8548382246535602,0,0
0,-0.07604097411748861,0,0
0,0.4611429349089523,1,1
0,-0.7300851598152545,0,0
0,-0.3095655626506131,0,0
0,-0.32427026700837486,0,0
0,-0.8404328486497542,0,0
0,-0.2576840672660999,0,0
0,-0.6459443800429271,0,0
0,-1.054604751633749,0,0
0,-0.3435070573078785,0,0
0,-1.5950972476858878,0,0
0,-1.6786033173947756,0,0
0,-0.3879458268941805,0,0
0,-1.1810169113437383,0,0
0,-0.8627753327056007,0,0
0,-1.7777059552691132,0,0
0,0.1266639085862607,0,1
0,-1.3352040082303143,0,0
0,-1.356464533394786,0,0
0,-1.241192726191811,0,0
0,-1.5836897306151938,0,0
0,-0.45244524810412123,0,0
0,-2.2477404817453546,0,0
0,-1.4321529089066178,0,0
0,0.45685784242255034,1,1
0,0.20407485691168037,0,1
0,-1.1301705144924172,0,0
0,-1.4544199011825647,0,0
0,-0.10246768204691939,0,0
0,-1.1261099791476412,0,0
0,-1.8739579616803508,0,0
0,-0.66438563602977,0,0
0,-1.0717341841702845,0,0
0,-0.3476230789167053,0,0
0,-1.1033363500988203,0,0
0,-1.0632998789471155,0,0
0,-1.139146333545388,0,0
0,-0.8663134526223126,0,0
0,-3.0195466360711114,0,0
0,-1.238393941138872,0,0
0,-1.3521797268430484,0,0
0,-0.00785131980093634,0,0
0,-1.1537333434139243,0,0
0,-1.349867759682175,0,0
0,-0.8085365411845947,0,0
0,-2.012140643304253,0,0
0,-2.330982006860583,0,0
0,-1.173120879960988,0,0
0,-1.543129878529823,0,0
0,-0.48436650487741817,0,0
0,-1.568570676542842,0,0
0,-0.3813002702761466,0,0
0,0.09485936826673447,0,1
0,-1.5862478323802098,0,0
0,-1.3057317169880909,0,0
0,-0.6516836533917472,0,0
0,-1.3850248647648882,0,0
0,-0.9858944535822045,0,0
0,-2.305304604409516,0,0
0,-1.0920598149574943,0,0
0,-0.9006620761374265,0,0
0,-1.1083148808467234,0,0
0,1.9829816832313583,1,1
0,-0.6952167750317668,0,0
0,0.8076800011871975,1,1
0,0.046277080996464603,0,1
0,-0.39466131645375324,0,0
0,-0.9913992570755363,0,0
0,-1.0475516297704444,0,0
0,-0.655990516539678,0,0
0,-0.9591316821005993,0,0
0,-0.2007241754608954,0,0
0,-0.8128562192607849,0,0
0,1.1850698219791336,1,1
0,-1.048842563391749,0,0
0,-0.4453418798538615,0,0
0,-2.3639177249777052,0,0
0,-1.6058009905536608,0,0
0,-0.4198540919416398,0,0
0,-0.9716616064760681,0,0
0,-1.7056981459194587,0,0
0,-2.0116409503672528,0,0
0,0.17464471133660986,0,1
0,-0.3879458268941805,0,0
0,-1.1568791702075207,0,0
0,-1.2653817385286006,0,0
0,0.14844288601286093,0,1
0,-1.8262930973406895,0,0
0,-1.5762416059706306,0,0
0,-1.0208698623644552,0,0
0,-1.3400798777998928,0,0
0,0.08935235377543438,0,1
0,-0.06119803335083707,0,0
0,-1.356646678260819,0,0
0,-1.460838092428069,0,0
0,-0.9751292351666365,0,0
0,-1.7790314255339972,0,0
0,-1.0059039298541435,0,0
0,-1.334878911481879,0,0
0,-0.8653390608066777,0,0
0,0.1933848293200624,0,1
0,-0.1149428190139487,0,0
0,-0.6277274015692687,0,0
0,0.9915551826024321,1,1
0,-1.5512823095139368,0,0
0,-0.23303520769492436,0,0
0,-1.338016556481091,0,0
0,-0.5576447655262894,0,0
0,-1.32526908330465,0,0
0,-0.09941470443689124,0,0
0,-0.9371684903661076,0,0
0,-1.4875210852054463,0,0
0,-1.6395727270086353,0,0
0,-1.771885249798352,0,0
0,-0.5491766518800592,0,0
0,-0.18076609909187147,0,0
0,-1.1883904890895516,0,0
0,-1.881084002762409,0,0
0,-1.3615587236560622,0,0
0,-1.70459931460935,0,0
0,-2.096654403234007,0,0
0,-1.284988768754886,0,0
0,-2.182949321858878,0,0
0,-1.3455202732248763,0,0
0,-1.3765845316619343,0,0
0,-2.106735675802254,0,0
0,-1.607556909387815,0,0
0,-1.0099434982034867,0,0
0,0.6464235855212761,1,1
0,-1.19063704743705,0,0
0,0.4129937878029115,1,1
0,-0.8642300289284742,0,0
0,-0.2062932425057024,0,0
0,-1.7262332056737018,0,0
0,-1.4423781646642357,0,0
0,-2.1758006496153866,0,0
0,-0.8849902356030714,0,0
0,-1.9395924242452027,0,0
0,-1.4165091090700672,0,0
0,-1.558169576834628,0,0
0,-0.9739483930175641,0,0
0,0.21117493492602601,0,1
0,-0.5770941124402287,0,0
0,-1.4022486217064096,0,0
0,-0.540156218413681,0,0
0,-0.989269142863853,0,0
0,-2.6958784630746613,0,0
0,-1.1075237483899238,0,0
0,-1.0585139478082182,0,0
0,-2.39513531135086,0,0
0,-1.1196352798211677,0,0
0,-0.3355806238968837,0,0
0,-0.7007854325617603,0,0
0,-1.9512581583432334,0,0
0,-0.8810352655858218,0,0
0,-1.208106291550459,0,0
0,-1.2534415621741435,0,0
0,-1.3162220546814445,0,0
0,-1.0403808311364644,0,0
0,-0.3925594009206974,0,0
0,-0.9998886146250626,0,0
0,-1.6086118775630567,0,0
0,-1.628810192985151,0,0
0,-0.13226205055775245,0,0
0,-1.599946635805083,0,0
0,-1.7905208776963328,0,0
0,-1.2800786047721409,0,0
0,-0.950791416592024,0,0
0,-1.0432398629866622,0,0
0,-0.10846094513543705,0,0
0,-0.6897917511582486,0,0
0,-1.1441327537858168,0,0
0,-0.5033062754527785,0,0
0,-1.8807302808678261,0,0
0,-1.2645140752185444,0,0
0,-1.8466825088008476,0,0
0,-0.6564120087368357,0,0
0,-1.4376234467801567,0,0
0,0.130077425847745,0,1
0,0.1116639348442593,0,1
0,-1.0094755264652995,0,0
0,-1.4046747833810875,0,0
0,-0.6905400619542071,0,0
0,0.11263788250756157,0,1
0,-0.376986632810009,0,0
0,-2.143543438453638,0,0
0,-1.6578992829835442,0,0
0,-1.8346124345707597,0,0
0,-0.4853922124365917,0,0
0,-1.572085927367124,0,0
0,-1.1243033089586556,0,0
0,-1.1400307833576686,0,0
0,-1.5709810944568416,0,0
0,-1.2316376077677291,0,0
0,-1.5956661178582063,0,0
0,-0.6773645573667131,0,0
0,-1.5664110007151888,0,0
0,0.22333657611421653,0,1
0,-0.2733327332369135,0,0
0,-0.827830072192054,0,0
0,-1.5410915014035562,0,0
0,-1.939933661284114,0,0
0,-0.7077057800571755,0,0
0,-1.3114996530649665,0,0
0,-1.4686420783825835,0,0
0,-1.2975337515870322,0,0
0,-1.8822586755663955,0,0
0,-0.04791358368646076,0,0
0,-0.6891186698032175,0,0
0,0.3317695876893527,1,1
0,-1.5579469382797302,0,0
0,-0.8582861723332805,0,0
0,-2.280951359790186,0,0
0,-1.4586062336722265,0,0
0,-0.5920993873207914,0,0
0,0.1506861250384819,0,1
0,0.7276292105607777,1,1
0,-1.4008478956615287,0,0
0,0.3830340901488103,1,1
0,-1.2321698335240607,0,0
0,-1.377133608157589,0,0
0,0.04118145849518012,0,1
0,-0.6746794844500131,0,0
0,-0.5538073558665031,0,0
0,-0.8670005656591024,0,0
0,-0.36040018432597243,0,0
0,-0.686292185308502,0,0
0,-0.36047890576210095,0,0
0,-1.4543945245088978,0,0
0,-0.6401023035703863,0,0
0,-1.536663698174186,0,0
0,-2.054148786604003,0,0
0,-1.4658818675307002,0,0
0,-1.067800945308346,0,0
0,-0.7926261350717848,0,0
0,-0.7826206025582277,0,0
0,-1.8348277815221103,0,0
0,-1.164300395760434,0,0
0,-2.2378639949553225,0,0
0,-1.2592966378595745,0,0
0,-1.5701463028323137,0,0
0,-1.5765252324787404,0,0
0,-0.04408022951247642,0,0
0,-0.6575746835495124,0,0
0,0.42790887589068693,1,1
0,-0.8981520038601142,0,0
0,-2.159468946829915,0,0
0,-0.7804339387361551,0,0
0,-0.395610935407133,0,0
0,-2.5198111181553826,0,0
0,-1.582905239726209,0,0
0,-1.8640320278196643,0,0
0,-0.9715593195803406,0,0
0,-1.219199544552696,0,0
0,-0.3969360760148253,0,0
0,-1.4584374967034295,0,0
0,-0.09652229591499656,0,0
0,-1.420342571101029,0,0
0,-2.233013125838999,0,0
0,-1.910220436652828,0,0
0,-1.230144579411248,0,0
0,-1.2401744050782093,0,0
0,-0.33250651206031784,0,0
0,-0.5526433793109929,0,0
0,-0.7296805230828018,0,0
0,-0.8148200758630806,0,0
0,0.35603560825453096,1,1
0,0.11725926518704599,0,1
0,-1.386215787186467,0,0
0,-1.8847177813385687,0,0
0,-1.5950903182824052,0,0
0,-1.6973223610229962,0,0
0,-1.297516376797787,0,0
0,-1.0915917894206628,0,0
0,-0.12192857956816774,0,0
0,0.07591233785617119,0,1
0,-0.43537997223843994,0,0
0,-0.7038818389184545,0,0
0,-0.211029152680957,0,0
0,-0.7266478750128651,0,0
0,-1.2098666269102203,0,0
0,-1.1068956905290397,0,0
0,-1.3376760011511368,0,0
0,-0.33087592050362974,0,0
0,-1.1099796430848345,0,0
0,-1.1619838983866382,0,0
0,-1.2032350539527488,0,0
0,-2.2396278984072255,0,0
0,-2.073863214659956,0,0
0,-0.727364152797333,0,0
0,-0.267448945271742,0,0
0,-0.8311745035999956,0,0
0,-0.7743934497204714,0,0
0,-1.7848815897363073,0,0
0,-2.011453737213301,0,0
0,-0.1292300654948681,0,0
0,-1.381199075458778,0,0
0,-1.0344727344602584,0,0
0,-1.3132907967270646,0,0
0,-1.937930770313848,0,0
0,-1.0034119353158086,0,0
0,-2.329214302131572,0,0
0,-0.7537890547723763,0,0
0,0.15736551398716048,0,1
0,-1.9234600365617442,0,0
0,-1.283420956040242,0,0
0,-1.518852471483433,0,0
0,-1.6356391537113013,0,0
0,-1.4329608071053213,0,0
0,-1.7102593969499056,0,0
0,-1.3308582839266787,0,0
0,-1.437015940248103,0,0
0,-1.391723544904659,0,0
0,-0.9996613844852738,0,0
0,-1.2130726895757313,0,0
0,-1.437460175649754,0,0
0,-1.2936321630414507,0,0
0,-0.6371936289349815,0,0
0,-1.206274911685401,0,0
0,-1.923304379502898,0,0
0,-1.6675510761542371,0,0
0,-1.19063704743705,0,0
0,-2.291985213287336,0,0
0,0.265914168674407,0,1
0,-0.8248715982741637,0,0
0,0.09425399314383115,0,1
0,-1.8851824876996641,0,0
0,-0.682328840089436,0,0
0,-2.021109447580843,0,0
0,-0.8446227997278455,0,0
0,-1.0028278528207601,0,0
0,0.3595830878698728,1,1
0,-1.2614731596290882,0,0
0,-1.4387897813252466,0,0
0,-1.246385946005077,0,0
0,-1.9266512893475536,0,0
0,-1.7479016898818287,0,0
0,0.8101902003169984,1,1
0,-1.1592000370416122,0,0
0,-1.663867183698032,0,0
0,-1.9326657306126283,0,0
0,-1.4242270900135092,0,0
0,-1.8851824876996641,0,0
0,-0.38858811034980406,0,0
0,-1.3521718906301126,0,0
0,-0.3531002157619503,0,0
0,-1.175813251369345,0,0
0,-0.4910020394105906,0,0
0,-0.8933062633444493,0,0
0,0.552748783658609,1,1
0,-2.3138296704353527,0,0
0,-1.348969961382561,0,0
0,-1.5502044710019742,0,0
0,-1.1627040496302885,0,0
0,-0.5692341729365966,0,0
0,-0.9523132815148843,0,0
0,-0.8671977038495124,0,0
0,-0.23737416768967118,0,0
0,-1.2479109985784245,0,0
0,-0.8908342183731217,0,0
0,-1.4078388477849662,0,0
0,-2.5666946379484408,0,0
0,-0.7648365983470122,0,0
0,-2.1590351384796778,0,0
0,-1.4325110203047724,0,0
0,0.8453352063680973,1,1
0,-2.38031573724896,0,0
0,-0.5143587496303682,0,0
0,-1.4432013341334642,0,0
0,-0.7813587349505273,0,0
0,-0.9070774698686159,0,0
0,-0.6461262431749234,0,0
0,-1.1858610051658238,0,0
0,-1.4732038664536464,0,0
0,-2.24403403200496,0,0
0,-1.9037242772699337,0,0
0,-1.3276565628361805,0,0
0,-1.622660619954896,0,0
0,-2.03866613456885,0,0
0,-1.6644252313232308,0,0
0,-0.9609730390629253,0,0
0,-0.8672601146442414,0,0
0,-1.1521390825606832,0,0
0,-0.3026115050896503,0,0
0,-2.0941742889027153,0,0
0,-1.84800896996145,0,0
0,-0.9580642934899366,0,0
0,-0.9832105285322602,0,0
0,-0.9551372802225635,0,0
0,-0.7224041070341803,0,0
0,-0.5431106265375901,0,0
0,-2.2717498954485884,0,0
0,-0.24925321629597538,0,0
0,-2.2326045972306847,0,0
0,-0.3192535988121535,0,0
0,-0.10793729113934447,0,0
0,1.1924852255126375,1,1
0,-1.4006198664726441,0,0
0,-1.1068861057040347,0,0
0,-1.001498642235668,0,0
0,-1.2898366398724375,0,0
0,-1.7186891010214245,0,0
0,-1.425186452898751,0,0
0,-1.2038626863168425,0,0
0,-0.6184422712475763,0,0
0,-1.3079419892603594,0,0
0,-1.6320596436455008,0,0
0,-1.1122990909229875,0,0
0,-1.645001468309803,0,0
0,-1.3912400908056637,0,0
0,0.30510204064593094,1,1
0,-1.8722835792515142,0,0
0,-1.2310072752027992,0,0
0,-2.005637796955716,0,0
0,-0.43294423832352835,0,0
0,-0.15511251090270167,0,0
0,-2.3258589525641056,0,0
0,-1.5681500891370348,0,0
0,-2.293579572620864,0,0
0,-0.06456692976919354,0,0
0,-2.5884145927379194,0,0
0,0.11899172607546032,0,1
0,-1.1852720607635117,0,0
0,-0.7033258022116986,0,0
0,-1.7280353363744165,0,0
0,-0.6888382511220286,0,0
0,-1.405745262060511,0,0
0,-1.3396036354566907,0,0
0,-1.8173474196357429,0,0
0,-1.1800348298334453,0,0
0,-0.5672926012854005,0,0
0,-1.233423844820777,0,0
0,-1.3326814889091467,0,0
0,-2.1755896579175187,0,0
0,-1.4758977423658566,0,0
0,-1.1076575417116465,0,0
0,-0.8169971239723633,0,0
0,-0.69908690880473,0,0
0,-2.333100331557678,0,0
0,-0.5015272757561279,0,0
0,-0.3379167024771138,0,0
0,-0.044435348026007515,0,0
0,-1.0010999896779387,0,0
0,-0.8111827706427395,0,0
0,-1.5361666937340837,0,0
0,-0.7288400858880348,0,0
0,-1.51125302068554,0,0
0,-1.2442000862880862,0,0
0,-0.15179941489057036,0,0
0,-0.11278338340349395,0,0
0,-0.9689109731323436,0,0
0,-1.5882947527843148,0,0
0,-0.7349877048051376,0,0
0,-1.6967800760255232,0,0
0,-2.202339864081054,0,0
0,-0.37129223617523577,0,0
0,-1.944779065934366,0,0
0,-1.407426380948241,0,0
0,-2.4440628034292957,0,0
0,-1.176309626054449,0,0
0,0.6235188865191696,1,1
0,-0.4234413502414324,0,0
0,-0.6668668378201699,0,0
0,-1.0626043334168296,0,0
0,-1.3069724325884435,0,0
0,-0.8663245463167931,0,0
0,-2.372615471235751,0,0
0,-2.0137418251312917,0,0
0,-1.4284594350979063,0,0
0,-1.4617685434470538,0,0
0,-0.9392617173542133,0,0
0,-2.1080806097337463,0,0
0,-0.10926134640379431,0,0
0,-1.8925271663226244,0,0
0,-0.3679095097265925,0,0
0,-0.8523116294152471,0,0
0,-1.0955029848235378,0,0
0,-1.5304122656162162,0,0
0,-2.082117660272083,0,0
0,-0.4211883288974602,0,0
0,-0.46077724298746325,0,0
0,-0.9640619883011987,0,0
0,-0.5516221581695328,0,0
0,0.13363185032402025,0,1
0,-0.10951567228530426,0,0
0,-1.923304379502898,0,0
0,-2.123651555815926,0,0
0,0.2949524583743579,0,1
0,-1.8615229077464157,0,0
0,-2.0250284690656204,0,0
0,-1.6164820818196608,0,0
0,-2.02943992063799,0,0
0,-0.974253727296637,0,0
0,-1.2060185731316841,0,0
0,-1.6307886660699515,0,0
0,0.3530892874816036,1,1
0,-1.055782822985929,0,0
0,-0.9904131422950305,0,0
0,-0.3432383111351944,0,0
0,-1.1716987470613127,0,0
0,0.10132694487056643,0,1
0,-0.44097192657088446,0,0
0,-0.7546959897788876,0,0
0,-0.5440227676982395,0,0
0,-2.2460323950590526,0,0
0,-0.6357647536346553,0,0
0,-0.4446205235477797,0,0
0,-1.2002515036016492,0,0
0,0.36041238423711486,1,1
0,0.9929777962594631,1,1
0,-0.7351742317765705,0,0
0,0.0578104116208813,0,1
0,-1.2258189385549758,0,0
0,0.16771567696532985,0,1
0,-0.8597415111852503,0,0
0,-1.2994220600893243,0,0
0,-0.822999165957893,0,0
0,-2.3179918993639976,0,0
0,-1.1918695692225914,0,0
0,-0.07498801717071668,0,0
0,-1.9166318551939687,0,0
0,-2.07563513392296,0,0
0,-1.0952708947414576,0,0
0,-1.9202321420511979,0,0
0,-1.2395208192652198,0,0
0,-1.0886196244423891,0,0
0,-0.3376850800465738,0,0
0,-0.06724284015140009,0,0
0,-0.408587496248734,0,0
0,-0.0837625704267686,0,0
0,-1.3842155010513397,0,0
0,-1.2406502146947505,0,0
0,-0.24657846485566887,0,0
0,-1.0064512273764967,0,0
0,-0.9123718863990786,0,0
0,-1.1044682674012654,0,0
0,-0.07928620305577117,0,0
0,-1.9949654906624383,0,0
0,-0.6822693913040203,0,0
0,-1.9658518820008317,0,0
0,0.1391712791979906,0,1
0,-1.048482050518062,0,0
0,-1.9776476670704137,0,0
0,-1.518775299584679,0,0
0,-0.957261242175128,0,0
0,-0.7999606301506569,0,0
0,-2.270738703766195,0,0
0,-1.8117675364915344,0,0
0,-1.5702821009696248,0,0
0,-2.2709361034502717,0,0
0,-0.19040804897402386,0,0
0,-1.8386168330227965,0,0
0,-1.9690282097153484,0,0
0,0.1821782182869508,0,1
0,-0.3117496791698987,0,0
0,-2.0308895533452818,0,0
0,-0.7123997688360345,0,0
0,-1.0060537301130559,0,0
0,-0.9413106934710719,0,0
0,-1.7002084388966079,0,0
0,-2.0505193066061893,0,0
0,-1.241323568656747,0,0
0,-0.8061070268261374,0,0
0,-1.814648735267792,0,0
0,0.8169815808057029,1,1
0,-1.6103939845865063,0,0
0,-0.8891219944380172,0,0
0,-0.8839529785884508,0,0
0,-1.5001029097927172,0,0
0,-2.226871343495895,0,0
0,-2.474902203425336,0,0
0,-0.31734720351376666,0,0
0,-1.247355739160409,0,0
0,0.04225171073312978,0,1
0,-1.8681204915333849,0,0
0,-1.1851910554643568,0,0
0,-0.9105938858895324,0,0
0,-0.8173965540216798,0,0
0,-0.7064422068752577,0,0
0,-1.2655944123651643,0,0
0,-1.7571487290160905,0,0
0,-1.4725171331654239,0,0
0,-0.20066073311826318,0,0
0,-2.1420515179098447,0,0
0,-1.6654632326098073,0,0
0,-1.4405148989007386,0,0
0,-1.6053803680446754,0,0
0,-1.3578625675307827,0,0
0,-1.5087131634489555,0,0
0,-0.7867450769589475,0,0
0,-0.8935356282794232,0,0
0,-0.8314881561744093,0,0
0,-1.899414732514865,0,0
0,-1.5430450768758033,0,0
0,-2.090060479335518,0,0
0,-1.3353664099451006,0,0
0,0.6035994923705159,1,1
0,-1.045281978935131,0,0
0,-1.0353689447508867,0,0
0,-1.4419836092112135,0,0
0,-1.7180374655799175,0,0
0,-0.053259855903627695,0,0
0,-0.6424360436055564,0,0
0,-0.20309822259186608,0,0
0,-0.6458977625983775,0,0
0,-0.5830099895250118,0,0
0,-0.6218683610024448,0,0
0,-0.7288062897993277,0,0
0,-0.6271603155302121,0,0
0,-1.9077004419394963,0,0
0,-1.7889710106116157,0,0
0,-0.9708688685708192,0,0
0,-0.8542640180336422,0,0
0,-1.129188304717145,0,0
0,-1.2407245492549623,0,0
0,-0.7116873773571315,0,0
0,-2.133245879828467,0,0
0,-1.2164574126386085,0,0
0,-1.7974185911046376,0,0
0,-1.4135348778495702,0,0
0,0.24780066577455429,0,1
0,-1.1125663107523422,0,0
0,0.41438835623050907,1,1
0,-1.7818646140235108,0,0
0,-0.9317218286095647,0,0
0,0.33712344197856436,1,1
0,-1.5185889462265791,0,0
0,-1.8977990019916047,0,0
0,-3.137180534830866,0,0
0,-1.196621827690045,0,0
0,-1.1828012842446767,0,0
0,-0.3158229715477104,0,0
0,-0.8528167073272375,0,0
0,-0.8605002086596434,0,0
0,-2.109512337339929,0,0
0,-1.699857486201215,0,0
0,-0.943333175505425,0,0
0,-2.2314301971332307,0,0
0,-0.008231661935418355,0,0
0,0.32601016478098366,1,1
0,-0.8327883314778193,0,0
0,-0.0898950088955881,0,0
0,-0.6779387551319014,0,0
0,-1.7198817305570775,0,0
0,-1.1089947027318265,0,0
0,-1.1471209133936369,0,0
0,-1.7452559216834125,0,0
0,-0.27299358438312793,0,0
0,-1.601445377824159,0,0
0,-0.5053994027879927,0,0
0,-0.8399384260566353,0,0
0,-1.6144831119734229,0,0
0,-0.29467430685756846,0,0
0,-0.4973508237474247,0,0
0,-0.7557014348723929,0,0
0,-1.7756889403252067,0,0
0,-0.19511181027318877,0,0
0,-1.439494634192227,0,0
0,-0.28350349414907916,0,0
0,-0.9225307724549787,0,0
0,-0.10536745969145161,0,0
0,-1.0492817226238684,0,0
0,-0.39249359988269183,0,0
0,-1.059997361031404,0,0
0,-1.7900784397538976,0,0
0,-1.0863136740344235,0,0
0,-2.205315638947409,0,0
0,-0.7499426009627786,0,0
0,-2.5552312122184553,0,0
0,-0.8672925633627818,0,0
0,0.4606796621859188,1,1
0,-0.4241151784064018,0,0
0,-1.857550128233139,0,0
0,-1.102587515171986,0,0
0,-0.619429867156827,0,0
0,-0.6944283811353567,0,0
0,-0.8992175370353348,0,0
0,-1.2503268786697266,0,0
0,-1.7106871452942238,0,0
0,-1.745812428110479,0,0
0,-0.4546739046436101,0,0
0,-1.1606068207595124,0,0
0,-0.38102971860237517,0,0
0,-2.11443553230403,0,0
0,-1.3264360859727102,0,0
0,-1.4501500348755019,0,0
0,-1.0089443449164008,0,0
0,-1.426002320008024,0,0
0,-1.024778309023156,0,0
0,-0.267299116607981,0,0
0,-2.017608701498886,0,0
0,-1.9815297285313855,0,0
0,0.532172401600878,1,1
0,-0.4754320625987629,0,0
0,-1.9386510632675162,0,0
0,-2.3002185057179014,0,0
0,-0.3454174600131011,0,0
0,-0.9252161890637446,0,0
0,-1.311249608755984,0,0
0,-1.3296413937709497,0,0
0,-1.8326020839037458,0,0
0,-1.3021404046350433,0,0
0,-0.21095355852179254,0,0
0,-0.8310128065437236,0,0
0,-1.0524033431298958,0,0
0,-0.9999197386595142,0,0
0,-3.293993683260398,0,0
0,-0.6590599046460437,0,0
0,0.7141022901483903,1,1
0,-1.0919543340739033,0,0
0,-1.3829351402207655,0,0
0,-0.7778858687393623,0,0
0,-1.608384872424316,0,0
0,-0.010274737139271739,0,0
0,-0.5667597469235693,0,0
0,-0.587092502361751,0,0
0,0.05629272058062168,0,1
0,-2.5585971891791846,0,0
0,-1.331085468832971,0,0
0,-0.7752319285242593,0,0
0,0.012298217017904511,0,1
0,-0.6566541936857464,0,0
0,-0.5448568505913529,0,0
0,0.2683374536906099,0,1
0,-1.1077348516751397,0,0
0,-1.381195526491724,0,0
0,-1.5187740040767541,0,0
0,-1.3204743814600426,0,0
0,-1.4433783382699605,0,0
0,-1.7567379569063837,0,0
0,-1.878421884462664,0,0
0,-0.08958422880192551,0,0
0,1.4953278083372186,1,1
0,-1.6927356588275768,0,0
0,-1.5762437489246244,0,0
0,-1.3399913126896292,0,0
0,-2.389534613441871,0,0
0,-2.2860206568646184,0,0
0,-0.6057805989508718,0,0
0,-1.5166905115535165,0,0
0,0.5549432404440056,1,1
0,-0.426258709301853,0,0
0,-1.4853245845946246,0,0
0,-0.33452123881669094,0,0
0,0.5335634237795556,1,1
0,-1.8603919502038675,0,0
0,-1.8345714017405785,0,0
0,-1.4322930720564298,0,0
0,-1.0070590062276823,0,0
0,-0.8314526125781425,0,0
0,-2.4130743899795495,0,0
0,-2.500971401837123,0,0
0,-0.32416478398545173,0,0
0,-0.8478022674091783,0,0
0,-0.07733649770092044,0,0
0,-0.9322869442671103,0,0
0,-1.0857650766654783,0,0
0,-2.43063013188203,0,0
0,-2.151724712673098,0,0
0,-0.5802967114493871,0,0
0,-1.1128260009947208,0,0
0,0.718238470110801,1,1
0,-1.3247334627232212,0,0
0,0.26368190295448324,0,1
0,-1.8039048309021442,0,0
0,-1.0000547626490628,0,0
0,-1.5399480082847177,0,0
0,-1.2495689022581289,0,0
0,-1.4378217666170277,0,0
0,-2.168710446760799,0,0
0,-0.8456121405715387,0,0
0,-1.2801162163474866,0,0
0,-2.2348215104684135,0,0
0,-1.1584926454169344,0,0
0,-1.154788341705646,0,0
0,-0.6464940058644391,0,0
0,-0.5033772830483101,0,0
0,-1.107246752662856,0,0
0,-0.2654352261921909,0,0
0,-0.9503904643844012,0,0
0,-0.38102971860237517,0,0
0,-1.1452040739525509,0,0
0,-0.23282349050410922,0,0
0,-0.4311950418288246,0,0
0,-0.6303227200692123,0,0
0,-2.0232019813931945,0,0
0,-1.8851523337951974,0,0
0,-1.7194270554703452,0,0
0,0.1684421220349499,0,1
0,-0.7668287768575645,0,0
0,0.4654353566239009,1,1
0,-0.615659363182814,0,0
0,-0.9052046829057351,0,0
0,0.3273305341723596,1,1
0,0.18979710421842488,0,1
0,-1.2567320863843596,0,0
0,-1.0253047323181712,0,0
0,-1.0271059638991593,0,0
0,-0.028998888493836972,0,0
0,-0.9435334701115842,0,0
0,0.5968694687946309,1,1
0,0.11342393163626846,0,1
0,-0.5727822203637648,0,0
0,-0.830397326740315,0,0
0,-0.5384326179604539,0,0
0,-1.4407964884373805,0,0
0,-0.9332360327684499,0,0
0,-0.3081838919633621,0,0
0,-0.6509359305984034,0,0
0,-0.4609298503769589,0,0
0,-0.34581959078554203,0,0
0,0.17133278642922223,0,1
0,-1.0562856287238387,0,0
0,-0.9342142538720654,0,0
0,-0.914004825375091,0,0
0,-1.8088928206816255,0,0
0,-1.3738642127047376,0,0
0,-1.2453485779475564,0,0
0,-2.2984968073073784,0,0
0,0.8960153566467083,1,1
0,-1.2908994943269299,0,0
0,-1.5834675241263723,0,0
0,-1.7246308703213993,0,0
0,-0.968344308469176,0,0
0,-0.4173851829496762,0,0
0,-0.7214259308250179,0,0
0,-2.182949321858878,0,0
0,-1.515047382987678,0,0
0,-0.9067294222963388,0,0
0,-1.9748896680964352,0,0
0,0.13501067290805907,0,1
0,-0.5884162145638159,0,0
0,-0.5617511193515761,0,0
0,-0.46199768612350456,0,0
0,-0.3169152186396557,0,0
0,-1.5304122656162162,0,0
0,-0.7353933883637884,0,0
0,-1.4286774190501776,0,0
0,-0.42644482305892506,0,0
0,-2.0905088030298633,0,0
0,-2.23885929551756,0,0
0,-1.4771041294493736,0,0
0,-2.0414271560569355,0,0
0,-1.2443117617262085,0,0
0,-1.0256028023109538,0,0
0,-0.2648726226588246,0,0
0,-0.6319366189509354,0,0
0,-0.8472628932057829,0,0
0,-0.8175237707743185,0,0
0,-1.445014604493303,0,0
0,-0.7096507787097973,0,0
0,-0.8071758837289633,0,0
0,-1.231788301848567,0,0
0,-1.3674980969215729,0,0
0,-0.8951230236190406,0,0
0,-1.3339745171923134,0,0
0,-1.5730400635328263,0,0
0,-0.42778939669780625,0,0
0,-1.9811059335322039,0,0
0,-0.7065870461140055,0,0
0,-1.7260762354999848,0,0
0,-1.843268467339541,0,0
0,-1.6103261181856543,0,0
0,-1.3243943289326947,0,0
0,-0.9419803808224789,0,0
0,-1.7470999525059154,0,0
0,-1.1630378816315674,0,0
0,-0.8586597347484155,0,0
0,-0.8522163412997079,0,0
0,-0.6003280276221212,0,0
0,-1.6629138762689428,0,0
0,-1.2953054995186921,0,0
0,-2.116714745776386,0,0
0,0.37134379901112613,1,1
0,-0.5981152825150393,0,0
0,-1.24650833017265,0,0
0,-1.1814775209727242,0,0
0,-1.5729624181729225,0,0
0,-0.38965597369776533,0,0
0,-1.1388686604406781,0,0
0,-2.340738969360738,0,0
0,-2.0004705546395245,0,0
0,-2.1493785784902784,0,0
0,-0.24433692014026887,0,0
0,0.2790484412413825,0,1
0,-2.153613345148308,0,0
0,-0.39824786674403667,0,0
0,-1.6196594052213422,0,0
0,-1.3117046468100928,0,0
0,-1.894707528022499,0,0
0,0.4640784129970077,1,1
0,-0.5247513911836007,0,0
0,-0.7331370896862782,0,0
0,-1.7787015030471949,0,0
0,-1.2605332481148144,0,0
0,-0.4979320460366874,0,0
0,0.31308192537875656,1,1
0,-1.13923097566077,0,0
0,-1.0705747320420906,0,0
0,-0.0770436630732389,0,0
0,-0.6710787569887791,0,0
0,-1.3122167683175368,0,0
0,-1.7579243122675292,0,0
0,-2.1279568677428746,0,0
0,-0.7974624820742025,0,0
0,-1.5845616945256946,0,0
0,-1.9348796321788502,0,0
0,-1.8589821523659942,0,0
0,-2.354267811521595,0,0
0,-1.439938440863608,0,0
0,-1.8854696246164906,0,0
0,-0.2776890506686133,0,0
0,-0.5445992596148398,0,0
0,-0.5405494134324265,0,0
0,-0.9856668051862567,0,0
0,-0.8395283308277354,0,0
0,-1.821747116994608,0,0
0,-2.2771984465478714,0,0
0,-0.8978189931526269,0,0
0,-0.5335650299469119,0,0
0,1.128696374404202,1,1
0,-0.5545661162750896,0,0
0,-1.1120674086042217,0,0
0,-1.0122368612152313,0,0
0,0.14045985345872297,0,1
0,-1.8812798722137845,0,0
0,-1.4627798595500376,0,0
0,-0.7018993447833632,0,0
0,-2.1643210053644415,0,0
0,-0.27832219557737226,0,0
0,-2.068963168458191,0,0
0,-1.0567103561654954,0,0
0,-0.331375532267746,0,0
0,-0.572759426962891,0,0
0,-2.562353519429886,0,0
0,-1.4413783313193984,0,0
0,0.30663116320514794,1,1
0,-2.637229562897593,0,0
0,-0.3906149561981079,0,0
0,-0.22759954571412075,0,0
0,0.6392523439775354,1,1
0,-0.9593120750470557,0,0
0,-1.2705406467829898,0,0
0,-1.0937938098663704,0,0
0,-1.871071093415459,0,0
0,-1.1632455568539832,0,0
0,-1.218305825028557,0,0
0,-1.926447619032805,0,0
0,0.15927277287019026,0,1
0,-0.9692679749642322,0,0
0,-0.9139317789086125,0,0
0,-1.1632455568539832,0,0
0,-0.2265804633178006,0,0
0,-1.5473639203889116,0,0
0,-1.7244261802962666,0,0
0,-1.099280736553999,0,0
0,-1.3830983791938452,0,0
0,-1.7903926915584556,0,0
0,-1.7092494109381122,0,0
0,-1.7295970474641535,0,0
0,0.8549427716474759,1,1
0,-1.790702275107642,0,0
0,-0.2674375425190689,0,0
0,-0.6418622669390645,0,0
0,-0.051844730487932145,0,0
0,-2.0412131878412922,0,0
0,-1.2777060382701806,0,0
0,-0.20745239083144534,0,0
0,0.23954432510459034,0,1
0,-2.3598993793797196,0,0
0,-2.1827250912396674,0,0
0,-1.3873003945522946,0,0
0,-1.2432895614878932,0,0
0,-1.8909639045870645,0,0
0,-2.297584229231331,0,0
0,-0.7486050899701641,0,0
0,-0.7871664451157768,0,0
0,-1.5229390349435317,0,0
0,-0.5487625445174042,0,0
0,-1.2578559482895413,0,0
0,-2.1140830639601256,0,0
0,-1.5128604183197574,0,0
0,-1.6917875173324153,0,0
0,-2.3879896187825493,0,0
0,0.009960585257837495,0,1
0,-0.5524055398529514,0,0
0,-1.3823439585669717,0,0
0,0.37134379901112613,1,1
0,-0.4813155497209511,0,0
0,-1.7274916795991655,0,0
0,-1.794397340256432,0,0
0,-1.03490219418563,0,0
0,-0.3421731561937043,0,0
0,0.1755931036840528,0,1
0,-2.459750758797221,0,0
0,0.17145686536401472,0,1
0,-0.8440737583668574,0,0
0,-1.430904554945529,0,0
0,-1.0527107810056147,0,0
0,-2.34296798659441,0,0
0,-1.7259086553229022,0,0
0,-2.382435472493492,0,0
0,-1.6565411025940495,0,0
0,-0.18428334537726834,0,0
0,-1.5752228632732224,0,0
0,-0.9182995118308971,0,0
0,-0.8634585649268282,0,0
0,-0.8271190732992832,0,0
0,-0.07055204179590685,0,0
0,-1.4867970875012202,0,0
0,-1.261564431890652,0,0
0,-0.30339008418575475,0,0
0,-1.6170449187770783,0,0
0,0.0827065943605908,0,1
0,-0.12402799585858162,0,0
0,-2.120086148062632,0,0
0,-0.7576007907949274,0,0
0,-1.6425687665128756,0,0
0,-2.320212546071198,0,0
0,-0.697125442597345,0,0
0,-0.5946321630777021,0,0
0,-1.8056162811317975,0,0
0,-1.4718927431025284,0,0
0,-0.6264811658292604,0,0
0,-0.9260351896351019,0,0
0,-0.8863002278626878,0,0
0,0.3331610947206005,1,1
0,-0.6888382511220286,0,0
0,-0.7250331449728336,0,0
0,0.8183852227918452,1,1
0,-1.008504706548973,0,0
0,-2.094341562492806,0,0
0,-1.7226229720141357,0,0
0,-1.1483489566253886,0,0
0,-1.526927148965075,0,0
0,-0.46510097226485797,0,0
0,-1.1598146691524898,0,0
0,-1.2044064821988916,0,0
0,0.7773148310265426,1,1
0,0.6623390062947961,1,1
0,-0.8613062161938497,0,0
0,-0.5728424763796318,0,0
0,-0.8214465856968519,0,0
0,-0.4596442985642629,0,0
0,-1.5399755593518978,0,0
0,0.2896198250558186,0,1
0,-0.6708094730580441,0,0
0,-0.8396328468084822,0,0
0,-0.7063569058850715,0,0
0,-2.127636660730419,0,0
0,-0.2925309048402999,0,0
0,0.242275284479468,0,1
0,-0.913905865489196,0,0
0,0.1660541967965482,0,1
0,-0.9868378283475125,0,0
0,-1.7664259754749647,0,0
0,-0.9411592047277455,0,0
0,-0.5669854280801282,0,0
0,-1.5007167977094946,0,0
0,-0.321405031879166,0,0
0,-0.7753232246606264,0,0
0,-1.4278894881837965,0,0
0,-3.1341657136564383,0,0
0,-1.5018004416303845,0,0
0,-1.1923218625860095,0,0
0,-0.6279672502523037,0,0
0,-0.359145232518451,0,0
0,-2.1192154300985924,0,0
0,-1.2673292763395043,0,0
0,-0.4588137463146123,0,0
0,-1.6060127604302177,0,0
0,-0.5991609222208938,0,0
0,-1.762183058990281,0,0
0,-1.2670215416191761,0,0
0,-1.5024422773070323,0,0
0,-1.675151218148939,0,0
0,-1.686286988725192,0,0
0,-0.3395443192015034,0,0
0,-0.9376064312967495,0,0
0,-0.7757009577470785,0,0
0,-0.47925048742695664,0,0
0,-0.9265435124455694,0,0
0,-1.193981607711337,0,0
0,-1.8515683244104122,0,0
0,-2.290910111715666,0,0
0,0.3793451140887819,1,1
0,-1.66275101780814,0,0
0,-1.1028964064809719,0,0
0,-1.2027233489686884,0,0
0,-1.7850210381743592,0,0
0,-1.1906915719033058,0,0
0,-1.2063853810236922,0,0
0,-1.0185106593000481,0,0
0,-2.3453964807082213,0,0
0,-0.9726611935157331,0,0
0,0.31454314160194186,1,1
0,-1.4940009282221123,0,0
0,-0.45655209292590515,0,0
0,-0.560521573281583,0,0
0,-0.37217174352975263,0,0
0,-0.44418197939356674,0,0
0,-2.953115169775012,0,0
0,-0.6894218626855484,0,0
0,-1.7959115126275802,0,0
0,-0.048649029188748305,0,0
0,-0.4323604873490252,0,0
0,-2.0325539741109706,0,0
0,-1.349451778585082,0,0
0,-0.2650854604484352,0,0
0,-1.4576355928542233,0,0
0,-0.336884979360291,0,0
0,-1.298607487452606,0,0
0,-0.6374952874930369,0,0
0,0.22209571815537787,0,1
0,-0.43556990487886443,0,0
0,-0.5840155084828873,0,0
0,-1.4049494431979466,0,0
0,-1.05893953483121,0,0
0,-1.1035056319341219,0,0
0,-1.3410117456967128,0,0
0,-1.4566093635561566,0,0
0,-0.9738603853675301,0,0
0,-1.280177717533647,0,0
0,-0.6365674451755565,0,0
0,-0.8874645526022666,0,0
0,-0.3520709443444866,0,0
0,-1.0207811260255948,0,0
0,-0.411171748240232,0,0
0,-1.1669745244917618,0,0
0,-1.3436412980493353,0,0
0,-1.292190220722286,0,0
0,-1.3468305607992672,0,0
0,0.22887596969482693,0,1
0,-1.120526066269118,0,0
0,-0.320304604980669,0,0
0,-0.15589526526555822,0,0
0,-1.570558194640085,0,0
0,-0.7843645287525646,0,0
0,-2.413070136668744,0,0
0,-1.849604503470295,0,0
0,-1.65054386357611,0,0
0,-0.13151915236820427,0,0
0,-0.7898353169405284,0,0
0,-1.4103355730827278,0,0
0,0.362649118568779,1,1
0,-1.2594550004514404,0,0
0,-1.5352589376752928,0,0
0,-2.117663485347819,0,0
0,-1.8171848887263597,0,0
0,-0.2608708506828066,0,0
0,-0.14457265141086037,0,0
0,-1.1996831293563863,0,0
0,-0.04985146780111166,0,0
0,-0.27694539711400823,0,0
0,0.159357607983858,0,1
0,-1.424003122400392,0,0
0,-1.2401347050448004,0,0
0,-1.485968606001164,0,0
0,-1.7800513091353447,0,0
0,-1.8965954153428561,0,0
0,-1.3828798452499687,0,0
0,-1.457858567101503,0,0
0,0.3983156232755245,1,1
0,-1.511293056036787,0,0
0,-1.4394281306956134,0,0
0,-1.275547004871593,0,0
0,-1.2420471858955284,0,0
0,-1.4771609695482013,0,0
0,-0.5823692805367184,0,0
0,-0.836596502921172,0,0
0,-0.8518155847899539,0,0
0,-3.019363982424786,0,0
0,-0.25414664474657805,0,0
0,-1.4379450496834996,0,0
0,-2.19293557184233,0,0
0,-0.6196033803669494,0,0
0,-1.2171620139708033,0,0
0,-0.2353759779640341,0,0
0,-1.19402898700501,0,0
0,-3.7142250506256254,0,0
0,-1.1654647533169822,0,0
0,-2.733370265214454,0,0
0,0.015859003867578048,0,1
0,-1.2155582190399943,0,0
0,-0.5532796576730055,0,0
0,0.21867228620720758,0,1
0,-1.3448465952707074,0,0
0,-1.5004567686759867,0,0
0,-0.6277092354401801,0,0
0,-1.180208298503423,0,0
0,-0.5669854280801282,0,0
0,-1.7769236985406658,0,0
0,-2.888249907456528,0,0
0,-1.092868880900627,0,0
0,-0.7164488222654495,0,0
0,0.5976415295532758,1,1
0,-2.414355609839679,0,0
0,-1.0980803601606226,0,0
0,-1.1090311405103654,0,0
0,-0.6863100431912159,0,0
0,-1.6669946070690513,0,0
0,-0.3520783696067406,0,0
0,-0.7010782022375217,0,0
0,-1.7633324608017409,0,0
0,-0.6728286679253705,0,0
0,-1.3586997284435234,0,0
0,-0.7609129911939334,0,0
0,0.2311907169673918,0,1
0,-0.4771168066132484,0,0
0,-1.421968373490285,0,0
0,-2.0630640644958302,0,0
0,0.969275509609341,1,1
0,-0.8505720523684488,0,0
0,-1.2095058563066985,0,0
0,-0.20815178013129662,0,0
0,-0.3959584607588127,0,0
0,-1.2982388555767852,0,0
0,-0.2861864190826877,0,0
0,-0.8233686047205958,0,0
0,-1.80013443864762,0,0
0,-1.7021537729921512,0,0
0,-1.185498022885688,0,0
0,-1.5251675744877744,0,0
0,0.11885356754955484,0,1
0,0.2565227628895521,0,1
0,-1.3313487086384965,0,0
0,-1.4752265110170812,0,0
0,-0.972064010881347,0,0
0,-0.8505720523684488,0,0
0,-2.211878582423279,0,0
0,-0.5777267371819368,0,0
0,-0.7556935761170439,0,0
0,-0.592110848958737,0,0
0,-0.7575221657303506,0,0
0,-1.7962355256741054,0,0
0,-1.4423420670044793,0,0
0,-1.5296855911784255,0,0
0,-0.7592520400662639,0,0
0,-1.984282046336065,0,0
0,-1.6921366270581952,0,0
0,-1.0283621966737373,0,0
0,-1.9377140857685191,0,0
0,-0.6837379301042925,0,0
0,-0.994284713438383,0,0
0,-1.2052964738294856,0,0
0,-0.36387978833863466,0,0
0,-1.9121662795102843,0,0
0,-1.718251167405866,0,0
0,-1.9850897249572772,0,0
0,-1.5355307625957186,0,0
0,-1.9437697544259755,0,0
0,-1.7711189088262569,0,0
0,-0.32192510060202184,0,0
0,-1.847237933122583,0,0
0,-1.0452921114847298,0,0
0,-0.8632751500798406,0,0
0,-1.5180933225712594,0,0
0,-2.3185936734202315,0,0
0,-0.9530671446122169,0,0
0,-2.0874557181172935,0,0
0,-2.35748632366952,0,0
0,-0.5414615594471135,0,0
0,-1.4288931416135497,0,0
0,-1.339949198000482,0,0
0,-2.239163526895608,0,0
0,-1.9351732551974177,0,0
0,-1.0705655021615765,0,0
0,-0.45085994972557525,0,0
0,-0.43265526809855,0,0
0,-0.5443739056594128,0,0
0,-3.1124826920071014,0,0
0,-1.577420800833941,0,0
0,-0.43521937174403813,0,0
0,-0.51622009983777,0,0
0,0.17940274705575576,0,1
0,-2.222496065042832,0,0
0,-1.0920920550981046,0,0
0,-2.011484610074731,0,0
0,-0.8866695238115728,0,0
0,-1.494695935550158,0,0
0,-1.65355131350455,0,0
0,-1.7999846790297185,0,0
0,-1.3849822234465572,0,0
0,-1.5251334863823,0,0
0,-1.1503612991969039,0,0
0,-1.216616775727919,0,0
0,-1.391005401926829,0,0
0,-0.6645506902748972,0,0
0,-1.4990833939726955,0,0
0,-2.3067868211872713,0,0
0,-0.18194852894065658,0,0
0,-1.0571030378273658,0,0
0,-0.5753776559362362,0,0
0,-1.2688187869524605,0,0
0,-1.2919813895925834,0,0
0,-0.9281388404674163,0,0
0,-1.634432565830688,0,0
0,-1.2128377506718042,0,0
0,-0.7646256954028594,0,0
0,-1.104005610295073,0,0
0,-0.6798847342164128,0,0
0,-0.6798847342164128,0,0
0,-1.6543383539194352,0,0
0,-1.2246700170499252,0,0
0,-0.8294652588293325,0,0
0,-1.0448620150540937,0,0
0,-1.0818288217491911,0,0
0,-0.527230177941673,0,0
0,-1.0350974406054874,0,0
0,-1.6578086624415183,0,0
0,-2.245362806613708,0,0
0,-2.4891462360165555,0,0
0,-0.24405393137624354,0,0
0,-1.025698711285533,0,0
0,-2.123594322338022,0,0
0,-2.391333853926417,0,0
0,-2.2977479833361527,0,0
0,-1.2333753154901477,0,0
0,-0.43193322770517073,0,0
0,-0.20949540255585133,0,0
0,-0.616344344265083,0,0
0,-1.0639979370171364,0,0
0,-1.4544804899399977,0,0
0,-1.2065933588918885,0,0
0,-1.1943272958472102,0,0
0,0.12412603313560489,0,1
0,-0.40923194893205694,0,0
0,0.3983156232755245,1,1
0,-2.1329173830756347,0,0
0,-2.096529914791083,0,0
0,-1.0448620150540937,0,0
0,-1.9186303765604205,0,0
0,-1.5627547317367472,0,0
0,-0.8661150923703836,0,0
0,-0.8393552622698803,0,0
0,-1.1176929832296103,0,0
0,-1.9157911864896646,0,0
0,-0.9307680134112098,0,0
0,-1.048683544481273,0,0
0,-1.0700917697401113,0,0
0,-1.5544657648201161,0,0
0,-1.8052183562632589,0,0
0,-1.253652062504615,0,0
0,-0.5860160321473633,0,0
0,-2.2679004326026466,0,0
0,-1.866285798562414,0,0
0,-1.8466708884644905,0,0
0,-1.6244987385305154,0,0
0,-0.07697273845933361,0,0
0,-1.693271863999822,0,0
0,-0.5562413983605736,0,0
0,-1.369520829354618,0,0
0,-1.0282916631061318,0,0
0,-0.6926354268263142,0,0
0,-0.07963402301841382,0,0
0,-0.5574499069527153,0,0
0,-0.8187729526331784,0,0
0,-0.8601011959652923,0,0
0,-1.506401967181584,0,0
0,-1.7894057065719853,0,0
0,-0.42006519978329787,0,0
0,-3.2597464959017612,0,0
0,-0.9056592584652312,0,0
0,-0.26966647630892726,0,0
0,-1.0237731299086295,0,0
0,-0.3436341871236357,0,0
0,-1.4886687727762062,0,0
0,-0.728496916848826,0,0
0,-1.5702864816218116,0,0
0,-1.6252567002810476,0,0
0,-2.293681984325169,0,0
0,-2.2285907318615714,0,0
0,-2.1518434035351754,0,0
0,-2.025959748741692,0,0
0,-2.25776643446397,0,0
0,-0.3038517188677249,0,0
0,-1.7171865865573546,0,0
0,-2.0649226197554293,0,0
0,-1.487993201241081,0,0
0,-1.0615780964582897,0,0
0,-1.2286617910050222,0,0
0,-0.3056608165540478,0,0
0,-2.3926326592488274,0,0
0,-1.7170722569732901,0,0
0,-0.13322612440362505,0,0
0,-0.35210224227064657,0,0
0,-2.121906748506746,0,0
0,-1.3450842785018247,0,0
0,-1.450208495077025,0,0
0,-2.162581355034822,0,0
0,-2.4447720573684615,0,0
0,-0.7627086585494929,0,0
0,-0.4449897520809778,0,0
0,-0.02795044043392736,0,0
0,-2.3458083598258166,0,0
0,-1.2315092116211637,0,0
0,-1.4828218420801091,0,0
0,-2.147897627363761,0,0
0,-1.743508310946638,0,0
0,-0.4458217942852729,0,0
0,-1.8114760627049673,0,0
0,-1.1212990680585353,0,0
0,-1.3972433200259946,0,0
0,-2.899440201981447,0,0
0,-1.147452796045127,0,0
0,-1.8500809140519499,0,0
0,-0.39891129343289683,0,0
0,-2.249455452942345,0,0
0,-1.7171865865573546,0,0
0,-2.0940252221477547,0,0
0,-1.4737039311895885,0,0
0,-0.9164659008951648,0,0
0,-1.1176295065742956,0,0
0,-1.2697771458946296,0,0
0,-1.4397433751158544,0,0
0,-1.3157840720315324,0,0
0,-1.4940009282221123,0,0
0,-0.6184985835342994,0,0
0,-1.414890689272256,0,0
0,-0.842298383111058,0,0
0,-0.4708553228087055,0,0
0,-1.5447841261999615,0,0
0,-1.0700917697401113,0,0
0,-1.4016483026055213,0,0
0,-1.3648760033344356,0,0
0,0.23997087296733444,0,1
0,-1.6252698732493807,0,0
0,-0.7298880618814095,0,0
0,-0.889397162255571,0,0
0,-0.007040585821717182,0,0
0,-0.5336912370872852,0,0
0,-0.8440876096748399,0,0
0,-0.21895714534199626,0,0
0,-0.7196172182606404,0,0
0,0.0002911006009367334,0,1
0,-1.2611022494715012,0,0
0,-1.408612778555054,0,0
0,-1.3115232567098076,0,0
0,-0.03801092738461087,0,0
0,-0.6011727696536147,0,0
0,-1.1069874164910365,0,0
0,-1.2564480013043418,0,0
0,-0.602143302043703,0,0
0,0.0019306664063645784,0,1
0,-0.14166521003975113,0,0
0,-2.3871769580251736,0,0
0,-0.45834224943614493,0,0
0,-0.048649029188748305,0,0
0,-0.20595843733359825,0,0
0,-1.31715764874565,0,0
0,-1.60199246147265,0,0
0,-1.4434168274985448,0,0
0,-1.393100412920666,0,0
0,-1.8124768660973891,0,0
0,-2.3871769580251736,0,0
0,-0.15998914887570173,0,0
0,-1.2491746595441393,0,0
0,-0.8008200541294264,0,0
0,-0.9203613171938569,0,0
0,-1.043745942634738,0,0
0,-1.1425107319047514,0,0
0,-0.5683752701156862,0,0
0,-0.31757860053270104,0,0
0,-1.4282171318309627,0,0
0,-1.287390791560929,0,0
0,-1.2433185994134497,0,0
0,-1.275098318019571,0,0
0,-0.7610649323017145,0,0
0,-2.5079751585794257,0,0
0,-2.1246714264713904,0,0
0,-2.032920994081752,0,0
0,-0.43336864619723486,0,0
0,-0.3819583159638136,0,0
0,-1.0638868569542066,0,0
0,-1.1375332673324619,0,0
0,-1.2852309164866131,0,0
0,0.647073492553896,1,1
0,-0.22250172741461893,0,0
0,-0.9523106058733699,0,0
0,-2.5149715354536695,0,0
0,-1.7105501384207384,0,0
0,-0.5889802932884624,0,0
0,-0.7888778095331239,0,0
0,-1.1693999357045042,0,0
0,0.35853448872468496,1,1
0,-1.5572481742711162,0,0
0,-1.3844640136066495,0,0
0,-1.5461367346572676,0,0
0,-0.7543982145508701,0,0
0,-1.0721470352252145,0,0
0,-2.2721666750623046,0,0
0,-1.1375332673324619,0,0
0,-1.5032986783549593,0,0
0,-0.9648735825654935,0,0
0,-1.525517977683942,0,0
0,-0.7653241543358547,0,0
0,-0.9834674788135734,0,0
0,-1.84069068568658,0,0
0,-1.6122983434477032,0,0
0,-1.390001008217407,0,0
0,-2.177106097083626,0,0
0,-1.1647754286017422,0,0
0,-0.9044411060370464,0,0
0,-2.4831585511975693,0,0
0,-1.9370855008845518,0,0
0,-1.6549010594302893,0,0
0,-1.0706727448321303,0,0
0,-2.020505069096578,0,0
0,-1.3101001245445199,0,0
0,-1.7512288708826156,0,0
0,-1.3520169222952654,0,0
0,-0.46421064343644647,0,0
0,-0.22400181963786692,0,0
0,-0.44958068722856026,0,0
0,-0.41975695480114084,0,0
0,-1.0467670615455318,0,0
0,-2.1321797836312477,0,0
0,-1.7087692540798978,0,0
0,-0.6045957562252351,0,0
0,-0.5800902338983752,0,0
0,-0.41206415523750484,0,0
0,-0.31757860053270104,0,0
0,-0.7007453620350004,0,0
0,-2.0566065100317568,0,0
0,-1.798373356383784,0,0
0,-0.4412629106116437,0,0
0,-0.9024795104701707,0,0
0,-1.5025134201317507,0,0
0,-1.7545238304055046,0,0
0,-0.496896048855725,0,0
0,-1.0444151596782718,0,0
0,-0.398682929183186,0,0
0,-1.2694828445516126,0,0
0,-1.7264913998925886,0,0
0,0.06153610743805832,0,1
0,-1.341863327280398,0,0
0,-1.4852929035594977,0,0
0,-0.42589520288067567,0,0
0,-1.56238141881262,0,0
0,-1.4969181936503695,0,0
0,-0.40615718271754836,0,0
0,-0.802741518474597,0,0
0,0.20162381848114896,0,1
0,-1.6999965738534284,0,0
0,-0.573592661420357,0,0
0,-1.3777174841571354,0,0
0,-0.8684474256031369,0,0
0,-2.040703707047148,0,0
0,-1.0630688232918666,0,0
0,-0.35328876578905916,0,0
0,-0.679539749634954,0,0
0,-0.8388679453829033,0,0
0,-1.816451600114815,0,0
0,-2.0720915568813263,0,0
0,-1.5003880635778106,0,0
0,-1.2502462393739193,0,0
0,-0.836703131965859,0,0
0,-1.2011754510054238,0,0
0,-0.9786792838313484,0,0
0,-1.8038743972343236,0,0
0,-0.8257803487363109,0,0
0,-1.8577602683096184,0,0
0,1.287312112776184,1,1
0,-1.0767249472234477,0,0
0,-1.7689341218723538,0,0
0,-1.4095470585831715,0,0
0,-2.6448306892348836,0,0
0,-0.889397162255571,0,0
0,-1.8079844872818547,0,0
0,-0.3539106113051555,0,0
0,-1.842374975030796,0,0
0,-1.8233179809870932,0,0
0,-1.3828798452499687,0,0
0,-0.1587224186607153,0,0
0,-3.1124826920071014,0,0
0,-1.5805456277273353,0,0
0,-2.147517543265863,0,0
0,-2.2262404963342877,0,0
0,-0.856006745079013,0,0
0,-1.8746820956937116,0,0
0,-1.2136599034606748,0,0
0,-0.4578748651518023,0,0
0,-0.3007531136796914,0,0
0,-0.27170761146514366,0,0
0,-0.6713497062701348,0,0
0,-1.5342016270549226,0,0
0,-1.8570426715221307,0,0
0,-1.4459533644932865,0,0
0,-0.8016701276034481,0,0
0,-1.6946230594319922,0,0
0,-0.747091873250992,0,0
0,-1.415122516287648,0,0
0,-0.906607017573929,0,0
0,-2.089287925059734,0,0
0,-1.1278527869883317,0,0
0,0.15556965594691385,0,1
0,-1.9704901547363107,0,0
0,-1.1751955996962968,0,0
0,-0.9174793952964508,0,0
0,-0.6367244816330615,0,0
0,-2.1641091413347477,0,0
0,-1.839467362040753,0,0
0,-1.5187481802284681,0,0
0,-1.2557398203827959,0,0
0,-1.718391229196801,0,0
0,-1.1115321101143487,0,0
0,-1.192469970862815,0,0
0,-2.188255408084126,0,0
0,-1.5369168379039255,0,0
0,-0.7497670339549357,0,0
0,-1.9010638060014968,0,0
0,0.550818741337766,1,1
0,-1.7130851001619112,0,0
0,-0.8473905277316017,0,0
0,-3.0222650953016514,0,0
0,-1.1817423752282503,0,0
0,-0.15708699507928783,0,0
0,-0.826742858175108,0,0
0,-1.9547942132872427,0,0
0,-0.7522219933733156,0,0
0,-2.216511090808411,0,0
0,-2.0358447510032778,0,0
0,-0.8730098078808419,0,0
0,-0.9958161930756794,0,0
0,-1.083266286420658,0,0
0,-1.844880245879951,0,0
0,-1.4879700802690916,0,0
0,-2.0496939624099237,0,0
0,-1.5923742081716168,0,0
0,-0.6413769576246144,0,0
0,-1.9376845443365047,0,0
0,-1.5340901618162492,0,0
0,-1.6999965738534284,0,0
0,-0.8581895839328094,0,0
0,-1.1633936608676794,0,0
0,-1.2738388112492367,0,0
0,-0.9453855149448585,0,0
0,-1.1461193433862031,0,0
0,-1.5682852512133714,0,0
0,-1.1344715757516868,0,0
0,-0.5578208061204185,0,0
0,-1.430944672611015,0,0
0,-1.8154061229954714,0,0
0,-0.23018228012178904,0,0
0,-1.5733969646379307,0,0
0,-0.9014789408331583,0,0
0,-0.8906074496995608,0,0
0,-0.6694446878001827,0,0
0,-1.1993581392251853,0,0
0,-0.3922608356314558,0,0
0,-1.2809706094253421,0,0
0,-1.14106800057428,0,0
0,-0.5068666574009537,0,0
0,-1.9305784109733928,0,0
0,-1.0864753034189532,0,0
0,-1.0869408667176723,0,0
0,-1.0275768061058548,0,0
0,-0.7949798096955585,0,0
0,-1.6707035196374433,0,0
0,-1.191722144580199,0,0
0,-2.065733933635504,0,0
0,-0.6324915118743251,0,0
0,-0.36179486259232146,0,0
0,-0.9362042255846446,0,0
0,-1.0286575891550889,0,0
0,-0.6899149231732942,0,0
0,0.21624647189709734,0,1
0,-1.52726908849949,0,0
0,-0.3565269238768069,0,0
0,-0.4037676997412286,0,0
0,-1.1647754286017422,0,0
0,-1.6820101910586351,0,0
0,-0.15648121994361136,0,0
0,-0.7114243827240142,0,0
0,-1.0590701114927625,0,0
0,-2.05885527422925,0,0
0,-0.8704383661433596,0,0
0,-1.6764387572667356,0,0
0,-1.8646569884015598,0,0
0,-1.4045521236435148,0,0
0,-0.8974715090604298,0,0
0,-1.3300684654935706,0,0
0,-1.675047387255888,0,0
0,-1.5716229050949808,0,0
0,-0.36954946799905114,0,0
0,-1.0160517556371982,0,0
0,-0.7907811157624173,0,0
0,-0.7908268276413482,0,0
0,-0.4579924340473312,0,0
0,0.3173379200244628,1,1
0,-0.5162576413095148,0,0
0,-0.9836770787362711,0,0
0,-1.358163443829811,0,0
0,-0.8226558076017121,0,0
0,-1.1010452950691665,0,0
0,-0.8212699343506311,0,0
0,-1.058499081105181,0,0
0,1.1741409317012543,1,1
0,-1.6447424262572277,0,0
0,-1.3328135832907346,0,0
0,0.3173379200244628,1,1
0,-0.11766683075243481,0,0
0,-2.510531001836439,0,0
0,-0.48387815658061906,0,0
0,-0.8011967896277192,0,0
0,-1.0312104736864365,0,0
0,-0.9718398173793433,0,0
0,-0.4408627823601255,0,0
0,-1.4409458930420591,0,0
0,-1.5427602610008662,0,0
0,-2.0652369658821335,0,0
0,-1.5464017500578433,0,0
0,-1.7704629480769865,0,0
0,-1.7124693693836939,0,0
0,0.28333198516924774,0,1
0,-1.7648287562782996,0,0
0,-1.4541136641297698,0,0
0,0.07005916836477633,0,1
0,-2.2849981059520035,0,0
0,-1.048683544481273,0,0
0,0.2632432384880049,0,1
0,-1.7457887639184073,0,0
0,0.9089185270669821,1,1
0,-1.0917026807583445,0,0
0,-0.3930487625960301,0,0
0,-2.1284011569158503,0,0
0,-0.9301366253799204,0,0
0,-1.0580861428032033,0,0
0,-1.5045473201673212,0,0
0,-1.686334992312264,0,0
0,-0.5862762866856217,0,0
0,-1.2579629187344334,0,0
0,-0.8079336291567791,0,0
0,-1.3518644495605652,0,0
0,-0.616344344265083,0,0
0,-0.5069536031568931,0,0
0,-1.4699892734410547,0,0
0,-0.3420008039074325,0,0
0,0.9029050937313036,1,1
0,-1.1344715757516868,0,0
0,-1.9634170787057181,0,0
0,-0.4825620158004362,0,0
0,-1.739441987343223,0,0
0,-2.1436591916235725,0,0
0,-1.447002051965864,0,0
0,-0.9447785662650785,0,0
0,-0.37889950434121233,0,0
0,-1.5607968605229297,0,0
0,-0.2700804976626978,0,0
0,-2.873922403404705,0,0
0,-0.27170761146514366,0,0
0,-1.6305308097745095,0,0
0,-2.1999002161556067,0,0
0,-0.7515003519269878,0,0
0,-2.2067281203936124,0,0
0,-0.7848251364179943,0,0
0,-1.8282737272915668,0,0
0,-0.38880786685932955,0,0
0,-0.8865427888939623,0,0
0,-1.3218315429415783,0,0
0,-0.4419589633107368,0,0
0,-1.8730527775527657,0,0
0,-0.31830415151450947,0,0
0,-0.8168869581028375,0,0
0,-2.2747251105845447,0,0
0,-2.132272400390289,0,0
0,-0.350537076960221,0,0
0,0.0043015553080778535,0,1
0,-0.5465393985060658,0,0
0,-2.957868052464517,0,0
0,0.11634958538207307,0,1
0,-1.1237272113176169,0,0
0,-2.20280225789929,0,0
0,-0.7920622825241115,0,0
0,-0.8473905277316017,0,0
0,-2.891042975450034,0,0
0,-0.7985234536050156,0,0
0,-1.2781629078997474,0,0
0,0.50881778539294,1,1
0,-1.3194067799990084,0,0
0,-0.7057445451224795,0,0
0,-0.5513676445216631,0,0
0,-1.1433736441265927,0,0
0,-1.4530064047289524,0,0
0,-1.7168712359019773,0,0
0,-1.2548726314614824,0,0
0,-0.9557465066251134,0,0
0,0.01790151284702124,0,1
0,-2.031270397886196,0,0
0,0.13775163923651867,0,1
0,-0.5857924959152992,0,0
0,-1.050148524923039,0,0
0,-1.5252436142996908,0,0
0,-2.2657353259986177,0,0
0,-1.6072226995159005,0,0
0,0.31217604698159396,1,1
0,-0.788855880609542,0,0
0,-1.9841008301438845,0,0
0,-1.5660406770557467,0,0
0,-0.8516604764824204,0,0
0,-1.268214179526212,0,0
0,-1.5616676047681137,0,0
0,-0.4163487493603278,0,0
0,-2.3412234130443665,0,0
0,-0.9375781458179109,0,0
0,-1.2073218496219669,0,0
0,-0.8259720453134483,0,0
0,-0.9175584748219321,0,0
0,-0.2717127259979365,0,0
0,-0.8246954561516443,0,0
0,0.3326308802424379,1,1
0,-0.23793108369730276,0,0
0,-1.5158025002015583,0,0
0,-1.1040016642664223,0,0
0,0.08259571305941776,0,1
0,-1.2404934309983626,0,0
0,-1.7784768756484577,0,0
0,-1.5705963121418347,0,0
0,-1.0879901494083608,0,0
0,-0.48387815658061906,0,0
0,-2.0691893580504725,0,0
0,-1.4305917623199922,0,0
0,-1.228395290534236,0,0
0,-1.3649599715870302,0,0
0,-1.3946952793461356,0,0
0,-0.5862189010216078,0,0
0,-2.597827397522364,0,0
0,-1.2350250873690145,0,0
0,-2.571561765864504,0,0
0,-1.3963537373955015,0,0
0,-0.9013629173532842,0,0
0,-3.748077359708285,0,0
0,-0.9266077487209223,0,0
0,-0.8324933207546265,0,0
0,-0.28790111026145837,0,0
0,-1.5024127245481633,0,0
0,-1.1790359220658684,0,0
0,-2.3441783308619724,0,0
0,-0.06735859827572005,0,0
0,-1.0638868569542066,0,0
0,-1.9634170787057181,0,0
0,-1.0934358470296734,0,0
0,-0.3818392458954943,0,0
0,-1.2171197861988392,0,0
0,-1.185265828073005,0,0
0,-1.0366349003497475,0,0
0,-0.36370552737749595,0,0
0,-0.9997196030379695,0,0
0,-1.4969837668349504,0,0
0,-0.7840340785415011,0,0
0,-1.1636381179123823,0,0
0,-0.2569850404008023,0,0
0,-0.756331150424544,0,0
0,-0.8268606081606327,0,0
0,-1.4563650007738884,0,0
0,-1.2136836229640915,0,0
0,-0.5166310245435243,0,0
0,-1.573321402517975,0,0
0,-1.1021492508609856,0,0
0,-1.4515556090845587,0,0
0,-0.8521215877018242,0,0
0,-1.953616956274994,0,0
0,-0.9856596122272774,0,0
0,-0.5068160082011465,0,0
0,-0.7727791050815744,0,0
0,-1.5192500114240213,0,0
0,-1.4589928682381128,0,0
0,-0.6538734644583344,0,0
0,-1.352918350417871,0,0
0,-0.7827051145564801,0,0
0,-1.4277806882870037,0,0
0,-0.8261829546948527,0,0
0,-1.2558736024228057,0,0
0,-1.2301941192699148,0,0
0,-0.9255196468798182,0,0
0,-2.2780040408303646,0,0
0,-1.5958753114101967,0,0
0,-2.165155532670319,0,0
0,-0.9915660772689168,0,0
0,-0.7457973872769263,0,0
0,-1.47445732471731,0,0
0,-0.9981808479219271,0,0
0,-1.3142304264220963,0,0
0,-1.1285256839429825,0,0
0,-1.402519177196742,0,0
0,-0.5166310245435243,0,0
0,-1.7362464423599424,0,0
0,-1.4425526063341367,0,0
0,-1.4848748854057652,0,0
0,-1.7373821582708162,0,0
0,-1.0469837659785326,0,0
0,-1.7888037387101372,0,0
0,-0.5518775719828279,0,0
0,-0.6801781213202251,0,0
0,0.14902705886802592,0,1
0,-0.8629189893306798,0,0
0,-1.3721300965622851,0,0
0,-0.5722572117063855,0,0
0,-0.7114397477037657,0,0
0,-1.9154830242593786,0,0
0,-1.43600707261555,0,0
0,-1.4119014576056643,0,0
0,-1.3980804708522618,0,0
0,-1.3694180420062798,0,0
0,-1.3414762528238886,0,0
0,-1.2917002439883705,0,0
0,-1.6613499501134368,0,0
0,-1.1424930060834033,0,0
0,-1.4284575670552209,0,0
0,-1.6439300245632795,0,0
0,-1.5212302637152684,0,0
0,-1.4305917623199922,0,0
0,-1.7680178809523834,0,0
0,-1.129847551391311,0,0
0,-1.953616956274994,0,0
0,-0.2075893972499575,0,0
0,-2.3373569675649,0,0
0,-1.2432830938738713,0,0
0,-1.1283816409702858,0,0
0,-0.7348344588810705,0,0
0,-0.1425936198442397,0,0
0,-0.7848251364179943,0,0
0,-0.3141460414002424,0,0
0,-2.0998162097885635,0,0
0,-0.9585387529793288,0,0
0,-1.104190776675778,0,0
0,-0.9487443771870848,0,0
0,-1.4721143645652273,0,0
0,-1.8850649253882548,0,0
0,-2.2215985798043474,0,0
0,-1.9560824254525913,0,0
0,-1.7321848577823444,0,0
0,-0.48799085859155,0,0
0,-0.7567297696979429,0,0
0,-2.1714636939169782,0,0
0,-2.3766806610686833,0,0
0,-2.0218542845541014,0,0
0,-0.7968464113840663,0,0
0,-1.7315241038661204,0,0
0,-1.6344907886781055,0,0
0,-2.590628191699557,0,0
0,-0.9772020903417087,0,0
0,-2.6030385640571,0,0
0,-2.3930383113425893,0,0
0,-0.5615024570702789,0,0
0,-1.4473525904670819,0,0
0,-1.718681837758579,0,0
0,-0.8688418114592359,0,0
0,-1.309052453932716,0,0
0,-1.50663855746811,0,0
0,-1.421930264475698,0,0
0,-1.1166019829514462,0,0
0,-1.8961746839082814,0,0
0,-1.3036555072502265,0,0
0,-1.2871196837971994,0,0
0,-2.075285665709936,0,0
0,-1.0695629737533008,0,0
0,-0.8934834445103014,0,0
0,-1.248720024157063,0,0
0,-2.171879292800866,0,0
0,-0.12249110054060944,0,0
0,-2.4119544157649053,0,0
0,0.41468353167216354,1,1
0,-2.031730756947694,0,0
0,-0.5291657184933108,0,0
0,-1.0115110513246068,0,0
0,-0.7355082290824388,0,0
0,-1.7114825853294104,0,0
0,-1.5535505845069775,0,0
0,-2.5084408985558952,0,0
0,-1.5845779462307297,0,0
0,-1.5717580493200862,0,0
0,-0.8005680228011505,0,0
0,-2.2555986948227265,0,0
0,-2.1613702521607525,0,0
0,-1.1470935090566283,0,0
0,-2.020894246342042,0,0
0,-2.5835680095476987,0,0
0,-1.980707378592975,0,0
0,-1.1745048334642991,0,0
0,-2.477815855651196,0,0
0,-0.9865093470542378,0,0
0,-1.255040460015652,0,0
0,-1.6526840360966721,0,0
0,-1.3880078522079153,0,0
0,-1.829948894450506,0,0
0,-0.6837904954434844,0,0
0,-2.23791584226432,0,0
0,-1.2096545224417041,0,0
0,-1.3028703703881424,0,0
0,-1.2400240343142954,0,0
0,-1.6175924826462071,0,0
0,-2.0958881456887815,0,0
0,-2.3238224614527,0,0
0,-2.872359154954762,0,0
0,-1.5458794195544154,0,0
0,-1.274168916213041,0,0
0,-1.6512430727548244,0,0
0,-1.8776152178527843,0,0
0,-1.7628849466382577,0,0
0,-1.7843282590650134,0,0
0,-0.5719792221558059,0,0
0,-0.2768324609106907,0,0
0,-0.860271432907989,0,0
0,-2.8154224483887274,0,0
0,-1.6082682583840775,0,0
0,-1.4764878583802932,0,0
0,-1.1114391439556608,0,0
0,-2.9605963939988578,0,0
0,-1.6960888258827809,0,0
0,-2.37514760866825,0,0
0,-1.965565551790435,0,0
0,-1.6741042484072493,0,0
0,-0.9338215688002772,0,0
0,-2.210878159397898,0,0
0,-2.3743861309343606,0,0
0,-1.3991374178306706,0,0
0,-1.6406462130124844,0,0
0,-1.8319100352253606,0,0
0,-1.1676062763403934,0,0
0,-1.5590925549700425,0,0
0,-1.2869744752538916,0,0
0,-1.8395839095940167,0,0
0,-1.1937756836541467,0,0
0,-0.9412558031009023,0,0
0,-1.377841957780492,0,0
0,-2.790345671617885,0,0
0,-1.169779326871691,0,0
0,-0.8244832930571824,0,0
0,-1.7257179097972504,0,0
0,-1.996400559845409,0,0
0,-1.2959249010261662,0,0
0,-2.084370666810288,0,0
0,-1.8272751891201007,0,0
0,-1.5459176044253877,0,0
0,-1.7529435906677788,0,0
0,-0.8406124463611166,0,0
0,-0.4914557401554265,0,0
0,-2.104546813010728,0,0
0,-0.4048138492307128,0,0
0,-0.5472732808170208,0,0
0,-2.2337875540353997,0,0
0,-1.6320724207719284,0,0
0,-1.5013842591466737,0,0
0,-1.6167071762487697,0,0
0,-1.1811358819631295,0,0
0,-1.4537870492492044,0,0
0,-0.8608263753318197,0,0
0,-0.41462456123593583,0,0
0,-2.054422195117422,0,0
0,-1.2656221202314168,0,0
0,-1.4053388101549147,0,0
0,-2.1070122677564744,0,0
0,-1.972308847166687,0,0
0,-0.7445776719906609,0,0
0,-1.6703703271023982,0,0
0,-2.0367770557252065,0,0
0,-1.940490612017307,0,0
0,-1.72532556323615,0,0
0,-1.256555870967592,0,0
0,0.1894790708415739,0,1
0,-1.2950233842745102,0,0
0,-0.7759619879965765,0,0
0,-1.3593790614089105,0,0
0,-2.148034999145341,0,0
0,-1.8237694605037316,0,0
0,-2.0298235106033675,0,0
0,-1.6350908061837695,0,0
0,-1.1222513327853958,0,0
0,-1.9601084497412038,0,0
0,-2.368585191255685,0,0
0,-1.2011491035894601,0,0
0,-1.4045435703540354,0,0
0,-2.1057653661556732,0,0
0,-0.4240305943937804,0,0
0,-0.8310703988573847,0,0
0,-1.215611827359962,0,0
0,-1.9862393409896257,0,0
0,-2.1096391467575506,0,0
0,-0.4718155667796746,0,0
0,-1.7561895404820174,0,0
0,-1.684356667651921,0,0
0,-1.2027880644568143,0,0
0,-2.2481638952042537,0,0
0,-1.371060820298791,0,0
0,-1.6945367665195339,0,0
0,-1.139938671077747,0,0
0,-2.264340467963147,0,0
0,0.0942399775808414,0,1
0,-1.128608508051415,0,0
0,-0.3321622421077144,0,0
0,-1.7001360520190447,0,0
0,-1.5312992995367676,0,0
0,-2.2532548048019603,0,0
0,-2.0361750151370006,0,0
0,-0.929952257638781,0,0
0,-1.6916833473239676,0,0
0,-1.2193366563011891,0,0
0,-1.83085662154329,0,0
0,-1.4574416926644154,0,0
0,-2.0386270841808916,0,0
0,-1.5516060184372855,0,0
0,-0.11277155946349218,0,0
0,-1.3368796556962121,0,0
0,-0.7449886925005453,0,0
0,-0.13316452535390982,0,0
0,-0.5904854788472159,0,0
0,-1.5407419202172496,0,0
0,-1.78823015549104,0,0
0,-2.211012707522893,0,0
0,-2.1175436486862,0,0
0,-1.6751397337370686,0,0
0,-1.0421791759419285,0,0
0,-1.7634420868250151,0,0
0,-2.0177802746036977,0,0
0,-1.1706186197138335,0,0
0,-1.5008349146898414,0,0
0,-1.2603146996543875,0,0
0,-1.3811903665135734,0,0
0,-1.9719127650159534,0,0
0,0.4507659790175297,1,1
0,-2.5199654364661774,0,0
0,-1.193653642861959,0,0
0,-0.7516205529321613,0,0
0,-1.5191408483280018,0,0
0,-0.9399657335766365,0,0
0,-0.7498140346880702,0,0
0,-1.5974573121551559,0,0
0,-1.2824734050456112,0,0
0,-1.4979668953766163,0,0
0,-0.6930905659836946,0,0
0,-0.9854681817196725,0,0
0,-0.5272581934543059,0,0
0,-1.023578787950997,0,0
0,-0.13292085157648698,0,0
0,-1.9134594179861564,0,0
0,-1.4984638789339737,0,0
0,-1.521583607777464,0,0
0,-1.3576284256593203,0,0
0,-2.662722907904846,0,0
0,-0.7313174463756118,0,0
0,-2.1959298346783855,0,0
0,-1.191300442236935,0,0
0,-0.4697154849621033,0,0
0,-0.7369736708893337,0,0
0,-2.179004438611266,0,0
0,-0.7989397033929451,0,0
0,-1.508362663061972,0,0
0,-1.789504960898912,0,0
0,-2.1532333621079394,0,0
0,-0.5748243287089642,0,0
0,-2.5066523522788815,0,0
0,-1.346153792985246,0,0
0,-1.3492239662666075,0,0
0,-1.4754749263943427,0,0
0,-0.9433151453604837,0,0
0,-1.647628605623178,0,0
0,-2.6542393303719765,0,0
0,-0.052714237120041696,0,0
0,-0.2351511031649411,0,0
0,-2.045392689523016,0,0
0,-1.9074131526850095,0,0
0,-1.7440572401979786,0,0
0,-1.4740705523936453,0,0
0,-0.16534925603588502,0,0
0,-2.3938731551426256,0,0
0,-0.9693984334744259,0,0
0,-2.026406937518844,0,0
0,-1.2664586042709294,0,0
0,-0.7289106082602683,0,0
0,-0.8461009326023982,0,0
0,-0.7413439463955054,0,0
0,-1.6935080012250205,0,0
0,-1.6902645661865936,0,0
0,-1.062578128915409,0,0
0,-1.1540271584694786,0,0
0,-1.7860425073252788,0,0
0,-1.2494783443088453,0,0
0,-1.5817553015368118,0,0
0,-1.3055665882149956,0,0
0,-1.7237838653914048,0,0
0,-2.323334482420057,0,0
0,-1.2250594706890934,0,0
0,-1.485415385636375,0,0
0,-2.2560155183085895,0,0
0,-0.8475707504928626,0,0
0,-0.886929758072255,0,0
0,-0.5334459339745105,0,0
0,-1.997658695289625,0,0
0,0.7438443722471807,1,1
0,-1.7336640845576672,0,0
0,-2.213348819486853,0,0
0,-1.314973037197109,0,0
0,-1.8382813791827313,0,0
0,-0.5634937785444599,0,0
0,-1.496259501433007,0,0
0,-1.6534717532335272,0,0
0,-0.011481682027903783,0,0
0,-1.3835625846533968,0,0
0,-0.7430475316436524,0,0
0,-2.0583708594289907,0,0
0,-1.5843631749659242,0,0
0,-1.7772103083876205,0,0
0,-2.497559557700753,0,0
0,-1.5785257227809346,0,0
0,-1.282365967425806,0,0
0,-1.6266107404493853,0,0
0,-0.7567287043497507,0,0
0,-1.8154256684702155,0,0
0,-0.5363372938540878,0,0
0,-1.648508524631073,0,0
0,-1.9373040612254253,0,0
0,-1.1540464364330258,0,0
0,-2.1162421042777497,0,0
0,-0.9547843406570613,0,0
0,-0.824479195351176,0,0
0,-0.10134488627284352,0,0
0,-0.32721958957469455,0,0
0,-1.4261086084672847,0,0
0,-2.114442433905291,0,0
0,-2.1277549999419465,0,0
0,-1.6783479936659766,0,0
0,-1.9186648739096,0,0
0,-1.6179199130429742,0,0
0,-1.1975977347017295,0,0
0,-1.8203636539062056,0,0
0,-0.9083490601311854,0,0
0,-1.0931267897095656,0,0
0,-1.5540778048560893,0,0
0,-2.246111761936286,0,0
0,-2.5144338014000946,0,0
0,-2.0896188166189416,0,0
0,-2.083371900593511,0,0
0,-1.8805348572399536,0,0
0,-2.283753279728415,0,0
0,-0.08052325199593874,0,0
0,-0.9076565382825812,0,0
0,-0.6367373362388635,0,0
0,-1.180829943819035,0,0
0,-0.5228717133320124,0,0
0,-1.641911970140777,0,0
0,-1.7937422282705477,0,0
0,-1.6784586185049277,0,0
0,-1.6200266657350277,0,0
0,-1.2646539459049462,0,0
0,-1.5694669051816166,0,0
0,-1.1048199407974706,0,0
0,-0.5644205807186173,0,0
0,-0.814661370878994,0,0
0,-0.9902478596149945,0,0
0,-1.55440132106428,0,0
0,-1.555165635403878,0,0
0,-0.08653606562285365,0,0
0,-1.9086464641171328,0,0
0,-1.8718550440868849,0,0
0,-0.6867062329187952,0,0
0,-1.4329405042676893,0,0
0,-1.578721907430921,0,0
0,-2.0885399704328913,0,0
0,-1.7165911789033421,0,0
0,-1.1471935202101369,0,0
0,-1.5170458352941218,0,0
0,-0.6185796871749241,0,0
0,-2.0064601522984113,0,0
0,-2.3842368737513984,0,0
0,-1.4860259710900783,0,0
0,-1.6414359060849364,0,0
0,-0.684316715431622,0,0
0,-2.289996301754914,0,0
0,-1.703009323265705,0,0
0,-0.8770175179883797,0,0
0,-2.022306444113362,0,0
0,-2.532861339821769,0,0
0,-0.8626931794353185,0,0
0,-1.404597691065311,0,0
0,-1.8852017550273805,0,0
0,-0.8516813647892839,0,0
0,-2.6881722223377955,0,0
0,-1.1961529821358399,0,0
0,-1.225892989619272,0,0
0,-2.1653566075855015,0,0
0,-1.4144640912427402,0,0
0,-0.3109943176136235,0,0
0,-1.105696057158172,0,0
0,-1.0489744542049841,0,0
0,-0.9989031994549288,0,0
0,-2.1562283211682156,0,0
0,-1.5910242621007278,0,0
0,-1.3121324146505664,0,0
0,-1.9460905237109127,0,0
0,-1.4340077093951682,0,0
0,-1.2338527847547502,0,0
0,-1.8923828784416354,0,0
0,-2.2718723068265247,0,0
0,-3.1385715885295267,0,0
0,-2.2119154434051884,0,0
0,-1.2429746654635951,0,0
0,-2.697081587799319,0,0
0,-0.8082227248934518,0,0
0,-2.341575581662532,0,0
0,-2.4442303427872654,0,0
0,-1.6368138831841774,0,0
0,-1.2631290832423403,0,0
0,-1.1593562242481785,0,0
0,-1.5430500549178525,0,0
0,-1.2640701866828727,0,0
0,-1.7881006407862268,0,0
0,-1.2798424670332595,0,0
0,-0.21339966298695665,0,0
0,-2.0634664534053364,0,0
0,-1.7102615042551985,0,0
0,-2.2365034269117787,0,0
0,-2.559626948082185,0,0
0,-1.8413453797038617,0,0
0,-1.1661814405259108,0,0
0,-1.7856899023927348,0,0
0,-0.5582979513444848,0,0
0,-1.3295963649556448,0,0
0,-1.5173366924912655,0,0
0,-1.5502794724569826,0,0
0,-1.4205010178310107,0,0
0,-1.8800241037335903,0,0
0,-2.1883962761421634,0,0
0,-0.9914449678914439,0,0
0,-1.1237310886044143,0,0
0,-2.348288773005964,0,0
0,-2.1594460791874144,0,0
0,-1.9723680538742916,0,0
0,-0.9061620152752909,0,0
0,-0.9167497190452827,0,0
0,-1.9468770031721054,0,0
0,-1.4953229611451118,0,0
0,-1.8070991878702296,0,0
0,-0.9516506032077025,0,0
0,-1.8116797323809397,0,0
0,-1.9260896845365965,0,0
0,-0.9172593183185155,0,0
0,-1.3585182928397352,0,0
0,-2.1342472503547243,0,0
0,-0.8805041153520717,0,0
0,-0.5178027032727225,0,0
0,-0.25482437280707315,0,0
0,-1.2826793823822067,0,0
0,-1.285690596545348,0,0
0,-1.5821696111778043,0,0
0,-1.5609003848728662,0,0
0,-1.9118165865173382,0,0
0,-2.2731779203537275,0,0
0,-1.8647386150253444,0,0
0,-2.5683457751885284,0,0
0,-2.081576327963385,0,0
0,-0.6507318111314451,0,0
0,-1.8806177741996297,0,0
0,-2.635494979646503,0,0
0,-2.7369589719508145,0,0
0,-1.7260978441787267,0,0
0,-1.5035194700639463,0,0
0,-2.4510933658239806,0,0
0,-1.2540682604802291,0,0
0,-1.584009667882568,0,0
0,-0.5169996025506458,0,0
0,-1.547507985795832,0,0
0,-2.155371196579571,0,0
0,-0.8027180454083132,0,0
0,-1.3039208875966408,0,0
0,-2.0214377637917957,0,0
0,-1.0540254861740062,0,0
0,-0.7595174479335194,0,0
0,-2.118839858021131,0,0
0,-1.3581877193495244,0,0
0,-2.2195157589375856,0,0
0,-1.9551911473405466,0,0
0,-1.6361013692935726,0,0
0,-2.932531516154993,0,0
0,-1.7854216024839906,0,0
0,-2.6681644675981326,0,0
0,-1.2492100735431904,0,0
0,-2.5438333825302175,0,0
0,-1.3871321238229033,0,0
0,-1.2879539971674978,0,0
0,-2.0822794586052575,0,0
0,-1.3134496091286767,0,0
0,-1.8521641559676687,0,0
0,-1.8884751835014986,0,0
0,-1.968526247057842,0,0
0,-1.2456795631836366,0,0
0,-1.407596605712162,0,0
0,-1.5741734018395848,0,0
0,-2.126633567525183,0,0
0,-1.129431357401785,0,0
0,-2.100134327534641,0,0
0,-2.079710060176769,0,0
0,-0.7760325396294891,0,0
0,-1.7228529757051323,0,0
0,-0.4273305054562117,0,0
0,-1.243778502011619,0,0
0,-1.1756366161377745,0,0
0,-1.0842265598766536,0,0
0,-1.9364650821313716,0,0
0,-1.9437285375241453,0,0
0,0.07915127955046986,0,1
0,-1.0513209691582128,0,0
0,-0.12449800334693678,0,0
0,-1.0148838217144256,0,0
0,-1.4987848836287223,0,0
0,-0.900724888483806,0,0
0,-1.4604027156752872,0,0
0,-1.5116214297003192,0,0
0,-1.9744919223118012,0,0
0,-1.8699827127689894,0,0
0,-1.6212414202001262,0,0
0,-2.0140471284444192,0,0
0,-2.313441031503516,0,0
0,-1.9815972861119149,0,0
0,-1.5786944184639937,0,0
0,-1.3663746626410926,0,0
0,-1.1999503703200294,0,0
0,-1.3411328430293714,0,0
0,-1.3145596483965911,0,0
0,-0.3852221367300287,0,0
0,-1.699179457743265,0,0
0,-1.8984308226793574,0,0
0,-1.6837548383382361,0,0
0,-1.535451797572985,0,0
0,-0.6434594635295974,0,0
0,-1.5908138113105372,0,0
0,-0.9210701921774858,0,0
0,-0.8668946937012945,0,0
0,-1.9310329486599453,0,0
0,-2.040028840327495,0,0
0,-1.4127411658061715,0,0
0,-0.9477788565450184,0,0
0,-1.5137701117554743,0,0
0,-0.609750587272883,0,0
0,-0.8068615090877747,0,0
0,-0.803794571172457,0,0
0,-2.4761706146562914,0,0
0,-0.8162947359031728,0,0
0,-1.4583798486609245,0,0
0,-1.2809942648970563,0,0
0,-1.3341153301833137,0,0
0,-1.4015161616144498,0,0
0,-1.4273469102579326,0,0
0,-1.1084006056405458,0,0
0,-1.8740249874832209,0,0
0,-1.9674968619162398,0,0
0,-1.7925431651866988,0,0
0,-1.6929380706806278,0,0
0,-1.576410021993381,0,0
0,-1.4183031950103202,0,0
0,-1.57946949625962,0,0
0,-0.9174523825654554,0,0
0,-0.681474727792509,0,0
0,-2.3959503557396995,0,0
0,-2.1444222303505343,0,0
0,-1.6206834821437583,0,0
0,-1.4621556669248172,0,0
0,-1.5000613223751311,0,0
0,-1.4363078926075823,0,0
0,-2.2663761372019087,0,0
0,-1.35237617600824,0,0
0,-1.6815436023112031,0,0
0,-0.7801203870025905,0,0
0,-2.548761063439953,0,0
0,-1.5953196507275673,0,0
0,-1.7412378581416101,0,0
0,-0.7739117165623479,0,0
0,-1.3663023064601636,0,0
0,-1.231155418410747,0,0
0,-1.2583107855485904,0,0
0,-2.189968863529249,0,0
0,-2.3412099815776766,0,0
0,-0.806236676066548,0,0
0,-0.3884809302883208,0,0
0,-1.3958826547641783,0,0
0,-3.077738007902586,0,0
0,-1.0808672157374075,0,0
0,-1.5781192781870619,0,0
0,-0.49553761578116373,0,0
0,-2.127268751639804,0,0
0,-1.8798213277546902,0,0
0,-1.337525252802672,0,0
0,-1.7496774745959809,0,0
0,-2.6468811343902177,0,0
0,-2.1329180985042937,0,0
0,-1.858843247134316,0,0
0,-2.692422700158065,0,0
0,-1.890045678604248,0,0
0,-0.5533091496349245,0,0
0,-0.9712993770417239,0,0
0,-0.6849066104598529,0,0
0,-1.8174347763669223,0,0
0,-1.617768588239548,0,0
0,-1.3064689246031436,0,0
0,-1.7125370132035536,0,0
0,-1.9504361337551135,0,0
0,-1.532552700346458,0,0
0,-1.432839576285292,0,0
0,-1.3627116234066228,0,0
0,-1.9687314585255207,0,0
0,-2.304710688919123,0,0
0,-0.2382970960480536,0,0
0,-1.9064029979213024,0,0
0,-1.1006675825403,0,0
0,-0.7505291893445869,0,0
0,-1.8996717656082391,0,0
0,-1.4201674929688028,0,0
0,-0.844170609382012,0,0
0,-1.024096648275623,0,0
0,-2.378987726790931,0,0
0,-2.6657924528262464,0,0
0,-1.2403396035030991,0,0
0,-1.2270733488562622,0,0
0,-1.3505449046205076,0,0
0,-1.3657312547528995,0,0
0,-1.5970789556370426,0,0
0,-1.760592260315677,0,0
0,-1.592800377223055,0,0
0,-1.8638966026229995,0,0
0,-1.7116362909980367,0,0
0,-1.004580487518666,0,0
0,-1.7732316188084134,0,0
0,-2.5966271802802035,0,0
0,-1.7795059955203554,0,0
0,-1.6835005481344854,0,0
0,-0.5201452853975399,0,0
0,-1.3930738234354654,0,0
0,-1.7812085718148647,0,0
0,-2.1160691258850983,0,0
0,-1.5435810279710416,0,0
0,-2.175312204169668,0,0
0,-1.2889077286847066,0,0
0,-0.8115474274022003,0,0
0,-0.11285942212120464,0,0
0,-1.4994649138070395,0,0
0,-1.5906330937536932,0,0
0,-1.8570650546418443,0,0
0,-1.3443629239628163,0,0
0,-2.1308947320235703,0,0
0,-1.796291174448149,0,0
0,-1.7787007930243455,0,0
0,-2.089979616311077,0,0
0,-1.2975699122715918,0,0
0,-1.7594015972295876,0,0
0,-0.37105304946773415,0,0
0,-1.8983128791197599,0,0
0,-1.4471443891440163,0,0
0,-0.17166094942129212,0,0
0,-1.7804648959712277,0,0
0,-1.1844981428858632,0,0
0,-1.6245446918440725,0,0
0,-0.9740596742714848,0,0
0,-1.626291096893885,0,0
0,0.06698084359241929,0,1
0,-1.2786146453397487,0,0
0,-1.6127612019900832,0,0
0,-1.6442357087072823,0,0
0,-1.415500199459225,0,0
0,-0.30267232525278265,0,0
0,-1.1773658615125107,0,0
0,-0.19640398968870917,0,0
0,-2.8867073689749794,0,0
0,-2.2990848220622215,0,0
0,-1.5896148294941836,0,0
0,-2.391470468521176,0,0
0,-2.0580547794688306,0,0
0,-1.863688290643096,0,0
0,-1.776013786145159,0,0
0,-0.9359902954708431,0,0
0,-1.7686096186967548,0,0
0,-1.33530398848796,0,0
0,-1.4783861995097398,0,0
0,-1.3102720383629394,0,0
0,-1.610193115676775,0,0
0,-1.8506640252878532,0,0
0,-0.9528915859865379,0,0
0,-1.9359558662651484,0,0
0,-2.2667959679711025,0,0
0,-1.4966889228073446,0,0
0,-0.8702062090408201,0,0
0,-2.54658603427778,0,0
0,-1.890763537967029,0,0
0,-1.566317852667384,0,0
0,-0.32647569958184885,0,0
0,-1.1339996744366339,0,0
0,-1.75899420778078,0,0
0,-1.54322496741805,0,0
0,-1.6783094329564077,0,0
0,-1.4463928377821031,0,0
0,-1.8807908657117878,0,0
0,-1.9630794088861934,0,0
0,-1.9088314937347617,0,0
0,-1.631206418150175,0,0
0,-1.9975313956724894,0,0
0,-1.8337709281894563,0,0
0,-2.645768981750892,0,0
0,-0.42245757811623896,0,0
0,-0.8485364719513505,0,0
0,-2.3782304891366355,0,0
0,-0.060172432227482864,0,0
0,-1.8327455467289964,0,0
0,-0.9636616930144521,0,0
0,0.4743984403211525,1,1
0,-2.3409484679515513,0,0
0,-2.2622116397449923,0,0
0,-1.6927850535097315,0,0
0,-1.9887440647590182,0,0
0,-0.8569725675201335,0,0
0,-2.2006688549331623,0,0
0,-1.3874117615028783,0,0
0,-2.0567467693795263,0,0
0,-1.5264836337741392,0,0
0,-0.9259239458817087,0,0
0,-0.41444342745823254,0,0
0,-1.7017423276921915,0,0
0,-0.8881515616188874,0,0
0,-0.7463630223201273,0,0
0,-0.5501692171510405,0,0
0,-1.656952925113961,0,0
0,-1.7261194930036976,0,0
0,-0.8484495631261016,0,0
0,-1.0687397197129558,0,0
0,-1.4053765463688763,0,0
0,-2.121810280984408,0,0
0,-2.085509645058299,0,0
0,-0.795806882929567,0,0
0,-1.1757718470923395,0,0
0,-0.5409789458370957,0,0
0,-1.6045786614839992,0,0
0,-1.236383127506134,0,0
0,-2.0168630732339516,0,0
0,-1.2756470108019893,0,0
0,-1.618931554659476,0,0
0,-1.676043266486873,0,0
0,-0.6670334972826195,0,0
0,-2.2566318735911133,0,0
0,-1.9594139631123726,0,0
0,-1.974851067623279,0,0
0,-2.4919009081051198,0,0
0,-0.4062678826170946,0,0
0,-1.298558472446002,0,0
0,-2.1949141166679365,0,0
0,-1.9679312170004097,0,0
0,-0.7581826503385871,0,0
0,-1.4438950692680552,0,0
0,-2.105249004607233,0,0
0,-1.5175055249511429,0,0
0,-1.7793747966861004,0,0
0,-1.544164389188421,0,0
0,-1.8891793667703274,0,0
0,-1.4825660406196999,0,0
0,-0.04223109705954026,0,0
0,-0.48948354119802423,0,0
0,-1.1572964490064062,0,0
0,-1.5398484072107896,0,0
0,-1.148883352361512,0,0
0,-1.0530346918988545,0,0
0,-1.6013663635038244,0,0
0,-1.1601401541271634,0,0
0,-1.1281911220421077,0,0
0,-1.163617145392728,0,0
0,-1.800256978076634,0,0
0,-0.7224541338301355,0,0
0,-1.5053687592860716,0,0
0,-1.7077675684153797,0,0
0,-1.1981222712732165,0,0
0,-1.7497679619099018,0,0
0,0.2910858428158871,0,1
0,-1.8201685025143646,0,0
0,-2.046424837898909,0,0
0,-0.6958055920697368,0,0
0,-2.4538340509171683,0,0
0,-2.017571193667203,0,0
0,-2.0210682280308996,0,0
0,-1.0314818301186688,0,0
0,-0.39183499847935777,0,0
0,-1.0738367288764654,0,0
0,-0.883538367676741,0,0
0,-2.776423830910947,0,0
0,-1.6957544355431762,0,0
0,-1.2994174524435986,0,0
0,-1.5761338867583348,0,0
0,-0.44963141163536935,0,0
0,-1.0513915545828714,0,0
0,-3.419672842988342,0,0
0,-1.6677569965857972,0,0
0,-2.6717874305506566,0,0
0,-2.5047935488023483,0,0
0,-1.7651032948807446,0,0
0,-1.546234474579372,0,0
0,-2.126611220013708,0,0
0,-2.1637405626648767,0,0
0,-1.3038693444052498,0,0
0,-2.6385179086793564,0,0
0,-0.10802863431748178,0,0
0,-0.04809867168283938,0,0
0,-2.129902569497141,0,0
0,-1.1329898873859514,0,0
0,-0.6519361053715028,0,0
0,-2.704526919540069,0,0
0,-1.9576147553948098,0,0
0,-1.4780141135818887,0,0
0,-2.4951766064348497,0,0
0,-1.6220323438000328,0,0
0,-1.8214496428692812,0,0
0,-1.6746588433017289,0,0
0,-0.9798686472523133,0,0
0,-2.0191915706313823,0,0
0,-1.5732618701229435,0,0
0,-2.6710518123125384,0,0
0,-0.9145742054930275,0,0
0,-1.1122467637452627,0,0
0,-1.9429173373405653,0,0
0,-1.3092285199127784,0,0
0,-0.6540656942816883,0,0
0,-0.2611178597606725,0,0
0,-0.9756699731500558,0,0
0,-2.354925624859965,0,0
0,-0.0023231481744150906,0,0
0,-1.1905567034625197,0,0
0,-1.0383573914240307,0,0
0,-0.7694403086154387,0,0
0,-1.5295042362411726,0,0
0,-1.4334731140589412,0,0
0,-2.031668546510706,0,0
0,-1.5824953087566578,0,0
0,-1.0114692143326192,0,0
0,-2.777817605522629,0,0
0,-1.198181123894889,0,0
0,-2.116676351717196,0,0
0,-1.5683181080289588,0,0
0,-0.8815635841433319,0,0
0,-2.4370391657266195,0,0
0,-0.18619863871796477,0,0
0,-1.840421390418817,0,0
0,-1.8490995056387858,0,0
0,-1.469833765671182,0,0
0,-1.714005740433072,0,0
0,-1.2273970560130034,0,0
0,-1.1058772540137576,0,0
0,-2.8071405157541323,0,0
0,-0.8570352752251126,0,0
0,-0.9117760537501739,0,0
0,-2.072450269284385,0,0
0,-2.713520332104153,0,0
0,-1.3873496810908033,0,0
0,-0.20047281406473855,0,0
0,-1.760948128184403,0,0
0,-2.2097281740007015,0,0
0,-0.8434229836214309,0,0
0,-0.9800324197090755,0,0
0,-0.9058772919131245,0,0
0,-1.1386600009499932,0,0
0,-1.17120023656946,0,0
0,-1.1206442833779215,0,0
0,-2.628099259039424,0,0
0,-0.48641552622589923,0,0
0,-2.280231140320013,0,0
0,-1.1530114040568438,0,0
0,-1.6520538316563917,0,0
0,-1.4929557467208974,0,0
0,-1.0276734099354567,0,0
0,-2.3473598158967834,0,0
0,-0.8643332887716397,0,0
0,-1.035451472462884,0,0
0,-0.23603799289566013,0,0
0,-1.5832523011671258,0,0
0,-2.384513099306385,0,0
0,-1.6441965477400426,0,0
0,-2.5588959795037485,0,0
0,-1.5638103213098131,0,0
0,-2.2438107722583567,0,0
0,-1.2792445445851683,0,0
0,-0.9545741585672594,0,0
0,-1.7039754734896553,0,0
0,-0.9668856072275976,0,0
0,-1.3225294182632492,0,0
0,-1.1189653697590314,0,0
0,-2.3500402511562943,0,0
0,-1.2348691115757426,0,0
0,-2.0740461693735126,0,0
0,-1.0416135990385835,0,0
0,-1.263433617715648,0,0
0,-1.9156012161790024,0,0
0,-1.742093322929565,0,0
0,-1.724463050809728,0,0
0,-2.6387453015911406,0,0
0,-1.7535962160613017,0,0
0,-1.6942899279999524,0,0
0,-1.263704280332641,0,0
0,-2.2331640054680104,0,0
0,-1.8501988331322656,0,0
0,-0.40583100961986673,0,0
0,-1.5228128066256548,0,0
0,-2.2378386957658916,0,0
0,-1.503115727833554,0,0
0,-1.5809040580750637,0,0
0,-1.2108027056242943,0,0
0,-1.458015178695892,0,0
0,-0.7654716927337912,0,0
0,-1.1158471343788654,0,0
0,-1.7636314105726063,0,0
0,-0.24076468064397089,0,0
0,-0.9391928457177281,0,0
0,-2.107979122277303,0,0
0,-2.101744908300662,0,0
0,-1.6847588838010812,0,0
0,-1.5164257032182138,0,0
0,-1.1492957162750583,0,0
0,-2.1079539092323087,0,0
0,-1.3954181035117132,0,0
0,-1.3373312686357153,0,0
0,-1.5268530943263054,0,0
0,-0.6260180383702515,0,0
0,-2.2170176958836016,0,0
0,-1.4391863069858646,0,0
0,-2.5580189381451373,0,0
0,-1.7869618775512675,0,0
0,-0.9068671587525069,0,0
0,-2.490567114742423,0,0
0,-1.6322875459067983,0,0
0,-0.9124645117452699,0,0
0,-1.2411974872555525,0,0
0,-1.231841934342998,0,0
0,-0.25762218895505185,0,0
0,-2.0571510921983287,0,0
0,-0.6029803258939354,0,0
0,-0.8383546461656568,0,0
0,-1.5541327981486255,0,0
0,-1.0371318347578746,0,0
0,-0.6801080858475803,0,0
0,-0.6159987490348829,0,0
0,-1.781411498294239,0,0
0,-0.8201591382620164,0,0
0,-1.3620829077349264,0,0
0,-1.1713226016632072,0,0
0,-1.634724473976172,0,0
0,-1.1017826173352545,0,0
0,-0.911343955672936,0,0
0,-1.3502344994794764,0,0
0,-1.7826786182838723,0,0
0,-1.8534007828756618,0,0
0,0.05436477189055944,0,1
0,-1.428787759996395,0,0
0,-1.4981846884082604,0,0
0,-2.043187797247876,0,0
0,-1.1935564236755685,0,0
0,-0.9247632173668273,0,0
0,-1.8648122128939737,0,0
0,-2.428081593458868,0,0
0,-1.7675248087190627,0,0
0,-1.0336421680193077,0,0
0,-2.080615878835739,0,0
0,-0.40051557109793035,0,0
0,-2.106027875717815,0,0
0,-1.6590379887052022,0,0
0,-1.3632965499898257,0,0
0,-0.07295133961086808,0,0
0,-1.2380521501339714,0,0
0,-1.5430925793226415,0,0
0,-1.5498565658048422,0,0
0,-1.6060037639696882,0,0
0,-0.901844714098934,0,0
0,-2.5407890246242038,0,0
0,-3.126907811153836,0,0
0,-1.0067644516932068,0,0
0,-1.9805826396946484,0,0
0,-2.0013629146625895,0,0
0,-0.7310272814924221,0,0
0,-2.82053659113415,0,0
0,-2.512875571139154,0,0
0,-1.3481916428268614,0,0
0,-1.4768508556142468,0,0
0,-1.1111068732181488,0,0
0,-1.6353759632740248,0,0
0,-1.1160555187627283,0,0
0,-2.1929809745922277,0,0
0,-1.2498435024319932,0,0
0,-1.9435756415356833,0,0
0,-1.3322317438287845,0,0
0,-1.080087569417267,0,0
0,-1.581600234151444,0,0
0,-1.817193313165482,0,0
0,-2.212940201966448,0,0
0,0.5100613204763167,1,1
0,-3.244259612555416,0,0
0,-1.2633851402364042,0,0
0,-1.1380544335595575,0,0
0,-2.264470561822063,0,0
0,-1.5783446350715797,0,0
0,-1.2959180131956645,0,0
0,-1.9226535664831141,0,0
0,-2.2116437624028236,0,0
0,-2.3587046399772125,0,0
0,-1.9194943139376055,0,0
0,-0.3750336930345038,0,0
0,-1.8500522268407393,0,0
0,-2.0904368165882588,0,0
0,-1.6974314783908464,0,0
0,-0.48167234237494194,0,0
0,-2.722788122438035,0,0
0,-2.4392572098801484,0,0
0,-2.2515937596099858,0,0
0,-1.5621323209970055,0,0
0,-0.8535978886492674,0,0
0,-2.444515273545349,0,0
0,-1.6191708111263652,0,0
0,-1.3266056706027616,0,0
0,-1.9379806575852703,0,0
0,-2.1302737322016605,0,0
0,-1.0401019490860002,0,0
0,0.3821013817497445,1,1
0,-1.0801588709907703,0,0
0,-1.7991143783453016,0,0
0,-2.267881337539476,0,0
0,-1.5147724265201545,0,0
0,-0.3659940281117403,0,0
0,-1.9182610928514134,0,0
0,-1.5982721020566526,0,0
0,-1.1405995514159923,0,0
0,0.10667139820894095,0,1
0,-0.8245821139790235,0,0
0,-2.0713672148540105,0,0
0,-1.983366522052747,0,0
0,-1.9691090572570364,0,0
0,-1.31986439050225,0,0
0,-2.5226926012351796,0,0
0,-1.1826558738075714,0,0
0,-1.742215289266,0,0
0,-1.5782471520418038,0,0
0,-1.206227778432666,0,0
0,-2.2241129635844743,0,0
0,-1.5598711708603203,0,0
0,-2.5452783894465916,0,0
0,-1.8700479941031989,0,0
0,-1.1989222631355065,0,0
0,-2.1640731763540493,0,0
0,-1.18688461847923,0,0
0,-1.8663444110526561,0,0
0,-1.7013968328972795,0,0
0,-1.451046808457514,0,0
0,-1.0823081900750653,0,0
0,-1.3655651619649567,0,0
0,-1.5814664057136003,0,0
0,-1.4392645581586558,0,0
0,-2.5410585539279427,0,0
0,-1.3190506382453753,0,0
0,-0.28053052112668003,0,0
0,-1.1527367340509467,0,0
0,-0.6317381140424119,0,0
0,-1.4193542869051172,0,0
0,-0.9099695773426211,0,0
0,-0.9444281854656711,0,0
0,-0.6231387005800301,0,0
0,-2.5943698842508884,0,0
0,-0.7696423565392827,0,0
0,-2.502789601456554,0,0
0,-1.9564894430117565,0,0
0,-1.8705700506195115,0,0
0,-1.0391782659800686,0,0
0,-1.3296864874206364,0,0
0,-0.31898301912049215,0,0
0,-2.2070930091349767,0,0
0,-2.026775994151481,0,0
0,-0.7029524530517892,0,0
0,-2.315455410798731,0,0
0,-0.6470085056211436,0,0
0,-1.7238135918911612,0,0
0,-1.2045334931395653,0,0
0,-1.633214761016494,0,0
0,-0.598051560410348,0,0
0,-1.3677729910614436,0,0
0,-1.7539230362568805,0,0
0,-1.574302316324025,0,0
0,-1.7867321138932502,0,0
0,-0.1468555824568111,0,0
0,-1.0162452399333062,0,0
0,-1.9134054077671347,0,0
0,-1.8162322948199647,0,0
0,-2.137167164949487,0,0
0,-1.3907699084948018,0,0
0,-1.92596828478381,0,0
0,-0.9789348274977192,0,0
0,-1.0847456698953422,0,0
0,-1.795024693298736,0,0
0,-1.4672816068463144,0,0
0,-1.056031012099,0,0
0,-1.5110970052145136,0,0
0,-2.304843779998014,0,0
0,-1.6527636186931858,0,0
0,-1.5983643082439452,0,0
0,-1.0887361930061048,0,0
0,-2.0481475209989557,0,0
0,-1.2217944108360443,0,0
0,-1.9253753362890897,0,0
0,-1.3317701793398502,0,0
0,-1.373549532919733,0,0
0,-2.349463122942632,0,0
0,-1.54246682667788,0,0
0,-0.38884264449877604,0,0
0,-2.758545625319152,0,0
0,-0.556674628689321,0,0
0,-2.0177427946189397,0,0
0,-1.799742866924892,0,0
0,-0.9686729470135172,0,0
0,-2.389889229091689,0,0
0,-1.8661168960195353,0,0
0,-2.0783883603422604,0,0
0,-1.7987894265177231,0,0
0,-2.355584037048415,0,0
0,-1.281566184868276,0,0
0,-1.4061502369571657,0,0
0,-1.7756376006766401,0,0
0,-1.5828278206395963,0,0
0,-2.4719802130784307,0,0
0,-2.7700431626127857,0,0
0,-1.9313161829500798,0,0
0,-2.1706116889522122,0,0
0,-1.8885223726715,0,0
0,-1.9133789088474376,0,0
0,-1.8439364027030911,0,0
0,0.11058222404331963,0,1
0,-0.6062317425381596,0,0
0,-0.8110656954153026,0,0
0,-1.2259337054633654,0,0
0,-1.294918586639462,0,0
0,-2.1189000142554493,0,0
0,-1.4827401770681021,0,0
0,0.18017074911356468,0,1
0,-1.5298137049589182,0,0
0,-1.5963061182096983,0,0
0,-0.8398304298455825,0,0
0,0.4399238848914565,1,1
0,-1.692058899628579,0,0
0,-0.8799097729588882,0,0
0,-0.9610367445388998,0,0
0,-2.2641988706496927,0,0
0,-2.0711008249957725,0,0
0,-1.5780516303205352,0,0
0,-1.7828515394895668,0,0
0,-1.2954693982411045,0,0
0,-1.106641266765405,0,0
0,-2.359444554066377,0,0
0,-1.0205351844942112,0,0
0,-2.4506663725978948,0,0
0,-0.5012508871048841,0,0
0,-1.1412528604432908,0,0
0,-1.5867623807907698,0,0
0,-2.1779226853814686,0,0
0,-1.5850200178027332,0,0
0,-1.2478359605807752,0,0
0,-1.8785972172288576,0,0
0,-1.6792685188639949,0,0
0,-1.6213116644653298,0,0
0,-2.5799121742213402,0,0
0,-1.3605973557678976,0,0
0,-1.9233592097274816,0,0
0,-0.374894812948725,0,0
0,-1.53047763853669,0,0
0,-1.2946320596534422,0,0
0,-1.5362576184157382,0,0
0,-1.1079900105306826,0,0
0,-1.412964330781727,0,0
0,-1.7175431732450899,0,0
0,-0.64733995443888,0,0
0,-1.8647612663033262,0,0
0,-1.4454036109671171,0,0
0,-2.3343034196541694,0,0
0,-2.298204468148919,0,0
0,-0.6891142038292859,0,0
0,-0.4687645210061223,0,0
0,-2.5499720868429807,0,0
0,0.11991787766748657,0,1
0,-1.4181633497975041,0,0
0,-3.059970900443363,0,0
0,-1.6320597547115643,0,0
0,-2.6958933838341426,0,0
0,-1.3894117037114033,0,0
0,-1.6074170234631961,0,0
0,-0.3527521277999544,0,0
0,-1.3781211313703956,0,0
0,-1.7622907709747189,0,0
0,-1.1862055534768643,0,0
0,-1.5995122088680063,0,0
0,-2.9036287530041895,0,0
0,-2.066416514292155,0,0
0,-1.3709758948972621,0,0
0,-1.678561052807066,0,0
0,-1.7279619954766736,0,0
0,-1.8046549286060793,0,0
0,-1.145516635374222,0,0
0,-1.3263247639738753,0,0
0,-1.6238436819847983,0,0
0,-2.1868628917351276,0,0
0,-2.39418846924888,0,0
0,-1.0790720569101282,0,0
0,-1.880873001783764,0,0
0,-1.7892303379543812,0,0
0,-1.9050905370565068,0,0
0,-1.294131517537348,0,0
0,-1.9234305371392084,0,0
0,-1.4142664269954892,0,0
0,-2.320026668887795,0,0
0,-1.502316476882112,0,0
0,-2.2932271499780232,0,0
0,-0.6559243850056533,0,0
0,-2.1407646622266507,0,0
0,-1.421797339460082,0,0
0,-0.2695051461693796,0,0
0,-1.5470998402782707,0,0
0,-1.9447543631802389,0,0
0,-1.5411357244383015,0,0
0,-0.5981515811301238,0,0
0,-2.6797180648964884,0,0
0,-1.5290390016209092,0,0
0,-1.6028720438847555,0,0
0,-2.1172569416438916,0,0
0,-2.4721630325659603,0,0
0,-1.1508521351932757,0,0
0,-1.8101360287306907,0,0
0,-1.4821146526465023,0,0
0,-1.396189498061931,0,0
0,-2.844101876077332,0,0
0,-1.2991225439762495,0,0
0,-0.7038143374819072,0,0
0,-2.121247303277247,0,0
0,-2.6432758140501096,0,0
0,-1.5448925154532613,0,0
0,-1.8059999701975582,0,0
0,-0.7905452595966991,0,0
0,-1.7963612943378573,0,0
0,-2.0058203958297587,0,0
0,-1.375891426090218,0,0
0,-1.260905802977035,0,0
0,-1.861336643935008,0,0
0,-2.3607639554667017,0,0
0,-0.8709666875064453,0,0
0,-2.63828412496733,0,0
0,-1.7378581485679727,0,0
0,-1.5888253808919108,0,0
0,-2.6534550340369325,0,0
0,-1.9304874267922956,0,0
0,-1.0281070613442367,0,0
0,-1.7179611349063908,0,0
0,-2.296947183935951,0,0
0,-2.672171999261436,0,0
0,-1.8014366932473314,0,0
0,-2.1282215100340327,0,0
0,-0.511043711764448,0,0
0,-1.9527384610406084,0,0
0,-2.257755679891435,0,0
0,-0.4556401951998052,0,0
0,-1.9866151589714613,0,0
0,-1.288958577674466,0,0
0,-2.6618811549753136,0,0
0,-0.7738013078374527,0,0
0,-1.9714214832887307,0,0
0,-1.1642002072994249,0,0
0,-1.6781376224411435,0,0
0,-1.9010378353177018,0,0
0,-0.43566508135750226,0,0
0,-1.3625143600955454,0,0
0,-1.5951129422472339,0,0
0,-2.1942872796266166,0,0
0,-2.1322725903710147,0,0
0,-0.9586068135738037,0,0
0,-0.9664941273750475,0,0
0,-0.1815715338366779,0,0
0,-0.8431279953426714,0,0
0,-1.7879958825895064,0,0
0,-2.072659270435406,0,0
0,-2.040557513559302,0,0
0,-1.6438182722300407,0,0
0,-0.8680420640143256,0,0
0,-1.7551637947602599,0,0
0,-2.986720259448591,0,0
0,-1.664568689801888,0,0
0,-1.4758518569114396,0,0
0,-1.6511590508029634,0,0
0,-1.3305722136848317,0,0
0,-0.2139681450102035,0,0
0,-0.3200610895160644,0,0
0,-0.24849376646115068,0,0
0,-1.8378319849679245,0,0
0,-1.4543656977620634,0,0
0,-1.7472175681898774,0,0
0,-1.8023004433664394,0,0
0,-2.7690462083610465,0,0
0,-1.9757535243366169,0,0
0,-1.1293831558761322,0,0
0,-1.813688683594163,0,0
0,-1.2612670806236623,0,0
0,-2.173539228502254,0,0
0,-2.5587060781314253,0,0
0,-1.2380754972932095,0,0
0,-0.9366763768935128,0,0
0,-0.7364024764179778,0,0
0,-1.17741903841564,0,0
0,-0.7009942609187059,0,0
0,-1.0352466084387593,0,0
0,-2.245274754029084,0,0
0,-0.5224342732272241,0,0
0,-0.5283702335639475,0,0
0,-1.3865871185842655,0,0
0,-1.7534726864726298,0,0
0,-1.587050468769728,0,0
0,-0.7869875229337151,0,0
0,-1.2364134955094415,0,0
0,-2.1873219120075618,0,0
0,-1.1505968965713738,0,0
0,-1.82395275972467,0,0
0,-1.3996958650056026,0,0
0,-1.3672440408706712,0,0
0,-2.5212755838206076,0,0
0,-1.6090217735458814,0,0
0,-2.188204266573879,0,0
0,-2.4995834195191633,0,0
0,-0.9759895029152907,0,0
0,-1.6017955678958913,0,0
0,-0.32853928136287525,0,0
0,-1.9713745937099603,0,0
0,-1.0716652752691789,0,0
0,-0.6607910242194122,0,0
0,-2.3428810068914245,0,0
0,-2.220986706794793,0,0
0,-0.7344599204798481,0,0
0,-2.455313494869925,0,0
0,-0.6759096573077324,0,0
0,-0.9793024360779984,0,0
0,-2.2845158014293148,0,0
0,-1.0513166858849203,0,0
0,-1.5242280311422776,0,0
0,-1.649973054636388,0,0
0,-1.6953462545179545,0,0
0,-0.8691436643027919,0,0
0,-1.286291349584256,0,0
0,-1.8869844372899118,0,0
0,-0.6347782759024844,0,0
0,-2.1035715016209053,0,0
0,-1.0924052523866765,0,0
0,-1.5976382212182143,0,0
0,-1.6491931998169846,0,0
0,-1.2723078564036352,0,0
0,-0.03490634618800742,0,0
0,-1.879637378169817,0,0
0,-1.5105935797952617,0,0
0,-1.8097942263762645,0,0
0,-1.2033797526434171,0,0
0,-1.219831829879555,0,0
0,-0.48531295368264643,0,0
0,-1.1071283069600952,0,0
0,-1.347798398580867,0,0
0,-1.5488995474362808,0,0
0,-1.5086749885133384,0,0
0,-1.1776446838539116,0,0
0,-1.1431806493647703,0,0
0,-2.302041198728999,0,0
0,-0.8412778640632199,0,0
0,-1.5348615796511824,0,0
0,-1.7641528201930359,0,0
0,-1.6209041381675218,0,0
0,-1.6887094066699966,0,0
0,-1.352039348436628,0,0
0,-0.8596295994167532,0,0
0,-1.8248731847671755,0,0
0,-1.7713118864054058,0,0
0,-0.9285466388288207,0,0
0,-1.159397309184398,0,0
0,-1.7962909488553507,0,0
0,-2.3609325432747412,0,0
0,-1.72865667315904,0,0
0,-2.2035952594514843,0,0
0,-2.5140627493900034,0,0
0,-0.18078312125829135,0,0
0,-0.678954005727884,0,0
0,-1.501156683174258,0,0
0,-1.5397634704299574,0,0
0,-1.0120809404187268,0,0
0,-1.9021108693558388,0,0
0,-1.1484744137662448,0,0
0,-0.8651038006359597,0,0
0,-1.4444034540342168,0,0
0,-1.3442701927175964,0,0
0,-0.8412298936456337,0,0
0,-2.112071197830376,0,0
0,-2.3955962950129717,0,0
0,-0.6470681764007538,0,0
0,-1.112333004251194,0,0
0,-1.004336940416946,0,0
0,-1.8714433047802586,0,0
0,-1.5580152754002468,0,0
0,-0.8814715028418357,0,0
0,-1.7448134100362225,0,0
0,-2.296047189267592,0,0
0,-1.5736725646188456,0,0
0,-0.9064363845514039,0,0
0,-1.48935162312522,0,0
0,-1.1617009493628403,0,0
0,-1.6660844840465714,0,0
0,-2.7610290456598183,0,0
0,-1.3117959813031275,0,0
0,-2.5143124854357035,0,0
0,-0.5418580120653874,0,0
0,-1.8782092271557316,0,0
0,-1.4054628455877798,0,0
0,0.13712723027718454,0,1
0,-2.1154675010775845,0,0
0,-2.0757500738605223,0,0
0,-1.7795778956129955,0,0
0,-2.5442755645759845,0,0
0,-1.763497393916872,0,0
0,-1.474925368076419,0,0
0,-2.9057545876530657,0,0
0,-1.4017496503219342,0,0
0,-1.64620577254665,0,0
0,-1.5322571155227536,0,0
0,-2.04487857628789,0,0
0,-0.8649089562855186,0,0
0,-1.3933303690934196,0,0
0,-0.5651960445541138,0,0
0,-1.0321565188865305,0,0
0,-1.3192133927398333,0,0
0,-1.066832014881144,0,0
0,-1.0277886757781745,0,0
0,-2.2773604367514064,0,0
0,-1.4852625507595532,0,0
0,-1.9306767278740056,0,0
0,-1.828327564166878,0,0
0,-0.0879784769338583,0,0
0,-0.4215204729670664,0,0
0,-2.173181336337624,0,0
0,-1.7018159394558663,0,0
0,-1.4885929250884318,0,0
0,-1.285305832685586,0,0
0,-1.4977920527915116,0,0
0,-1.650357910290483,0,0
0,-1.0431514869315042,0,0
0,-1.1607831989696504,0,0
0,-0.6747138885580675,0,0
0,-1.3596853878906305,0,0
0,-0.5600451308543319,0,0
0,-1.8779341751643432,0,0
0,-1.1701241660524466,0,0
0,-1.8767620736246489,0,0
0,-1.882378922700822,0,0
0,-1.1434199931548228,0,0
0,-2.4415713188308894,0,0
0,-1.8183196531507662,0,0
0,-1.5349357032225766,0,0
0,-1.4365236073044847,0,0
0,-0.4138714850738041,0,0
0,-0.9337510913422504,0,0
0,-0.7362516436501689,0,0
0,-1.4210609715479334,0,0
0,-0.9961549883974192,0,0
0,-1.2963544233047517,0,0
0,-1.012409067716061,0,0
0,-2.573061837891218,0,0
0,-1.7676516237096598,0,0
0,-2.118454906752972,0,0
0,-0.9992792526768595,0,0
0,-2.129621086946373,0,0
0,-1.4732715026584349,0,0
0,-1.6592014767596197,0,0
0,-0.9919893762947217,0,0
0,-3.289895146264605,0,0
0,-0.6013496737151973,0,0
0,-0.786660432103383,0,0
0,-2.1972668566565083,0,0
0,-0.9433025452919863,0,0
0,-2.619696699226954,0,0
0,-1.129274001573679,0,0
0,-1.7789739705728165,0,0
0,-1.5633238047806826,0,0
0,-1.1482078161472304,0,0
0,-1.1734895488221528,0,0
0,-1.4556941437518915,0,0
0,-1.6526351935751262,0,0
0,-0.4788130925663703,0,0
0,-1.2794085648149953,0,0
0,-1.8140903137837525,0,0
0,-1.9458235355987648,0,0
0,-2.7803739474278593,0,0
0,-1.94002275527387,0,0
0,-2.794904512041096,0,0
0,-0.49703483808555526,0,0
0,-1.5220210515528523,0,0
0,-2.058922552000144,0,0
0,-2.330142848355741,0,0
0,-1.6322259533263503,0,0
0,-1.5293994529867598,0,0
0,-1.2468977123206484,0,0
0,-1.0994115789382257,0,0
0,-0.3007098780914131,0,0
0,-1.142588335253934,0,0
0,-1.2610913213445987,0,0
0,-1.3058099865966395,0,0
0,0.04840023402367988,0,1
0,-1.6273577134460644,0,0
0,-2.0672769522890846,0,0
0,-1.8125197202257124,0,0
0,-0.06955776933311714,0,0
0,-1.523121033012909,0,0
0,-1.042096089141058,0,0
0,-1.8478632620863702,0,0
0,-1.0216639608501676,0,0
0,-1.5445650750108384,0,0
0,-0.2927742751741322,0,0
0,-3.0744220152901,0,0
0,-1.3873405487660193,0,0
0,-1.4036323180749464,0,0
0,-2.086379601333246,0,0
0,-1.8738571086651747,0,0
0,-0.871815190512661,0,0
0,-2.060100978549397,0,0
0,-1.31466866543742,0,0
0,-0.40207433490649397,0,0
0,-1.04822596544236,0,0
0,-2.773843990444975,0,0
0,-2.120751722262607,0,0
0,-1.9947093574573893,0,0
0,-1.6809429459004854,0,0
0,-1.8054624259144196,0,0
0,-1.1133476149219883,0,0
0,-1.1356456134529487,0,0
0,-2.0844732866873152,0,0
0,-0.8836074474112049,0,0
0,-1.3281191623951014,0,0
0,-1.7060472147586174,0,0
0,-1.1948398241599085,0,0
0,-1.2065488919830356,0,0
0,-2.3529587267705634,0,0
0,-1.4406213870786928,0,0
0,-1.5892228978486833,0,0
0,-1.9854919967109774,0,0
0,-1.2044619535736585,0,0
0,-2.2721540671598905,0,0
0,-1.7259713665868461,0,0
0,-1.2750517085489126,0,0
0,-1.7351165163913018,0,0
0,-2.7954315804754675,0,0
0,-2.0851825550248693,0,0
0,-0.95030910976188,0,0
0,-2.526388577299855,0,0
0,-2.302119491715858,0,0
0,0.5314960141545646,1,1
0,-0.3713668931838287,0,0
0,-2.2472822676234925,0,0
0,-1.2586569949466424,0,0
0,-1.3995880704686652,0,0
0,-1.17140986287512,0,0
0,-2.0625979696402212,0,0
0,-0.9596011981031053,0,0
0,-1.769771422392949,0,0
0,-2.0848782063881766,0,0
0,-1.7232940600012907,0,0
0,-2.833846673341891,0,0
0,-1.8083122885598684,0,0
0,-1.7627476439373173,0,0
0,-0.7433581142164989,0,0
0,-1.5146127712396682,0,0
0,-2.5648678099744213,0,0
0,-1.445318601555306,0,0
0,-1.8499582374509798,0,0
0,-2.0867995023402424,0,0
0,-1.550493342726985,0,0
0,-2.58999214298746,0,0
0,-1.0016578069077378,0,0
0,-0.5776310049965361,0,0
0,-1.9343422851129808,0,0
0,-1.2137540059754484,0,0
0,-0.8826592907460645,0,0
0,-1.5376591910735549,0,0
0,-1.7510757321534065,0,0
0,-0.3032351633102691,0,0
0,-0.780744316099697,0,0
0,-0.8009798224733768,0,0
0,-1.8700011651912436,0,0
0,-1.440032145822702,0,0
0,-2.4150221319777065,0,0
0,-1.937405947225975,0,0
0,-1.4874727673173043,0,0
0,-2.605322003073166,0,0
0,-1.6288818645786862,0,0
0,-1.835255081555542,0,0
0,-2.2502740107897843,0,0
0,-2.4148028786793816,0,0
0,-0.8168415813193981,0,0
0,-0.9593735350510948,0,0
0,-1.0962248375280614,0,0
0,-1.1789726825673728,0,0
0,-2.225594006053409,0,0
0,-0.5701646762316689,0,0
0,-1.4335644032010242,0,0
0,-1.946044516163194,0,0
0,-2.040423239614668,0,0
0,-1.7157415727873064,0,0
0,-1.3864507645609656,0,0
0,-1.559476889495612,0,0
0,-1.8234563222847053,0,0
0,-2.112755253734506,0,0
0,-0.49038405584645994,0,0
0,-1.4684127502182336,0,0
0,-0.36957837355866713,0,0
0,-0.57737473981467,0,0
0,-1.244280278615627,0,0
0,-2.4125171698214447,0,0
0,-1.8355588776602194,0,0
0,-2.4099467012041567,0,0
0,-2.2093922179465553,0,0
0,-0.2925009799320471,0,0
0,-2.426433243943056,0,0
0,-1.2053462572269416,0,0
0,-1.1508646330275654,0,0
0,-1.8955290092871762,0,0
0,-0.6911721460920951,0,0
0,-1.7255618722708874,0,0
0,-1.2235022925950487,0,0
0,-1.3233890233356902,0,0
0,-1.7235635935862117,0,0
0,-0.8401642596751355,0,0
0,-2.3053728809967664,0,0
0,-1.8581825642732448,0,0
0,-1.1474027236863527,0,0
0,-0.20604965985345827,0,0
0,-2.1848765752004478,0,0
0,-2.4829887608196857,0,0
0,-1.5033697248544344,0,0
0,-2.243111533122972,0,0
0,-1.9498615399019408,0,0
0,-2.1600266610378798,0,0
0,-1.5971525408404275,0,0
0,-2.03709001803522,0,0
0,-1.4270043324921922,0,0
0,-1.493852466412405,0,0
0,-2.5095437376281047,0,0
0,-1.3489518387239539,0,0
0,-1.6683096225135245,0,0
0,-1.0623023259999291,0,0
0,-2.234355237036626,0,0
0,-2.213246590766031,0,0
0,-1.0460610758043931,0,0
0,-0.5608643197981307,0,0
0,-2.17586139896946,0,0
0,-1.999959913401777,0,0
0,-2.8228286576324826,0,0
0,-1.3869106868129761,0,0
0,-2.3687127077167696,0,0
0,-2.1707066711861582,0,0
0,-2.878568858729315,0,0
0,-1.7157070114465158,0,0
0,-1.458493265466105,0,0
0,-1.879938858694774,0,0
0,-1.8981478346039564,0,0
0,-1.7218788127301723,0,0
0,-1.5930385708489583,0,0
0,-2.232656998988955,0,0
0,-0.5011241513318918,0,0
0,-0.6768714489093102,0,0
0,-1.5869929681287505,0,0
0,-1.5255048826636566,0,0
0,-0.2342121890932383,0,0
0,0.5468350187153957,1,1
0,-1.9214569283407048,0,0
0,-2.27415390744681,0,0
0,-0.7904831466348798,0,0
0,-1.046201536516927,0,0
0,-0.6985925383832001,0,0
0,-1.216737498783555,0,0
0,-1.318663766013361,0,0
0,-0.043073073132066986,0,0
0,-0.2904658702221371,0,0
0,-0.7695672033162637,0,0
0,-0.9193192478695394,0,0
0,-1.6479500215229108,0,0
0,-2.0389244180184054,0,0
0,-1.6224444672927207,0,0
0,-1.2398410609720694,0,0
0,-1.7768827034254278,0,0
0,-1.4728949956234008,0,0
0,-1.7895336268499062,0,0
0,-1.4361659751227598,0,0
0,-2.8009817954657805,0,0
0,-0.771215948165999,0,0
0,-1.8621674563059765,0,0
0,-1.5724465498698463,0,0
0,-2.1581239087248143,0,0
0,-2.1779252424335183,0,0
0,-1.7624292102839894,0,0
0,-1.2336984002434734,0,0
0,-1.802405784938148,0,0
0,0.11942880683158924,0,1
0,-1.4895527847864298,0,0
0,-1.3281812132784072,0,0
0,-1.7473899020965242,0,0
0,-1.441743782128024,0,0
0,-2.966546007250463,0,0
0,-1.835590423058565,0,0
0,-1.8866670226960465,0,0
0,-2.3106933174036053,0,0
0,-0.6890751150701477,0,0
0,-0.9896121236073714,0,0
0,-1.2590717098218907,0,0
0,-1.959112483378603,0,0
0,-1.784798215996752,0,0
0,-0.4920132100322948,0,0
0,-0.6728230222353866,0,0
0,0.8070483047422871,1,1
0,-1.938028024361106,0,0
0,-1.6273544367138841,0,0
0,-2.162244671272799,0,0
0,-2.8283500861077093,0,0
0,-1.1902840746482335,0,0
0,-1.7272874468454482,0,0
0,-0.9525154714258564,0,0
0,-1.6759513445828076,0,0
0,-0.9023383626498751,0,0
0,-0.9326349671166599,0,0
0,-2.072199485779219,0,0
0,-2.171132981675567,0,0
0,-1.213372352018176,0,0
0,-1.0879252880459425,0,0
0,-1.319445422680814,0,0
0,0.1773687405998008,0,1
0,-1.253257405567249,0,0
0,-1.6234987901472078,0,0
0,-2.0919151677171404,0,0
0,-1.8761782244617677,0,0
0,-2.458170668085043,0,0
0,-2.482413911512615,0,0
0,-1.4878386026038766,0,0
0,-1.6774694207466552,0,0
0,-1.719235068980142,0,0
0,-1.664955292194354,0,0
0,-0.7240958428096536,0,0
0,-2.4246861793046186,0,0
0,-1.8823065910077545,0,0
0,-1.59802954943883,0,0
0,-2.121654676096035,0,0
0,-1.993786147943542,0,0
0,-1.666074445751958,0,0
0,-1.4646043030333864,0,0
0,-1.395658748320158,0,0
0,-1.949847321315341,0,0
0,-1.2679901140716427,0,0
0,-1.7420542480460481,0,0
0,-2.0427152329455787,0,0
0,-1.174613978094202,0,0
0,-2.111027376508404,0,0
0,-2.2650770653840913,0,0
0,-0.7157806609312796,0,0
0,-1.5652230878141569,0,0
0,-2.2614069434046504,0,0
0,-1.4854445076420162,0,0
0,-1.089441939075015,0,0
0,-1.6097087061765407,0,0
0,-1.6920046555864086,0,0
0,-0.060397802651698196,0,0
0,-1.045434155830098,0,0
0,-1.2098230944219588,0,0
0,0.08894541151891949,0,1
0,-1.1307166926745542,0,0
0,-1.9316527350644233,0,0
0,-2.4727705492041103,0,0
0,-1.974053266716974,0,0
0,-2.112793602584275,0,0
0,-2.8937634453825103,0,0
0,-2.118186853461907,0,0
0,-2.2118395427035384,0,0
0,-1.5760001603814064,0,0
0,-0.7267444510791412,0,0
0,-1.9982942734632734,0,0
0,-1.032785601120818,0,0
0,-0.8629577134361328,0,0
0,-1.7621105344916028,0,0
0,-1.517576285891801,0,0
0,-0.5374319643041658,0,0
0,-1.38207233043879,0,0
0,-1.4392924254890658,0,0
0,-1.1690472463219326,0,0
0,-2.1033669104171726,0,0
0,-1.4822702150793625,0,0
0,-2.531763025470793,0,0
0,-1.6138632407703177,0,0
0,-2.5644398418079817,0,0
0,-0.9946150042316366,0,0
0,-2.8179780228313005,0,0
0,-2.011192168639665,0,0
0,-1.026211672506574,0,0
0,-1.2351180172018652,0,0
0,-2.330349689150887,0,0
0,-1.3332663265866527,0,0
0,-1.9042928818564353,0,0
0,-1.7287253615658011,0,0
0,-1.4075564845599216,0,0
0,-0.847542825938578,0,0
0,-1.842340770015924,0,0
0,-2.6119673733028392,0,0
0,-0.7328204604287532,0,0
0,-1.7947755117282984,0,0
0,-1.6597323343504486,0,0
0,-1.0264728310596944,0,0
0,-1.631114238532939,0,0
0,-1.0939408370995682,0,0
0,-0.8359690398812261,0,0
0,-1.8553724438613695,0,0
0,-2.448342966143329,0,0
0,-1.2585148913161066,0,0
0,-1.4199506824763728,0,0
0,-1.9764460852374173,0,0
0,-1.191340149393394,0,0
0,-1.6852898746349552,0,0
0,-1.7133015749345732,0,0
0,-1.282194370822907,0,0
0,-1.7661989033691916,0,0
0,-1.7713851583035143,0,0
0,-0.9435608372711173,0,0
0,-1.2597839959900767,0,0
0,-1.372049597527507,0,0
0,-2.6278035419424177,0,0
0,-0.8267572568958507,0,0
0,-1.7366836814537367,0,0
0,-2.1318992836474377,0,0
0,-1.4995890672492544,0,0
0,-1.123874628162895,0,0
0,-1.1497128896012954,0,0
0,-1.6399566546776962,0,0
0,-0.06946937336020559,0,0
0,-2.065426103637278,0,0
0,-2.500394236122278,0,0
0,-2.026047326055703,0,0
0,-1.963240135047502,0,0
0,-2.3424246501170605,0,0
0,-1.233152780417687,0,0
0,-2.273142635370221,0,0
0,-1.09084865721907,0,0
0,-1.1092012074915678,0,0
0,-1.0281470629368126,0,0
0,-0.9299759427545384,0,0
0,-2.3648200077064416,0,0
0,-1.72579693119516,0,0
0,-2.6721740910577085,0,0
0,-2.2475689677586748,0,0
0,-1.1573437321172868,0,0
0,-1.9701058536010745,0,0
0,-1.6118344433294793,0,0
0,-2.416940417815837,0,0
0,-1.286142097670369,0,0
0,-1.2724831398302539,0,0
0,-2.1321927794652944,0,0
0,-1.5493986863421942,0,0
0,-1.6801529575606078,0,0
0,-1.5979647813374065,0,0
0,-2.269239362284064,0,0
0,-0.7895629988513158,0,0
0,-2.645095540651527,0,0
0,-1.5611183009270504,0,0
0,-1.3594201689663983,0,0
0,-2.735547153910541,0,0
0,-1.4999323598569605,0,0
0,-1.9892005923241012,0,0
0,-1.702315370534826,0,0
0,-1.6064706147128054,0,0
0,-1.669700881294891,0,0
0,-2.1135778434731627,0,0
0,-2.350306834490346,0,0
0,-1.2413023590878214,0,0
0,-2.122637326513445,0,0
0,-1.2188515993709348,0,0
0,-1.5523744703036293,0,0
0,-1.2122674177435702,0,0
0,0.1930779755947507,0,1
0,-0.42678278306825546,0,0
0,-2.004281143541695,0,0
0,-0.4258150049614644,0,0
0,-2.5269838456033136,0,0
0,-0.7128027920307767,0,0
0,-0.9643542742786148,0,0
0,-2.609828501415715,0,0
0,-1.168774363362961,0,0
0,-0.9344326677443318,0,0
0,-2.641464114638072,0,0
0,-0.5290059848811912,0,0
0,-1.7109368924033475,0,0
0,-0.4247168271560051,0,0
0,-1.4236988800405275,0,0
0,-1.988114221888872,0,0
0,-1.2492567522321276,0,0
0,-1.4123752123202933,0,0
0,-0.7242122371612482,0,0
0,-1.162764022222515,0,0
0,-1.7803695906190837,0,0
0,-3.105883380573363,0,0
0,-1.5132382563695042,0,0
0,-2.0461270949876194,0,0
0,-1.0631852856607982,0,0
0,-1.4480806392096608,0,0
0,-1.7180867895757088,0,0
0,-0.6902253903155573,0,0
0,-1.2092071637691815,0,0
0,-1.249623035526489,0,0
0,-1.7629833480481754,0,0
0,-0.9737545596309121,0,0
0,-1.6840310868823183,0,0
0,-1.7820125301015555,0,0
0,-2.469033612745326,0,0
0,-1.677196223737909,0,0
0,-2.465394675212993,0,0
0,-1.9759546768458773,0,0
0,-1.3195626260116196,0,0
0,-1.4262166388235773,0,0
0,-1.6197605553790866,0,0
0,-1.6971660056528974,0,0
0,-1.796402712477628,0,0
0,-1.9750172526097671,0,0
0,-1.623240788077716,0,0
0,-1.3380927144129182,0,0
0,-2.209860057622674,0,0
0,-1.545167187469064,0,0
0,-1.3467422205204513,0,0
0,-1.356074590630024,0,0
0,-1.7177356967189383,0,0
0,-2.4399667858249194,0,0
0,-2.1902930658266286,0,0
0,-1.6940964368852889,0,0
0,-0.05280875813656394,0,0
0,-1.3215837004697524,0,0
0,-1.4893774063504606,0,0
0,-1.740307560458635,0,0
0,-2.577326645953111,0,0
0,-1.9728175174174059,0,0
0,-1.1412104825040676,0,0
0,-0.4509030134200762,0,0
0,-2.29470967404791,0,0
0,-1.1291812862817818,0,0
0,-2.2930552815331895,0,0
0,-1.174968597156068,0,0
0,-1.119598073346505,0,0
0,-0.9914902364472069,0,0
0,-2.419740983572109,0,0
0,-1.3654292426424122,0,0
0,-1.5088589937303167,0,0
0,-2.187469200879855,0,0
0,-1.1035094378473094,0,0
0,-1.88852637683121,0,0
0,-2.0940735329417772,0,0
0,-1.5695219108662788,0,0
0,-1.0386808470023756,0,0
0,-1.7576514980411857,0,0
0,-2.045677363070789,0,0
0,-0.8120886085040796,0,0
0,-1.369347350716244,0,0
0,-1.8531096440171906,0,0
0,-1.4349783990077154,0,0
0,-0.7090313396905787,0,0
0,-1.2083841505356137,0,0
0,-1.2209021417902206,0,0
0,-0.5139964845007545,0,0
0,-1.0335765197796236,0,0
0,-1.2254275219596222,0,0
0,-0.9728488846154478,0,0
0,-1.5290429503053358,0,0
0,-1.4137434375281006,0,0
0,-1.28413831110291,0,0
0,-1.015726754107365,0,0
0,-1.1852622455620634,0,0
0,-1.8691014964500887,0,0
0,-0.8371175508273025,0,0
0,-2.082874277253339,0,0
0,-1.423910596559808,0,0
0,-0.8420418443792798,0,0
0,-1.629906756221141,0,0
0,-1.196821814203681,0,0
0,-0.8187257485732672,0,0
0,-1.8427292815395595,0,0
0,-1.0167656525165838,0,0
0,-1.3512145060696112,0,0
0,-1.1310337926484757,0,0
0,-3.0176539149246357,0,0
0,-1.2098505625569358,0,0
0,-2.003554400291889,0,0
0,-1.9861042142203456,0,0
0,-1.6289918900663247,0,0
0,-1.2196404162768624,0,0
0,-0.6180119199685612,0,0
0,-2.0066789496399995,0,0
0,-1.6373198414812964,0,0
0,-1.574497302113424,0,0
0,-0.6827240731148274,0,0
0,-1.2081732581358897,0,0
0,-1.6758997599446124,0,0
0,-1.358832411712008,0,0
0,-1.8585794838420266,0,0
0,-1.3932470633776113,0,0
0,-0.956621864630791,0,0
0,-2.4156816914938792,0,0
0,-1.3782470648080034,0,0
0,-0.36110481131921895,0,0
0,-1.6973917095488567,0,0
0,-2.0439250647622944,0,0
0,-1.3874579239835905,0,0
0,-1.1140026765883668,0,0
0,-2.1837983593403862,0,0
0,-0.7353489137919869,0,0
0,-1.4745936571424076,0,0
0,-1.985355588016509,0,0
0,-2.6433888235784595,0,0
0,-1.4912002275088683,0,0
0,-0.8257488136690703,0,0
0,-2.542969217291348,0,0
0,-1.6783754160734272,0,0
0,-1.900113347121101,0,0
0,-2.2621019972324676,0,0
0,-0.8373324087840408,0,0
0,-1.3778002445775632,0,0
0,-2.254695643046716,0,0
0,-1.0487317801539306,0,0
0,-1.4763286066241577,0,0
0,-1.4398424301861619,0,0
0,-0.8311597186047707,0,0
0,-1.536436017112886,0,0
0,-1.9816095239668265,0,0
0,0.48229771165920543,1,1
0,-0.7305645486156707,0,0
0,-1.2228129627067263,0,0
0,-1.9078922310125996,0,0
0,-2.1093177245235553,0,0
0,-0.6457921244647657,0,0
0,-1.5886323033214929,0,0
0,-2.246179557736573,0,0
0,-1.52961793331589,0,0
0,-1.5444015673484182,0,0
0,-1.6048671930828435,0,0
0,-1.2771972653194839,0,0
0,-0.89663171066992,0,0
0,-1.0519680295538398,0,0
0,-0.9665392461338959,0,0
0,-1.0590569873401452,0,0
0,-0.9628564579494867,0,0
0,-1.0766569316767718,0,0
0,-1.5649224893843847,0,0
0,-1.1315655605032688,0,0
0,-1.3990760108091336,0,0
0,-1.630406588766176,0,0
0,-1.7869323487043514,0,0
0,-0.917978382776906,0,0
0,-1.8883126871223639,0,0
0,-1.7350369245100685,0,0
0,-1.575629967282187,0,0
0,-1.1487853953070517,0,0
0,-0.9603882722435527,0,0
0,-0.41195555247533716,0,0
0,-1.041283401247652,0,0
0,-1.6422777634002546,0,0
0,-0.7224006994804877,0,0
0,-1.9932289633053264,0,0
0,-1.820787628579191,0,0
0,-1.4854776221515098,0,0
0,-0.6770037079684323,0,0
0,-2.1658517145705356,0,0
0,-2.3780531806083434,0,0
0,-2.0842886739773574,0,0
0,-1.1382353157386902,0,0
0,-0.8958883366145026,0,0
0,-1.5318186425828424,0,0
0,-1.745540040527719,0,0
0,0.5762312716122444,1,1
0,-1.011577630681948,0,0
0,-0.7636593813463164,0,0
0,-2.025534401403139,0,0
0,-2.3059760679202226,0,0
0,-2.7993849927905576,0,0
0,-0.13423360197600154,0,0
0,-2.6269989426717006,0,0
0,-2.6258919349715906,0,0
0,-1.7840563377214425,0,0
0,-1.3316614276411929,0,0
0,-1.62295473517492,0,0
0,-1.2783994895071986,0,0
0,-0.6345821293369724,0,0
0,-1.5055923402497893,0,0
0,-1.4869570878348544,0,0
0,-1.5632857203969075,0,0
0,-0.7364387923151606,0,0
0,-1.1800610472073947,0,0
0,-0.9492429769390859,0,0
0,-1.7916809949963066,0,0
0,-1.6915321108588222,0,0
0,-1.64667704797181,0,0
0,-1.3838083979218503,0,0
0,-2.325241767248351,0,0
0,-0.9231989647614127,0,0
0,-2.171149672889221,0,0
0,-1.0182524270564528,0,0
0,-1.208075600741361,0,0
0,-1.1790061871067576,0,0
0,-0.7750047508134693,0,0
0,-1.0024078724463652,0,0
0,-1.5312455250950316,0,0
0,-1.6118476311445447,0,0
0,-1.6240782976533534,0,0
0,-1.6125269317939241,0,0
0,-0.014324631296993517,0,0
0,-2.087997945822735,0,0
0,-1.6269934883318125,0,0
0,-1.3996692629293928,0,0
0,-0.4059934764195285,0,0
0,-1.0407653556753944,0,0
0,-1.2080736878103404,0,0
0,-1.1807342525858362,0,0
0,-1.677755775280319,0,0
0,-1.4148895061456823,0,0
0,-1.728629521598068,0,0
0,-1.701741159928849,0,0
0,-1.486025757357829,0,0
0,-1.0476225414687397,0,0
0,-1.3991247187174558,0,0
0,-1.5652661235873042,0,0
0,-1.641080185568673,0,0
0,-1.2392112918626517,0,0
0,-2.025155538230178,0,0
0,-0.8840687492644235,0,0
0,-1.998829809172579,0,0
0,-1.6908069192296056,0,0
0,-1.9307351222658857,0,0
0,-2.0197027167471338,0,0
0,-1.6074467005844095,0,0
0,-0.7309006643082758,0,0
0,-2.3442569225189662,0,0
0,-1.2891858111808119,0,0
0,-2.4504416153633546,0,0
0,-3.0730504700108647,0,0
0,-0.34883512474194106,0,0
0,-2.4007270647375774,0,0
0,-1.6800604279487095,0,0
0,-2.928999898981,0,0
0,-1.9886533608361114,0,0
0,-1.3575534805880736,0,0
0,-2.0753216897700937,0,0
0,-2.636953198720018,0,0
0,-1.0348665280831861,0,0
0,-2.5985566504279913,0,0
0,-1.169801487350867,0,0
0,-2.102495591288559,0,0
0,-1.2958342734146355,0,0
0,-1.762009535734327,0,0
0,-1.560583446778101,0,0
0,-2.3723717633492942,0,0
0,-2.0641201629769856,0,0
0,-0.928341037971784,0,0
0,-1.7364172208860476,0,0
0,0.6281289061047657,1,1
0,-1.9610969784857124,0,0
0,-0.9658730133348127,0,0
0,-1.2512283539485811,0,0
0,-1.3268279466771262,0,0
0,-0.7725152952487836,0,0
0,-1.4568462606007868,0,0
0,-0.993750659345026,0,0
0,-2.1018719136498785,0,0
0,-1.4433180342469618,0,0
0,-1.5760565922743974,0,0
0,-3.4891692144704325,0,0
0,-0.7660743005385124,0,0
0,-1.824448365304581,0,0
0,0.2640186202151169,0,1
0,-1.7903979616734347,0,0
0,-1.150036598510325,0,0
0,-1.7806342475777792,0,0
0,-2.014399914949088,0,0
0,-1.849094897671422,0,0
0,-1.2423818198719208,0,0
0,-2.4070110456414513,0,0
0,-1.8037118072869123,0,0
0,-1.4664078958209128,0,0
0,-2.280170568520894,0,0
0,-1.40896539888656,0,0
0,-0.7557596230393939,0,0
0,-2.1117711052816706,0,0
0,-0.4035851095693327,0,0
0,-1.0633028095251071,0,0
0,-2.1100478925500994,0,0
0,-1.159604426828683,0,0
0,-1.8726755708756935,0,0
0,-2.4582334784471556,0,0
0,-2.4576852569607004,0,0
0,-1.9585636068584238,0,0
0,-0.2987377146927663,0,0
0,-0.6861040956458646,0,0
0,-0.9835383923669216,0,0
0,-0.610919911832158,0,0
0,-1.3566940028849968,0,0
0,-2.170567325418555,0,0
0,-0.3646571306038549,0,0
0,-2.0313231857431426,0,0
0,-2.2442180835430627,0,0
0,-2.815875521031455,0,0
0,-1.5934851875105984,0,0
0,-1.4986194805423705,0,0
0,-1.9038051406359648,0,0
0,-1.1921056255922657,0,0
0,-3.0149332559020037,0,0
0,-2.7584016124557973,0,0
0,-0.36598059972453995,0,0
0,-2.7149758203642387,0,0
0,-1.0491517788597706,0,0
0,-1.2758839021136281,0,0
0,-1.697496835027188,0,0
0,-0.4568444314847888,0,0
0,-2.0138530235776524,0,0
0,-0.9638548390192906,0,0
0,-0.7841030132699616,0,0
0,-2.147298992728906,0,0
0,-0.36660677027822297,0,0
0,-2.656261884077335,0,0
0,-2.37288089656205,0,0
0,-1.1396336752294007,0,0
0,-2.9349441264083143,0,0
0,-2.2756254052815916,0,0
0,-1.6131499795543096,0,0
0,-2.2036394378370114,0,0
0,-1.7693566133472687,0,0
0,-2.5340536243195033,0,0
0,-1.321929007632579,0,0
0,-2.598282705059972,0,0
0,-2.144507121959254,0,0
0,-0.8961929609683319,0,0
0,-1.8812989963844453,0,0
0,-0.5680796095227355,0,0
0,-1.23778380573533,0,0
0,-1.12583229847025,0,0
0,-0.6897212962101082,0,0
0,-1.293104523475433,0,0
0,-1.3319295012550287,0,0
0,-1.9095019571496605,0,0
0,-1.4722061733767173,0,0
0,-3.083388275566757,0,0
0,-0.9513465766810592,0,0
0,-1.4231170711605672,0,0
0,-0.7162009292852057,0,0
0,0.30029629626724663,0,1
0,-1.4934476349693808,0,0
0,-2.276949815303427,0,0
0,0.1272776244010993,0,1
0,-2.1301738341554124,0,0
0,-1.509791814696785,0,0
0,-0.6889544069326425,0,0
0,-0.8451280537946049,0,0
0,-0.6061142500784658,0,0
0,-1.8350357050689157,0,0
0,-1.8299716097551273,0,0
0,-1.6346874502331823,0,0
0,-2.1495637703571115,0,0
0,-2.670857696292863,0,0
0,1.3290515492233594,1,1
0,-2.283751295435915,0,0
0,-1.4024798068130675,0,0
0,-1.4145454195389262,0,0
0,-1.5952407364466814,0,0
0,-0.8302319934558551,0,0
0,-1.2606540206230588,0,0
0,-2.2321035936331883,0,0
0,-1.652012448794713,0,0
0,-0.8635439006977453,0,0
0,-2.281119835217419,0,0
0,-1.3704139152337085,0,0
0,-1.9790673606514138,0,0
0,-1.398639882529653,0,0
0,-2.792684679895414,0,0
0,-1.0508317558681708,0,0
0,-1.6049580553845724,0,0
0,-1.3601109321378435,0,0
0,-1.6967538656311798,0,0
0,-1.3475809816314133,0,0
0,-0.808270731854418,0,0
0,-1.856036789393225,0,0
0,-1.0654221433685966,0,0
0,-1.2106793335973234,0,0
0,-1.489180740989649,0,0
0,-1.0266015056127338,0,0
0,-0.8597212969567909,0,0
0,-1.9457626635565504,0,0
0,-1.1188697471717801,0,0
0,-0.1636604633106001,0,0
0,-0.6494556816923605,0,0
0,-0.2157860651000927,0,0
0,-2.26027079062514,0,0
0,-1.7551995503010023,0,0
0,-1.4677960180074319,0,0
0,-1.292543931358165,0,0
0,-1.4236876645373102,0,0
0,-0.7129589086676053,0,0
0,-1.05062770215812,0,0
0,-2.1727932576006905,0,0
0,-1.4244768935748269,0,0
0,-0.48533664674240207,0,0
0,-1.6403465704567184,0,0
0,-2.1025979862456983,0,0
0,-0.3765694711143636,0,0
0,-1.501493039324759,0,0
0,-1.9716996780707845,0,0
0,-0.9151219102854128,0,0
0,-1.9818696953549817,0,0
0,-2.6156296072416625,0,0
0,-2.7693880395231467,0,0
0,-0.6328608583327205,0,0
0,-0.8845033105168398,0,0
0,-0.32789535509211437,0,0
0,-2.1373871700440263,0,0
0,-2.309739140741695,0,0
0,-1.0365048441292468,0,0
0,-0.6878114017078552,0,0
0,-0.9535324595238296,0,0
0,-1.4807597148312563,0,0
0,-1.673569024157901,0,0
0,-1.501674590914293,0,0
0,-2.2968934162647163,0,0
0,-1.7306248700323148,0,0
0,-2.236458824480623,0,0
0,-2.1676725939787818,0,0
0,-1.4041989126028414,0,0
0,-0.9795825327962474,0,0
0,-1.2552422719319574,0,0
0,-0.4568687667232427,0,0
0,-1.0009993441910137,0,0
0,-2.16260745881937,0,0
0,-0.9215772621242067,0,0
0,-1.5881171438848627,0,0
0,-1.1767971557720265,0,0
0,-0.5783536776171414,0,0
0,0.06430331926840449,0,1
0,-1.9752240086838295,0,0
0,-1.7205199245547638,0,0
0,-2.4568579966078232,0,0
0,-1.3030807446204231,0,0
0,-2.0498872497341507,0,0
0,-2.2186021663771847,0,0
0,-1.759999432156734,0,0
0,-1.8454669458488229,0,0
0,-1.5151075506802307,0,0
0,-1.6353885197160918,0,0
0,-1.2215306068577783,0,0
0,-1.1909494718734588,0,0
0,-1.997592138157898,0,0
0,-1.6717911121514568,0,0
0,-3.1998200966209542,0,0
0,-0.6029858400546668,0,0
0,-2.0910468809371707,0,0
0,-1.012611200561421,0,0
0,-1.1856871255983004,0,0
0,-1.518900033122653,0,0
0,-1.2167412439406622,0,0
0,-1.4427875706826727,0,0
0,-1.8973556964811018,0,0
0,-0.9943940714907826,0,0
0,-1.087634763094502,0,0
0,-1.0559828756242169,0,0
0,-1.3115727197613265,0,0
0,-1.977885582282246,0,0
0,-2.248668787023395,0,0
0,-1.1195938648986055,0,0
0,0.2438655679542876,0,1
0,-0.6067831324230494,0,0
0,0.09664571264357569,0,1
0,-1.9765342783349285,0,0
0,-2.103405175455571,0,0
0,-1.0792753951570537,0,0
0,-1.1025186861832936,0,0
0,-1.5020951638932538,0,0
0,-0.36889838372023614,0,0
0,-1.864245829266797,0,0
0,-1.0128743265527906,0,0
0,-2.101280001974594,0,0
0,-1.4906836983979352,0,0
0,-1.53433563074926,0,0
0,-1.4842442014481194,0,0
0,-1.4990159418968125,0,0
0,-1.6331881101129007,0,0
0,-1.4191333459133153,0,0
0,-2.5606263700914926,0,0
0,-1.5352337765944517,0,0
0,-2.0553292906060143,0,0
0,-1.7929350453127584,0,0
0,-1.4398538805981045,0,0
0,-1.4078063000075973,0,0
0,-1.200336605101209,0,0
0,-2.3006079988078594,0,0
0,-0.5675390366638136,0,0
0,-2.5691751176610427,0,0
0,-2.079749107203077,0,0
0,-1.7704013984724933,0,0
0,-1.0538068151243145,0,0
0,-1.542758216672791,0,0
0,-2.8430585983548067,0,0
0,-1.2090872874668417,0,0
0,-1.3366761161918812,0,0
0,-1.7463693271089968,0,0
0,-2.1834024870890603,0,0
0,-2.365095263024639,0,0
0,-2.1145405063113323,0,0
0,-2.17469969030256,0,0
0,-1.9592928663045175,0,0
0,-0.586073247075016,0,0
0,-0.8508809861582803,0,0
0,-0.9172504075402113,0,0
0,-1.8661615129671243,0,0
0,-1.9602644733367196,0,0
0,-1.1489962691358397,0,0
0,-2.2911794598736526,0,0
0,-1.8934698958573417,0,0
0,-0.7484808434664516,0,0
0,-1.6363783635021711,0,0
0,-1.6043994601364715,0,0
0,-2.0937607023173697,0,0
0,-2.4093336871996325,0,0
0,-1.4108142902341756,0,0
0,-1.5569325968454941,0,0
0,-3.530943117492291,0,0
0,-2.106066992349812,0,0
0,-1.9602899122284234,0,0
0,-2.39366605973973,0,0
0,-1.778736102467676,0,0
0,-1.154064213035515,0,0
0,-0.016755843554249417,0,0
0,-1.250707258371121,0,0
0,-1.3564546283128602,0,0
0,-1.5577173963043833,0,0
0,-1.3865625305148348,0,0
0,-0.03523151680599573,0,0
0,-2.3493060206750593,0,0
0,-1.967089357668272,0,0
0,-1.2030971693978136,0,0
0,-1.4962543452088513,0,0
0,-1.2678529084508954,0,0
0,-0.9502701214669187,0,0
0,-1.3429416685845104,0,0
0,-0.8072092303249933,0,0
0,-2.7568938604877418,0,0
0,-1.3396533016725716,0,0
0,-0.8234085293940036,0,0
0,-0.9308273147758449,0,0
0,-1.3200107910531185,0,0
0,-0.5425730474383028,0,0
0,-1.9755358438391224,0,0
0,-2.2105826788570817,0,0
0,-1.0626778892588669,0,0
0,-1.2673082808152547,0,0
0,-1.5205260546478714,0,0
0,-1.9861783797992065,0,0
0,-2.8686021880864887,0,0
0,-0.5954195917665852,0,0
0,-1.946440098635899,0,0
0,-1.2087687164785144,0,0
0,-1.23538648633693,0,0
0,-2.4597788805510614,0,0
0,-0.7093299001063236,0,0
0,-2.7036239451342006,0,0
0,-1.8385031305243729,0,0
0,-1.4919766368663057,0,0
0,-1.797453188375389,0,0
0,-1.7489274633285938,0,0
0,-1.442590983859405,0,0
0,-2.028583729900484,0,0
0,-1.7289027393701057,0,0
0,-0.36048812017733484,0,0
0,-1.290111899473021,0,0
0,-2.456089725159254,0,0
0,-0.6688062230749077,0,0
0,-1.318310648806244,0,0
0,-2.0256728342439048,0,0
0,-0.8668500188356758,0,0
0,-2.733312958866929,0,0
0,-1.5131728450794264,0,0
0,-1.3456127156972486,0,0
0,-2.142174402466703,0,0
0,-1.526521386652571,0,0
0,-0.5333927331509738,0,0
0,-1.654374923339708,0,0
0,-1.5084034534810993,0,0
0,-1.4787858295663017,0,0
0,-0.8516687270351109,0,0
0,-2.2017301027106626,0,0
0,-2.2755355609800496,0,0
0,-1.562518365000817,0,0
0,-1.614132066513331,0,0
0,-1.4153620931195885,0,0
0,-2.438067043187218,0,0
0,-1.3725207098236782,0,0
0,-0.9578154287312002,0,0
0,-2.4145262155251808,0,0
0,-1.10688482929447,0,0
0,-2.132989556331388,0,0
0,-1.5342685447118405,0,0
0,-0.9207593695092811,0,0
0,-1.7339533989320266,0,0
0,-0.9455860640721803,0,0
0,-1.115620152134545,0,0
0,-1.8024285233800375,0,0
0,-1.5287264257051993,0,0
0,-1.0788542038453697,0,0
0,-1.2764673522916867,0,0
0,-1.637203287930014,0,0
0,-1.6782651986285138,0,0
0,-0.8664223667069033,0,0
0,-0.9193846381650577,0,0
0,-2.1851672446900734,0,0
0,-1.7618960455322,0,0
0,-1.2144894267483315,0,0
0,-2.7284502226659932,0,0
0,-1.673607280777504,0,0
0,-0.757282980009505,0,0
0,-1.8076267625003193,0,0
0,-2.3384655565445724,0,0
0,-2.1061149207122827,0,0
0,-1.4017260035115378,0,0
0,-0.8343454332698903,0,0
0,-1.5449953746849694,0,0
0,-1.229621111738017,0,0
0,-1.2272163065276338,0,0
0,-0.7315999647532418,0,0
0,-1.6006153901287998,0,0
0,-0.7581349728290664,0,0
0,-2.099032721781456,0,0
0,-2.3206915665931125,0,0
0,-0.9331735776408313,0,0
0,-2.028360701511424,0,0
0,-1.469131039451959,0,0
0,-1.3273163571156203,0,0
0,-1.522321516926589,0,0
0,-1.882913773204844,0,0
0,-1.4703399451925674,0,0
0,-2.406253172136929,0,0
0,-1.7507139835390273,0,0
0,-0.1978251323841363,0,0
0,-1.1785169309677332,0,0
0,-1.118388673865882,0,0
0,-2.657344566441759,0,0
0,-0.6821565011132422,0,0
0,-1.6641992441651752,0,0
0,-1.1481071859477987,0,0
0,-0.1252333443031141,0,0
0,-1.0183138640704015,0,0
0,-1.4921415641054394,0,0
0,-2.4525100862723836,0,0
0,-2.625203118629213,0,0
0,-0.9279028392416996,0,0
0,-1.9108471586053528,0,0
0,-2.2886464205638064,0,0
0,-1.3910941717519654,0,0
0,-2.1582332523142522,0,0
0,-1.7648015317203352,0,0
0,-2.1049507196088073,0,0
0,-1.0198076444102835,0,0
0,-1.5037713240618125,0,0
0,-2.4443414782652773,0,0
0,-1.3141134038570477,0,0
0,-2.491878543584735,0,0
0,-0.8017816736576409,0,0
0,-1.4488261799569986,0,0
0,-1.6150646602418282,0,0
0,-2.48275521857025,0,0
0,-2.4099709991037774,0,0
0,-2.2591931420765277,0,0
0,-1.6018638675624244,0,0
0,-1.815909163143406,0,0
0,-1.5034145855288417,0,0
0,-1.625252399381354,0,0
0,-1.5957470296101652,0,0
0,-0.7279147879994581,0,0
0,-1.7563149429196323,0,0
0,-1.2307911945853842,0,0
0,-1.7161076518703053,0,0
0,-2.3614567063179353,0,0
0,-2.409242288185811,0,0
0,-1.894605861178364,0,0
0,-2.064625464048704,0,0
0,-0.9999969418578473,0,0
0,-2.2080494469642633,0,0
0,-1.8756243392480334,0,0
0,-1.2878020147370144,0,0
0,-0.6595917286390514,0,0
0,-1.2071864323838262,0,0
0,-2.1929039124726817,0,0
0,-1.238427915654781,0,0
0,-1.9195097868946527,0,0
0,-2.128708534192028,0,0
0,-2.4873918002957023,0,0
0,-0.5771332806430914,0,0
0,-2.0607418411718212,0,0
0,-1.4963232590879345,0,0
0,-1.9345630318522726,0,0
0,-1.9882119321323795,0,0
0,-2.021295604352658,0,0
0,-1.5537121814615023,0,0
0,-1.0026796796821178,0,0
0,-2.455600429001056,0,0
0,-2.750798834543347,0,0
0,-2.2668337850939837,0,0
0,-1.545278724437403,0,0
0,-1.9531718448835926,0,0
0,-1.1259201601564106,0,0
0,-1.4699115726929683,0,0
0,-0.6354952224627185,0,0
0,-2.3507547484428892,0,0
0,-2.12979518575654,0,0
0,-2.627919394163251,0,0
0,-1.38781342951064,0,0
0,-1.3500913854197902,0,0
0,-0.19825503500667996,0,0
0,-1.4485466782843615,0,0
0,-1.0306969891471762,0,0
0,-1.6387903204743854,0,0
0,-2.3022205814019676,0,0
0,-2.5207144073556687,0,0
0,-1.7048686727916587,0,0
0,-0.9888460938027365,0,0
0,-1.1688512220404543,0,0
0,-3.0424386229135867,0,0
0,-2.2141888711277686,0,0
0,-2.3330014379851542,0,0
0,-2.4865188000363228,0,0
0,-0.11277473751284478,0,0
0,-1.9328412103985304,0,0
0,-0.46394930870005757,0,0
0,-1.7233864298894712,0,0
0,-1.7550054678019218,0,0
0,-1.0568418956589665,0,0
0,-1.76690694375803,0,0
0,-2.1215867918904814,0,0
0,-1.1399757218354094,0,0
0,-2.4009045870518766,0,0
0,-1.1047075966961382,0,0
0,-1.8246365599175491,0,0
0,-1.681912398219139,0,0
0,-1.918691388115477,0,0
0,-1.4724840088331623,0,0
0,-1.1089684239556545,0,0
0,-1.491119453550128,0,0
0,-2.9062336334183185,0,0
0,-1.0969901637213155,0,0
0,-0.5350432279639552,0,0
0,-0.6174902259973122,0,0
0,-1.40249413662894,0,0
0,-1.5422702912347899,0,0
0,-1.3674983362817765,0,0
0,-1.4831727329586109,0,0
0,-1.8621698458032476,0,0
0,-2.405806777859093,0,0
0,-2.301060818435626,0,0
0,-1.217301654869821,0,0
0,-1.4641312435803018,0,0
0,-2.7330923567743777,0,0
0,-0.920382937156669,0,0
0,-1.7751722831410293,0,0
0,-1.622590049061834,0,0
0,-1.864084580772594,0,0
0,-1.950774692663837,0,0
0,-1.3022827844561984,0,0
0,-1.590583528699574,0,0
0,-2.269894200549603,0,0
0,-2.056483982867216,0,0
0,-1.3414395519851612,0,0
0,-1.7479260166181185,0,0
0,-1.8728095330179428,0,0
0,-2.1488379237351687,0,0
0,-2.4164170800432583,0,0
0,-0.479692250773981,0,0
0,-1.2015736217404502,0,0
0,-2.0404272415539313,0,0
0,-1.4362123583314825,0,0
0,-2.3421361600928035,0,0
0,-0.6977153730863288,0,0
0,-0.9135992142013865,0,0
0,-1.3940603140757744,0,0
0,-0.8970407735483918,0,0
0,-1.1739168421299615,0,0
0,-0.641346805674665,0,0
0,-1.557043728535508,0,0
0,-1.8814524736538902,0,0
0,-1.367810237894131,0,0
0,-2.1146297114415638,0,0
0,-0.8397794526341857,0,0
0,-1.7994185398274296,0,0
0,-1.9823870073753649,0,0
0,-1.1513465657003121,0,0
0,-1.0330090825885083,0,0
0,-2.4775064853742483,0,0
0,-1.4276460746620563,0,0
0,-1.48544837226626,0,0
0,-1.8530543303637437,0,0
0,-2.1654523966260073,0,0
0,-1.1717737499221563,0,0
0,-1.5909289382056206,0,0
0,-2.3979184761889756,0,0
0,0.2456625741856776,0,1
0,-0.8910362243326981,0,0
0,-0.5435396533557032,0,0
0,-1.2652691999843766,0,0
0,-1.0790017977449438,0,0
0,-2.9866200053427296,0,0
0,-1.3269599015612965,0,0
0,-1.5615744453450322,0,0
0,-2.1219411117485723,0,0
0,-2.648716719264755,0,0
0,-0.28851567815834256,0,0
0,-1.6855042745341677,0,0
0,-1.1547835968408098,0,0
0,-1.852711115222994,0,0
0,-3.079941847600066,0,0
0,-1.0484624791921657,0,0
0,-1.2027840005085888,0,0
0,-2.1469948074281158,0,0
0,-1.5461401017747334,0,0
0,-1.3328172992924356,0,0
0,-1.152671151019507,0,0
0,-1.1130928293456048,0,0
0,-2.2708828141768835,0,0
0,-1.428435253208673,0,0
0,-0.928995659971166,0,0
0,-2.2595537540402226,0,0
0,-1.839681043668476,0,0
0,-2.0061078676117727,0,0
0,-2.0468638697361383,0,0
0,0.0744860625678796,0,1
0,-1.2014530893548536,0,0
0,-1.18626085673889,0,0
0,-0.5938690111595829,0,0
0,-1.342534598499412,0,0
0,-2.3249063798794873,0,0
0,-2.122422584637794,0,0
0,-1.8084928278114023,0,0
0,-1.0331174274256076,0,0
0,-1.5970557076297318,0,0
0,-1.9255705998238017,0,0
0,-1.824305447612705,0,0
0,-1.499728652027879,0,0
0,-1.8393125579558038,0,0
0,-1.4325029238733094,0,0
0,-1.140832491531269,0,0
0,-1.169111248541793,0,0
0,0.5577659769634861,1,1
0,-1.9049347646965118,0,0
0,-1.4787013157552842,0,0
0,-2.527303708207382,0,0
0,-0.5345928081503619,0,0
0,-2.1432085949024278,0,0
0,-2.025801388984299,0,0
0,-2.283954902500552,0,0
0,-1.5117203238895867,0,0
0,-0.7153128706155305,0,0
0,-0.6685369920092675,0,0
0,-1.55389779734801,0,0
0,-1.0038343634427012,0,0
0,-1.0764694316011334,0,0
0,0.12229907483591096,0,1
0,-1.78638213778666,0,0
0,-0.7747559779075226,0,0
0,-1.6472040855860408,0,0
0,-1.821344860592046,0,0
0,-0.9093444304699725,0,0
0,-1.5534377112628865,0,0
0,-0.8322147300313216,0,0
0,-1.905621118124071,0,0
0,-1.0771715365174979,0,0
0,-2.1301600334644126,0,0
0,-1.1137559510678932,0,0
0,-1.4798320325207688,0,0
0,-1.5979090226765744,0,0
0,-2.656874349344305,0,0
0,-1.9986102221562412,0,0
0,-2.255532307520592,0,0
0,-1.7956315424732834,0,0
0,-2.1695947263469444,0,0
0,-1.0726342236381599,0,0
0,-1.4006697970097388,0,0
0,-1.097698162634918,0,0
0,-0.8943675285342241,0,0
0,-2.509502942521086,0,0
0,-0.8909702133595315,0,0
0,-0.8017145723603798,0,0
0,-0.5537775937986621,0,0
0,-1.3801481031952223,0,0
0,-1.495890931509618,0,0
0,-0.9540130079282214,0,0
0,-2.2667405725023393,0,0
0,-1.9741830734466879,0,0
0,-1.5533042966899115,0,0
0,-1.5881528671276546,0,0
0,-0.8856854977788712,0,0
0,-0.8016393336466661,0,0
0,-0.7094502789590449,0,0
0,-3.11476400509962,0,0
0,-1.5700177048554922,0,0
0,-2.6933157220682498,0,0
0,-2.391340493338134,0,0
0,-1.5234468878387109,0,0
0,-1.3261455993369318,0,0
0,-1.1003695857809555,0,0
0,-0.8186034072465198,0,0
0,-0.7158239540459402,0,0
0,-2.5028260056765537,0,0
0,-1.3907521829392477,0,0
0,-2.305271869328358,0,0
0,-1.5161865817458167,0,0
0,-2.291754499687612,0,0
0,-1.8715500849071711,0,0
0,-1.5177026241211613,0,0
0,-1.6422626180491684,0,0
0,-2.330578289960736,0,0
0,-2.3477601040899825,0,0
0,-1.6749102269048386,0,0
0,-0.36769491637614665,0,0
0,-0.7158220047097548,0,0
0,-1.5048964642411784,0,0
0,-1.0552799758171578,0,0
0,-1.7575239407909162,0,0
0,-1.826847752255052,0,0
0,-0.7820664944962143,0,0
0,-1.6852121074110462,0,0
0,-1.7848360515703505,0,0
0,-1.9142165594663259,0,0
0,-1.06080766738078,0,0
0,-1.650066277401117,0,0
0,-0.6426173280026195,0,0
0,-1.4897338762284797,0,0
0,-1.225526093574258,0,0
0,-0.9045855655743468,0,0
0,-1.985990552244592,0,0
0,-1.7270051691864214,0,0
0,-2.5673071993799548,0,0
0,-1.739338728055293,0,0
0,-2.0719261306537486,0,0
0,-0.4848968458642399,0,0
0,-1.2487423664236212,0,0
0,-1.6508929896251976,0,0
0,-0.3656059839011641,0,0
0,-1.7567235633517488,0,0
0,-1.8502638397502236,0,0
0,-1.6831848218599248,0,0
0,-1.492817872064637,0,0
0,-1.1902641398947673,0,0
0,-1.2469054926833882,0,0
0,-0.6686949274317586,0,0
0,-1.1584097643494355,0,0
0,-2.1694603172479536,0,0
0,-1.639432937507082,0,0
0,-0.877482529895521,0,0
0,-0.7753286647014046,0,0
0,-1.4075106273861344,0,0
0,-1.817412062093004,0,0
0,-2.534219003602915,0,0
0,-1.7132902954978144,0,0
0,0.6722661638440687,1,1
0,-0.878595578403273,0,0
0,-0.5398867679675214,0,0
0,-1.152042211658011,0,0
0,-1.6405054985126282,0,0
0,-1.5666006072005407,0,0
0,-1.4277293664257558,0,0
0,-1.8005235008833376,0,0
0,-0.9131644419889139,0,0
0,-1.0389745558757457,0,0
0,-2.0779792771947885,0,0
0,-0.7616406599921269,0,0
0,-1.6493388870173478,0,0
0,-1.6610532403155172,0,0
0,-1.681436006467437,0,0
0,-0.7235153184905413,0,0
0,-1.708021855957373,0,0
0,-0.5048005015186587,0,0
0,-1.6601108935772295,0,0
0,-1.7028031329781865,0,0
0,-2.867821720226048,0,0
0,-1.6818370062962567,0,0
0,0.23298764932948413,0,1
0,-2.5169258863970874,0,0
0,-1.8860911137847145,0,0
0,-1.4073289562318747,0,0
0,-1.9183411400126653,0,0
0,-1.4148669416920194,0,0
0,-0.804066017502378,0,0
0,-1.1649287333459988,0,0
0,-0.41131780732292533,0,0
0,-2.3390636706816514,0,0
0,-2.263330439976494,0,0
0,-1.4215537230003958,0,0
0,-3.349875847737465,0,0
0,-1.5711640095201744,0,0
0,-1.3570347339109912,0,0
0,-2.5420299622080855,0,0
0,-1.2777961693172724,0,0
0,-1.814706500181118,0,0
0,-1.1900603079905574,0,0
0,-0.9727262084225559,0,0
0,-1.3960833551076837,0,0
0,-1.6453440747323986,0,0
0,-1.3671925272373073,0,0
0,-1.175514507877763,0,0
0,-2.488528957109836,0,0
0,-1.3368779352169429,0,0
0,-1.4789489769013753,0,0
0,-1.3559811267156183,0,0
0,-2.429944723074924,0,0
0,-1.6978700129412827,0,0
0,-2.042893414935958,0,0
0,-0.5020967560864026,0,0
0,-1.076314919844286,0,0
0,-1.0403473528634584,0,0
0,-2.5216592950411303,0,0
0,-0.7672735143491023,0,0
0,-1.5893393653341383,0,0
0,-1.9157470568959996,0,0
0,-1.264113336672605,0,0
0,-2.804132062055425,0,0
0,-1.4867710135074175,0,0
0,-1.7708573276759996,0,0
0,-1.4287357108073273,0,0
0,-1.1049478470624265,0,0
0,-0.8928583464820025,0,0
0,-1.8760927841800723,0,0
0,-1.4200500073562505,0,0
0,-1.2731814633706295,0,0
0,-1.6855394851622396,0,0
0,-0.7790568461028327,0,0
0,-1.6967055520500192,0,0
0,-2.002111051733533,0,0
0,-1.3620028754513167,0,0
0,-1.077620547978081,0,0
0,-1.315696688757296,0,0
0,-2.463851462535162,0,0
0,-1.30387549137645,0,0
0,-1.5904021336967382,0,0
0,-2.1856902815913717,0,0
0,-0.924403265105579,0,0
0,-0.5929213580904344,0,0
0,-2.0493182758774493,0,0
0,-0.7634713730252816,0,0
0,-0.7840003205877717,0,0
0,-2.0253557709275465,0,0
0,-1.2868760903590064,0,0
0,-1.6943025430447878,0,0
0,-1.5126157154183768,0,0
0,-0.4215564007592054,0,0
0,-1.6826515572244753,0,0
0,-1.5119677188047067,0,0
0,-1.3597708792825127,0,0
0,-1.672839596613359,0,0
0,-1.735965410981025,0,0
0,-1.933813912702003,0,0
0,-1.0479542808633826,0,0
0,-2.1122018405489724,0,0
0,-0.6765751613129994,0,0
0,-1.4978059625601943,0,0
0,-2.335746623867713,0,0
0,-1.4123576148124681,0,0
0,-2.1471809725260593,0,0
0,-1.8631227717158727,0,0
0,-2.338831937763452,0,0
0,-1.722088941154134,0,0
0,-2.3603350552549562,0,0
0,-1.356371933686642,0,0
0,-2.55453269633701,0,0
0,-1.8871352403400605,0,0
0,-2.4583179821741044,0,0
0,-2.0839141131882277,0,0
0,-1.99868895948969,0,0
0,-0.38168521218445584,0,0
0,-2.2441654085497285,0,0
0,-3.125083160302725,0,0
0,-1.8351267654800894,0,0
0,-2.1927967178817878,0,0
0,-1.5888194313844006,0,0
0,-0.6770049927356473,0,0
0,-0.9755095822516348,0,0
0,-1.7206974382133735,0,0
0,-1.5883953395966648,0,0
0,-2.5800981383026222,0,0
0,-2.044397677818975,0,0
0,-1.4624635255105187,0,0
0,-0.314791531183663,0,0
0,-0.7724770467041243,0,0
0,-0.6377366461593368,0,0
0,-1.5948357809780735,0,0
0,-2.0594553023271263,0,0
0,-1.5075528965641878,0,0
0,-1.326007227078484,0,0
0,-1.453689633596143,0,0
0,-1.122735413830531,0,0
0,-0.4446137653848458,0,0
0,-2.522446958756291,0,0
0,-0.9529116749877329,0,0
0,-1.0890535714390857,0,0
0,-1.2940350071211086,0,0
0,-2.3178910396073076,0,0
0,-0.4359912037719383,0,0
0,-1.8897924286454,0,0
0,-2.258861505924526,0,0
0,-0.4277456152884927,0,0
0,-1.155170897780606,0,0
0,-0.9004836180336947,0,0
0,-1.8934164258792436,0,0
0,-2.6266695704097924,0,0
0,-1.6086965205853265,0,0
0,-1.6943637849273627,0,0
0,-1.8263271738419986,0,0
0,-2.148800091953104,0,0
0,-0.9157488823482361,0,0
0,-0.6572436980610492,0,0
0,-1.5863356175685253,0,0
0,-0.4258308803529388,0,0
0,-1.6987953906893964,0,0
0,-2.011443096706535,0,0
0,-2.080810583439428,0,0
0,-1.6268297979094992,0,0
0,-1.1090577300173061,0,0
0,-1.3478728614926685,0,0
0,-1.4048421727243006,0,0
0,-2.0739340298851285,0,0
0,-1.62018881714507,0,0
0,-1.8435255976394842,0,0
0,-1.2894962878887843,0,0
0,0.2674541001682421,0,1
0,-1.1576506305640177,0,0
0,-1.7643102873014054,0,0
0,-1.9453729410098792,0,0
0,-3.3936383292745433,0,0
0,-1.4465492561420468,0,0
0,-2.4893870661518167,0,0
0,-2.5448911075544802,0,0
0,-2.3655710357354183,0,0
0,-0.953692356065392,0,0
0,-2.0545266527316004,0,0
0,-0.7386460510158066,0,0
0,-1.0178520313493338,0,0
0,-1.4371857356501714,0,0
0,-1.7776792634342766,0,0
0,-1.877357898641419,0,0
0,-1.2191678997924833,0,0
0,-1.8595368139924853,0,0
0,-1.323128393081472,0,0
0,-2.177272896537868,0,0
0,-1.9716361300313237,0,0
0,-0.09101140771725497,0,0
0,-1.3769327186600853,0,0
0,-1.1387488862772461,0,0
0,-1.7007661928736177,0,0
0,-0.42502934979128554,0,0
0,-0.937613547979069,0,0
0,-2.1188739425367373,0,0
0,-0.8422055775596399,0,0
0,-1.9070597757999241,0,0
0,-1.4711363571705673,0,0
0,-0.07449564594436187,0,0
0,-0.968517672755968,0,0
0,-2.0087697804455815,0,0
0,-1.8788430327607335,0,0
0,-2.49587435955345,0,0
0,-0.8763883059488019,0,0
0,-2.0014373868763373,0,0
0,-2.3454000211142585,0,0
0,-1.3707447325695985,0,0
0,-1.9959142323468049,0,0
0,-1.7103113031785484,0,0
0,-1.28197644533122,0,0
0,-1.5720882011781403,0,0
0,-1.031704909439005,0,0
0,-2.341226053052098,0,0
0,-1.6665930289574207,0,0
0,-0.7400237916341231,0,0
0,-0.868377595202217,0,0
0,-1.5012152547028603,0,0
0,-1.0994621711579435,0,0
0,-0.9895589908505591,0,0
0,-1.922753984595058,0,0
0,-1.0449018995484327,0,0
0,-0.9420014038038178,0,0
0,-0.8271133887019309,0,0
0,-1.4270998599901152,0,0
0,-1.35584167169029,0,0
0,-1.967281067096402,0,0
0,-1.1777193363976846,0,0
0,-1.350206895648935,0,0
0,-0.8285587817169914,0,0
0,-2.4667595577097137,0,0
0,-1.2090458319584374,0,0
0,-1.4160757672865145,0,0
0,-2.0365680896207734,0,0
