threshold,precision,recall,specificity,accuracy,f1,mcc,balanced_accuracy
0.0,0.12093788564376799,1.0,0.0,0.12093788564376799,0.21577981651376146,0.0,0.5
0.001,0.12142561127227518,0.9965986394557823,0.007955077211043519,0.12751953928424517,0.21647580347247874,0.017319167721399673,0.502276858333413
0.002,0.12285115303983228,0.9965986394557823,0.02105755732335049,0.13903743315508021,0.21873833519970137,0.04225226346423208,0.5088280983895664
0.003,0.12420517168291649,0.9965986394557823,0.033224145999064106,0.1497326203208556,0.22088202035431587,0.05735798840564801,0.5149113927274233
0.004,0.12618432385874245,0.9965986394557823,0.05053813757604118,0.16495269436445906,0.22400611620795108,0.07426624295691918,0.5235683885159117
0.005,0.12800349497597205,0.9965986394557823,0.06598034627983154,0.17852735499794323,0.22686798296554395,0.08700363097920055,0.5312894928678069
0.006,0.13074520303435966,0.9965986394557823,0.08844174075807207,0.19827231591937475,0.23116370808678502,0.10330073004914128,0.5425201901069272
0.007,0.13306085376930063,0.9965986394557823,0.10669162377164249,0.21431509666803786,0.23477564102564102,0.11529458541795319,0.5516451316137124
0.008,0.1349721706864564,0.9897959183673469,0.1272812353766963,0.2315919374742904,0.23755102040816325,0.12051950989385131,0.5585385768720216
0.009000000000000001,0.13724562233790819,0.9863945578231292,0.14693495554515676,0.24845742492801318,0.24096385542168675,0.12892552594872556,0.566664756684143
0.01,0.13968100531657807,0.9829931972789115,0.1670566214319139,0.26573426573426573,0.2446043165467626,0.1374285203912849,0.5750249093554127
0.011,0.14173228346456693,0.9795918367346939,0.1839026672905943,0.2801316330728095,0.24763542562338778,0.1439231927769317,0.5817472520126441
0.012,0.14457831325301204,0.9795918367346939,0.2026204960224614,0.2965857671740025,0.25196850393700787,0.15444603638647103,0.5911061663785776
0.013000000000000001,0.14678899082568808,0.9795918367346939,0.2166588675713617,0.3089263677498972,0.2553191489361702,0.16216279734511913,0.5981253521530278
0.014,0.1497659906396256,0.9795918367346939,0.23490875058493216,0.3249691484985603,0.2598105548037889,0.17202157262660459,0.607250293659813
0.015,0.15205913410770855,0.9795918367346939,0.2484791764155358,0.33689839572192515,0.263254113345521,0.17925401333904037,0.6140355065751149
0.016,0.15450643776824036,0.9795918367346939,0.2625175479644361,0.34923899629781985,0.2669138090824838,0.18666937217774324,0.621054692349565
0.017,0.1567449481157837,0.9761904761904762,0.2774918109499298,0.36199095022624433,0.2701176470588235,0.19184313970640585,0.626841143570203
0.018000000000000002,0.15988857938718662,0.9761904761904762,0.2943378568086102,0.376799670917318,0.27477261847774054,0.20069100066560316,0.6352641664995432
0.019,0.16147308781869688,0.9693877551020408,0.30744033692091716,0.38749485808309336,0.2768334142787761,0.20238420553845846,0.638414046011479
0.02,0.16368876080691644,0.9659863945578231,0.32101076275152085,0.39901275195392844,0.2799408575653031,0.20701373543786875,0.643498578654672
0.021,0.16540035067212155,0.9625850340136054,0.3317735142723444,0.4080625257095845,0.2822942643391521,0.21021384973909477,0.6471792741429749
0.022,0.16745562130177516,0.9625850340136054,0.34160037435657464,0.4167009461127108,0.2852822580645161,0.2154576145922159,0.65209270418509
0.023,0.16895522388059703,0.9625850340136054,0.3486195601310248,0.42287124640065815,0.28745556119857796,0.219206598218015,0.6556022970723151
0.024,0.17256097560975608,0.9625850340136054,0.3649976602714085,0.43726861373920195,0.29265770423991727,0.22797473054556422,0.663791347142507
0.025,0.17534076827757125,0.9625850340136054,0.37716424894712214,0.4479638009049774,0.2966457023060797,0.23451556994171346,0.6698746414803638
0.026000000000000002,0.17787554996857322,0.9625850340136054,0.3879270004679457,0.4574249280131633,0.3002652519893899,0.24032786429631334,0.6752560172407756
0.027,0.17938931297709923,0.9591836734693877,0.3963500233972859,0.4644179350061703,0.3022508038585209,0.242512340038974,0.6777668484333368
0.028,0.18335500650195058,0.9591836734693877,0.41226017781937296,0.4784039489921843,0.3078602620087336,0.2512263581551847,0.6857219256443803
0.029,0.18403693931398418,0.9489795918367347,0.42115114646700985,0.48498560263266144,0.3082872928176796,0.24909839662686212,0.6850653691518723
0.03,0.1863270777479893,0.9455782312925171,0.4319138979878334,0.49403537638831757,0.3113101903695409,0.2527939171878214,0.6887460646401753
0.031,0.18813905930470348,0.9387755102040817,0.442676649508657,0.5026737967914439,0.313458262350937,0.25425085997508795,0.6907260798563694
0.032,0.19057519057519057,0.935374149659864,0.4534394010294806,0.5117235705470999,0.31663788140472077,0.25811050512084077,0.6944067753446723
0.033,0.19336626676076218,0.9319727891156463,0.4651380439868975,0.5215960510078157,0.32028053769725306,0.26259337096848795,0.698555416551272
0.034,0.19484240687679083,0.9251700680272109,0.4740290126345344,0.5285890580008227,0.32189349112426036,0.26324041979264273,0.6995995403308727
0.035,0.19666182873730043,0.9217687074829932,0.4819840898455779,0.5351707116412999,0.3241626794258373,0.2656762154917316,0.7018763986642855
0.036000000000000004,0.20014771048744462,0.9217687074829932,0.4932147870846982,0.5450431921020157,0.3288834951456311,0.2723890004521178,0.7074917472838457
0.037,0.20193740685543965,0.9217687074829932,0.4988301357042583,0.5499794323323736,0.3312958435207824,0.2757743072869007,0.7102994215936258
0.038,0.20561456752655538,0.9217687074829932,0.5100608329433786,0.5598519127930892,0.3362282878411911,0.282607046984262,0.7159147702131858
0.039,0.20878274268104777,0.9217687074829932,0.5194197473093122,0.5680789798436857,0.34045226130653267,0.2883684640501128,0.7205942273961528
0.04,0.21073094867807154,0.9217687074829932,0.5250350959288722,0.5730152200740436,0.3430379746835443,0.29185662769839377,0.7234019017059328
0.041,0.2128829536527887,0.9217687074829932,0.531118390266729,0.5783628136569313,0.34588385449904274,0.2956632817229098,0.7264435488748611
0.042,0.2150793650793651,0.9217687074829932,0.5372016846045858,0.583710407239819,0.3487773487773488,0.29950003436042777,0.7294851960437896
0.043000000000000003,0.21784565916398713,0.9217687074829932,0.5446888160973327,0.5902920608802962,0.35240572171651496,0.3042653370906192,0.7332287617901629
0.044,0.22068403908794787,0.9217687074829932,0.5521759475900796,0.5968737145207733,0.35611038107752957,0.3090804665106711,0.7369723275365364
0.045,0.22277227722772278,0.9183673469387755,0.5591951333645298,0.6026326614561909,0.35856573705179284,0.31142463397152925,0.7387812401516527
0.046,0.22613065326633167,0.9183673469387755,0.5676181562938699,0.6100370218017277,0.3629032258064516,0.3169656704405102,0.7429927516163227
0.047,0.22913117546848383,0.9149659863945578,0.5765091249415067,0.6174413821472645,0.36648501362397823,0.3206828751634546,0.7457375556680323
0.048,0.23229706390328153,0.9149659863945578,0.5839962564342537,0.6240230357877417,0.37052341597796146,0.32574302713325703,0.7494811214144057
0.049,0.23534558180227472,0.9149659863945578,0.5910154422087038,0.6301933360756891,0.3743910925539318,0.33054413562187024,0.7529907143016308
0.05,0.23847517730496454,0.9149659863945578,0.598034627983154,0.6363636363636364,0.37834036568213786,0.33540308573974387,0.7565003071888559
0.051000000000000004,0.23996431757359502,0.9149659863945578,0.6013102480112307,0.6392431098313451,0.38021201413427563,0.3376910931241897,0.7581381172028943
0.052000000000000005,0.24097472924187727,0.9081632653061225,0.6064576509124942,0.6429452900041135,0.38088445078459343,0.3369097331186159,0.7573104581093083
0.053,0.2442817932296432,0.9081632653061225,0.6134768366869443,0.6491155902920609,0.3850036049026676,0.3419076041333386,0.7608200509965334
0.054,0.24699352451433856,0.9081632653061225,0.6190921853065045,0.6540518305224188,0.38836363636363636,0.34595313707777814,0.7636277253063135
0.055,0.25023430178069356,0.9081632653061225,0.6256434253626579,0.6598107774578362,0.3923585598824394,0.35072808527126875,0.7669033453343902
0.056,0.2547709923664122,0.9081632653061225,0.6345343940102948,0.6676264911559029,0.3979135618479881,0.35730750911452774,0.7713488296582086
0.057,0.2564841498559078,0.9081632653061225,0.6378100140383716,0.6705059646236117,0.4,0.3597613876381771,0.772986639672247
0.058,0.2575315840621963,0.9013605442176871,0.6424894712213384,0.6737967914438503,0.40060468631897206,0.35889993302542905,0.7719250077195128
0.059000000000000004,0.2603960396039604,0.8945578231292517,0.6504445484323819,0.6799670917317976,0.40337423312883436,0.36059241945146486,0.7725011857808168
0.06,0.26545086119554206,0.891156462585034,0.6607393542349087,0.6886055121349239,0.4090554254488681,0.36642985911766884,0.7759479084099714
0.061,0.2726326742976067,0.891156462585034,0.6729059429106223,0.6993006993006993,0.41752988047808764,0.3761687554457884,0.7820312027478282
0.062,0.27854855923159016,0.8877551020408163,0.683668694431446,0.7083504730563555,0.4240454914703493,0.3828151831531013,0.7857118982361311
0.063,0.2813852813852814,0.8843537414965986,0.6892840430510061,0.7128753599341835,0.4269293924466338,0.3853195676956984,0.7868188922738024
0.064,0.28415300546448086,0.8843537414965986,0.6934955545156761,0.7165775401069518,0.43010752688172044,0.38889321591684317,0.7889246480061374
0.065,0.287292817679558,0.8843537414965986,0.6981750116986429,0.7206910736322502,0.43369474562135113,0.39290878256141265,0.7912643765976208
0.066,0.2916666666666667,0.8809523809523809,0.7056621431913898,0.7268613739201975,0.43824027072758037,0.39722748623528853,0.7933072620718853
0.067,0.2943181818181818,0.8809523809523809,0.7094057089377632,0.7301522007404361,0.44122657580919933,0.4005384475642233,0.7951790449450721
0.068,0.2973593570608496,0.8809523809523809,0.7136172204024334,0.7338543809132044,0.4446351931330472,0.40430326710563963,0.7972848006774071
0.069,0.29873125720876587,0.8809523809523809,0.71548900327562,0.7354997943233237,0.446167097329888,0.4059904076817025,0.7982206921140005
0.07,0.30434782608695654,0.8809523809523809,0.7229761347683669,0.7420814479638009,0.4524017467248908,0.4128270431410762,0.8019642578603738
0.07100000000000001,0.3079667063020214,0.8809523809523809,0.7276555919513337,0.7461949814890991,0.45638766519823787,0.417173779130742,0.8043039864518573
0.07200000000000001,0.31092436974789917,0.8809523809523809,0.731399157697707,0.7494858083093378,0.45962732919254656,0.4206935480458428,0.806175769325044
0.073,0.3150851581508516,0.8809523809523809,0.7365465605989705,0.7540106951871658,0.46415770609318996,0.42559666190077255,0.8087494707756757
0.074,0.3177914110429448,0.8809523809523809,0.7398221806270473,0.7568901686548746,0.4670874661857529,0.42875614312255345,0.8103872807897141
0.075,0.3217391304347826,0.8809523809523809,0.744501637810014,0.7610037021801728,0.4713375796178344,0.43332435858069274,0.8127270093811975
0.076,0.3236775818639798,0.8741496598639455,0.7487131492746841,0.7638831756478816,0.4724264705882353,0.43304570491449024,0.8114314045693148
0.077,0.3282247765006386,0.8741496598639455,0.7538605521759476,0.7684080625257096,0.47725162488393685,0.43821087121229463,0.8140051060199466
0.078,0.33029908972691807,0.8639455782312925,0.7590079550772111,0.7716988893459482,0.477892756349953,0.43677009990733506,0.8114767666542517
0.079,0.3328964613368283,0.8639455782312925,0.7618156293869911,0.7741670094611272,0.4806054872280038,0.43966740575840446,0.8128806038091418
0.08,0.33687002652519893,0.8639455782312925,0.7660271408516612,0.7778691896338955,0.4847328244274809,0.4440638959246331,0.8149863595414768
0.081,0.33691275167785234,0.8537414965986394,0.7688348151614413,0.779103249691485,0.48315688161693937,0.44031309035531535,0.8112881558800403
0.082,0.34289617486338797,0.8537414965986394,0.7749181094992981,0.7844508432743726,0.48927875243664715,0.44682683997407485,0.8143298030489687
0.083,0.3452544704264099,0.8537414965986394,0.7772578380907814,0.7865076100370219,0.49167482859941236,0.4493687081460234,0.8154996673447104
0.084,0.3462603878116344,0.8503401360544217,0.7791296209639682,0.7877416700946113,0.4921259842519685,0.44917043774119875,0.814734878509195
0.085,0.3467966573816156,0.8469387755102041,0.7805334581188582,0.788564376799671,0.49209486166007904,0.4484660126007308,0.8137361168145312
0.08600000000000001,0.3511988716502116,0.8469387755102041,0.7847449695835284,0.7922665569724393,0.4965104685942173,0.4531436897665296,0.8158418725468662
0.08700000000000001,0.3537803138373752,0.8435374149659864,0.788020589611605,0.7947346770876182,0.4984924623115578,0.4545766351980157,0.8157790022887957
0.088,0.3573487031700288,0.8435374149659864,0.7912962096396818,0.797614150555327,0.5020242914979757,0.45830669696104354,0.8174168123028341
0.089,0.3599419448476052,0.8435374149659864,0.7936359382311652,0.7996709173179761,0.5045778229908443,0.4609988533537848,0.8185866765985759
0.09,0.36257309941520466,0.8435374149659864,0.7959756668226485,0.8017276840806252,0.5071574642126789,0.4637146917043273,0.8197565408943175
0.091,0.36538461538461536,0.8401360544217688,0.7992512868507253,0.8041958041958042,0.5092783505154639,0.46529464215458805,0.819693670636247
0.092,0.36771300448430494,0.8367346938775511,0.8020589611605053,0.8062525709584533,0.5109034267912772,0.466359157575735,0.8193968275190282
0.093,0.37104072398190047,0.8367346938775511,0.8048666354702855,0.8087206910736322,0.5141065830721003,0.4697245800819802,0.8208006646739183
0.094,0.3746177370030581,0.8333333333333334,0.8086102012166588,0.811600164541341,0.5168776371308017,0.47199800974304207,0.8209717672749961
0.095,0.37596302003081666,0.8299319727891157,0.8104819840898456,0.8128342245989305,0.5174973488865323,0.4720201256892595,0.8202069784394806
0.096,0.37947122861586313,0.8299319727891157,0.8132896583996256,0.8153023447141095,0.5208110992529349,0.4754964990189404,0.8216108155943707
0.097,0.3836477987421384,0.8299319727891157,0.8165652784277024,0.8181818181818182,0.524731182795699,0.4796029267466902,0.8232486256084091
0.098,0.3873015873015873,0.8299319727891157,0.8193729527374825,0.8206499382969972,0.5281385281385281,0.4831672535902897,0.8246524627632991
0.099,0.39228295819935693,0.8299319727891157,0.8231165184838559,0.8239407651172357,0.5327510917030568,0.48798545886654193,0.8265242456364859
0.1,0.3941368078175896,0.8231292517006803,0.8259241927936359,0.825586178527355,0.5330396475770925,0.48707376284500464,0.8245267222471582
0.101,0.3933884297520661,0.8095238095238095,0.8282639213851193,0.8259975318798848,0.5294771968854283,0.48097667179667913,0.8188938654544644
0.10200000000000001,0.39232053422370616,0.7993197278911565,0.8296677585400094,0.8259975318798848,0.5263157894736842,0.47592858038714364,0.814493743215583
0.10300000000000001,0.3926174496644295,0.7959183673469388,0.8306036499766027,0.8264088852324146,0.5258426966292135,0.4748660264366339,0.8132610086617708
0.10400000000000001,0.3949152542372881,0.7925170068027211,0.8329433785680861,0.8280542986425339,0.5271493212669683,0.47568869939794334,0.8127301926854036
0.105,0.39829059829059826,0.7925170068027211,0.8352831071595694,0.8301110654051831,0.5301478953356087,0.47885445818522954,0.8139000569811452
0.106,0.4017241379310345,0.7925170068027211,0.8376228357510529,0.8321678321678322,0.5331807780320366,0.4820539659489168,0.815069921276887
0.107,0.4045138888888889,0.7925170068027211,0.8394946186242396,0.8338132455779514,0.535632183908046,0.48463836910281244,0.8160058127134804
0.108,0.4048865619546248,0.7891156462585034,0.8404305100608329,0.8342245989304813,0.5351787773933102,0.4836189804787664,0.8147730781596682
0.109,0.40597539543058,0.7857142857142857,0.8418343472157229,0.835047305635541,0.5353418308227115,0.4832560976574283,0.8137743164650043
0.11,0.40852575488454707,0.782312925170068,0.8441740758072064,0.8366927190456602,0.5367561260210035,0.4842229365365106,0.8132435004886371
0.111,0.4129263913824057,0.782312925170068,0.8469817501169864,0.8391608391608392,0.5405405405405406,0.4882222776491465,0.8146473376435273
0.112,0.4151624548736462,0.782312925170068,0.8483855872718764,0.8403948992184286,0.5424528301886793,0.4902422245347663,0.8153492562209722
0.113,0.4166666666666667,0.782312925170068,0.8493214787084699,0.8412176059234883,0.5437352245862884,0.4915964913068628,0.8158172019392689
0.114,0.41742286751361163,0.782312925170068,0.8497894244267665,0.8416289592760181,0.5443786982248521,0.49227593631233535,0.8160511747984173
0.115,0.4186471663619744,0.7789115646258503,0.8511932615816565,0.8424516659810778,0.544589774078478,0.4919881244476626,0.8150524131037534
0.116,0.4225092250922509,0.7789115646258503,0.8535329901731399,0.8445084327437269,0.5478468899521531,0.4954305255888151,0.8162222773994952
0.117,0.42379182156133827,0.7755102040816326,0.85493682732803,0.8453311394487865,0.5480769230769231,0.4951742877523666,0.8152235157048313
0.11800000000000001,0.4261682242990654,0.7755102040816326,0.85634066448292,0.846565199506376,0.5500603136308806,0.4972725147865332,0.8159254342822764
0.11900000000000001,0.42857142857142855,0.7755102040816326,0.85774450163781,0.8477992595639654,0.5520581113801453,0.4993856441151265,0.8166273528597213
0.12,0.4340344168260038,0.7721088435374149,0.8614880673841835,0.8506787330316742,0.5556915544675642,0.5027463750289672,0.8167984554607992
0.121,0.43570057581573896,0.7721088435374149,0.8624239588207768,0.8515014397367339,0.5570552147239264,0.5041902685096853,0.8172664011790959
0.122,0.4373795761078998,0.7721088435374149,0.8633598502573702,0.8523241464417936,0.5584255842558425,0.505641211721029,0.8177343468973925
0.123,0.442495126705653,0.7721088435374149,0.8661675245671502,0.8547922665569725,0.5625774473358116,0.5100370292315531,0.8191381840522826
0.124,0.443359375,0.7721088435374149,0.8666354702854469,0.8552036199095022,0.5632754342431762,0.5107760267196426,0.819372156911431
0.125,0.44509803921568625,0.7721088435374149,0.8675713617220402,0.8560263266145619,0.5646766169154229,0.512259554656409,0.8198401026297275
0.126,0.44930417495029823,0.7687074829931972,0.8703790360318203,0.858083093377211,0.5671267252195734,0.5143965836328727,0.8195432595125087
0.127,0.452,0.7687074829931972,0.8717828731867103,0.8593171534348005,0.5692695214105793,0.5166689731627336,0.8202451780899538
0.128,0.4536290322580645,0.7653061224489796,0.8731867103416003,0.8601398601398601,0.569620253164557,0.5165955133014097,0.81924641639529
0.129,0.4573170731707317,0.7653061224489796,0.8750584932147871,0.8617852735499795,0.5725190839694656,0.5196749664206693,0.8201823078318833
0.13,0.45824847250509165,0.7653061224489796,0.8755264389330838,0.8621966269025092,0.5732484076433121,0.5204498477929058,0.8204162806910317
0.131,0.4639175257731959,0.7653061224489796,0.8783341132428638,0.8646647470176881,0.5776636713735558,0.525142085101313,0.8218201178459217
0.132,0.4628099173553719,0.7619047619047619,0.8783341132428638,0.8642533936651584,0.5758354755784062,0.5227719905215347,0.8201194375738128
0.133,0.46361746361746364,0.7585034013605442,0.8792700046794572,0.8646647470176881,0.5754838709677419,0.5219783478511126,0.8188867030200007
0.134,0.46540880503144655,0.7551020408163265,0.8806738418343473,0.8654874537227478,0.5758754863813229,0.5219855810813789,0.8178879413253368
0.135,0.46511627906976744,0.7482993197278912,0.8816097332709406,0.8654874537227478,0.5736636245110821,0.5188201826156635,0.8149545264994159
0.136,0.46496815286624205,0.7448979591836735,0.8820776789892373,0.8654874537227478,0.5725490196078431,0.5172352362778346,0.8134878190864554
0.137,0.46794871794871795,0.7448979591836735,0.8834815161441273,0.8667215137803373,0.5748031496062992,0.5196546780403396,0.8141897376639005
0.138,0.4678111587982833,0.7414965986394558,0.883949461862424,0.8667215137803373,0.5736842105263158,0.5180737072334286,0.8127230302509398
0.139,0.4666666666666667,0.7380952380952381,0.883949461862424,0.8663101604278075,0.5718050065876152,0.5156788114390426,0.811022349978831
0.14,0.46551724137931033,0.7346938775510204,0.883949461862424,0.8658988070752777,0.5699208443271768,0.513280892625927,0.8093216697067223
0.14100000000000001,0.4675324675324675,0.7346938775510204,0.8848853532990173,0.8667215137803373,0.5714285714285714,0.514907160837385,0.8097896154250188
0.14200000000000002,0.4685466377440347,0.7346938775510204,0.885353299017314,0.8671328671328671,0.5721854304635762,0.5157236940152983,0.8100235882841672
0.14300000000000002,0.47058823529411764,0.7346938775510204,0.8862891904539073,0.8679555738379268,0.5737051792828686,0.5173636202124822,0.8104915340024639
0.14400000000000002,0.47045951859956237,0.7312925170068028,0.886757136172204,0.8679555738379268,0.5725699067909454,0.5157837069698554,0.8090248265895034
0.145,0.473568281938326,0.7312925170068028,0.8881609733270941,0.8691896338955163,0.5748663101604278,0.518266776812886,0.8097267451669484
0.146,0.4746136865342163,0.7312925170068028,0.8886289190453908,0.869600987248046,0.5756358768406962,0.5190991713239651,0.8099607180260968
0.147,0.4756637168141593,0.7312925170068028,0.8890968647636874,0.8700123406005759,0.5764075067024129,0.5199339397862874,0.8101946908852451
0.148,0.4745011086474501,0.7278911564625851,0.8890968647636874,0.869600987248046,0.574496644295302,0.5175255463797198,0.8084940106131362
0.149,0.47874720357941836,0.7278911564625851,0.8909686476368741,0.8712464006581654,0.5775978407557355,0.5208871051019343,0.8094299020497295
0.15,0.48089887640449436,0.7278911564625851,0.8919045390734675,0.872069107363225,0.5791610284167794,0.5225824907173341,0.8098978477680263
0.151,0.4841628959276018,0.7278911564625851,0.8933083762283575,0.8733031674208145,0.5815217391304348,0.5251441361029459,0.8105997663454713
0.152,0.4863636363636364,0.7278911564625851,0.8942442676649509,0.8741258741258742,0.5831062670299727,0.5268644414270423,0.8110677120637679
0.153,0.4897025171624714,0.7278911564625851,0.8956481048198409,0.8753599341834636,0.585499316005472,0.5294639982920446,0.811769630641213
0.154,0.4908256880733945,0.7278911564625851,0.8961160505381376,0.8757712875359934,0.5863013698630137,0.5303356685584839,0.8120036035003613
0.155,0.49078341013824883,0.7244897959183674,0.8965839962564343,0.8757712875359934,0.5851648351648352,0.5287924339234812,0.8105368960874009
0.156,0.49074074074074076,0.7210884353741497,0.8970519419747309,0.8757712875359934,0.5840220385674931,0.5272477908666877,0.8090701886744402
0.157,0.48951048951048953,0.7142857142857143,0.8975198876930276,0.8753599341834636,0.5809128630705395,0.5232734415120688,0.805902800989371
0.158,0.4883177570093458,0.7108843537414966,0.8975198876930276,0.8749485808309337,0.5789473684210527,0.5208417628706297,0.804202120717262
0.159,0.49061032863849763,0.7108843537414966,0.8984557791296209,0.8757712875359934,0.5805555555555556,0.5226051933632864,0.8046700664355588
0.16,0.49176470588235294,0.7108843537414966,0.8989237248479176,0.8761826408885233,0.5813630041724618,0.5234909407508862,0.8049040392947071
0.161,0.4940898345153664,0.7108843537414966,0.8998596162845109,0.8770053475935828,0.5829846582984658,0.5252705790151516,0.8053719850130038
0.162,0.49643705463182897,0.7108843537414966,0.9007955077211044,0.8778280542986425,0.5846153846153846,0.5270611823915974,0.8058399307313004
0.163,0.4988066825775656,0.7108843537414966,0.9017313991576977,0.8786507610037022,0.5862552594670407,0.528862881289042,0.8063078764495972
0.164,0.49760765550239233,0.7074829931972789,0.9017313991576977,0.8782394076511724,0.5842696629213483,0.526424450787483,0.8046071961774883
0.165,0.5,0.7074829931972789,0.9026672905942911,0.879062114356232,0.5859154929577465,0.5282366783406686,0.805075141895785
0.166,0.5012048192771085,0.7074829931972789,0.9031352363125877,0.8794734677087618,0.5867418899858956,0.5291470505314545,0.8053091147549334
0.167,0.5036319612590799,0.7074829931972789,0.9040711277491811,0.8802961744138215,0.5884016973125884,0.5309763973556979,0.80577706047323
0.168,0.5036496350364964,0.7040816326530612,0.9045390734674777,0.8802961744138215,0.5872340425531914,0.5294513429173483,0.8043103530602695
0.169,0.5048780487804878,0.7040816326530612,0.9050070191857744,0.8807075277663513,0.5880681818181818,0.5303729293633016,0.8045443259194178
0.17,0.5061124694376528,0.7040816326530612,0.9054749649040711,0.8811188811188811,0.5889046941678521,0.5312974517133678,0.8047782987785661
0.171,0.5085995085995086,0.7040816326530612,0.9064108563406644,0.8819415878239407,0.5905848787446505,0.5331553759780835,0.8052462444968629
0.17200000000000001,0.5098522167487685,0.7040816326530612,0.9068788020589612,0.8823529411764706,0.5914285714285714,0.5340888142016714,0.8054802173560112
0.17300000000000001,0.5136476426799007,0.7040816326530612,0.9082826392138512,0.8835870012340601,0.593974175035868,0.5369072543637922,0.8061821359334562
0.17400000000000002,0.5149253731343284,0.7040816326530612,0.9087505849321479,0.8839983545865899,0.5948275862068966,0.5378528385976074,0.8064161087926045
0.17500000000000002,0.5175879396984925,0.7006802721088435,0.9101544220870379,0.8848210612916495,0.5953757225433526,0.538256641290767,0.8054173470979407
0.176,0.5203045685279187,0.6972789115646258,0.9115582592419279,0.8856437679967092,0.5959302325581395,0.5386832356055098,0.8044185854032768
0.177,0.5216284987277354,0.6972789115646258,0.9120262049602246,0.886055121349239,0.5967976710334789,0.5396502546246204,0.8046525582624252
0.178,0.5216284987277354,0.6972789115646258,0.9120262049602246,0.886055121349239,0.5967976710334789,0.5396502546246204,0.8046525582624252
0.179,0.5217391304347826,0.6938775510204082,0.9124941506785212,0.886055121349239,0.5956204379562043,0.5381599684505038,0.8031858508494647
0.18,0.5244215938303342,0.6938775510204082,0.9134300421151147,0.8868778280542986,0.5973645680819912,0.5401096886646307,0.8036537965677615
0.181,0.5284974093264249,0.6938775510204082,0.9148338792700047,0.8881118881118881,0.6,0.5430590739828083,0.8043557151452064
0.182,0.5298701298701298,0.6938775510204082,0.9153018249883014,0.888523241464418,0.6008836524300442,0.5440489025213529,0.8045896880043548
0.183,0.5298701298701298,0.6938775510204082,0.9153018249883014,0.888523241464418,0.6008836524300442,0.5440489025213529,0.8045896880043548
0.184,0.5340314136125655,0.6938775510204082,0.9167056621431914,0.8897573015220074,0.6035502958579881,0.5470387935460619,0.8052916065817998
0.185,0.5368421052631579,0.6938775510204082,0.9176415535797847,0.8905800082270671,0.6053412462908012,0.5490492811400859,0.8057595523000964
0.186,0.5411140583554377,0.6938775510204082,0.9190453907346747,0.8918140682846565,0.6080476900149031,0.5520913068914423,0.8064614708775415
0.187,0.546916890080429,0.6938775510204082,0.9209171736078615,0.8934594816947758,0.6116941529235382,0.5561974039465136,0.8073973623141348
0.188,0.5498652291105122,0.6938775510204082,0.9218530650444549,0.8942821883998354,0.6135338345864662,0.5582723386615972,0.8078653080324315
0.189,0.5498652291105122,0.6938775510204082,0.9218530650444549,0.8942821883998354,0.6135338345864662,0.5582723386615972,0.8078653080324315
0.19,0.5501355013550135,0.6904761904761905,0.9223210107627515,0.8942821883998354,0.6123680241327301,0.5568461045294759,0.806398600619471
0.191,0.5516304347826086,0.6904761904761905,0.9227889564810482,0.8946935417523653,0.6132930513595166,0.557892710064707,0.8066325734786193
0.192,0.5516304347826086,0.6904761904761905,0.9227889564810482,0.8946935417523653,0.6132930513595166,0.557892710064707,0.8066325734786193
0.193,0.5561643835616439,0.6904761904761905,0.9241927936359382,0.8959276018099548,0.6160849772382397,0.5610552555347147,0.8073344920560643
0.194,0.559228650137741,0.6904761904761905,0.9251286850725315,0.8967503085150144,0.6179604261796042,0.5631828189824194,0.807802437774361
0.195,0.5595567867036011,0.6870748299319728,0.9255966307908282,0.8967503085150144,0.616793893129771,0.5617780978004223,0.8063357303614005
0.196,0.5626740947075209,0.6870748299319728,0.9265325222274217,0.897573015220074,0.6186830015313936,0.5639289381563485,0.8068036760796973
0.197,0.5642458100558659,0.6870748299319728,0.9270004679457183,0.8979843685726039,0.6196319018404908,0.5650103318948013,0.8070376489388456
0.198,0.5661971830985916,0.6836734693877551,0.9279363593823117,0.8983957219251337,0.6194144838212635,0.5647061678456297,0.8058049143850334
0.199,0.5661971830985916,0.6836734693877551,0.9279363593823117,0.8983957219251337,0.6194144838212635,0.5647061678456297,0.8058049143850334
0.2,0.5677966101694916,0.6836734693877551,0.9284043051006083,0.8988070752776635,0.6203703703703703,0.5657996270767371,0.8060388872441817
0.201,0.5677966101694916,0.6836734693877551,0.9284043051006083,0.8988070752776635,0.6203703703703703,0.5657996270767371,0.8060388872441817
0.202,0.5677966101694916,0.6836734693877551,0.9284043051006083,0.8988070752776635,0.6203703703703703,0.5657996270767371,0.8060388872441817
0.203,0.5694050991501416,0.6836734693877551,0.928872250818905,0.8992184286301933,0.6213292117465224,0.5668971998445307,0.80627286010333
0.20400000000000001,0.5714285714285714,0.6802721088435374,0.9298081422554983,0.8996297819827231,0.6211180124223602,0.5666212145736478,0.8050401255495179
0.20500000000000002,0.5714285714285714,0.6802721088435374,0.9298081422554983,0.8996297819827231,0.6211180124223602,0.5666212145736478,0.8050401255495179
0.20600000000000002,0.5714285714285714,0.6802721088435374,0.9298081422554983,0.8996297819827231,0.6211180124223602,0.5666212145736478,0.8050401255495179
0.20700000000000002,0.5730659025787965,0.6802721088435374,0.930276087973795,0.900041135335253,0.6220839813374806,0.5677312540873131,0.8052740984086662
0.20800000000000002,0.5751445086705202,0.6768707482993197,0.9312119794103884,0.9004524886877828,0.621875,0.5674760209928462,0.804041363854854
0.209,0.5801749271137027,0.6768707482993197,0.9326158165652785,0.9016865487453722,0.6248037676609105,0.5708575586295965,0.8047432824322991
0.21,0.5835777126099707,0.6768707482993197,0.9335517080018718,0.9025092554504319,0.6267716535433071,0.5731338983933784,0.8052112281505958
0.211,0.5835777126099707,0.6768707482993197,0.9335517080018718,0.9025092554504319,0.6267716535433071,0.5731338983933784,0.8052112281505958
0.212,0.5835777126099707,0.6768707482993197,0.9335517080018718,0.9025092554504319,0.6267716535433071,0.5731338983933784,0.8052112281505958
0.213,0.5835777126099707,0.6768707482993197,0.9335517080018718,0.9025092554504319,0.6267716535433071,0.5731338983933784,0.8052112281505958
0.214,0.5852941176470589,0.6768707482993197,0.9340196537201685,0.9029206088029618,0.6277602523659306,0.574278758906742,0.8054452010097441
0.215,0.5852941176470589,0.6768707482993197,0.9340196537201685,0.9029206088029618,0.6277602523659306,0.574278758906742,0.8054452010097441
0.216,0.5863095238095238,0.6700680272108843,0.9349555451567618,0.9029206088029618,0.6253968253968254,0.5715925629473214,0.8025117861838231
0.217,0.5898203592814372,0.6700680272108843,0.9358914365933552,0.9037433155080213,0.6273885350318471,0.5739143056086277,0.8029797319021197
0.218,0.5915915915915916,0.6700680272108843,0.9363593823116518,0.9041546688605512,0.6283891547049442,0.5750821531109088,0.8032137047612681
0.219,0.5933734939759037,0.6700680272108843,0.9368273280299485,0.904566022213081,0.6293929712460063,0.5762546977296701,0.8034476776204165
0.22,0.5969696969696969,0.6700680272108843,0.9377632194665418,0.9053887289181407,0.6314102564102564,0.5786140195135827,0.803915623338713
0.221,0.5969696969696969,0.6700680272108843,0.9377632194665418,0.9053887289181407,0.6314102564102564,0.5786140195135827,0.803915623338713
0.222,0.5957446808510638,0.6666666666666666,0.9377632194665418,0.9049773755656109,0.6292134831460674,0.5761128358075589,0.8022149430666042
0.223,0.5975609756097561,0.6666666666666666,0.9382311651848385,0.9053887289181407,0.6302250803858521,0.577299785253724,0.8024489159257526
0.224,0.5963302752293578,0.6632653061224489,0.9382311651848385,0.9049773755656109,0.6280193236714976,0.574794052952144,0.8007482356536437
0.225,0.5963302752293578,0.6632653061224489,0.9382311651848385,0.9049773755656109,0.6280193236714976,0.574794052952144,0.8007482356536437
0.226,0.5950920245398773,0.6598639455782312,0.9382311651848385,0.904566022213081,0.6258064516129033,0.5722836367890289,0.7990475553815348
0.227,0.5969230769230769,0.6598639455782312,0.9386991109031352,0.9049773755656109,0.6268174474959612,0.5734756349258595,0.7992815282406832
0.228,0.5969230769230769,0.6598639455782312,0.9386991109031352,0.9049773755656109,0.6268174474959612,0.5734756349258595,0.7992815282406832
0.229,0.5987654320987654,0.6598639455782312,0.939167056621432,0.9053887289181407,0.627831715210356,0.5746725497577134,0.7995155010998316
0.23,0.5987654320987654,0.6598639455782312,0.939167056621432,0.9053887289181407,0.627831715210356,0.5746725497577134,0.7995155010998316
0.231,0.5987654320987654,0.6598639455782312,0.939167056621432,0.9053887289181407,0.627831715210356,0.5746725497577134,0.7995155010998316
0.232,0.6006191950464397,0.6598639455782312,0.9396350023397286,0.9058000822706705,0.6288492706645057,0.5758744190370904,0.7997494739589799
0.233,0.6024844720496895,0.6598639455782312,0.9401029480580253,0.9062114356232003,0.6298701298701299,0.5770812809232013,0.7999834468181283
0.234,0.6043613707165109,0.6598639455782312,0.940570893776322,0.9066227889757301,0.6308943089430894,0.5782931739876445,0.8002174196772767
0.23500000000000001,0.60625,0.6598639455782312,0.9410388394946186,0.90703414232826,0.6319218241042345,0.5795101372201767,0.8004513925364249
0.23600000000000002,0.60625,0.6598639455782312,0.9410388394946186,0.90703414232826,0.6319218241042345,0.5795101372201767,0.8004513925364249
0.23700000000000002,0.6081504702194357,0.6598639455782312,0.9415067852129153,0.9074454956807898,0.632952691680261,0.5807322100345861,0.8006853653955732
0.23800000000000002,0.6107594936708861,0.6564625850340136,0.9424426766495086,0.9078568490333196,0.6327868852459017,0.5806779403394149,0.7994526308417611
0.23900000000000002,0.6126984126984127,0.6564625850340136,0.9429106223678053,0.9082682023858495,0.6338259441707718,0.5819157921764392,0.7996866037009094
0.24,0.6121794871794872,0.6496598639455783,0.943378568086102,0.9078568490333196,0.6303630363036303,0.5781173320424776,0.7965192160158401
0.241,0.6161290322580645,0.6496598639455783,0.9443144595226953,0.9086795557383792,0.6324503311258278,0.5806205685027604,0.7969871617341369
0.242,0.6181229773462783,0.6496598639455783,0.944782405240992,0.9090909090909091,0.6334991708126037,0.5818803349433995,0.7972211345932851
0.243,0.6221498371335505,0.6496598639455783,0.9457182966775854,0.9099136157959687,0.6356073211314476,0.5844163834223928,0.7976890803115819
0.244,0.6241830065359477,0.6496598639455783,0.9461862423958821,0.9103249691484986,0.6366666666666667,0.5856927546221402,0.7979230531707302
0.245,0.6262295081967213,0.6496598639455783,0.9466541881141788,0.9107363225010284,0.6377295492487479,0.586974750748177,0.7981570260298785
0.246,0.6282894736842105,0.6496598639455783,0.9471221338324755,0.9111476758535582,0.6387959866220736,0.5882624176601968,0.7983909988890269
0.247,0.6282894736842105,0.6496598639455783,0.9471221338324755,0.9111476758535582,0.6387959866220736,0.5882624176601968,0.7983909988890269
0.248,0.6324503311258278,0.6496598639455783,0.9480580252690688,0.9119703825586178,0.6409395973154363,0.5908549499149309,0.7988589446073235
0.249,0.6333333333333333,0.6462585034013606,0.9485259709873655,0.9119703825586178,0.6397306397306397,0.5896349225018481,0.797392237194363
0.25,0.6333333333333333,0.6462585034013606,0.9485259709873655,0.9119703825586178,0.6397306397306397,0.5896349225018481,0.797392237194363
0.251,0.6354515050167224,0.6462585034013606,0.9489939167056621,0.9123817359111477,0.6408094435075885,0.5909461420484942,0.7976262100535114
0.252,0.6354515050167224,0.6462585034013606,0.9489939167056621,0.9123817359111477,0.6408094435075885,0.5909461420484942,0.7976262100535114
0.253,0.6354515050167224,0.6462585034013606,0.9489939167056621,0.9123817359111477,0.6408094435075885,0.5909461420484942,0.7976262100535114
0.254,0.6397306397306397,0.6462585034013606,0.9499298081422555,0.9132044426162074,0.6429780033840947,0.5935864128118775,0.798094155771808
0.255,0.6418918918918919,0.6462585034013606,0.9503977538605521,0.9136157959687371,0.6440677966101694,0.5949155635171741,0.7983281286309564
0.256,0.6418918918918919,0.6462585034013606,0.9503977538605521,0.9136157959687371,0.6440677966101694,0.5949155635171741,0.7983281286309564
0.257,0.6418918918918919,0.6462585034013606,0.9503977538605521,0.9136157959687371,0.6440677966101694,0.5949155635171741,0.7983281286309564
0.258,0.6418918918918919,0.6462585034013606,0.9503977538605521,0.9136157959687371,0.6440677966101694,0.5949155635171741,0.7983281286309564
0.259,0.6484641638225256,0.6462585034013606,0.9518015910154423,0.9148498560263266,0.6473594548551959,0.5989396862224798,0.7990300472084014
0.26,0.6506849315068494,0.6462585034013606,0.9522695367337389,0.9152612093788565,0.6484641638225256,0.6002934567545879,0.7992640200675498
0.261,0.6529209621993127,0.6462585034013606,0.9527374824520356,0.9156725627313863,0.6495726495726496,0.6016535133638924,0.7994979929266981
0.262,0.657439446366782,0.6462585034013606,0.9536733738886289,0.9164952694364459,0.6518010291595198,0.6043927002764519,0.7999659386449948
0.263,0.6643356643356644,0.6462585034013606,0.955077211043519,0.9177293294940354,0.6551724137931034,0.6085499900099517,0.8006678572224397
0.264,0.6666666666666666,0.6462585034013606,0.9555451567618156,0.9181406828465652,0.6563039723661486,0.609948913806797,0.8009018300815881
0.265,0.6678445229681979,0.6428571428571429,0.9560131024801123,0.9181406828465652,0.6551126516464472,0.608833170758611,0.7994351226686276
0.266,0.6702127659574468,0.6428571428571429,0.956481048198409,0.918552036199095,0.65625,0.6102462468554257,0.7996690955277759
0.267,0.6702127659574468,0.6428571428571429,0.956481048198409,0.918552036199095,0.65625,0.6102462468554257,0.7996690955277759
0.268,0.6702127659574468,0.6428571428571429,0.956481048198409,0.918552036199095,0.65625,0.6102462468554257,0.7996690955277759
0.269,0.6702508960573477,0.6360544217687075,0.9569489939167056,0.9181406828465652,0.6527050610820244,0.6066104478730684,0.7965017078427066
0.27,0.6726618705035972,0.6360544217687075,0.9574169396350023,0.918552036199095,0.6538461538461539,0.6080387812874188,0.7967356807018549
0.271,0.677536231884058,0.6360544217687075,0.9583528310715957,0.9193747429041547,0.656140350877193,0.6109164901404845,0.7972036264201516
0.272,0.677536231884058,0.6360544217687075,0.9583528310715957,0.9193747429041547,0.656140350877193,0.6109164901404845,0.7972036264201516
0.273,0.677536231884058,0.6360544217687075,0.9583528310715957,0.9193747429041547,0.656140350877193,0.6109164901404845,0.7972036264201516
0.274,0.68,0.6360544217687075,0.9588207767898924,0.9197860962566845,0.6572934973637962,0.6123659918742913,0.7974375992792999
0.275,0.68,0.6360544217687075,0.9588207767898924,0.9197860962566845,0.6572934973637962,0.6123659918742913,0.7974375992792999
0.276,0.6788321167883211,0.6326530612244898,0.9588207767898924,0.9193747429041547,0.6549295774647887,0.6098332672821744,0.7957369190071911
0.277,0.6788321167883211,0.6326530612244898,0.9588207767898924,0.9193747429041547,0.6549295774647887,0.6098332672821744,0.7957369190071911
0.278,0.6788321167883211,0.6326530612244898,0.9588207767898924,0.9193747429041547,0.6549295774647887,0.6098332672821744,0.7957369190071911
0.279,0.6788321167883211,0.6326530612244898,0.9588207767898924,0.9193747429041547,0.6549295774647887,0.6098332672821744,0.7957369190071911
0.28,0.6801470588235294,0.6292517006802721,0.9592887225081891,0.9193747429041547,0.6537102473498233,0.6087534707241475,0.7942702115942306
0.281,0.6826568265682657,0.6292517006802721,0.9597566682264858,0.9197860962566845,0.6548672566371682,0.6102192035941024,0.7945041844533789
0.28200000000000003,0.6814814814814815,0.6258503401360545,0.9597566682264858,0.9193747429041547,0.6524822695035462,0.6076771781594316,0.7928035041812701
0.28300000000000003,0.6814814814814815,0.6258503401360545,0.9597566682264858,0.9193747429041547,0.6524822695035462,0.6076771781594316,0.7928035041812701
0.28400000000000003,0.6814814814814815,0.6258503401360545,0.9597566682264858,0.9193747429041547,0.6524822695035462,0.6076771781594316,0.7928035041812701
0.28500000000000003,0.6814814814814815,0.6258503401360545,0.9597566682264858,0.9193747429041547,0.6524822695035462,0.6076771781594316,0.7928035041812701
0.28600000000000003,0.6840148698884758,0.6258503401360545,0.9602246139447824,0.9197860962566845,0.6536412078152753,0.609151199425609,0.7930374770404185
0.28700000000000003,0.6865671641791045,0.6258503401360545,0.9606925596630791,0.9201974496092143,0.6548042704626335,0.610632691576206,0.7932714498995668
0.28800000000000003,0.6891385767790262,0.6258503401360545,0.9611605053813758,0.9206088029617442,0.6559714795008913,0.6121217238913705,0.793505422758715
0.289,0.6917293233082706,0.6258503401360545,0.9616284510996724,0.9210201563142739,0.6571428571428571,0.6136183665556694,0.7937393956178634
0.29,0.6917293233082706,0.6258503401360545,0.9616284510996724,0.9210201563142739,0.6571428571428571,0.6136183665556694,0.7937393956178634
0.291,0.6943396226415094,0.6258503401360545,0.9620963968179691,0.9214315096668038,0.6583184257602862,0.615122690673377,0.7939733684770118
0.292,0.6943396226415094,0.6258503401360545,0.9620963968179691,0.9214315096668038,0.6583184257602862,0.615122690673377,0.7939733684770118
0.293,0.6943396226415094,0.6258503401360545,0.9620963968179691,0.9214315096668038,0.6583184257602862,0.615122690673377,0.7939733684770118
0.294,0.696969696969697,0.6258503401360545,0.9625643425362658,0.9218428630193336,0.6594982078853047,0.6166347682840817,0.7942073413361601
0.295,0.6984732824427481,0.6224489795918368,0.9630322882545624,0.9218428630193336,0.658273381294964,0.615614030401429,0.7927406339231996
0.296,0.6984732824427481,0.6224489795918368,0.9630322882545624,0.9218428630193336,0.658273381294964,0.615614030401429,0.7927406339231996
0.297,0.7011494252873564,0.6224489795918368,0.9635002339728591,0.9222542163718634,0.6594594594594595,0.6171429631475798,0.792974606782348
0.298,0.7038461538461539,0.6224489795918368,0.9639681796911558,0.9226655697243933,0.6606498194945848,0.6186799053018485,0.7932085796414963
0.299,0.7015503875968992,0.6156462585034014,0.9639681796911558,0.9218428630193336,0.6557971014492754,0.613585948378345,0.7898072190972786
0.3,0.7015503875968992,0.6156462585034014,0.9639681796911558,0.9218428630193336,0.6557971014492754,0.613585948378345,0.7898072190972786
0.301,0.7003891050583657,0.6122448979591837,0.9639681796911558,0.9214315096668038,0.6533575317604355,0.6110302419706173,0.7881065388251698
0.302,0.7003891050583657,0.6122448979591837,0.9639681796911558,0.9214315096668038,0.6533575317604355,0.6110302419706173,0.7881065388251698
0.303,0.7003891050583657,0.6122448979591837,0.9639681796911558,0.9214315096668038,0.6533575317604355,0.6110302419706173,0.7881065388251698
0.304,0.7003891050583657,0.6122448979591837,0.9639681796911558,0.9214315096668038,0.6533575317604355,0.6110302419706173,0.7881065388251698
0.305,0.7003891050583657,0.6122448979591837,0.9639681796911558,0.9214315096668038,0.6533575317604355,0.6110302419706173,0.7881065388251698
0.306,0.7003891050583657,0.6122448979591837,0.9639681796911558,0.9214315096668038,0.6533575317604355,0.6110302419706173,0.7881065388251698
0.307,0.7003891050583657,0.6122448979591837,0.9639681796911558,0.9214315096668038,0.6533575317604355,0.6110302419706173,0.7881065388251698
0.308,0.7003891050583657,0.6122448979591837,0.9639681796911558,0.9214315096668038,0.6533575317604355,0.6110302419706173,0.7881065388251698
0.309,0.7003891050583657,0.6122448979591837,0.9639681796911558,0.9214315096668038,0.6533575317604355,0.6110302419706173,0.7881065388251698
0.31,0.7047244094488189,0.608843537414966,0.9649040711277492,0.9218428630193336,0.6532846715328468,0.6115764333020114,0.7868738042713577
0.311,0.7047244094488189,0.608843537414966,0.9649040711277492,0.9218428630193336,0.6532846715328468,0.6115764333020114,0.7868738042713577
0.312,0.7047244094488189,0.608843537414966,0.9649040711277492,0.9218428630193336,0.6532846715328468,0.6115764333020114,0.7868738042713577
0.313,0.7103174603174603,0.608843537414966,0.9658399625643426,0.9226655697243933,0.6556776556776557,0.6147177716161308,0.7873417499896542
0.314,0.7103174603174603,0.608843537414966,0.9658399625643426,0.9226655697243933,0.6556776556776557,0.6147177716161308,0.7873417499896542
0.315,0.7103174603174603,0.608843537414966,0.9658399625643426,0.9226655697243933,0.6556776556776557,0.6147177716161308,0.7873417499896542
0.316,0.7131474103585658,0.608843537414966,0.9663079082826392,0.9230769230769231,0.6568807339449542,0.6163012300393305,0.7875757228488026
0.317,0.712,0.6054421768707483,0.9663079082826392,0.9226655697243933,0.6544117647058824,0.6137398560396513,0.7858750425766938
0.318,0.712,0.6054421768707483,0.9663079082826392,0.9226655697243933,0.6544117647058824,0.6137398560396513,0.7858750425766938
0.319,0.712,0.6054421768707483,0.9663079082826392,0.9226655697243933,0.6544117647058824,0.6137398560396513,0.7858750425766938
0.32,0.712,0.6054421768707483,0.9663079082826392,0.9226655697243933,0.6544117647058824,0.6137398560396513,0.7858750425766938
0.321,0.7165991902834008,0.6020408163265306,0.9672437997192326,0.9230769230769231,0.6543438077634011,0.6143708202330918,0.7846423080228816
0.322,0.7195121951219512,0.6020408163265306,0.9677117454375292,0.9234882764294529,0.6555555555555556,0.6159833007589705,0.78487628088203
0.323,0.7195121951219512,0.6020408163265306,0.9677117454375292,0.9234882764294529,0.6555555555555556,0.6159833007589705,0.78487628088203
0.324,0.7195121951219512,0.6020408163265306,0.9677117454375292,0.9234882764294529,0.6555555555555556,0.6159833007589705,0.78487628088203
0.325,0.7195121951219512,0.6020408163265306,0.9677117454375292,0.9234882764294529,0.6555555555555556,0.6159833007589705,0.78487628088203
0.326,0.7195121951219512,0.6020408163265306,0.9677117454375292,0.9234882764294529,0.6555555555555556,0.6159833007589705,0.78487628088203
0.327,0.7195121951219512,0.6020408163265306,0.9677117454375292,0.9234882764294529,0.6555555555555556,0.6159833007589705,0.78487628088203
0.328,0.7195121951219512,0.6020408163265306,0.9677117454375292,0.9234882764294529,0.6555555555555556,0.6159833007589705,0.78487628088203
0.329,0.7195121951219512,0.6020408163265306,0.9677117454375292,0.9234882764294529,0.6555555555555556,0.6159833007589705,0.78487628088203
0.33,0.7224489795918367,0.6020408163265306,0.9681796911558259,0.9238996297819827,0.6567717996289425,0.6176047643264234,0.7851102537411783
0.331,0.7254098360655737,0.6020408163265306,0.9686476368741226,0.9243109831345125,0.6579925650557621,0.6192353020384442,0.7853442266003265
0.332,0.7283950617283951,0.6020408163265306,0.9691155825924193,0.9247223364870424,0.659217877094972,0.6208750063001982,0.7855781994594749
0.333,0.7283950617283951,0.6020408163265306,0.9691155825924193,0.9247223364870424,0.659217877094972,0.6208750063001982,0.7855781994594749
0.334,0.7283950617283951,0.6020408163265306,0.9691155825924193,0.9247223364870424,0.659217877094972,0.6208750063001982,0.7855781994594749
0.335,0.7283950617283951,0.6020408163265306,0.9691155825924193,0.9247223364870424,0.659217877094972,0.6208750063001982,0.7855781994594749
0.336,0.7283950617283951,0.6020408163265306,0.9691155825924193,0.9247223364870424,0.659217877094972,0.6208750063001982,0.7855781994594749
0.337,0.7283950617283951,0.6020408163265306,0.9691155825924193,0.9247223364870424,0.659217877094972,0.6208750063001982,0.7855781994594749
0.338,0.7283950617283951,0.6020408163265306,0.9691155825924193,0.9247223364870424,0.659217877094972,0.6208750063001982,0.7855781994594749
0.339,0.731404958677686,0.6020408163265306,0.9695835283107159,0.9251336898395722,0.6604477611940298,0.6225239708431269,0.7858121723186233
0.34,0.7333333333333333,0.5986394557823129,0.9700514740290126,0.9251336898395722,0.6591760299625468,0.6216206287634495,0.7843454649056627
0.341,0.7364016736401674,0.5986394557823129,0.9705194197473093,0.9255450431921021,0.6604127579737336,0.6232900780924957,0.7845794377648111
0.342,0.7364016736401674,0.5986394557823129,0.9705194197473093,0.9255450431921021,0.6604127579737336,0.6232900780924957,0.7845794377648111
0.343,0.7364016736401674,0.5986394557823129,0.9705194197473093,0.9255450431921021,0.6604127579737336,0.6232900780924957,0.7845794377648111
0.34400000000000003,0.7364016736401674,0.5986394557823129,0.9705194197473093,0.9255450431921021,0.6604127579737336,0.6232900780924957,0.7845794377648111
0.34500000000000003,0.7394957983193278,0.5986394557823129,0.970987365465606,0.9259563965446318,0.6616541353383458,0.6249691241389459,0.7848134106239595
0.34600000000000003,0.7426160337552743,0.5986394557823129,0.9714553111839027,0.9263677498971616,0.6629001883239172,0.6266578670955668,0.7850473834831078
0.34700000000000003,0.7426160337552743,0.5986394557823129,0.9714553111839027,0.9263677498971616,0.6629001883239172,0.6266578670955668,0.7850473834831078
0.34800000000000003,0.7426160337552743,0.5986394557823129,0.9714553111839027,0.9263677498971616,0.6629001883239172,0.6266578670955668,0.7850473834831078
0.34900000000000003,0.7415254237288136,0.5952380952380952,0.9714553111839027,0.9259563965446318,0.660377358490566,0.624095170850146,0.783346703210999
0.35000000000000003,0.7415254237288136,0.5952380952380952,0.9714553111839027,0.9259563965446318,0.660377358490566,0.624095170850146,0.783346703210999
0.35100000000000003,0.7404255319148936,0.5918367346938775,0.9714553111839027,0.9255450431921021,0.6578449905482041,0.621526207475553,0.7816460229388902
0.352,0.7435897435897436,0.5918367346938775,0.9719232569021994,0.9259563965446318,0.6590909090909091,0.6232283793126955,0.7818799957980385
0.353,0.7435897435897436,0.5918367346938775,0.9719232569021994,0.9259563965446318,0.6590909090909091,0.6232283793126955,0.7818799957980385
0.354,0.7435897435897436,0.5918367346938775,0.9719232569021994,0.9259563965446318,0.6590909090909091,0.6232283793126955,0.7818799957980385
0.355,0.7435897435897436,0.5918367346938775,0.9719232569021994,0.9259563965446318,0.6590909090909091,0.6232283793126955,0.7818799957980385
0.356,0.7467811158798283,0.5918367346938775,0.972391202620496,0.9263677498971616,0.6603415559772297,0.6249405536748338,0.7821139686571867
0.357,0.7456896551724138,0.5884353741496599,0.972391202620496,0.9259563965446318,0.6577946768060836,0.622368932290613,0.780413288385078
0.358,0.7456896551724138,0.5884353741496599,0.972391202620496,0.9259563965446318,0.6577946768060836,0.622368932290613,0.780413288385078
0.359,0.7456896551724138,0.5884353741496599,0.972391202620496,0.9259563965446318,0.6577946768060836,0.622368932290613,0.780413288385078
0.36,0.7456896551724138,0.5884353741496599,0.972391202620496,0.9259563965446318,0.6577946768060836,0.622368932290613,0.780413288385078
0.361,0.7456896551724138,0.5884353741496599,0.972391202620496,0.9259563965446318,0.6577946768060836,0.622368932290613,0.780413288385078
0.362,0.7456896551724138,0.5884353741496599,0.972391202620496,0.9259563965446318,0.6577946768060836,0.622368932290613,0.780413288385078
0.363,0.7456896551724138,0.5884353741496599,0.972391202620496,0.9259563965446318,0.6577946768060836,0.622368932290613,0.780413288385078
0.364,0.7445887445887446,0.5850340136054422,0.972391202620496,0.9255450431921021,0.6552380952380953,0.6197909163266833,0.7787126081129692
0.365,0.7478260869565218,0.5850340136054422,0.9728591483387927,0.9259563965446318,0.6564885496183206,0.6215170188625468,0.7789465809721174
0.366,0.7478260869565218,0.5850340136054422,0.9728591483387927,0.9259563965446318,0.6564885496183206,0.6215170188625468,0.7789465809721174
0.367,0.7510917030567685,0.5850340136054422,0.9733270940570894,0.9263677498971616,0.6577437858508605,0.6232534452905538,0.7791805538312657
0.368,0.7510917030567685,0.5850340136054422,0.9733270940570894,0.9263677498971616,0.6577437858508605,0.6232534452905538,0.7791805538312657
0.369,0.7510917030567685,0.5850340136054422,0.9733270940570894,0.9263677498971616,0.6577437858508605,0.6232534452905538,0.7791805538312657
0.37,0.7510917030567685,0.5850340136054422,0.9733270940570894,0.9263677498971616,0.6577437858508605,0.6232534452905538,0.7791805538312657
0.371,0.7543859649122807,0.5850340136054422,0.9737950397753861,0.9267791032496915,0.6590038314176245,0.6250003076219212,0.7794145266904141
0.372,0.7543859649122807,0.5850340136054422,0.9737950397753861,0.9267791032496915,0.6590038314176245,0.6250003076219212,0.7794145266904141
0.373,0.7543859649122807,0.5850340136054422,0.9737950397753861,0.9267791032496915,0.6590038314176245,0.6250003076219212,0.7794145266904141
0.374,0.7577092511013216,0.5850340136054422,0.9742629854936827,0.9271904566022213,0.6602687140115163,0.6267577195819909,0.7796484995495625
0.375,0.7577092511013216,0.5850340136054422,0.9742629854936827,0.9271904566022213,0.6602687140115163,0.6267577195819909,0.7796484995495625
0.376,0.7610619469026548,0.5850340136054422,0.9747309312119794,0.9276018099547512,0.6615384615384615,0.6285257966442082,0.7798824724087108
0.377,0.7644444444444445,0.5850340136054422,0.9751988769302761,0.928013163307281,0.6628131021194605,0.6303046560649249,0.7801164452678591
0.378,0.7678571428571429,0.5850340136054422,0.9756668226485727,0.9284245166598107,0.6640926640926641,0.6320944169190574,0.7803504181270075
0.379,0.7747747747747747,0.5850340136054422,0.9766027140851661,0.9292472233648704,0.6666666666666666,0.6357071285401514,0.7808183638453041
0.38,0.7782805429864253,0.5850340136054422,0.9770706598034627,0.9296585767174003,0.6679611650485436,0.637530326883098,0.7810523367044524
0.381,0.7782805429864253,0.5850340136054422,0.9770706598034627,0.9296585767174003,0.6679611650485436,0.637530326883098,0.7810523367044524
0.382,0.7782805429864253,0.5850340136054422,0.9770706598034627,0.9296585767174003,0.6679611650485436,0.637530326883098,0.7810523367044524
0.383,0.7782805429864253,0.5850340136054422,0.9770706598034627,0.9296585767174003,0.6679611650485436,0.637530326883098,0.7810523367044524
0.384,0.7782805429864253,0.5850340136054422,0.9770706598034627,0.9296585767174003,0.6679611650485436,0.637530326883098,0.7810523367044524
0.385,0.7782805429864253,0.5850340136054422,0.9770706598034627,0.9296585767174003,0.6679611650485436,0.637530326883098,0.7810523367044524
0.386,0.7782805429864253,0.5850340136054422,0.9770706598034627,0.9296585767174003,0.6679611650485436,0.637530326883098,0.7810523367044524
0.387,0.7782805429864253,0.5850340136054422,0.9770706598034627,0.9296585767174003,0.6679611650485436,0.637530326883098,0.7810523367044524
0.388,0.7782805429864253,0.5850340136054422,0.9770706598034627,0.9296585767174003,0.6679611650485436,0.637530326883098,0.7810523367044524
0.389,0.7782805429864253,0.5850340136054422,0.9770706598034627,0.9296585767174003,0.6679611650485436,0.637530326883098,0.7810523367044524
0.39,0.7818181818181819,0.5850340136054422,0.9775386055217595,0.9300699300699301,0.669260700389105,0.6393649218891129,0.7812863095636009
0.391,0.7853881278538812,0.5850340136054422,0.9780065512400562,0.93048128342246,0.6705653021442495,0.6412110422923705,0.7815202824227492
0.392,0.7853881278538812,0.5850340136054422,0.9780065512400562,0.93048128342246,0.6705653021442495,0.6412110422923705,0.7815202824227492
0.393,0.7889908256880734,0.5850340136054422,0.9784744969583529,0.9308926367749897,0.671875,0.6430688188788812,0.7817542552818975
0.394,0.7889908256880734,0.5850340136054422,0.9784744969583529,0.9308926367749897,0.671875,0.6430688188788812,0.7817542552818975
0.395,0.7889908256880734,0.5850340136054422,0.9784744969583529,0.9308926367749897,0.671875,0.6430688188788812,0.7817542552818975
0.396,0.7889908256880734,0.5850340136054422,0.9784744969583529,0.9308926367749897,0.671875,0.6430688188788812,0.7817542552818975
0.397,0.7889908256880734,0.5850340136054422,0.9784744969583529,0.9308926367749897,0.671875,0.6430688188788812,0.7817542552818975
0.398,0.7889908256880734,0.5850340136054422,0.9784744969583529,0.9308926367749897,0.671875,0.6430688188788812,0.7817542552818975
0.399,0.7889908256880734,0.5850340136054422,0.9784744969583529,0.9308926367749897,0.671875,0.6430688188788812,0.7817542552818975
0.4,0.7926267281105991,0.5850340136054422,0.9789424426766495,0.9313039901275195,0.6731898238747553,0.6449383845288525,0.7819882281410458
0.401,0.7926267281105991,0.5850340136054422,0.9789424426766495,0.9313039901275195,0.6731898238747553,0.6449383845288525,0.7819882281410458
0.402,0.7916666666666666,0.5816326530612245,0.9789424426766495,0.9308926367749897,0.6705882352941176,0.6423858783141589,0.7802875478689371
0.403,0.7916666666666666,0.5816326530612245,0.9789424426766495,0.9308926367749897,0.6705882352941176,0.6423858783141589,0.7802875478689371
0.404,0.7916666666666666,0.5816326530612245,0.9789424426766495,0.9308926367749897,0.6705882352941176,0.6423858783141589,0.7802875478689371
0.405,0.7916666666666666,0.5816326530612245,0.9789424426766495,0.9308926367749897,0.6705882352941176,0.6423858783141589,0.7802875478689371
0.406,0.7916666666666666,0.5816326530612245,0.9789424426766495,0.9308926367749897,0.6705882352941176,0.6423858783141589,0.7802875478689371
0.40700000000000003,0.7906976744186046,0.5782312925170068,0.9789424426766495,0.93048128342246,0.6679764243614931,0.6398268398435939,0.7785868675968282
0.40800000000000003,0.7906976744186046,0.5782312925170068,0.9789424426766495,0.93048128342246,0.6679764243614931,0.6398268398435939,0.7785868675968282
0.40900000000000003,0.7906976744186046,0.5782312925170068,0.9789424426766495,0.93048128342246,0.6679764243614931,0.6398268398435939,0.7785868675968282
0.41000000000000003,0.794392523364486,0.5782312925170068,0.9794103883949462,0.9308926367749897,0.6692913385826772,0.6417138618100967,0.7788208404559764
0.41100000000000003,0.794392523364486,0.5782312925170068,0.9794103883949462,0.9308926367749897,0.6692913385826772,0.6417138618100967,0.7788208404559764
0.41200000000000003,0.794392523364486,0.5782312925170068,0.9794103883949462,0.9308926367749897,0.6692913385826772,0.6417138618100967,0.7788208404559764
0.41300000000000003,0.794392523364486,0.5782312925170068,0.9794103883949462,0.9308926367749897,0.6692913385826772,0.6417138618100967,0.7788208404559764
0.41400000000000003,0.7934272300469484,0.5748299319727891,0.9794103883949462,0.93048128342246,0.6666666666666666,0.6391509969914094,0.7771201601838676
0.41500000000000004,0.7971698113207547,0.5748299319727891,0.9798783341132429,0.9308926367749897,0.6679841897233202,0.6410530670353204,0.777354133043016
0.41600000000000004,0.7971698113207547,0.5748299319727891,0.9798783341132429,0.9308926367749897,0.6679841897233202,0.6410530670353204,0.777354133043016
0.417,0.7971698113207547,0.5748299319727891,0.9798783341132429,0.9308926367749897,0.6679841897233202,0.6410530670353204,0.777354133043016
0.418,0.7962085308056872,0.5714285714285714,0.9798783341132429,0.93048128342246,0.6653465346534654,0.6384863893211199,0.7756534527709071
0.419,0.8,0.5714285714285714,0.9803462798315395,0.9308926367749897,0.6666666666666666,0.6404038025916083,0.7758874256300554
0.42,0.8028846153846154,0.5680272108843537,0.9808142255498362,0.9308926367749897,0.6653386454183267,0.6397663885092721,0.774420718217095
0.421,0.8028846153846154,0.5680272108843537,0.9808142255498362,0.9308926367749897,0.6653386454183267,0.6397663885092721,0.774420718217095
0.422,0.8028846153846154,0.5680272108843537,0.9808142255498362,0.9308926367749897,0.6653386454183267,0.6397663885092721,0.774420718217095
0.423,0.8028846153846154,0.5680272108843537,0.9808142255498362,0.9308926367749897,0.6653386454183267,0.6397663885092721,0.774420718217095
0.424,0.8028846153846154,0.5680272108843537,0.9808142255498362,0.9308926367749897,0.6653386454183267,0.6397663885092721,0.774420718217095
0.425,0.8067632850241546,0.5680272108843537,0.9812821712681329,0.9313039901275195,0.6666666666666666,0.6417123224618541,0.7746546910762433
0.426,0.8067632850241546,0.5680272108843537,0.9812821712681329,0.9313039901275195,0.6666666666666666,0.6417123224618541,0.7746546910762433
0.427,0.8106796116504854,0.5680272108843537,0.9817501169864296,0.9317153434800494,0.668,0.6436712841586655,0.7748886639353916
0.428,0.8106796116504854,0.5680272108843537,0.9817501169864296,0.9317153434800494,0.668,0.6436712841586655,0.7748886639353916
0.429,0.8106796116504854,0.5680272108843537,0.9817501169864296,0.9317153434800494,0.668,0.6436712841586655,0.7748886639353916
0.43,0.8106796116504854,0.5680272108843537,0.9817501169864296,0.9317153434800494,0.668,0.6436712841586655,0.7748886639353916
0.431,0.8106796116504854,0.5680272108843537,0.9817501169864296,0.9317153434800494,0.668,0.6436712841586655,0.7748886639353916
0.432,0.8106796116504854,0.5680272108843537,0.9817501169864296,0.9317153434800494,0.668,0.6436712841586655,0.7748886639353916
0.433,0.8106796116504854,0.5680272108843537,0.9817501169864296,0.9317153434800494,0.668,0.6436712841586655,0.7748886639353916
0.434,0.8146341463414634,0.5680272108843537,0.9822180627047262,0.9321266968325792,0.6693386773547094,0.6456434307699599,0.77512263679454
0.435,0.8146341463414634,0.5680272108843537,0.9822180627047262,0.9321266968325792,0.6693386773547094,0.6456434307699599,0.77512263679454
0.436,0.8146341463414634,0.5680272108843537,0.9822180627047262,0.9321266968325792,0.6693386773547094,0.6456434307699599,0.77512263679454
0.437,0.8146341463414634,0.5680272108843537,0.9822180627047262,0.9321266968325792,0.6693386773547094,0.6456434307699599,0.77512263679454
0.438,0.8146341463414634,0.5680272108843537,0.9822180627047262,0.9321266968325792,0.6693386773547094,0.6456434307699599,0.77512263679454
0.439,0.8146341463414634,0.5680272108843537,0.9822180627047262,0.9321266968325792,0.6693386773547094,0.6456434307699599,0.77512263679454
0.44,0.8146341463414634,0.5680272108843537,0.9822180627047262,0.9321266968325792,0.6693386773547094,0.6456434307699599,0.77512263679454
0.441,0.8146341463414634,0.5680272108843537,0.9822180627047262,0.9321266968325792,0.6693386773547094,0.6456434307699599,0.77512263679454
0.442,0.8146341463414634,0.5680272108843537,0.9822180627047262,0.9321266968325792,0.6693386773547094,0.6456434307699599,0.77512263679454
0.443,0.8146341463414634,0.5680272108843537,0.9822180627047262,0.9321266968325792,0.6693386773547094,0.6456434307699599,0.77512263679454
0.444,0.8146341463414634,0.5680272108843537,0.9822180627047262,0.9321266968325792,0.6693386773547094,0.6456434307699599,0.77512263679454
0.445,0.8146341463414634,0.5680272108843537,0.9822180627047262,0.9321266968325792,0.6693386773547094,0.6456434307699599,0.77512263679454
0.446,0.8146341463414634,0.5680272108843537,0.9822180627047262,0.9321266968325792,0.6693386773547094,0.6456434307699599,0.77512263679454
0.447,0.8146341463414634,0.5680272108843537,0.9822180627047262,0.9321266968325792,0.6693386773547094,0.6456434307699599,0.77512263679454
0.448,0.8177339901477833,0.564625850340136,0.9826860084230229,0.9321266968325792,0.6680080482897385,0.6450675157868015,0.7736559293815795
0.449,0.8177339901477833,0.564625850340136,0.9826860084230229,0.9321266968325792,0.6680080482897385,0.6450675157868015,0.7736559293815795
0.45,0.8177339901477833,0.564625850340136,0.9826860084230229,0.9321266968325792,0.6680080482897385,0.6450675157868015,0.7736559293815795
0.451,0.8177339901477833,0.564625850340136,0.9826860084230229,0.9321266968325792,0.6680080482897385,0.6450675157868015,0.7736559293815795
0.452,0.8177339901477833,0.564625850340136,0.9826860084230229,0.9321266968325792,0.6680080482897385,0.6450675157868015,0.7736559293815795
0.453,0.8177339901477833,0.564625850340136,0.9826860084230229,0.9321266968325792,0.6680080482897385,0.6450675157868015,0.7736559293815795
0.454,0.8177339901477833,0.564625850340136,0.9826860084230229,0.9321266968325792,0.6680080482897385,0.6450675157868015,0.7736559293815795
0.455,0.8177339901477833,0.564625850340136,0.9826860084230229,0.9321266968325792,0.6680080482897385,0.6450675157868015,0.7736559293815795
0.456,0.8177339901477833,0.564625850340136,0.9826860084230229,0.9321266968325792,0.6680080482897385,0.6450675157868015,0.7736559293815795
0.457,0.8177339901477833,0.564625850340136,0.9826860084230229,0.9321266968325792,0.6680080482897385,0.6450675157868015,0.7736559293815795
0.458,0.8217821782178217,0.564625850340136,0.9831539541413196,0.932538050185109,0.6693548387096774,0.6470699386521915,0.7738899022407277
0.459,0.8258706467661692,0.564625850340136,0.9836218998596162,0.9329494035376388,0.6707070707070707,0.6490861228574518,0.7741238750998761
0.46,0.8341708542713567,0.564625850340136,0.9845577912962097,0.9337721102426985,0.6734279918864098,0.6531604589286599,0.7745918208181728
0.461,0.8383838383838383,0.564625850340136,0.9850257370145064,0.9341834635952283,0.6747967479674797,0.6552189601115768,0.7748257936773212
0.462,0.8426395939086294,0.564625850340136,0.985493682732803,0.9345948169477581,0.6761710794297352,0.65729192140465,0.7750597665364696
0.463,0.8426395939086294,0.564625850340136,0.985493682732803,0.9345948169477581,0.6761710794297352,0.65729192140465,0.7750597665364696
0.464,0.8426395939086294,0.564625850340136,0.985493682732803,0.9345948169477581,0.6761710794297352,0.65729192140465,0.7750597665364696
0.465,0.8469387755102041,0.564625850340136,0.9859616284510997,0.935006170300288,0.6775510204081633,0.6593795252729148,0.7752937393956179
0.466,0.8469387755102041,0.564625850340136,0.9859616284510997,0.935006170300288,0.6775510204081633,0.6593795252729148,0.7752937393956179
0.467,0.8512820512820513,0.564625850340136,0.9864295741693964,0.9354175236528177,0.6789366053169734,0.6614819574335142,0.7755277122547661
0.468,0.8556701030927835,0.564625850340136,0.986897519887693,0.9358288770053476,0.680327868852459,0.6635994069308029,0.7757616851139145
0.46900000000000003,0.8556701030927835,0.564625850340136,0.986897519887693,0.9358288770053476,0.680327868852459,0.6635994069308029,0.7757616851139145
0.47000000000000003,0.8556701030927835,0.564625850340136,0.986897519887693,0.9358288770053476,0.680327868852459,0.6635994069308029,0.7757616851139145
0.47100000000000003,0.8549222797927462,0.5612244897959183,0.986897519887693,0.9354175236528177,0.6776180698151951,0.6610654687897789,0.7740610048418057
0.47200000000000003,0.8549222797927462,0.5612244897959183,0.986897519887693,0.9354175236528177,0.6776180698151951,0.6610654687897789,0.7740610048418057
0.47300000000000003,0.8549222797927462,0.5612244897959183,0.986897519887693,0.9354175236528177,0.6776180698151951,0.6610654687897789,0.7740610048418057
0.47400000000000003,0.8549222797927462,0.5612244897959183,0.986897519887693,0.9354175236528177,0.6776180698151951,0.6610654687897789,0.7740610048418057
0.47500000000000003,0.8549222797927462,0.5612244897959183,0.986897519887693,0.9354175236528177,0.6776180698151951,0.6610654687897789,0.7740610048418057
0.47600000000000003,0.859375,0.5612244897959183,0.9873654656059897,0.9358288770053476,0.6790123456790124,0.6632024419193582,0.774294977700954
0.47700000000000004,0.859375,0.5612244897959183,0.9873654656059897,0.9358288770053476,0.6790123456790124,0.6632024419193582,0.774294977700954
0.47800000000000004,0.8586387434554974,0.5578231292517006,0.9873654656059897,0.9354175236528177,0.6762886597938145,0.6606660582411393,0.7725942974288451
0.47900000000000004,0.8578947368421053,0.5544217687074829,0.9873654656059897,0.935006170300288,0.6735537190082644,0.6581228434673557,0.7708936171567363
0.48,0.8578947368421053,0.5544217687074829,0.9873654656059897,0.935006170300288,0.6735537190082644,0.6581228434673557,0.7708936171567363
0.481,0.8578947368421053,0.5544217687074829,0.9873654656059897,0.935006170300288,0.6735537190082644,0.6581228434673557,0.7708936171567363
0.482,0.8578947368421053,0.5544217687074829,0.9873654656059897,0.935006170300288,0.6735537190082644,0.6581228434673557,0.7708936171567363
0.483,0.8578947368421053,0.5544217687074829,0.9873654656059897,0.935006170300288,0.6735537190082644,0.6581228434673557,0.7708936171567363
0.484,0.8578947368421053,0.5544217687074829,0.9873654656059897,0.935006170300288,0.6735537190082644,0.6581228434673557,0.7708936171567363
0.485,0.8578947368421053,0.5544217687074829,0.9873654656059897,0.935006170300288,0.6735537190082644,0.6581228434673557,0.7708936171567363
0.486,0.8578947368421053,0.5544217687074829,0.9873654656059897,0.935006170300288,0.6735537190082644,0.6581228434673557,0.7708936171567363
0.487,0.8578947368421053,0.5544217687074829,0.9873654656059897,0.935006170300288,0.6735537190082644,0.6581228434673557,0.7708936171567363
0.488,0.8578947368421053,0.5544217687074829,0.9873654656059897,0.935006170300288,0.6735537190082644,0.6581228434673557,0.7708936171567363
0.489,0.8578947368421053,0.5544217687074829,0.9873654656059897,0.935006170300288,0.6735537190082644,0.6581228434673557,0.7708936171567363
0.49,0.8578947368421053,0.5544217687074829,0.9873654656059897,0.935006170300288,0.6735537190082644,0.6581228434673557,0.7708936171567363
0.491,0.8578947368421053,0.5544217687074829,0.9873654656059897,0.935006170300288,0.6735537190082644,0.6581228434673557,0.7708936171567363
0.492,0.8578947368421053,0.5544217687074829,0.9873654656059897,0.935006170300288,0.6735537190082644,0.6581228434673557,0.7708936171567363
0.493,0.8624338624338624,0.5544217687074829,0.9878334113242864,0.9354175236528177,0.6749482401656315,0.6602842370389039,0.7711275900158847
0.494,0.8624338624338624,0.5544217687074829,0.9878334113242864,0.9354175236528177,0.6749482401656315,0.6602842370389039,0.7711275900158847
0.495,0.8624338624338624,0.5544217687074829,0.9878334113242864,0.9354175236528177,0.6749482401656315,0.6602842370389039,0.7711275900158847
0.496,0.8624338624338624,0.5544217687074829,0.9878334113242864,0.9354175236528177,0.6749482401656315,0.6602842370389039,0.7711275900158847
0.497,0.8624338624338624,0.5544217687074829,0.9878334113242864,0.9354175236528177,0.6749482401656315,0.6602842370389039,0.7711275900158847
0.498,0.8624338624338624,0.5544217687074829,0.9878334113242864,0.9354175236528177,0.6749482401656315,0.6602842370389039,0.7711275900158847
0.499,0.8624338624338624,0.5544217687074829,0.9878334113242864,0.9354175236528177,0.6749482401656315,0.6602842370389039,0.7711275900158847
0.5,0.8624338624338624,0.5544217687074829,0.9878334113242864,0.9354175236528177,0.6749482401656315,0.6602842370389039,0.7711275900158847
0.501,0.8663101604278075,0.5510204081632653,0.988301357042583,0.9354175236528177,0.6735966735966736,0.6599205370494964,0.7696608826029241
0.502,0.8663101604278075,0.5510204081632653,0.988301357042583,0.9354175236528177,0.6735966735966736,0.6599205370494964,0.7696608826029241
0.503,0.8663101604278075,0.5510204081632653,0.988301357042583,0.9354175236528177,0.6735966735966736,0.6599205370494964,0.7696608826029241
0.504,0.8663101604278075,0.5510204081632653,0.988301357042583,0.9354175236528177,0.6735966735966736,0.6599205370494964,0.7696608826029241
0.505,0.8663101604278075,0.5510204081632653,0.988301357042583,0.9354175236528177,0.6735966735966736,0.6599205370494964,0.7696608826029241
0.506,0.8663101604278075,0.5510204081632653,0.988301357042583,0.9354175236528177,0.6735966735966736,0.6599205370494964,0.7696608826029241
0.507,0.8663101604278075,0.5510204081632653,0.988301357042583,0.9354175236528177,0.6735966735966736,0.6599205370494964,0.7696608826029241
0.508,0.8663101604278075,0.5510204081632653,0.988301357042583,0.9354175236528177,0.6735966735966736,0.6599205370494964,0.7696608826029241
0.509,0.8663101604278075,0.5510204081632653,0.988301357042583,0.9354175236528177,0.6735966735966736,0.6599205370494964,0.7696608826029241
0.51,0.8663101604278075,0.5510204081632653,0.988301357042583,0.9354175236528177,0.6735966735966736,0.6599205370494964,0.7696608826029241
0.511,0.8663101604278075,0.5510204081632653,0.988301357042583,0.9354175236528177,0.6735966735966736,0.6599205370494964,0.7696608826029241
0.512,0.8663101604278075,0.5510204081632653,0.988301357042583,0.9354175236528177,0.6735966735966736,0.6599205370494964,0.7696608826029241
0.513,0.8655913978494624,0.5476190476190477,0.988301357042583,0.935006170300288,0.6708333333333333,0.6573725636102504,0.7679602023308154
0.514,0.8655913978494624,0.5476190476190477,0.988301357042583,0.935006170300288,0.6708333333333333,0.6573725636102504,0.7679602023308154
0.515,0.8655913978494624,0.5476190476190477,0.988301357042583,0.935006170300288,0.6708333333333333,0.6573725636102504,0.7679602023308154
0.516,0.8655913978494624,0.5476190476190477,0.988301357042583,0.935006170300288,0.6708333333333333,0.6573725636102504,0.7679602023308154
0.517,0.8702702702702703,0.5476190476190477,0.9887693027608797,0.9354175236528177,0.6722338204592901,0.6595755117944517,0.7681941751899637
0.518,0.8702702702702703,0.5476190476190477,0.9887693027608797,0.9354175236528177,0.6722338204592901,0.6595755117944517,0.7681941751899637
0.519,0.8702702702702703,0.5476190476190477,0.9887693027608797,0.9354175236528177,0.6722338204592901,0.6595755117944517,0.7681941751899637
0.52,0.8695652173913043,0.54421768707483,0.9887693027608797,0.935006170300288,0.6694560669456067,0.657025290060033,0.7664934949178548
0.521,0.8695652173913043,0.54421768707483,0.9887693027608797,0.935006170300288,0.6694560669456067,0.657025290060033,0.7664934949178548
0.522,0.8681318681318682,0.5374149659863946,0.9887693027608797,0.9341834635952283,0.6638655462184874,0.6519035776907178,0.7630921343736372
0.523,0.8681318681318682,0.5374149659863946,0.9887693027608797,0.9341834635952283,0.6638655462184874,0.6519035776907178,0.7630921343736372
0.524,0.8729281767955801,0.5374149659863946,0.9892372484791764,0.9345948169477581,0.6652631578947369,0.6541378729747864,0.7633261072327855
0.525,0.8729281767955801,0.5374149659863946,0.9892372484791764,0.9345948169477581,0.6652631578947369,0.6541378729747864,0.7633261072327855
0.526,0.8729281767955801,0.5374149659863946,0.9892372484791764,0.9345948169477581,0.6652631578947369,0.6541378729747864,0.7633261072327855
0.527,0.8729281767955801,0.5374149659863946,0.9892372484791764,0.9345948169477581,0.6652631578947369,0.6541378729747864,0.7633261072327855
0.528,0.8729281767955801,0.5374149659863946,0.9892372484791764,0.9345948169477581,0.6652631578947369,0.6541378729747864,0.7633261072327855
0.529,0.8729281767955801,0.5374149659863946,0.9892372484791764,0.9345948169477581,0.6652631578947369,0.6541378729747864,0.7633261072327855
0.53,0.8729281767955801,0.5374149659863946,0.9892372484791764,0.9345948169477581,0.6652631578947369,0.6541378729747864,0.7633261072327855
0.531,0.8729281767955801,0.5374149659863946,0.9892372484791764,0.9345948169477581,0.6652631578947369,0.6541378729747864,0.7633261072327855
0.532,0.8729281767955801,0.5374149659863946,0.9892372484791764,0.9345948169477581,0.6652631578947369,0.6541378729747864,0.7633261072327855
0.533,0.8729281767955801,0.5374149659863946,0.9892372484791764,0.9345948169477581,0.6652631578947369,0.6541378729747864,0.7633261072327855
0.534,0.8729281767955801,0.5374149659863946,0.9892372484791764,0.9345948169477581,0.6652631578947369,0.6541378729747864,0.7633261072327855
0.535,0.8777777777777778,0.5374149659863946,0.989705194197473,0.935006170300288,0.6666666666666666,0.6563893904989294,0.7635600800919338
0.536,0.8777777777777778,0.5374149659863946,0.989705194197473,0.935006170300288,0.6666666666666666,0.6563893904989294,0.7635600800919338
0.537,0.8770949720670391,0.5340136054421769,0.989705194197473,0.9345948169477581,0.6638477801268499,0.6538277987657493,0.761859399819825
0.538,0.8770949720670391,0.5340136054421769,0.989705194197473,0.9345948169477581,0.6638477801268499,0.6538277987657493,0.761859399819825
0.539,0.8820224719101124,0.5340136054421769,0.9901731399157697,0.935006170300288,0.6652542372881356,0.6561020042035806,0.7620933726789734
0.54,0.8820224719101124,0.5340136054421769,0.9901731399157697,0.935006170300288,0.6652542372881356,0.6561020042035806,0.7620933726789734
0.541,0.8820224719101124,0.5340136054421769,0.9901731399157697,0.935006170300288,0.6652542372881356,0.6561020042035806,0.7620933726789734
0.542,0.8820224719101124,0.5340136054421769,0.9901731399157697,0.935006170300288,0.6652542372881356,0.6561020042035806,0.7620933726789734
0.543,0.8820224719101124,0.5340136054421769,0.9901731399157697,0.935006170300288,0.6652542372881356,0.6561020042035806,0.7620933726789734
0.544,0.8820224719101124,0.5340136054421769,0.9901731399157697,0.935006170300288,0.6652542372881356,0.6561020042035806,0.7620933726789734
0.545,0.8820224719101124,0.5340136054421769,0.9901731399157697,0.935006170300288,0.6652542372881356,0.6561020042035806,0.7620933726789734
0.546,0.8870056497175142,0.5340136054421769,0.9906410856340665,0.9354175236528177,0.6666666666666666,0.6583940502553352,0.7623273455381216
0.547,0.8870056497175142,0.5340136054421769,0.9906410856340665,0.9354175236528177,0.6666666666666666,0.6583940502553352,0.7623273455381216
0.548,0.8863636363636364,0.5306122448979592,0.9906410856340665,0.935006170300288,0.6638297872340425,0.6558358640813146,0.7606266652660129
0.549,0.8863636363636364,0.5306122448979592,0.9906410856340665,0.935006170300288,0.6638297872340425,0.6558358640813146,0.7606266652660129
0.55,0.8863636363636364,0.5306122448979592,0.9906410856340665,0.935006170300288,0.6638297872340425,0.6558358640813146,0.7606266652660129
0.551,0.8863636363636364,0.5306122448979592,0.9906410856340665,0.935006170300288,0.6638297872340425,0.6558358640813146,0.7606266652660129
0.552,0.8857142857142857,0.5272108843537415,0.9906410856340665,0.9345948169477581,0.6609808102345416,0.6532704097118779,0.7589259849939041
0.553,0.8857142857142857,0.5272108843537415,0.9906410856340665,0.9345948169477581,0.6609808102345416,0.6532704097118779,0.7589259849939041
0.554,0.8857142857142857,0.5272108843537415,0.9906410856340665,0.9345948169477581,0.6609808102345416,0.6532704097118779,0.7589259849939041
0.555,0.8857142857142857,0.5272108843537415,0.9906410856340665,0.9345948169477581,0.6609808102345416,0.6532704097118779,0.7589259849939041
0.556,0.8857142857142857,0.5272108843537415,0.9906410856340665,0.9345948169477581,0.6609808102345416,0.6532704097118779,0.7589259849939041
0.557,0.8857142857142857,0.5272108843537415,0.9906410856340665,0.9345948169477581,0.6609808102345416,0.6532704097118779,0.7589259849939041
0.558,0.8857142857142857,0.5272108843537415,0.9906410856340665,0.9345948169477581,0.6609808102345416,0.6532704097118779,0.7589259849939041
0.559,0.8857142857142857,0.5272108843537415,0.9906410856340665,0.9345948169477581,0.6609808102345416,0.6532704097118779,0.7589259849939041
0.56,0.8857142857142857,0.5272108843537415,0.9906410856340665,0.9345948169477581,0.6609808102345416,0.6532704097118779,0.7589259849939041
0.561,0.8857142857142857,0.5272108843537415,0.9906410856340665,0.9345948169477581,0.6609808102345416,0.6532704097118779,0.7589259849939041
0.562,0.8857142857142857,0.5272108843537415,0.9906410856340665,0.9345948169477581,0.6609808102345416,0.6532704097118779,0.7589259849939041
0.5630000000000001,0.8857142857142857,0.5272108843537415,0.9906410856340665,0.9345948169477581,0.6609808102345416,0.6532704097118779,0.7589259849939041
0.5640000000000001,0.8857142857142857,0.5272108843537415,0.9906410856340665,0.9345948169477581,0.6609808102345416,0.6532704097118779,0.7589259849939041
0.5650000000000001,0.8857142857142857,0.5272108843537415,0.9906410856340665,0.9345948169477581,0.6609808102345416,0.6532704097118779,0.7589259849939041
0.5660000000000001,0.8857142857142857,0.5272108843537415,0.9906410856340665,0.9345948169477581,0.6609808102345416,0.6532704097118779,0.7589259849939041
0.5670000000000001,0.8850574712643678,0.5238095238095238,0.9906410856340665,0.9341834635952283,0.6581196581196581,0.6506976056130964,0.7572253047217952
0.5680000000000001,0.8850574712643678,0.5238095238095238,0.9906410856340665,0.9341834635952283,0.6581196581196581,0.6506976056130964,0.7572253047217952
0.5690000000000001,0.8837209302325582,0.5170068027210885,0.9906410856340665,0.9333607568901686,0.6523605150214592,0.6455296152465647,0.7538239441775775
0.5700000000000001,0.8837209302325582,0.5170068027210885,0.9906410856340665,0.9333607568901686,0.6523605150214592,0.6455296152465647,0.7538239441775775
0.5710000000000001,0.8837209302325582,0.5170068027210885,0.9906410856340665,0.9333607568901686,0.6523605150214592,0.6455296152465647,0.7538239441775775
0.5720000000000001,0.8837209302325582,0.5170068027210885,0.9906410856340665,0.9333607568901686,0.6523605150214592,0.6455296152465647,0.7538239441775775
0.5730000000000001,0.8837209302325582,0.5170068027210885,0.9906410856340665,0.9333607568901686,0.6523605150214592,0.6455296152465647,0.7538239441775775
0.5740000000000001,0.8830409356725146,0.5136054421768708,0.9906410856340665,0.9329494035376388,0.6494623655913978,0.6429342589701131,0.7521232639054687
0.5750000000000001,0.8830409356725146,0.5136054421768708,0.9906410856340665,0.9329494035376388,0.6494623655913978,0.6429342589701131,0.7521232639054687
0.5760000000000001,0.8830409356725146,0.5136054421768708,0.9906410856340665,0.9329494035376388,0.6494623655913978,0.6429342589701131,0.7521232639054687
0.577,0.888235294117647,0.5136054421768708,0.9911090313523632,0.9333607568901686,0.6508620689655172,0.6452781260869047,0.752357236764617
0.578,0.8875739644970414,0.5102040816326531,0.9911090313523632,0.9329494035376388,0.6479481641468683,0.6426808189296589,0.7506565564925081
0.579,0.8869047619047619,0.5068027210884354,0.9911090313523632,0.932538050185109,0.645021645021645,0.6400757675852867,0.7489558762203993
0.58,0.8869047619047619,0.5068027210884354,0.9911090313523632,0.932538050185109,0.645021645021645,0.6400757675852867,0.7489558762203993
0.581,0.8869047619047619,0.5068027210884354,0.9911090313523632,0.932538050185109,0.645021645021645,0.6400757675852867,0.7489558762203993
0.582,0.8869047619047619,0.5068027210884354,0.9911090313523632,0.932538050185109,0.645021645021645,0.6400757675852867,0.7489558762203993
0.583,0.8862275449101796,0.5034013605442177,0.9911090313523632,0.9321266968325792,0.6420824295010846,0.6374628821497386,0.7472551959482905
0.584,0.8862275449101796,0.5034013605442177,0.9911090313523632,0.9321266968325792,0.6420824295010846,0.6374628821497386,0.7472551959482905
0.585,0.8862275449101796,0.5034013605442177,0.9911090313523632,0.9321266968325792,0.6420824295010846,0.6374628821497386,0.7472551959482905
0.586,0.8862275449101796,0.5034013605442177,0.9911090313523632,0.9321266968325792,0.6420824295010846,0.6374628821497386,0.7472551959482905
0.587,0.8862275449101796,0.5034013605442177,0.9911090313523632,0.9321266968325792,0.6420824295010846,0.6374628821497386,0.7472551959482905
0.588,0.8862275449101796,0.5034013605442177,0.9911090313523632,0.9321266968325792,0.6420824295010846,0.6374628821497386,0.7472551959482905
0.589,0.8862275449101796,0.5034013605442177,0.9911090313523632,0.9321266968325792,0.6420824295010846,0.6374628821497386,0.7472551959482905
0.59,0.8862275449101796,0.5034013605442177,0.9911090313523632,0.9321266968325792,0.6420824295010846,0.6374628821497386,0.7472551959482905
0.591,0.8862275449101796,0.5034013605442177,0.9911090313523632,0.9321266968325792,0.6420824295010846,0.6374628821497386,0.7472551959482905
0.592,0.8862275449101796,0.5034013605442177,0.9911090313523632,0.9321266968325792,0.6420824295010846,0.6374628821497386,0.7472551959482905
0.593,0.8862275449101796,0.5034013605442177,0.9911090313523632,0.9321266968325792,0.6420824295010846,0.6374628821497386,0.7472551959482905
0.594,0.8862275449101796,0.5034013605442177,0.9911090313523632,0.9321266968325792,0.6420824295010846,0.6374628821497386,0.7472551959482905
0.595,0.8862275449101796,0.5034013605442177,0.9911090313523632,0.9321266968325792,0.6420824295010846,0.6374628821497386,0.7472551959482905
0.596,0.891566265060241,0.5034013605442177,0.9915769770706598,0.932538050185109,0.6434782608695652,0.6398438085376655,0.7474891688074388
0.597,0.891566265060241,0.5034013605442177,0.9915769770706598,0.932538050185109,0.6434782608695652,0.6398438085376655,0.7474891688074388
0.598,0.896969696969697,0.5034013605442177,0.9920449227889565,0.9329494035376388,0.644880174291939,0.6422447698412289,0.747723141666587
0.599,0.8963414634146342,0.5,0.9920449227889565,0.932538050185109,0.6419213973799127,0.6396361448230161,0.7460224613944783
0.6,0.9074074074074074,0.5,0.9929808142255498,0.9333607568901686,0.6447368421052632,0.6445122687226084,0.7464904071127749
0.601,0.9074074074074074,0.5,0.9929808142255498,0.9333607568901686,0.6447368421052632,0.6445122687226084,0.7464904071127749
0.602,0.9074074074074074,0.5,0.9929808142255498,0.9333607568901686,0.6447368421052632,0.6445122687226084,0.7464904071127749
0.603,0.906832298136646,0.4965986394557823,0.9929808142255498,0.9329494035376388,0.6417582417582418,0.641908672178041,0.744789726840666
0.604,0.906832298136646,0.4965986394557823,0.9929808142255498,0.9329494035376388,0.6417582417582418,0.641908672178041,0.744789726840666
0.605,0.906832298136646,0.4965986394557823,0.9929808142255498,0.9329494035376388,0.6417582417582418,0.641908672178041,0.744789726840666
0.606,0.906832298136646,0.4965986394557823,0.9929808142255498,0.9329494035376388,0.6417582417582418,0.641908672178041,0.744789726840666
0.607,0.906832298136646,0.4965986394557823,0.9929808142255498,0.9329494035376388,0.6417582417582418,0.641908672178041,0.744789726840666
0.608,0.906832298136646,0.4965986394557823,0.9929808142255498,0.9329494035376388,0.6417582417582418,0.641908672178041,0.744789726840666
0.609,0.906832298136646,0.4965986394557823,0.9929808142255498,0.9329494035376388,0.6417582417582418,0.641908672178041,0.744789726840666
0.61,0.906832298136646,0.4965986394557823,0.9929808142255498,0.9329494035376388,0.6417582417582418,0.641908672178041,0.744789726840666
0.611,0.906832298136646,0.4965986394557823,0.9929808142255498,0.9329494035376388,0.6417582417582418,0.641908672178041,0.744789726840666
0.612,0.906832298136646,0.4965986394557823,0.9929808142255498,0.9329494035376388,0.6417582417582418,0.641908672178041,0.744789726840666
0.613,0.906832298136646,0.4965986394557823,0.9929808142255498,0.9329494035376388,0.6417582417582418,0.641908672178041,0.744789726840666
0.614,0.906832298136646,0.4965986394557823,0.9929808142255498,0.9329494035376388,0.6417582417582418,0.641908672178041,0.744789726840666
0.615,0.906832298136646,0.4965986394557823,0.9929808142255498,0.9329494035376388,0.6417582417582418,0.641908672178041,0.744789726840666
0.616,0.906832298136646,0.4965986394557823,0.9929808142255498,0.9329494035376388,0.6417582417582418,0.641908672178041,0.744789726840666
0.617,0.9125,0.4965986394557823,0.9934487599438465,0.9333607568901686,0.6431718061674009,0.6443850508997546,0.7450236996998144
0.618,0.9125,0.4965986394557823,0.9934487599438465,0.9333607568901686,0.6431718061674009,0.6443850508997546,0.7450236996998144
0.619,0.9125,0.4965986394557823,0.9934487599438465,0.9333607568901686,0.6431718061674009,0.6443850508997546,0.7450236996998144
0.62,0.9125,0.4965986394557823,0.9934487599438465,0.9333607568901686,0.6431718061674009,0.6443850508997546,0.7450236996998144
0.621,0.9125,0.4965986394557823,0.9934487599438465,0.9333607568901686,0.6431718061674009,0.6443850508997546,0.7450236996998144
0.622,0.9125,0.4965986394557823,0.9934487599438465,0.9333607568901686,0.6431718061674009,0.6443850508997546,0.7450236996998144
0.623,0.9125,0.4965986394557823,0.9934487599438465,0.9333607568901686,0.6431718061674009,0.6443850508997546,0.7450236996998144
0.624,0.9125,0.4965986394557823,0.9934487599438465,0.9333607568901686,0.6431718061674009,0.6443850508997546,0.7450236996998144
0.625,0.9125,0.4965986394557823,0.9934487599438465,0.9333607568901686,0.6431718061674009,0.6443850508997546,0.7450236996998144
0.626,0.9177215189873418,0.4931972789115646,0.9939167056621432,0.9333607568901686,0.6415929203539823,0.6442853597418113,0.7435569922868539
0.627,0.9177215189873418,0.4931972789115646,0.9939167056621432,0.9333607568901686,0.6415929203539823,0.6442853597418113,0.7435569922868539
0.628,0.9235668789808917,0.4931972789115646,0.9943846513804399,0.9337721102426985,0.6430155210643016,0.646812601242733,0.7437909651460022
0.629,0.9235668789808917,0.4931972789115646,0.9943846513804399,0.9337721102426985,0.6430155210643016,0.646812601242733,0.7437909651460022
0.63,0.9235668789808917,0.4931972789115646,0.9943846513804399,0.9337721102426985,0.6430155210643016,0.646812601242733,0.7437909651460022
0.631,0.9235668789808917,0.4931972789115646,0.9943846513804399,0.9337721102426985,0.6430155210643016,0.646812601242733,0.7437909651460022
0.632,0.9235668789808917,0.4931972789115646,0.9943846513804399,0.9337721102426985,0.6430155210643016,0.646812601242733,0.7437909651460022
0.633,0.9235668789808917,0.4931972789115646,0.9943846513804399,0.9337721102426985,0.6430155210643016,0.646812601242733,0.7437909651460022
0.634,0.9235668789808917,0.4931972789115646,0.9943846513804399,0.9337721102426985,0.6430155210643016,0.646812601242733,0.7437909651460022
0.635,0.9235668789808917,0.4931972789115646,0.9943846513804399,0.9337721102426985,0.6430155210643016,0.646812601242733,0.7437909651460022
0.636,0.9235668789808917,0.4931972789115646,0.9943846513804399,0.9337721102426985,0.6430155210643016,0.646812601242733,0.7437909651460022
0.637,0.9235668789808917,0.4931972789115646,0.9943846513804399,0.9337721102426985,0.6430155210643016,0.646812601242733,0.7437909651460022
0.638,0.9230769230769231,0.4897959183673469,0.9943846513804399,0.9333607568901686,0.64,0.6442141855987606,0.7420902848738934
0.639,0.9230769230769231,0.4897959183673469,0.9943846513804399,0.9333607568901686,0.64,0.6442141855987606,0.7420902848738934
0.64,0.9230769230769231,0.4897959183673469,0.9943846513804399,0.9333607568901686,0.64,0.6442141855987606,0.7420902848738934
0.641,0.9285714285714286,0.48639455782312924,0.9948525970987365,0.9333607568901686,0.6383928571428571,0.6441725666359057,0.7406235774609329
0.642,0.9285714285714286,0.48639455782312924,0.9948525970987365,0.9333607568901686,0.6383928571428571,0.6441725666359057,0.7406235774609329
0.643,0.9281045751633987,0.48299319727891155,0.9948525970987365,0.9329494035376388,0.6353467561521253,0.6415656731466882,0.738922897188824
0.644,0.9276315789473685,0.47959183673469385,0.9948525970987365,0.932538050185109,0.6322869955156951,0.6389506637093618,0.7372222169167152
0.645,0.9337748344370861,0.47959183673469385,0.9953205428170332,0.9329494035376388,0.6337078651685393,0.6415544469343782,0.7374561897758636
0.646,0.94,0.47959183673469385,0.9957884885353299,0.9333607568901686,0.6351351351351351,0.6441824037099431,0.7376901626350119
0.647,0.94,0.47959183673469385,0.9957884885353299,0.9333607568901686,0.6351351351351351,0.6441824037099431,0.7376901626350119
0.648,0.94,0.47959183673469385,0.9957884885353299,0.9333607568901686,0.6351351351351351,0.6441824037099431,0.7376901626350119
0.649,0.94,0.47959183673469385,0.9957884885353299,0.9333607568901686,0.6351351351351351,0.6441824037099431,0.7376901626350119
0.65,0.94,0.47959183673469385,0.9957884885353299,0.9333607568901686,0.6351351351351351,0.6441824037099431,0.7376901626350119
0.651,0.94,0.47959183673469385,0.9957884885353299,0.9333607568901686,0.6351351351351351,0.6441824037099431,0.7376901626350119
0.652,0.94,0.47959183673469385,0.9957884885353299,0.9333607568901686,0.6351351351351351,0.6441824037099431,0.7376901626350119
0.653,0.94,0.47959183673469385,0.9957884885353299,0.9333607568901686,0.6351351351351351,0.6441824037099431,0.7376901626350119
0.654,0.94,0.47959183673469385,0.9957884885353299,0.9333607568901686,0.6351351351351351,0.6441824037099431,0.7376901626350119
0.655,0.9395973154362416,0.47619047619047616,0.9957884885353299,0.9329494035376388,0.6320541760722348,0.6415752699574141,0.735989482362903
0.656,0.9395973154362416,0.47619047619047616,0.9957884885353299,0.9329494035376388,0.6320541760722348,0.6415752699574141,0.735989482362903
0.657,0.9395973154362416,0.47619047619047616,0.9957884885353299,0.9329494035376388,0.6320541760722348,0.6415752699574141,0.735989482362903
0.658,0.9395973154362416,0.47619047619047616,0.9957884885353299,0.9329494035376388,0.6320541760722348,0.6415752699574141,0.735989482362903
0.659,0.9395973154362416,0.47619047619047616,0.9957884885353299,0.9329494035376388,0.6320541760722348,0.6415752699574141,0.735989482362903
0.66,0.9395973154362416,0.47619047619047616,0.9957884885353299,0.9329494035376388,0.6320541760722348,0.6415752699574141,0.735989482362903
0.661,0.9395973154362416,0.47619047619047616,0.9957884885353299,0.9329494035376388,0.6320541760722348,0.6415752699574141,0.735989482362903
0.662,0.9395973154362416,0.47619047619047616,0.9957884885353299,0.9329494035376388,0.6320541760722348,0.6415752699574141,0.735989482362903
0.663,0.9395973154362416,0.47619047619047616,0.9957884885353299,0.9329494035376388,0.6320541760722348,0.6415752699574141,0.735989482362903
0.664,0.9395973154362416,0.47619047619047616,0.9957884885353299,0.9329494035376388,0.6320541760722348,0.6415752699574141,0.735989482362903
0.665,0.9395973154362416,0.47619047619047616,0.9957884885353299,0.9329494035376388,0.6320541760722348,0.6415752699574141,0.735989482362903
0.666,0.9395973154362416,0.47619047619047616,0.9957884885353299,0.9329494035376388,0.6320541760722348,0.6415752699574141,0.735989482362903
0.667,0.9395973154362416,0.47619047619047616,0.9957884885353299,0.9329494035376388,0.6320541760722348,0.6415752699574141,0.735989482362903
0.668,0.9391891891891891,0.47278911564625853,0.9957884885353299,0.932538050185109,0.6289592760180995,0.6389599542917935,0.7342888020907942
0.669,0.9391891891891891,0.47278911564625853,0.9957884885353299,0.932538050185109,0.6289592760180995,0.6389599542917935,0.7342888020907942
0.67,0.9391891891891891,0.47278911564625853,0.9957884885353299,0.932538050185109,0.6289592760180995,0.6389599542917935,0.7342888020907942
0.671,0.9391891891891891,0.47278911564625853,0.9957884885353299,0.932538050185109,0.6289592760180995,0.6389599542917935,0.7342888020907942
0.672,0.9387755102040817,0.46938775510204084,0.9957884885353299,0.9321266968325792,0.6258503401360545,0.6363363558264281,0.7325881218186854
0.673,0.9387755102040817,0.46938775510204084,0.9957884885353299,0.9321266968325792,0.6258503401360545,0.6363363558264281,0.7325881218186854
0.674,0.9387755102040817,0.46938775510204084,0.9957884885353299,0.9321266968325792,0.6258503401360545,0.6363363558264281,0.7325881218186854
0.675,0.9387755102040817,0.46938775510204084,0.9957884885353299,0.9321266968325792,0.6258503401360545,0.6363363558264281,0.7325881218186854
0.676,0.9383561643835616,0.46598639455782315,0.9957884885353299,0.9317153434800494,0.6227272727272727,0.633704371770733,0.7308874415465765
0.677,0.9383561643835616,0.46598639455782315,0.9957884885353299,0.9317153434800494,0.6227272727272727,0.633704371770733,0.7308874415465765
0.678,0.9383561643835616,0.46598639455782315,0.9957884885353299,0.9317153434800494,0.6227272727272727,0.633704371770733,0.7308874415465765
0.679,0.9383561643835616,0.46598639455782315,0.9957884885353299,0.9317153434800494,0.6227272727272727,0.633704371770733,0.7308874415465765
0.68,0.9383561643835616,0.46598639455782315,0.9957884885353299,0.9317153434800494,0.6227272727272727,0.633704371770733,0.7308874415465765
0.681,0.9383561643835616,0.46598639455782315,0.9957884885353299,0.9317153434800494,0.6227272727272727,0.633704371770733,0.7308874415465765
0.682,0.9383561643835616,0.46598639455782315,0.9957884885353299,0.9317153434800494,0.6227272727272727,0.633704371770733,0.7308874415465765
0.683,0.9383561643835616,0.46598639455782315,0.9957884885353299,0.9317153434800494,0.6227272727272727,0.633704371770733,0.7308874415465765
0.684,0.9383561643835616,0.46598639455782315,0.9957884885353299,0.9317153434800494,0.6227272727272727,0.633704371770733,0.7308874415465765
0.685,0.9383561643835616,0.46598639455782315,0.9957884885353299,0.9317153434800494,0.6227272727272727,0.633704371770733,0.7308874415465765
0.686,0.9383561643835616,0.46598639455782315,0.9957884885353299,0.9317153434800494,0.6227272727272727,0.633704371770733,0.7308874415465765
0.687,0.9383561643835616,0.46598639455782315,0.9957884885353299,0.9317153434800494,0.6227272727272727,0.633704371770733,0.7308874415465765
0.6880000000000001,0.9375,0.45918367346938777,0.9957884885353299,0.9308926367749897,0.6164383561643836,0.6284148259030264,0.7274860810023588
0.6890000000000001,0.9375,0.45918367346938777,0.9957884885353299,0.9308926367749897,0.6164383561643836,0.6284148259030264,0.7274860810023588
0.6900000000000001,0.9375,0.45918367346938777,0.9957884885353299,0.9308926367749897,0.6164383561643836,0.6284148259030264,0.7274860810023588
0.6910000000000001,0.9375,0.45918367346938777,0.9957884885353299,0.9308926367749897,0.6164383561643836,0.6284148259030264,0.7274860810023588
0.6920000000000001,0.9366197183098591,0.4523809523809524,0.9957884885353299,0.9300699300699301,0.6100917431192661,0.6230904543319276,0.7240847204581411
0.6930000000000001,0.9366197183098591,0.4523809523809524,0.9957884885353299,0.9300699300699301,0.6100917431192661,0.6230904543319276,0.7240847204581411
0.6940000000000001,0.9366197183098591,0.4523809523809524,0.9957884885353299,0.9300699300699301,0.6100917431192661,0.6230904543319276,0.7240847204581411
0.6950000000000001,0.9366197183098591,0.4523809523809524,0.9957884885353299,0.9300699300699301,0.6100917431192661,0.6230904543319276,0.7240847204581411
0.6960000000000001,0.9366197183098591,0.4523809523809524,0.9957884885353299,0.9300699300699301,0.6100917431192661,0.6230904543319276,0.7240847204581411
0.6970000000000001,0.9366197183098591,0.4523809523809524,0.9957884885353299,0.9300699300699301,0.6100917431192661,0.6230904543319276,0.7240847204581411
0.6980000000000001,0.9366197183098591,0.4523809523809524,0.9957884885353299,0.9300699300699301,0.6100917431192661,0.6230904543319276,0.7240847204581411
0.6990000000000001,0.9366197183098591,0.4523809523809524,0.9957884885353299,0.9300699300699301,0.6100917431192661,0.6230904543319276,0.7240847204581411
0.7000000000000001,0.9366197183098591,0.4523809523809524,0.9957884885353299,0.9300699300699301,0.6100917431192661,0.6230904543319276,0.7240847204581411
0.7010000000000001,0.9366197183098591,0.4523809523809524,0.9957884885353299,0.9300699300699301,0.6100917431192661,0.6230904543319276,0.7240847204581411
0.7020000000000001,0.9366197183098591,0.4523809523809524,0.9957884885353299,0.9300699300699301,0.6100917431192661,0.6230904543319276,0.7240847204581411
0.7030000000000001,0.9366197183098591,0.4523809523809524,0.9957884885353299,0.9300699300699301,0.6100917431192661,0.6230904543319276,0.7240847204581411
0.704,0.9366197183098591,0.4523809523809524,0.9957884885353299,0.9300699300699301,0.6100917431192661,0.6230904543319276,0.7240847204581411
0.705,0.9366197183098591,0.4523809523809524,0.9957884885353299,0.9300699300699301,0.6100917431192661,0.6230904543319276,0.7240847204581411
0.706,0.9366197183098591,0.4523809523809524,0.9957884885353299,0.9300699300699301,0.6100917431192661,0.6230904543319276,0.7240847204581411
0.707,0.9366197183098591,0.4523809523809524,0.9957884885353299,0.9300699300699301,0.6100917431192661,0.6230904543319276,0.7240847204581411
0.708,0.9432624113475178,0.4523809523809524,0.9962564342536265,0.93048128342246,0.6114942528735632,0.625812294547956,0.7243186933172895
0.709,0.9432624113475178,0.4523809523809524,0.9962564342536265,0.93048128342246,0.6114942528735632,0.625812294547956,0.7243186933172895
0.71,0.9432624113475178,0.4523809523809524,0.9962564342536265,0.93048128342246,0.6114942528735632,0.625812294547956,0.7243186933172895
0.711,0.9432624113475178,0.4523809523809524,0.9962564342536265,0.93048128342246,0.6114942528735632,0.625812294547956,0.7243186933172895
0.712,0.9432624113475178,0.4523809523809524,0.9962564342536265,0.93048128342246,0.6114942528735632,0.625812294547956,0.7243186933172895
0.713,0.9432624113475178,0.4523809523809524,0.9962564342536265,0.93048128342246,0.6114942528735632,0.625812294547956,0.7243186933172895
0.714,0.9432624113475178,0.4523809523809524,0.9962564342536265,0.93048128342246,0.6114942528735632,0.625812294547956,0.7243186933172895
0.715,0.9432624113475178,0.4523809523809524,0.9962564342536265,0.93048128342246,0.6114942528735632,0.625812294547956,0.7243186933172895
0.716,0.9432624113475178,0.4523809523809524,0.9962564342536265,0.93048128342246,0.6114942528735632,0.625812294547956,0.7243186933172895
0.717,0.9432624113475178,0.4523809523809524,0.9962564342536265,0.93048128342246,0.6114942528735632,0.625812294547956,0.7243186933172895
0.718,0.9432624113475178,0.4523809523809524,0.9962564342536265,0.93048128342246,0.6114942528735632,0.625812294547956,0.7243186933172895
0.719,0.9432624113475178,0.4523809523809524,0.9962564342536265,0.93048128342246,0.6114942528735632,0.625812294547956,0.7243186933172895
0.72,0.9432624113475178,0.4523809523809524,0.9962564342536265,0.93048128342246,0.6114942528735632,0.625812294547956,0.7243186933172895
0.721,0.9432624113475178,0.4523809523809524,0.9962564342536265,0.93048128342246,0.6114942528735632,0.625812294547956,0.7243186933172895
0.722,0.9432624113475178,0.4523809523809524,0.9962564342536265,0.93048128342246,0.6114942528735632,0.625812294547956,0.7243186933172895
0.723,0.9432624113475178,0.4523809523809524,0.9962564342536265,0.93048128342246,0.6114942528735632,0.625812294547956,0.7243186933172895
0.724,0.9432624113475178,0.4523809523809524,0.9962564342536265,0.93048128342246,0.6114942528735632,0.625812294547956,0.7243186933172895
0.725,0.9432624113475178,0.4523809523809524,0.9962564342536265,0.93048128342246,0.6114942528735632,0.625812294547956,0.7243186933172895
0.726,0.9432624113475178,0.4523809523809524,0.9962564342536265,0.93048128342246,0.6114942528735632,0.625812294547956,0.7243186933172895
0.727,0.9432624113475178,0.4523809523809524,0.9962564342536265,0.93048128342246,0.6114942528735632,0.625812294547956,0.7243186933172895
0.728,0.9432624113475178,0.4523809523809524,0.9962564342536265,0.93048128342246,0.6114942528735632,0.625812294547956,0.7243186933172895
0.729,0.9432624113475178,0.4523809523809524,0.9962564342536265,0.93048128342246,0.6114942528735632,0.625812294547956,0.7243186933172895
0.73,0.9428571428571428,0.4489795918367347,0.9962564342536265,0.9300699300699301,0.6082949308755761,0.6231457848967691,0.7226180130451806
0.731,0.9428571428571428,0.4489795918367347,0.9962564342536265,0.9300699300699301,0.6082949308755761,0.6231457848967691,0.7226180130451806
0.732,0.9496402877697842,0.4489795918367347,0.9967243799719232,0.93048128342246,0.6096997690531177,0.6259039952721471,0.722851985904329
0.733,0.9496402877697842,0.4489795918367347,0.9967243799719232,0.93048128342246,0.6096997690531177,0.6259039952721471,0.722851985904329
0.734,0.9496402877697842,0.4489795918367347,0.9967243799719232,0.93048128342246,0.6096997690531177,0.6259039952721471,0.722851985904329
0.735,0.9496402877697842,0.4489795918367347,0.9967243799719232,0.93048128342246,0.6096997690531177,0.6259039952721471,0.722851985904329
0.736,0.9496402877697842,0.4489795918367347,0.9967243799719232,0.93048128342246,0.6096997690531177,0.6259039952721471,0.722851985904329
0.737,0.9496402877697842,0.4489795918367347,0.9967243799719232,0.93048128342246,0.6096997690531177,0.6259039952721471,0.722851985904329
0.738,0.9496402877697842,0.4489795918367347,0.9967243799719232,0.93048128342246,0.6096997690531177,0.6259039952721471,0.722851985904329
0.739,0.9496402877697842,0.4489795918367347,0.9967243799719232,0.93048128342246,0.6096997690531177,0.6259039952721471,0.722851985904329
0.74,0.9492753623188406,0.445578231292517,0.9967243799719232,0.9300699300699301,0.6064814814814815,0.6232379050820009,0.7211513056322201
0.741,0.9492753623188406,0.445578231292517,0.9967243799719232,0.9300699300699301,0.6064814814814815,0.6232379050820009,0.7211513056322201
0.742,0.9492753623188406,0.445578231292517,0.9967243799719232,0.9300699300699301,0.6064814814814815,0.6232379050820009,0.7211513056322201
0.743,0.9492753623188406,0.445578231292517,0.9967243799719232,0.9300699300699301,0.6064814814814815,0.6232379050820009,0.7211513056322201
0.744,0.9492753623188406,0.445578231292517,0.9967243799719232,0.9300699300699301,0.6064814814814815,0.6232379050820009,0.7211513056322201
0.745,0.9562043795620438,0.445578231292517,0.99719232569022,0.93048128342246,0.6078886310904872,0.6260336385640363,0.7213852784913685
0.746,0.9562043795620438,0.445578231292517,0.99719232569022,0.93048128342246,0.6078886310904872,0.6260336385640363,0.7213852784913685
0.747,0.9562043795620438,0.445578231292517,0.99719232569022,0.93048128342246,0.6078886310904872,0.6260336385640363,0.7213852784913685
0.748,0.9562043795620438,0.445578231292517,0.99719232569022,0.93048128342246,0.6078886310904872,0.6260336385640363,0.7213852784913685
0.749,0.9562043795620438,0.445578231292517,0.99719232569022,0.93048128342246,0.6078886310904872,0.6260336385640363,0.7213852784913685
0.75,0.9562043795620438,0.445578231292517,0.99719232569022,0.93048128342246,0.6078886310904872,0.6260336385640363,0.7213852784913685
0.751,0.9562043795620438,0.445578231292517,0.99719232569022,0.93048128342246,0.6078886310904872,0.6260336385640363,0.7213852784913685
0.752,0.9562043795620438,0.445578231292517,0.99719232569022,0.93048128342246,0.6078886310904872,0.6260336385640363,0.7213852784913685
0.753,0.9562043795620438,0.445578231292517,0.99719232569022,0.93048128342246,0.6078886310904872,0.6260336385640363,0.7213852784913685
0.754,0.9562043795620438,0.445578231292517,0.99719232569022,0.93048128342246,0.6078886310904872,0.6260336385640363,0.7213852784913685
0.755,0.9562043795620438,0.445578231292517,0.99719232569022,0.93048128342246,0.6078886310904872,0.6260336385640363,0.7213852784913685
0.756,0.9562043795620438,0.445578231292517,0.99719232569022,0.93048128342246,0.6078886310904872,0.6260336385640363,0.7213852784913685
0.757,0.9562043795620438,0.445578231292517,0.99719232569022,0.93048128342246,0.6078886310904872,0.6260336385640363,0.7213852784913685
0.758,0.9562043795620438,0.445578231292517,0.99719232569022,0.93048128342246,0.6078886310904872,0.6260336385640363,0.7213852784913685
0.759,0.9562043795620438,0.445578231292517,0.99719232569022,0.93048128342246,0.6078886310904872,0.6260336385640363,0.7213852784913685
0.76,0.9562043795620438,0.445578231292517,0.99719232569022,0.93048128342246,0.6078886310904872,0.6260336385640363,0.7213852784913685
0.761,0.9562043795620438,0.445578231292517,0.99719232569022,0.93048128342246,0.6078886310904872,0.6260336385640363,0.7213852784913685
0.762,0.9562043795620438,0.445578231292517,0.99719232569022,0.93048128342246,0.6078886310904872,0.6260336385640363,0.7213852784913685
0.763,0.9562043795620438,0.445578231292517,0.99719232569022,0.93048128342246,0.6078886310904872,0.6260336385640363,0.7213852784913685
0.764,0.9562043795620438,0.445578231292517,0.99719232569022,0.93048128342246,0.6078886310904872,0.6260336385640363,0.7213852784913685
0.765,0.9562043795620438,0.445578231292517,0.99719232569022,0.93048128342246,0.6078886310904872,0.6260336385640363,0.7213852784913685
0.766,0.9562043795620438,0.445578231292517,0.99719232569022,0.93048128342246,0.6078886310904872,0.6260336385640363,0.7213852784913685
0.767,0.9562043795620438,0.445578231292517,0.99719232569022,0.93048128342246,0.6078886310904872,0.6260336385640363,0.7213852784913685
0.768,0.9562043795620438,0.445578231292517,0.99719232569022,0.93048128342246,0.6078886310904872,0.6260336385640363,0.7213852784913685
0.769,0.9562043795620438,0.445578231292517,0.99719232569022,0.93048128342246,0.6078886310904872,0.6260336385640363,0.7213852784913685
0.77,0.9562043795620438,0.445578231292517,0.99719232569022,0.93048128342246,0.6078886310904872,0.6260336385640363,0.7213852784913685
0.771,0.9562043795620438,0.445578231292517,0.99719232569022,0.93048128342246,0.6078886310904872,0.6260336385640363,0.7213852784913685
0.772,0.9558823529411765,0.4421768707482993,0.99719232569022,0.9300699300699301,0.6046511627906976,0.6233683281467067,0.7196845982192597
0.773,0.9558823529411765,0.4421768707482993,0.99719232569022,0.9300699300699301,0.6046511627906976,0.6233683281467067,0.7196845982192597
0.774,0.9558823529411765,0.4421768707482993,0.99719232569022,0.9300699300699301,0.6046511627906976,0.6233683281467067,0.7196845982192597
0.775,0.9558823529411765,0.4421768707482993,0.99719232569022,0.9300699300699301,0.6046511627906976,0.6233683281467067,0.7196845982192597
0.776,0.9558823529411765,0.4421768707482993,0.99719232569022,0.9300699300699301,0.6046511627906976,0.6233683281467067,0.7196845982192597
0.777,0.9558823529411765,0.4421768707482993,0.99719232569022,0.9300699300699301,0.6046511627906976,0.6233683281467067,0.7196845982192597
0.778,0.9629629629629629,0.4421768707482993,0.9976602714085167,0.93048128342246,0.6060606060606061,0.6262027937553477,0.719918571078408
0.779,0.9701492537313433,0.4421768707482993,0.9981282171268133,0.9308926367749897,0.6074766355140186,0.6290667539511163,0.7201525439375563
0.78,0.9701492537313433,0.4421768707482993,0.9981282171268133,0.9308926367749897,0.6074766355140186,0.6290667539511163,0.7201525439375563
0.781,0.9696969696969697,0.43537414965986393,0.9981282171268133,0.9300699300699301,0.6009389671361502,0.6237505591981266,0.7167511833933387
0.782,0.9696969696969697,0.43537414965986393,0.9981282171268133,0.9300699300699301,0.6009389671361502,0.6237505591981266,0.7167511833933387
0.783,0.9696969696969697,0.43537414965986393,0.9981282171268133,0.9300699300699301,0.6009389671361502,0.6237505591981266,0.7167511833933387
0.784,0.9696969696969697,0.43537414965986393,0.9981282171268133,0.9300699300699301,0.6009389671361502,0.6237505591981266,0.7167511833933387
0.785,0.9696969696969697,0.43537414965986393,0.9981282171268133,0.9300699300699301,0.6009389671361502,0.6237505591981266,0.7167511833933387
0.786,0.9696969696969697,0.43537414965986393,0.9981282171268133,0.9300699300699301,0.6009389671361502,0.6237505591981266,0.7167511833933387
0.787,0.9696969696969697,0.43537414965986393,0.9981282171268133,0.9300699300699301,0.6009389671361502,0.6237505591981266,0.7167511833933387
0.788,0.9696969696969697,0.43537414965986393,0.9981282171268133,0.9300699300699301,0.6009389671361502,0.6237505591981266,0.7167511833933387
0.789,0.9696969696969697,0.43537414965986393,0.9981282171268133,0.9300699300699301,0.6009389671361502,0.6237505591981266,0.7167511833933387
0.79,0.9696969696969697,0.43537414965986393,0.9981282171268133,0.9300699300699301,0.6009389671361502,0.6237505591981266,0.7167511833933387
0.791,0.9696969696969697,0.43537414965986393,0.9981282171268133,0.9300699300699301,0.6009389671361502,0.6237505591981266,0.7167511833933387
0.792,0.9696969696969697,0.43537414965986393,0.9981282171268133,0.9300699300699301,0.6009389671361502,0.6237505591981266,0.7167511833933387
0.793,0.9696969696969697,0.43537414965986393,0.9981282171268133,0.9300699300699301,0.6009389671361502,0.6237505591981266,0.7167511833933387
0.794,0.9696969696969697,0.43537414965986393,0.9981282171268133,0.9300699300699301,0.6009389671361502,0.6237505591981266,0.7167511833933387
0.795,0.9696969696969697,0.43537414965986393,0.9981282171268133,0.9300699300699301,0.6009389671361502,0.6237505591981266,0.7167511833933387
0.796,0.9696969696969697,0.43537414965986393,0.9981282171268133,0.9300699300699301,0.6009389671361502,0.6237505591981266,0.7167511833933387
0.797,0.9696969696969697,0.43537414965986393,0.9981282171268133,0.9300699300699301,0.6009389671361502,0.6237505591981266,0.7167511833933387
0.798,0.9696969696969697,0.43537414965986393,0.9981282171268133,0.9300699300699301,0.6009389671361502,0.6237505591981266,0.7167511833933387
0.799,0.9696969696969697,0.43537414965986393,0.9981282171268133,0.9300699300699301,0.6009389671361502,0.6237505591981266,0.7167511833933387
0.8,0.9696969696969697,0.43537414965986393,0.9981282171268133,0.9300699300699301,0.6009389671361502,0.6237505591981266,0.7167511833933387
0.801,0.9694656488549618,0.43197278911564624,0.9981282171268133,0.9296585767174003,0.5976470588235294,0.6210789627962499,0.7150505031212298
0.802,0.9694656488549618,0.43197278911564624,0.9981282171268133,0.9296585767174003,0.5976470588235294,0.6210789627962499,0.7150505031212298
0.803,0.9694656488549618,0.43197278911564624,0.9981282171268133,0.9296585767174003,0.5976470588235294,0.6210789627962499,0.7150505031212298
0.804,0.9694656488549618,0.43197278911564624,0.9981282171268133,0.9296585767174003,0.5976470588235294,0.6210789627962499,0.7150505031212298
0.805,0.9694656488549618,0.43197278911564624,0.9981282171268133,0.9296585767174003,0.5976470588235294,0.6210789627962499,0.7150505031212298
0.806,0.9694656488549618,0.43197278911564624,0.9981282171268133,0.9296585767174003,0.5976470588235294,0.6210789627962499,0.7150505031212298
0.807,0.9694656488549618,0.43197278911564624,0.9981282171268133,0.9296585767174003,0.5976470588235294,0.6210789627962499,0.7150505031212298
0.808,0.9694656488549618,0.43197278911564624,0.9981282171268133,0.9296585767174003,0.5976470588235294,0.6210789627962499,0.7150505031212298
0.809,0.9694656488549618,0.43197278911564624,0.9981282171268133,0.9296585767174003,0.5976470588235294,0.6210789627962499,0.7150505031212298
0.81,0.9694656488549618,0.43197278911564624,0.9981282171268133,0.9296585767174003,0.5976470588235294,0.6210789627962499,0.7150505031212298
0.811,0.9694656488549618,0.43197278911564624,0.9981282171268133,0.9296585767174003,0.5976470588235294,0.6210789627962499,0.7150505031212298
0.812,0.9694656488549618,0.43197278911564624,0.9981282171268133,0.9296585767174003,0.5976470588235294,0.6210789627962499,0.7150505031212298
0.8130000000000001,0.9694656488549618,0.43197278911564624,0.9981282171268133,0.9296585767174003,0.5976470588235294,0.6210789627962499,0.7150505031212298
0.8140000000000001,0.9694656488549618,0.43197278911564624,0.9981282171268133,0.9296585767174003,0.5976470588235294,0.6210789627962499,0.7150505031212298
0.8150000000000001,0.9694656488549618,0.43197278911564624,0.9981282171268133,0.9296585767174003,0.5976470588235294,0.6210789627962499,0.7150505031212298
0.8160000000000001,0.9694656488549618,0.43197278911564624,0.9981282171268133,0.9296585767174003,0.5976470588235294,0.6210789627962499,0.7150505031212298
0.8170000000000001,0.9694656488549618,0.43197278911564624,0.9981282171268133,0.9296585767174003,0.5976470588235294,0.6210789627962499,0.7150505031212298
0.8180000000000001,0.9692307692307692,0.42857142857142855,0.9981282171268133,0.9292472233648704,0.5943396226415094,0.6183982089145718,0.713349822849121
0.8190000000000001,0.9692307692307692,0.42857142857142855,0.9981282171268133,0.9292472233648704,0.5943396226415094,0.6183982089145718,0.713349822849121
0.8200000000000001,0.9692307692307692,0.42857142857142855,0.9981282171268133,0.9292472233648704,0.5943396226415094,0.6183982089145718,0.713349822849121
0.8210000000000001,0.9692307692307692,0.42857142857142855,0.9981282171268133,0.9292472233648704,0.5943396226415094,0.6183982089145718,0.713349822849121
0.8220000000000001,0.9692307692307692,0.42857142857142855,0.9981282171268133,0.9292472233648704,0.5943396226415094,0.6183982089145718,0.713349822849121
0.8230000000000001,0.9692307692307692,0.42857142857142855,0.9981282171268133,0.9292472233648704,0.5943396226415094,0.6183982089145718,0.713349822849121
0.8240000000000001,0.9767441860465116,0.42857142857142855,0.99859616284511,0.9296585767174003,0.5957446808510638,0.6213362721904054,0.7135837957082692
0.8250000000000001,0.9767441860465116,0.42857142857142855,0.99859616284511,0.9296585767174003,0.5957446808510638,0.6213362721904054,0.7135837957082692
0.8260000000000001,0.9765625,0.42517006802721086,0.99859616284511,0.9292472233648704,0.5924170616113744,0.61865755110451,0.7118831154361605
0.8270000000000001,0.9765625,0.42517006802721086,0.99859616284511,0.9292472233648704,0.5924170616113744,0.61865755110451,0.7118831154361605
0.8280000000000001,0.9763779527559056,0.4217687074829932,0.99859616284511,0.9288358700123406,0.5890736342042755,0.6159695498255702,0.7101824351640516
0.8290000000000001,0.9763779527559056,0.4217687074829932,0.99859616284511,0.9288358700123406,0.5890736342042755,0.6159695498255702,0.7101824351640516
0.8300000000000001,0.9763779527559056,0.4217687074829932,0.99859616284511,0.9288358700123406,0.5890736342042755,0.6159695498255702,0.7101824351640516
0.8310000000000001,0.9763779527559056,0.4217687074829932,0.99859616284511,0.9288358700123406,0.5890736342042755,0.6159695498255702,0.7101824351640516
0.8320000000000001,0.9763779527559056,0.4217687074829932,0.99859616284511,0.9288358700123406,0.5890736342042755,0.6159695498255702,0.7101824351640516
0.833,0.9763779527559056,0.4217687074829932,0.99859616284511,0.9288358700123406,0.5890736342042755,0.6159695498255702,0.7101824351640516
0.834,0.9763779527559056,0.4217687074829932,0.99859616284511,0.9288358700123406,0.5890736342042755,0.6159695498255702,0.7101824351640516
0.835,0.9763779527559056,0.4217687074829932,0.99859616284511,0.9288358700123406,0.5890736342042755,0.6159695498255702,0.7101824351640516
0.836,0.9763779527559056,0.4217687074829932,0.99859616284511,0.9288358700123406,0.5890736342042755,0.6159695498255702,0.7101824351640516
0.837,0.9763779527559056,0.4217687074829932,0.99859616284511,0.9288358700123406,0.5890736342042755,0.6159695498255702,0.7101824351640516
0.838,0.9763779527559056,0.4217687074829932,0.99859616284511,0.9288358700123406,0.5890736342042755,0.6159695498255702,0.7101824351640516
0.839,0.9763779527559056,0.4217687074829932,0.99859616284511,0.9288358700123406,0.5890736342042755,0.6159695498255702,0.7101824351640516
0.84,0.9763779527559056,0.4217687074829932,0.99859616284511,0.9288358700123406,0.5890736342042755,0.6159695498255702,0.7101824351640516
0.841,0.9763779527559056,0.4217687074829932,0.99859616284511,0.9288358700123406,0.5890736342042755,0.6159695498255702,0.7101824351640516
0.842,0.9763779527559056,0.4217687074829932,0.99859616284511,0.9288358700123406,0.5890736342042755,0.6159695498255702,0.7101824351640516
0.843,0.9763779527559056,0.4217687074829932,0.99859616284511,0.9288358700123406,0.5890736342042755,0.6159695498255702,0.7101824351640516
0.844,0.9763779527559056,0.4217687074829932,0.99859616284511,0.9288358700123406,0.5890736342042755,0.6159695498255702,0.7101824351640516
0.845,0.9763779527559056,0.4217687074829932,0.99859616284511,0.9288358700123406,0.5890736342042755,0.6159695498255702,0.7101824351640516
0.846,0.9763779527559056,0.4217687074829932,0.99859616284511,0.9288358700123406,0.5890736342042755,0.6159695498255702,0.7101824351640516
0.847,0.9763779527559056,0.4217687074829932,0.99859616284511,0.9288358700123406,0.5890736342042755,0.6159695498255702,0.7101824351640516
0.848,0.9763779527559056,0.4217687074829932,0.99859616284511,0.9288358700123406,0.5890736342042755,0.6159695498255702,0.7101824351640516
0.849,0.9763779527559056,0.4217687074829932,0.99859616284511,0.9288358700123406,0.5890736342042755,0.6159695498255702,0.7101824351640516
0.85,0.9763779527559056,0.4217687074829932,0.99859616284511,0.9288358700123406,0.5890736342042755,0.6159695498255702,0.7101824351640516
0.851,0.9763779527559056,0.4217687074829932,0.99859616284511,0.9288358700123406,0.5890736342042755,0.6159695498255702,0.7101824351640516
0.852,0.9763779527559056,0.4217687074829932,0.99859616284511,0.9288358700123406,0.5890736342042755,0.6159695498255702,0.7101824351640516
0.853,0.9763779527559056,0.4217687074829932,0.99859616284511,0.9288358700123406,0.5890736342042755,0.6159695498255702,0.7101824351640516
0.854,0.9763779527559056,0.4217687074829932,0.99859616284511,0.9288358700123406,0.5890736342042755,0.6159695498255702,0.7101824351640516
0.855,0.9763779527559056,0.4217687074829932,0.99859616284511,0.9288358700123406,0.5890736342042755,0.6159695498255702,0.7101824351640516
0.856,0.9763779527559056,0.4217687074829932,0.99859616284511,0.9288358700123406,0.5890736342042755,0.6159695498255702,0.7101824351640516
0.857,0.9763779527559056,0.4217687074829932,0.99859616284511,0.9288358700123406,0.5890736342042755,0.6159695498255702,0.7101824351640516
0.858,0.9763779527559056,0.4217687074829932,0.99859616284511,0.9288358700123406,0.5890736342042755,0.6159695498255702,0.7101824351640516
0.859,0.9763779527559056,0.4217687074829932,0.99859616284511,0.9288358700123406,0.5890736342042755,0.6159695498255702,0.7101824351640516
0.86,0.9763779527559056,0.4217687074829932,0.99859616284511,0.9288358700123406,0.5890736342042755,0.6159695498255702,0.7101824351640516
0.861,0.9763779527559056,0.4217687074829932,0.99859616284511,0.9288358700123406,0.5890736342042755,0.6159695498255702,0.7101824351640516
0.862,0.9763779527559056,0.4217687074829932,0.99859616284511,0.9288358700123406,0.5890736342042755,0.6159695498255702,0.7101824351640516
0.863,0.9761904761904762,0.41836734693877553,0.99859616284511,0.9284245166598107,0.5857142857142857,0.6132721439101987,0.7084817548919428
0.864,0.9761904761904762,0.41836734693877553,0.99859616284511,0.9284245166598107,0.5857142857142857,0.6132721439101987,0.7084817548919428
0.865,0.9761904761904762,0.41836734693877553,0.99859616284511,0.9284245166598107,0.5857142857142857,0.6132721439101987,0.7084817548919428
0.866,0.984,0.41836734693877553,0.9990641085634067,0.9288358700123406,0.5871121718377088,0.6162776821284143,0.7087157277510912
0.867,0.984,0.41836734693877553,0.9990641085634067,0.9288358700123406,0.5871121718377088,0.6162776821284143,0.7087157277510912
0.868,0.984,0.41836734693877553,0.9990641085634067,0.9288358700123406,0.5871121718377088,0.6162776821284143,0.7087157277510912
0.869,0.984,0.41836734693877553,0.9990641085634067,0.9288358700123406,0.5871121718377088,0.6162776821284143,0.7087157277510912
0.87,0.984,0.41836734693877553,0.9990641085634067,0.9288358700123406,0.5871121718377088,0.6162776821284143,0.7087157277510912
0.871,0.984,0.41836734693877553,0.9990641085634067,0.9288358700123406,0.5871121718377088,0.6162776821284143,0.7087157277510912
0.872,0.984,0.41836734693877553,0.9990641085634067,0.9288358700123406,0.5871121718377088,0.6162776821284143,0.7087157277510912
0.873,0.984,0.41836734693877553,0.9990641085634067,0.9288358700123406,0.5871121718377088,0.6162776821284143,0.7087157277510912
0.874,0.984,0.41836734693877553,0.9990641085634067,0.9288358700123406,0.5871121718377088,0.6162776821284143,0.7087157277510912
0.875,0.984,0.41836734693877553,0.9990641085634067,0.9288358700123406,0.5871121718377088,0.6162776821284143,0.7087157277510912
0.876,0.984,0.41836734693877553,0.9990641085634067,0.9288358700123406,0.5871121718377088,0.6162776821284143,0.7087157277510912
0.877,0.984,0.41836734693877553,0.9990641085634067,0.9288358700123406,0.5871121718377088,0.6162776821284143,0.7087157277510912
0.878,0.984,0.41836734693877553,0.9990641085634067,0.9288358700123406,0.5871121718377088,0.6162776821284143,0.7087157277510912
0.879,0.984,0.41836734693877553,0.9990641085634067,0.9288358700123406,0.5871121718377088,0.6162776821284143,0.7087157277510912
0.88,0.984,0.41836734693877553,0.9990641085634067,0.9288358700123406,0.5871121718377088,0.6162776821284143,0.7087157277510912
0.881,0.984,0.41836734693877553,0.9990641085634067,0.9288358700123406,0.5871121718377088,0.6162776821284143,0.7087157277510912
0.882,0.984,0.41836734693877553,0.9990641085634067,0.9288358700123406,0.5871121718377088,0.6162776821284143,0.7087157277510912
0.883,0.984,0.41836734693877553,0.9990641085634067,0.9288358700123406,0.5871121718377088,0.6162776821284143,0.7087157277510912
0.884,0.984,0.41836734693877553,0.9990641085634067,0.9288358700123406,0.5871121718377088,0.6162776821284143,0.7087157277510912
0.885,0.984,0.41836734693877553,0.9990641085634067,0.9288358700123406,0.5871121718377088,0.6162776821284143,0.7087157277510912
0.886,0.9919354838709677,0.41836734693877553,0.9995320542817033,0.9292472233648704,0.5885167464114832,0.6193170483985478,0.7089497006102394
0.887,1.0,0.41836734693877553,1.0,0.9296585767174003,0.5899280575539568,0.6223909217276101,0.7091836734693877
0.888,1.0,0.41836734693877553,1.0,0.9296585767174003,0.5899280575539568,0.6223909217276101,0.7091836734693877
0.889,1.0,0.41836734693877553,1.0,0.9296585767174003,0.5899280575539568,0.6223909217276101,0.7091836734693877
0.89,1.0,0.41836734693877553,1.0,0.9296585767174003,0.5899280575539568,0.6223909217276101,0.7091836734693877
0.891,1.0,0.41836734693877553,1.0,0.9296585767174003,0.5899280575539568,0.6223909217276101,0.7091836734693877
0.892,1.0,0.41496598639455784,1.0,0.9292472233648704,0.5865384615384616,0.6197214734069111,0.7074829931972789
0.893,1.0,0.41496598639455784,1.0,0.9292472233648704,0.5865384615384616,0.6197214734069111,0.7074829931972789
0.894,1.0,0.41156462585034015,1.0,0.9288358700123406,0.5831325301204819,0.617042802840888,0.7057823129251701
0.895,1.0,0.40816326530612246,1.0,0.9284245166598107,0.5797101449275363,0.6143547863658146,0.7040816326530612
0.896,1.0,0.40816326530612246,1.0,0.9284245166598107,0.5797101449275363,0.6143547863658146,0.7040816326530612
0.897,1.0,0.40816326530612246,1.0,0.9284245166598107,0.5797101449275363,0.6143547863658146,0.7040816326530612
0.898,1.0,0.40816326530612246,1.0,0.9284245166598107,0.5797101449275363,0.6143547863658146,0.7040816326530612
0.899,1.0,0.40476190476190477,1.0,0.928013163307281,0.576271186440678,0.6116572977247504,0.7023809523809523
0.9,1.0,0.40476190476190477,1.0,0.928013163307281,0.576271186440678,0.6116572977247504,0.7023809523809523
0.901,1.0,0.40476190476190477,1.0,0.928013163307281,0.576271186440678,0.6116572977247504,0.7023809523809523
0.902,1.0,0.40476190476190477,1.0,0.928013163307281,0.576271186440678,0.6116572977247504,0.7023809523809523
0.903,1.0,0.40476190476190477,1.0,0.928013163307281,0.576271186440678,0.6116572977247504,0.7023809523809523
0.904,1.0,0.40476190476190477,1.0,0.928013163307281,0.576271186440678,0.6116572977247504,0.7023809523809523
0.905,1.0,0.40476190476190477,1.0,0.928013163307281,0.576271186440678,0.6116572977247504,0.7023809523809523
0.906,1.0,0.40476190476190477,1.0,0.928013163307281,0.576271186440678,0.6116572977247504,0.7023809523809523
0.907,1.0,0.40476190476190477,1.0,0.928013163307281,0.576271186440678,0.6116572977247504,0.7023809523809523
0.908,1.0,0.40476190476190477,1.0,0.928013163307281,0.576271186440678,0.6116572977247504,0.7023809523809523
0.909,1.0,0.40476190476190477,1.0,0.928013163307281,0.576271186440678,0.6116572977247504,0.7023809523809523
0.91,1.0,0.40476190476190477,1.0,0.928013163307281,0.576271186440678,0.6116572977247504,0.7023809523809523
0.911,1.0,0.40476190476190477,1.0,0.928013163307281,0.576271186440678,0.6116572977247504,0.7023809523809523
0.912,1.0,0.40476190476190477,1.0,0.928013163307281,0.576271186440678,0.6116572977247504,0.7023809523809523
0.913,1.0,0.40476190476190477,1.0,0.928013163307281,0.576271186440678,0.6116572977247504,0.7023809523809523
0.914,1.0,0.40476190476190477,1.0,0.928013163307281,0.576271186440678,0.6116572977247504,0.7023809523809523
0.915,1.0,0.40476190476190477,1.0,0.928013163307281,0.576271186440678,0.6116572977247504,0.7023809523809523
0.916,1.0,0.40476190476190477,1.0,0.928013163307281,0.576271186440678,0.6116572977247504,0.7023809523809523
0.917,1.0,0.40476190476190477,1.0,0.928013163307281,0.576271186440678,0.6116572977247504,0.7023809523809523
0.918,1.0,0.40476190476190477,1.0,0.928013163307281,0.576271186440678,0.6116572977247504,0.7023809523809523
0.919,1.0,0.40476190476190477,1.0,0.928013163307281,0.576271186440678,0.6116572977247504,0.7023809523809523
0.92,1.0,0.40476190476190477,1.0,0.928013163307281,0.576271186440678,0.6116572977247504,0.7023809523809523
0.921,1.0,0.40476190476190477,1.0,0.928013163307281,0.576271186440678,0.6116572977247504,0.7023809523809523
0.922,1.0,0.40476190476190477,1.0,0.928013163307281,0.576271186440678,0.6116572977247504,0.7023809523809523
0.923,1.0,0.40476190476190477,1.0,0.928013163307281,0.576271186440678,0.6116572977247504,0.7023809523809523
0.924,1.0,0.4013605442176871,1.0,0.9276018099547512,0.5728155339805825,0.6089502079907829,0.7006802721088435
0.925,1.0,0.4013605442176871,1.0,0.9276018099547512,0.5728155339805825,0.6089502079907829,0.7006802721088435
0.926,1.0,0.4013605442176871,1.0,0.9276018099547512,0.5728155339805825,0.6089502079907829,0.7006802721088435
0.927,1.0,0.4013605442176871,1.0,0.9276018099547512,0.5728155339805825,0.6089502079907829,0.7006802721088435
0.928,1.0,0.3979591836734694,1.0,0.9271904566022213,0.5693430656934306,0.6062333854873314,0.6989795918367347
0.929,1.0,0.3945578231292517,1.0,0.9267791032496915,0.5658536585365853,0.6035066957053701,0.6972789115646258
0.93,1.0,0.3877551020408163,1.0,0.9259563965446318,0.5588235294117647,0.598023161588206,0.6938775510204082
0.931,1.0,0.2891156462585034,1.0,0.9140271493212669,0.44854881266490765,0.5131851194014845,0.6445578231292517
0.932,1.0,0.2891156462585034,1.0,0.9140271493212669,0.44854881266490765,0.5131851194014845,0.6445578231292517
0.933,1.0,0.2891156462585034,1.0,0.9140271493212669,0.44854881266490765,0.5131851194014845,0.6445578231292517
0.934,1.0,0.2891156462585034,1.0,0.9140271493212669,0.44854881266490765,0.5131851194014845,0.6445578231292517
0.935,1.0,0.2891156462585034,1.0,0.9140271493212669,0.44854881266490765,0.5131851194014845,0.6445578231292517
0.936,1.0,0.2857142857142857,1.0,0.9136157959687371,0.4444444444444444,0.5100487576931234,0.6428571428571428
0.937,1.0,0.2857142857142857,1.0,0.9136157959687371,0.4444444444444444,0.5100487576931234,0.6428571428571428
0.9380000000000001,1.0,0.282312925170068,1.0,0.9132044426162074,0.4403183023872679,0.5068956867648736,0.641156462585034
0.9390000000000001,1.0,0.282312925170068,1.0,0.9132044426162074,0.4403183023872679,0.5068956867648736,0.641156462585034
0.9400000000000001,1.0,0.282312925170068,1.0,0.9132044426162074,0.4403183023872679,0.5068956867648736,0.641156462585034
0.9410000000000001,1.0,0.282312925170068,1.0,0.9132044426162074,0.4403183023872679,0.5068956867648736,0.641156462585034
0.9420000000000001,1.0,0.282312925170068,1.0,0.9132044426162074,0.4403183023872679,0.5068956867648736,0.641156462585034
0.9430000000000001,1.0,0.282312925170068,1.0,0.9132044426162074,0.4403183023872679,0.5068956867648736,0.641156462585034
0.9440000000000001,1.0,0.19727891156462585,1.0,0.9029206088029618,0.32954545454545453,0.42149625818651837,0.5986394557823129
0.9450000000000001,1.0,0.19727891156462585,1.0,0.9029206088029618,0.32954545454545453,0.42149625818651837,0.5986394557823129
0.9460000000000001,1.0,0.19727891156462585,1.0,0.9029206088029618,0.32954545454545453,0.42149625818651837,0.5986394557823129
0.9470000000000001,1.0,0.19727891156462585,1.0,0.9029206088029618,0.32954545454545453,0.42149625818651837,0.5986394557823129
0.9480000000000001,1.0,0.19727891156462585,1.0,0.9029206088029618,0.32954545454545453,0.42149625818651837,0.5986394557823129
0.9490000000000001,1.0,0.11904761904761904,1.0,0.8934594816947758,0.2127659574468085,0.32585111483936063,0.5595238095238095
0.9500000000000001,1.0,0.11904761904761904,1.0,0.8934594816947758,0.2127659574468085,0.32585111483936063,0.5595238095238095
0.9510000000000001,1.0,0.11904761904761904,1.0,0.8934594816947758,0.2127659574468085,0.32585111483936063,0.5595238095238095
0.9520000000000001,1.0,0.11904761904761904,1.0,0.8934594816947758,0.2127659574468085,0.32585111483936063,0.5595238095238095
0.9530000000000001,1.0,0.11904761904761904,1.0,0.8934594816947758,0.2127659574468085,0.32585111483936063,0.5595238095238095
0.9540000000000001,1.0,0.11904761904761904,1.0,0.8934594816947758,0.2127659574468085,0.32585111483936063,0.5595238095238095
0.9550000000000001,1.0,0.11904761904761904,1.0,0.8934594816947758,0.2127659574468085,0.32585111483936063,0.5595238095238095
0.9560000000000001,1.0,0.11904761904761904,1.0,0.8934594816947758,0.2127659574468085,0.32585111483936063,0.5595238095238095
0.9570000000000001,1.0,0.11904761904761904,1.0,0.8934594816947758,0.2127659574468085,0.32585111483936063,0.5595238095238095
0.9580000000000001,1.0,0.11904761904761904,1.0,0.8934594816947758,0.2127659574468085,0.32585111483936063,0.5595238095238095
0.9590000000000001,1.0,0.11904761904761904,1.0,0.8934594816947758,0.2127659574468085,0.32585111483936063,0.5595238095238095
0.96,1.0,0.11904761904761904,1.0,0.8934594816947758,0.2127659574468085,0.32585111483936063,0.5595238095238095
0.961,1.0,0.11904761904761904,1.0,0.8934594816947758,0.2127659574468085,0.32585111483936063,0.5595238095238095
0.962,1.0,0.11904761904761904,1.0,0.8934594816947758,0.2127659574468085,0.32585111483936063,0.5595238095238095
0.963,1.0,0.11904761904761904,1.0,0.8934594816947758,0.2127659574468085,0.32585111483936063,0.5595238095238095
0.964,1.0,0.11904761904761904,1.0,0.8934594816947758,0.2127659574468085,0.32585111483936063,0.5595238095238095
0.965,1.0,0.11904761904761904,1.0,0.8934594816947758,0.2127659574468085,0.32585111483936063,0.5595238095238095
0.966,1.0,0.0782312925170068,1.0,0.888523241464418,0.14511041009463724,0.26349008197845847,0.5391156462585034
0.967,1.0,0.0782312925170068,1.0,0.888523241464418,0.14511041009463724,0.26349008197845847,0.5391156462585034
0.968,1.0,0.0782312925170068,1.0,0.888523241464418,0.14511041009463724,0.26349008197845847,0.5391156462585034
0.969,1.0,0.07482993197278912,1.0,0.8881118881118881,0.13924050632911392,0.2576448917709133,0.5374149659863946
0.97,1.0,0.07482993197278912,1.0,0.8881118881118881,0.13924050632911392,0.2576448917709133,0.5374149659863946
0.971,0.0,0.0,1.0,0.879062114356232,0.0,0.0,0.5
0.972,0.0,0.0,1.0,0.879062114356232,0.0,0.0,0.5
0.973,0.0,0.0,1.0,0.879062114356232,0.0,0.0,0.5
0.974,0.0,0.0,1.0,0.879062114356232,0.0,0.0,0.5
0.975,0.0,0.0,1.0,0.879062114356232,0.0,0.0,0.5
0.976,0.0,0.0,1.0,0.879062114356232,0.0,0.0,0.5
0.977,0.0,0.0,1.0,0.879062114356232,0.0,0.0,0.5
0.978,0.0,0.0,1.0,0.879062114356232,0.0,0.0,0.5
0.979,0.0,0.0,1.0,0.879062114356232,0.0,0.0,0.5
0.98,0.0,0.0,1.0,0.879062114356232,0.0,0.0,0.5
0.981,0.0,0.0,1.0,0.879062114356232,0.0,0.0,0.5
0.982,0.0,0.0,1.0,0.879062114356232,0.0,0.0,0.5
0.983,0.0,0.0,1.0,0.879062114356232,0.0,0.0,0.5
0.984,0.0,0.0,1.0,0.879062114356232,0.0,0.0,0.5
0.985,0.0,0.0,1.0,0.879062114356232,0.0,0.0,0.5
0.986,0.0,0.0,1.0,0.879062114356232,0.0,0.0,0.5
0.987,0.0,0.0,1.0,0.879062114356232,0.0,0.0,0.5
0.988,0.0,0.0,1.0,0.879062114356232,0.0,0.0,0.5
0.989,0.0,0.0,1.0,0.879062114356232,0.0,0.0,0.5
0.99,0.0,0.0,1.0,0.879062114356232,0.0,0.0,0.5
0.991,0.0,0.0,1.0,0.879062114356232,0.0,0.0,0.5
0.992,0.0,0.0,1.0,0.879062114356232,0.0,0.0,0.5
0.993,0.0,0.0,1.0,0.879062114356232,0.0,0.0,0.5
0.994,0.0,0.0,1.0,0.879062114356232,0.0,0.0,0.5
0.995,0.0,0.0,1.0,0.879062114356232,0.0,0.0,0.5
0.996,0.0,0.0,1.0,0.879062114356232,0.0,0.0,0.5
0.997,0.0,0.0,1.0,0.879062114356232,0.0,0.0,0.5
0.998,0.0,0.0,1.0,0.879062114356232,0.0,0.0,0.5
0.999,0.0,0.0,1.0,0.879062114356232,0.0,0.0,0.5
1.0,0.0,0.0,1.0,0.879062114356232,0.0,0.0,0.5
