y_true,score,pred_thr_best,pred_thr_0
1,-1.1070692775067017,0,0
1,-2.06935123499261,0,0
1,-1.1814373824675093,0,0
1,1.009850461477307,1,1
1,0.9998948414751248,1,1
1,0.005819714698736267,0,1
1,0.29129396844249694,1,1
1,-0.4293869266863792,0,0
1,0.9400746512715161,1,1
1,0.9997525316982367,1,1
1,1.0002124854771532,1,1
1,0.9998272706112117,1,1
1,1.0001447884497927,1,1
1,0.3226766961257664,1,1
1,0.9975729879476278,1,1
1,-0.7253139933666236,0,0
1,1.0002945019627014,1,1
1,0.09394971689159853,0,1
1,-1.3003541375378702,0,0
1,0.9997455479612269,1,1
1,-1.3509871142249508,0,0
1,-1.9394902723932628,0,0
1,-1.5616743600987961,0,0
1,-0.2555697238506376,0,0
1,-0.8800400425143595,0,0
1,-0.3848129620660577,0,0
1,-0.996257304130534,0,0
1,-0.1865918233672844,0,0
1,0.14635039420222445,1,1
1,-2.1920928657493377,0,0
1,-0.7831486842090539,0,0
1,-1.0659190097130902,0,0
1,-0.3735409844702541,0,0
1,-0.717083555833517,0,0
1,0.1894050068089082,1,1
1,-0.761643763062589,0,0
1,0.7861437306918497,1,1
1,-0.45289288177216214,0,0
1,-1.1805060894229924,0,0
1,-1.6952877316347823,0,0
1,1.0002719578955561,1,1
1,-0.3945750347185703,0,0
1,-1.246903195630831,0,0
1,-0.6299588379402321,0,0
1,-2.117446058798769,0,0
1,-0.8113483199919951,0,0
1,-1.5929903435667392,0,0
1,0.6448632299299362,1,1
1,0.9998636398674554,1,1
1,0.9998453789710913,1,1
1,0.9998799510085277,1,1
1,0.9998593924461718,1,1
1,1.000311760301878,1,1
1,0.9998788262497187,1,1
1,0.999868738342689,1,1
1,0.999787635394539,1,1
1,0.9997161986506717,1,1
1,0.999736333547409,1,1
1,0.9999178875881154,1,1
1,0.9996853084938544,1,1
1,0.9997551508089102,1,1
1,0.9998552616837364,1,1
1,1.2419992289239963,1,1
1,0.999973259236383,1,1
1,1.0000201427816897,1,1
1,0.9998300822785822,1,1
1,0.9999922213311907,1,1
1,1.0003647656556311,1,1
1,0.9999016315758122,1,1
1,0.9998731924147961,1,1
1,0.9998396894190436,1,1
1,0.9999217178899182,1,1
1,0.9999015317965141,1,1
1,0.9999285069083201,1,1
1,0.9996745156866504,1,1
1,1.0003724324136791,1,1
1,0.9997902866480641,1,1
1,0.999731384107376,1,1
1,0.9999996348949396,1,1
1,1.0000242559137174,1,1
1,1.0001597975409398,1,1
1,1.0000441450142594,1,1
1,1.0001564357608113,1,1
1,1.7601383424889139,1,1
1,0.9997720971132298,1,1
1,0.9999524224101746,1,1
1,0.9996922413927181,1,1
1,1.0002334628127187,1,1
1,1.4075786049787282,1,1
1,1.0000146578049223,1,1
1,1.0001331829541358,1,1
1,1.0003013894227302,1,1
1,1.000172736584447,1,1
1,0.9997691066233068,1,1
1,0.9999807435894013,1,1
1,1.0002643617994087,1,1
1,0.9997162008681697,1,1
1,0.9998721624223623,1,1
1,0.9996641883135786,1,1
1,0.9998220410162435,1,1
1,1.0003285433490825,1,1
1,0.9999256310264082,1,1
1,0.9998165568312465,1,1
1,0.9998322383242257,1,1
1,0.9999626625779534,1,1
1,0.9997394132892619,1,1
1,0.9997372608188566,1,1
1,1.0798160140261133,1,1
1,1.0000253995047084,1,1
1,0.9998266304408716,1,1
1,0.9997559089874153,1,1
1,1.0001985375821663,1,1
1,0.9996742904982339,1,1
1,0.9998726768285207,1,1
1,0.9997209980092678,1,1
1,0.9999673709359265,1,1
1,1.0003485865201618,1,1
1,0.9999245274593416,1,1
1,0.9998393472373521,1,1
1,0.9997591680794347,1,1
1,1.0000747524097768,1,1
1,0.9998211947245779,1,1
1,1.0000953157413905,1,1
1,0.9998485118652809,1,1
1,0.9997044923953384,1,1
1,0.999778422570877,1,1
1,0.9999277086596337,1,1
1,0.9996879448204095,1,1
1,0.9999972173380429,1,1
1,0.9996891771483318,1,1
1,0.9997941697703754,1,1
1,1.0000973149320231,1,1
1,1.000113544217949,1,1
1,0.9998139259755605,1,1
1,1.0002770040955968,1,1
1,0.9999535179899013,1,1
1,1.0003088861485652,1,1
1,0.4534089044902106,1,1
1,0.9998162165616129,1,1
1,0.9997880443869911,1,1
1,-1.1070692775067017,0,0
1,-2.06935123499261,0,0
1,1.009850461477307,1,1
1,0.9998948414751248,1,1
1,0.005819714698736267,0,1
1,0.29129396844249694,1,1
1,-0.4293869266863792,0,0
1,0.3226766961257664,1,1
1,0.09394971689159853,0,1
1,-0.717083555833517,0,0
1,0.1894050068089082,1,1
1,0.7861437306918497,1,1
1,-0.45289288177216214,0,0
1,-0.6299588379402321,0,0
1,-2.117446058798769,0,0
1,-0.8113483199919951,0,0
1,-1.5929903435667392,0,0
1,0.6448632299299362,1,1
1,0.9999108227823192,1,1
1,1.0003698207242362,1,1
1,0.9997000380303855,1,1
1,0.9996080196434336,1,1
1,0.9996605368720164,1,1
1,0.9997507913315027,1,1
1,0.99976544113369,1,1
1,1.0000299741021148,1,1
1,1.0000676677675675,1,1
1,1.000099362176435,1,1
1,0.9997802193673981,1,1
1,1.0002699165521525,1,1
1,1.0004488404862628,1,1
1,0.99982043723094,1,1
1,0.9998420070795859,1,1
1,0.9999783044754591,1,1
1,1.000007773351245,1,1
1,0.9997125694580125,1,1
1,0.9997374191134292,1,1
1,0.9998075837573344,1,1
1,0.9998212608716084,1,1
1,0.9996772116635375,1,1
1,0.9998703079171309,1,1
1,1.0002513248076852,1,1
1,1.000230112246588,1,1
1,0.9995967997373947,1,1
1,1.0000413189944377,1,1
1,0.9999964901441243,1,1
1,0.9996163221051872,1,1
1,0.9998836897574648,1,1
1,0.9997412869939435,1,1
1,1.000035274075045,1,1
1,1.0002719578955561,1,1
1,1.0004264221538843,1,1
1,0.9997032494152223,1,1
1,0.9997437990064486,1,1
1,1.000159695224697,1,1
1,0.9998034069091166,1,1
1,0.9998093476183885,1,1
1,1.0001691197625562,1,1
1,0.9994896614939366,1,1
1,0.9996515945691837,1,1
1,0.9998423524998521,1,1
1,1.2389076064271223,1,1
1,1.000106894288238,1,1
1,-1.1814373824675093,0,0
1,0.9997412869939435,1,1
1,-0.2555697238506376,0,0
1,-0.8800400425143595,0,0
1,-0.3848129620660577,0,0
1,-0.3735409844702541,0,0
1,-0.761643763062589,0,0
1,-1.1805060894229924,0,0
1,-1.6952877316347823,0,0
1,1.0002719578955561,1,1
1,-0.3945750347185703,0,0
1,-1.246903195630831,0,0
1,0.6590462201446086,1,1
1,-0.5301764150171207,0,0
1,-1.2129263177514846,0,0
1,-0.8327404003337985,0,0
1,-0.7687278492301618,0,0
1,-1.482146465835166,0,0
1,-1.0795527723421863,0,0
1,-0.24831327693861432,0,0
1,0.2628137787907138,1,1
1,-0.4750304354692547,0,0
1,-0.8800400425143595,0,0
1,1.009850461477307,1,1
1,-0.4293869266863792,0,0
1,-0.1865918233672844,0,0
1,-2.02649785638646,0,0
1,-0.7831486842090539,0,0
1,-0.2555697238506376,0,0
1,-0.996257304130534,0,0
1,-2.1920928657493377,0,0
1,-1.0659190097130902,0,0
1,-1.1070692775067017,0,0
1,0.14635039420222445,1,1
1,0.09394971689159853,0,1
1,0.29129396844249694,1,1
1,-1.246903195630831,0,0
1,-0.6299588379402321,0,0
1,0.005819714698736267,0,1
1,-1.1814373824675093,0,0
1,0.3226766961257664,1,1
1,-0.7253139933666236,0,0
1,-1.3003541375378702,0,0
1,-1.9394902723932628,0,0
1,-1.5616743600987961,0,0
1,-0.3848129620660577,0,0
0,0.9335992116589795,1,1
0,-1.8787924526157551,0,0
0,-1.7767354593661973,0,0
0,-1.7366967592293152,0,0
0,-1.3026766591611985,0,0
0,-1.8910741672340472,0,0
0,-2.03714414163736,0,0
0,-0.8500365395451248,0,0
0,-0.8786642856248283,0,0
0,-1.2782403143622174,0,0
0,-1.2319366533991134,0,0
0,-0.07006954856587794,0,0
0,-0.8091641380376549,0,0
0,-0.16765799394097422,0,0
0,-0.911431766828783,0,0
0,-0.26522222179783383,0,0
0,-1.5717257758137593,0,0
0,-1.1933036979626637,0,0
0,-0.2481319949673761,0,0
0,-1.6366922189830884,0,0
0,-1.9446181143971544,0,0
0,-1.9814293302832784,0,0
0,-1.4882154403654204,0,0
0,-1.3303194134980083,0,0
0,-0.6706889042367952,0,0
0,-0.8849519119265565,0,0
0,-0.49209088815249885,0,0
0,-1.6147992973300487,0,0
0,-0.17686451223583566,0,0
0,-1.0021522082054788,0,0
0,-1.376719560286117,0,0
0,-0.10205440701315982,0,0
0,-1.9248216648441654,0,0
0,-0.047335874074364626,0,0
0,-0.529034856946264,0,0
0,-1.4579931801374582,0,0
0,-1.1618949079516885,0,0
0,-0.28532312072290783,0,0
0,-1.1617393376059255,0,0
0,-1.4896600981700732,0,0
0,-0.3071022609758585,0,0
0,-1.2939933179095768,0,0
0,0.3090637857178156,1,1
0,-0.3713958359889763,0,0
0,-1.0387376048644754,0,0
0,-1.7338902780150072,0,0
0,-0.11046247924566494,0,0
0,-0.5468880287363617,0,0
0,0.05752404261246613,0,1
0,0.35126105735804153,1,1
0,-0.6792688180466266,0,0
0,0.4827304764969857,1,1
0,-1.834204714301633,0,0
0,-1.2564554803070818,0,0
0,-1.327619877857999,0,0
0,-0.999803782611586,0,0
0,-0.01003696461210285,0,0
0,-0.4564835597086569,0,0
0,-1.3426360606409773,0,0
0,-0.8815225774406985,0,0
0,-2.140001869748969,0,0
0,0.5749029440541809,1,1
0,-0.6924797497691328,0,0
0,-0.5422351741513688,0,0
0,-1.9845316387994933,0,0
0,-1.8716285738382563,0,0
0,-1.5733144386080333,0,0
0,-0.8714083550460427,0,0
0,-1.196796516986624,0,0
0,-1.1427161452997099,0,0
0,-0.2493554552453715,0,0
0,-1.9982331628199155,0,0
0,-1.044235665516499,0,0
0,-1.8273101592732195,0,0
0,-0.770329379020734,0,0
0,-1.414468165190736,0,0
0,-0.4998963184670772,0,0
0,0.2891173776519496,1,1
0,-0.958037942021458,0,0
0,-0.49937833215528465,0,0
0,0.7001671039712938,1,1
0,-0.5389500523060037,0,0
0,-0.3652056575121869,0,0
0,-0.2419750810590164,0,0
0,-0.19873166085071048,0,0
0,-1.857493341991027,0,0
0,-0.7903320871626818,0,0
0,-1.4328710614007418,0,0
0,-0.3278831576547636,0,0
0,-1.8413850985161644,0,0
0,0.05654007054862764,0,1
0,-0.9092782109517159,0,0
0,-0.44552524760346823,0,0
0,-1.2961288611634834,0,0
0,-2.452219433835156,0,0
0,-0.4788687698796862,0,0
0,-1.3691901891607958,0,0
0,-2.143551635850216,0,0
0,-1.6101625299063231,0,0
0,-0.7548919238226439,0,0
0,-0.2785927916809866,0,0
0,-0.9968598472512002,0,0
0,-1.3553851653089681,0,0
0,-1.1371536040545331,0,0
0,-1.3083454369355072,0,0
0,-2.297620711811545,0,0
0,-1.7605101682712356,0,0
0,-0.5905728549088016,0,0
0,0.4542519318311659,1,1
0,-0.7536268617141235,0,0
0,-1.5696962783591273,0,0
0,0.7885835956135889,1,1
0,-0.42845072712150833,0,0
0,-0.47118181089686256,0,0
0,-2.042373980553533,0,0
0,-1.3527469617531587,0,0
0,-0.18377290093325624,0,0
0,0.8739805240311664,1,1
0,-0.4388424614444094,0,0
0,-0.9906499624981042,0,0
0,-2.078865776464051,0,0
0,-1.868235000237203,0,0
0,-1.737972704666373,0,0
0,-1.9305778663006827,0,0
0,-0.3516225143808085,0,0
0,-0.7389328973084375,0,0
0,-1.4764990642659788,0,0
0,0.7249157971005777,1,1
0,-0.999863310545485,0,0
0,0.16174425499477102,1,1
0,-0.43039977729290757,0,0
0,-0.700191000279715,0,0
0,-1.9297503389052602,0,0
0,-1.4333578026932707,0,0
0,1.2414199330368987,1,1
0,-0.08938985536451222,0,0
0,-1.563449335753231,0,0
0,-2.196203543936926,0,0
0,-1.1755110236017998,0,0
0,-0.3456385758383779,0,0
0,-1.3225117602760814,0,0
0,-0.5886561103622356,0,0
0,-2.4652268943990787,0,0
0,-0.3373178124392757,0,0
0,-2.2861441058173977,0,0
0,-2.0491627574475104,0,0
0,-1.4973689818333553,0,0
0,-2.043661679028457,0,0
0,-0.3197601723907418,0,0
0,-2.009725330482234,0,0
0,-1.2624757823153825,0,0
0,0.4878541780673476,1,1
0,-1.7005497385044068,0,0
0,-1.451903146145668,0,0
0,0.8223325465163085,1,1
0,-0.8356101050064022,0,0
0,-1.2082327185568504,0,0
0,-0.970986113821904,0,0
0,-1.0997260413674426,0,0
0,-1.5171221499330838,0,0
0,-1.8906441683423825,0,0
0,-1.3866566488489425,0,0
0,-2.9692231242609557,0,0
0,-0.5888858316734017,0,0
0,-0.7982387523401184,0,0
0,-0.9785144802176615,0,0
0,-0.49681508008349484,0,0
0,-0.5004952748172997,0,0
0,-0.25923093593939855,0,0
0,-1.869317080109667,0,0
0,-2.027536540432146,0,0
0,-1.3535374684802777,0,0
0,-0.9717546649967763,0,0
0,-1.0449103044377661,0,0
0,-2.339676160833725,0,0
0,-1.3202692247223184,0,0
0,-0.6076629225020924,0,0
0,0.5055504613420603,1,1
0,-0.165460305611025,0,0
0,-0.7204259390646739,0,0
0,-2.1170905449132627,0,0
0,-1.914032523838951,0,0
0,-0.29012093853951926,0,0
0,-0.6851626405266774,0,0
0,-1.076323589644663,0,0
0,-1.5694617838842908,0,0
0,0.9013951813473209,1,1
0,-2.4457807409550605,0,0
0,-1.517125368888205,0,0
0,-1.4877592716177674,0,0
0,-0.8154012342253623,0,0
0,-1.6372401913072676,0,0
0,-1.024072427830464,0,0
0,-1.0716520078439868,0,0
0,0.7638532166759906,1,1
0,-2.2259737504249735,0,0
0,-2.543544702582279,0,0
0,-0.47116164710958625,0,0
0,-1.845952478495129,0,0
0,-2.0323961319647106,0,0
0,-2.012827306006186,0,0
0,-0.46696151225375176,0,0
0,-0.7999828346800455,0,0
0,-0.5230280097054105,0,0
0,-1.4681818775840745,0,0
0,-1.5924877994821727,0,0
0,-0.6549404104958341,0,0
0,-1.692551655469372,0,0
0,-0.5425975785639947,0,0
0,-0.5164700394150262,0,0
0,-1.3669572074557463,0,0
0,-1.3270348159209444,0,0
0,-2.5957957733230277,0,0
0,-0.23016658764357295,0,0
0,-0.9698972157699606,0,0
0,-1.293018279974051,0,0
0,-1.584421845923103,0,0
0,-1.481603036650608,0,0
0,-0.9191847925705614,0,0
0,-2.0763315692782225,0,0
0,-0.9962312138182972,0,0
0,-0.8065154286928292,0,0
0,-0.2811579647298105,0,0
0,-1.5544169979968072,0,0
0,0.34801953993228923,1,1
0,-1.2619685909509748,0,0
0,-0.08652896470309945,0,0
0,-0.5125142103428661,0,0
0,-1.1626863936602587,0,0
0,-1.873589677111942,0,0
0,-2.8583477058861613,0,0
0,-0.19361130310330427,0,0
0,-2.1449034170478325,0,0
0,-1.9416976973595328,0,0
0,-0.6880109559086065,0,0
0,-0.5498368113360845,0,0
0,-0.49681508008349484,0,0
0,-0.13081529397568706,0,0
0,-1.7267402705679444,0,0
0,-0.7881249157203565,0,0
0,-1.8189021671340662,0,0
0,-1.5560031806574126,0,0
0,-0.9456530247870407,0,0
0,-1.573613376370199,0,0
0,-0.3354523233082546,0,0
0,-0.7487456123048875,0,0
0,-1.665742250833392,0,0
0,-0.07567675859214984,0,0
0,-1.6179849521484195,0,0
0,-1.3535721014882514,0,0
0,-0.0027753321218802474,0,0
0,-0.9140288848297922,0,0
0,-0.7763802968393897,0,0
0,-1.7759287391235377,0,0
0,-1.2013851634937844,0,0
0,0.6117156317838337,1,1
0,-0.10656830657268948,0,0
0,-1.7827850671777281,0,0
0,-0.31276614019020055,0,0
0,-1.4771942784046557,0,0
0,-2.023777986732378,0,0
0,-1.807873893316332,0,0
0,-1.351292692700657,0,0
0,-1.3612833558819526,0,0
0,0.30291938223931697,1,1
0,-1.605795105464663,0,0
0,-1.0249951524623002,0,0
0,-0.5879551369138784,0,0
0,-0.7394200897333145,0,0
0,-0.3445970926894044,0,0
0,-1.317296556023823,0,0
0,-1.9157982565909109,0,0
0,-1.3803608997625716,0,0
0,-1.376500603279605,0,0
0,-1.0898180747530366,0,0
0,-0.5347232569484301,0,0
0,-1.8567145404184986,0,0
0,-2.3405093153408694,0,0
0,-0.9426374675522837,0,0
0,-1.5514036914099913,0,0
0,-0.06942354514634058,0,0
0,-1.4346695525716564,0,0
0,-2.0879860054751376,0,0
0,-1.763245232209655,0,0
0,-0.834302392375548,0,0
0,-1.7255301163960748,0,0
0,-1.2084181695212806,0,0
0,-1.5164614703631896,0,0
0,-1.9244206263447505,0,0
0,-0.749287292624318,0,0
0,-0.2824678757975515,0,0
0,-1.2769489846057351,0,0
0,-3.0120711428177755,0,0
0,0.4834715592579126,1,1
0,-0.5838143105281268,0,0
0,-1.8216407089926943,0,0
0,-1.0002303460889856,0,0
0,-0.020587240753348446,0,0
0,-1.2599951017919908,0,0
0,-0.6031664053963356,0,0
0,-0.629926235432797,0,0
0,-1.400974144607782,0,0
0,-1.0729723550891292,0,0
0,-1.0384190574793002,0,0
0,0.35505549581196477,1,1
0,-0.7338051425715157,0,0
0,-0.51610227569348,0,0
0,-2.2183412279036436,0,0
0,-1.3743881612256994,0,0
0,-0.9581850769580238,0,0
0,-1.0997840986663536,0,0
0,-1.1714236267300617,0,0
0,-1.6500283950816352,0,0
0,0.31478794438917407,1,1
0,-0.9207705546284457,0,0
0,-0.7287402525192078,0,0
0,-0.15791678702718673,0,0
0,0.4671108852924009,1,1
0,-0.6833220255062838,0,0
0,-0.6720483669647455,0,0
0,-0.5526211123675409,0,0
0,-1.3620131323586582,0,0
0,-1.7632816108929212,0,0
0,-1.047754836625878,0,0
0,-1.0384190574793002,0,0
0,-0.967692070706712,0,0
0,1.1647450823162002,1,1
0,-0.6145505932119656,0,0
0,-0.057365781993793774,0,0
0,-1.2112193311824566,0,0
0,-0.7671409532710998,0,0
0,-1.044235665516499,0,0
0,-1.7551146629172705,0,0
0,-0.7490200319782219,0,0
0,-0.8799290184021904,0,0
0,-0.9607010978659392,0,0
0,-1.1946168628414784,0,0
0,-1.0290011687446854,0,0
0,-1.7486294795249746,0,0
0,-1.2038552911724412,0,0
0,-0.8625588361805085,0,0
0,-1.581342025691679,0,0
0,-0.907747815964689,0,0
0,-1.3510107555200757,0,0
0,-1.6213431773417208,0,0
0,-1.4273429374235145,0,0
0,-0.3479722305711811,0,0
0,-0.4176439872145168,0,0
0,-0.7925110030546691,0,0
0,-0.7956894216719776,0,0
0,-1.964511063489501,0,0
0,-1.8071706706278408,0,0
0,-1.6361815734970342,0,0
0,-1.2814679122479202,0,0
0,-0.38420656726774316,0,0
0,-1.1097494720652414,0,0
0,-0.335841240615933,0,0
0,-0.6747156945380288,0,0
0,-1.907541622463201,0,0
0,-1.874298206252764,0,0
0,-1.6055184345392362,0,0
0,-1.7360630534092276,0,0
0,-2.368696173220963,0,0
0,-1.0007549354618885,0,0
0,0.4716986893541972,1,1
0,-1.3270964158393515,0,0
0,-1.6574051984447926,0,0
0,0.31299765409696106,1,1
0,-0.2290641534415191,0,0
0,-1.6489761443633293,0,0
0,-0.5952438746462522,0,0
0,-0.5980465174470448,0,0
0,-1.6420871896709635,0,0
0,0.012404216488837494,0,1
0,-0.8802159875938642,0,0
0,-0.5609029033221873,0,0
0,-0.22204593791185778,0,0
0,-1.6950649581691204,0,0
0,-1.5213564780001771,0,0
0,-0.4435274871124677,0,0
0,-0.35715148472569636,0,0
0,-0.7946761837797343,0,0
0,-3.0421861140837194,0,0
0,-1.3289562915577078,0,0
0,-1.7492776115766546,0,0
0,-0.3312894613063069,0,0
0,-0.8948350111408538,0,0
0,-0.8632805900223977,0,0
0,-2.1237624341382615,0,0
0,1.0924532083625589,1,1
0,-1.4099343832349656,0,0
0,-1.45361141201579,0,0
0,-1.4879038726637754,0,0
0,-1.8721326668374196,0,0
0,-0.8303542922204952,0,0
0,-0.7967150379358695,0,0
0,0.07175625615882947,0,1
0,-0.6098720833515492,0,0
0,-0.580223080004212,0,0
0,-1.0799504267579614,0,0
0,-1.4209335225365385,0,0
0,-1.1378504845229267,0,0
0,-1.6225954385642374,0,0
0,-1.0487638788802993,0,0
0,0.157244846577837,1,1
0,-0.9995901882137479,0,0
0,-1.3637832764657136,0,0
0,-1.649127885837734,0,0
0,-2.672854344383941,0,0
0,-0.137028304645547,0,0
0,-1.0110028657975605,0,0
0,-0.6914428542260547,0,0
0,-0.23008675292886044,0,0
0,-1.7545218687841795,0,0
0,-1.5770222063416173,0,0
0,-1.8177973169030066,0,0
0,-1.9781886355432874,0,0
0,-1.5194424647836455,0,0
0,-1.845952478495129,0,0
0,-0.9347453032839319,0,0
0,-1.5379482211659121,0,0
0,-1.2844801731352493,0,0
0,-1.017220068598538,0,0
0,-1.5127371552249784,0,0
0,-1.690291606330877,0,0
0,-0.7285136890665262,0,0
0,-1.4173386013505682,0,0
0,-1.0613186604903715,0,0
0,-0.9709626959248889,0,0
0,-0.7441434301613125,0,0
0,0.16207501344383496,1,1
0,-1.5154089283778058,0,0
0,-0.7301413272184949,0,0
0,-0.877433503471055,0,0
0,-0.9607784054794752,0,0
0,-1.4498662722015483,0,0
0,-1.183071028941125,0,0
0,-1.1789917871047693,0,0
0,-1.0334978156952974,0,0
0,-2.0590824771648077,0,0
0,-0.297836951092524,0,0
0,-1.4785583239097004,0,0
0,-1.4995655725165924,0,0
0,0.4021641764817157,1,1
0,-2.492549893814021,0,0
0,-2.3242307508348543,0,0
0,-1.097577876857282,0,0
0,-0.4361725625806503,0,0
0,-0.37458952247247096,0,0
0,-0.7857675576748,0,0
0,-0.8377476240686643,0,0
0,-0.0710989398920508,0,0
0,-0.15534701870792314,0,0
0,-1.2441364014898595,0,0
0,-1.6623124395580948,0,0
0,-0.8237879924588787,0,0
0,-0.8040302012431612,0,0
0,-1.3414419194350142,0,0
0,-0.9996534369740624,0,0
0,0.092326044891818,0,1
0,-1.5082405184440948,0,0
0,-1.017220068598538,0,0
0,-0.9531023606436495,0,0
0,-0.6483082323897701,0,0
0,-1.7112580972320883,0,0
0,-1.5173403037142488,0,0
0,-0.7087965603331586,0,0
0,-0.4095814692788902,0,0
0,-0.6733974687846811,0,0
0,-1.4468333591678382,0,0
0,-2.0293289411716944,0,0
0,0.7290308450729255,1,1
0,-0.8058618942238598,0,0
0,-2.0342625954131064,0,0
0,0.5567527866148672,1,1
0,-1.8481174180832556,0,0
0,0.2224161236616628,1,1
0,-1.5488786828020142,0,0
0,-0.8657036224479142,0,0
0,-0.6084594558636804,0,0
0,-1.330706493305462,0,0
0,-1.845874973955209,0,0
0,-1.1500828706282038,0,0
0,-1.3056052577588142,0,0
0,-1.2110511358714084,0,0
0,-2.4358627398439823,0,0
0,-1.946586542652226,0,0
0,-1.459808375001863,0,0
0,0.4244621054101075,1,1
0,-2.016227306922805,0,0
0,-1.1680426610831625,0,0
0,-1.7588999897749127,0,0
0,-1.910266468974154,0,0
0,-1.237878189328671,0,0
0,0.7072858683891508,1,1
0,-1.6697793687158242,0,0
0,-0.37690951428741004,0,0
0,-1.8119249748698734,0,0
0,-0.9114547401441531,0,0
0,-1.464826741873552,0,0
0,-1.6512117667178405,0,0
0,-1.3443926265126145,0,0
0,-1.4705750622182197,0,0
0,-0.9997860074330869,0,0
0,-1.8076833624285447,0,0
0,-1.334723362903016,0,0
0,0.5789848752848572,1,1
0,-2.3799566042705704,0,0
0,-1.1855099591382092,0,0
0,-1.446382056486847,0,0
0,-1.5722037672116227,0,0
0,-0.40528919883188325,0,0
0,-0.2416991700122657,0,0
0,-0.8288854849954288,0,0
0,-1.6859100090818124,0,0
0,-2.2556955111850767,0,0
0,-1.6009286858525764,0,0
0,-0.7782631738008073,0,0
0,-1.60073101551475,0,0
0,0.09120843852366328,0,1
0,-1.660794807883475,0,0
0,0.05575738889376414,0,1
0,-1.6771927931078907,0,0
0,-1.1422516379607544,0,0
0,-1.962233921561708,0,0
0,-1.2470589408618282,0,0
0,-1.3454006097938447,0,0
0,-1.4579931801374582,0,0
0,-0.6042195593481976,0,0
0,-1.166135870013617,0,0
0,-0.7989145832320861,0,0
0,-0.8035838016390905,0,0
0,-1.240448717138171,0,0
0,0.7631885691385443,1,1
0,-0.7776897222356149,0,0
0,-1.7759855858837967,0,0
0,-0.9659220563108004,0,0
0,-0.2702223085066898,0,0
0,-1.1697173394194333,0,0
0,-1.1781021365932622,0,0
0,-1.5868972209223584,0,0
0,-0.6727868953290523,0,0
0,-0.034330269625049814,0,0
0,-1.7820812340839711,0,0
0,0.3641539948186661,1,1
0,-0.02713772801836334,0,0
0,-0.6951694587077867,0,0
0,-1.3468635460360059,0,0
0,-0.48749186190759497,0,0
0,0.35511732733125473,1,1
0,-1.4980715561751718,0,0
0,-0.7283452132814816,0,0
0,-0.46044938484275066,0,0
0,-0.3017419189487378,0,0
0,0.12314874492210487,1,1
0,-2.6333981605698833,0,0
0,-0.7164681932751551,0,0
0,-0.6385978489544151,0,0
0,-0.5911530324321779,0,0
0,-1.4532862996188858,0,0
0,-0.9553771071060222,0,0
0,-1.245847281838569,0,0
0,-1.8382833431595966,0,0
0,0.2541467502467805,1,1
0,-1.3075964906017514,0,0
0,-0.7073565272185073,0,0
0,0.4660869200238052,1,1
0,-0.25774160871604973,0,0
0,-1.1211357115988498,0,0
0,-0.4235537712967703,0,0
0,-0.5469288247913542,0,0
0,-0.9836561435297744,0,0
0,-0.5837212581613486,0,0
0,-0.8058618942238598,0,0
0,-1.4278827500656865,0,0
0,0.016493811930306856,0,1
0,-0.9334852500035451,0,0
0,-0.37556402912804004,0,0
0,-1.9533941885679942,0,0
0,-0.5422351741513688,0,0
0,-2.078865776464051,0,0
0,0.42168097944156363,1,1
0,-1.3612182109788842,0,0
0,-0.7660524967611577,0,0
0,-1.5686013890581025,0,0
0,0.06429317952686076,0,1
0,-1.852815518484778,0,0
0,-1.6129281526133452,0,0
0,-0.8731680895854232,0,0
0,-1.4056221277070748,0,0
0,0.2334855606033786,1,1
0,-1.9914824745771584,0,0
0,-1.6286480812959934,0,0
0,-1.6407302542944866,0,0
0,-1.3806018635656547,0,0
0,-1.4715317618036932,0,0
0,-0.979111435043053,0,0
0,-1.167349598974948,0,0
0,-0.6747757355295773,0,0
0,-1.0576198695346137,0,0
0,-0.5071847925608093,0,0
0,-1.2025701199356191,0,0
0,-0.8109307398828316,0,0
0,0.7151385037220706,1,1
0,-1.5068451994416574,0,0
0,-1.4029327799921132,0,0
0,-2.2915268418367183,0,0
0,-1.356472956974407,0,0
0,-1.4705750622182197,0,0
0,-0.6935683400066138,0,0
0,-2.171826283030534,0,0
0,-1.9806786560995135,0,0
0,-1.5487135287337233,0,0
0,-1.7599814776717178,0,0
0,-1.5875128120074502,0,0
0,-0.720599221184769,0,0
0,-0.8951713715966234,0,0
0,-0.22086273602499606,0,0
0,-1.4564179133152109,0,0
0,-1.0138446534308134,0,0
0,-1.3313065496771839,0,0
0,-1.5237399401220282,0,0
0,-1.9279908113000936,0,0
0,-1.7033160797331983,0,0
0,-1.6746605076336851,0,0
0,-2.001021147359483,0,0
0,-1.7287350796287686,0,0
0,-1.0467961850834175,0,0
0,-1.656417657525754,0,0
0,-0.4431977999684332,0,0
0,-2.023306823694389,0,0
0,-1.3238810563668661,0,0
0,-0.059098392612254524,0,0
0,-1.581346256893255,0,0
0,-0.9768299978279138,0,0
0,0.8222800597551683,1,1
0,-1.1936239376849302,0,0
0,-0.6049048592789759,0,0
0,-1.7535863761610475,0,0
0,-1.1636219350218606,0,0
0,1.4416362985242417,1,1
0,-2.5584231455548294,0,0
0,-1.354773251498478,0,0
0,-1.1689152147697888,0,0
0,-0.9923848524733738,0,0
0,-0.10526473048841797,0,0
0,-0.5482290495696122,0,0
0,-1.3285145053418492,0,0
0,-0.8405693228613431,0,0
0,-0.06495496233972259,0,0
0,0.40419016961399995,1,1
0,-0.7129696988682314,0,0
0,-0.31583158699241587,0,0
0,-0.3276328916959084,0,0
0,-0.8360611018766003,0,0
0,-0.23654802927332053,0,0
0,-0.6713611051182405,0,0
0,-1.018015309813974,0,0
0,-0.32048956980227467,0,0
0,-1.6361815734970342,0,0
0,-1.6859100090818124,0,0
0,-0.3884742507936812,0,0
0,-1.1761408111306992,0,0
0,-0.8713556902364852,0,0
0,-1.7885629943372943,0,0
0,0.13469274265081482,1,1
0,-1.3520959974136075,0,0
0,-1.3774814746943596,0,0
0,-1.2560614950705438,0,0
0,-1.5912386876120497,0,0
0,-0.46225881128566254,0,0
0,-2.249885884993427,0,0
0,-1.4383169121416328,0,0
0,0.462550870836337,1,1
0,0.22234606360005932,1,1
0,-1.1341855362505573,0,0
0,-1.4676168765040802,0,0
0,-0.12374842255673155,0,0
0,-1.1165764356986787,0,0
0,-1.896061064874784,0,0
0,-0.6853708460130776,0,0
0,-1.0973485060524644,0,0
0,-0.32609784789995416,0,0
0,-1.0572023550600829,0,0
0,-1.0138201904448159,0,0
0,-1.1345278351802877,0,0
0,-0.8507605612800009,0,0
0,-3.0382972015505825,0,0
0,-1.2429384816433464,0,0
0,-1.320403963542204,0,0
0,-0.0035708336717675815,0,0
0,-1.1639164033027263,0,0
0,-1.3732684785643674,0,0
0,-0.8477537872064398,0,0
0,-2.0172454775520414,0,0
0,-2.316329978435158,0,0
0,-1.1532269447752153,0,0
0,-1.5686013890581025,0,0
0,-0.48445498122453556,0,0
0,-1.5788257600955868,0,0
0,-0.3535621037075874,0,0
0,0.08525149875263899,0,1
0,-1.6407737566464071,0,0
0,-1.311715511607359,0,0
0,-0.6489326790434895,0,0
0,-1.4069009947254376,0,0
0,-0.959924818065339,0,0
0,-2.3062541613211334,0,0
0,-1.0719757392898066,0,0
0,-0.8767750464283677,0,0
0,-1.147090234006374,0,0
0,1.9632403337956477,1,1
0,-0.6719582702894897,0,0
0,0.845171632562973,1,1
0,0.06429317952686076,0,1
0,-0.35104236410785783,0,0
0,-1.010987818602394,0,0
0,-1.0159825836863896,0,0
0,-0.6611584111446507,0,0
0,-0.9378693970014762,0,0
0,-0.19021983822520977,0,0
0,-0.8154935985490328,0,0
0,1.1621768180486491,1,1
0,-1.042095713496244,0,0
0,-0.4496067350647114,0,0
0,-2.3558906958851757,0,0
0,-1.5372231435483168,0,0
0,-0.40446349077491245,0,0
0,-0.9882731716764261,0,0
0,-1.7218671315268455,0,0
0,-2.0304056690545216,0,0
0,0.22646788303952464,1,1
0,-0.3884742507936812,0,0
0,-1.1158592703173915,0,0
0,-1.28508499337299,0,0
0,0.21164241550025759,1,1
0,-1.8275083894919462,0,0
0,-1.5884219344841883,0,0
0,-0.9913285181527614,0,0
0,-1.3043176498016695,0,0
0,0.09220157304662358,0,1
0,-0.06170039375555619,0,0
0,-1.3915303135007147,0,0
0,-1.4390601788824164,0,0
0,-0.9921593375473934,0,0
0,-1.774318462657578,0,0
0,-0.9965454895803334,0,0
0,-1.328938875414147,0,0
0,-0.8664670430815353,0,0
0,0.1911979155543428,1,1
0,-0.11607204003254765,0,0
0,-0.6236437518337951,0,0
0,1.0120333537432775,1,1
0,-1.5272844586198597,0,0
0,-0.20856184529844352,0,0
0,-1.3165770099355938,0,0
0,-0.5691917673459996,0,0
0,-1.288389568446805,0,0
0,-0.09852204007118279,0,0
0,-0.9389469342550156,0,0
0,-1.48404931487494,0,0
0,-1.681025799177459,0,0
0,-1.7671327774775452,0,0
0,-0.5550879647998084,0,0
0,-0.17816173589340867,0,0
0,-1.1958567332452028,0,0
0,-1.8691115085478753,0,0
0,-1.3704311045065367,0,0
0,-1.777306233485047,0,0
0,-2.1240254935687077,0,0
0,-1.2858103367410711,0,0
0,-2.1313085856927656,0,0
0,-1.3367576793036962,0,0
0,-1.3781354749492625,0,0
0,-2.086748069410895,0,0
0,-1.6255193908786159,0,0
0,-1.0125619941736583,0,0
0,0.6894934438221823,1,1
0,-1.1946252625468068,0,0
0,0.42421049191871113,1,1
0,-0.8611130173952961,0,0
0,-0.18176896492548658,0,0
0,-1.7246444604508622,0,0
0,-1.4399351061507593,0,0
0,-2.181826171717966,0,0
0,-0.8619432138068479,0,0
0,-1.9585386097720383,0,0
0,-1.427220624151594,0,0
0,-1.5345361207282058,0,0
0,-1.019759745874955,0,0
0,0.20795837178787263,1,1
0,-0.5742502255730949,0,0
0,-1.456854348542358,0,0
0,-0.5393517767751755,0,0
0,-1.0066202184967434,0,0
0,-2.646253081004389,0,0
0,-1.0661937964370212,0,0
0,-1.05758569601223,0,0
0,-2.40109371062324,0,0
0,-1.1464740577235502,0,0
0,-0.2882136997791584,0,0
0,-0.6913043003407066,0,0
0,-1.9517844130432862,0,0
0,-0.8715412687937147,0,0
0,-1.20130489437946,0,0
0,-1.2453719775720733,0,0
0,-1.297150125701005,0,0
0,-1.0391219075040694,0,0
0,-0.40429597292587927,0,0
0,-0.9998813419695622,0,0
0,-1.590287849983269,0,0
0,-1.6545466077724493,0,0
0,-0.14088514695359933,0,0
0,-1.5810589502786434,0,0
0,-1.7588999897749127,0,0
0,-1.2936462406711737,0,0
0,-0.9327188858983082,0,0
0,-1.1205269899305115,0,0
0,-0.05506704377170707,0,0
0,-0.7116335932991815,0,0
0,-1.1893212673677511,0,0
0,-0.5352072267254893,0,0
0,-1.8906441683423825,0,0
0,-1.3004275459191736,0,0
0,-1.862162742552398,0,0
0,-0.6165505057990772,0,0
0,-1.3901846415699513,0,0
0,0.11820995732085532,1,1
0,0.09853224453463039,1,1
0,-1.0709513038012028,0,0
0,-1.4510359120651017,0,0
0,-0.6834932706721942,0,0
0,0.10913707469959,1,1
0,-0.361573041841817,0,0
0,-2.1493180610344544,0,0
0,-1.6713285438780003,0,0
0,-1.8310430864947351,0,0
0,-0.5018808967050301,0,0
0,-1.5869191045935969,0,0
0,-1.1705973560356744,0,0
0,-1.1596567264209257,0,0
0,-1.5809064948023859,0,0
0,-1.2246647501287342,0,0
0,-1.6036431643749534,0,0
0,-0.6667723507992672,0,0
0,-1.5698813402578948,0,0
0,0.20909616588532526,1,1
0,-0.2648080002574276,0,0
0,-0.8317620956713324,0,0
0,-1.5134870299036707,0,0
0,-1.974356856342363,0,0
0,-0.7186123036039095,0,0
0,-1.3164759787121318,0,0
0,-1.487299252850885,0,0
0,-1.3280116723139415,0,0
0,-1.9205431988232562,0,0
0,-0.02178462829208022,0,0
0,-0.7325971656531142,0,0
0,0.32930535334529926,1,1
0,-1.5743511667443877,0,0
0,-0.8607979987753669,0,0
0,-2.2773751553573613,0,0
0,-1.4672260251910718,0,0
0,-0.592707232628602,0,0
0,0.1772824952766618,1,1
0,0.7429220605715527,1,1
0,-1.4164346373508876,0,0
0,0.39575667024939803,1,1
0,-1.2290668003837841,0,0
0,-1.3950640920335298,0,0
0,0.018961680207381648,0,1
0,-0.660607334198154,0,0
0,-0.5680558452762958,0,0
0,-0.9100392196698985,0,0
0,-0.3617675949337566,0,0
0,-0.6790914543768998,0,0
0,-0.3514834075234672,0,0
0,-1.4834418342150133,0,0
0,-0.633477120130951,0,0
0,-1.5247451472303482,0,0
0,-2.073172515672221,0,0
0,-1.4612134171669022,0,0
0,-1.1041264681840615,0,0
0,-0.7661368287322592,0,0
0,-0.7956451051456875,0,0
0,-1.8502382562804454,0,0
0,-1.168553402282268,0,0
0,-2.2422143689052856,0,0
0,-1.2422833278322014,0,0
0,-1.5885476135416163,0,0
0,-1.5133335507408623,0,0
0,-0.023328187440552428,0,0
0,-0.6559164987637947,0,0
0,0.4180261308530134,1,1
0,-0.8828494255947734,0,0
0,-2.1595525276162264,0,0
0,-0.788375555124412,0,0
0,-0.341481076287574,0,0
0,-2.509500441053056,0,0
0,-1.5954738430388102,0,0
0,-1.8530600247378046,0,0
0,-0.9326637325052329,0,0
0,-1.2045052339101505,0,0
0,-0.3596424661583453,0,0
0,-1.4932824145045622,0,0
0,-0.11537556348071312,0,0
0,-1.4333902768675626,0,0
0,-2.1855473529283937,0,0
0,-1.9214297605435087,0,0
0,-1.2323624316184054,0,0
0,-1.2817788567476494,0,0
0,-0.362388140116605,0,0
0,-0.5686891498744557,0,0
0,-0.7296139351531526,0,0
0,-0.793021199259726,0,0
0,0.3066655409786034,1,1
0,0.12659931733644209,1,1
0,-1.3829270939595917,0,0
0,-1.900826703359936,0,0
0,-1.641880752108247,0,0
0,-1.7129493438018304,0,0
0,-1.2927929921497272,0,0
0,-1.1032014627035955,0,0
0,-0.12221336142035455,0,0
0,0.1017456381571134,1,1
0,-0.4913883323587886,0,0
0,-0.7089878887200418,0,0
0,-0.23404702381607512,0,0
0,-0.7269947433892943,0,0
0,-1.2210675726332119,0,0
0,-1.0863285596778822,0,0
0,-1.3231941697650125,0,0
0,-0.3215570093960515,0,0
0,-1.138180468750404,0,0
0,-1.1664311134888699,0,0
0,-1.230348148053556,0,0
0,-2.2767419910418214,0,0
0,-2.0952936451644595,0,0
0,-0.7570078599164778,0,0
0,-0.2785927916809866,0,0
0,-0.770329379020734,0,0
0,-0.7825935096826808,0,0
0,-1.791603974351866,0,0
0,-1.9764151657179954,0,0
0,-0.13265958796613783,0,0
0,-1.3441552049090388,0,0
0,-1.055674749992861,0,0
0,-1.3207180636697673,0,0
0,-1.957883005685984,0,0
0,-0.9958700296655527,0,0
0,-2.365104535611382,0,0
0,-0.7450596396183351,0,0
0,0.21824376714689958,1,1
0,-1.9293915530035852,0,0
0,-1.2910657812457589,0,0
0,-1.5408111928798267,0,0
0,-1.699424292333291,0,0
0,-1.3412169760483235,0,0
0,-1.7450635842529256,0,0
0,-1.3357011868320394,0,0
0,-1.428678254487762,0,0
0,-1.4056961971601942,0,0
0,-0.9997390887974615,0,0
0,-1.1787325026042934,0,0
0,-1.4402610492746544,0,0
0,-1.338811403626699,0,0
0,-0.6372231050158708,0,0
0,-1.3023494713320969,0,0
0,-1.932340708192215,0,0
0,-1.644893362355527,0,0
0,-1.1946252625468068,0,0
0,-2.2871395437762803,0,0
0,0.2818756048435869,1,1
0,-0.8323564298942345,0,0
0,0.12083327425341162,1,1
0,-1.891405189577978,0,0
0,-0.6510092192439247,0,0
0,-2.015665561297178,0,0
0,-0.814633546634975,0,0
0,-0.9894998867596478,0,0
0,0.35473060935237527,1,1
0,-1.2480965561729533,0,0
0,-1.4159761663967432,0,0
0,-1.2000553085476244,0,0
0,-1.931171574940635,0,0
0,-1.6944091588540733,0,0
0,0.8189868285217472,1,1
0,-1.1698128417223406,0,0
0,-1.7009311710939439,0,0
0,-1.869402127111725,0,0
0,-1.3656309966680367,0,0
0,-1.891405189577978,0,0
0,-0.37556402912804004,0,0
0,-1.3649297890474787,0,0
0,-0.35052613231796403,0,0
0,-1.1919499953381298,0,0
0,-0.4737133821501235,0,0
0,-0.8903526048187365,0,0
0,0.5490473162806757,1,1
0,-2.3264815408843957,0,0
0,-1.3815003492043836,0,0
0,-1.5382009413326334,0,0
0,-1.1646384814878794,0,0
0,-0.5431681571663018,0,0
0,-0.9776082327786793,0,0
0,-0.8301214991952336,0,0
0,-0.21429717034116239,0,0
0,-1.2465445969957007,0,0
0,-0.8736915867245234,0,0
0,-1.4122212652859114,0,0
0,-2.5568382708391804,0,0
0,-0.7583016121733037,0,0
0,-2.176850713298842,0,0
0,-1.48826632911253,0,0
0,0.8347579978855495,1,1
0,-2.4039856954854057,0,0
0,-0.5490437370424395,0,0
0,-1.443179215370317,0,0
0,-0.8002420111685211,0,0
0,-0.9448021863375862,0,0
0,-0.6624871107777812,0,0
0,-1.2085209158876729,0,0
0,-1.4575237006559567,0,0
0,-2.272851126664496,0,0
0,-1.915584519021258,0,0
0,-1.3318914968393376,0,0
0,-1.6232357928162466,0,0
0,-2.01889613792303,0,0
0,-1.6618079489651458,0,0
0,-0.9958186716623234,0,0
0,-0.8608515447675147,0,0
0,-1.166393820264841,0,0
0,-0.3193494040043003,0,0
0,-2.0796871000169355,0,0
0,-1.8550847416037965,0,0
0,-1.0671806456205573,0,0
0,-0.9788979009875982,0,0
0,-0.9167795345980942,0,0
0,-0.7009026725201524,0,0
0,-0.527893864015554,0,0
0,-2.242168003178204,0,0
0,-0.2701525607333366,0,0
0,-2.215729658127934,0,0
0,-0.29240977718657024,0,0
0,-0.12076823724746968,0,0
0,1.1927214710863934,1,1
0,-1.3645513979480062,0,0
0,-1.0972759491634794,0,0
0,-1.0025770892718104,0,0
0,-1.2799250807533942,0,0
0,-1.7361241540871706,0,0
0,-1.4209248725696653,0,0
0,-1.2020945952778326,0,0
0,-0.6706889042367952,0,0
0,-1.3111694317997244,0,0
0,-1.6256874678334041,0,0
0,-1.0753662065370204,0,0
0,-1.5996536880457455,0,0
0,-1.4087851836403311,0,0
0,0.32080246580017396,1,1
0,-1.8590415597793803,0,0
0,-1.228320120839432,0,0
0,-1.981327431440118,0,0
0,-0.4355029107555987,0,0
0,-0.13861994938637578,0,0
0,-2.348547982038797,0,0
0,-1.6298478835584806,0,0
0,-2.300796029692506,0,0
0,-0.010607729388647125,0,0
0,-2.689007835864425,0,0
0,0.09251796787037253,0,1
0,-1.1717026747773445,0,0
0,-0.6837077694133704,0,0
0,-1.721262331888559,0,0
0,-0.7103387179853058,0,0
0,-1.390025067502545,0,0
0,-1.3270964158393515,0,0
0,-1.7999566537421257,0,0
0,-1.1836855568532711,0,0
0,-0.5417933769114359,0,0
0,-1.258900283838621,0,0
0,-1.3306189151856878,0,0
0,-2.192114895363106,0,0
0,-1.4919666309997492,0,0
0,-1.1064150550648555,0,0
0,-0.8798891533050066,0,0
0,-0.6812506209949871,0,0
0,-2.3215735002976086,0,0
0,-0.4982690807895824,0,0
0,-0.34008811428367874,0,0
0,-0.05254169276801823,0,0
0,-1.0058803606960427,0,0
0,-0.8136682335924317,0,0
0,-1.551048330441638,0,0
0,-0.7913582539044486,0,0
0,-1.527592825181874,0,0
0,-1.2086887622373772,0,0
0,-0.1371808783353519,0,0
0,-0.13884498467063097,0,0
0,-0.9738009107563081,0,0
0,-1.5975285484257442,0,0
0,-0.7256315541232088,0,0
0,-1.692850919006682,0,0
0,-2.196328623922425,0,0
0,-0.3777352098379816,0,0
0,-1.97560595404056,0,0
0,-1.4053858074567764,0,0
0,-2.426805116349213,0,0
0,-1.178416967820831,0,0
0,0.6144823651133264,1,1
0,-0.44361130654354686,0,0
0,-0.6522764599289081,0,0
0,-1.060992973532408,0,0
0,-1.293129000907053,0,0
0,-0.8692554957984413,0,0
0,-2.3815704956642754,0,0
0,-2.0240034820594137,0,0
0,-1.4534435764665563,0,0
0,-1.4860417622749638,0,0
0,-0.9846575665202022,0,0
0,-2.106263113162643,0,0
0,-0.08391815418079446,0,0
0,-1.8996701117306056,0,0
0,-0.3766071858917931,0,0
0,-0.8581001852331596,0,0
0,-1.0867858447197631,0,0
0,-1.5402360803878208,0,0
0,-2.114969619607808,0,0
0,-0.43757441684888493,0,0
0,-0.43908375874162914,0,0
0,-0.9508274104821275,0,0
0,-0.5742025103947296,0,0
0,0.11971725742653028,1,1
0,-0.10507260316753056,0,0
0,-1.932340708192215,0,0
0,-2.1082258292236586,0,0
0,0.3064630991368335,1,1
0,-1.905414526754166,0,0
0,-2.032813432023357,0,0
0,-1.6147101635112444,0,0
0,-2.0429098841387296,0,0
0,-0.9154536427199294,0,0
0,-1.1936567951762749,0,0
0,-1.5762671022082817,0,0
0,0.3029513655512888,1,1
0,-1.0449278393183945,0,0
0,-0.9954840219800596,0,0
0,-0.3268257685765041,0,0
0,-1.165510730127325,0,0
0,0.013801524366110485,0,1
0,-0.4299425537550191,0,0
0,-0.7374054582134673,0,0
0,-0.5567969011953148,0,0
0,-2.235196930407284,0,0
0,-0.6828750910116387,0,0
0,-0.35636299029723345,0,0
0,-1.2059997821936554,0,0
0,0.37549506137079963,1,1
0,0.9858159354540952,1,1
0,-0.6914988304170175,0,0
0,0.024744584483529286,0,1
0,-1.2228174946615034,0,0
0,0.16236743590900532,1,1
0,-0.8779904121911086,0,0
0,-1.3336165267083269,0,0
0,-0.8069148728980138,0,0
0,-2.329215777415689,0,0
0,-1.2046491084262705,0,0
0,-0.08120471862920764,0,0
0,-1.8972184506767127,0,0
0,-2.0987401972861175,0,0
0,-1.0855690543407528,0,0
0,-1.9198120109280148,0,0
0,-1.2177597919652579,0,0
0,-1.1130089388169513,0,0
0,-0.36097742710436276,0,0
0,-0.06486641659184461,0,0
0,-0.4094894603046001,0,0
0,-0.10080732510353779,0,0
0,-1.3417836987276037,0,0
0,-1.227255914546515,0,0
0,-0.22961034539411718,0,0
0,-1.054969248954248,0,0
0,-0.9233201749156947,0,0
0,-1.1025065367703293,0,0
0,-0.09310774652083531,0,0
0,-2.0003342672509414,0,0
0,-0.6737426618947688,0,0
0,-1.960936940751712,0,0
0,0.1362610045986158,1,1
0,-1.0542313946677853,0,0
0,-1.972683031571866,0,0
0,-1.5348187579568888,0,0
0,-0.9966294010805492,0,0
0,-0.8137995858095814,0,0
0,-2.2795524549801867,0,0
0,-1.8037539348881275,0,0
0,-1.5499454627978553,0,0
0,-2.26411813898499,0,0
0,-0.2162972575324463,0,0
0,-1.844513774597359,0,0
0,-1.9609435512390128,0,0
0,0.16318315469688577,1,1
0,-0.3172594708216076,0,0
0,-2.0318085997660567,0,0
0,-0.6693096187180023,0,0
0,-1.0174298081409088,0,0
0,-0.9537445015715134,0,0
0,-1.6928459424298181,0,0
0,-2.0421395696026203,0,0
0,-1.2422457105577502,0,0
0,-0.8174748798428964,0,0
0,-1.8162706632267105,0,0
0,0.8323055728036797,1,1
0,-1.5925701601880904,0,0
0,-0.8807809764032555,0,0
0,-0.8931123249197621,0,0
0,-1.4914403410751111,0,0
0,-2.1794650528882724,0,0
0,-2.4829064521494923,0,0
0,-0.32318266906027326,0,0
0,-1.262699282687906,0,0
0,0.026470638421260906,0,1
0,-1.8822746780388948,0,0
0,-1.1854190831779683,0,0
0,-0.9105265187109968,0,0
0,-0.8128756285707648,0,0
0,-0.6914895323489043,0,0
0,-1.2799951748741543,0,0
0,-1.7489462232637634,0,0
0,-1.4336803596323957,0,0
0,-0.1599551893102408,0,0
0,-2.143060419348916,0,0
0,-1.7288142399364335,0,0
0,-1.4549313516131628,0,0
0,-1.6234626011669475,0,0
0,-1.3526600594582199,0,0
0,-1.4970464077621597,0,0
0,-0.739290173106095,0,0
0,-0.8753073616362377,0,0
0,-0.8041977818693704,0,0
0,-1.9088936141561677,0,0
0,-1.5500423276076223,0,0
0,-2.109594747284605,0,0
0,-1.2560127465104272,0,0
0,0.6429157753969847,1,1
0,-1.0368058542582803,0,0
0,-1.0390350763870437,0,0
0,-1.4083836714925222,0,0
0,-1.7028978971620803,0,0
0,-0.06570573069710522,0,0
0,-0.623583198669844,0,0
0,-0.21647864237152994,0,0
0,-0.6427781280130633,0,0
0,-0.6123976856268533,0,0
0,-0.5905321096869678,0,0
0,-0.7354408083845263,0,0
0,-0.620275653643522,0,0
0,-1.9052622267602923,0,0
0,-1.818602046562174,0,0
0,-0.9585943818409532,0,0
0,-0.8628492763848943,0,0
0,-1.1650908164691267,0,0
0,-1.263148215457138,0,0
0,-0.7149234090814917,0,0
0,-2.1322263107335298,0,0
0,-1.2207328527350592,0,0
0,-1.8156995015481256,0,0
0,-1.4109817475981075,0,0
0,0.2774457416952458,1,1
0,-1.1074319921633242,0,0
0,0.38756659674566735,1,1
0,-1.803336916574766,0,0
0,-0.9491093760664877,0,0
0,0.35642497411208246,1,1
0,-1.5427584549580704,0,0
0,-1.875665064999798,0,0
0,-3.127805066829154,0,0
0,-1.2038552911724412,0,0
0,-1.1923641279728565,0,0
0,-0.31526767067369443,0,0
0,-0.8154012342253623,0,0
0,-0.8263585148522018,0,0
0,-2.0984000810881893,0,0
0,-1.6888918113526115,0,0
0,-0.9510960931884349,0,0
0,-2.2200900358051516,0,0
0,-0.016552447500948142,0,0
0,0.3425925808819587,1,1
0,-0.847653146463859,0,0
0,-0.06814327759078731,0,0
0,-0.6688425929351167,0,0
0,-1.7230795735960993,0,0
0,-1.1130279218131198,0,0
0,-1.16692565247638,0,0
0,-1.7085527103301452,0,0
0,-0.2717063530131711,0,0
0,-1.6575198188516551,0,0
0,-0.5298721909891391,0,0
0,-0.9034592657841403,0,0
0,-1.5884735633704932,0,0
0,-0.28229774433749927,0,0
0,-0.49486339725202255,0,0
0,-0.7536268617141235,0,0
0,-1.7780374607700202,0,0
0,-0.15173613595458704,0,0
0,-1.3493441871962166,0,0
0,-0.23200093012291365,0,0
0,-0.9642901391261627,0,0
0,-0.1323537453856218,0,0
0,-1.033678035455153,0,0
0,-0.41013594845282986,0,0
0,-1.0351865609804352,0,0
0,-1.7951663996156768,0,0
0,-1.0811118955430261,0,0
0,-2.2084515448762843,0,0
0,-0.7532556237078702,0,0
0,-2.5532652896991967,0,0
0,-0.8395325904603286,0,0
0,0.4483149132749406,1,1
0,-0.3827163504374536,0,0
0,-1.8569189456567357,0,0
0,-1.0593453430241666,0,0
0,-0.754598130980114,0,0
0,-0.7087476529901711,0,0
0,-0.9256002836447343,0,0
0,-1.2597235159253142,0,0
0,-1.7312038838060406,0,0
0,-1.741687115125353,0,0
0,-0.4839845671821893,0,0
0,-1.1476784162133338,0,0
0,-0.34444645468429835,0,0
0,-2.106934224453808,0,0
0,-1.2963282386329875,0,0
0,-1.450481685154255,0,0
0,-0.9371525647034928,0,0
0,-1.4680354666634632,0,0
0,-0.9971122048612189,0,0
0,-0.2683809945987851,0,0
0,-2.0329321456977705,0,0
0,-2.010125223008834,0,0
0,0.5502492911787111,1,1
0,-0.45129234167810955,0,0
0,-1.9959146944864674,0,0
0,-2.304905505505555,0,0
0,-0.3324007423513694,0,0
0,-0.9351475608493169,0,0
0,-1.2928392387148098,0,0
0,-1.3065238894581876,0,0
0,-1.8548999146093943,0,0
0,-1.2155673816193644,0,0
0,-0.17897116857232995,0,0
0,-0.8398114218131474,0,0
0,-1.0452412032086629,0,0
0,-1.021217805421696,0,0
0,-3.2675330749948,0,0
0,-0.6635467024401531,0,0
0,0.7290609201979541,1,1
0,-1.0902954042704731,0,0
0,-1.3785332446736012,0,0
0,-0.7857675576748,0,0
0,-1.5975403052651493,0,0
0,0.07958127012246763,0,1
0,-0.5721976882731068,0,0
0,-0.5738329961931511,0,0
0,0.0380253690764526,0,1
0,-2.548142006404035,0,0
0,-1.3265529689933988,0,0
0,-0.8414138757311567,0,0
0,-0.0024469645373448867,0,0
0,-0.6621099720650849,0,0
0,-0.5277230003001816,0,0
0,0.26837795555146865,1,1
0,-1.1046982415172577,0,0
0,-1.3462062436217208,0,0
0,-1.5009946008140687,0,0
0,-1.3075607291812623,0,0
0,-1.4350319413396644,0,0
0,-1.7755515246456723,0,0
0,-1.81185785555553,0,0
0,-0.0838458845208469,0,0
0,1.4416362985242417,1,1
0,-1.730628128020119,0,0
0,-1.6052892858375145,0,0
0,-1.3211340145124701,0,0
0,-2.3701123067209884,0,0
0,-2.2832945098001782,0,0
0,-0.5886960884734007,0,0
0,-1.527544531281754,0,0
0,0.5582395214679687,1,1
0,-0.43370497566921734,0,0
0,-1.4791088637800769,0,0
0,-0.3206004653782232,0,0
0,0.5573063640346525,1,1
0,-1.891054832408578,0,0
0,-1.823017022551378,0,0
0,-1.4478208681514935,0,0
0,-1.0003700161366018,0,0
0,-0.8242044266728525,0,0
0,-2.4637030250970424,0,0
0,-2.5202005316899756,0,0
0,-0.3140261697460088,0,0
0,-0.8541553058596316,0,0
0,-0.06237300780870286,0,0
0,-0.8925540892409862,0,0
0,-1.0895065661572578,0,0
0,-2.417772269752215,0,0
0,-2.1680669098933754,0,0
0,-0.6530310485620907,0,0
0,-1.1295996455627035,0,0
0,0.72443485018803,1,1
0,-1.341201419844408,0,0
0,0.29794852205601324,1,1
0,-1.8254238908051603,0,0
0,-1.0002964976861768,0,0
0,-1.5402888112169077,0,0
0,-1.245024659285815,0,0
0,-1.439013386024271,0,0
0,-2.1684604949503483,0,0
0,-0.8828596322437194,0,0
0,-1.273755880331553,0,0
0,-2.230662868889843,0,0
0,-1.1262055740129142,0,0
0,-1.1488422471155624,0,0
0,-0.6329011392074344,0,0
0,-0.49395498937300053,0,0
0,-1.102021792416066,0,0
0,-0.2050803241103564,0,0
0,-0.9199354475477175,0,0
0,-0.34444645468429835,0,0
0,-1.1603110542540085,0,0
0,-0.19660161390483225,0,0
0,-0.4115973785481948,0,0
0,-0.6367760862614453,0,0
0,-2.0439190613414584,0,0
0,-1.9229932242520755,0,0
0,-1.721906063637746,0,0
0,0.15411626007648388,1,1
0,-0.7694790273237413,0,0
0,0.4582886951538259,1,1
0,-0.6232851823413265,0,0
0,-0.915343494540968,0,0
0,0.2838255911029845,1,1
0,0.20059907362658952,1,1
0,-1.2592937014014083,0,0
0,-1.0072200612531557,0,0
0,-0.9994090465245309,0,0
0,-0.033820483371982235,0,0
0,-0.9453908161762932,0,0
0,0.5958495736101597,1,1
0,0.0928518805070524,0,1
0,-0.5848027030069969,0,0
0,-0.8506577074208836,0,0
0,-0.5384619078341599,0,0
0,-1.4165683505600257,0,0
0,-0.9208375067738359,0,0
0,-0.3100002177736492,0,0
0,-0.567810008129747,0,0
0,-0.45760128967745706,0,0
0,-0.3386828431587104,0,0
0,0.17237594116588145,1,1
0,-1.048864399617128,0,0
0,-1.0020575407443213,0,0
0,-0.9272578830733083,0,0
0,-1.8438291655685233,0,0
0,-1.3584799410399953,0,0
0,-1.2567425027423524,0,0
0,-2.31842512649638,0,0
0,0.8670459317972246,1,1
0,-1.342634877236657,0,0
0,-1.526420495699955,0,0
0,-1.7448657957759108,0,0
0,-0.9642171250933642,0,0
0,-0.4044439583457591,0,0
0,-0.7287035851747278,0,0
0,-2.1313085856927656,0,0
0,-1.5245274240972257,0,0
0,-0.8905316987744472,0,0
0,-2.0312609234877295,0,0
0,0.18644111353601373,1,1
0,-0.582035456313866,0,0
0,-0.5694572414417705,0,0
0,-0.4675598486998119,0,0
0,-0.31167299031465046,0,0
0,-1.5402360803878208,0,0
0,-0.7806755565723957,0,0
0,-1.4113974505707294,0,0
0,-0.3936110542606341,0,0
0,-2.099102866218077,0,0
0,-2.2483404662535724,0,0
0,-1.4457571798125568,0,0
0,-2.046520107971842,0,0
0,-1.2471361728491448,0,0
0,-1.0365891460401322,0,0
0,-0.2645397264791116,0,0
0,-0.6611832137165867,0,0
0,-0.8941553637688207,0,0
0,-0.7982057220528473,0,0
0,-1.459095338218046,0,0
0,-0.6876066986224287,0,0
0,-0.8116151135855647,0,0
0,-1.2411082517822283,0,0
0,-1.4072200744003547,0,0
0,-0.8807140391182413,0,0
0,-1.3093661724668113,0,0
0,-1.5866916466221053,0,0
0,-0.42510653605597704,0,0
0,-1.964446263723919,0,0
0,-0.7194239462048,0,0
0,-1.7451652242739137,0,0
0,-1.8430476103137738,0,0
0,-1.6175519392130804,0,0
0,-1.3270496597735166,0,0
0,-0.9415622310004217,0,0
0,-1.7661474943293602,0,0
0,-1.1798318221692528,0,0
0,-0.8599275613704991,0,0
0,-0.8548024081263723,0,0
0,-0.5843344363974378,0,0
0,-1.6261024428415556,0,0
0,-1.354773251498478,0,0
0,-2.0999693258625625,0,0
0,0.3703941773570906,1,1
0,-0.7366204706804942,0,0
0,-1.1565407716050555,0,0
0,-1.176951273935038,0,0
0,-1.5965949169913396,0,0
0,-0.37736176404639565,0,0
0,-1.1426569697738511,0,0
0,-2.365398804431963,0,0
0,-2.004060578504053,0,0
0,-2.1434694287885083,0,0
0,-0.22242717379831634,0,0
0,0.2788765918526532,1,1
0,-2.2150803572302373,0,0
0,-0.3685249097578069,0,0
0,-1.6059110980989149,0,0
0,-1.3161111722271814,0,0
0,-1.9007506379305805,0,0
0,0.4415500366060882,1,1
0,-0.5065023483188739,0,0
0,-0.7532776013634295,0,0
0,-1.7560512366552978,0,0
0,-1.281453874719851,0,0
0,-0.4929250638777174,0,0
0,0.3016052379227914,1,1
0,-1.1610092880664837,0,0
0,-1.055780671427689,0,0
0,-0.11046247924566494,0,0
0,-0.6502796172070554,0,0
0,-1.3032612863383797,0,0
0,-1.7195227824149144,0,0
0,-2.1396079448894145,0,0
0,-0.8185450389899516,0,0
0,-1.581040530306873,0,0
0,-1.9923647085688574,0,0
0,-1.8278547042440743,0,0
0,-2.3280327158759357,0,0
0,-1.46643828757722,0,0
0,-1.8963194721590375,0,0
0,-0.26522222179783383,0,0
0,-0.5535027411759721,0,0
0,-0.5474880720855866,0,0
0,-0.9763956554606275,0,0
0,-0.8590528770181234,0,0
0,-1.8150939493588247,0,0
0,-2.2813261595557313,0,0
0,-0.8947022102941098,0,0
0,-0.5554593316209788,0,0
0,1.1270698608538563,1,1
0,-0.5430115728382086,0,0
0,-1.0919986027391828,0,0
0,-1.0027401233735305,0,0
0,0.12412057881812594,1,1
0,-1.8747511454525674,0,0
0,-1.4664047880132367,0,0
0,-0.6890280985034893,0,0
0,-2.1607743810075832,0,0
0,-0.21220391111599415,0,0
0,-2.133364795910152,0,0
0,-1.1045945882492736,0,0
0,-0.3086906189970908,0,0
0,-0.5485796711435718,0,0
0,-2.5644387286242956,0,0
0,-1.399784802081213,0,0
0,0.3335669859573704,1,1
0,-2.645847958079669,0,0
0,-0.3844691814355986,0,0
0,-0.2368259100566163,0,0
0,0.6502991456708396,1,1
0,-0.9465592938158329,0,0
0,-1.2699836008948853,0,0
0,-0.9569579518974418,0,0
0,-1.9124210544113676,0,0
0,-1.2000475348727897,0,0
0,-1.1728007012168562,0,0
0,-1.925656380069229,0,0
0,0.17623162566430145,1,1
0,-0.9662686790082882,0,0
0,-0.9355148437847098,0,0
0,-1.2000475348727897,0,0
0,-0.2253141618726386,0,0
0,-1.496062037744704,0,0
0,-1.7517247098055937,0,0
0,-1.0910588084609043,0,0
0,-1.3845125775291813,0,0
0,-1.8021573367977084,0,0
0,-1.6898264090571617,0,0
0,-1.7320902674084613,0,0
0,0.8441926703865537,1,1
0,-1.7904435961810936,0,0
0,-0.2611271780410552,0,0
0,-0.6070850917368803,0,0
0,-0.102979528524767,0,0
0,-2.064861077208441,0,0
0,-1.2657916066000354,0,0
0,-0.15425682012228012,0,0
0,0.24436810802185022,1,1
0,-2.3688849191237793,0,0
0,-2.1956678267880236,0,0
0,-1.3868140555820587,0,0
0,-1.2248585117531277,0,0
0,-1.881811359139478,0,0
0,-2.27858195931913,0,0
0,-0.7408895978054163,0,0
0,-0.8129187023576396,0,0
0,-1.543329175323821,0,0
0,-0.5481473554779785,0,0
0,-1.2523943790693046,0,0
0,-2.118300704172464,0,0
0,-1.5294910736869498,0,0
0,-1.7380108879420189,0,0
0,-2.4394201974208647,0,0
0,0.06068405302818841,0,1
0,-0.571794563013827,0,0
0,-1.4220848610478045,0,0
0,0.3703941773570906,1,1
0,-0.5147874945921653,0,0
0,-1.7403958514786468,0,0
0,-1.7613748048337285,0,0
0,-1.0196959181076024,0,0
0,-0.2783279663064401,0,0
0,0.21309041067249396,1,1
0,-2.4730381395714165,0,0
0,0.1529592296346582,1,1
0,-0.855745464343094,0,0
0,-1.4105790592311243,0,0
0,-1.0415905360650288,0,0
0,-2.3475449632150576,0,0
0,-1.7428115208521724,0,0
0,-2.3907947437718855,0,0
0,-1.640237790366206,0,0
0,-0.16854964409197964,0,0
0,-1.5824024545010722,0,0
0,-0.8847625397703356,0,0
0,-0.8068811635064836,0,0
0,-0.80456618359415,0,0
0,-0.059107415279905706,0,0
0,-1.4864106326728483,0,0
0,-1.2647731711743346,0,0
0,-0.29225806779403685,0,0
0,-1.612784577426565,0,0
0,0.06786274967251327,0,1
0,-0.12214531478009641,0,0
0,-2.1435695043959972,0,0
0,-0.7371180831313342,0,0
0,-1.6335743590995573,0,0
0,-2.320131996208544,0,0
0,-0.6595772645654407,0,0
0,-0.5741248768714378,0,0
0,-1.7985577046471233,0,0
0,-1.45864177751081,0,0
0,-0.601646994635798,0,0
0,-0.9329596081682499,0,0
0,-0.9122373776302168,0,0
0,0.3584840263587679,1,1
0,-0.7103387179853058,0,0
0,-0.7185726971841999,0,0
0,0.789676631083295,1,1
0,-0.9929677596137556,0,0
0,-2.109286610613392,0,0
0,-1.7318541850288807,0,0
0,-1.063492181836085,0,0
0,-1.5487135287337233,0,0
0,-0.4658364838220688,0,0
0,-1.1549216200452779,0,0
0,-1.2030229331163074,0,0
0,0.7618668982471413,1,1
0,0.6601249554667905,1,1
0,-0.8778578884642882,0,0
0,-0.6440352115304407,0,0
0,-0.8280758417773988,0,0
0,-0.4355174678308287,0,0
0,-1.5041219045914285,0,0
0,0.30272471443709753,1,1
0,-0.6656343751302132,0,0
0,-0.7915508894314971,0,0
0,-0.7409549179964576,0,0
0,-2.148364678420227,0,0
0,-0.2680887174103085,0,0
0,0.1936801333563825,1,1
0,-0.8976142011066961,0,0
0,0.19164253218945798,1,1
0,-0.9739966048767779,0,0
0,-1.7739585570697844,0,0
0,-0.9582804376581684,0,0
0,-0.5689976621047633,0,0
0,-1.5192442014968288,0,0
0,-0.3272138237278331,0,0
0,-0.7981557454029525,0,0
0,-1.4265583430252842,0,0
0,-3.120087555788762,0,0
0,-1.508720812349951,0,0
0,-1.2269425127898808,0,0
0,-0.6468675034124094,0,0
0,-0.33806426397278794,0,0
0,-2.0735848429892725,0,0
0,-1.2678475096517072,0,0
0,-0.36862151468465354,0,0
0,-1.5924250937889701,0,0
0,-0.5844963785786077,0,0
0,-1.7388977056103836,0,0
0,-1.2275380853586049,0,0
0,-1.5124403110704754,0,0
0,-1.6652146017827847,0,0
0,-1.6444820304882268,0,0
0,-0.3452032454938302,0,0
0,-0.9338040673432058,0,0
0,-0.8142109545897318,0,0
0,-0.4625781031167864,0,0
0,-0.9280513569721509,0,0
0,-1.2867466371600327,0,0
0,-1.8372552884649662,0,0
0,-2.3277754658480734,0,0
0,0.4101623789376178,1,1
0,-1.723316498817419,0,0
0,-1.0837661812077912,0,0
0,-1.1918282323894567,0,0
0,-1.7580837057657972,0,0
0,-1.184787554378984,0,0
0,-1.2236193982281927,0,0
0,-1.0228922393116961,0,0
0,-2.4266310013774963,0,0
0,-0.9768184948651979,0,0
0,0.31651017262391873,1,1
0,-1.530103965192439,0,0
0,-0.4586539893933225,0,0
0,-0.5606548145280639,0,0
0,-0.39053621476709205,0,0
0,-0.43251645759659385,0,0
0,-2.9303835080152343,0,0
0,-0.7491839222297121,0,0
0,-1.7307749556683687,0,0
0,-0.0922394894901456,0,0
0,-0.44935372250969197,0,0
0,-2.0134690728940625,0,0
0,-1.365896623203971,0,0
0,-0.2918674311873584,0,0
0,-1.4628265836064234,0,0
0,-0.3687674089554538,0,0
0,-1.2796800862306363,0,0
0,-0.6190762208995649,0,0
0,0.19205636588493386,1,1
0,-0.4789835524704841,0,0
0,-0.5922373932796305,0,0
0,-1.386567366703608,0,0
0,-1.0865841005838177,0,0
0,-1.107490633816303,0,0
0,-1.3421365781650962,0,0
0,-1.4609622444398611,0,0
0,-1.0321283755602182,0,0
0,-1.2517705235412784,0,0
0,-0.6173274267863236,0,0
0,-0.8874924935394946,0,0
0,-0.28651329088148947,0,0
0,-1.0395618982069055,0,0
0,-0.4453497420013697,0,0
0,-1.147721928436936,0,0
0,-1.3330109998273225,0,0
0,-1.2909783775509942,0,0
0,-1.3351023233774382,0,0
0,0.19851693822170718,1,1
0,-1.1177962754333006,0,0
0,-0.31436047928263966,0,0
0,-0.16787519750375973,0,0
0,-1.565353071645993,0,0
0,-0.7749210745141317,0,0
0,-2.405306456336854,0,0
0,-1.8132053318013197,0,0
0,-1.64093014073113,0,0
0,-0.20611431152754411,0,0
0,-0.7442607897329168,0,0
0,-1.4871733348847185,0,0
0,0.29599074201020453,1,1
0,-1.321172967639774,0,0
0,-1.5660987024325217,0,0
0,-2.1322241793178356,0,0
0,-1.8223019461472776,0,0
0,-0.24031031974067787,0,0
0,-0.08742089211757326,0,0
0,-1.208052534553801,0,0
0,-0.02100519735086287,0,0
0,-0.23528665857950132,0,0
0,0.2045868964686594,1,1
0,-1.4205185768341642,0,0
0,-1.3150836340321896,0,0
0,-1.5034713758214682,0,0
0,-1.79373972588224,0,0
0,-1.9109951126416758,0,0
0,-1.3865850277855691,0,0
0,-1.4635966365615047,0,0
0,0.40531526051768446,1,1
0,-1.5559473020953625,0,0
0,-1.4897437800625584,0,0
0,-1.2518958301999015,0,0
0,-1.2392103460555126,0,0
0,-1.4972304604419298,0,0
0,-0.6129863223083503,0,0
0,-0.7959240075408698,0,0
0,-0.8705781236374703,0,0
0,-3.0334312770159717,0,0
0,-0.20847856581590213,0,0
0,-1.4303232068686622,0,0
0,-2.2403511149096125,0,0
0,-0.6137076163381929,0,0
0,-1.1814868039056305,0,0
0,-0.21955897210126224,0,0
0,-1.1399834336285226,0,0
0,-3.7609030981323563,0,0
0,-1.122837567096869,0,0
0,-2.7516407798935623,0,0
0,-0.009143605345708405,0,0
0,-1.2189855427334706,0,0
0,-0.547178393793445,0,0
0,0.3264045140685989,1,1
0,-1.352185542697754,0,0
0,-1.509690897283548,0,0
0,-0.6296141493257787,0,0
0,-1.159556161664222,0,0
0,-0.5689976621047633,0,0
0,-1.7816640979466685,0,0
0,-2.8622814014210527,0,0
0,-1.0432584731687315,0,0
0,-0.7110451737489667,0,0
0,0.6327925022581959,1,1
0,-2.4144744503813653,0,0
0,-1.0544551998941578,0,0
0,-1.1276822693350144,0,0
0,-0.668923779608868,0,0
0,-1.656216847627555,0,0
0,-0.34611521742565243,0,0
0,-0.7977853232356246,0,0
0,-1.8193195510336782,0,0
0,-0.6647686960825232,0,0
0,-1.3676918955236976,0,0
0,-0.737993348597394,0,0
0,0.20781423546441985,1,1
0,-0.4943379754109317,0,0
0,-1.421070355785183,0,0
0,-2.0531078884454903,0,0
0,0.9522202112041707,1,1
0,-0.9302996045055487,0,0
0,-1.1758560013888195,0,0
0,-0.22841400933247208,0,0
0,-0.38324624519258366,0,0
0,-1.3204472977637949,0,0
0,-0.2700204038789586,0,0
0,-0.8736982773659088,0,0
0,-1.8264292035832381,0,0
0,-1.690557529988191,0,0
0,-1.2045748304326938,0,0
0,-1.5562242803179052,0,0
0,0.1570519756882673,1,1
0,0.40361746727521525,1,1
0,-1.3548590701447785,0,0
0,-1.4963705933298226,0,0
0,-0.9649362696307158,0,0
0,-0.9302996045055487,0,0
0,-2.2572097895621916,0,0
0,-0.6009130357522416,0,0
0,-0.7535929594270083,0,0
0,-0.6162725077573609,0,0
0,-0.767113850027209,0,0
0,-1.8469493655230929,0,0
0,-1.420414930681712,0,0
0,-1.564436252490547,0,0
0,-0.7841720845391289,0,0
0,-1.9855622984418262,0,0
0,-1.705504045645619,0,0
0,-1.0249488271494562,0,0
0,-1.8997504924488609,0,0
0,-0.6622095699928349,0,0
0,-0.988606420539802,0,0
0,-1.1588810034051733,0,0
0,-0.371957070973827,0,0
0,-1.9497494458410651,0,0
0,-1.7446796111595566,0,0
0,-2.0127506312115986,0,0
0,-1.5192935650198447,0,0
0,-1.9144567425661279,0,0
0,-1.8272774347108394,0,0
0,-0.3104187121708283,0,0
0,-1.8623235667656222,0,0
0,-1.0320390988716142,0,0
0,-0.8933599416023688,0,0
0,-1.595177386254058,0,0
0,-2.327728717479848,0,0
0,-0.9491752525586872,0,0
0,-2.098468404470148,0,0
0,-2.3866525283324767,0,0
0,-0.5280895143227585,0,0
0,-1.4585371136575853,0,0
0,-1.3381343976363946,0,0
0,-2.3152610843417127,0,0
0,-1.9668972797494295,0,0
0,-1.0229499343833373,0,0
0,-0.4538337333773461,0,0
0,-0.4459609339319103,0,0
0,-0.546457480353479,0,0
0,-3.079590573773937,0,0
0,-1.5673849182641182,0,0
0,-0.42505992464452436,0,0
0,-0.4951215729671359,0,0
0,0.18441370871605417,1,1
0,-2.2620546742796455,0,0
0,-1.0934021927011162,0,0
0,-1.9949083974840736,0,0
0,-0.867039111326672,0,0
0,-1.4837201101597906,0,0
0,-1.6724202075904115,0,0
0,-1.7827418030841802,0,0
0,-1.3938862433537982,0,0
0,-1.4957257900456278,0,0
0,-1.1447566253547454,0,0
0,-1.2170710368371438,0,0
0,-1.4130787847707444,0,0
0,-0.6489916451098579,0,0
0,-1.4798550510811925,0,0
0,-2.226282702078491,0,0
0,-0.16542621929006246,0,0
0,-1.0577633753432645,0,0
0,-0.6266399866221497,0,0
0,-1.2742202447762465,0,0
0,-1.2842874962540747,0,0
0,-0.9010118146998953,0,0
0,-1.636117298155565,0,0
0,-1.2124475753637354,0,0
0,-0.7532244150442229,0,0
0,-1.1088786192176967,0,0
0,-0.6718768381869094,0,0
0,-0.6718768381869094,0,0
0,-1.6766654644728627,0,0
0,-1.2066514409262679,0,0
0,-0.7867688900906495,0,0
0,-1.1023918358248823,0,0
0,-1.0525840414004097,0,0
0,-0.5102831106903873,0,0
0,-1.0198227130175639,0,0
0,-1.618305163731853,0,0
0,-2.2873147528800595,0,0
0,-2.4643539171821875,0,0
0,-0.2686608448965412,0,0
0,-1.0182441949540164,0,0
0,-2.1861526042802137,0,0
0,-2.4387872101720545,0,0
0,-2.2204055433479524,0,0
0,-1.2418827986287961,0,0
0,-0.4399226889625424,0,0
0,-0.18295944169845574,0,0
0,-0.6199996156845843,0,0
0,-1.0615191031564404,0,0
0,-1.5364718371005401,0,0
0,-1.2886193053934294,0,0
0,-1.1618541988811297,0,0
0,0.05835226182277847,0,1
0,-0.4407222578962405,0,0
0,0.40531526051768446,1,1
0,-2.2403555603756535,0,0
0,-2.1360763374330682,0,0
0,-1.1023918358248823,0,0
0,-1.9746080234470202,0,0
0,-1.6381611190269967,0,0
0,-0.8702448819939799,0,0
0,-0.8186908122745886,0,0
0,-1.1233729024070669,0,0
0,-1.9317946531796166,0,0
0,-0.8580236369206298,0,0
0,-1.032198400701032,0,0
0,-1.0825152806910672,0,0
0,-1.5704808284186165,0,0
0,-1.8066184637741245,0,0
0,-1.2220931795900463,0,0
0,-0.5630881487396588,0,0
0,-2.299835080901823,0,0
0,-1.8753625960166964,0,0
0,-1.8462384546325177,0,0
0,-1.6295920326231443,0,0
0,-0.07420052843022634,0,0
0,-1.6666242094225678,0,0
0,-0.5925079864603737,0,0
0,-1.3611756465586782,0,0
0,-1.033047492002802,0,0
0,-0.7038262194464637,0,0
0,-0.0041703039611961645,0,0
0,-0.5705700138874827,0,0
0,-0.7294497556588287,0,0
0,-0.8739099441128488,0,0
0,-1.4741785517180674,0,0
0,-1.7821002460566586,0,0
0,-0.4326876876545513,0,0
0,-3.2904528385129344,0,0
0,-0.856068606313706,0,0
0,-0.27180782691005567,0,0
0,-1.1031360632303373,0,0
0,-0.3605496157721663,0,0
0,-1.460563979968929,0,0
0,-0.7318558949913495,0,0
0,-1.5644369269376235,0,0
0,-1.7128428273552085,0,0
0,-2.2092132469852577,0,0
0,-2.2839197993832143,0,0
0,-2.269755922404882,0,0
0,-2.013417401718651,0,0
0,-2.2376330177478545,0,0
0,-0.3537688470444949,0,0
0,-1.7199868560575762,0,0
0,-2.1169017512566457,0,0
0,-1.467675119527394,0,0
0,-1.135831663105595,0,0
0,-1.2301290248016419,0,0
0,-0.29904530335270035,0,0
0,-2.390015494267026,0,0
0,-1.7246408503620139,0,0
0,-0.14295965614960843,0,0
0,-0.29485940158608415,0,0
0,-2.125564948563123,0,0
0,-1.3552580557054679,0,0
0,-1.4735174917633185,0,0
0,-2.2471023926853797,0,0
0,-2.408248459413879,0,0
0,-0.7128485016307595,0,0
0,-0.444154462077555,0,0
0,-0.021840776216345004,0,0
0,-2.3006326409616844,0,0
0,-1.204868132090218,0,0
0,-1.496729574801056,0,0
0,-2.1419458794643926,0,0
0,-1.8310130375378506,0,0
0,-0.48433722602864654,0,0
0,-1.8178347677707831,0,0
0,-1.1154766116638484,0,0
0,-1.4426152954457865,0,0
0,-2.869156415302665,0,0
0,-1.1417692533363073,0,0
0,-1.8277784541175097,0,0
0,-0.40674787866211326,0,0
0,-2.2579959048998983,0,0
0,-1.7199868560575762,0,0
0,-2.0997859071947507,0,0
0,-1.4645342047678713,0,0
0,-0.9352076767101649,0,0
0,-1.0792407058254918,0,0
0,-1.2600615560607404,0,0
0,-1.4441097011617856,0,0
0,-1.2661863010921555,0,0
0,-1.530103965192439,0,0
0,-0.6382750614748178,0,0
0,-1.4173782318597732,0,0
0,-0.8608159945035068,0,0
0,-0.47419473898530795,0,0
0,-1.536919851967308,0,0
0,-1.0825152806910672,0,0
0,-1.4292954076589277,0,0
0,-1.3701252307766953,0,0
0,0.2595434950909011,1,1
0,-1.594080143121598,0,0
0,-0.7821149194808384,0,0
0,-0.8313953057663876,0,0
0,-0.039625066035066325,0,0
0,-0.576149073300473,0,0
0,-0.8532076666774002,0,0
0,-0.1972305299163069,0,0
0,-0.7516035720169075,0,0
0,0.017605663719137243,0,1
0,-1.2319114943237306,0,0
0,-1.4899852879340336,0,0
0,-1.298716621922549,0,0
0,-0.041029170824304406,0,0
0,-0.5918838630213952,0,0
0,-1.101635111389281,0,0
0,-1.3042438482489682,0,0
0,-0.6108761371516489,0,0
0,-0.02198542772668971,0,0
0,-0.12661565157727322,0,0
0,-2.393705981566184,0,0
0,-0.4673030013634687,0,0
0,-0.0922394894901456,0,0
0,-0.2140889842362183,0,0
0,-1.3252548074491464,0,0
0,-1.5670173247372283,0,0
0,-1.4721488982204538,0,0
0,-1.4369911576240397,0,0
0,-2.101132605111697,0,0
0,-2.393705981566184,0,0
0,-0.13291844114430368,0,0
0,-1.2666245919462815,0,0
0,-0.7629069526238426,0,0
0,-0.889213452574783,0,0
0,-1.04888688614118,0,0
0,-1.1459592875922124,0,0
0,-0.5468818983076107,0,0
0,-0.3148713466121118,0,0
0,-1.3748756750434061,0,0
0,-1.288040416336563,0,0
0,-1.1859827219414194,0,0
0,-1.2889622761226265,0,0
0,-0.7655065719968062,0,0
0,-2.5158487457855245,0,0
0,-2.150738641816024,0,0
0,-1.9955285840931039,0,0
0,-0.48735565881020804,0,0
0,-0.38204197363038883,0,0
0,-1.064767882822352,0,0
0,-1.1432757044402362,0,0
0,-1.2474514713690477,0,0
0,0.6535274123668118,1,1
0,-0.2683772271864911,0,0
0,-0.9553792259613432,0,0
0,-2.5681712932207517,0,0
0,-1.7162774470189175,0,0
0,-0.5509452081084563,0,0
0,-0.7520635949401422,0,0
0,-1.1647795838001058,0,0
0,0.2984854297191282,1,1
0,-1.5344540932695692,0,0
0,-1.3068078613247676,0,0
0,-1.5429737774723926,0,0
0,-0.7370037403905858,0,0
0,-1.033433226272143,0,0
0,-2.2215504727793123,0,0
0,-1.1432757044402362,0,0
0,-1.5004284349916033,0,0
0,-0.9417203126933433,0,0
0,-1.4951659191489137,0,0
0,-0.7636102244523939,0,0
0,-0.9758686368618665,0,0
0,-1.8336512464418826,0,0
0,-1.611671545585661,0,0
0,-1.3916436515721944,0,0
0,-2.2826183322921123,0,0
0,-1.1883980855488783,0,0
0,-0.8706994807525732,0,0
0,-2.5060132288485875,0,0
0,-1.9404336976958265,0,0
0,-1.6378009042411281,0,0
0,-1.0834853706891112,0,0
0,-2.0417906280269094,0,0
0,-1.3161196983182089,0,0
0,-1.7579138450662404,0,0
0,-1.3919969655228988,0,0
0,-0.47888915944481536,0,0
0,-0.2363053770731613,0,0
0,-0.4800565080032616,0,0
0,-0.4197290818576218,0,0
0,-1.0405286682149182,0,0
0,-2.2262321475896885,0,0
0,-1.7104033872452364,0,0
0,-0.5844352813495178,0,0
0,-0.5812711555117442,0,0
0,-0.34974378183734145,0,0
0,-0.3148713466121118,0,0
0,-0.6951243449732517,0,0
0,-2.0692214777923126,0,0
0,-1.7237144409340182,0,0
0,-0.4367640438523423,0,0
0,-0.9092542144873326,0,0
0,-1.4902305595471779,0,0
0,-1.7406366925440062,0,0
0,-0.5033374739870744,0,0
0,-1.0291084381128761,0,0
0,-0.4291022421024996,0,0
0,-1.3052857436723355,0,0
0,-1.7560237120736009,0,0
0,0.08787761908490355,0,1
0,-1.3316654822785758,0,0
0,-1.502106894056013,0,0
0,-0.37581819500540076,0,0
0,-1.5865904100013204,0,0
0,-1.4996121892981131,0,0
0,-0.33252903003381235,0,0
0,-0.8196805372477554,0,0
0,0.2407922106772356,1,1
0,-1.691220031573423,0,0
0,-0.5330361407558126,0,0
0,-1.380885156256875,0,0
0,-0.8689694863620407,0,0
0,-2.0281636878856286,0,0
0,-1.137387885805839,0,0
0,-0.3318574737439132,0,0
0,-0.6602613926406746,0,0
0,-0.8872296183770663,0,0
0,-1.8679915890598553,0,0
0,-2.1207840555462845,0,0
0,-1.5029475720038492,0,0
0,-1.2495793641783361,0,0
0,-0.8728604631113015,0,0
0,-1.2072981894565071,0,0
0,-0.9070187911019867,0,0
0,-1.8146602360520439,0,0
0,-0.8466974118205037,0,0
0,-1.8818274412695704,0,0
0,1.289634243769115,1,1
0,-1.0848595414655222,0,0
0,-1.7528803431043176,0,0
0,-1.3763632361135678,0,0
0,-2.685482874328711,0,0
0,-0.8313953057663876,0,0
0,-1.7741652369638634,0,0
0,-0.3157513560638777,0,0
0,-1.856181948075971,0,0
0,-1.845478128620754,0,0
0,-1.3865850277855691,0,0
0,-0.16271569128960578,0,0
0,-3.079590573773937,0,0
0,-1.5971924238149435,0,0
0,-2.1509679443808105,0,0
0,-2.282203700583596,0,0
0,-0.8543916950205639,0,0
0,-2.1900715406928595,0,0
0,-1.248232751495497,0,0
0,-0.47107126768776975,0,0
0,-0.3180583548529892,0,0
0,-0.2511552639177465,0,0
0,-0.6681688744738722,0,0
0,-1.5366597360618255,0,0
0,-1.9072062184505645,0,0
0,-1.4343557479800548,0,0
0,-0.8178937316270438,0,0
0,-1.7851566834338457,0,0
0,-0.7453518302588729,0,0
0,-1.4602881073041896,0,0
0,-0.9042735418667751,0,0
0,-2.1128074627106392,0,0
0,-1.1885504070628534,0,0
0,0.1258097869460088,1,1
0,-2.0169786239035665,0,0
0,-1.1569002807776203,0,0
0,-0.8919173460489398,0,0
0,-0.6767201986528926,0,0
0,-2.1553980954752983,0,0
0,-1.8536535649016652,0,0
0,-1.508705714103949,0,0
0,-1.274935889735229,0,0
0,-1.7393960429516662,0,0
0,-1.1604701289170276,0,0
0,-1.182875742802673,0,0
0,-2.212084596723023,0,0
0,-1.5589172376191618,0,0
0,-0.6836460597829684,0,0
0,-1.8744167218542758,0,0
0,0.535937310040024,1,1
0,-1.7349529456291195,0,0
0,-0.8729680038461993,0,0
0,-3.0345126450657225,0,0
0,-1.2774012896356741,0,0
0,-0.1713248540922463,0,0
0,-0.8249432418744869,0,0
0,-1.9949899187011089,0,0
0,-0.7493866145229322,0,0
0,-2.2699949694505386,0,0
0,-2.022342199723853,0,0
0,-0.8807982201171187,0,0
0,-0.9634787060613434,0,0
0,-1.1087094323163291,0,0
0,-1.8557437414008486,0,0
0,-1.457061239218922,0,0
0,-1.9964875911307964,0,0
0,-1.5924378884931507,0,0
0,-0.5948037917365415,0,0
0,-1.9031631688566075,0,0
0,-1.520813315001485,0,0
0,-1.691220031573423,0,0
0,-0.8585751536221602,0,0
0,-1.1251570408768719,0,0
0,-1.2790983149325281,0,0
0,-0.9169702460921008,0,0
0,-1.1405308448199996,0,0
0,-1.5541840727609668,0,0
0,-1.1526333746310922,0,0
0,-0.5633891173823403,0,0
0,-1.440343884719462,0,0
0,-1.777400679806088,0,0
0,-0.23311844304487037,0,0
0,-1.560826804750554,0,0
0,-0.9095883202667254,0,0
0,-0.8489430734057419,0,0
0,-0.6950163804995315,0,0
0,-1.2996419995054447,0,0
0,-0.3628793187478874,0,0
0,-1.2822406218824551,0,0
0,-1.1432036081455428,0,0
0,-0.5026111152295074,0,0
0,-1.9419454570672354,0,0
0,-1.0980874216120369,0,0
0,-1.0753278234592019,0,0
0,-1.011225209978703,0,0
0,-0.800327094487965,0,0
0,-1.6741632513752849,0,0
0,-1.1705172555622083,0,0
0,-2.1834010089335845,0,0
0,-0.6244119713897975,0,0
0,-0.37661828781229634,0,0
0,-0.9214084240558449,0,0
0,-1.0302129034349463,0,0
0,-0.7211141267382747,0,0
0,0.18494063630214824,1,1
0,-1.519181864365537,0,0
0,-0.3162861900475554,0,0
0,-0.39422184302273283,0,0
0,-1.1883980855488783,0,0
0,-1.6541321771850874,0,0
0,-0.30230790849301914,0,0
0,-0.732412220604521,0,0
0,-1.0528268413741382,0,0
0,-2.0365536479253885,0,0
0,-0.8716101362739677,0,0
0,-1.6676572215009196,0,0
0,-1.8501793378361828,0,0
0,-1.4128259401172694,0,0
0,-1.1337810021459591,0,0
0,-1.3349986051262739,0,0
0,-1.700851424805528,0,0
0,-1.5820417999801937,0,0
0,-0.36394087491661276,0,0
0,-1.0066603418574387,0,0
0,-0.7681242703122945,0,0
0,-0.7784738935236661,0,0
0,-0.47213628739234925,0,0
0,0.2989289739604977,1,1
0,-0.5169527275696949,0,0
0,-0.9649244107041441,0,0
0,-1.4001011675620816,0,0
0,-0.9033967538150871,0,0
0,-1.1025464327659125,0,0
0,-0.8301564987116948,0,0
0,-1.005084648022334,0,0
0,1.2242912458860373,1,1
0,-1.6429584576945249,0,0
0,-1.3244305738811082,0,0
0,0.2989289739604977,1,1
0,-0.11609296511482062,0,0
0,-2.5669391311257987,0,0
0,-0.5588733147121815,0,0
0,-0.8789986923700732,0,0
0,-1.026359727722305,0,0
0,-1.02585557120668,0,0
0,-0.3923735762842351,0,0
0,-1.4343831559481004,0,0
0,-1.5626226567864263,0,0
0,-2.1885381692704526,0,0
0,-1.5928484336799302,0,0
0,-1.7833184898547667,0,0
0,-1.7446429503858216,0,0
0,0.4369327297774474,1,1
0,-1.8336885856378593,0,0
0,-1.4709862136719252,0,0
0,0.05352817988302888,0,1
0,-2.334601844547695,0,0
0,-1.032198400701032,0,0
0,0.2850979782155651,1,1
0,-1.779575476566949,0,0
0,0.9137467110545463,1,1
0,-1.077596578446107,0,0
0,-0.4445522339284088,0,0
0,-2.1102304252108257,0,0
0,-0.9221548532714436,0,0
0,-1.0501966098972428,0,0
0,-1.4798136784575884,0,0
0,-1.7092912694478077,0,0
0,-0.5679791477612894,0,0
0,-1.2863929118407251,0,0
0,-0.8053083082767958,0,0
0,-1.3595029684907953,0,0
0,-0.6199996156845843,0,0
0,-0.4460042382831491,0,0
0,-1.4910760820789177,0,0
0,-0.32396861470325045,0,0
0,0.9531470249491345,1,1
0,-1.1526333746310922,0,0
0,-1.9147158768204333,0,0
0,-0.4783533372685474,0,0
0,-1.7256682948972923,0,0
0,-2.1670967267792944,0,0
0,-1.494035829170814,0,0
0,-0.9421661148808105,0,0
0,-0.3917195219671855,0,0
0,-1.5643943550808286,0,0
0,-0.3080992784926987,0,0
0,-2.812184837826966,0,0
0,-0.2511552639177465,0,0
0,-1.6583783393431248,0,0
0,-2.2504727954987382,0,0
0,-0.7615060618291559,0,0
0,-2.249596418261765,0,0
0,-0.8201703697494755,0,0
0,-1.853699999243352,0,0
0,-0.3833440998436328,0,0
0,-0.8617502087625866,0,0
0,-1.3588738228880184,0,0
0,-0.43591606686505163,0,0
0,-1.8863565960721502,0,0
0,-0.3075480618682596,0,0
0,-0.8063170432885272,0,0
0,-2.310469947071714,0,0
0,-2.1575007080268565,0,0
0,-0.3058977771432765,0,0
0,0.06419237088032004,0,1
0,-0.5774856326365336,0,0
0,-2.976718232985776,0,0
0,0.06617376079258758,0,1
0,-1.1883866099178222,0,0
0,-2.1909354917026977,0,0
0,-0.75160638938774,0,0
0,-0.8729680038461993,0,0
0,-2.8484968384772222,0,0
0,-0.8292293654141762,0,0
0,-1.2890418392949394,0,0
0,0.5049158877006386,1,1
0,-1.2842294880202194,0,0
0,-0.6955632584360898,0,0
0,-0.47263806054198815,0,0
0,-1.143253038122416,0,0
0,-1.433206494979776,0,0
0,-1.700848127124649,0,0
0,-1.2865119271766345,0,0
0,-0.9295083068662142,0,0
0,-0.014412852095075257,0,0
0,-2.0302823853050804,0,0
0,0.1414455111233947,1,1
0,-0.6333783910839144,0,0
0,-1.1292038444540078,0,0
0,-1.555358251475089,0,0
0,-2.2699809149485355,0,0
0,-1.5754428253947241,0,0
0,0.23282266800820212,1,1
0,-0.8040415057218394,0,0
0,-2.019182056764848,0,0
0,-1.616442332275528,0,0
0,-0.9334559604256214,0,0
0,-1.2394139932651538,0,0
0,-1.5589851641814918,0,0
0,-0.402168731688038,0,0
0,-2.3464615410042104,0,0
0,-0.9324384060822488,0,0
0,-1.2404916687912624,0,0
0,-0.7913662199669901,0,0
0,-0.904523297486926,0,0
0,-0.27480897725484593,0,0
0,-0.852783392537386,0,0
0,0.3220702920110848,1,1
0,-0.20412745450517167,0,0
0,-1.479734607481114,0,0
0,-1.0478390467946583,0,0
0,0.07856865675830155,0,1
0,-1.2964956618571983,0,0
0,-1.8188269982574763,0,0
0,-1.5787177994582589,0,0
0,-1.1386957882915438,0,0
0,-0.5588733147121815,0,0
0,-2.109673962187243,0,0
0,-1.4313009603341451,0,0
0,-1.2343591934640261,0,0
0,-1.3415532927192018,0,0
0,-1.3917295221243855,0,0
0,-0.5790102073397374,0,0
0,-2.596881111395887,0,0
0,-1.1976830327020458,0,0
0,-2.396182611082518,0,0
0,-1.395916770864008,0,0
0,-0.9944548070209138,0,0
0,-3.793125882438671,0,0
0,-0.9203599574892287,0,0
0,-0.7956271028629269,0,0
0,-0.26394632601469625,0,0
0,-1.5148755677065349,0,0
0,-1.168319028224256,0,0
0,-2.380915440977539,0,0
0,-0.051213117653316986,0,0
0,-1.064767882822352,0,0
0,-1.9147158768204333,0,0
0,-1.0571959389718049,0,0
0,-0.35183785972345155,0,0
0,-1.2249225501540502,0,0
0,-1.177819432863298,0,0
0,-1.053225758162135,0,0
0,-0.3521772765218478,0,0
0,-0.9996779663580526,0,0
0,-1.5277714211254496,0,0
0,-0.8238470923999828,0,0
0,-1.1676757606197379,0,0
0,-0.30063733917732927,0,0
0,-0.7480048205271392,0,0
0,-0.782478001679225,0,0
0,-1.4884760524851741,0,0
0,-1.2015478422261003,0,0
0,-0.4554903600422025,0,0
0,-1.6564176423076875,0,0
0,-1.0903009064885596,0,0
0,-1.3988606785558808,0,0
0,-0.8575099088257081,0,0
0,-1.9333796354805566,0,0
0,-0.9937747781524775,0,0
0,-0.509789268002806,0,0
0,-0.7519010425101804,0,0
0,-1.5441868112051176,0,0
0,-1.4252252480668834,0,0
0,-0.6431343949315207,0,0
0,-1.4183879876149628,0,0
0,-0.7493103544527557,0,0
0,-1.5070516044157813,0,0
0,-0.8772928396086244,0,0
0,-1.293046250972572,0,0
0,-1.3161753237637923,0,0
0,-0.9325787231139473,0,0
0,-2.2796518205637892,0,0
0,-1.5850923806835056,0,0
0,-2.1733307070429038,0,0
0,-0.9816489894158542,0,0
0,-0.7268017827547748,0,0
0,-1.530138333912824,0,0
0,-1.01054213616516,0,0
0,-1.3460841779621826,0,0
0,-1.139911579981495,0,0
0,-1.4321644013333121,0,0
0,-0.4554903600422025,0,0
0,-1.7463925503678388,0,0
0,-1.4316745574066703,0,0
0,-1.3697614463304795,0,0
0,-1.7274081688158673,0,0
0,-1.039088057057795,0,0
0,-1.8303303636581538,0,0
0,-0.5282925962083127,0,0
0,-0.6766902799925574,0,0
0,0.18666162045037754,1,1
0,-0.832687601949891,0,0
0,-1.359951888742977,0,0
0,-0.541917568141196,0,0
0,-0.7072610959210226,0,0
0,-1.9176927331860665,0,0
0,-1.4537225488256071,0,0
0,-1.4096342595969413,0,0
0,-1.375762011965039,0,0
0,-1.3373551698638075,0,0
0,-1.3271752355241138,0,0
0,-1.3105356384527027,0,0
0,-1.6459850795832998,0,0
0,-1.133549467581717,0,0
0,-1.3739904537514844,0,0
0,-1.622766580973519,0,0
0,-1.5491215671907856,0,0
0,-1.4313009603341451,0,0
0,-1.8066220080177822,0,0
0,-1.122386319160048,0,0
0,-1.9333796354805566,0,0
0,-0.15924836448084598,0,0
0,-2.364018554979896,0,0
0,-1.2314812192805873,0,0
0,-1.1315170480597312,0,0
0,-0.7183185038684086,0,0
0,-0.08575099095944072,0,0
0,-0.8201703697494755,0,0
0,-0.2866280884862993,0,0
0,-2.087856197981183,0,0
0,-0.9254158767937766,0,0
0,-1.1049708981929296,0,0
0,-0.9525209296805495,0,0
0,-1.4913009909705,0,0
0,-1.8511623168751936,0,0
0,-2.220421650434152,0,0
0,-1.9434699553297656,0,0
0,-1.7150498159699443,0,0
0,-0.5391753801663434,0,0
0,-0.7625550262211562,0,0
0,-2.167304191702559,0,0
0,-2.417123208919188,0,0
0,-1.9939276021430064,0,0
0,-0.7932848760961602,0,0
0,-1.7794581199526491,0,0
0,-1.632271801759712,0,0
0,-2.5712755227486115,0,0
0,-0.9575409968358857,0,0
0,-2.582814304442572,0,0
0,-2.410990126106963,0,0
0,-0.5349749527047625,0,0
0,-1.4866796622752587,0,0
0,-1.7138871945575813,0,0
0,-0.8675466153280305,0,0
0,-1.314655944926508,0,0
0,-1.5086030411996885,0,0
0,-1.426177127313917,0,0
0,-1.1186921050829965,0,0
0,-1.8973414918155083,0,0
0,-1.2867273696572477,0,0
0,-1.2645326130227545,0,0
0,-2.107075880664829,0,0
0,-1.0666354742857584,0,0
0,-0.9053567485902596,0,0
0,-1.2530864000312183,0,0
0,-2.1626278004068293,0,0
0,-0.12199403370925338,0,0
0,-2.423328467256542,0,0
0,0.40262348613338356,1,1
0,-2.0584284633681373,0,0
0,-0.5133519333088492,0,0
0,-1.0119049751360503,0,0
0,-0.7385555040689811,0,0
0,-1.685306305456683,0,0
0,-1.5200093366463845,0,0
0,-2.490225076936778,0,0
0,-1.590458322879322,0,0
0,-1.5885420155975174,0,0
0,-0.8017841015870488,0,0
0,-2.2612637738206884,0,0
0,-2.233038032689587,0,0
0,-1.1566828501569042,0,0
0,-2.051203890503773,0,0
0,-2.5915551010695514,0,0
0,-1.95514437525327,0,0
0,-1.163617212335295,0,0
0,-2.474602543339509,0,0
0,-0.9792084772344862,0,0
0,-1.2611706066203454,0,0
0,-1.7001873556394596,0,0
0,-1.3846652051885484,0,0
0,-1.8261371743399346,0,0
0,-0.6894353813848697,0,0
0,-2.2255339388332596,0,0
0,-1.2353427278218279,0,0
0,-1.3226450312851301,0,0
0,-1.2661379889648203,0,0
0,-1.6329941061014253,0,0
0,-2.08417388302765,0,0
0,-2.314836761153879,0,0
0,-2.8917373288986896,0,0
0,-1.5706777353618484,0,0
0,-1.2674351702716624,0,0
0,-1.6084254222899035,0,0
0,-1.8643682118688305,0,0
0,-1.7570949803860934,0,0
0,-1.794563529363502,0,0
0,-0.5762717962134336,0,0
0,-0.29687939025550564,0,0
0,-0.851848179786141,0,0
0,-2.8113824460694876,0,0
0,-1.6152979476220246,0,0
0,-1.4965458108907297,0,0
0,-1.1073901857394761,0,0
0,-2.9477889311793257,0,0
0,-1.698317206633345,0,0
0,-2.359083643576368,0,0
0,-1.9888198755066524,0,0
0,-1.680205395779677,0,0
0,-0.9049517509103204,0,0
0,-2.211501969598385,0,0
0,-2.3929697222301862,0,0
0,-1.391239814334401,0,0
0,-1.7360715140496887,0,0
0,-1.8075245390309311,0,0
0,-1.1525381300628281,0,0
0,-1.543447038732458,0,0
0,-1.33486548102171,0,0
0,-1.862030059915394,0,0
0,-1.2074846909958112,0,0
0,-0.9427955780790782,0,0
0,-1.3842575099516812,0,0
0,-2.8170183110084044,0,0
0,-1.1623125811403865,0,0
0,-0.8246814754153611,0,0
0,-1.7331605699098669,0,0
0,-2.0299519961021657,0,0
0,-1.2627579054494726,0,0
0,-2.0770423341772695,0,0
0,-1.8425879165524641,0,0
0,-1.5500569590718194,0,0
0,-1.7586813638586654,0,0
0,-0.8121490713391983,0,0
0,-0.5426149831171383,0,0
0,-2.0974392494517504,0,0
0,-0.43893014139571035,0,0
0,-0.5532515379287792,0,0
0,-2.237563165482578,0,0
0,-1.6484809245302356,0,0
0,-1.5298846568743678,0,0
0,-1.6147252750416,0,0
0,-1.1818438850803838,0,0
0,-1.477474583176648,0,0
0,-0.8634021371827945,0,0
0,-0.42516089403772744,0,0
0,-2.041467425050045,0,0
0,-1.2711547037459687,0,0
0,-1.3870708835791465,0,0
0,-2.1082895311488534,0,0
0,-1.9641335975832124,0,0
0,-0.7316663182979908,0,0
0,-1.6671997771487392,0,0
0,-2.026451642689345,0,0
0,-1.9043722072055091,0,0
0,-1.7196556812239117,0,0
0,-1.2148589928266784,0,0
0,0.2010850289587423,1,1
0,-1.2875207765226393,0,0
0,-0.8652975016029796,0,0
0,-1.3373662565569084,0,0
0,-2.1139576644582228,0,0
0,-1.8025899459575183,0,0
0,-2.03573913273812,0,0
0,-1.634034440755968,0,0
0,-1.2112404712465628,0,0
0,-1.9444286287710317,0,0
0,-2.3477443312311452,0,0
0,-1.1682698330770267,0,0
0,-1.4102227329102555,0,0
0,-2.109013473280561,0,0
0,-0.39920583882837574,0,0
0,-0.8457961634065692,0,0
0,-1.3083429480690705,0,0
0,-1.9705356260422635,0,0
0,-2.151331444870509,0,0
0,-0.45952906968628665,0,0
0,-1.7181623159903692,0,0
0,-1.6923339662933452,0,0
0,-1.204522946963472,0,0
0,-2.2780181677332685,0,0
0,-1.3798197944834998,0,0
0,-1.6846988765095576,0,0
0,-1.1458848801180463,0,0
0,-2.2225434839371325,0,0
0,0.11873113719994177,1,1
0,-1.104965797429615,0,0
0,-0.3203467294764039,0,0
0,-1.7123792611111792,0,0
0,-1.5249502119462923,0,0
0,-2.30254751646687,0,0
0,-2.071963854723993,0,0
0,-0.9346716143683171,0,0
0,-1.6957831849600264,0,0
0,-1.2194500604813452,0,0
0,-1.8300918930240724,0,0
0,-1.4524730892099313,0,0
0,-2.0451825245367505,0,0
0,-1.5760566523360315,0,0
0,-0.065913169823964,0,0
0,-1.369427730247317,0,0
0,-0.7369589382877427,0,0
0,-0.11138686525183969,0,0
0,-0.5622288847731318,0,0
0,-1.5741398219399076,0,0
0,-1.7737059421364032,0,0
0,-2.2107328037549903,0,0
0,-2.1624806228071365,0,0
0,-1.6853322836749902,0,0
0,-1.078547377788899,0,0
0,-1.7280642457055706,0,0
0,-2.0311624825406427,0,0
0,-1.1698848895875433,0,0
0,-1.5031738564538863,0,0
0,-1.2323417411356263,0,0
0,-1.3796476973750638,0,0
0,-1.9363004325155275,0,0
0,0.45001535734396675,1,1
0,-2.512754529666992,0,0
0,-1.2392293595577764,0,0
0,-0.7383782059679123,0,0
0,-1.548273853952223,0,0
0,-0.9049513895822761,0,0
0,-0.7513911267354689,0,0
0,-1.5854983203867108,0,0
0,-1.2708649270418795,0,0
0,-1.496176487728409,0,0
0,-0.7207411912718795,0,0
0,-0.998226716323054,0,0
0,-0.4797706899905304,0,0
0,-1.0299252184770875,0,0
0,-0.1319433348308812,0,0
0,-1.8793934247277468,0,0
0,-1.4749194858160146,0,0
0,-1.5066599210256846,0,0
0,-1.3882130529319148,0,0
0,-2.650637338605222,0,0
0,-0.7229278786618147,0,0
0,-2.2528299462038643,0,0
0,-1.1980628106750446,0,0
0,-0.4363066559100144,0,0
0,-0.7795486416323949,0,0
0,-2.1698838233348177,0,0
0,-0.824572836871118,0,0
0,-1.514702685431802,0,0
0,-1.7692556338215826,0,0
0,-2.1430912836087153,0,0
0,-0.5710724086932115,0,0
0,-2.5043356210411094,0,0
0,-1.3547710193076536,0,0
0,-1.324926148120566,0,0
0,-1.4684328870969674,0,0
0,-0.9453688652119903,0,0
0,-1.647646045045279,0,0
0,-2.663872429366579,0,0
0,-0.020751216086912605,0,0
0,-0.21736286734735344,0,0
0,-2.065333038173027,0,0
0,-1.9399765123375754,0,0
0,-1.7137503112866925,0,0
0,-1.4815036978986382,0,0
0,-0.15045269787009707,0,0
0,-2.36559845536394,0,0
0,-0.9553461502654712,0,0
0,-2.036635991640666,0,0
0,-1.2833693699635382,0,0
0,-0.7200880803985217,0,0
0,-0.8550428631448601,0,0
0,-0.7219830873163935,0,0
0,-1.7278816440761708,0,0
0,-1.6296310515087442,0,0
0,-1.1534978006880179,0,0
0,-1.1780581350462884,0,0
0,-1.7972797380487882,0,0
0,-1.2419166554433718,0,0
0,-1.5911515309874587,0,0
0,-1.2926784207313715,0,0
0,-1.7233701939269799,0,0
0,-2.3071428815220663,0,0
0,-1.216931341753079,0,0
0,-1.4927907314949245,0,0
0,-2.2647252305965235,0,0
0,-0.8050382880221814,0,0
0,-0.8737039236124429,0,0
0,-0.5372649114418158,0,0
0,-2.0234932738644136,0,0
0,0.7656113640982252,1,1
0,-1.720372266009012,0,0
0,-2.2198413159827517,0,0
0,-1.2863977174797663,0,0
0,-1.8162707017386905,0,0
0,-0.6196992932522958,0,0
0,-1.4568559259393403,0,0
0,-1.6606200176877997,0,0
0,-0.007789619964710726,0,0
0,-1.4033131918850275,0,0
0,-0.7447591413082282,0,0
0,-2.032172452953501,0,0
0,-1.5912084150391221,0,0
0,-1.7776555423950102,0,0
0,-2.4963136594048096,0,0
0,-1.5781221026564056,0,0
0,-1.2847088101796442,0,0
0,-1.629146927060516,0,0
0,-0.7070087795567279,0,0
0,-1.7962168268433338,0,0
0,-0.5356533662820627,0,0
0,-1.6922838000082896,0,0
0,-1.9409856945165944,0,0
0,-1.1678490451411654,0,0
0,-2.089420872756938,0,0
0,-0.9639098170584597,0,0
0,-0.8274017307925583,0,0
0,-0.11752875849820349,0,0
0,-0.2967673513707123,0,0
0,-1.427287585530048,0,0
0,-2.1537321154235203,0,0
0,-2.129471280054518,0,0
0,-1.7172806166686407,0,0
0,-1.9400408363932835,0,0
0,-1.6113101433910646,0,0
0,-1.1601952049098436,0,0
0,-1.806106144568764,0,0
0,-0.9242624003061519,0,0
0,-1.1182918221404528,0,0
0,-1.5178950106396012,0,0
0,-2.29790419896136,0,0
0,-2.5086662787556038,0,0
0,-2.1191226224428448,0,0
0,-2.0793321828713633,0,0
0,-1.895629187178238,0,0
0,-2.294038377400035,0,0
0,-0.015814858645059438,0,0
0,-0.8978661159803232,0,0
0,-0.6911415740504796,0,0
0,-1.2343898579212045,0,0
0,-0.6742142786963867,0,0
0,-1.6428730416305988,0,0
0,-1.8055245519071978,0,0
0,-1.6911287723987187,0,0
0,-1.601155423768271,0,0
0,-1.2691469476643111,0,0
0,-1.5742969397026076,0,0
0,-1.129489389699353,0,0
0,-0.5663005652205745,0,0
0,-0.8170687310972649,0,0
0,-0.9763326434166535,0,0
0,-1.5096358779732364,0,0
0,-1.4938574467489347,0,0
0,-0.09701936781801049,0,0
0,-1.8856039714444668,0,0
0,-1.8662375951756203,0,0
0,-0.670105242894282,0,0
0,-1.440280701058861,0,0
0,-1.595983159296047,0,0
0,-2.093206487750008,0,0
0,-1.7255639478806548,0,0
0,-1.1024445259112112,0,0
0,-1.5404625352017391,0,0
0,-0.6263873523898021,0,0
0,-1.9932348915199463,0,0
0,-2.3967832430590597,0,0
0,-1.4859311319525943,0,0
0,-1.6639951801833215,0,0
0,-0.7475223980235525,0,0
0,-2.2893129731580113,0,0
0,-1.7021711607891776,0,0
0,-0.8580302059681533,0,0
0,-2.025174720535787,0,0
0,-2.5211674984536048,0,0
0,-0.8632569494070352,0,0
0,-1.4044383052789533,0,0
0,-1.8675531497930373,0,0
0,-0.8610279669392913,0,0
0,-2.6560206024405106,0,0
0,-1.1664973118844362,0,0
0,-1.218419553111199,0,0
0,-2.1995656178791685,0,0
0,-1.4128884483747943,0,0
0,-0.34037169838530396,0,0
0,-1.1191096874663504,0,0
0,-1.0339103040859452,0,0
0,-1.0029759093459691,0,0
0,-2.2118359604280986,0,0
0,-1.7186379680606332,0,0
0,-1.3861340500678347,0,0
0,-1.9775945542678466,0,0
0,-1.4041518277832785,0,0
0,-1.2287943793857714,0,0
0,-1.918209193333801,0,0
0,-2.256396484662111,0,0
0,-3.136980970574582,0,0
0,-2.194500400717441,0,0
0,-1.2287745096369154,0,0
0,-2.687898783711614,0,0
0,-0.8166009270405905,0,0
0,-2.3147070349734125,0,0
0,-2.462174326697018,0,0
0,-1.638616647447505,0,0
0,-1.2513874879400773,0,0
0,-1.1828994336828846,0,0
0,-1.533104703845758,0,0
0,-1.3012485523107316,0,0
0,-1.7870424526961963,0,0
0,-1.2863737051159638,0,0
0,-0.20048874238865802,0,0
0,-2.0668275674569063,0,0
0,-1.69945881712102,0,0
0,-2.3210437644494575,0,0
0,-2.5732809658569216,0,0
0,-1.863610722660323,0,0
0,-1.2429318342255062,0,0
0,-1.799904945070809,0,0
0,-0.5568263067807045,0,0
0,-1.3237649459292584,0,0
0,-1.5118362077582872,0,0
0,-1.5788731122801267,0,0
0,-1.4073862516590285,0,0
0,-1.891561766141371,0,0
0,-2.202076223533284,0,0
0,-0.9820020166542738,0,0
0,-1.1015208872546718,0,0
0,-2.3924707052715344,0,0
0,-2.180665981129145,0,0
0,-1.9737052323936588,0,0
0,-0.8847519960991013,0,0
0,-0.8978335834856499,0,0
0,-1.9836824215742743,0,0
0,-1.4700446287316271,0,0
0,-1.7999264903475063,0,0
0,-0.9358658034120209,0,0
0,-1.8123827035428883,0,0
0,-1.959448610106034,0,0
0,-0.908947157111528,0,0
0,-1.343898236565872,0,0
0,-2.1770119177626324,0,0
0,-0.8952757457182654,0,0
0,-0.5127117684574499,0,0
0,-0.24456306020029328,0,0
0,-1.2617286610705305,0,0
0,-1.2315823096071072,0,0
0,-1.590028148581279,0,0
0,-1.5810798022092825,0,0
0,-1.963534287665827,0,0
0,-2.2652406425840192,0,0
0,-1.834259155064235,0,0
0,-2.5762926315651997,0,0
0,-2.064528673024316,0,0
0,-0.6542281876891428,0,0
0,-1.8534898993625224,0,0
0,-2.6253509478841903,0,0
0,-2.7145469931909436,0,0
0,-1.7479998120153977,0,0
0,-1.4681724273179846,0,0
0,-2.434613317971789,0,0
0,-1.26660020654981,0,0
0,-1.5746374457554264,0,0
0,-0.5326340940433058,0,0
0,-1.5417325024294806,0,0
0,-2.1596665355792135,0,0
0,-0.8834739046231337,0,0
0,-1.2668749337716176,0,0
0,-2.0287180911476774,0,0
0,-1.0474274053208943,0,0
0,-0.7169784536127797,0,0
0,-2.1403810560098253,0,0
0,-1.3637956267117761,0,0
0,-2.2070292264881823,0,0
0,-1.9730440929561999,0,0
0,-1.6464209849529887,0,0
0,-2.912916960882895,0,0
0,-1.7844997821901567,0,0
0,-2.6384815978356926,0,0
0,-1.2524188921605102,0,0
0,-2.5538072172363657,0,0
0,-1.3593437369466486,0,0
0,-1.3209798763611371,0,0
0,-2.0718917817738216,0,0
0,-1.3393895033063172,0,0
0,-1.8539434916957434,0,0
0,-1.8461054061905902,0,0
0,-2.0216433767885853,0,0
0,-1.2027225310736485,0,0
0,-1.386919006200563,0,0
0,-1.549914022851472,0,0
0,-2.121800189847602,0,0
0,-1.1224285275465824,0,0
0,-2.1087141531317295,0,0
0,-2.129805714713015,0,0
0,-0.7767312673017801,0,0
0,-1.7311781302492968,0,0
0,-0.40141726030044406,0,0
0,-1.2431905113646256,0,0
0,-1.1915595836797785,0,0
0,-1.0839323320982297,0,0
0,-1.9368082441053078,0,0
0,-1.9248448745604556,0,0
0,0.14568554770300285,1,1
0,-1.0693118757610853,0,0
0,-0.12065391337696901,0,0
0,-1.0112304954350457,0,0
0,-1.513288650594631,0,0
0,-0.9206472988917727,0,0
0,-1.4292966660212705,0,0
0,-1.4967837767828513,0,0
0,-1.9673752979178432,0,0
0,-1.8927116508667063,0,0
0,-1.6249475805645162,0,0
0,-2.0063796042182123,0,0
0,-2.3354444975028255,0,0
0,-2.013665715354279,0,0
0,-1.5919692926083011,0,0
0,-1.3760625300321536,0,0
0,-1.2088475182556166,0,0
0,-1.3504340415934761,0,0
0,-1.3071949065213817,0,0
0,-0.19039391295417135,0,0
0,-1.717304409865838,0,0
0,-1.8910308051288272,0,0
0,-1.7025664547387003,0,0
0,-1.5625696612575968,0,0
0,-0.6328172745602655,0,0
0,-1.5506244052717912,0,0
0,-0.9472977875874853,0,0
0,-0.8649000727800509,0,0
0,-1.939130759767586,0,0
0,-2.0007974768172154,0,0
0,-1.395778272127989,0,0
0,-0.9372742455552621,0,0
0,-1.5431893798937624,0,0
0,-0.6130631089069674,0,0
0,-0.7803961998673259,0,0
0,-0.8169690070723699,0,0
0,-2.4349990325520254,0,0
0,-0.8055309492890764,0,0
0,-1.484802031710563,0,0
0,-1.2959983205701684,0,0
0,-1.3494998186901117,0,0
0,-1.421588269211104,0,0
0,-1.4448081700480606,0,0
0,-1.1555981989533772,0,0
0,-1.847266662123928,0,0
0,-1.9565223960803293,0,0
0,-1.7560111896558117,0,0
0,-1.690790319361264,0,0
0,-1.5720655393714136,0,0
0,-1.4147996754945305,0,0
0,-1.6168511649364643,0,0
0,-0.9549314162910847,0,0
0,-0.6765616356460868,0,0
0,-2.3878580320689315,0,0
0,-2.1489410270892875,0,0
0,-1.6275534523735202,0,0
0,-1.4607476665097285,0,0
0,-1.508411410902444,0,0
0,-1.39498804206144,0,0
0,-2.2929048647113137,0,0
0,-1.3417376759772701,0,0
0,-1.7040252922313093,0,0
0,-0.7574591849215091,0,0
0,-2.5116776869074533,0,0
0,-1.6683760517977717,0,0
0,-1.7312321328239,0,0
0,-0.7994487378392097,0,0
0,-1.4077621545069234,0,0
0,-1.2519017081779846,0,0
0,-1.2126927769524618,0,0
0,-2.215175826161126,0,0
0,-2.326833106969432,0,0
0,-0.799342063410662,0,0
0,-0.5394025734790401,0,0
0,-1.4591234262111428,0,0
0,-3.0648789215306658,0,0
0,-1.1002183908896195,0,0
0,-1.576623895637276,0,0
0,-0.46082204586666425,0,0
0,-2.135867493730181,0,0
0,-1.8901027769246719,0,0
0,-1.3405160102281837,0,0
0,-1.710767698224506,0,0
0,-2.6440649041440833,0,0
0,-2.150090433803789,0,0
0,-1.8697127272083474,0,0
0,-2.7305612580262997,0,0
0,-1.8345078636237673,0,0
0,-0.5780352711664345,0,0
0,-0.9698149950355428,0,0
0,-0.6890528980946776,0,0
0,-1.8077542711678185,0,0
0,-1.6295869371392726,0,0
0,-1.2851796774237647,0,0
0,-1.6897195248720145,0,0
0,-1.958813715733964,0,0
0,-1.5060169159774925,0,0
0,-1.4283862809787307,0,0
0,-1.3813038483806388,0,0
0,-1.9651716969262678,0,0
0,-2.29368286749938,0,0
0,-0.2320059058091492,0,0
0,-1.9130342476771731,0,0
0,-1.088794881336106,0,0
0,-0.6822147342892111,0,0
0,-1.9346811445595093,0,0
0,-1.4083262467695004,0,0
0,-0.803320302843773,0,0
0,-1.0414112422751167,0,0
0,-2.414349808303375,0,0
0,-2.6684539942247536,0,0
0,-1.2183480905238715,0,0
0,-1.2122965802992236,0,0
0,-1.3987468499190905,0,0
0,-1.3316318883085427,0,0
0,-1.6044726158468325,0,0
0,-1.7895248723516726,0,0
0,-1.6032166333516238,0,0
0,-1.8955066041552113,0,0
0,-1.7001635992506299,0,0
0,-0.9890999598927703,0,0
0,-1.7525668781788588,0,0
0,-2.6869933725393875,0,0
0,-1.6844070347317388,0,0
0,-1.69295658101816,0,0
0,-0.5047733133026024,0,0
0,-1.4199752152895815,0,0
0,-1.7902984699845914,0,0
0,-2.1683296927249747,0,0
0,-1.5732902950217622,0,0
0,-2.022413020595969,0,0
0,-1.2747824311869493,0,0
0,-0.8298064681771545,0,0
0,-0.1372977391979008,0,0
0,-1.4904765506727429,0,0
0,-1.5958847062034767,0,0
0,-1.8446286752075856,0,0
0,-1.3588169591442198,0,0
0,-2.16508495473068,0,0
0,-1.8408788856417289,0,0
0,-1.8019351876822438,0,0
0,-2.0658566102839684,0,0
0,-1.251629064498416,0,0
0,-1.7753839077416822,0,0
0,-0.3600871941977648,0,0
0,-1.882127111688285,0,0
0,-1.4401722536832884,0,0
0,-0.15775954964237784,0,0
0,-1.7706844682281246,0,0
0,-1.2049340934714061,0,0
0,-1.595068188719424,0,0
0,-0.9763074186042036,0,0
0,-1.6232849296223786,0,0
0,0.2056650652136644,1,1
0,-1.2880273918109562,0,0
0,-1.612938249359247,0,0
0,-1.6235814519334806,0,0
0,-1.4315615438866562,0,0
0,-0.23571874675687163,0,0
0,-1.1790724820364153,0,0
0,-0.21492151643030608,0,0
0,-2.868128334988055,0,0
0,-2.3205556165291203,0,0
0,-1.5764649164576525,0,0
0,-2.409795112599524,0,0
0,-2.055780623268427,0,0
0,-1.852299524430183,0,0
0,-1.7840659141828328,0,0
0,-0.9362763458421179,0,0
0,-1.7757127961743635,0,0
0,-1.3159090091455274,0,0
0,-1.5115988320132872,0,0
0,-1.3400801335186971,0,0
0,-1.5815529888818074,0,0
0,-1.832075832358288,0,0
0,-1.0134290012960474,0,0
0,-1.940879188339131,0,0
0,-2.2896105495042147,0,0
0,-1.453551641478346,0,0
0,-0.9071594731209465,0,0
0,-2.534096417303548,0,0
0,-1.8777931489184403,0,0
0,-1.59128729798624,0,0
0,-0.31718079673739585,0,0
0,-1.1479823682517203,0,0
0,-1.7747791681804201,0,0
0,-1.5282499240394531,0,0
0,-1.7028362482250619,0,0
0,-1.4546649639619011,0,0
0,-1.8876057544586031,0,0
0,-1.9554002021852763,0,0
0,-1.9144965058027805,0,0
0,-1.7598546523094936,0,0
0,-1.9939567711573107,0,0
0,-1.8682029876337254,0,0
0,-2.6773817483124733,0,0
0,-0.4085260285480168,0,0
0,-0.8533280153484033,0,0
0,-2.401328365822821,0,0
0,-0.08779461891394053,0,0
0,-1.8651991919827504,0,0
0,-0.9377702243015149,0,0
0,0.49119180078256724,1,1
0,-2.352525464726196,0,0
0,-2.276016240450173,0,0
0,-1.7088050704571769,0,0
0,-2.002678807957364,0,0
0,-0.914651496086792,0,0
0,-2.205745486793206,0,0
0,-1.394423004130999,0,0
0,-2.064474919505012,0,0
0,-1.5436542373811637,0,0
0,-0.9212115348458509,0,0
0,-0.45796130331400364,0,0
0,-1.7265293897481437,0,0
0,-0.8933214888679697,0,0
0,-0.6944950925639164,0,0
0,-0.5498648931414805,0,0
0,-1.622002508458022,0,0
0,-1.726070889272472,0,0
0,-0.866617049563333,0,0
0,-1.1037890237585972,0,0
0,-1.4111901176937298,0,0
0,-2.136997232644718,0,0
0,-2.1081384418106714,0,0
0,-0.7963086705052183,0,0
0,-1.1678440576067546,0,0
0,-0.5304612621856298,0,0
0,-1.601118392796849,0,0
0,-1.2337432712502743,0,0
0,-2.010843069322959,0,0
0,-1.2219458052815733,0,0
0,-1.6214905333530518,0,0
0,-1.6667967294929706,0,0
0,-0.6719029576684582,0,0
0,-2.2393190998223402,0,0
0,-1.9262793133997822,0,0
0,-1.980345502453931,0,0
0,-2.4593058602406828,0,0
0,-0.37228790559861474,0,0
0,-1.295312246827029,0,0
0,-2.2143860462963865,0,0
0,-1.990900125168224,0,0
0,-0.7553960171581039,0,0
0,-1.467808718017013,0,0
0,-2.1053925328380343,0,0
0,-1.5229569957784945,0,0
0,-1.7939874334213877,0,0
0,-1.5584737878206452,0,0
0,-1.9035440267324144,0,0
0,-1.4990858091281876,0,0
0,-0.0485875293636987,0,0
0,-0.4816793082285429,0,0
0,-1.1244876079562454,0,0
0,-1.5552254439276738,0,0
0,-1.1491250321787592,0,0
0,-1.077819767900094,0,0
0,-1.6252406463243014,0,0
0,-1.2157626986919865,0,0
0,-1.1731872108955035,0,0
0,-1.2065497737625548,0,0
0,-1.7522569785442803,0,0
0,-0.7317650486306784,0,0
0,-1.4747463365432047,0,0
0,-1.7658061703770682,0,0
0,-1.1873971035195454,0,0
0,-1.74334242800249,0,0
0,0.296655595336256,1,1
0,-1.8150983042492648,0,0
0,-2.014564410015676,0,0
0,-0.7013312703575911,0,0
0,-2.46163396792582,0,0
0,-2.0173142474428905,0,0
0,-2.005833812575457,0,0
0,-1.0384538819629754,0,0
0,-0.3982779759669946,0,0
0,-1.05057157369434,0,0
0,-0.9017586361546772,0,0
0,-2.779091237674169,0,0
0,-1.7287002898187418,0,0
0,-1.321334116461166,0,0
0,-1.5821929828317505,0,0
0,-0.503547747546494,0,0
0,-1.0470707444165281,0,0
0,-3.4252521364179924,0,0
0,-1.7018641846895484,0,0
0,-2.6567010868514744,0,0
0,-2.5087619839940003,0,0
0,-1.767314944883156,0,0
0,-1.5378667661827312,0,0
0,-2.159569313100647,0,0
0,-2.1388473536711823,0,0
0,-1.3024152108698397,0,0
0,-2.623857082882727,0,0
0,-0.11570031277595355,0,0
0,-0.02187282825433301,0,0
0,-2.119915354674145,0,0
0,-1.1419627055080492,0,0
0,-0.6480544121855104,0,0
0,-2.7181009151579127,0,0
0,-1.9768201572790989,0,0
0,-1.5195541214120065,0,0
0,-2.4881212457789283,0,0
0,-1.6226700806165186,0,0
0,-1.817985869496639,0,0
0,-1.684625453713718,0,0
0,-1.006342772301823,0,0
0,-2.011222937376925,0,0
0,-1.5489857158909786,0,0
0,-2.6692931201699683,0,0
0,-0.913529653092255,0,0
0,-1.0880445064347457,0,0
0,-1.9164769541002167,0,0
0,-1.3028885491655913,0,0
0,-0.6523615183338074,0,0
0,-0.2463482006574354,0,0
0,-0.9120809650817339,0,0
0,-2.349382326526476,0,0
0,0.005001316328693495,0,1
0,-1.2109622582160735,0,0
0,-1.0387390608040454,0,0
0,-0.7810739547845169,0,0
0,-1.538014149580215,0,0
0,-1.4309299500517634,0,0
0,-2.0305449944943583,0,0
0,-1.5924242002220013,0,0
0,-1.013713419678345,0,0
0,-2.8678999473339375,0,0
0,-1.2092915339076182,0,0
0,-2.1206341269929845,0,0
0,-1.557529051789887,0,0
0,-0.8844081855721906,0,0
0,-2.43567033875817,0,0
0,-0.1693166640982938,0,0
0,-1.8503209998734982,0,0
0,-1.832796515304042,0,0
0,-1.4241121745083711,0,0
0,-1.7110464647546066,0,0
0,-1.2274454480747012,0,0
0,-1.1133352136629517,0,0
0,-2.809581446581432,0,0
0,-0.8673876921501191,0,0
0,-0.9102355031780822,0,0
0,-2.0939707096211233,0,0
0,-2.7136742450643783,0,0
0,-1.3773234933156484,0,0
0,-0.16781513046431754,0,0
0,-1.7551932414571554,0,0
0,-2.190082500590206,0,0
0,-0.839685857731929,0,0
0,-0.963754173724181,0,0
0,-0.925984390043251,0,0
0,-1.1780635634152605,0,0
0,-1.1828515271710673,0,0
0,-1.1119848137410253,0,0
0,-2.7037806499553705,0,0
0,-0.5058806125174371,0,0
0,-2.213065980239607,0,0
0,-1.1590595861676924,0,0
0,-1.6724883731619082,0,0
0,-1.4739478263035513,0,0
0,-1.0132814909713028,0,0
0,-2.377765542112274,0,0
0,-0.8449173088039716,0,0
0,-1.0384729365710221,0,0
0,-0.24361861264326234,0,0
0,-1.5684277798939894,0,0
0,-2.407001714694237,0,0
0,-1.6083031797583311,0,0
0,-2.5585877006681974,0,0
0,-1.5074335011296316,0,0
0,-2.246561182179597,0,0
0,-1.296081481164647,0,0
0,-0.9726409161618401,0,0
0,-1.7191579430231334,0,0
0,-1.0063516563003352,0,0
0,-1.3413121358690268,0,0
0,-1.128982053636462,0,0
0,-2.347637726413179,0,0
0,-1.235483933911619,0,0
0,-2.06483196940665,0,0
0,-1.0432468854436046,0,0
0,-1.2723617349739862,0,0
0,-1.9482707107775896,0,0
0,-1.791966432237699,0,0
0,-1.7503387936271706,0,0
0,-2.645525107510978,0,0
0,-1.7843653839607378,0,0
0,-1.7117254589763742,0,0
0,-1.2641486903714154,0,0
0,-2.2142996687250474,0,0
0,-1.8466929596889106,0,0
0,-0.42519508961251656,0,0
0,-1.5576067651125456,0,0
0,-2.262377518728339,0,0
0,-1.4845265161851484,0,0
0,-1.5951986106062168,0,0
0,-1.2170136136151015,0,0
0,-1.4526446065603658,0,0
0,-0.7494910134289912,0,0
0,-1.1187115251073652,0,0
0,-1.769246306065733,0,0
0,-0.17981050239369822,0,0
0,-0.9426803574156346,0,0
0,-2.1263285685243214,0,0
0,-2.084166387143268,0,0
0,-1.6947362567701314,0,0
0,-1.5595008273611706,0,0
0,-1.1598031907403286,0,0
0,-2.0882723522721403,0,0
0,-1.389545729143951,0,0
0,-1.369878464675393,0,0
0,-1.578750229899149,0,0
0,-0.6589981985823963,0,0
0,-2.2310477856099573,0,0
0,-1.4010519731097273,0,0
0,-2.5933031595645266,0,0
0,-1.7835654119002533,0,0
0,-0.9206488676260243,0,0
0,-2.5850815668999547,0,0
0,-1.6109778804724346,0,0
0,-0.9320269502319938,0,0
0,-1.2537407709771153,0,0
0,-1.2385111475441026,0,0
0,-0.2631192052889465,0,0
0,-2.0739434333659568,0,0
0,-0.5711094922700596,0,0
0,-0.8200758670631583,0,0
0,-1.5794868542902711,0,0
0,-1.1307450362461382,0,0
0,-0.6954646756606104,0,0
0,-0.5952211142521034,0,0
0,-1.7840649911310393,0,0
0,-0.8476922718347695,0,0
0,-1.3567253074445467,0,0
0,-1.1245173334074872,0,0
0,-1.6237077210977922,0,0
0,-1.1112284118884084,0,0
0,-0.9324741273244215,0,0
0,-1.3244126962864093,0,0
0,-1.7577501764430636,0,0
0,-1.8300909639068506,0,0
0,0.08035003178863631,0,1
0,-1.4483327767158367,0,0
0,-1.5228753719628314,0,0
0,-2.043371522431482,0,0
0,-1.1487616260334117,0,0
0,-0.9526241428169755,0,0
0,-1.8780124237665243,0,0
0,-2.4362981050045667,0,0
0,-1.7787497379363293,0,0
0,-1.047509715347394,0,0
0,-2.077031373783906,0,0
0,-0.423229730427861,0,0
0,-2.118536454013974,0,0
0,-1.65501843790136,0,0
0,-1.3674359047859426,0,0
0,-0.041233010501371514,0,0
0,-1.2386578545662552,0,0
0,-1.522248530182552,0,0
0,-1.5515880734556773,0,0
0,-1.6134560869506815,0,0
0,-0.9141238026461911,0,0
0,-2.502410305128258,0,0
0,-3.105619636493044,0,0
0,-0.9832485063721235,0,0
0,-1.9786958115993023,0,0
0,-2.0005247406611257,0,0
0,-0.6941859195873332,0,0
0,-2.840727448256588,0,0
0,-2.5215605238038474,0,0
0,-1.3347468512052412,0,0
0,-1.4425558940385164,0,0
0,-1.1453631948611407,0,0
0,-1.6306535265846993,0,0
0,-1.1296344051236415,0,0
0,-2.2222088142623,0,0
0,-1.2440198068705537,0,0
0,-1.9493266109972058,0,0
0,-1.3730767970357263,0,0
0,-1.0754256489901104,0,0
0,-1.574652511263123,0,0
0,-1.8311309225313341,0,0
0,-2.198193771892721,0,0
0,0.42251159175070524,1,1
0,-3.217586185667975,0,0
0,-1.2797611791020103,0,0
0,-1.1299474034158978,0,0
0,-2.281129187293472,0,0
0,-1.5725376093365342,0,0
0,-1.2763523654802562,0,0
0,-1.9170553603600518,0,0
0,-2.2227882209754717,0,0
0,-2.397950614751657,0,0
0,-1.8987020724883314,0,0
0,-0.36015389083483873,0,0
0,-1.9267067810833078,0,0
0,-2.0995215465689228,0,0
0,-1.687183728152811,0,0
0,-0.4646585358570847,0,0
0,-2.698971007850252,0,0
0,-2.4426109560263494,0,0
0,-2.276179602221231,0,0
0,-1.6013357144210456,0,0
0,-0.8490168457059946,0,0
0,-2.421184580017726,0,0
0,-1.6613387725210245,0,0
0,-1.332749135261684,0,0
0,-1.9270302756244153,0,0
0,-2.1050707217549567,0,0
0,-1.0409752027618948,0,0
0,0.3678202127920907,1,1
0,-1.0897265480616072,0,0
0,-1.8148919363119678,0,0
0,-2.2343323068559977,0,0
0,-1.519461773355303,0,0
0,-0.32580689586214284,0,0
0,-1.9207826882581294,0,0
0,-1.6211963108680771,0,0
0,-1.1574493417398697,0,0
0,0.157012178096882,1,1
0,-0.8592692673231028,0,0
0,-2.1563359289938386,0,0
0,-1.9849573536371103,0,0
0,-1.971257087294507,0,0
0,-1.3238794554217448,0,0
0,-2.5330178072932448,0,0
0,-1.192787009767685,0,0
0,-1.7373541484732313,0,0
0,-1.5249370475788764,0,0
0,-1.2184958626609954,0,0
0,-2.2354453993028724,0,0
0,-1.5927819165647201,0,0
0,-2.5187461710825496,0,0
0,-1.9164510386018316,0,0
0,-1.2048548956653742,0,0
0,-2.170188140791821,0,0
0,-1.1920613498491386,0,0
0,-1.8799211617773794,0,0
0,-1.6998289953547763,0,0
0,-1.4449639804636385,0,0
0,-1.0933844003275648,0,0
0,-1.3810711134355447,0,0
0,-1.5768195495718142,0,0
0,-1.5200660963729633,0,0
0,-2.565228659082762,0,0
0,-1.3242709691723866,0,0
0,-0.26723826097533704,0,0
0,-1.1902066384817476,0,0
0,-0.6273400196936842,0,0
0,-1.4477926905894576,0,0
0,-0.8786979789948102,0,0
0,-1.0079911265495487,0,0
0,-0.5790847880349684,0,0
0,-2.5965169639306187,0,0
0,-0.7831688174086073,0,0
0,-2.532128577060442,0,0
0,-1.9083152243086208,0,0
0,-1.9012495466289148,0,0
0,-1.0690725550191298,0,0
0,-1.3339457277615825,0,0
0,-0.33182434792428706,0,0
0,-2.2278575440567905,0,0
0,-1.9954349631940587,0,0
0,-0.7105433399309247,0,0
0,-2.3422275575000926,0,0
0,-0.6258580874158324,0,0
0,-1.6980607148862235,0,0
0,-1.2215917531039093,0,0
0,-1.5977327098264114,0,0
0,-0.5956149774550928,0,0
0,-1.4444411139463835,0,0
0,-1.7737473515229822,0,0
0,-1.580713177276074,0,0
0,-1.8112950313257314,0,0
0,-0.19995048157427694,0,0
0,-1.0460799936001093,0,0
0,-1.9224947234199303,0,0
0,-1.8076119791045442,0,0
0,-2.1550141034275923,0,0
0,-1.407768129829435,0,0
0,-1.9551810837660881,0,0
0,-1.0161614704299,0,0
0,-1.0591769407587268,0,0
0,-1.7706460660790992,0,0
0,-1.5060031544107628,0,0
0,-1.101144495793456,0,0
0,-1.5148057295298583,0,0
0,-2.2926550718211454,0,0
0,-1.6851915315104802,0,0
0,-1.6407617491290183,0,0
0,-1.0802494485638172,0,0
0,-2.0269028370402458,0,0
0,-1.160340183376229,0,0
0,-1.9276657134395685,0,0
0,-1.378574027690866,0,0
0,-1.372742257598997,0,0
0,-2.3679863956521965,0,0
0,-1.5410882324928772,0,0
0,-0.3886744289839382,0,0
0,-2.8130113998654696,0,0
0,-0.6271956789644373,0,0
0,-2.025621493301564,0,0
0,-1.8306245141432156,0,0
0,-0.9742830103901075,0,0
0,-2.3615396865144884,0,0
0,-1.8848261394861257,0,0
0,-2.0736597945418684,0,0
0,-1.82781639527823,0,0
0,-2.3146258380921143,0,0
0,-1.3072711831795865,0,0
0,-1.4378041994997333,0,0
0,-1.7992873429359777,0,0
0,-1.5902083040902284,0,0
0,-2.4513410337104564,0,0
0,-2.7615016721812733,0,0
0,-1.7931508795942046,0,0
0,-2.1878628323228275,0,0
0,-1.8534596831414623,0,0
0,-1.9302135234118727,0,0
0,-1.776428300675521,0,0
0,0.16340248398438623,1,1
0,-0.6021317301859452,0,0
0,-0.8083359878471621,0,0
0,-1.2407112923344685,0,0
0,-1.3093843928960591,0,0
0,-2.172003990638571,0,0
0,-1.4795431008754432,0,0
0,0.17924708541382023,1,1
0,-1.5235125531688185,0,0
0,-1.6054892713961737,0,0
0,-0.7912458289981581,0,0
0,0.460745938295614,1,1
0,-1.6710171178704187,0,0
0,-0.8587847147364083,0,0
0,-0.9676166685713044,0,0
0,-2.295556389799817,0,0
0,-2.0817137282106,0,0
0,-1.5813281746441377,0,0
0,-1.737219524051363,0,0
0,-1.3402662642740109,0,0
0,-1.1092115443166164,0,0
0,-2.4221369307468725,0,0
0,-1.0525552670468175,0,0
0,-2.417501686384006,0,0
0,-0.5175037738933804,0,0
0,-1.1663376886900083,0,0
0,-1.567167594999186,0,0
0,-2.144125596262088,0,0
0,-1.5838618161683553,0,0
0,-1.2327823212121343,0,0
0,-1.86994387645597,0,0
0,-1.67449214975943,0,0
0,-1.6380327872879274,0,0
0,-2.5833429051690504,0,0
0,-1.3625074131852122,0,0
0,-1.910605384058407,0,0
0,-0.36669779535482955,0,0
0,-1.535482131913494,0,0
0,-1.2903663171712814,0,0
0,-1.5338543542393461,0,0
0,-1.104571806936344,0,0
0,-1.4583581798134713,0,0
0,-1.7511842958071533,0,0
0,-0.6933721869587425,0,0
0,-1.8956459577827585,0,0
0,-1.4512686998506752,0,0
0,-2.3452532764103218,0,0
0,-2.307083608698675,0,0
0,-0.634335344552541,0,0
0,-0.4180451550051479,0,0
0,-2.5198869330561626,0,0
0,0.14197310484499992,1,1
0,-1.4300535180497111,0,0
0,-3.072059392636116,0,0
0,-1.6445750828462287,0,0
0,-2.692953661334901,0,0
0,-1.4175085317413596,0,0
0,-1.603796962999867,0,0
0,-0.39939985508675535,0,0
0,-1.3870213940251583,0,0
0,-1.752673647698793,0,0
0,-1.202743000651626,0,0
0,-1.60686573441989,0,0
0,-2.8683200636660717,0,0
0,-2.102082803870062,0,0
0,-1.3717551836478177,0,0
0,-1.6730487592039027,0,0
0,-1.7397947081863616,0,0
0,-1.8063702228033278,0,0
0,-1.1830893917972292,0,0
0,-1.348727949996106,0,0
0,-1.6089781046986986,0,0
0,-2.1983338586161554,0,0
0,-2.3708573861870557,0,0
0,-1.0715887946354665,0,0
0,-1.865347446354802,0,0
0,-1.7901663067041564,0,0
0,-1.9081384682362519,0,0
0,-1.2591277298089119,0,0
0,-1.916740565262673,0,0
0,-1.3942944787695328,0,0
0,-2.3220418645751497,0,0
0,-1.5336436471626624,0,0
0,-2.2939378245455693,0,0
0,-0.656261999075527,0,0
0,-2.0965342358407226,0,0
0,-1.4358680887670905,0,0
0,-0.29002834107735,0,0
0,-1.511987828255084,0,0
0,-1.955486618439182,0,0
0,-1.5509508910889391,0,0
0,-0.5953704156876741,0,0
0,-2.678823500358051,0,0
0,-1.5276379381018423,0,0
0,-1.5486995612584384,0,0
0,-2.1484355979851144,0,0
0,-2.42200443128651,0,0
0,-1.148044209833326,0,0
0,-1.7680794932851398,0,0
0,-1.479787393229579,0,0
0,-1.3954805076126953,0,0
0,-2.866934942678468,0,0
0,-1.3027378361928348,0,0
0,-0.6986262344186817,0,0
0,-2.1200032926448302,0,0
0,-2.6312428027507626,0,0
0,-1.5739677433845967,0,0
0,-1.8232829391247312,0,0
0,-0.8099743281509055,0,0
0,-1.8122899796990148,0,0
0,-2.0229486637965963,0,0
0,-1.3606725502844672,0,0
0,-1.264581726462441,0,0
0,-1.8529031290103184,0,0
0,-2.361479909708122,0,0
0,-0.8862738123659699,0,0
0,-2.6600999155054064,0,0
0,-1.6804555728392983,0,0
0,-1.586717696605262,0,0
0,-2.6508372202445867,0,0
0,-1.934108905435751,0,0
0,-1.0027068739209815,0,0
0,-1.7142440444461058,0,0
0,-2.2822920935790125,0,0
0,-2.7010171836558166,0,0
0,-1.8306656332762208,0,0
0,-2.1553437594607843,0,0
0,-0.5248666943446887,0,0
0,-1.9549417139503034,0,0
0,-2.2462212720398105,0,0
0,-0.4686835984804952,0,0
0,-2.0036553107189814,0,0
0,-1.269575448901783,0,0
0,-2.6751766686400065,0,0
0,-0.7539945315815006,0,0
0,-1.9143364773193856,0,0
0,-1.1752928865496295,0,0
0,-1.689866478125213,0,0
0,-1.8684043041011353,0,0
0,-0.45287668047526514,0,0
0,-1.3819563499477425,0,0
0,-1.6350085892042097,0,0
0,-2.185487718427517,0,0
0,-2.136952991423686,0,0
0,-0.955008979790424,0,0
0,-0.9643726247143867,0,0
0,-0.18343828138705306,0,0
0,-0.8726988230561796,0,0
0,-1.7896562677861008,0,0
0,-2.0356549942077242,0,0
0,-2.037079890963184,0,0
0,-1.644977504625791,0,0
0,-0.8487498465347867,0,0
0,-1.7993445747555894,0,0
0,-2.983315104606961,0,0
0,-1.6150456917010847,0,0
0,-1.5089249524595638,0,0
0,-1.7237567596447612,0,0
0,-1.3309935640415065,0,0
0,-0.1656070578874281,0,0
0,-0.3141840474745822,0,0
0,-0.24518515492861065,0,0
0,-1.849388020413088,0,0
0,-1.4514358731922303,0,0
0,-1.745958431887305,0,0
0,-1.7760966040629398,0,0
0,-2.792110694257773,0,0
0,-1.9926243278398392,0,0
0,-1.1325388877080804,0,0
0,-1.8052809777577146,0,0
0,-1.2697804361674727,0,0
0,-2.1968338783158186,0,0
0,-2.536076748947745,0,0
0,-1.2518885772661867,0,0
0,-0.9332954627239249,0,0
0,-0.7502664872723648,0,0
0,-1.217656376162007,0,0
0,-0.7351030282820689,0,0
0,-1.0411691640618452,0,0
0,-2.251023590866143,0,0
0,-0.5421265207830489,0,0
0,-0.5055642482916092,0,0
0,-1.406835616882371,0,0
0,-1.743868463853244,0,0
0,-1.582917811706959,0,0
0,-0.7828500952202623,0,0
0,-1.2330360703987686,0,0
0,-2.213045786419845,0,0
0,-1.1765086103635571,0,0
0,-1.84147093640007,0,0
0,-1.3784159385283463,0,0
0,-1.3999880882287938,0,0
0,-2.523638471261385,0,0
0,-1.6427417972342508,0,0
0,-2.171981551264359,0,0
0,-2.492576318467775,0,0
0,-0.983708751487582,0,0
0,-1.60312314490946,0,0
0,-0.36463671751548676,0,0
0,-1.9493922875453893,0,0
0,-1.0805161778125025,0,0
0,-0.6548685538022496,0,0
0,-2.333616271746151,0,0
0,-2.201737738135862,0,0
0,-0.7356551927284847,0,0
0,-2.469199856714379,0,0
0,-0.6721929194812938,0,0
0,-0.9643753526785392,0,0
0,-2.2924284191249957,0,0
0,-1.0434892840183347,0,0
0,-1.4966756918306539,0,0
0,-1.6245667697053219,0,0
0,-1.6947670012450011,0,0
0,-0.8660832733909738,0,0
0,-1.2852244521110385,0,0
0,-1.8746625390122593,0,0
0,-0.6182989761993976,0,0
0,-2.0996989412467832,0,0
0,-1.0819977591316912,0,0
0,-1.6106656181356411,0,0
0,-1.6849737837621241,0,0
0,-1.2604845881395814,0,0
0,-0.0613289896911402,0,0
0,-1.8943163306898674,0,0
0,-1.5134426331040758,0,0
0,-1.8671466781299773,0,0
0,-1.2148387495753112,0,0
0,-1.2658446184831902,0,0
0,-0.49953742065976176,0,0
0,-1.1782111084807285,0,0
0,-1.3503870611796018,0,0
0,-1.5637908461811778,0,0
0,-1.5274812337450836,0,0
0,-1.1790653753809737,0,0
0,-1.163364479370588,0,0
0,-2.277382103179958,0,0
0,-0.843333964932433,0,0
0,-1.5396413703436886,0,0
0,-1.8043648866105795,0,0
0,-1.6615068629729903,0,0
0,-1.6589733109959932,0,0
0,-1.3530146705185175,0,0
0,-0.8620505640420728,0,0
0,-1.8254970285963474,0,0
0,-1.7619414760032535,0,0
0,-0.9469665960680609,0,0
0,-1.126574436327064,0,0
0,-1.8500812406122034,0,0
0,-2.346580617529753,0,0
0,-1.7140131537044194,0,0
0,-2.208087961275365,0,0
0,-2.5330143982366717,0,0
0,-0.2183625055896838,0,0
0,-0.670010139753642,0,0
0,-1.5154525720436087,0,0
0,-1.5635794722538598,0,0
0,-1.0110413765630974,0,0
0,-1.900260437526716,0,0
0,-1.1547622920027416,0,0
0,-0.9073803366916107,0,0
0,-1.4422061118152218,0,0
0,-1.3581679524582297,0,0
0,-0.8800396738523792,0,0
0,-2.0574563135314574,0,0
0,-2.412250185829777,0,0
0,-0.6301911225110842,0,0
0,-1.1046597077375662,0,0
0,-1.0160943114407417,0,0
0,-1.8943405567297342,0,0
0,-1.5366894641550728,0,0
0,-0.8739601945442452,0,0
0,-1.7348458205201638,0,0
0,-2.293102645943628,0,0
0,-1.5787897665109096,0,0
0,-0.8931303179912915,0,0
0,-1.4911534983714432,0,0
0,-1.167471244656904,0,0
0,-1.6228559423828608,0,0
0,-2.7555269055391802,0,0
0,-1.3173764539563015,0,0
0,-2.4967999172203026,0,0
0,-0.537306153894768,0,0
0,-1.8819684527945448,0,0
0,-1.3797196140269672,0,0
0,0.13845489033706238,1,1
0,-2.059055627068894,0,0
0,-2.092145409712998,0,0
0,-1.8122958363831667,0,0
0,-2.5484074262652503,0,0
0,-1.7607379397108744,0,0
0,-1.5257461241775498,0,0
0,-2.8870940561231637,0,0
0,-1.4081493302797072,0,0
0,-1.6591527234762289,0,0
0,-1.5320732823771233,0,0
0,-2.0490600271699115,0,0
0,-0.9029738272394907,0,0
0,-1.4109840627108177,0,0
0,-0.5155554295268208,0,0
0,-1.020047451352747,0,0
0,-1.3164760633069141,0,0
0,-1.0957253795102628,0,0
0,-1.025471203150025,0,0
0,-2.270722108150483,0,0
0,-1.4880770186101342,0,0
0,-1.9742393453599363,0,0
0,-1.7990121103242103,0,0
0,-0.07713302970247898,0,0
0,-0.43369038178621155,0,0
0,-2.221621840318875,0,0
0,-1.7256754309696216,0,0
0,-1.487536004739334,0,0
0,-1.2782708528712174,0,0
0,-1.4560306041188902,0,0
0,-1.6491615659800514,0,0
0,-1.0389002874288273,0,0
0,-1.2558287791491598,0,0
0,-0.6540836529984089,0,0
0,-1.3381195387105138,0,0
0,-0.5496097344622746,0,0
0,-1.8719514795085699,0,0
0,-1.1982901176667087,0,0
0,-1.8789786237774528,0,0
0,-1.9377405139694988,0,0
0,-1.1442873659475112,0,0
0,-2.443498392689968,0,0
0,-1.8180015421804177,0,0
0,-1.4972232441828341,0,0
0,-1.4391077223882545,0,0
0,-0.44593940535693555,0,0
0,-0.9334106401569269,0,0
0,-0.790961902158935,0,0
0,-1.4110236045958395,0,0
0,-0.9608910949155283,0,0
0,-1.2974688499031264,0,0
0,-1.0378004042927504,0,0
0,-2.544653542195248,0,0
0,-1.7495436028984204,0,0
0,-2.1328995014445886,0,0
0,-1.002303926139014,0,0
0,-2.1190046594620613,0,0
0,-1.4756516079059236,0,0
0,-1.6659433848433343,0,0
0,-0.9835604527102992,0,0
0,-3.277580481480089,0,0
0,-0.5994536218215729,0,0
0,-0.7927070520232737,0,0
0,-2.2418032165440542,0,0
0,-0.9296657438676021,0,0
0,-2.6165597463463928,0,0
0,-1.1332262918143854,0,0
0,-1.7885608124320473,0,0
0,-1.4849176237309931,0,0
0,-1.1715413045542906,0,0
0,-1.1799985412558236,0,0
0,-1.4765039261970307,0,0
0,-1.6714698613807861,0,0
0,-0.4542065484084601,0,0
0,-1.2831626994132734,0,0
0,-1.8122494667401374,0,0
0,-1.9235440697679553,0,0
0,-2.7885138610700118,0,0
0,-1.9587926952809314,0,0
0,-2.793676497583262,0,0
0,-0.49509338144717885,0,0
0,-1.5295020751544333,0,0
0,-2.0554729994102003,0,0
0,-2.3419467684084525,0,0
0,-1.6485478041109007,0,0
0,-1.5166898576888432,0,0
0,-1.249140387009939,0,0
0,-1.0786925436880077,0,0
0,-0.2738421426936926,0,0
0,-1.1536358539561185,0,0
0,-1.2659152709858612,0,0
0,-1.2544976521844067,0,0
0,0.07808279147295777,0,1
0,-1.6395257750772179,0,0
0,-2.1100172087676734,0,0
0,-1.8129826274189544,0,0
0,-0.04780336750602587,0,0
0,-1.5267564161622902,0,0
0,-1.052408255687178,0,0
0,-1.8625611618852562,0,0
0,-1.0107175440481924,0,0
0,-1.5466460865893064,0,0
0,-0.26197737714265473,0,0
0,-3.0637068985422378,0,0
0,-1.4872249873168264,0,0
0,-1.4040675548705424,0,0
0,-2.0903956161411386,0,0
0,-1.8754896483930135,0,0
0,-0.8815732045647164,0,0
0,-2.072302120188647,0,0
0,-1.3403820621872427,0,0
0,-0.39099123459445184,0,0
0,-1.0693653730692159,0,0
0,-2.787867325971094,0,0
0,-2.110898046912464,0,0
0,-1.979645026050106,0,0
0,-1.7228096883992023,0,0
0,-1.7949629641732754,0,0
0,-1.111354689399916,0,0
0,-1.1659213059893543,0,0
0,-2.120406577521871,0,0
0,-0.9065508184521647,0,0
0,-1.3398679560791928,0,0
0,-1.6857919571879667,0,0
0,-1.1924540952873428,0,0
0,-1.2274174297825897,0,0
0,-2.360258886574726,0,0
0,-1.4446116311910615,0,0
0,-1.557562778818549,0,0
0,-1.9685718108624135,0,0
0,-1.203098334474899,0,0
0,-2.2808613087554206,0,0
0,-1.7339849473419182,0,0
0,-1.2858918371919976,0,0
0,-1.7287044060585977,0,0
0,-2.7917047009701363,0,0
0,-2.052263432259666,0,0
0,-0.9554283666778287,0,0
0,-2.523717408377855,0,0
0,-2.32744034374073,0,0
0,0.531022827624438,1,1
0,-0.4143434584107625,0,0
0,-2.251383603893782,0,0
0,-1.2475221199470568,0,0
0,-1.4584122743167018,0,0
0,-1.1905398052310523,0,0
0,-2.0415294847471794,0,0
0,-0.9709784550092606,0,0
0,-1.7490059350358378,0,0
0,-2.0425265160963937,0,0
0,-1.7196814922250607,0,0
0,-2.796819359552573,0,0
0,-1.8140704938283558,0,0
0,-1.7626855552649923,0,0
0,-0.7629924843931704,0,0
0,-1.5245217425691355,0,0
0,-2.5509528700649424,0,0
0,-1.4691223804870222,0,0
0,-1.858263009635524,0,0
0,-2.0859274137500687,0,0
0,-1.523484096701624,0,0
0,-2.587691857892514,0,0
0,-1.022688925689197,0,0
0,-0.6089448445437384,0,0
0,-1.9287734250291224,0,0
0,-1.2219462233365508,0,0
0,-0.8680680387676007,0,0
0,-1.5003826346699096,0,0
0,-1.758634746602675,0,0
0,-0.3252816056744988,0,0
0,-0.7408370568368988,0,0
0,-0.8414513982784579,0,0
0,-1.871440564724825,0,0
0,-1.4219861200518635,0,0
0,-2.431714995128518,0,0
0,-1.9347127247084817,0,0
0,-1.5152338613004914,0,0
0,-2.5778648779030515,0,0
0,-1.6111549828719018,0,0
0,-1.8289634750779178,0,0
0,-2.250651171676756,0,0
0,-2.3689125705931344,0,0
0,-0.799952794698078,0,0
0,-0.9483874048314074,0,0
0,-1.066298694656176,0,0
0,-1.2082978705939482,0,0
0,-2.2211130298791315,0,0
0,-0.5195463003863781,0,0
0,-1.4200763774100054,0,0
0,-1.9065622609454085,0,0
0,-2.03976027163138,0,0
0,-1.693887114987258,0,0
0,-1.4459749402921152,0,0
0,-1.6216025071752225,0,0
0,-1.8207342049938278,0,0
0,-2.1600643082141437,0,0
0,-0.4464566753027474,0,0
0,-1.497299998665036,0,0
0,-0.28158746884702374,0,0
0,-0.5532108091937732,0,0
0,-1.2100996065186453,0,0
0,-2.411227620016518,0,0
0,-1.861211526696188,0,0
0,-2.3933789319149072,0,0
0,-2.1876618761311373,0,0
0,-0.29939248948721786,0,0
0,-2.4319083926866316,0,0
0,-1.214543738141573,0,0
0,-1.129178835560438,0,0
0,-1.893307406622307,0,0
0,-0.7015792172158319,0,0
0,-1.724435691414235,0,0
0,-1.2285461848642958,0,0
0,-1.3299997675954653,0,0
0,-1.6911111685957447,0,0
0,-0.8344552626637687,0,0
0,-2.3464476586962673,0,0
0,-1.8612577097663279,0,0
0,-1.1356445976738863,0,0
0,-0.19270359821802305,0,0
0,-2.168766708059989,0,0
0,-2.460982495404717,0,0
0,-1.501536240890822,0,0
0,-2.25035334315537,0,0
0,-1.9641700959900792,0,0
0,-2.1296274279908625,0,0
0,-1.6097954489795656,0,0
0,-2.0354424946661536,0,0
0,-1.3933341755674185,0,0
0,-1.5087279777228397,0,0
0,-2.5190437209364718,0,0
0,-1.3728813940162152,0,0
0,-1.6948738027699815,0,0
0,-1.0386340197029578,0,0
0,-2.2525941392457924,0,0
0,-2.2087982945197617,0,0
0,-1.055572062354106,0,0
0,-0.5260568222211142,0,0
0,-2.1773322093891294,0,0
0,-1.98744876313113,0,0
0,-2.8364984738666226,0,0
0,-1.3759666860066397,0,0
0,-2.3884205884943057,0,0
0,-2.144291668722315,0,0
0,-2.7976327626427233,0,0
0,-1.691423875822129,0,0
0,-1.4971662388507414,0,0
0,-1.86461482610479,0,0
0,-1.8985222299505058,0,0
0,-1.7345694721440241,0,0
0,-1.5953046441294705,0,0
0,-2.189472909762765,0,0
0,-0.48701671408391545,0,0
0,-0.7017038937716508,0,0
0,-1.5870878955886085,0,0
0,-1.5231089311903576,0,0
0,-0.2502974084383249,0,0
0,0.555027783366431,1,1
0,-1.9063739404815752,0,0
0,-2.2735837770458662,0,0
0,-0.7854818330646776,0,0
0,-1.020179573201317,0,0
0,-0.6851334723041721,0,0
0,-1.2553141084630213,0,0
0,-1.3187960543772481,0,0
0,-0.1424408710729577,0,0
0,-0.19727181309386027,0,0
0,-0.7970843714010256,0,0
0,-0.9292078080006487,0,0
0,-1.6185926260149766,0,0
0,-2.0255760946716737,0,0
0,-1.6287051697638,0,0
0,-1.2303506647899543,0,0
0,-1.7597169842461104,0,0
0,-1.462593834259774,0,0
0,-1.7971197620582144,0,0
0,-1.4306205722363152,0,0
0,-2.7954440080993668,0,0
0,-0.7655631965966264,0,0
0,-1.8699925914146274,0,0
0,-1.541316719244572,0,0
0,-2.120976966552452,0,0
0,-2.180522321523662,0,0
0,-1.7310944602973086,0,0
0,-1.253870828677678,0,0
0,-1.7959188469688159,0,0
0,0.0709637664610065,0,1
0,-1.4950627889727952,0,0
0,-1.3249231273712945,0,0
0,-1.7281648025364627,0,0
0,-1.4652115115700388,0,0
0,-2.930152186073669,0,0
0,-1.8557505809117614,0,0
0,-1.8730950842664367,0,0
0,-2.3272602722328615,0,0
0,-0.6876974546511261,0,0
0,-0.9847718398321914,0,0
0,-1.2569676098016997,0,0
0,-1.971187154942038,0,0
0,-1.7774852733815905,0,0
0,-0.5381313532993555,0,0
0,-0.6814190025468421,0,0
0,0.8349832324822595,1,1
0,-1.9105328180543155,0,0
0,-1.6173374392014088,0,0
0,-2.18107942887983,0,0
0,-2.84296911109973,0,0
0,-1.195213241699049,0,0
0,-1.7037618657001135,0,0
0,-0.9298218447906017,0,0
0,-1.6834487748429743,0,0
0,-0.9077358781353388,0,0
0,-0.9338404187105331,0,0
0,-2.036756570428872,0,0
0,-2.1664610769119794,0,0
0,-1.2016486594317075,0,0
0,-0.9687408472646517,0,0
0,-1.3124424869084443,0,0
0,0.17519229905299,1,1
0,-1.2622114418182544,0,0
0,-1.6642456078323815,0,0
0,-2.1108174942635602,0,0
0,-1.9077400982362545,0,0
0,-2.4995959923100974,0,0
0,-2.5015316048630853,0,0
0,-1.484872809279551,0,0
0,-1.683141176329225,0,0
0,-1.7096540711224921,0,0
0,-1.6969071638947575,0,0
0,-0.729262405719483,0,0
0,-2.4087469365946568,0,0
0,-1.9187036076445596,0,0
0,-1.6017190954345144,0,0
0,-2.1182713181834605,0,0
0,-1.9764391803897874,0,0
0,-1.6767118212305208,0,0
0,-1.4789967656398852,0,0
0,-1.4006472217421642,0,0
0,-1.943321730977587,0,0
0,-1.23826973802486,0,0
0,-1.7170073230920304,0,0
0,-2.050992128068716,0,0
0,-1.172856704201604,0,0
0,-2.1333124768799268,0,0
0,-2.281479273802906,0,0
0,-0.7308070079090833,0,0
0,-1.576102811496995,0,0
0,-2.2740952065445734,0,0
0,-1.4662646489020856,0,0
0,-1.0649746407818024,0,0
0,-1.5988312171158443,0,0
0,-1.6772740913843418,0,0
0,-0.08459425761579048,0,0
0,-1.0703313600876423,0,0
0,-1.1747305560611252,0,0
0,0.11776170078138298,1,1
0,-1.1354368153252552,0,0
0,-1.9419611503147982,0,0
0,-2.44068225152288,0,0
0,-1.9809762421797565,0,0
0,-2.0790422849367594,0,0
0,-2.90196249785579,0,0
0,-2.109433114271253,0,0
0,-2.1887202565377386,0,0
0,-1.5460293800444969,0,0
0,-0.6999606818848527,0,0
0,-2.014069135382868,0,0
0,-1.031702330797126,0,0
0,-0.8773840440227778,0,0
0,-1.7737521087776964,0,0
0,-1.5413267890005629,0,0
0,-0.5488939863243353,0,0
0,-1.4185461647102002,0,0
0,-1.4432526754182096,0,0
0,-1.1704841618111481,0,0
0,-2.124458012707988,0,0
0,-1.4829219284931738,0,0
0,-2.508503776957693,0,0
0,-1.6207982883428609,0,0
0,-2.5778748627559587,0,0
0,-0.9977026763764951,0,0
0,-2.813529185234551,0,0
0,-2.0158716043959295,0,0
0,-1.0301360834301425,0,0
0,-1.2345696450068055,0,0
0,-2.3527190680605163,0,0
0,-1.3169498112633429,0,0
0,-1.926178997498222,0,0
0,-1.7090405341752306,0,0
0,-1.4181529414258478,0,0
0,-0.8517259047158614,0,0
0,-1.8793762073025777,0,0
0,-2.639557174851523,0,0
0,-0.7437662631981842,0,0
0,-1.7839925152790304,0,0
0,-1.6571049823082677,0,0
0,-1.0087918524705701,0,0
0,-1.6031736120636855,0,0
0,-1.1097919056812087,0,0
0,-0.8534618994096095,0,0
0,-1.8517310141848091,0,0
0,-2.463442193163888,0,0
0,-1.277424093421719,0,0
0,-1.4185622244620861,0,0
0,-1.9881378426206193,0,0
0,-1.1618707283365988,0,0
0,-1.6683940244467699,0,0
0,-1.730039001564142,0,0
0,-1.2904398458646422,0,0
0,-1.7789329473998399,0,0
0,-1.749551687454384,0,0
0,-0.9498069641861802,0,0
0,-1.2733390073873003,0,0
0,-1.390917521861146,0,0
0,-2.643717926339535,0,0
0,-0.8703616877042537,0,0
0,-1.7144059423414277,0,0
0,-2.1208935102409976,0,0
0,-1.5165662211739865,0,0
0,-1.156747596820027,0,0
0,-1.177744657880656,0,0
0,-1.6791393290811671,0,0
0,-0.06558622194811015,0,0
0,-2.077668228781689,0,0
0,-2.5049128311991318,0,0
0,-2.004505605975013,0,0
0,-1.9607692399460077,0,0
0,-2.382510040595186,0,0
0,-1.2499310409706617,0,0
0,-2.319696263574129,0,0
0,-1.119518097882472,0,0
0,-1.1166143016003485,0,0
0,-1.042377920893882,0,0
0,-0.9354260483840406,0,0
0,-2.389847100951374,0,0
0,-1.711828054627249,0,0
0,-2.695043487256674,0,0
0,-2.253857476052419,0,0
0,-1.1592811484226209,0,0
0,-2.0164952090668202,0,0
0,-1.635636853195691,0,0
0,-2.4105661067314346,0,0
0,-1.2821938646752218,0,0
0,-1.2846487172741363,0,0
0,-2.1388398969717715,0,0
0,-1.5256093291637722,0,0
0,-1.7032729060390992,0,0
0,-1.592251662547711,0,0
0,-2.2815010830485187,0,0
0,-0.7745609949470766,0,0
0,-2.6482446134680937,0,0
0,-1.5619273679030405,0,0
0,-1.3657729656886248,0,0
0,-2.745279393096479,0,0
0,-1.5288899784997565,0,0
0,-1.9839193787537135,0,0
0,-1.7923875201819812,0,0
0,-1.5969041688879508,0,0
0,-1.6835641057048365,0,0
0,-2.1285702029124365,0,0
0,-2.3640613748180774,0,0
0,-1.21449008053046,0,0
0,-2.113843052698616,0,0
0,-1.2300390236077317,0,0
0,-1.5768715108459352,0,0
0,-1.2272316056939598,0,0
0,0.20007208882993982,1,1
0,-0.41653922523003395,0,0
0,-2.0305804296396848,0,0
0,-0.45543079436869793,0,0
0,-2.5155490543627184,0,0
0,-0.7586302876688891,0,0
0,-0.9408634559060816,0,0
0,-2.629815176089603,0,0
0,-1.1680358893746559,0,0
0,-0.9245218578643697,0,0
0,-2.6514156980234667,0,0
0,-0.5269906473464464,0,0
0,-1.6979816458146788,0,0
0,-0.4456374467688674,0,0
0,-1.423569993779384,0,0
0,-1.9985783627469471,0,0
0,-1.2324830881695217,0,0
0,-1.4709545523510896,0,0
0,-0.7357494372195899,0,0
0,-1.1747792544436424,0,0
0,-1.7534158946342349,0,0
0,-3.1059735154921997,0,0
0,-1.5154759803415927,0,0
0,-2.0333237137097813,0,0
0,-1.06872787653702,0,0
0,-1.4542733424625671,0,0
0,-1.7536010042784314,0,0
0,-0.7256631043526018,0,0
0,-1.2302399222835378,0,0
0,-1.243939924402477,0,0
0,-1.7828616803714121,0,0
0,-0.9499067225566726,0,0
0,-1.660498888641498,0,0
0,-1.7702337934400292,0,0
0,-2.4288870531085696,0,0
0,-1.6977154975844517,0,0
0,-2.458894597472097,0,0
0,-1.9713380212747083,0,0
0,-1.3175597219101827,0,0
0,-1.4280613007237772,0,0
0,-1.5824967615806462,0,0
0,-1.700171951101015,0,0
0,-1.783104863445955,0,0
0,-1.9827505010348847,0,0
0,-1.6450554692288002,0,0
0,-1.3434473040344452,0,0
0,-2.2117926302307778,0,0
0,-1.5505617538187004,0,0
0,-1.3625874723296436,0,0
0,-1.359309599762198,0,0
0,-1.7363989257363175,0,0
0,-2.4444829851433822,0,0
0,-2.2087671260432478,0,0
0,-1.7254343775240306,0,0
0,-0.062323513132205965,0,0
0,-1.3029177625830721,0,0
0,-1.490105345103493,0,0
0,-1.7387397886828375,0,0
0,-2.5929819363894033,0,0
0,-2.0387449291830815,0,0
0,-1.1239788296058655,0,0
0,-0.4219973665916969,0,0
0,-2.3029806193925206,0,0
0,-1.1355836463805904,0,0
0,-2.305448059776393,0,0
0,-1.1719726942460391,0,0
0,-1.0868374400635947,0,0
0,-1.0046462233094935,0,0
0,-2.4240965391539397,0,0
0,-1.4011854478194041,0,0
0,-1.5075753184521794,0,0
0,-2.2096582498238075,0,0
0,-1.102306210560295,0,0
0,-1.8760822897667309,0,0
0,-2.1074170351212604,0,0
0,-1.5900537897242162,0,0
0,-1.0566350436346366,0,0
0,-1.7551264910653386,0,0
0,-2.0444994808767953,0,0
0,-0.7859019109939025,0,0
0,-1.3972600019529486,0,0
0,-1.8738802785915625,0,0
0,-1.442098557222693,0,0
0,-0.7118176692989263,0,0
0,-1.1673017885564423,0,0
0,-1.2160609309189478,0,0
0,-0.508143992153511,0,0
0,-1.014314282453717,0,0
0,-1.2109721557379192,0,0
0,-0.9673351800501897,0,0
0,-1.541187235193738,0,0
0,-1.4148471074320224,0,0
0,-1.2770556999811933,0,0
0,-1.0137433288135995,0,0
0,-1.1637719410076328,0,0
0,-1.898179716144002,0,0
0,-0.8305806572200451,0,0
0,-2.0753996352934934,0,0
0,-1.4296137804131501,0,0
0,-0.8349177026060941,0,0
0,-1.6340872590273197,0,0
0,-1.207243893680829,0,0
0,-0.8141591549661041,0,0
0,-1.8754732399892595,0,0
0,-0.9924394264511205,0,0
0,-1.361234018795302,0,0
0,-1.1363152656710376,0,0
0,-3.0221840779091123,0,0
0,-1.2140184733951442,0,0
0,-2.0064055966612444,0,0
0,-2.006042048648716,0,0
0,-1.6694703931040624,0,0
0,-1.2596771595801564,0,0
0,-0.6501078911682248,0,0
0,-1.9986101940184637,0,0
0,-1.6228817201656953,0,0
0,-1.5604688307391876,0,0
0,-0.6732839013657033,0,0
0,-1.2016961406029532,0,0
0,-1.635578093021745,0,0
0,-1.363308616069435,0,0
0,-1.8521033626318029,0,0
0,-1.395912820014479,0,0
0,-0.9905965263320846,0,0
0,-2.39859903201343,0,0
0,-1.419123547256243,0,0
0,-0.3980456697511669,0,0
0,-1.6704510987883494,0,0
0,-2.0153655387843976,0,0
0,-1.3930003460676406,0,0
0,-1.1083083985466617,0,0
0,-2.1472855173102485,0,0
0,-0.7248450981212688,0,0
0,-1.4721742271369156,0,0
0,-1.9742652028217909,0,0
0,-2.622439108668748,0,0
0,-1.4557302768647569,0,0
0,-0.7958195885750686,0,0
0,-2.5760995534843243,0,0
0,-1.6093201942396012,0,0
0,-1.826497019194385,0,0
0,-2.2870572646013714,0,0
0,-0.8200150934320523,0,0
0,-1.347347410302443,0,0
0,-2.200077920922084,0,0
0,-1.0511167219487982,0,0
0,-1.7447986070917303,0,0
0,-1.4207609185254308,0,0
0,-0.8321483854630983,0,0
0,-1.5241912554413577,0,0
0,-2.01888629993769,0,0
0,0.4459541571454088,1,1
0,-0.7269583682608545,0,0
0,-1.1626978753856256,0,0
0,-1.9056169578726112,0,0
0,-2.0989256532242724,0,0
0,-0.5860221958883407,0,0
0,-1.574306853971715,0,0
0,-2.259461100966285,0,0
0,-1.5403564697468175,0,0
0,-1.571942064211843,0,0
0,-1.6058690095425412,0,0
0,-1.2473215622906488,0,0
0,-0.8904723024864536,0,0
0,-1.0562232338968538,0,0
0,-0.9769351424803727,0,0
0,-1.0577144389177031,0,0
0,-0.933829924034026,0,0
0,-1.0644069457566205,0,0
0,-1.5595230424321662,0,0
0,-1.081378999576413,0,0
0,-1.374742561950998,0,0
0,-1.5816919728338683,0,0
0,-1.8114526001432287,0,0
0,-0.9259853760022425,0,0
0,-1.883137750793338,0,0
0,-1.7338309914651269,0,0
0,-1.5622095432101868,0,0
0,-1.1636480491472174,0,0
0,-0.9734362665853258,0,0
0,-0.406738867668897,0,0
0,-1.0616137503470444,0,0
0,-1.6487740844688537,0,0
0,-0.7202976857285737,0,0
0,-1.9918624910648521,0,0
0,-1.8389336771371296,0,0
0,-1.4946364725954115,0,0
0,-0.6795944062768629,0,0
0,-2.201156403315392,0,0
0,-2.3922877268439082,0,0
0,-2.0442683798167245,0,0
0,-1.141399273176529,0,0
0,-0.9106210694793271,0,0
0,-1.5256936471957292,0,0
0,-1.7546024578286672,0,0
0,0.5715283268231837,1,1
0,-0.973648721548174,0,0
0,-0.769409204945672,0,0
0,-2.0682395762629873,0,0
0,-2.3180028638793364,0,0
0,-2.784316204197731,0,0
0,-0.1257668478079839,0,0
0,-2.6300208550485986,0,0
0,-2.6160601988608687,0,0
0,-1.7509799133185866,0,0
0,-1.3375828835975507,0,0
0,-1.646498889206327,0,0
0,-1.2880091601883656,0,0
0,-0.6082306059200067,0,0
0,-1.5053102946557866,0,0
0,-1.4777619363263195,0,0
0,-1.5207208512794452,0,0
0,-0.7449786542044885,0,0
0,-1.2421926635238376,0,0
0,-0.963130662112305,0,0
0,-1.8734462274065342,0,0
0,-1.6941911843459005,0,0
0,-1.66884222157036,0,0
0,-1.388501951764487,0,0
0,-2.327539590073438,0,0
0,-0.9310290040213671,0,0
0,-2.123602324977507,0,0
0,-1.0389748849650275,0,0
0,-1.1958777904133582,0,0
0,-1.2928587634687032,0,0
0,-0.7939931893771508,0,0
0,-0.9755033265426822,0,0
0,-1.548331498335551,0,0
0,-1.6062994444196688,0,0
0,-1.6081630782975278,0,0
0,-1.6176629309612105,0,0
0,-0.06351725880224418,0,0
0,-2.083593586811647,0,0
0,-1.642441186825111,0,0
0,-1.4016547946900062,0,0
0,-0.4054520840483115,0,0
0,-1.0456775099765518,0,0
0,-1.2371654519820257,0,0
0,-1.1720369823106989,0,0
0,-1.6801873092319086,0,0
0,-1.422890155776856,0,0
0,-1.727114768089036,0,0
0,-1.677030608573722,0,0
0,-1.498075077609593,0,0
0,-1.034279994807206,0,0
0,-1.415799830588777,0,0
0,-1.5428977040290717,0,0
0,-1.5994710625578783,0,0
0,-1.2487725224579849,0,0
0,-2.0356888834183153,0,0
0,-0.9163604906178877,0,0
0,-1.9883847289986774,0,0
0,-1.6619004542739337,0,0
0,-1.9392291807245747,0,0
0,-2.0776040206454693,0,0
0,-1.6127012075941056,0,0
0,-0.7448881536529592,0,0
0,-2.319934980048925,0,0
0,-1.288790766090067,0,0
0,-2.4559322877903376,0,0
0,-3.0856845040401804,0,0
0,-0.32170792098857803,0,0
0,-2.4080535300714767,0,0
0,-1.7317489451615073,0,0
0,-2.8983384742595906,0,0
0,-1.9828090336928472,0,0
0,-1.3559874033719441,0,0
0,-2.0568492813961003,0,0
0,-2.6380629177062827,0,0
0,-1.0448266735379959,0,0
0,-2.584654469047356,0,0
0,-1.196140949776325,0,0
0,-2.0867288140251294,0,0
0,-1.2686617380469365,0,0
0,-1.762983515228001,0,0
0,-1.565811162464567,0,0
0,-2.3838875593221465,0,0
0,-2.062744611445124,0,0
0,-0.8895196822323803,0,0
0,-1.7288151203816613,0,0
0,0.671270460563385,1,1
0,-1.9987042491567784,0,0
0,-1.0074001193142756,0,0
0,-1.2616386709067524,0,0
0,-1.3271172301673149,0,0
0,-0.7613442787806817,0,0
0,-1.4602490074187535,0,0
0,-0.978857904369695,0,0
0,-2.0943608716073867,0,0
0,-1.4460734296592221,0,0
0,-1.6321744167586407,0,0
0,-3.5181008125030546,0,0
0,-0.7919766581049934,0,0
0,-1.8042754597069859,0,0
0,0.28639362284213593,1,1
0,-1.8056009076867585,0,0
0,-1.1522162503782438,0,0
0,-1.7653347572766858,0,0
0,-2.0494806089509083,0,0
0,-1.8092626835847956,0,0
0,-1.2401091738562862,0,0
0,-2.4118169694356415,0,0
0,-1.86737431133048,0,0
0,-1.465867662776052,0,0
0,-2.271956896986286,0,0
0,-1.4441765607129624,0,0
0,-0.7565468751819489,0,0
0,-2.124602431955414,0,0
0,-0.3865318991637299,0,0
0,-1.0613653676597592,0,0
0,-2.103333353266636,0,0
0,-1.167870626861631,0,0
0,-1.8782896855632258,0,0
0,-2.4001543800595613,0,0
0,-2.4723674985817206,0,0
0,-1.934915594913942,0,0
0,-0.2980210926217109,0,0
0,-0.690754745105556,0,0
0,-0.9835589217681706,0,0
0,-0.609187773088588,0,0
0,-1.3637334476903098,0,0
0,-2.1851226867866185,0,0
0,-0.38201664895322085,0,0
0,-2.0128487667882418,0,0
0,-2.2377729895954186,0,0
0,-2.8383862472334402,0,0
0,-1.5878845915290505,0,0
0,-1.455884055584332,0,0
0,-1.8941296376223027,0,0
0,-1.1895314924970501,0,0
0,-3.021850395557811,0,0
0,-2.7700320441443482,0,0
0,-0.3279682936853944,0,0
0,-2.7162329539262418,0,0
0,-1.0223826289250704,0,0
0,-1.2763359504720457,0,0
0,-1.6775480074634057,0,0
0,-0.447044906064127,0,0
0,-2.0273338714427465,0,0
0,-0.9529369512771442,0,0
0,-0.749443257390769,0,0
0,-2.1510169398563277,0,0
0,-0.3131050535885801,0,0
0,-2.658191690555266,0,0
0,-2.368321205260394,0,0
0,-1.1697085202925106,0,0
0,-2.8767537287694798,0,0
0,-2.278195275524143,0,0
0,-1.6064789195356675,0,0
0,-2.208911760954112,0,0
0,-1.7661355372153194,0,0
0,-2.540869164535878,0,0
0,-1.3278781962021757,0,0
0,-2.5728209983447865,0,0
0,-2.144402831521282,0,0
0,-0.8665637973461058,0,0
0,-1.8980468445545076,0,0
0,-0.5380984055528175,0,0
0,-1.2647291054163539,0,0
0,-1.1331410070268038,0,0
0,-0.7060663339506305,0,0
0,-1.284981833674018,0,0
0,-1.3297728044997292,0,0
0,-1.853848371519478,0,0
0,-1.4766315073738026,0,0
0,-3.091409292500973,0,0
0,-0.9500803668588784,0,0
0,-1.4491804315246553,0,0
0,-0.733920124816031,0,0
0,0.3219915881361725,1,1
0,-1.5118165465255788,0,0
0,-2.2582442586180558,0,0
0,0.14991866028270473,1,1
0,-2.132760524485341,0,0
0,-1.3929004305327923,0,0
0,-0.6856955960545568,0,0
0,-0.8357504183822835,0,0
0,-0.595189982296661,0,0
0,-1.8960826164378008,0,0
0,-1.8262809546214014,0,0
0,-1.6291951472273856,0,0
0,-2.1442582481287826,0,0
0,-2.6582397369915647,0,0
0,1.3423050919699204,1,1
0,-2.290093685782042,0,0
0,-1.3694093819688336,0,0
0,-1.3940227344682743,0,0
0,-1.5913384407609785,0,0
0,-0.8126562332543189,0,0
0,-1.2615572741548964,0,0
0,-2.298889908037271,0,0
0,-1.6494840652593104,0,0
0,-0.8672300592561581,0,0
0,-2.315400273561684,0,0
0,-1.3424601986139348,0,0
0,-1.9711036434770777,0,0
0,-1.4685196506518725,0,0
0,-2.800794304943289,0,0
0,-1.0031952247485447,0,0
0,-1.6105640988401397,0,0
0,-1.388016697307093,0,0
0,-1.7247838714026273,0,0
0,-1.342601709450203,0,0
0,-0.7394417575878942,0,0
0,-1.857506548915717,0,0
0,-1.0668059811986261,0,0
0,-1.2274138632242144,0,0
0,-1.4389007329376693,0,0
0,-1.00150386085201,0,0
0,-0.8552122586309701,0,0
0,-1.9373805338627,0,0
0,-1.0715355980278667,0,0
0,-0.08967370130089919,0,0
0,-0.650322062552887,0,0
0,-0.18509532775175336,0,0
0,-2.2540805658484957,0,0
0,-1.7279632015804072,0,0
0,-1.5032626826192859,0,0
0,-1.2496117994286426,0,0
0,-1.46399059818547,0,0
0,-0.6939374167350052,0,0
0,-1.0498355383612803,0,0
0,-2.1801125656504805,0,0
0,-1.4372362575945992,0,0
0,-0.5066168531064454,0,0
0,-1.6454727639374993,0,0
0,-2.097230999766193,0,0
0,-0.3732353532926669,0,0
0,-1.492950820304283,0,0
0,-1.9774979346858204,0,0
0,-0.9020966733811513,0,0
0,-1.9652921065289792,0,0
0,-2.5778997993942205,0,0
0,-2.7801932912195317,0,0
0,-0.6313679836594033,0,0
0,-0.8908075833753031,0,0
0,-0.3621357972140102,0,0
0,-2.148776791971007,0,0
0,-2.2959185043329606,0,0
0,-1.0366666272969012,0,0
0,-0.6919315039567422,0,0
0,-0.9333440305889307,0,0
0,-1.5149539518159765,0,0
0,-1.6163756140391794,0,0
0,-1.5168032369427815,0,0
0,-2.3285256110401638,0,0
0,-1.7238070702255033,0,0
0,-2.25126111192915,0,0
0,-2.192331246381282,0,0
0,-1.372468892209027,0,0
0,-0.9968819045458668,0,0
0,-1.2688486712938856,0,0
0,-0.4582814579014298,0,0
0,-0.9148608821640769,0,0
0,-2.1773930914221395,0,0
0,-0.9277162934370331,0,0
0,-1.5807471798138844,0,0
0,-1.1815295384217641,0,0
0,-0.5676532798410512,0,0
0,0.11185853095633536,1,1
0,-1.994108604628999,0,0
0,-1.7240437682086365,0,0
0,-2.4698941851133918,0,0
0,-1.308188381099897,0,0
0,-2.0106575943828275,0,0
0,-2.2273338299895813,0,0
0,-1.7672873496626074,0,0
0,-1.856343282588551,0,0
0,-1.5431167460756114,0,0
0,-1.6442452089800201,0,0
0,-1.2395199353790674,0,0
0,-1.1888192927339627,0,0
0,-2.0106372982993044,0,0
0,-1.6642321561033666,0,0
0,-3.1818581654962825,0,0
0,-0.5798939300731468,0,0
0,-2.0533091074616996,0,0
0,-1.0512988219540913,0,0
0,-1.1906793273317218,0,0
0,-1.5257657392727584,0,0
0,-1.2188120769173336,0,0
0,-1.43452233038168,0,0
0,-1.9162540713486889,0,0
0,-0.9856695008778737,0,0
0,-1.0889644775983751,0,0
0,-1.068971641134548,0,0
0,-1.2466965535964976,0,0
0,-1.988213801654196,0,0
0,-2.252998748496335,0,0
0,-1.1188134282741702,0,0
0,0.2737883382908263,1,1
0,-0.601566165560246,0,0
0,0.09483884616884702,0,1
0,-2.0081545764788613,0,0
0,-2.1074031738902788,0,0
0,-1.1016301795317198,0,0
0,-1.1150861703680883,0,0
0,-1.4979961162647868,0,0
0,-0.35269785061735115,0,0
0,-1.8665465649919502,0,0
0,-1.0541356559545134,0,0
0,-2.1119063475707596,0,0
0,-1.5639650404029841,0,0
0,-1.5345039397485618,0,0
0,-1.5209712802535946,0,0
0,-1.494438501878768,0,0
0,-1.6060790139397392,0,0
0,-1.4207797461349916,0,0
0,-2.484397240837147,0,0
0,-1.5654838067282852,0,0
0,-2.07608937971398,0,0
0,-1.79275840421392,0,0
0,-1.456468937154999,0,0
0,-1.4032622601032463,0,0
0,-1.200336376338977,0,0
0,-2.2735999501370485,0,0
0,-0.563411829574664,0,0
0,-2.607135849855635,0,0
0,-2.0656965886649705,0,0
0,-1.808573350609717,0,0
0,-1.0183186013115002,0,0
0,-1.5353630777363165,0,0
0,-2.8371531319506205,0,0
0,-1.1685723895947109,0,0
0,-1.3472890379190245,0,0
0,-1.7245305177557277,0,0
0,-2.150146960325637,0,0
0,-2.3674754468114765,0,0
0,-2.1269470107479607,0,0
0,-2.170542875302838,0,0
0,-1.9641038555085661,0,0
0,-0.5784653024643688,0,0
0,-0.8507092610385989,0,0
0,-0.9228472215972052,0,0
0,-1.862476476294687,0,0
0,-1.9446485838313414,0,0
0,-1.2118539161285746,0,0
0,-2.3048260068602424,0,0
0,-1.9051253016821206,0,0
0,-0.7534144385543088,0,0
0,-1.6677532962918358,0,0
0,-1.61787602753792,0,0
0,-2.050136127145186,0,0
0,-2.4068129196260295,0,0
0,-1.3809466586313417,0,0
0,-1.5424537404603793,0,0
0,-3.528992334447402,0,0
0,-2.131815465403254,0,0
0,-1.9912391048575702,0,0
0,-2.4110414219946597,0,0
0,-1.780689051962922,0,0
0,-1.192975204760497,0,0
0,0.015215532517730224,0,1
0,-1.256551501701246,0,0
0,-1.372337632250983,0,0
0,-1.5663708336881603,0,0
0,-1.4001586985399455,0,0
0,-0.005294944220286479,0,0
0,-2.367184141887858,0,0
0,-1.9768715837026274,0,0
0,-1.202250921890649,0,0
0,-1.4695961795232946,0,0
0,-1.2636378199240819,0,0
0,-0.955132442562848,0,0
0,-1.3491726650336142,0,0
0,-0.8137497213035597,0,0
0,-2.731771128771994,0,0
0,-1.3535686876622437,0,0
0,-0.7531583313634395,0,0
0,-0.9502533471082959,0,0
0,-1.318923913522144,0,0
0,-0.5285978716390365,0,0
0,-2.0278802905936897,0,0
0,-2.2133486619857163,0,0
0,-1.0269158458764394,0,0
0,-1.2716696203789604,0,0
0,-1.5150769038342577,0,0
0,-1.9653948134496608,0,0
0,-2.8579799910022876,0,0
0,-0.6175019719192807,0,0
0,-1.9440850109711592,0,0
0,-1.199579450268616,0,0
0,-1.2257322551969654,0,0
0,-2.4600230528480567,0,0
0,-0.6980518660627011,0,0
0,-2.675442104309384,0,0
0,-1.885380075487792,0,0
0,-1.5122450884989134,0,0
0,-1.7733250712085808,0,0
0,-1.746435505490161,0,0
0,-1.460185752459938,0,0
0,-2.064918156058548,0,0
0,-1.7276730654147279,0,0
0,-0.3307481474803509,0,0
0,-1.3022101070567436,0,0
0,-2.4657273888942535,0,0
0,-0.6885293865791001,0,0
0,-1.2983340489902828,0,0
0,-2.007044614183878,0,0
0,-0.9353885764955152,0,0
0,-2.753923927950906,0,0
0,-1.4990598462915208,0,0
0,-1.3499277263902092,0,0
0,-2.1595071776139543,0,0
0,-1.541169960334842,0,0
0,-0.5127928172646009,0,0
0,-1.653598131071087,0,0
0,-1.508243720579209,0,0
0,-1.471521459061895,0,0
0,-0.948735262972825,0,0
0,-2.1272037823913146,0,0
0,-2.2514608798502223,0,0
0,-1.5714145722324477,0,0
0,-1.6141858401481641,0,0
0,-1.4104190657912608,0,0
0,-2.4154427030536465,0,0
0,-1.3772528196406997,0,0
0,-0.9630718074869158,0,0
0,-2.420824961995362,0,0
0,-1.1334004664610093,0,0
0,-2.1467330230046096,0,0
0,-1.5289407498487073,0,0
0,-0.9166357384656976,0,0
0,-1.7586199722749596,0,0
0,-0.9585398212662464,0,0
0,-1.1110107324935126,0,0
0,-1.7961366946158377,0,0
0,-1.5620298784205777,0,0
0,-1.0844426382281958,0,0
0,-1.242191344547666,0,0
0,-1.6318072467146885,0,0
0,-1.7782270311513995,0,0
0,-0.8304279406376289,0,0
0,-0.8884612304052015,0,0
0,-2.1849066394370937,0,0
0,-1.7662861286235754,0,0
0,-1.2224319665929329,0,0
0,-2.7596079515085936,0,0
0,-1.671401022683835,0,0
0,-0.7767091205493977,0,0
0,-1.9221249652330983,0,0
0,-2.3184666040419937,0,0
0,-2.133540760065571,0,0
0,-1.4383845932199568,0,0
0,-0.8320402671223479,0,0
0,-1.5414762424720347,0,0
0,-1.236422928054333,0,0
0,-1.2147763968484795,0,0
0,-0.773144085308527,0,0
0,-1.5994151983700036,0,0
0,-0.7591836688257628,0,0
0,-2.080334957867829,0,0
0,-2.3265929393961353,0,0
0,-0.9315930133548098,0,0
0,-2.0336709029223408,0,0
0,-1.4490543196502186,0,0
0,-1.354643453396407,0,0
0,-1.5277066508790083,0,0
0,-1.8602660494105572,0,0
0,-1.4793357321659475,0,0
0,-2.3904922675684825,0,0
0,-1.7716151723121845,0,0
0,-0.2026478600344736,0,0
0,-1.1931059382726483,0,0
0,-1.1118543665728104,0,0
0,-2.672210492595202,0,0
0,-0.6905650717875065,0,0
0,-1.6477914709289592,0,0
0,-1.1640857890842977,0,0
0,-0.16427960642174425,0,0
0,-1.02155998908273,0,0
0,-1.4814610028023492,0,0
0,-2.4389170725562828,0,0
0,-2.6107084135752054,0,0
0,-0.9343014375810144,0,0
0,-1.9810121197685662,0,0
0,-2.276965341943913,0,0
0,-1.432357118329146,0,0
0,-2.1559848015887138,0,0
0,-1.8217542432493086,0,0
0,-2.083507108071904,0,0
0,-1.0462987746181556,0,0
0,-1.501874710354706,0,0
0,-2.4359624025647104,0,0
0,-1.322841105491216,0,0
0,-2.482940688109757,0,0
0,-0.7446658188441286,0,0
0,-1.454839549514486,0,0
0,-1.55555943959839,0,0
0,-2.502782814693286,0,0
0,-2.411520465909638,0,0
0,-2.2478864683988458,0,0
0,-1.5685514104848215,0,0
0,-1.8318973500659699,0,0
0,-1.4849764363631397,0,0
0,-1.6076274768600727,0,0
0,-1.5662453157952603,0,0
0,-0.7498581417782009,0,0
0,-1.7716758803022377,0,0
0,-1.2425443584164249,0,0
0,-1.6869539023189053,0,0
0,-2.361301693765167,0,0
0,-2.4139454085149143,0,0
0,-1.8946705863572317,0,0
0,-2.075104876179643,0,0
0,-1.0000170583400674,0,0
0,-2.2102800145283066,0,0
0,-1.8960140309024431,0,0
0,-1.3009949683711284,0,0
0,-0.6639329446308513,0,0
0,-1.193815147747965,0,0
0,-2.171994426265572,0,0
0,-1.209480357196297,0,0
0,-1.937849313932117,0,0
0,-2.1050627656701595,0,0
0,-2.543059145568514,0,0
0,-0.5513497625364872,0,0
0,-2.0505116316313936,0,0
0,-1.5030652501443138,0,0
0,-1.9166952950778846,0,0
0,-1.9982247620835218,0,0
0,-2.0105494992375337,0,0
0,-1.5474226598934044,0,0
0,-1.018535378065699,0,0
0,-2.4696448925382524,0,0
0,-2.736563981506771,0,0
0,-2.2923172773201,0,0
0,-1.5464241217113854,0,0
0,-1.968365409016539,0,0
0,-1.094866812447288,0,0
0,-1.452103074557987,0,0
0,-0.6214636376928948,0,0
0,-2.382076193005079,0,0
0,-2.10573357477225,0,0
0,-2.637259906197753,0,0
0,-1.4104230766124783,0,0
0,-1.3421677695976304,0,0
0,-0.139935329700751,0,0
0,-1.4590529601335172,0,0
0,-1.0173612056454975,0,0
0,-1.6396490825642578,0,0
0,-2.279972742696643,0,0
0,-2.537888090429439,0,0
0,-1.769863722151156,0,0
0,-0.9884674324872176,0,0
0,-1.169477990687115,0,0
0,-3.0513954129985494,0,0
0,-2.221779146211174,0,0
0,-2.3643544878200204,0,0
0,-2.449277830530466,0,0
0,-0.16581060969264053,0,0
0,-1.9360058106244757,0,0
0,-0.4816096107637656,0,0
0,-1.6915086650948565,0,0
0,-1.7924233547622388,0,0
0,-1.0584035586773035,0,0
0,-1.7838815055713273,0,0
0,-2.1340030110947668,0,0
0,-1.1624852677789839,0,0
0,-2.4025918198367595,0,0
0,-1.1546112899631675,0,0
0,-1.8077627161391994,0,0
0,-1.721435142631468,0,0
0,-1.9713994647609219,0,0
0,-1.4915723754666514,0,0
0,-1.122469136491705,0,0
0,-1.482643688735647,0,0
0,-2.920732301650613,0,0
0,-1.1022268200109337,0,0
0,-0.5504237853148063,0,0
0,-0.6644940479576704,0,0
0,-1.4082421169218513,0,0
0,-1.5209197959295806,0,0
0,-1.3704326485239207,0,0
0,-1.4690236046693632,0,0
0,-1.8414138033315166,0,0
0,-2.421393399464619,0,0
0,-2.288843532691226,0,0
0,-1.2212674783612716,0,0
0,-1.4650604902934765,0,0
0,-2.6789618066533154,0,0
0,-0.9305100343828943,0,0
0,-1.7783635901811718,0,0
0,-1.6286342555829592,0,0
0,-1.882153647677341,0,0
0,-1.9552810506560756,0,0
0,-1.2821171370076414,0,0
0,-1.5485319772060793,0,0
0,-2.243723050695287,0,0
0,-2.0230469912529414,0,0
0,-1.310130584758874,0,0
0,-1.7251470922272036,0,0
0,-1.8877356751781482,0,0
0,-2.1459702818930277,0,0
0,-2.456473660572677,0,0
0,-0.4563503949419887,0,0
0,-1.2180220792672625,0,0
0,-2.0411933457722413,0,0
0,-1.4426005637741723,0,0
0,-2.3553852381086915,0,0
0,-0.6446259501374315,0,0
0,-0.9361172126102904,0,0
0,-1.3710371596218238,0,0
0,-0.8930658827560392,0,0
0,-1.1697670236988313,0,0
0,-0.6369743978124967,0,0
0,-1.5232519598667424,0,0
0,-1.910840468462423,0,0
0,-1.3781956469473173,0,0
0,-2.1401481641098035,0,0
0,-0.8563183159278747,0,0
0,-1.8304079502268802,0,0
0,-2.0249477566051,0,0
0,-1.1565636651913995,0,0
0,-1.030148225030415,0,0
0,-2.483401531041724,0,0
0,-1.4451617979646652,0,0
0,-1.4715837063941257,0,0
0,-1.8613702460152037,0,0
0,-2.170976221889226,0,0
0,-1.1803016337354608,0,0
0,-1.5689412806485006,0,0
0,-2.3643119412463194,0,0
0,0.277236935167734,1,1
0,-0.8320585556519233,0,0
0,-0.5501880635045067,0,0
0,-1.2269577115116599,0,0
0,-1.075137064918064,0,0
0,-2.99140519972911,0,0
0,-1.3300231927070159,0,0
0,-1.5498127861233404,0,0
0,-2.1475795016582047,0,0
0,-2.6336017103957876,0,0
0,-0.31993409499877745,0,0
0,-1.6387519874993568,0,0
0,-1.1883319963359646,0,0
0,-1.8175266249442528,0,0
0,-3.1029732591681167,0,0
0,-1.0908139343956398,0,0
0,-1.2630859403488595,0,0
0,-2.2248467834473686,0,0
0,-1.6040533165456716,0,0
0,-1.3374609006025118,0,0
0,-1.213986878685225,0,0
0,-1.1775443560973833,0,0
0,-2.27340903850994,0,0
0,-1.403020416592801,0,0
0,-0.9171535588301345,0,0
0,-2.305650417345141,0,0
0,-1.8384359081214245,0,0
0,-1.9998112194410513,0,0
0,-2.0380584361003065,0,0
0,0.07632788701993881,0,1
0,-1.2455213021268836,0,0
0,-1.1790368076725648,0,0
0,-0.5772446083447833,0,0
0,-1.2989384595019262,0,0
0,-2.3368672395966046,0,0
0,-2.1668547277430035,0,0
0,-1.7881038856387845,0,0
0,-1.0370851986176965,0,0
0,-1.6231595019411045,0,0
0,-1.9402109743127451,0,0
0,-1.864349085510311,0,0
0,-1.5167099082262356,0,0
0,-1.8266455487025965,0,0
0,-1.6214684797480612,0,0
0,-1.146272012045356,0,0
0,-1.1813569170524487,0,0
0,0.5902592363012353,1,1
0,-1.9247718702569103,0,0
0,-1.4847790138163726,0,0
0,-2.5246257276451587,0,0
0,-0.5401746368991573,0,0
0,-2.1495420027820114,0,0
0,-2.0131226677115555,0,0
0,-2.3176463346445053,0,0
0,-1.5017002405865196,0,0
0,-0.7124069154449666,0,0
0,-0.6632011399252946,0,0
0,-1.5291406889034165,0,0
0,-0.9895908891590979,0,0
0,-1.0961781729439208,0,0
0,0.07279575674217753,0,1
0,-1.8170667987475069,0,0
0,-0.7534870535324546,0,0
0,-1.6532204131301471,0,0
0,-1.7927606548838173,0,0
0,-0.9212181202427259,0,0
0,-1.5045516962887027,0,0
0,-0.8258489183514675,0,0
0,-1.8896138737236334,0,0
0,-1.050007320147915,0,0
0,-2.196943502276849,0,0
0,-1.140370578889554,0,0
0,-1.47916801087852,0,0
0,-1.586482200747621,0,0
0,-2.8124952087517467,0,0
0,-1.9973840006897758,0,0
0,-2.2385537282012993,0,0
0,-1.7710356606057769,0,0
0,-2.168105770481444,0,0
0,-1.0879008895486297,0,0
0,-1.4437517078893327,0,0
0,-1.0706220371119912,0,0
0,-0.8550311373776758,0,0
0,-2.4934238426060227,0,0
0,-0.8478754415552834,0,0
0,-0.7694931577884039,0,0
0,-0.5633564627751477,0,0
0,-1.3992468621238539,0,0
0,-1.5134321577270244,0,0
0,-0.961855904739112,0,0
0,-2.2928365305085565,0,0
0,-1.940059757262996,0,0
0,-1.5257479701365055,0,0
0,-1.6144217227238395,0,0
0,-0.8658421621032402,0,0
0,-0.783489120962766,0,0
0,-0.7256954412885189,0,0
0,-3.1256848839850857,0,0
0,-1.5978039496253695,0,0
0,-2.7023645068051882,0,0
0,-2.395748057669997,0,0
0,-1.526097101905312,0,0
0,-1.3154211111047118,0,0
0,-1.0832191637069524,0,0
0,-0.7854479538410735,0,0
0,-0.7037305927596578,0,0
0,-2.5139198020458413,0,0
0,-1.4472136044480162,0,0
0,-2.2952265244201513,0,0
0,-1.5030451903400701,0,0
0,-2.309949520889417,0,0
0,-1.8594069766774357,0,0
0,-1.531754691287873,0,0
0,-1.5915507032238034,0,0
0,-2.3611323537151,0,0
0,-2.3469550496683915,0,0
0,-1.6800667669500244,0,0
0,-0.43274166963906135,0,0
0,-0.696341458448295,0,0
0,-1.4372407832044567,0,0
0,-1.0528676487166744,0,0
0,-1.7794768725862633,0,0
0,-1.816809804965082,0,0
0,-0.7988711873185763,0,0
0,-1.6844170836095287,0,0
0,-1.7641375865186015,0,0
0,-1.9337433315695138,0,0
0,-1.0643074658740865,0,0
0,-1.6630200836914788,0,0
0,-0.6290829619985318,0,0
0,-1.4941678121527744,0,0
0,-1.1486786633001906,0,0
0,-0.9213725651001199,0,0
0,-1.9708686746660244,0,0
0,-1.7297729326037325,0,0
0,-2.5751367515141075,0,0
0,-1.724613038934119,0,0
0,-2.0569090663381,0,0
0,-0.4717883280331979,0,0
0,-1.2801320318503553,0,0
0,-1.6658970110757736,0,0
0,-0.33779021596153014,0,0
0,-1.748660624596071,0,0
0,-1.8709693330077903,0,0
0,-1.699780934627728,0,0
0,-1.48331751801711,0,0
0,-1.1907833752283636,0,0
0,-1.2749602498286767,0,0
0,-0.6531054651400567,0,0
0,-1.159101674414509,0,0
0,-2.154717463880376,0,0
0,-1.6445791205120157,0,0
0,-0.8556138192823652,0,0
0,-0.7631960314508657,0,0
0,-1.4082903161686091,0,0
0,-1.7907659097195092,0,0
0,-2.5687350307878765,0,0
0,-1.7135574074945663,0,0
0,0.6343589139444992,1,1
0,-0.8042060292858786,0,0
0,-0.5745185902926501,0,0
0,-1.1498824918772361,0,0
0,-1.633093227840098,0,0
0,-1.5375524573993822,0,0
0,-1.4312621677113864,0,0
0,-1.7887535472092064,0,0
0,-0.9069246911196476,0,0
0,-1.0542081073078224,0,0
0,-2.151725721437539,0,0
0,-0.7488695523582352,0,0
0,-1.6456670556619966,0,0
0,-1.6538965244658705,0,0
0,-1.679235618398606,0,0
0,-0.7220126065285692,0,0
0,-1.707134203877548,0,0
0,-0.5316514017190216,0,0
0,-1.7405126019655939,0,0
0,-1.6772686660857081,0,0
0,-2.8763915001051763,0,0
0,-1.6454615865324398,0,0
0,0.2580436974720864,1,1
0,-2.539857090040984,0,0
0,-1.9125378876639851,0,0
0,-1.4102466139856902,0,0
0,-1.9185065461152198,0,0
0,-1.4189020881980674,0,0
0,-0.8852808122627163,0,0
0,-1.1556425542033193,0,0
0,-0.3934253491921286,0,0
0,-2.3242873179423067,0,0
0,-2.198973582973732,0,0
0,-1.4235208239806085,0,0
0,-3.3258220697634364,0,0
0,-1.5810221830505231,0,0
0,-1.3815474336443911,0,0
0,-2.5627039965250877,0,0
0,-1.2979634360630745,0,0
0,-1.8412538141437265,0,0
0,-1.2122848979025866,0,0
0,-1.0007027872743077,0,0
0,-1.4400098992932886,0,0
0,-1.651006276377935,0,0
0,-1.3860627182397083,0,0
0,-1.1718328697490792,0,0
0,-2.492904394481411,0,0
0,-1.353258882914095,0,0
0,-1.4772208661903656,0,0
0,-1.3673990362036947,0,0
0,-2.4268253549888654,0,0
0,-1.7494177607896957,0,0
0,-2.071636800072844,0,0
0,-0.49486048957869094,0,0
0,-1.0547426495574759,0,0
0,-1.0492079943872927,0,0
0,-2.5281921361592827,0,0
0,-0.7688519451864153,0,0
0,-1.618294685858104,0,0
0,-1.9479840611977044,0,0
0,-1.2551577857762524,0,0
0,-2.8585657028613203,0,0
0,-1.4257949390863016,0,0
0,-1.7529642992791978,0,0
0,-1.4216507812783983,0,0
0,-1.1256366458605196,0,0
0,-0.883576519995835,0,0
0,-1.8754106377882065,0,0
0,-1.434769165156718,0,0
0,-1.2631388510208885,0,0
0,-1.6681890085929394,0,0
0,-0.8034043279712382,0,0
0,-1.718496920679253,0,0
0,-1.9935966309677975,0,0
0,-1.3651983971104007,0,0
0,-1.0831638339843344,0,0
0,-1.358873483465723,0,0
0,-2.478949794056993,0,0
0,-1.3002817814034475,0,0
0,-1.5999780021431893,0,0
0,-2.190187088887745,0,0
0,-0.9239025532315872,0,0
0,-0.6485481476110493,0,0
0,-2.0427332429473464,0,0
0,-0.7581129136287221,0,0
0,-0.808700385954695,0,0
0,-2.05803744351907,0,0
0,-1.2852364583651574,0,0
0,-1.6951899410078373,0,0
0,-1.5344022523995533,0,0
0,-0.41858845232574005,0,0
0,-1.7723835883996122,0,0
0,-1.5335132439721662,0,0
0,-1.3268746184000129,0,0
0,-1.696147867476086,0,0
0,-1.7272626194738836,0,0
0,-1.9502215445510007,0,0
0,-1.0544447016420013,0,0
0,-2.074651726032473,0,0
0,-0.6391227527605639,0,0
0,-1.5025972775503054,0,0
0,-2.3476365741891083,0,0
0,-1.4418649668495875,0,0
0,-2.145731457795494,0,0
0,-1.8541339860644808,0,0
0,-2.2883763198743323,0,0
0,-1.7469880950565828,0,0
0,-2.3505560142125015,0,0
0,-1.3827676510227316,0,0
0,-2.5588437325789695,0,0
0,-1.9027978466804578,0,0
0,-2.465628923264664,0,0
0,-2.098574593286092,0,0
0,-1.9742546358008237,0,0
0,-0.3708612454082747,0,0
0,-2.2679871280140445,0,0
0,-3.119064497434334,0,0
0,-1.8525764496744692,0,0
0,-2.223225893353494,0,0
0,-1.5793324178114123,0,0
0,-0.6525863149865601,0,0
0,-0.983179627939696,0,0
0,-1.7603340825178262,0,0
0,-1.6017877882461165,0,0
0,-2.5607815048493077,0,0
0,-2.0451067092586186,0,0
0,-1.474642572345053,0,0
0,-0.2866312767622273,0,0
0,-0.7722170133194324,0,0
0,-0.62746978837418,0,0
0,-1.575586821972068,0,0
0,-2.0610838798112394,0,0
0,-1.498558780915262,0,0
0,-1.3166489991370152,0,0
0,-1.4424260855679893,0,0
0,-1.118999323003373,0,0
0,-0.4397321244795599,0,0
0,-2.532742729206074,0,0
0,-0.9602395176468672,0,0
0,-1.093572837359299,0,0
0,-1.291660367871807,0,0
0,-2.302573709229896,0,0
0,-0.42729465728208194,0,0
0,-1.913552946659171,0,0
0,-2.302836912401227,0,0
0,-0.4449453371574406,0,0
0,-1.1446450688549088,0,0
0,-0.8463892311623855,0,0
0,-1.9647155225979163,0,0
0,-2.646298178907064,0,0
0,-1.629189018618047,0,0
0,-1.6625496912099746,0,0
0,-1.8159986942941608,0,0
0,-2.131931612890536,0,0
0,-0.9041862020886064,0,0
0,-0.6800437895206528,0,0
0,-1.571857456821796,0,0
0,-0.4629897526351481,0,0
0,-1.628564452293227,0,0
0,-2.008483023107614,0,0
0,-2.086574817620676,0,0
0,-1.6240338520100022,0,0
0,-1.1181682792756296,0,0
0,-1.3459996834245507,0,0
0,-1.4447027024230286,0,0
0,-2.0525511902409503,0,0
0,-1.6276717157073026,0,0
0,-1.8312526768021804,0,0
0,-1.267583413577955,0,0
0,0.2818839749667475,1,1
0,-1.1623639230019642,0,0
0,-1.7761670053943717,0,0
0,-1.9622987749149636,0,0
0,-3.390884374740516,0,0
0,-1.4531542165751785,0,0
0,-2.487122074148421,0,0
0,-2.583210550819503,0,0
0,-2.3750287009588575,0,0
0,-0.9917346862512977,0,0
0,-2.1051483050781017,0,0
0,-0.7102817281630146,0,0
0,-1.00043631952006,0,0
0,-1.4237312079501407,0,0
0,-1.8125809283042056,0,0
0,-1.8879749031130089,0,0
0,-1.237864611022072,0,0
0,-1.9047197734503316,0,0
0,-1.3205105813654887,0,0
0,-2.1580979714757387,0,0
0,-1.9733330857842304,0,0
0,-0.09605662487416725,0,0
0,-1.366780591710582,0,0
0,-1.14445848338613,0,0
0,-1.6896030235883035,0,0
0,-0.44405015871217823,0,0
0,-0.933256816760393,0,0
0,-2.080498038992929,0,0
0,-0.8570654293930262,0,0
0,-1.895340882566033,0,0
0,-1.478815316594652,0,0
0,-0.027738080643133822,0,0
0,-0.9870409841006977,0,0
0,-2.0177173127563925,0,0
0,-1.8687186669059945,0,0
0,-2.4989197389901525,0,0
0,-0.866837792288577,0,0
0,-1.9701514885713218,0,0
0,-2.3793189122182223,0,0
0,-1.3795872048884594,0,0
0,-1.9968641608255415,0,0
0,-1.6910769664358036,0,0
0,-1.2888481247546253,0,0
0,-1.5623069576646795,0,0
0,-1.035838154311816,0,0
0,-2.334630860230015,0,0
0,-1.6688269136285399,0,0
0,-0.722117022407404,0,0
0,-0.8676692076878592,0,0
0,-1.525440264208633,0,0
0,-1.1362916845881421,0,0
0,-1.0287463093627125,0,0
0,-1.8787707732553516,0,0
0,-1.035784633035229,0,0
0,-0.9420382086856249,0,0
0,-0.8197997018307588,0,0
0,-1.4146718692135754,0,0
0,-1.3440010027252716,0,0
0,-1.9852087051380232,0,0
0,-1.1769516730096858,0,0
0,-1.3603564539420696,0,0
0,-0.7773362779102468,0,0
0,-2.4535932133813203,0,0
0,-1.1779545475011246,0,0
0,-1.4494771181713508,0,0
0,-2.087452660895496,0,0
