threshold,precision,recall,specificity,accuracy,f1,mcc,balanced_accuracy
0.0,0.12093788564376799,1.0,0.0,0.12093788564376799,0.21577981651376146,0.0,0.5
0.001,0.12280701754385964,1.0,0.01731399157697707,0.13615795968737146,0.21875,0.046111600138664256,0.5086569957884886
0.002,0.12705984388551606,0.9965986394557823,0.05802526906878802,0.17153434800493625,0.22538461538461538,0.0806443675736381,0.5273119542622852
0.003,0.1319225574065736,0.9965986394557823,0.09780065512400561,0.2064993829699712,0.23300198807157058,0.10956220109126223,0.547199647289894
0.004,0.13672421838544097,0.9965986394557823,0.13430042115114646,0.23858494446729742,0.24045958145260565,0.13207028856545824,0.5654495303034643
0.005,0.1416143064282262,0.9965986394557823,0.16892840430510062,0.2690250925545043,0.24798984341938213,0.15160389332186794,0.5827635218804414
0.006,0.1459163346613546,0.9965986394557823,0.19747309312119793,0.29411764705882354,0.2545612510860122,0.16691146592383568,0.5970358662884901
0.007,0.15033350436121087,0.9965986394557823,0.22508189050070193,0.3183874948580831,0.26125724476148016,0.18129007916889922,0.6108402649782421
0.008,0.15568544102019127,0.9965986394557823,0.2564342536265793,0.3459481694775812,0.2693014705882353,0.1973135569354908,0.6265164465411808
0.009000000000000001,0.15993449781659388,0.9965986394557823,0.2798315395414132,0.3665158371040724,0.2756349952963311,0.20916317972042334,0.6382150894985977
0.01,0.16507042253521126,0.9965986394557823,0.3065044454843238,0.3899629781982723,0.2832286128564524,0.22264614732173094,0.6515515424700531
0.011,0.16975666280417148,0.9965986394557823,0.329433785680861,0.41011929247223367,0.2900990099009901,0.23427274514234064,0.6630162125683217
0.012,0.17453676031081888,0.9931972789115646,0.3537669630322883,0.4310983134512546,0.2968988307066599,0.2442182257709085,0.6734821209719264
0.013000000000000001,0.17890191239975323,0.9863945578231292,0.37716424894712214,0.4508432743726861,0.3028720626631854,0.25148760142156423,0.6817794033851257
0.014,0.1830808080808081,0.9863945578231292,0.3944782405240992,0.4660633484162896,0.308839190628328,0.26063731274728036,0.6904363991736142
0.015,0.18929503916449086,0.9863945578231292,0.41881141787552645,0.4874537227478404,0.3176341730558598,0.273679671055458,0.7026029878493278
0.016,0.19476158495634655,0.9863945578231292,0.43893308376228357,0.5051419169066228,0.32529444756029163,0.28466018939883864,0.7126638207927064
0.017,0.19849418206707733,0.9863945578231292,0.45203556387459054,0.5166598107774578,0.33048433048433046,0.2919209981060376,0.7192150608488599
0.018000000000000002,0.201949860724234,0.9863945578231292,0.4637342068320075,0.5269436445907034,0.3352601156069364,0.2984859769856716,0.7250643823275684
0.019,0.20655270655270655,0.9863945578231292,0.47870846981750115,0.5401069518716578,0.3415783274440518,0.30701268315300906,0.7325515138203151
0.02,0.21094890510948905,0.9829931972789115,0.4941506785212915,0.5532702591526121,0.3473557692307692,0.3136947892472269,0.7385719379001016
0.021,0.21407407407407408,0.9829931972789115,0.5035095928872251,0.5614973262032086,0.3515815085158151,0.3192137061067991,0.7432513950830684
0.022,0.22077922077922077,0.9829931972789115,0.5226953673373889,0.5783628136569313,0.3605739238927012,0.33074463434858814,0.7528442823081503
0.023,0.22560499609679938,0.9829931972789115,0.5357978474496958,0.5898807075277663,0.36698412698412697,0.3388011782492816,0.7593955223643036
0.024,0.2302788844621514,0.9829931972789115,0.5479644361254095,0.6005758946935418,0.37314396384764364,0.3464258341779235,0.7654788167021604
0.025,0.23534201954397393,0.9829931972789115,0.5605989705194198,0.611682435211847,0.3797634691195795,0.35450071863085136,0.7717960838991657
0.026000000000000002,0.23936613844870724,0.9761904761904762,0.5732335049134301,0.6219662690250926,0.3844608171466845,0.3583179727038464,0.7747119905519531
0.027,0.24404761904761904,0.9761904761904762,0.5839962564342537,0.6314273961332785,0.3904761904761905,0.36549649903450865,0.7800933663123649
0.028,0.24869565217391304,0.9727891156462585,0.5956948993916705,0.6412998765939942,0.3961218836565097,0.3712536214103082,0.7842420075189644
0.029,0.25220458553791886,0.9727891156462585,0.6031820308844174,0.6478815302344714,0.4005602240896359,0.3764437913905568,0.7879855732653379
0.03,0.25696316262353996,0.9727891156462585,0.6130088909686476,0.6565199506375977,0.40653873489694387,0.38337035631061156,0.792899003307453
0.031,0.2619047619047619,0.9727891156462585,0.6228357510528779,0.665158371040724,0.4126984126984127,0.39043355882100356,0.7978124333495682
0.032,0.26779026217228463,0.9727891156462585,0.6340664482919981,0.6750308515014397,0.4199706314243759,0.39868299317618466,0.8034277819691282
0.033,0.2706552706552707,0.9693877551020408,0.6406176883481516,0.6803784450843274,0.42316258351893093,0.4013939685805227,0.8050027217250961
0.034,0.2746615087040619,0.9659863945578231,0.6490407112774919,0.6873714520773344,0.42771084337349397,0.4056128549873287,0.8075135529176575
0.035,0.2811881188118812,0.9659863945578231,0.660271408516612,0.6972439325380502,0.43558282208588955,0.4143538233859438,0.8131289015372176
0.036000000000000004,0.28600201409869086,0.9659863945578231,0.6682264857276556,0.7042369395310571,0.44133644133644134,0.42068489334159037,0.8171064401427394
0.037,0.2906857727737973,0.9659863945578231,0.6757136172204025,0.7108185931715344,0.44689221085759245,0.42675487253019606,0.8208500058891128
0.038,0.2954070981210856,0.9625850340136054,0.6841366401497426,0.7178116001645414,0.4520766773162939,0.4315282324580932,0.8233608370816741
0.039,0.30202774813233724,0.9625850340136054,0.6939635002339729,0.7264500205676676,0.45978878960194963,0.4398429833313516,0.8282742671237892
0.04,0.30618892508143325,0.9591836734693877,0.7009826860084231,0.7322089675030852,0.4641975308641975,0.44372206707439715,0.8300831797389054
0.041,0.31194690265486724,0.9591836734693877,0.7089377632194666,0.7392019744960922,0.4707846410684474,0.4507415552350567,0.8340607183444271
0.042,0.3160854893138358,0.95578231292517,0.71548900327562,0.7445495680789799,0.4750633981403212,0.454444601731053,0.835635658100395
0.043000000000000003,0.3211428571428571,0.95578231292517,0.7220402433317735,0.7503085150143973,0.48075278015397777,0.46045068186481675,0.8389112781284718
0.044,0.32558139534883723,0.9523809523809523,0.728591483387927,0.755656108597285,0.4852686308492201,0.4643742622597847,0.8404862178844397
0.045,0.3297997644287397,0.9523809523809523,0.7337388862891905,0.7601809954751131,0.4899387576552931,0.4692657074450638,0.8430599193350714
0.046,0.33175355450236965,0.9523809523809523,0.7360786148806738,0.7622377622377622,0.492091388400703,0.4715140944310879,0.844229783630813
0.047,0.3365617433414044,0.9455782312925171,0.7435657463734207,0.7679967091731797,0.49642857142857144,0.4744149316996239,0.8445719888329688
0.048,0.3415233415233415,0.9455782312925171,0.7491810949929808,0.7729329494035376,0.5018050541516246,0.4800020578192503,0.8473796631427489
0.049,0.3453416149068323,0.9455782312925171,0.7533926064576509,0.7766351295763061,0.5059144676979072,0.4842579643728584,0.849485418875084
0.05,0.35324015247776364,0.9455782312925171,0.7618156293869911,0.7840394899218429,0.5143385753931545,0.4929455379912617,0.8536969303397541
0.051000000000000004,0.35686777920410784,0.9455782312925171,0.7655591951333646,0.7873303167420814,0.5181733457595527,0.496884800053058,0.8555687132129408
0.052000000000000005,0.36057068741893644,0.9455782312925171,0.7693027608797379,0.79062114356232,0.5220657276995305,0.500873947783892,0.8574404960861275
0.053,0.3607843137254902,0.9387755102040817,0.7711745437529247,0.7914438502673797,0.5212464589235127,0.4984659609261197,0.8549750269785032
0.054,0.3670212765957447,0.9387755102040817,0.7772578380907814,0.7967914438502673,0.5277246653919694,0.5050971376306841,0.8580166741474315
0.055,0.3709677419354839,0.9387755102040817,0.7810014038371549,0.800082270670506,0.5317919075144508,0.5092485842474235,0.8598884570206182
0.056,0.3724696356275304,0.9387755102040817,0.7824052409920449,0.8013163307280954,0.5333333333333333,0.5108196516561522,0.8605903755980633
0.057,0.37517053206002726,0.935374149659864,0.7856808610201217,0.8037844508432743,0.5355404089581305,0.5122989846901886,0.8605275053399928
0.058,0.3784530386740331,0.9319727891156463,0.789424426766495,0.8066639243109831,0.5383104125736738,0.5143566327391244,0.8606986079410707
0.059000000000000004,0.3769123783031989,0.9217687074829932,0.7903603182030885,0.8062525709584533,0.5350444225074038,0.5087662437342947,0.8560645128430409
0.06,0.3842857142857143,0.9149659863945578,0.798315395414132,0.8124228712464007,0.5412474849094567,0.5136168470233701,0.8566406909043449
0.061,0.3878437047756874,0.9115646258503401,0.8020589611605053,0.8153023447141095,0.5441624365482234,0.5158595495348196,0.8568117935054227
0.062,0.39644970414201186,0.9115646258503401,0.8090781469349555,0.8214726450020567,0.5525773195876289,0.5244258048917508,0.8603213863926478
0.063,0.40119760479041916,0.9115646258503401,0.812821712681329,0.8247634718222954,0.5571725571725572,0.5290927250683701,0.8621931692658346
0.064,0.4017991004497751,0.9115646258503401,0.8132896583996256,0.8251748251748252,0.5577523413111343,0.5296810418200091,0.862427142124983
0.065,0.40667678300455234,0.9115646258503401,0.8170332241459991,0.8284656519950637,0.5624344176285414,0.5344280513778397,0.8642989249981696
0.066,0.40950920245398775,0.9081632653061225,0.8198408984557791,0.8305224187577128,0.5644820295983086,0.535794211813684,0.8640020818809508
0.067,0.4107692307692308,0.9081632653061225,0.8207767898923725,0.8313451254627725,0.565677966101695,0.5370059572690784,0.8644700275992474
0.068,0.41459627329192544,0.9081632653061225,0.8235844642021526,0.8338132455779514,0.5692963752665245,0.5406697849342165,0.8658738647541375
0.069,0.4158878504672897,0.9081632653061225,0.8245203556387459,0.8346359522830111,0.5705128205128205,0.5419007162255444,0.8663418104724342
0.07,0.4188976377952756,0.9047619047619048,0.827328029948526,0.8366927190456602,0.5726587728740581,0.5433758510254908,0.8660449673552153
0.07100000000000001,0.4215530903328051,0.9047619047619048,0.8291998128217127,0.8383381324557795,0.5751351351351351,0.5458815328986908,0.8669808587918088
0.07200000000000001,0.42356687898089174,0.9047619047619048,0.8306036499766027,0.839572192513369,0.5770065075921909,0.5477741382184641,0.8676827773692537
0.073,0.42765273311897106,0.9047619047619048,0.8334113242863828,0.842040312628548,0.5807860262008734,0.5515942640001538,0.8690866145241438
0.074,0.43089430894308944,0.9013605442176871,0.8362189985961629,0.844097079391197,0.583058305830583,0.5532090919805305,0.868789771406925
0.075,0.4344262295081967,0.9013605442176871,0.8385587271876462,0.8461538461538461,0.5862831858407079,0.5564682301646783,0.8699596357026667
0.076,0.439469320066335,0.9013605442176871,0.8418343472157229,0.8490333196215549,0.5908584169453734,0.5610891753257824,0.871597445716705
0.077,0.44166666666666665,0.9013605442176871,0.843238184370613,0.8502673796791443,0.5928411633109619,0.5630907838461583,0.8722993642941501
0.078,0.44537815126050423,0.9013605442176871,0.8455779129620964,0.8523241464417936,0.5961754780652418,0.5664556660832736,0.8734692285898917
0.079,0.44763513513513514,0.9013605442176871,0.8469817501169864,0.853558206499383,0.5981941309255079,0.5684921857044073,0.8741711471673368
0.08,0.45051194539249145,0.8979591836734694,0.8493214787084699,0.8552036199095022,0.6,0.5696560013591501,0.8736403311909696
0.081,0.4520547945205479,0.8979591836734694,0.8502573701450632,0.8560263266145619,0.6013667425968109,0.5710358409025972,0.8741082769092663
0.082,0.45595854922279794,0.8979591836734694,0.8525970987365465,0.858083093377211,0.6048109965635738,0.5745124145793681,0.8752781412050079
0.083,0.458041958041958,0.891156462585034,0.85493682732803,0.8593171534348005,0.605080831408776,0.5734972650405696,0.873046644956532
0.084,0.46045694200351495,0.891156462585034,0.85634066448292,0.8605512134923899,0.6071842410196987,0.5756247813821419,0.873748563533977
0.085,0.46017699115044247,0.8843537414965986,0.8572765559195134,0.8605512134923899,0.6053550640279395,0.572510354993756,0.870815148708056
0.08600000000000001,0.46099290780141844,0.8843537414965986,0.85774450163781,0.8609625668449198,0.6060606060606061,0.573225654371636,0.8710491215672043
0.08700000000000001,0.46511627906976744,0.8843537414965986,0.8600842302292934,0.8630193336075689,0.6096131301289566,0.5768270488455717,0.872218985862946
0.088,0.4676258992805755,0.8843537414965986,0.8614880673841835,0.8642533936651584,0.611764705882353,0.5790080728837512,0.872920904440391
0.089,0.47176684881602915,0.8809523809523809,0.8642957416939635,0.8663101604278075,0.6144721233689205,0.5811400884982312,0.8726240613231722
0.09,0.47522935779816516,0.8809523809523809,0.8661675245671502,0.8679555738379268,0.6174016686531585,0.5841133583423114,0.8735599527597655
0.091,0.4787430683918669,0.8809523809523809,0.868039307440337,0.869600987248046,0.6203592814371257,0.5871152890612011,0.874495844196359
0.092,0.48141263940520446,0.8809523809523809,0.869443144595227,0.8708350473056355,0.6225961538461539,0.5893858665092996,0.8751977627738039
0.093,0.4822429906542056,0.8775510204081632,0.8703790360318203,0.8712464006581654,0.6224366706875754,0.5886279161019257,0.8739650282199918
0.094,0.48314606741573035,0.8775510204081632,0.870846981750117,0.8716577540106952,0.6231884057971014,0.5893920204563564,0.8741990010791401
0.095,0.48674242424242425,0.8741496598639455,0.8731867103416003,0.8733031674208145,0.6253041362530414,0.590956738603771,0.873668185102773
0.096,0.48674242424242425,0.8741496598639455,0.8731867103416003,0.8733031674208145,0.6253041362530414,0.590956738603771,0.873668185102773
0.097,0.4876190476190476,0.8707482993197279,0.8741226017781937,0.8737145207733443,0.6251526251526252,0.5902226001727411,0.8724354505489608
0.098,0.491362763915547,0.8707482993197279,0.8759943846513805,0.8753599341834636,0.6282208588957056,0.5933505611369527,0.8733713419855542
0.099,0.491362763915547,0.8707482993197279,0.8759943846513805,0.8753599341834636,0.6282208588957056,0.5933505611369527,0.8733713419855542
0.1,0.4932562620423892,0.8707482993197279,0.8769302760879738,0.8761826408885233,0.6297662976629766,0.5949263976945666,0.8738392877038508
0.101,0.49707602339181284,0.8673469387755102,0.8792700046794572,0.8778280542986425,0.6319702602230484,0.5966103506926789,0.8733084717274837
0.10200000000000001,0.5009823182711198,0.8673469387755102,0.8811417875526439,0.8794734677087618,0.635118306351183,0.5998264421864565,0.874244363164077
0.10300000000000001,0.5039525691699605,0.8673469387755102,0.882545624707534,0.8807075277663513,0.6375,0.6022604547949754,0.8749462817415221
0.10400000000000001,0.5069582504970179,0.8673469387755102,0.883949461862424,0.8819415878239407,0.6398996235884568,0.6047135877211312,0.8756482003189671
0.105,0.5110220440881763,0.8673469387755102,0.8858212447356106,0.8835870012340601,0.6431273644388399,0.6080146701455983,0.8765840917555604
0.106,0.5120481927710844,0.8673469387755102,0.8862891904539073,0.8839983545865899,0.6439393939393939,0.6088454126709179,0.8768180646147088
0.107,0.5161943319838057,0.8673469387755102,0.8881609733270941,0.8856437679967092,0.6472081218274112,0.6121906020972808,0.8777539560513021
0.108,0.5214723926380368,0.8673469387755102,0.8905007019185774,0.8877005347593583,0.6513409961685823,0.6164229320080256,0.8789238203470437
0.109,0.5246913580246914,0.8673469387755102,0.8919045390734675,0.8889345948169478,0.6538461538461539,0.6189900026431406,0.8796257389244888
0.11,0.5268595041322314,0.8673469387755102,0.8928404305100608,0.8897573015220074,0.6555269922879178,0.6207131113666188,0.8800936846427855
0.111,0.5270833333333333,0.8605442176870748,0.8937763219466542,0.8897573015220074,0.6537467700258398,0.6178493673616787,0.8771602698168646
0.112,0.5303983228511531,0.8605442176870748,0.8951801591015442,0.8909913615795969,0.6562905317769131,0.6204658571047359,0.8778621883943095
0.113,0.5315126050420168,0.8605442176870748,0.8956481048198409,0.8914027149321267,0.6571428571428571,0.6213428895775549,0.8780961612534579
0.114,0.5360169491525424,0.8605442176870748,0.8975198876930276,0.893048128342246,0.660574412532637,0.624875708382494,0.8790320526900512
0.115,0.5371549893842887,0.8605442176870748,0.8979878334113243,0.8934594816947758,0.661437908496732,0.6257651506484683,0.8792660255491995
0.116,0.5384615384615384,0.8571428571428571,0.8989237248479176,0.8938708350473057,0.6614173228346457,0.6252488371561135,0.8780332909953874
0.117,0.5419354838709678,0.8571428571428571,0.9003275620028077,0.8951048951048951,0.6640316205533597,0.6279475501870779,0.8787352095728325
0.11800000000000001,0.5454545454545454,0.8571428571428571,0.9017313991576977,0.8963389551624846,0.6666666666666666,0.6306696049320565,0.8794371281502774
0.11900000000000001,0.5454545454545454,0.8571428571428571,0.9017313991576977,0.8963389551624846,0.6666666666666666,0.6306696049320565,0.8794371281502774
0.12,0.5456521739130434,0.8537414965986394,0.9021993448759944,0.8963389551624846,0.6657824933687002,0.6292764920427879,0.8779704207373169
0.121,0.5458515283842795,0.8503401360544217,0.9026672905942911,0.8963389551624846,0.6648936170212766,0.6278832595545921,0.8765037133243564
0.122,0.5482456140350878,0.8503401360544217,0.9036031820308844,0.8971616618675442,0.6666666666666666,0.6297216889029201,0.8769716590426531
0.123,0.5521064301552107,0.8469387755102041,0.9054749649040711,0.8983957219251337,0.6684563758389261,0.631119760376517,0.8762068702071376
0.124,0.5545657015590201,0.8469387755102041,0.9064108563406644,0.8992184286301933,0.6702557200538358,0.6329909648966321,0.8766748159254343
0.125,0.5535714285714286,0.8435374149659864,0.9064108563406644,0.8988070752776635,0.6684636118598383,0.6306768220447977,0.8749741356533254
0.126,0.5535714285714286,0.8435374149659864,0.9064108563406644,0.8988070752776635,0.6684636118598383,0.6306768220447977,0.8749741356533254
0.127,0.5548098434004475,0.8435374149659864,0.9068788020589612,0.8992184286301933,0.6693657219973009,0.6316166089934802,0.8752081085124739
0.128,0.5548098434004475,0.8435374149659864,0.9068788020589612,0.8992184286301933,0.6693657219973009,0.6316166089934802,0.8752081085124739
0.129,0.5548098434004475,0.8435374149659864,0.9068788020589612,0.8992184286301933,0.6693657219973009,0.6316166089934802,0.8752081085124739
0.13,0.5573033707865168,0.8435374149659864,0.9078146934955545,0.900041135335253,0.6711772665764547,0.6335046517319887,0.8756760542307704
0.131,0.5636363636363636,0.8435374149659864,0.9101544220870379,0.9020979020979021,0.6757493188010899,0.6382749050079168,0.8768459185265122
0.132,0.5662100456621004,0.8435374149659864,0.9110903135236312,0.9029206088029618,0.6775956284153005,0.6402034067040376,0.8773138642448088
0.133,0.5691244239631337,0.8401360544217688,0.9124941506785212,0.9037433155080213,0.6785714285714286,0.6408017260005362,0.876315102550145
0.134,0.5704387990762124,0.8401360544217688,0.912962096396818,0.9041546688605512,0.6795048143053645,0.6417794657615401,0.8765490754092934
0.135,0.5704387990762124,0.8401360544217688,0.912962096396818,0.9041546688605512,0.6795048143053645,0.6417794657615401,0.8765490754092934
0.136,0.5704387990762124,0.8401360544217688,0.912962096396818,0.9041546688605512,0.6795048143053645,0.6417794657615401,0.8765490754092934
0.137,0.5720930232558139,0.8367346938775511,0.9138979878334114,0.904566022213081,0.6795580110497238,0.6414246167432426,0.8753163408554812
0.138,0.5720930232558139,0.8367346938775511,0.9138979878334114,0.904566022213081,0.6795580110497238,0.6414246167432426,0.8753163408554812
0.139,0.5710955710955711,0.8333333333333334,0.9138979878334114,0.9041546688605512,0.677731673582296,0.6391021980967715,0.8736156605833724
0.14,0.572429906542056,0.8333333333333334,0.914365933551708,0.904566022213081,0.6786703601108033,0.6400892330126741,0.8738496334425208
0.14100000000000001,0.572429906542056,0.8333333333333334,0.914365933551708,0.904566022213081,0.6786703601108033,0.6400892330126741,0.8738496334425208
0.14200000000000002,0.5737704918032787,0.8333333333333334,0.9148338792700047,0.9049773755656109,0.6796116504854369,0.641079370933976,0.874083606301669
0.14300000000000002,0.5764705882352941,0.8333333333333334,0.915769770706598,0.9058000822706705,0.6815020862308763,0.6430690284726576,0.8745515520199657
0.14400000000000002,0.5764705882352941,0.8333333333333334,0.915769770706598,0.9058000822706705,0.6815020862308763,0.6430690284726576,0.8745515520199657
0.145,0.580568720379147,0.8333333333333334,0.917173607861488,0.90703414232826,0.6843575418994413,0.6460772454892139,0.8752534705974107
0.146,0.5819477434679335,0.8333333333333334,0.9176415535797847,0.9074454956807898,0.6853146853146853,0.6470863874713726,0.875487443456559
0.147,0.5823389021479713,0.8299319727891157,0.9181094992980814,0.9074454956807898,0.6844319775596073,0.64577407025449,0.8740207360435985
0.148,0.5823389021479713,0.8299319727891157,0.9181094992980814,0.9074454956807898,0.6844319775596073,0.64577407025449,0.8740207360435985
0.149,0.5823389021479713,0.8299319727891157,0.9181094992980814,0.9074454956807898,0.6844319775596073,0.64577407025449,0.8740207360435985
0.15,0.5851318944844125,0.8299319727891157,0.9190453907346747,0.9082682023858495,0.6863572433192686,0.6478088217025942,0.8744886817618952
0.151,0.585956416464891,0.8231292517006803,0.9199812821712682,0.9082682023858495,0.6845827439886846,0.6451990765784414,0.8715552669359743
0.152,0.5888077858880778,0.8231292517006803,0.9209171736078615,0.9090909090909091,0.6865248226950355,0.6472608886139996,0.8720232126542709
0.153,0.5902439024390244,0.8231292517006803,0.9213851193261582,0.9095022624434389,0.6875,0.6482968722573782,0.8722571855134192
0.154,0.5916870415647921,0.8231292517006803,0.9218530650444549,0.9099136157959687,0.6884779516358464,0.6493362684358661,0.8724911583725676
0.155,0.5931372549019608,0.8231292517006803,0.9223210107627515,0.9103249691484986,0.6894586894586895,0.6503790979568963,0.8727251312317159
0.156,0.5945945945945946,0.8231292517006803,0.9227889564810482,0.9107363225010284,0.6904422253922967,0.6514253818053363,0.8729591040908642
0.157,0.5945945945945946,0.8231292517006803,0.9227889564810482,0.9107363225010284,0.6904422253922967,0.6514253818053363,0.8729591040908642
0.158,0.5960591133004927,0.8231292517006803,0.9232569021993449,0.9111476758535582,0.6914285714285714,0.6524751411454472,0.8731930769500126
0.159,0.5960591133004927,0.8231292517006803,0.9232569021993449,0.9111476758535582,0.6914285714285714,0.6524751411454472,0.8731930769500126
0.16,0.6004962779156328,0.8231292517006803,0.9246607393542349,0.9123817359111477,0.6944045911047346,0.655645486491213,0.8738949955274575
0.161,0.6019900497512438,0.8231292517006803,0.9251286850725315,0.9127930892636775,0.6954022988505747,0.6567093630985603,0.8741289683866059
0.162,0.6034912718204489,0.8231292517006803,0.9255966307908282,0.9132044426162074,0.6964028776978417,0.657776823780238,0.8743629412457543
0.163,0.6025,0.8197278911564626,0.9255966307908282,0.9127930892636775,0.6945244956772334,0.6554451875750464,0.8726622609736454
0.164,0.6025,0.8197278911564626,0.9255966307908282,0.9127930892636775,0.6945244956772334,0.6554451875750464,0.8726622609736454
0.165,0.6025,0.8197278911564626,0.9255966307908282,0.9127930892636775,0.6945244956772334,0.6554451875750464,0.8726622609736454
0.166,0.6055276381909548,0.8197278911564626,0.9265325222274217,0.9136157959687371,0.6965317919075145,0.6575913703871229,0.8731302066919422
0.167,0.6070528967254408,0.8197278911564626,0.9270004679457183,0.9140271493212669,0.6975397973950795,0.6586699399891096,0.8733641795510905
0.168,0.6070528967254408,0.8197278911564626,0.9270004679457183,0.9140271493212669,0.6975397973950795,0.6586699399891096,0.8733641795510905
0.169,0.6085858585858586,0.8197278911564626,0.927468413664015,0.9144385026737968,0.6985507246376812,0.6597521922958622,0.8735981524102387
0.17,0.6116751269035533,0.8197278911564626,0.9284043051006083,0.9152612093788565,0.7005813953488372,0.6619278379579466,0.8740660981285355
0.171,0.6132315521628499,0.8197278911564626,0.928872250818905,0.9156725627313863,0.7016011644832606,0.6630212782934306,0.8743000709876838
0.17200000000000001,0.617948717948718,0.8197278911564626,0.930276087973795,0.9169066227889757,0.7046783625730995,0.6663243555870617,0.8750019895651289
0.17300000000000001,0.617948717948718,0.8197278911564626,0.930276087973795,0.9169066227889757,0.7046783625730995,0.6663243555870617,0.8750019895651289
0.17400000000000002,0.6169665809768637,0.8163265306122449,0.930276087973795,0.9164952694364459,0.7027818448023426,0.6639918756799045,0.87330130929302
0.17500000000000002,0.6185567010309279,0.8163265306122449,0.9307440336920917,0.9169066227889757,0.7038123167155426,0.6651008533790467,0.8735352821521682
0.176,0.6185567010309279,0.8163265306122449,0.9307440336920917,0.9169066227889757,0.7038123167155426,0.6651008533790467,0.8735352821521682
0.177,0.6185567010309279,0.8163265306122449,0.9307440336920917,0.9169066227889757,0.7038123167155426,0.6651008533790467,0.8735352821521682
0.178,0.6185567010309279,0.8163265306122449,0.9307440336920917,0.9169066227889757,0.7038123167155426,0.6651008533790467,0.8735352821521682
0.179,0.6185567010309279,0.8163265306122449,0.9307440336920917,0.9169066227889757,0.7038123167155426,0.6651008533790467,0.8735352821521682
0.18,0.6181818181818182,0.8095238095238095,0.9312119794103884,0.9164952694364459,0.7010309278350515,0.6615399484932285,0.870367894467099
0.181,0.6197916666666666,0.8095238095238095,0.931679925128685,0.9169066227889757,0.7020648967551623,0.6626573077001828,0.8706018673262472
0.182,0.6230366492146597,0.8095238095238095,0.9326158165652785,0.9177293294940354,0.7041420118343196,0.6649039098127353,0.871069813044544
0.183,0.6230366492146597,0.8095238095238095,0.9326158165652785,0.9177293294940354,0.7041420118343196,0.6649039098127353,0.871069813044544
0.184,0.6263157894736842,0.8095238095238095,0.9335517080018718,0.918552036199095,0.7062314540059347,0.6671665294856333,0.8715377587628407
0.185,0.6279683377308707,0.8095238095238095,0.9340196537201685,0.9189633895516248,0.7072808320950966,0.6683039115323813,0.8717717316219891
0.186,0.6279683377308707,0.8095238095238095,0.9340196537201685,0.9189633895516248,0.7072808320950966,0.6683039115323813,0.8717717316219891
0.187,0.6296296296296297,0.8095238095238095,0.9344875994384652,0.9193747429041547,0.7083333333333334,0.669445377201619,0.8720057044811373
0.188,0.632,0.8061224489795918,0.9354234908750585,0.9197860962566845,0.7085201793721974,0.6694016810244179,0.8707729699273252
0.189,0.6336898395721925,0.8061224489795918,0.9358914365933552,0.9201974496092143,0.7095808383233533,0.6705559366338679,0.8710069427864735
0.19,0.6336898395721925,0.8061224489795918,0.9358914365933552,0.9201974496092143,0.7095808383233533,0.6705559366338679,0.8710069427864735
0.191,0.6353887399463807,0.8061224489795918,0.9363593823116518,0.9206088029617442,0.7106446776611695,0.6717143958763466,0.8712409156456218
0.192,0.6351351351351351,0.7993197278911565,0.9368273280299485,0.9201974496092143,0.7078313253012049,0.6681910402686336,0.8680735279605525
0.193,0.6368563685636857,0.7993197278911565,0.9372952737482452,0.9206088029617442,0.7088989441930619,0.6693587917366097,0.8683075008197008
0.194,0.6376021798365122,0.7959183673469388,0.9377632194665418,0.9206088029617442,0.708018154311649,0.6681833774894012,0.8668407934067404
0.195,0.6373626373626373,0.7891156462585034,0.9382311651848385,0.9201974496092143,0.7051671732522796,0.6646553968245738,0.863673405721671
0.196,0.6398891966759003,0.7857142857142857,0.939167056621432,0.9206088029617442,0.7053435114503817,0.6646669344577504,0.8624406711678588
0.197,0.6416666666666667,0.7857142857142857,0.9396350023397286,0.9210201563142739,0.7064220183486238,0.6658582968234763,0.8626746440270072
0.198,0.6406685236768802,0.782312925170068,0.9396350023397286,0.9206088029617442,0.7044410413476263,0.6634981258487564,0.8609739637548983
0.199,0.6424581005586593,0.782312925170068,0.9401029480580253,0.9210201563142739,0.7055214723926381,0.664694433580645,0.8612079366140466
0.2,0.6424581005586593,0.782312925170068,0.9401029480580253,0.9210201563142739,0.7055214723926381,0.664694433580645,0.8612079366140466
0.201,0.6442577030812325,0.782312925170068,0.940570893776322,0.9214315096668038,0.706605222734255,0.6658952942037646,0.861441909473195
0.202,0.6450704225352113,0.7789115646258503,0.9410388394946186,0.9214315096668038,0.7057010785824345,0.6647382279113566,0.8599752020602345
0.203,0.6468926553672316,0.7789115646258503,0.9415067852129153,0.9218428630193336,0.7067901234567902,0.6659487579315156,0.8602091749193828
0.20400000000000001,0.6505681818181818,0.7789115646258503,0.9424426766495086,0.9226655697243933,0.7089783281733746,0.6683838375415038,0.8606771206376795
0.20500000000000002,0.6505681818181818,0.7789115646258503,0.9424426766495086,0.9226655697243933,0.7089783281733746,0.6683838375415038,0.8606771206376795
0.20600000000000002,0.6524216524216524,0.7789115646258503,0.9429106223678053,0.9230769230769231,0.710077519379845,0.6696084532392494,0.8609110934968278
0.20700000000000002,0.6524216524216524,0.7789115646258503,0.9429106223678053,0.9230769230769231,0.710077519379845,0.6696084532392494,0.8609110934968278
0.20800000000000002,0.6524216524216524,0.7789115646258503,0.9429106223678053,0.9230769230769231,0.710077519379845,0.6696084532392494,0.8609110934968278
0.209,0.6542857142857142,0.7789115646258503,0.943378568086102,0.9234882764294529,0.7111801242236024,0.6708378308173931,0.8611450663559761
0.21,0.6542857142857142,0.7789115646258503,0.943378568086102,0.9234882764294529,0.7111801242236024,0.6708378308173931,0.8611450663559761
0.211,0.6561604584527221,0.7789115646258503,0.9438465138043987,0.9238996297819827,0.7122861586314152,0.6720720041561397,0.8613790392151245
0.212,0.6570605187319885,0.7755102040816326,0.9443144595226953,0.9238996297819827,0.7113884555382215,0.6709482964290738,0.859912331802164
0.213,0.6589595375722543,0.7755102040816326,0.944782405240992,0.9243109831345125,0.7125,0.6721927219154461,0.8601463046613123
0.214,0.6569767441860465,0.7687074829931972,0.944782405240992,0.9234882764294529,0.7084639498432602,0.6674570167765008,0.8567449441170947
0.215,0.6608187134502924,0.7687074829931972,0.9457182966775854,0.9243109831345125,0.710691823899371,0.6699629261140699,0.8572128898353913
0.216,0.6608187134502924,0.7687074829931972,0.9457182966775854,0.9243109831345125,0.710691823899371,0.6699629261140699,0.8572128898353913
0.217,0.6608187134502924,0.7687074829931972,0.9457182966775854,0.9243109831345125,0.710691823899371,0.6699629261140699,0.8572128898353913
0.218,0.6608187134502924,0.7687074829931972,0.9457182966775854,0.9243109831345125,0.710691823899371,0.6699629261140699,0.8572128898353913
0.219,0.6608187134502924,0.7687074829931972,0.9457182966775854,0.9243109831345125,0.710691823899371,0.6699629261140699,0.8572128898353913
0.22,0.6608187134502924,0.7687074829931972,0.9457182966775854,0.9243109831345125,0.710691823899371,0.6699629261140699,0.8572128898353913
0.221,0.6608187134502924,0.7687074829931972,0.9457182966775854,0.9243109831345125,0.710691823899371,0.6699629261140699,0.8572128898353913
0.222,0.6608187134502924,0.7687074829931972,0.9457182966775854,0.9243109831345125,0.710691823899371,0.6699629261140699,0.8572128898353913
0.223,0.6608187134502924,0.7687074829931972,0.9457182966775854,0.9243109831345125,0.710691823899371,0.6699629261140699,0.8572128898353913
0.224,0.6608187134502924,0.7687074829931972,0.9457182966775854,0.9243109831345125,0.710691823899371,0.6699629261140699,0.8572128898353913
0.225,0.6608187134502924,0.7687074829931972,0.9457182966775854,0.9243109831345125,0.710691823899371,0.6699629261140699,0.8572128898353913
0.226,0.6608187134502924,0.7687074829931972,0.9457182966775854,0.9243109831345125,0.710691823899371,0.6699629261140699,0.8572128898353913
0.227,0.6627565982404692,0.7687074829931972,0.9461862423958821,0.9247223364870424,0.7118110236220473,0.6712233856072974,0.8574468626945397
0.228,0.6627565982404692,0.7687074829931972,0.9461862423958821,0.9247223364870424,0.7118110236220473,0.6712233856072974,0.8574468626945397
0.229,0.6647058823529411,0.7687074829931972,0.9466541881141788,0.9251336898395722,0.7129337539432177,0.6724888970180468,0.857680835553688
0.23,0.6647058823529411,0.7687074829931972,0.9466541881141788,0.9251336898395722,0.7129337539432177,0.6724888970180468,0.857680835553688
0.231,0.6647058823529411,0.7687074829931972,0.9466541881141788,0.9251336898395722,0.7129337539432177,0.6724888970180468,0.857680835553688
0.232,0.6637168141592921,0.7653061224489796,0.9466541881141788,0.9247223364870424,0.7109004739336493,0.6701175946006197,0.8559801552815791
0.233,0.665680473372781,0.7653061224489796,0.9471221338324755,0.9251336898395722,0.7120253164556962,0.6713888091665718,0.8562141281407275
0.234,0.665680473372781,0.7653061224489796,0.9471221338324755,0.9251336898395722,0.7120253164556962,0.6713888091665718,0.8562141281407275
0.23500000000000001,0.665680473372781,0.7653061224489796,0.9471221338324755,0.9251336898395722,0.7120253164556962,0.6713888091665718,0.8562141281407275
0.23600000000000002,0.6676557863501483,0.7653061224489796,0.9475900795507721,0.9255450431921021,0.7131537242472267,0.6726651657913835,0.8564481009998759
0.23700000000000002,0.6676557863501483,0.7653061224489796,0.9475900795507721,0.9255450431921021,0.7131537242472267,0.6726651657913835,0.8564481009998759
0.23800000000000002,0.6666666666666666,0.7619047619047619,0.9475900795507721,0.9251336898395722,0.7111111111111111,0.6702911974792317,0.854747420727767
0.23900000000000002,0.6666666666666666,0.7619047619047619,0.9475900795507721,0.9251336898395722,0.7111111111111111,0.6702911974792317,0.854747420727767
0.24,0.6656716417910448,0.7585034013605442,0.9475900795507721,0.9247223364870424,0.7090620031796503,0.6679132906176072,0.8530467404556581
0.241,0.6656716417910448,0.7585034013605442,0.9475900795507721,0.9247223364870424,0.7090620031796503,0.6679132906176072,0.8530467404556581
0.242,0.6656716417910448,0.7585034013605442,0.9475900795507721,0.9247223364870424,0.7090620031796503,0.6679132906176072,0.8530467404556581
0.243,0.6656716417910448,0.7585034013605442,0.9475900795507721,0.9247223364870424,0.7090620031796503,0.6679132906176072,0.8530467404556581
0.244,0.6676646706586826,0.7585034013605442,0.9480580252690688,0.9251336898395722,0.7101910828025477,0.6691961009870089,0.8532807133148065
0.245,0.6696696696696697,0.7585034013605442,0.9485259709873655,0.9255450431921021,0.7113237639553429,0.6704841624533796,0.8535146861739549
0.246,0.6696696696696697,0.7585034013605442,0.9485259709873655,0.9255450431921021,0.7113237639553429,0.6704841624533796,0.8535146861739549
0.247,0.6696696696696697,0.7585034013605442,0.9485259709873655,0.9255450431921021,0.7113237639553429,0.6704841624533796,0.8535146861739549
0.248,0.6696696696696697,0.7585034013605442,0.9485259709873655,0.9255450431921021,0.7113237639553429,0.6704841624533796,0.8535146861739549
0.249,0.6696696696696697,0.7585034013605442,0.9485259709873655,0.9255450431921021,0.7113237639553429,0.6704841624533796,0.8535146861739549
0.25,0.6696696696696697,0.7585034013605442,0.9485259709873655,0.9255450431921021,0.7113237639553429,0.6704841624533796,0.8535146861739549
0.251,0.6696696696696697,0.7585034013605442,0.9485259709873655,0.9255450431921021,0.7113237639553429,0.6704841624533796,0.8535146861739549
0.252,0.6696696696696697,0.7585034013605442,0.9485259709873655,0.9255450431921021,0.7113237639553429,0.6704841624533796,0.8535146861739549
0.253,0.6696696696696697,0.7585034013605442,0.9485259709873655,0.9255450431921021,0.7113237639553429,0.6704841624533796,0.8535146861739549
0.254,0.6737160120845922,0.7585034013605442,0.9494618624239588,0.9263677498971616,0.7136,0.6730761961093809,0.8539826318922514
0.255,0.6757575757575758,0.7585034013605442,0.9499298081422555,0.9267791032496915,0.7147435897435898,0.6743802480507561,0.8542166047513998
0.256,0.6757575757575758,0.7585034013605442,0.9499298081422555,0.9267791032496915,0.7147435897435898,0.6743802480507561,0.8542166047513998
0.257,0.6778115501519757,0.7585034013605442,0.9503977538605521,0.9271904566022213,0.7158908507223114,0.6756897106038743,0.8544505776105482
0.258,0.6758409785932722,0.7517006802721088,0.9503977538605521,0.9263677498971616,0.711755233494364,0.6709299618156824,0.8510492170663304
0.259,0.6758409785932722,0.7517006802721088,0.9503977538605521,0.9263677498971616,0.711755233494364,0.6709299618156824,0.8510492170663304
0.26,0.6758409785932722,0.7517006802721088,0.9503977538605521,0.9263677498971616,0.711755233494364,0.6709299618156824,0.8510492170663304
0.261,0.6758409785932722,0.7517006802721088,0.9503977538605521,0.9263677498971616,0.711755233494364,0.6709299618156824,0.8510492170663304
0.262,0.6758409785932722,0.7517006802721088,0.9503977538605521,0.9263677498971616,0.711755233494364,0.6709299618156824,0.8510492170663304
0.263,0.6779141104294478,0.7517006802721088,0.9508656995788488,0.9267791032496915,0.7129032258064516,0.6722463295743005,0.8512831899254788
0.264,0.6779141104294478,0.7517006802721088,0.9508656995788488,0.9267791032496915,0.7129032258064516,0.6722463295743005,0.8512831899254788
0.265,0.6779141104294478,0.7517006802721088,0.9508656995788488,0.9267791032496915,0.7129032258064516,0.6722463295743005,0.8512831899254788
0.266,0.6779141104294478,0.7517006802721088,0.9508656995788488,0.9267791032496915,0.7129032258064516,0.6722463295743005,0.8512831899254788
0.267,0.68,0.7517006802721088,0.9513336452971455,0.9271904566022213,0.7140549273021002,0.6735682262125252,0.8515171627846272
0.268,0.68,0.7517006802721088,0.9513336452971455,0.9271904566022213,0.7140549273021002,0.6735682262125252,0.8515171627846272
0.269,0.68,0.7517006802721088,0.9513336452971455,0.9271904566022213,0.7140549273021002,0.6735682262125252,0.8515171627846272
0.27,0.6820987654320988,0.7517006802721088,0.9518015910154423,0.9276018099547512,0.7152103559870551,0.6748956940736229,0.8517511356437755
0.271,0.6820987654320988,0.7517006802721088,0.9518015910154423,0.9276018099547512,0.7152103559870551,0.6748956940736229,0.8517511356437755
0.272,0.6820987654320988,0.7517006802721088,0.9518015910154423,0.9276018099547512,0.7152103559870551,0.6748956940736229,0.8517511356437755
0.273,0.6842105263157895,0.7517006802721088,0.9522695367337389,0.928013163307281,0.7163695299837926,0.6762287759563088,0.8519851085029239
0.274,0.6842105263157895,0.7517006802721088,0.9522695367337389,0.928013163307281,0.7163695299837926,0.6762287759563088,0.8519851085029239
0.275,0.6842105263157895,0.7517006802721088,0.9522695367337389,0.928013163307281,0.7163695299837926,0.6762287759563088,0.8519851085029239
0.276,0.6832298136645962,0.7482993197278912,0.9522695367337389,0.9276018099547512,0.7142857142857143,0.6738458027433873,0.8502844282308151
0.277,0.6853582554517134,0.7482993197278912,0.9527374824520356,0.928013163307281,0.7154471544715447,0.6751853337667323,0.8505184010899633
0.278,0.684375,0.7448979591836735,0.9527374824520356,0.9276018099547512,0.7133550488599348,0.6727990293187858,0.8488177208178546
0.279,0.6876971608832808,0.7414965986394558,0.9536733738886289,0.928013163307281,0.7135842880523732,0.6731080870831283,0.8475849862640423
0.28,0.6876971608832808,0.7414965986394558,0.9536733738886289,0.928013163307281,0.7135842880523732,0.6731080870831283,0.8475849862640423
0.281,0.6876971608832808,0.7414965986394558,0.9536733738886289,0.928013163307281,0.7135842880523732,0.6731080870831283,0.8475849862640423
0.28200000000000003,0.6876971608832808,0.7414965986394558,0.9536733738886289,0.928013163307281,0.7135842880523732,0.6731080870831283,0.8475849862640423
0.28300000000000003,0.6847133757961783,0.7312925170068028,0.9536733738886289,0.9267791032496915,0.7072368421052632,0.6659162590792449,0.8424829454477158
0.28400000000000003,0.6847133757961783,0.7312925170068028,0.9536733738886289,0.9267791032496915,0.7072368421052632,0.6659162590792449,0.8424829454477158
0.28500000000000003,0.6858974358974359,0.7278911564625851,0.9541413196069256,0.9267791032496915,0.7062706270627063,0.6648722479600903,0.8410162380347553
0.28600000000000003,0.6858974358974359,0.7278911564625851,0.9541413196069256,0.9267791032496915,0.7062706270627063,0.6648722479600903,0.8410162380347553
0.28700000000000003,0.684887459807074,0.7244897959183674,0.9541413196069256,0.9263677498971616,0.7041322314049587,0.6624629125474305,0.8393155577626465
0.28800000000000003,0.684887459807074,0.7244897959183674,0.9541413196069256,0.9263677498971616,0.7041322314049587,0.6624629125474305,0.8393155577626465
0.289,0.684887459807074,0.7244897959183674,0.9541413196069256,0.9263677498971616,0.7041322314049587,0.6624629125474305,0.8393155577626465
0.29,0.684887459807074,0.7244897959183674,0.9541413196069256,0.9263677498971616,0.7041322314049587,0.6624629125474305,0.8393155577626465
0.291,0.6838709677419355,0.7210884353741497,0.9541413196069256,0.9259563965446318,0.7019867549668874,0.6600492120902807,0.8376148774905376
0.292,0.6883116883116883,0.7210884353741497,0.955077211043519,0.9267791032496915,0.7043189368770764,0.6627941597922132,0.8380828232088343
0.293,0.6928104575163399,0.7210884353741497,0.9560131024801123,0.9276018099547512,0.7066666666666667,0.6655635752992343,0.838550768927131
0.294,0.6918032786885245,0.717687074829932,0.9560131024801123,0.9271904566022213,0.7045075125208681,0.6631488764848662,0.8368500886550221
0.295,0.6918032786885245,0.717687074829932,0.9560131024801123,0.9271904566022213,0.7045075125208681,0.6631488764848662,0.8368500886550221
0.296,0.6918032786885245,0.717687074829932,0.9560131024801123,0.9271904566022213,0.7045075125208681,0.6631488764848662,0.8368500886550221
0.297,0.6907894736842105,0.7142857142857143,0.9560131024801123,0.9267791032496915,0.7023411371237458,0.660729720356077,0.8351494083829133
0.298,0.695364238410596,0.7142857142857143,0.9569489939167056,0.9276018099547512,0.7046979865771812,0.66352765585987,0.83561735410121
0.299,0.695364238410596,0.7142857142857143,0.9569489939167056,0.9276018099547512,0.7046979865771812,0.66352765585987,0.83561735410121
0.3,0.695364238410596,0.7142857142857143,0.9569489939167056,0.9276018099547512,0.7046979865771812,0.66352765585987,0.83561735410121
0.301,0.7023411371237458,0.7142857142857143,0.9583528310715957,0.9288358700123406,0.7082630691399663,0.6677724272007943,0.836319272678655
0.302,0.7023411371237458,0.7142857142857143,0.9583528310715957,0.9288358700123406,0.7082630691399663,0.6677724272007943,0.836319272678655
0.303,0.7023411371237458,0.7142857142857143,0.9583528310715957,0.9288358700123406,0.7082630691399663,0.6677724272007943,0.836319272678655
0.304,0.7023411371237458,0.7142857142857143,0.9583528310715957,0.9288358700123406,0.7082630691399663,0.6677724272007943,0.836319272678655
0.305,0.7023411371237458,0.7142857142857143,0.9583528310715957,0.9288358700123406,0.7082630691399663,0.6677724272007943,0.836319272678655
0.306,0.7046979865771812,0.7142857142857143,0.9588207767898924,0.9292472233648704,0.7094594594594594,0.6692003280761561,0.8365532455378033
0.307,0.7046979865771812,0.7142857142857143,0.9588207767898924,0.9292472233648704,0.7094594594594594,0.6692003280761561,0.8365532455378033
0.308,0.7046979865771812,0.7142857142857143,0.9588207767898924,0.9292472233648704,0.7094594594594594,0.6692003280761561,0.8365532455378033
0.309,0.7046979865771812,0.7142857142857143,0.9588207767898924,0.9292472233648704,0.7094594594594594,0.6692003280761561,0.8365532455378033
0.31,0.7046979865771812,0.7142857142857143,0.9588207767898924,0.9292472233648704,0.7094594594594594,0.6692003280761561,0.8365532455378033
0.311,0.7037037037037037,0.7108843537414966,0.9588207767898924,0.9288358700123406,0.7072758037225042,0.6667823880085495,0.8348525652656945
0.312,0.7037037037037037,0.7108843537414966,0.9588207767898924,0.9288358700123406,0.7072758037225042,0.6667823880085495,0.8348525652656945
0.313,0.7037037037037037,0.7108843537414966,0.9588207767898924,0.9288358700123406,0.7072758037225042,0.6667823880085495,0.8348525652656945
0.314,0.7037037037037037,0.7108843537414966,0.9588207767898924,0.9288358700123406,0.7072758037225042,0.6667823880085495,0.8348525652656945
0.315,0.7037037037037037,0.7108843537414966,0.9588207767898924,0.9288358700123406,0.7072758037225042,0.6667823880085495,0.8348525652656945
0.316,0.7037037037037037,0.7108843537414966,0.9588207767898924,0.9288358700123406,0.7072758037225042,0.6667823880085495,0.8348525652656945
0.317,0.7037037037037037,0.7108843537414966,0.9588207767898924,0.9288358700123406,0.7072758037225042,0.6667823880085495,0.8348525652656945
0.318,0.7016949152542373,0.7040816326530612,0.9588207767898924,0.928013163307281,0.7028862478777589,0.6619327846760886,0.8314512047214768
0.319,0.7016949152542373,0.7040816326530612,0.9588207767898924,0.928013163307281,0.7028862478777589,0.6619327846760886,0.8314512047214768
0.32,0.7016949152542373,0.7040816326530612,0.9588207767898924,0.928013163307281,0.7028862478777589,0.6619327846760886,0.8314512047214768
0.321,0.7006802721088435,0.7006802721088435,0.9588207767898924,0.9276018099547512,0.7006802721088435,0.659501048898736,0.8297505244493679
0.322,0.7006802721088435,0.7006802721088435,0.9588207767898924,0.9276018099547512,0.7006802721088435,0.659501048898736,0.8297505244493679
0.323,0.7006802721088435,0.7006802721088435,0.9588207767898924,0.9276018099547512,0.7006802721088435,0.659501048898736,0.8297505244493679
0.324,0.7006802721088435,0.7006802721088435,0.9588207767898924,0.9276018099547512,0.7006802721088435,0.659501048898736,0.8297505244493679
0.325,0.7006802721088435,0.7006802721088435,0.9588207767898924,0.9276018099547512,0.7006802721088435,0.659501048898736,0.8297505244493679
0.326,0.7006802721088435,0.7006802721088435,0.9588207767898924,0.9276018099547512,0.7006802721088435,0.659501048898736,0.8297505244493679
0.327,0.7006802721088435,0.7006802721088435,0.9588207767898924,0.9276018099547512,0.7006802721088435,0.659501048898736,0.8297505244493679
0.328,0.7006802721088435,0.7006802721088435,0.9588207767898924,0.9276018099547512,0.7006802721088435,0.659501048898736,0.8297505244493679
0.329,0.7030716723549488,0.7006802721088435,0.9592887225081891,0.928013163307281,0.7018739352640545,0.6609396384120048,0.8299844973085163
0.33,0.7030716723549488,0.7006802721088435,0.9592887225081891,0.928013163307281,0.7018739352640545,0.6609396384120048,0.8299844973085163
0.331,0.7030716723549488,0.7006802721088435,0.9592887225081891,0.928013163307281,0.7018739352640545,0.6609396384120048,0.8299844973085163
0.332,0.7030716723549488,0.7006802721088435,0.9592887225081891,0.928013163307281,0.7018739352640545,0.6609396384120048,0.8299844973085163
0.333,0.7030716723549488,0.7006802721088435,0.9592887225081891,0.928013163307281,0.7018739352640545,0.6609396384120048,0.8299844973085163
0.334,0.7054794520547946,0.7006802721088435,0.9597566682264858,0.9284245166598107,0.7030716723549488,0.6623849632722814,0.8302184701676647
0.335,0.7054794520547946,0.7006802721088435,0.9597566682264858,0.9284245166598107,0.7030716723549488,0.6623849632722814,0.8302184701676647
0.336,0.7079037800687286,0.7006802721088435,0.9602246139447824,0.9288358700123406,0.7042735042735043,0.6638370808562448,0.830452443026813
0.337,0.7079037800687286,0.7006802721088435,0.9602246139447824,0.9288358700123406,0.7042735042735043,0.6638370808562448,0.830452443026813
0.338,0.7097902097902098,0.6904761904761905,0.9611605053813758,0.9284245166598107,0.7,0.6594544365626388,0.8258183479287831
0.339,0.712280701754386,0.6904761904761905,0.9616284510996724,0.9288358700123406,0.7012089810017271,0.6609307057217301,0.8260523207879314
0.34,0.712280701754386,0.6904761904761905,0.9616284510996724,0.9288358700123406,0.7012089810017271,0.6609307057217301,0.8260523207879314
0.341,0.712280701754386,0.6904761904761905,0.9616284510996724,0.9288358700123406,0.7012089810017271,0.6609307057217301,0.8260523207879314
0.342,0.7147887323943662,0.6904761904761905,0.9620963968179691,0.9292472233648704,0.7024221453287197,0.6624140881675576,0.8262862936470798
0.343,0.7173144876325088,0.6904761904761905,0.9625643425362658,0.9296585767174003,0.7036395147313691,0.6639046461958747,0.8265202665062281
0.34400000000000003,0.7198581560283688,0.6904761904761905,0.9630322882545624,0.9300699300699301,0.7048611111111112,0.665402442869983,0.8267542393653764
0.34500000000000003,0.7198581560283688,0.6904761904761905,0.9630322882545624,0.9300699300699301,0.7048611111111112,0.665402442869983,0.8267542393653764
0.34600000000000003,0.7198581560283688,0.6904761904761905,0.9630322882545624,0.9300699300699301,0.7048611111111112,0.665402442869983,0.8267542393653764
0.34700000000000003,0.7198581560283688,0.6904761904761905,0.9630322882545624,0.9300699300699301,0.7048611111111112,0.665402442869983,0.8267542393653764
0.34800000000000003,0.7198581560283688,0.6904761904761905,0.9630322882545624,0.9300699300699301,0.7048611111111112,0.665402442869983,0.8267542393653764
0.34900000000000003,0.7224199288256228,0.6904761904761905,0.9635002339728591,0.93048128342246,0.7060869565217391,0.666907542032972,0.8269882122245248
0.35000000000000003,0.725,0.6904761904761905,0.9639681796911558,0.9308926367749897,0.7073170731707317,0.6684200083202008,0.8272221850836732
0.35100000000000003,0.725,0.6904761904761905,0.9639681796911558,0.9308926367749897,0.7073170731707317,0.6684200083202008,0.8272221850836732
0.352,0.725,0.6904761904761905,0.9639681796911558,0.9308926367749897,0.7073170731707317,0.6684200083202008,0.8272221850836732
0.353,0.725,0.6904761904761905,0.9639681796911558,0.9308926367749897,0.7073170731707317,0.6684200083202008,0.8272221850836732
0.354,0.725,0.6904761904761905,0.9639681796911558,0.9308926367749897,0.7073170731707317,0.6684200083202008,0.8272221850836732
0.355,0.725,0.6904761904761905,0.9639681796911558,0.9308926367749897,0.7073170731707317,0.6684200083202008,0.8272221850836732
0.356,0.725,0.6904761904761905,0.9639681796911558,0.9308926367749897,0.7073170731707317,0.6684200083202008,0.8272221850836732
0.357,0.725,0.6904761904761905,0.9639681796911558,0.9308926367749897,0.7073170731707317,0.6684200083202008,0.8272221850836732
0.358,0.7275985663082437,0.6904761904761905,0.9644361254094524,0.9313039901275195,0.7085514834205934,0.6699399071720232,0.8274561579428215
0.359,0.7275985663082437,0.6904761904761905,0.9644361254094524,0.9313039901275195,0.7085514834205934,0.6699399071720232,0.8274561579428215
0.36,0.7302158273381295,0.6904761904761905,0.9649040711277492,0.9317153434800494,0.7097902097902098,0.6714673048467646,0.8276901308019698
0.361,0.7292418772563177,0.6870748299319728,0.9649040711277492,0.9313039901275195,0.7075306479859895,0.6690317583938814,0.8259894505298611
0.362,0.7292418772563177,0.6870748299319728,0.9649040711277492,0.9313039901275195,0.7075306479859895,0.6690317583938814,0.8259894505298611
0.363,0.7292418772563177,0.6870748299319728,0.9649040711277492,0.9313039901275195,0.7075306479859895,0.6690317583938814,0.8259894505298611
0.364,0.7292418772563177,0.6870748299319728,0.9649040711277492,0.9313039901275195,0.7075306479859895,0.6690317583938814,0.8259894505298611
0.365,0.7292418772563177,0.6870748299319728,0.9649040711277492,0.9313039901275195,0.7075306479859895,0.6690317583938814,0.8259894505298611
0.366,0.7292418772563177,0.6870748299319728,0.9649040711277492,0.9313039901275195,0.7075306479859895,0.6690317583938814,0.8259894505298611
0.367,0.7326007326007326,0.6802721088435374,0.9658399625643426,0.9313039901275195,0.7054673721340388,0.667231801958629,0.82305603570394
0.368,0.7326007326007326,0.6802721088435374,0.9658399625643426,0.9313039901275195,0.7054673721340388,0.667231801958629,0.82305603570394
0.369,0.7352941176470589,0.6802721088435374,0.9663079082826392,0.9317153434800494,0.7067137809187279,0.668786397702369,0.8232900085630883
0.37,0.7352941176470589,0.6802721088435374,0.9663079082826392,0.9317153434800494,0.7067137809187279,0.668786397702369,0.8232900085630883
0.371,0.7352941176470589,0.6802721088435374,0.9663079082826392,0.9317153434800494,0.7067137809187279,0.668786397702369,0.8232900085630883
0.372,0.7352941176470589,0.6802721088435374,0.9663079082826392,0.9317153434800494,0.7067137809187279,0.668786397702369,0.8232900085630883
0.373,0.7352941176470589,0.6802721088435374,0.9663079082826392,0.9317153434800494,0.7067137809187279,0.668786397702369,0.8232900085630883
0.374,0.7343173431734318,0.6768707482993197,0.9663079082826392,0.9313039901275195,0.7044247787610619,0.666340222494018,0.8215893282909794
0.375,0.737037037037037,0.6768707482993197,0.9667758540009359,0.9317153434800494,0.7056737588652482,0.667904149766567,0.8218233011501278
0.376,0.737037037037037,0.6768707482993197,0.9667758540009359,0.9317153434800494,0.7056737588652482,0.667904149766567,0.8218233011501278
0.377,0.737037037037037,0.6768707482993197,0.9667758540009359,0.9317153434800494,0.7056737588652482,0.667904149766567,0.8218233011501278
0.378,0.737037037037037,0.6768707482993197,0.9667758540009359,0.9317153434800494,0.7056737588652482,0.667904149766567,0.8218233011501278
0.379,0.737037037037037,0.6768707482993197,0.9667758540009359,0.9317153434800494,0.7056737588652482,0.667904149766567,0.8218233011501278
0.38,0.7397769516728625,0.6768707482993197,0.9672437997192326,0.9321266968325792,0.7069271758436945,0.669476057219239,0.8220572740092762
0.381,0.7397769516728625,0.6768707482993197,0.9672437997192326,0.9321266968325792,0.7069271758436945,0.669476057219239,0.8220572740092762
0.382,0.7397769516728625,0.6768707482993197,0.9672437997192326,0.9321266968325792,0.7069271758436945,0.669476057219239,0.8220572740092762
0.383,0.7397769516728625,0.6768707482993197,0.9672437997192326,0.9321266968325792,0.7069271758436945,0.669476057219239,0.8220572740092762
0.384,0.7397769516728625,0.6768707482993197,0.9672437997192326,0.9321266968325792,0.7069271758436945,0.669476057219239,0.8220572740092762
0.385,0.7388059701492538,0.673469387755102,0.9672437997192326,0.9317153434800494,0.7046263345195729,0.6670277968240802,0.8203565937371673
0.386,0.7388059701492538,0.673469387755102,0.9672437997192326,0.9317153434800494,0.7046263345195729,0.6670277968240802,0.8203565937371673
0.387,0.7388059701492538,0.673469387755102,0.9672437997192326,0.9317153434800494,0.7046263345195729,0.6670277968240802,0.8203565937371673
0.388,0.7388059701492538,0.673469387755102,0.9672437997192326,0.9317153434800494,0.7046263345195729,0.6670277968240802,0.8203565937371673
0.389,0.7388059701492538,0.673469387755102,0.9672437997192326,0.9317153434800494,0.7046263345195729,0.6670277968240802,0.8203565937371673
0.39,0.7388059701492538,0.673469387755102,0.9672437997192326,0.9317153434800494,0.7046263345195729,0.6670277968240802,0.8203565937371673
0.391,0.7388059701492538,0.673469387755102,0.9672437997192326,0.9317153434800494,0.7046263345195729,0.6670277968240802,0.8203565937371673
0.392,0.7415730337078652,0.673469387755102,0.9677117454375292,0.9321266968325792,0.7058823529411765,0.6686092830713158,0.8205905665963156
0.393,0.7415730337078652,0.673469387755102,0.9677117454375292,0.9321266968325792,0.7058823529411765,0.6686092830713158,0.8205905665963156
0.394,0.7415730337078652,0.673469387755102,0.9677117454375292,0.9321266968325792,0.7058823529411765,0.6686092830713158,0.8205905665963156
0.395,0.7415730337078652,0.673469387755102,0.9677117454375292,0.9321266968325792,0.7058823529411765,0.6686092830713158,0.8205905665963156
0.396,0.7415730337078652,0.673469387755102,0.9677117454375292,0.9321266968325792,0.7058823529411765,0.6686092830713158,0.8205905665963156
0.397,0.7415730337078652,0.673469387755102,0.9677117454375292,0.9321266968325792,0.7058823529411765,0.6686092830713158,0.8205905665963156
0.398,0.7415730337078652,0.673469387755102,0.9677117454375292,0.9321266968325792,0.7058823529411765,0.6686092830713158,0.8205905665963156
0.399,0.7433962264150943,0.6700680272108843,0.9681796911558259,0.9321266968325792,0.7048300536672629,0.6677486737520159,0.8191238591833552
0.4,0.7433962264150943,0.6700680272108843,0.9681796911558259,0.9321266968325792,0.7048300536672629,0.6677486737520159,0.8191238591833552
0.401,0.7433962264150943,0.6700680272108843,0.9681796911558259,0.9321266968325792,0.7048300536672629,0.6677486737520159,0.8191238591833552
0.402,0.7462121212121212,0.6700680272108843,0.9686476368741226,0.932538050185109,0.7060931899641577,0.6693481606097234,0.8193578320425035
0.403,0.7490494296577946,0.6700680272108843,0.9691155825924193,0.9329494035376388,0.7073608617594255,0.6709560035546789,0.8195918049016517
0.404,0.7480916030534351,0.6666666666666666,0.9691155825924193,0.932538050185109,0.7050359712230215,0.6685038350821406,0.8178911246295429
0.405,0.7480916030534351,0.6666666666666666,0.9691155825924193,0.932538050185109,0.7050359712230215,0.6685038350821406,0.8178911246295429
0.406,0.7480916030534351,0.6666666666666666,0.9691155825924193,0.932538050185109,0.7050359712230215,0.6685038350821406,0.8178911246295429
0.40700000000000003,0.7509578544061303,0.6666666666666666,0.9695835283107159,0.9329494035376388,0.7063063063063063,0.6701217811058862,0.8181250974886913
0.40800000000000003,0.7509578544061303,0.6666666666666666,0.9695835283107159,0.9329494035376388,0.7063063063063063,0.6701217811058862,0.8181250974886913
0.40900000000000003,0.7509578544061303,0.6666666666666666,0.9695835283107159,0.9329494035376388,0.7063063063063063,0.6701217811058862,0.8181250974886913
0.41000000000000003,0.7567567567567568,0.6666666666666666,0.9705194197473093,0.9337721102426985,0.7088607594936709,0.6733834180754519,0.8185930432069879
0.41100000000000003,0.7596899224806202,0.6666666666666666,0.970987365465606,0.9341834635952283,0.7101449275362319,0.6750272737543933,0.8188270160661364
0.41200000000000003,0.7596899224806202,0.6666666666666666,0.970987365465606,0.9341834635952283,0.7101449275362319,0.6750272737543933,0.8188270160661364
0.41300000000000003,0.7626459143968871,0.6666666666666666,0.9714553111839027,0.9345948169477581,0.7114337568058077,0.676679932574197,0.8190609889252847
0.41400000000000003,0.7626459143968871,0.6666666666666666,0.9714553111839027,0.9345948169477581,0.7114337568058077,0.676679932574197,0.8190609889252847
0.41500000000000004,0.7626459143968871,0.6666666666666666,0.9714553111839027,0.9345948169477581,0.7114337568058077,0.676679932574197,0.8190609889252847
0.41600000000000004,0.7626459143968871,0.6666666666666666,0.9714553111839027,0.9345948169477581,0.7114337568058077,0.676679932574197,0.8190609889252847
0.417,0.7626459143968871,0.6666666666666666,0.9714553111839027,0.9345948169477581,0.7114337568058077,0.676679932574197,0.8190609889252847
0.418,0.7647058823529411,0.6632653061224489,0.9719232569021994,0.9345948169477581,0.7103825136612022,0.6758947301042589,0.8175942815123242
0.419,0.7677165354330708,0.6632653061224489,0.972391202620496,0.935006170300288,0.7116788321167883,0.6775671647845775,0.8178282543714726
0.42,0.7677165354330708,0.6632653061224489,0.972391202620496,0.935006170300288,0.7116788321167883,0.6775671647845775,0.8178282543714726
0.421,0.7677165354330708,0.6632653061224489,0.972391202620496,0.935006170300288,0.7116788321167883,0.6775671647845775,0.8178282543714726
0.422,0.766798418972332,0.6598639455782312,0.972391202620496,0.9345948169477581,0.7093235831809872,0.6751170906097003,0.8161275740993637
0.423,0.766798418972332,0.6598639455782312,0.972391202620496,0.9345948169477581,0.7093235831809872,0.6751170906097003,0.8161275740993637
0.424,0.766798418972332,0.6598639455782312,0.972391202620496,0.9345948169477581,0.7093235831809872,0.6751170906097003,0.8161275740993637
0.425,0.766798418972332,0.6598639455782312,0.972391202620496,0.9345948169477581,0.7093235831809872,0.6751170906097003,0.8161275740993637
0.426,0.7698412698412699,0.6598639455782312,0.9728591483387927,0.935006170300288,0.7106227106227107,0.676800587378515,0.8163615469585119
0.427,0.7698412698412699,0.6598639455782312,0.9728591483387927,0.935006170300288,0.7106227106227107,0.676800587378515,0.8163615469585119
0.428,0.7698412698412699,0.6598639455782312,0.9728591483387927,0.935006170300288,0.7106227106227107,0.676800587378515,0.8163615469585119
0.429,0.7698412698412699,0.6598639455782312,0.9728591483387927,0.935006170300288,0.7106227106227107,0.676800587378515,0.8163615469585119
0.43,0.7698412698412699,0.6598639455782312,0.9728591483387927,0.935006170300288,0.7106227106227107,0.676800587378515,0.8163615469585119
0.431,0.7698412698412699,0.6598639455782312,0.9728591483387927,0.935006170300288,0.7106227106227107,0.676800587378515,0.8163615469585119
0.432,0.7698412698412699,0.6598639455782312,0.9728591483387927,0.935006170300288,0.7106227106227107,0.676800587378515,0.8163615469585119
0.433,0.7729083665338645,0.6598639455782312,0.9733270940570894,0.9354175236528177,0.7119266055045872,0.6784933246647934,0.8165955198176603
0.434,0.776,0.6598639455782312,0.9737950397753861,0.9358288770053476,0.7132352941176471,0.6801953940152491,0.8168294926768087
0.435,0.776,0.6598639455782312,0.9737950397753861,0.9358288770053476,0.7132352941176471,0.6801953940152491,0.8168294926768087
0.436,0.776,0.6598639455782312,0.9737950397753861,0.9358288770053476,0.7132352941176471,0.6801953940152491,0.8168294926768087
0.437,0.776,0.6598639455782312,0.9737950397753861,0.9358288770053476,0.7132352941176471,0.6801953940152491,0.8168294926768087
0.438,0.776,0.6598639455782312,0.9737950397753861,0.9358288770053476,0.7132352941176471,0.6801953940152491,0.8168294926768087
0.439,0.776,0.6598639455782312,0.9737950397753861,0.9358288770053476,0.7132352941176471,0.6801953940152491,0.8168294926768087
0.44,0.776,0.6598639455782312,0.9737950397753861,0.9358288770053476,0.7132352941176471,0.6801953940152491,0.8168294926768087
0.441,0.776,0.6598639455782312,0.9737950397753861,0.9358288770053476,0.7132352941176471,0.6801953940152491,0.8168294926768087
0.442,0.7791164658634538,0.6598639455782312,0.9742629854936827,0.9362402303578774,0.714548802946593,0.6819068882544679,0.817063465535957
0.443,0.7845528455284553,0.6564625850340136,0.9751988769302761,0.9366515837104072,0.7148148148148148,0.6829155995337626,0.8158307309821449
0.444,0.7845528455284553,0.6564625850340136,0.9751988769302761,0.9366515837104072,0.7148148148148148,0.6829155995337626,0.8158307309821449
0.445,0.7877551020408163,0.6564625850340136,0.9756668226485727,0.9370629370629371,0.7161410018552876,0.6846581782534105,0.8160647038412931
0.446,0.7877551020408163,0.6564625850340136,0.9756668226485727,0.9370629370629371,0.7161410018552876,0.6846581782534105,0.8160647038412931
0.447,0.7909836065573771,0.6564625850340136,0.9761347683668694,0.9374742904154669,0.7174721189591078,0.6864106168697718,0.8162986767004414
0.448,0.7909836065573771,0.6564625850340136,0.9761347683668694,0.9374742904154669,0.7174721189591078,0.6864106168697718,0.8162986767004414
0.449,0.7909836065573771,0.6564625850340136,0.9761347683668694,0.9374742904154669,0.7174721189591078,0.6864106168697718,0.8162986767004414
0.45,0.7909836065573771,0.6564625850340136,0.9761347683668694,0.9374742904154669,0.7174721189591078,0.6864106168697718,0.8162986767004414
0.451,0.7909836065573771,0.6564625850340136,0.9761347683668694,0.9374742904154669,0.7174721189591078,0.6864106168697718,0.8162986767004414
0.452,0.7942386831275721,0.6564625850340136,0.9766027140851661,0.9378856437679967,0.7188081936685289,0.6881730158727225,0.8165326495595898
0.453,0.7942386831275721,0.6564625850340136,0.9766027140851661,0.9378856437679967,0.7188081936685289,0.6881730158727225,0.8165326495595898
0.454,0.7925311203319502,0.6496598639455783,0.9766027140851661,0.9370629370629371,0.7140186915887851,0.6832848775554096,0.8131312890153721
0.455,0.7925311203319502,0.6496598639455783,0.9766027140851661,0.9370629370629371,0.7140186915887851,0.6832848775554096,0.8131312890153721
0.456,0.7925311203319502,0.6496598639455783,0.9766027140851661,0.9370629370629371,0.7140186915887851,0.6832848775554096,0.8131312890153721
0.457,0.7925311203319502,0.6496598639455783,0.9766027140851661,0.9370629370629371,0.7140186915887851,0.6832848775554096,0.8131312890153721
0.458,0.7916666666666666,0.6462585034013606,0.9766027140851661,0.9366515837104072,0.7116104868913857,0.6808327007691122,0.8114306087432633
0.459,0.7916666666666666,0.6462585034013606,0.9766027140851661,0.9366515837104072,0.7116104868913857,0.6808327007691122,0.8114306087432633
0.46,0.7916666666666666,0.6462585034013606,0.9766027140851661,0.9366515837104072,0.7116104868913857,0.6808327007691122,0.8114306087432633
0.461,0.7916666666666666,0.6462585034013606,0.9766027140851661,0.9366515837104072,0.7116104868913857,0.6808327007691122,0.8114306087432633
0.462,0.7916666666666666,0.6462585034013606,0.9766027140851661,0.9366515837104072,0.7116104868913857,0.6808327007691122,0.8114306087432633
0.463,0.7916666666666666,0.6462585034013606,0.9766027140851661,0.9366515837104072,0.7116104868913857,0.6808327007691122,0.8114306087432633
0.464,0.7916666666666666,0.6462585034013606,0.9766027140851661,0.9366515837104072,0.7116104868913857,0.6808327007691122,0.8114306087432633
0.465,0.7916666666666666,0.6462585034013606,0.9766027140851661,0.9366515837104072,0.7116104868913857,0.6808327007691122,0.8114306087432633
0.466,0.7916666666666666,0.6462585034013606,0.9766027140851661,0.9366515837104072,0.7116104868913857,0.6808327007691122,0.8114306087432633
0.467,0.7916666666666666,0.6462585034013606,0.9766027140851661,0.9366515837104072,0.7116104868913857,0.6808327007691122,0.8114306087432633
0.468,0.7916666666666666,0.6462585034013606,0.9766027140851661,0.9366515837104072,0.7116104868913857,0.6808327007691122,0.8114306087432633
0.46900000000000003,0.7916666666666666,0.6462585034013606,0.9766027140851661,0.9366515837104072,0.7116104868913857,0.6808327007691122,0.8114306087432633
0.47000000000000003,0.7916666666666666,0.6462585034013606,0.9766027140851661,0.9366515837104072,0.7116104868913857,0.6808327007691122,0.8114306087432633
0.47100000000000003,0.7916666666666666,0.6462585034013606,0.9766027140851661,0.9366515837104072,0.7116104868913857,0.6808327007691122,0.8114306087432633
0.47200000000000003,0.7916666666666666,0.6462585034013606,0.9766027140851661,0.9366515837104072,0.7116104868913857,0.6808327007691122,0.8114306087432633
0.47300000000000003,0.7949790794979079,0.6462585034013606,0.9770706598034627,0.9370629370629371,0.7129455909943715,0.6826123592463311,0.8116645816024117
0.47400000000000003,0.7949790794979079,0.6462585034013606,0.9770706598034627,0.9370629370629371,0.7129455909943715,0.6826123592463311,0.8116645816024117
0.47500000000000003,0.7949790794979079,0.6462585034013606,0.9770706598034627,0.9370629370629371,0.7129455909943715,0.6826123592463311,0.8116645816024117
0.47600000000000003,0.7983193277310925,0.6462585034013606,0.9775386055217595,0.9374742904154669,0.7142857142857143,0.6844023459955946,0.81189855446156
0.47700000000000004,0.8008474576271186,0.6428571428571429,0.9780065512400562,0.9374742904154669,0.7132075471698113,0.6837524997665176,0.8104318470485996
0.47800000000000004,0.8008474576271186,0.6428571428571429,0.9780065512400562,0.9374742904154669,0.7132075471698113,0.6837524997665176,0.8104318470485996
0.47900000000000004,0.8008474576271186,0.6428571428571429,0.9780065512400562,0.9374742904154669,0.7132075471698113,0.6837524997665176,0.8104318470485996
0.48,0.8008474576271186,0.6428571428571429,0.9780065512400562,0.9374742904154669,0.7132075471698113,0.6837524997665176,0.8104318470485996
0.481,0.8008474576271186,0.6428571428571429,0.9780065512400562,0.9374742904154669,0.7132075471698113,0.6837524997665176,0.8104318470485996
0.482,0.8008474576271186,0.6428571428571429,0.9780065512400562,0.9374742904154669,0.7132075471698113,0.6837524997665176,0.8104318470485996
0.483,0.8008474576271186,0.6428571428571429,0.9780065512400562,0.9374742904154669,0.7132075471698113,0.6837524997665176,0.8104318470485996
0.484,0.8,0.6394557823129252,0.9780065512400562,0.9370629370629371,0.7107750472589792,0.6812967185328538,0.8087311667764907
0.485,0.8,0.6394557823129252,0.9780065512400562,0.9370629370629371,0.7107750472589792,0.6812967185328538,0.8087311667764907
0.486,0.8,0.6394557823129252,0.9780065512400562,0.9370629370629371,0.7107750472589792,0.6812967185328538,0.8087311667764907
0.487,0.8,0.6394557823129252,0.9780065512400562,0.9370629370629371,0.7107750472589792,0.6812967185328538,0.8087311667764907
0.488,0.8,0.6394557823129252,0.9780065512400562,0.9370629370629371,0.7107750472589792,0.6812967185328538,0.8087311667764907
0.489,0.8,0.6394557823129252,0.9780065512400562,0.9370629370629371,0.7107750472589792,0.6812967185328538,0.8087311667764907
0.49,0.8,0.6394557823129252,0.9780065512400562,0.9370629370629371,0.7107750472589792,0.6812967185328538,0.8087311667764907
0.491,0.8034188034188035,0.6394557823129252,0.9784744969583529,0.9374742904154669,0.7121212121212122,0.683112835638051,0.808965139635639
0.492,0.8034188034188035,0.6394557823129252,0.9784744969583529,0.9374742904154669,0.7121212121212122,0.683112835638051,0.808965139635639
0.493,0.8034188034188035,0.6394557823129252,0.9784744969583529,0.9374742904154669,0.7121212121212122,0.683112835638051,0.808965139635639
0.494,0.8034188034188035,0.6394557823129252,0.9784744969583529,0.9374742904154669,0.7121212121212122,0.683112835638051,0.808965139635639
0.495,0.8068669527896996,0.6394557823129252,0.9789424426766495,0.9378856437679967,0.713472485768501,0.6849397265864068,0.8091991124947874
0.496,0.8068669527896996,0.6394557823129252,0.9789424426766495,0.9378856437679967,0.713472485768501,0.6849397265864068,0.8091991124947874
0.497,0.8068669527896996,0.6394557823129252,0.9789424426766495,0.9378856437679967,0.713472485768501,0.6849397265864068,0.8091991124947874
0.498,0.8068669527896996,0.6394557823129252,0.9789424426766495,0.9378856437679967,0.713472485768501,0.6849397265864068,0.8091991124947874
0.499,0.8068669527896996,0.6394557823129252,0.9789424426766495,0.9378856437679967,0.713472485768501,0.6849397265864068,0.8091991124947874
0.5,0.8068669527896996,0.6394557823129252,0.9789424426766495,0.9378856437679967,0.713472485768501,0.6849397265864068,0.8091991124947874
0.501,0.8165938864628821,0.6360544217687075,0.9803462798315395,0.9387083504730563,0.7151051625239006,0.6880383602649842,0.8082003508001235
0.502,0.8165938864628821,0.6360544217687075,0.9803462798315395,0.9387083504730563,0.7151051625239006,0.6880383602649842,0.8082003508001235
0.503,0.8165938864628821,0.6360544217687075,0.9803462798315395,0.9387083504730563,0.7151051625239006,0.6880383602649842,0.8082003508001235
0.504,0.8165938864628821,0.6360544217687075,0.9803462798315395,0.9387083504730563,0.7151051625239006,0.6880383602649842,0.8082003508001235
0.505,0.8165938864628821,0.6360544217687075,0.9803462798315395,0.9387083504730563,0.7151051625239006,0.6880383602649842,0.8082003508001235
0.506,0.8165938864628821,0.6360544217687075,0.9803462798315395,0.9387083504730563,0.7151051625239006,0.6880383602649842,0.8082003508001235
0.507,0.8165938864628821,0.6360544217687075,0.9803462798315395,0.9387083504730563,0.7151051625239006,0.6880383602649842,0.8082003508001235
0.508,0.8165938864628821,0.6360544217687075,0.9803462798315395,0.9387083504730563,0.7151051625239006,0.6880383602649842,0.8082003508001235
0.509,0.8201754385964912,0.6360544217687075,0.9808142255498362,0.9391197038255862,0.7164750957854407,0.6899124016618908,0.8084343236592719
0.51,0.8201754385964912,0.6360544217687075,0.9808142255498362,0.9391197038255862,0.7164750957854407,0.6899124016618908,0.8084343236592719
0.511,0.8201754385964912,0.6360544217687075,0.9808142255498362,0.9391197038255862,0.7164750957854407,0.6899124016618908,0.8084343236592719
0.512,0.8201754385964912,0.6360544217687075,0.9808142255498362,0.9391197038255862,0.7164750957854407,0.6899124016618908,0.8084343236592719
0.513,0.8201754385964912,0.6360544217687075,0.9808142255498362,0.9391197038255862,0.7164750957854407,0.6899124016618908,0.8084343236592719
0.514,0.8201754385964912,0.6360544217687075,0.9808142255498362,0.9391197038255862,0.7164750957854407,0.6899124016618908,0.8084343236592719
0.515,0.8201754385964912,0.6360544217687075,0.9808142255498362,0.9391197038255862,0.7164750957854407,0.6899124016618908,0.8084343236592719
0.516,0.8237885462555066,0.6360544217687075,0.9812821712681329,0.939531057178116,0.7178502879078695,0.6917978746346022,0.8086682965184202
0.517,0.8237885462555066,0.6360544217687075,0.9812821712681329,0.939531057178116,0.7178502879078695,0.6917978746346022,0.8086682965184202
0.518,0.827433628318584,0.6360544217687075,0.9817501169864296,0.9399424105306459,0.7192307692307692,0.6936949044176638,0.8089022693775685
0.519,0.827433628318584,0.6360544217687075,0.9817501169864296,0.9399424105306459,0.7192307692307692,0.6936949044176638,0.8089022693775685
0.52,0.827433628318584,0.6360544217687075,0.9817501169864296,0.9399424105306459,0.7192307692307692,0.6936949044176638,0.8089022693775685
0.521,0.827433628318584,0.6360544217687075,0.9817501169864296,0.9399424105306459,0.7192307692307692,0.6936949044176638,0.8089022693775685
0.522,0.827433628318584,0.6360544217687075,0.9817501169864296,0.9399424105306459,0.7192307692307692,0.6936949044176638,0.8089022693775685
0.523,0.827433628318584,0.6360544217687075,0.9817501169864296,0.9399424105306459,0.7192307692307692,0.6936949044176638,0.8089022693775685
0.524,0.827433628318584,0.6360544217687075,0.9817501169864296,0.9399424105306459,0.7192307692307692,0.6936949044176638,0.8089022693775685
0.525,0.827433628318584,0.6360544217687075,0.9817501169864296,0.9399424105306459,0.7192307692307692,0.6936949044176638,0.8089022693775685
0.526,0.827433628318584,0.6360544217687075,0.9817501169864296,0.9399424105306459,0.7192307692307692,0.6936949044176638,0.8089022693775685
0.527,0.8311111111111111,0.6360544217687075,0.9822180627047262,0.9403537638831756,0.720616570327553,0.6956036181806227,0.8091362422367169
0.528,0.8311111111111111,0.6360544217687075,0.9822180627047262,0.9403537638831756,0.720616570327553,0.6956036181806227,0.8091362422367169
0.529,0.8311111111111111,0.6360544217687075,0.9822180627047262,0.9403537638831756,0.720616570327553,0.6956036181806227,0.8091362422367169
0.53,0.8311111111111111,0.6360544217687075,0.9822180627047262,0.9403537638831756,0.720616570327553,0.6956036181806227,0.8091362422367169
0.531,0.8311111111111111,0.6360544217687075,0.9822180627047262,0.9403537638831756,0.720616570327553,0.6956036181806227,0.8091362422367169
0.532,0.8311111111111111,0.6360544217687075,0.9822180627047262,0.9403537638831756,0.720616570327553,0.6956036181806227,0.8091362422367169
0.533,0.8311111111111111,0.6360544217687075,0.9822180627047262,0.9403537638831756,0.720616570327553,0.6956036181806227,0.8091362422367169
0.534,0.8311111111111111,0.6360544217687075,0.9822180627047262,0.9403537638831756,0.720616570327553,0.6956036181806227,0.8091362422367169
0.535,0.8311111111111111,0.6360544217687075,0.9822180627047262,0.9403537638831756,0.720616570327553,0.6956036181806227,0.8091362422367169
0.536,0.8311111111111111,0.6360544217687075,0.9822180627047262,0.9403537638831756,0.720616570327553,0.6956036181806227,0.8091362422367169
0.537,0.8303571428571429,0.6326530612244898,0.9822180627047262,0.9399424105306459,0.7181467181467182,0.6931621631902288,0.8074355619646081
0.538,0.8333333333333334,0.6292517006802721,0.9826860084230229,0.9399424105306459,0.7170542635658915,0.6926419600425274,0.8059688545516475
0.539,0.8333333333333334,0.6292517006802721,0.9826860084230229,0.9399424105306459,0.7170542635658915,0.6926419600425274,0.8059688545516475
0.54,0.8333333333333334,0.6292517006802721,0.9826860084230229,0.9399424105306459,0.7170542635658915,0.6926419600425274,0.8059688545516475
0.541,0.8333333333333334,0.6292517006802721,0.9826860084230229,0.9399424105306459,0.7170542635658915,0.6926419600425274,0.8059688545516475
0.542,0.8333333333333334,0.6292517006802721,0.9826860084230229,0.9399424105306459,0.7170542635658915,0.6926419600425274,0.8059688545516475
0.543,0.8333333333333334,0.6292517006802721,0.9826860084230229,0.9399424105306459,0.7170542635658915,0.6926419600425274,0.8059688545516475
0.544,0.8333333333333334,0.6292517006802721,0.9826860084230229,0.9399424105306459,0.7170542635658915,0.6926419600425274,0.8059688545516475
0.545,0.8333333333333334,0.6292517006802721,0.9826860084230229,0.9399424105306459,0.7170542635658915,0.6926419600425274,0.8059688545516475
0.546,0.8333333333333334,0.6292517006802721,0.9826860084230229,0.9399424105306459,0.7170542635658915,0.6926419600425274,0.8059688545516475
0.547,0.8333333333333334,0.6292517006802721,0.9826860084230229,0.9399424105306459,0.7170542635658915,0.6926419600425274,0.8059688545516475
0.548,0.8333333333333334,0.6292517006802721,0.9826860084230229,0.9399424105306459,0.7170542635658915,0.6926419600425274,0.8059688545516475
0.549,0.8333333333333334,0.6292517006802721,0.9826860084230229,0.9399424105306459,0.7170542635658915,0.6926419600425274,0.8059688545516475
0.55,0.832579185520362,0.6258503401360545,0.9826860084230229,0.939531057178116,0.7145631067961165,0.6901924064504127,0.8042681742795387
0.551,0.832579185520362,0.6258503401360545,0.9826860084230229,0.939531057178116,0.7145631067961165,0.6901924064504127,0.8042681742795387
0.552,0.832579185520362,0.6258503401360545,0.9826860084230229,0.939531057178116,0.7145631067961165,0.6901924064504127,0.8042681742795387
0.553,0.832579185520362,0.6258503401360545,0.9826860084230229,0.939531057178116,0.7145631067961165,0.6901924064504127,0.8042681742795387
0.554,0.832579185520362,0.6258503401360545,0.9826860084230229,0.939531057178116,0.7145631067961165,0.6901924064504127,0.8042681742795387
0.555,0.832579185520362,0.6258503401360545,0.9826860084230229,0.939531057178116,0.7145631067961165,0.6901924064504127,0.8042681742795387
0.556,0.832579185520362,0.6258503401360545,0.9826860084230229,0.939531057178116,0.7145631067961165,0.6901924064504127,0.8042681742795387
0.557,0.832579185520362,0.6258503401360545,0.9826860084230229,0.939531057178116,0.7145631067961165,0.6901924064504127,0.8042681742795387
0.558,0.832579185520362,0.6258503401360545,0.9826860084230229,0.939531057178116,0.7145631067961165,0.6901924064504127,0.8042681742795387
0.559,0.832579185520362,0.6258503401360545,0.9826860084230229,0.939531057178116,0.7145631067961165,0.6901924064504127,0.8042681742795387
0.56,0.832579185520362,0.6258503401360545,0.9826860084230229,0.939531057178116,0.7145631067961165,0.6901924064504127,0.8042681742795387
0.561,0.832579185520362,0.6258503401360545,0.9826860084230229,0.939531057178116,0.7145631067961165,0.6901924064504127,0.8042681742795387
0.562,0.832579185520362,0.6258503401360545,0.9826860084230229,0.939531057178116,0.7145631067961165,0.6901924064504127,0.8042681742795387
0.5630000000000001,0.832579185520362,0.6258503401360545,0.9826860084230229,0.939531057178116,0.7145631067961165,0.6901924064504127,0.8042681742795387
0.5640000000000001,0.8363636363636363,0.6258503401360545,0.9831539541413196,0.9399424105306459,0.7159533073929961,0.6921346148073853,0.8045021471386871
0.5650000000000001,0.8356164383561644,0.6224489795918368,0.9831539541413196,0.939531057178116,0.7134502923976608,0.6896826136513123,0.8028014668665782
0.5660000000000001,0.8348623853211009,0.6190476190476191,0.9831539541413196,0.9391197038255862,0.7109375,0.6872248548831338,0.8011007865944693
0.5670000000000001,0.8348623853211009,0.6190476190476191,0.9831539541413196,0.9391197038255862,0.7109375,0.6872248548831338,0.8011007865944693
0.5680000000000001,0.8348623853211009,0.6190476190476191,0.9831539541413196,0.9391197038255862,0.7109375,0.6872248548831338,0.8011007865944693
0.5690000000000001,0.8348623853211009,0.6190476190476191,0.9831539541413196,0.9391197038255862,0.7109375,0.6872248548831338,0.8011007865944693
0.5700000000000001,0.8348623853211009,0.6190476190476191,0.9831539541413196,0.9391197038255862,0.7109375,0.6872248548831338,0.8011007865944693
0.5710000000000001,0.8348623853211009,0.6190476190476191,0.9831539541413196,0.9391197038255862,0.7109375,0.6872248548831338,0.8011007865944693
0.5720000000000001,0.8348623853211009,0.6190476190476191,0.9831539541413196,0.9391197038255862,0.7109375,0.6872248548831338,0.8011007865944693
0.5730000000000001,0.8348623853211009,0.6190476190476191,0.9831539541413196,0.9391197038255862,0.7109375,0.6872248548831338,0.8011007865944693
0.5740000000000001,0.8387096774193549,0.6190476190476191,0.9836218998596162,0.939531057178116,0.7123287671232876,0.6891860495226053,0.8013347594536177
0.5750000000000001,0.8425925925925926,0.6190476190476191,0.984089845577913,0.9399424105306459,0.7137254901960784,0.6911598337197954,0.801568732312766
0.5760000000000001,0.8465116279069768,0.6190476190476191,0.9845577912962097,0.9403537638831756,0.7151277013752456,0.6931463524183449,0.8018027051719143
0.577,0.8457943925233645,0.6156462585034014,0.9845577912962097,0.9399424105306459,0.7125984251968503,0.6906930953243817,0.8001020248998055
0.578,0.8457943925233645,0.6156462585034014,0.9845577912962097,0.9399424105306459,0.7125984251968503,0.6906930953243817,0.8001020248998055
0.579,0.8457943925233645,0.6156462585034014,0.9845577912962097,0.9399424105306459,0.7125984251968503,0.6906930953243817,0.8001020248998055
0.58,0.8457943925233645,0.6156462585034014,0.9845577912962097,0.9399424105306459,0.7125984251968503,0.6906930953243817,0.8001020248998055
0.581,0.8457943925233645,0.6156462585034014,0.9845577912962097,0.9399424105306459,0.7125984251968503,0.6906930953243817,0.8001020248998055
0.582,0.8457943925233645,0.6156462585034014,0.9845577912962097,0.9399424105306459,0.7125984251968503,0.6906930953243817,0.8001020248998055
0.583,0.8457943925233645,0.6156462585034014,0.9845577912962097,0.9399424105306459,0.7125984251968503,0.6906930953243817,0.8001020248998055
0.584,0.8457943925233645,0.6156462585034014,0.9845577912962097,0.9399424105306459,0.7125984251968503,0.6906930953243817,0.8001020248998055
0.585,0.8457943925233645,0.6156462585034014,0.9845577912962097,0.9399424105306459,0.7125984251968503,0.6906930953243817,0.8001020248998055
0.586,0.8457943925233645,0.6156462585034014,0.9845577912962097,0.9399424105306459,0.7125984251968503,0.6906930953243817,0.8001020248998055
0.587,0.8457943925233645,0.6156462585034014,0.9845577912962097,0.9399424105306459,0.7125984251968503,0.6906930953243817,0.8001020248998055
0.588,0.8457943925233645,0.6156462585034014,0.9845577912962097,0.9399424105306459,0.7125984251968503,0.6906930953243817,0.8001020248998055
0.589,0.8457943925233645,0.6156462585034014,0.9845577912962097,0.9399424105306459,0.7125984251968503,0.6906930953243817,0.8001020248998055
0.59,0.8457943925233645,0.6156462585034014,0.9845577912962097,0.9399424105306459,0.7125984251968503,0.6906930953243817,0.8001020248998055
0.591,0.8457943925233645,0.6156462585034014,0.9845577912962097,0.9399424105306459,0.7125984251968503,0.6906930953243817,0.8001020248998055
0.592,0.8457943925233645,0.6156462585034014,0.9845577912962097,0.9399424105306459,0.7125984251968503,0.6906930953243817,0.8001020248998055
0.593,0.8457943925233645,0.6156462585034014,0.9845577912962097,0.9399424105306459,0.7125984251968503,0.6906930953243817,0.8001020248998055
0.594,0.8457943925233645,0.6156462585034014,0.9845577912962097,0.9399424105306459,0.7125984251968503,0.6906930953243817,0.8001020248998055
0.595,0.8450704225352113,0.6122448979591837,0.9845577912962097,0.939531057178116,0.7100591715976331,0.6882340021592998,0.7984013446276967
0.596,0.8443396226415094,0.608843537414966,0.9845577912962097,0.9391197038255862,0.7075098814229249,0.6857690159139171,0.7967006643555878
0.597,0.8443396226415094,0.608843537414966,0.9845577912962097,0.9391197038255862,0.7075098814229249,0.6857690159139171,0.7967006643555878
0.598,0.8436018957345972,0.6054421768707483,0.9845577912962097,0.9387083504730563,0.7049504950495049,0.6832980787793252,0.7949999840834789
0.599,0.8428571428571429,0.6020408163265306,0.9845577912962097,0.9382969971205265,0.7023809523809523,0.6808211321314037,0.7932993038113701
0.6,0.8428571428571429,0.6020408163265306,0.9845577912962097,0.9382969971205265,0.7023809523809523,0.6808211321314037,0.7932993038113701
0.601,0.8428571428571429,0.6020408163265306,0.9845577912962097,0.9382969971205265,0.7023809523809523,0.6808211321314037,0.7932993038113701
0.602,0.8428571428571429,0.6020408163265306,0.9845577912962097,0.9382969971205265,0.7023809523809523,0.6808211321314037,0.7932993038113701
0.603,0.8428571428571429,0.6020408163265306,0.9845577912962097,0.9382969971205265,0.7023809523809523,0.6808211321314037,0.7932993038113701
0.604,0.8428571428571429,0.6020408163265306,0.9845577912962097,0.9382969971205265,0.7023809523809523,0.6808211321314037,0.7932993038113701
0.605,0.8428571428571429,0.6020408163265306,0.9845577912962097,0.9382969971205265,0.7023809523809523,0.6808211321314037,0.7932993038113701
0.606,0.8428571428571429,0.6020408163265306,0.9845577912962097,0.9382969971205265,0.7023809523809523,0.6808211321314037,0.7932993038113701
0.607,0.8428571428571429,0.6020408163265306,0.9845577912962097,0.9382969971205265,0.7023809523809523,0.6808211321314037,0.7932993038113701
0.608,0.8428571428571429,0.6020408163265306,0.9845577912962097,0.9382969971205265,0.7023809523809523,0.6808211321314037,0.7932993038113701
0.609,0.8428571428571429,0.6020408163265306,0.9845577912962097,0.9382969971205265,0.7023809523809523,0.6808211321314037,0.7932993038113701
0.61,0.8428571428571429,0.6020408163265306,0.9845577912962097,0.9382969971205265,0.7023809523809523,0.6808211321314037,0.7932993038113701
0.611,0.8428571428571429,0.6020408163265306,0.9845577912962097,0.9382969971205265,0.7023809523809523,0.6808211321314037,0.7932993038113701
0.612,0.8428571428571429,0.6020408163265306,0.9845577912962097,0.9382969971205265,0.7023809523809523,0.6808211321314037,0.7932993038113701
0.613,0.8428571428571429,0.6020408163265306,0.9845577912962097,0.9382969971205265,0.7023809523809523,0.6808211321314037,0.7932993038113701
0.614,0.8428571428571429,0.6020408163265306,0.9845577912962097,0.9382969971205265,0.7023809523809523,0.6808211321314037,0.7932993038113701
0.615,0.8428571428571429,0.6020408163265306,0.9845577912962097,0.9382969971205265,0.7023809523809523,0.6808211321314037,0.7932993038113701
0.616,0.8428571428571429,0.6020408163265306,0.9845577912962097,0.9382969971205265,0.7023809523809523,0.6808211321314037,0.7932993038113701
0.617,0.8428571428571429,0.6020408163265306,0.9845577912962097,0.9382969971205265,0.7023809523809523,0.6808211321314037,0.7932993038113701
0.618,0.8428571428571429,0.6020408163265306,0.9845577912962097,0.9382969971205265,0.7023809523809523,0.6808211321314037,0.7932993038113701
0.619,0.8428571428571429,0.6020408163265306,0.9845577912962097,0.9382969971205265,0.7023809523809523,0.6808211321314037,0.7932993038113701
0.62,0.8428571428571429,0.6020408163265306,0.9845577912962097,0.9382969971205265,0.7023809523809523,0.6808211321314037,0.7932993038113701
0.621,0.84688995215311,0.6020408163265306,0.9850257370145064,0.9387083504730563,0.7037773359840954,0.6828386485999102,0.7935332766705185
0.622,0.84688995215311,0.6020408163265306,0.9850257370145064,0.9387083504730563,0.7037773359840954,0.6828386485999102,0.7935332766705185
0.623,0.84688995215311,0.6020408163265306,0.9850257370145064,0.9387083504730563,0.7037773359840954,0.6828386485999102,0.7935332766705185
0.624,0.84688995215311,0.6020408163265306,0.9850257370145064,0.9387083504730563,0.7037773359840954,0.6828386485999102,0.7935332766705185
0.625,0.84688995215311,0.6020408163265306,0.9850257370145064,0.9387083504730563,0.7037773359840954,0.6828386485999102,0.7935332766705185
0.626,0.84688995215311,0.6020408163265306,0.9850257370145064,0.9387083504730563,0.7037773359840954,0.6828386485999102,0.7935332766705185
0.627,0.84688995215311,0.6020408163265306,0.9850257370145064,0.9387083504730563,0.7037773359840954,0.6828386485999102,0.7935332766705185
0.628,0.84688995215311,0.6020408163265306,0.9850257370145064,0.9387083504730563,0.7037773359840954,0.6828386485999102,0.7935332766705185
0.629,0.84688995215311,0.6020408163265306,0.9850257370145064,0.9387083504730563,0.7037773359840954,0.6828386485999102,0.7935332766705185
0.63,0.84688995215311,0.6020408163265306,0.9850257370145064,0.9387083504730563,0.7037773359840954,0.6828386485999102,0.7935332766705185
0.631,0.8461538461538461,0.5986394557823129,0.9850257370145064,0.9382969971205265,0.701195219123506,0.6803592945172309,0.7918325963984096
0.632,0.8461538461538461,0.5986394557823129,0.9850257370145064,0.9382969971205265,0.701195219123506,0.6803592945172309,0.7918325963984096
0.633,0.8454106280193237,0.5952380952380952,0.9850257370145064,0.9378856437679967,0.6986027944111777,0.6778738239939,0.7901319161263007
0.634,0.8454106280193237,0.5952380952380952,0.9850257370145064,0.9378856437679967,0.6986027944111777,0.6778738239939,0.7901319161263007
0.635,0.8454106280193237,0.5952380952380952,0.9850257370145064,0.9378856437679967,0.6986027944111777,0.6778738239939,0.7901319161263007
0.636,0.8446601941747572,0.5918367346938775,0.9850257370145064,0.9374742904154669,0.696,0.6753821758811196,0.788431235854192
0.637,0.8446601941747572,0.5918367346938775,0.9850257370145064,0.9374742904154669,0.696,0.6753821758811196,0.788431235854192
0.638,0.8446601941747572,0.5918367346938775,0.9850257370145064,0.9374742904154669,0.696,0.6753821758811196,0.788431235854192
0.639,0.8480392156862745,0.5884353741496599,0.985493682732803,0.9374742904154669,0.6947791164658634,0.6749303330015254,0.7869645284412314
0.64,0.8480392156862745,0.5884353741496599,0.985493682732803,0.9374742904154669,0.6947791164658634,0.6749303330015254,0.7869645284412314
0.641,0.8480392156862745,0.5884353741496599,0.985493682732803,0.9374742904154669,0.6947791164658634,0.6749303330015254,0.7869645284412314
0.642,0.8480392156862745,0.5884353741496599,0.985493682732803,0.9374742904154669,0.6947791164658634,0.6749303330015254,0.7869645284412314
0.643,0.8480392156862745,0.5884353741496599,0.985493682732803,0.9374742904154669,0.6947791164658634,0.6749303330015254,0.7869645284412314
0.644,0.8472906403940886,0.5850340136054422,0.985493682732803,0.9370629370629371,0.6921529175050302,0.6724299462397315,0.7852638481691225
0.645,0.8472906403940886,0.5850340136054422,0.985493682732803,0.9370629370629371,0.6921529175050302,0.6724299462397315,0.7852638481691225
0.646,0.8465346534653465,0.5816326530612245,0.985493682732803,0.9366515837104072,0.6895161290322581,0.6699232069310559,0.7835631678970137
0.647,0.8465346534653465,0.5816326530612245,0.985493682732803,0.9366515837104072,0.6895161290322581,0.6699232069310559,0.7835631678970137
0.648,0.855,0.5816326530612245,0.9864295741693964,0.9374742904154669,0.6923076923076923,0.6740731920365933,0.7840311136153104
0.649,0.855,0.5816326530612245,0.9864295741693964,0.9374742904154669,0.6923076923076923,0.6740731920365933,0.7840311136153104
0.65,0.855,0.5816326530612245,0.9864295741693964,0.9374742904154669,0.6923076923076923,0.6740731920365933,0.7840311136153104
0.651,0.855,0.5816326530612245,0.9864295741693964,0.9374742904154669,0.6923076923076923,0.6740731920365933,0.7840311136153104
0.652,0.8535353535353535,0.5748299319727891,0.9864295741693964,0.9366515837104072,0.6869918699186992,0.669056323001109,0.7806297530710927
0.653,0.8520408163265306,0.5680272108843537,0.9864295741693964,0.9358288770053476,0.6816326530612244,0.6640133780661411,0.777228392526875
0.654,0.8520408163265306,0.5680272108843537,0.9864295741693964,0.9358288770053476,0.6816326530612244,0.6640133780661411,0.777228392526875
0.655,0.8520408163265306,0.5680272108843537,0.9864295741693964,0.9358288770053476,0.6816326530612244,0.6640133780661411,0.777228392526875
0.656,0.8520408163265306,0.5680272108843537,0.9864295741693964,0.9358288770053476,0.6816326530612244,0.6640133780661411,0.777228392526875
0.657,0.8520408163265306,0.5680272108843537,0.9864295741693964,0.9358288770053476,0.6816326530612244,0.6640133780661411,0.777228392526875
0.658,0.8520408163265306,0.5680272108843537,0.9864295741693964,0.9358288770053476,0.6816326530612244,0.6640133780661411,0.777228392526875
0.659,0.8520408163265306,0.5680272108843537,0.9864295741693964,0.9358288770053476,0.6816326530612244,0.6640133780661411,0.777228392526875
0.66,0.8520408163265306,0.5680272108843537,0.9864295741693964,0.9358288770053476,0.6816326530612244,0.6640133780661411,0.777228392526875
0.661,0.8520408163265306,0.5680272108843537,0.9864295741693964,0.9358288770053476,0.6816326530612244,0.6640133780661411,0.777228392526875
0.662,0.8520408163265306,0.5680272108843537,0.9864295741693964,0.9358288770053476,0.6816326530612244,0.6640133780661411,0.777228392526875
0.663,0.8520408163265306,0.5680272108843537,0.9864295741693964,0.9358288770053476,0.6816326530612244,0.6640133780661411,0.777228392526875
0.664,0.8520408163265306,0.5680272108843537,0.9864295741693964,0.9358288770053476,0.6816326530612244,0.6640133780661411,0.777228392526875
0.665,0.8520408163265306,0.5680272108843537,0.9864295741693964,0.9358288770053476,0.6816326530612244,0.6640133780661411,0.777228392526875
0.666,0.8520408163265306,0.5680272108843537,0.9864295741693964,0.9358288770053476,0.6816326530612244,0.6640133780661411,0.777228392526875
0.667,0.8520408163265306,0.5680272108843537,0.9864295741693964,0.9358288770053476,0.6816326530612244,0.6640133780661411,0.777228392526875
0.668,0.8520408163265306,0.5680272108843537,0.9864295741693964,0.9358288770053476,0.6816326530612244,0.6640133780661411,0.777228392526875
0.669,0.8520408163265306,0.5680272108843537,0.9864295741693964,0.9358288770053476,0.6816326530612244,0.6640133780661411,0.777228392526875
0.67,0.8520408163265306,0.5680272108843537,0.9864295741693964,0.9358288770053476,0.6816326530612244,0.6640133780661411,0.777228392526875
0.671,0.8520408163265306,0.5680272108843537,0.9864295741693964,0.9358288770053476,0.6816326530612244,0.6640133780661411,0.777228392526875
0.672,0.8520408163265306,0.5680272108843537,0.9864295741693964,0.9358288770053476,0.6816326530612244,0.6640133780661411,0.777228392526875
0.673,0.8520408163265306,0.5680272108843537,0.9864295741693964,0.9358288770053476,0.6816326530612244,0.6640133780661411,0.777228392526875
0.674,0.8520408163265306,0.5680272108843537,0.9864295741693964,0.9358288770053476,0.6816326530612244,0.6640133780661411,0.777228392526875
0.675,0.8520408163265306,0.5680272108843537,0.9864295741693964,0.9358288770053476,0.6816326530612244,0.6640133780661411,0.777228392526875
0.676,0.8520408163265306,0.5680272108843537,0.9864295741693964,0.9358288770053476,0.6816326530612244,0.6640133780661411,0.777228392526875
0.677,0.8520408163265306,0.5680272108843537,0.9864295741693964,0.9358288770053476,0.6816326530612244,0.6640133780661411,0.777228392526875
0.678,0.8505154639175257,0.5612244897959183,0.9864295741693964,0.935006170300288,0.6762295081967213,0.6589438121189684,0.7738270319826573
0.679,0.8505154639175257,0.5612244897959183,0.9864295741693964,0.935006170300288,0.6762295081967213,0.6589438121189684,0.7738270319826573
0.68,0.8505154639175257,0.5612244897959183,0.9864295741693964,0.935006170300288,0.6762295081967213,0.6589438121189684,0.7738270319826573
0.681,0.8505154639175257,0.5612244897959183,0.9864295741693964,0.935006170300288,0.6762295081967213,0.6589438121189684,0.7738270319826573
0.682,0.8505154639175257,0.5612244897959183,0.9864295741693964,0.935006170300288,0.6762295081967213,0.6589438121189684,0.7738270319826573
0.683,0.8505154639175257,0.5612244897959183,0.9864295741693964,0.935006170300288,0.6762295081967213,0.6589438121189684,0.7738270319826573
0.684,0.8505154639175257,0.5612244897959183,0.9864295741693964,0.935006170300288,0.6762295081967213,0.6589438121189684,0.7738270319826573
0.685,0.8505154639175257,0.5612244897959183,0.9864295741693964,0.935006170300288,0.6762295081967213,0.6589438121189684,0.7738270319826573
0.686,0.859375,0.5612244897959183,0.9873654656059897,0.9358288770053476,0.6790123456790124,0.6632024419193582,0.774294977700954
0.687,0.859375,0.5612244897959183,0.9873654656059897,0.9358288770053476,0.6790123456790124,0.6632024419193582,0.774294977700954
0.6880000000000001,0.859375,0.5612244897959183,0.9873654656059897,0.9358288770053476,0.6790123456790124,0.6632024419193582,0.774294977700954
0.6890000000000001,0.859375,0.5612244897959183,0.9873654656059897,0.9358288770053476,0.6790123456790124,0.6632024419193582,0.774294977700954
0.6900000000000001,0.859375,0.5612244897959183,0.9873654656059897,0.9358288770053476,0.6790123456790124,0.6632024419193582,0.774294977700954
0.6910000000000001,0.859375,0.5612244897959183,0.9873654656059897,0.9358288770053476,0.6790123456790124,0.6632024419193582,0.774294977700954
0.6920000000000001,0.859375,0.5612244897959183,0.9873654656059897,0.9358288770053476,0.6790123456790124,0.6632024419193582,0.774294977700954
0.6930000000000001,0.859375,0.5612244897959183,0.9873654656059897,0.9358288770053476,0.6790123456790124,0.6632024419193582,0.774294977700954
0.6940000000000001,0.859375,0.5612244897959183,0.9873654656059897,0.9358288770053476,0.6790123456790124,0.6632024419193582,0.774294977700954
0.6950000000000001,0.8586387434554974,0.5578231292517006,0.9873654656059897,0.9354175236528177,0.6762886597938145,0.6606660582411393,0.7725942974288451
0.6960000000000001,0.8586387434554974,0.5578231292517006,0.9873654656059897,0.9354175236528177,0.6762886597938145,0.6606660582411393,0.7725942974288451
0.6970000000000001,0.8586387434554974,0.5578231292517006,0.9873654656059897,0.9354175236528177,0.6762886597938145,0.6606660582411393,0.7725942974288451
0.6980000000000001,0.8586387434554974,0.5578231292517006,0.9873654656059897,0.9354175236528177,0.6762886597938145,0.6606660582411393,0.7725942974288451
0.6990000000000001,0.8586387434554974,0.5578231292517006,0.9873654656059897,0.9354175236528177,0.6762886597938145,0.6606660582411393,0.7725942974288451
0.7000000000000001,0.8586387434554974,0.5578231292517006,0.9873654656059897,0.9354175236528177,0.6762886597938145,0.6606660582411393,0.7725942974288451
0.7010000000000001,0.8586387434554974,0.5578231292517006,0.9873654656059897,0.9354175236528177,0.6762886597938145,0.6606660582411393,0.7725942974288451
0.7020000000000001,0.8631578947368421,0.5578231292517006,0.9878334113242864,0.9358288770053476,0.6776859504132231,0.6628229889828897,0.7728282702879935
0.7030000000000001,0.8631578947368421,0.5578231292517006,0.9878334113242864,0.9358288770053476,0.6776859504132231,0.6628229889828897,0.7728282702879935
0.704,0.8631578947368421,0.5578231292517006,0.9878334113242864,0.9358288770053476,0.6776859504132231,0.6628229889828897,0.7728282702879935
0.705,0.8631578947368421,0.5578231292517006,0.9878334113242864,0.9358288770053476,0.6776859504132231,0.6628229889828897,0.7728282702879935
0.706,0.8631578947368421,0.5578231292517006,0.9878334113242864,0.9358288770053476,0.6776859504132231,0.6628229889828897,0.7728282702879935
0.707,0.8631578947368421,0.5578231292517006,0.9878334113242864,0.9358288770053476,0.6776859504132231,0.6628229889828897,0.7728282702879935
0.708,0.8631578947368421,0.5578231292517006,0.9878334113242864,0.9358288770053476,0.6776859504132231,0.6628229889828897,0.7728282702879935
0.709,0.8631578947368421,0.5578231292517006,0.9878334113242864,0.9358288770053476,0.6776859504132231,0.6628229889828897,0.7728282702879935
0.71,0.8677248677248677,0.5578231292517006,0.988301357042583,0.9362402303578774,0.6790890269151139,0.6649957493074717,0.7730622431471419
0.711,0.8677248677248677,0.5578231292517006,0.988301357042583,0.9362402303578774,0.6790890269151139,0.6649957493074717,0.7730622431471419
0.712,0.8677248677248677,0.5578231292517006,0.988301357042583,0.9362402303578774,0.6790890269151139,0.6649957493074717,0.7730622431471419
0.713,0.8677248677248677,0.5578231292517006,0.988301357042583,0.9362402303578774,0.6790890269151139,0.6649957493074717,0.7730622431471419
0.714,0.8670212765957447,0.5544217687074829,0.988301357042583,0.9358288770053476,0.6763485477178424,0.662461574362765,0.771361562875033
0.715,0.8716577540106952,0.5544217687074829,0.9887693027608797,0.9362402303578774,0.6777546777546778,0.664655066288814,0.7715955357341813
0.716,0.8716577540106952,0.5544217687074829,0.9887693027608797,0.9362402303578774,0.6777546777546778,0.664655066288814,0.7715955357341813
0.717,0.8716577540106952,0.5544217687074829,0.9887693027608797,0.9362402303578774,0.6777546777546778,0.664655066288814,0.7715955357341813
0.718,0.8716577540106952,0.5544217687074829,0.9887693027608797,0.9362402303578774,0.6777546777546778,0.664655066288814,0.7715955357341813
0.719,0.8716577540106952,0.5544217687074829,0.9887693027608797,0.9362402303578774,0.6777546777546778,0.664655066288814,0.7715955357341813
0.72,0.8709677419354839,0.5510204081632653,0.9887693027608797,0.9358288770053476,0.675,0.6621187456086541,0.7698948554620725
0.721,0.8709677419354839,0.5510204081632653,0.9887693027608797,0.9358288770053476,0.675,0.6621187456086541,0.7698948554620725
0.722,0.8709677419354839,0.5510204081632653,0.9887693027608797,0.9358288770053476,0.675,0.6621187456086541,0.7698948554620725
0.723,0.8702702702702703,0.5476190476190477,0.9887693027608797,0.9354175236528177,0.6722338204592901,0.6595755117944517,0.7681941751899637
0.724,0.8702702702702703,0.5476190476190477,0.9887693027608797,0.9354175236528177,0.6722338204592901,0.6595755117944517,0.7681941751899637
0.725,0.8702702702702703,0.5476190476190477,0.9887693027608797,0.9354175236528177,0.6722338204592901,0.6595755117944517,0.7681941751899637
0.726,0.8702702702702703,0.5476190476190477,0.9887693027608797,0.9354175236528177,0.6722338204592901,0.6595755117944517,0.7681941751899637
0.727,0.8702702702702703,0.5476190476190477,0.9887693027608797,0.9354175236528177,0.6722338204592901,0.6595755117944517,0.7681941751899637
0.728,0.875,0.5476190476190477,0.9892372484791764,0.9358288770053476,0.6736401673640168,0.6617950726587475,0.768428148049112
0.729,0.8797814207650273,0.5476190476190477,0.989705194197473,0.9362402303578774,0.6750524109014675,0.66403147068314,0.7686621209082604
0.73,0.8797814207650273,0.5476190476190477,0.989705194197473,0.9362402303578774,0.6750524109014675,0.66403147068314,0.7686621209082604
0.731,0.8797814207650273,0.5476190476190477,0.989705194197473,0.9362402303578774,0.6750524109014675,0.66403147068314,0.7686621209082604
0.732,0.8791208791208791,0.54421768707483,0.989705194197473,0.9358288770053476,0.6722689075630253,0.6614911489866804,0.7669614406361516
0.733,0.8791208791208791,0.54421768707483,0.989705194197473,0.9358288770053476,0.6722689075630253,0.6614911489866804,0.7669614406361516
0.734,0.8791208791208791,0.54421768707483,0.989705194197473,0.9358288770053476,0.6722689075630253,0.6614911489866804,0.7669614406361516
0.735,0.8791208791208791,0.54421768707483,0.989705194197473,0.9358288770053476,0.6722689075630253,0.6614911489866804,0.7669614406361516
0.736,0.8791208791208791,0.54421768707483,0.989705194197473,0.9358288770053476,0.6722689075630253,0.6614911489866804,0.7669614406361516
0.737,0.8791208791208791,0.54421768707483,0.989705194197473,0.9358288770053476,0.6722689075630253,0.6614911489866804,0.7669614406361516
0.738,0.8791208791208791,0.54421768707483,0.989705194197473,0.9358288770053476,0.6722689075630253,0.6614911489866804,0.7669614406361516
0.739,0.8839779005524862,0.54421768707483,0.9901731399157697,0.9362402303578774,0.6736842105263158,0.6637497561072541,0.7671954134952998
0.74,0.8888888888888888,0.54421768707483,0.9906410856340665,0.9366515837104072,0.6751054852320675,0.6660257951411634,0.7674293863544482
0.741,0.8888888888888888,0.54421768707483,0.9906410856340665,0.9366515837104072,0.6751054852320675,0.6660257951411634,0.7674293863544482
0.742,0.8888888888888888,0.54421768707483,0.9906410856340665,0.9366515837104072,0.6751054852320675,0.6660257951411634,0.7674293863544482
0.743,0.8888888888888888,0.54421768707483,0.9906410856340665,0.9366515837104072,0.6751054852320675,0.6660257951411634,0.7674293863544482
0.744,0.8888888888888888,0.54421768707483,0.9906410856340665,0.9366515837104072,0.6751054852320675,0.6660257951411634,0.7674293863544482
0.745,0.888268156424581,0.5408163265306123,0.9906410856340665,0.9362402303578774,0.6723044397463002,0.6634889375223147,0.7657287060823394
0.746,0.8932584269662921,0.5408163265306123,0.9911090313523632,0.9366515837104072,0.673728813559322,0.6657880926680251,0.7659626789414877
0.747,0.8932584269662921,0.5408163265306123,0.9911090313523632,0.9366515837104072,0.673728813559322,0.6657880926680251,0.7659626789414877
0.748,0.8932584269662921,0.5408163265306123,0.9911090313523632,0.9366515837104072,0.673728813559322,0.6657880926680251,0.7659626789414877
0.749,0.8932584269662921,0.5408163265306123,0.9911090313523632,0.9366515837104072,0.673728813559322,0.6657880926680251,0.7659626789414877
0.75,0.8932584269662921,0.5408163265306123,0.9911090313523632,0.9366515837104072,0.673728813559322,0.6657880926680251,0.7659626789414877
0.751,0.8932584269662921,0.5408163265306123,0.9911090313523632,0.9366515837104072,0.673728813559322,0.6657880926680251,0.7659626789414877
0.752,0.8932584269662921,0.5408163265306123,0.9911090313523632,0.9366515837104072,0.673728813559322,0.6657880926680251,0.7659626789414877
0.753,0.8932584269662921,0.5408163265306123,0.9911090313523632,0.9366515837104072,0.673728813559322,0.6657880926680251,0.7659626789414877
0.754,0.8926553672316384,0.5374149659863946,0.9911090313523632,0.9362402303578774,0.6709129511677282,0.6632496786623343,0.7642619986693788
0.755,0.8926553672316384,0.5374149659863946,0.9911090313523632,0.9362402303578774,0.6709129511677282,0.6632496786623343,0.7642619986693788
0.756,0.8920454545454546,0.5340136054421769,0.9911090313523632,0.9358288770053476,0.6680851063829787,0.6607041875383202,0.76256131839727
0.757,0.8920454545454546,0.5340136054421769,0.9911090313523632,0.9358288770053476,0.6680851063829787,0.6607041875383202,0.76256131839727
0.758,0.8920454545454546,0.5340136054421769,0.9911090313523632,0.9358288770053476,0.6680851063829787,0.6607041875383202,0.76256131839727
0.759,0.8920454545454546,0.5340136054421769,0.9911090313523632,0.9358288770053476,0.6680851063829787,0.6607041875383202,0.76256131839727
0.76,0.8971428571428571,0.5340136054421769,0.9915769770706598,0.9362402303578774,0.6695095948827292,0.6630326716473611,0.7627952912564184
0.761,0.8971428571428571,0.5340136054421769,0.9915769770706598,0.9362402303578774,0.6695095948827292,0.6630326716473611,0.7627952912564184
0.762,0.8971428571428571,0.5340136054421769,0.9915769770706598,0.9362402303578774,0.6695095948827292,0.6630326716473611,0.7627952912564184
0.763,0.8971428571428571,0.5340136054421769,0.9915769770706598,0.9362402303578774,0.6695095948827292,0.6630326716473611,0.7627952912564184
0.764,0.8971428571428571,0.5340136054421769,0.9915769770706598,0.9362402303578774,0.6695095948827292,0.6630326716473611,0.7627952912564184
0.765,0.9022988505747126,0.5340136054421769,0.9920449227889565,0.9366515837104072,0.6709401709401709,0.6653797632829549,0.7630292641155667
0.766,0.9022988505747126,0.5340136054421769,0.9920449227889565,0.9366515837104072,0.6709401709401709,0.6653797632829549,0.7630292641155667
0.767,0.9075144508670521,0.5340136054421769,0.9925128685072532,0.9370629370629371,0.6723768736616702,0.6677457283834846,0.763263236974715
0.768,0.9075144508670521,0.5340136054421769,0.9925128685072532,0.9370629370629371,0.6723768736616702,0.6677457283834846,0.763263236974715
0.769,0.9075144508670521,0.5340136054421769,0.9925128685072532,0.9370629370629371,0.6723768736616702,0.6677457283834846,0.763263236974715
0.77,0.9064327485380117,0.5272108843537415,0.9925128685072532,0.9362402303578774,0.6666666666666666,0.6626683328202029,0.7598618764304974
0.771,0.9064327485380117,0.5272108843537415,0.9925128685072532,0.9362402303578774,0.6666666666666666,0.6626683328202029,0.7598618764304974
0.772,0.9064327485380117,0.5272108843537415,0.9925128685072532,0.9362402303578774,0.6666666666666666,0.6626683328202029,0.7598618764304974
0.773,0.9064327485380117,0.5272108843537415,0.9925128685072532,0.9362402303578774,0.6666666666666666,0.6626683328202029,0.7598618764304974
0.774,0.9064327485380117,0.5272108843537415,0.9925128685072532,0.9362402303578774,0.6666666666666666,0.6626683328202029,0.7598618764304974
0.775,0.9117647058823529,0.5272108843537415,0.9929808142255498,0.9366515837104072,0.6681034482758621,0.6650657789106709,0.7600958492896457
0.776,0.9117647058823529,0.5272108843537415,0.9929808142255498,0.9366515837104072,0.6681034482758621,0.6650657789106709,0.7600958492896457
0.777,0.9117647058823529,0.5272108843537415,0.9929808142255498,0.9366515837104072,0.6681034482758621,0.6650657789106709,0.7600958492896457
0.778,0.9117647058823529,0.5272108843537415,0.9929808142255498,0.9366515837104072,0.6681034482758621,0.6650657789106709,0.7600958492896457
0.779,0.9117647058823529,0.5272108843537415,0.9929808142255498,0.9366515837104072,0.6681034482758621,0.6650657789106709,0.7600958492896457
0.78,0.9117647058823529,0.5272108843537415,0.9929808142255498,0.9366515837104072,0.6681034482758621,0.6650657789106709,0.7600958492896457
0.781,0.9117647058823529,0.5272108843537415,0.9929808142255498,0.9366515837104072,0.6681034482758621,0.6650657789106709,0.7600958492896457
0.782,0.9117647058823529,0.5272108843537415,0.9929808142255498,0.9366515837104072,0.6681034482758621,0.6650657789106709,0.7600958492896457
0.783,0.9112426035502958,0.5238095238095238,0.9929808142255498,0.9362402303578774,0.6652267818574514,0.6625225414226168,0.7583951690175368
0.784,0.9112426035502958,0.5238095238095238,0.9929808142255498,0.9362402303578774,0.6652267818574514,0.6625225414226168,0.7583951690175368
0.785,0.9166666666666666,0.5238095238095238,0.9934487599438465,0.9366515837104072,0.6666666666666666,0.6649461302937458,0.7586291418766852
0.786,0.9166666666666666,0.5238095238095238,0.9934487599438465,0.9366515837104072,0.6666666666666666,0.6649461302937458,0.7586291418766852
0.787,0.9161676646706587,0.5204081632653061,0.9934487599438465,0.9362402303578774,0.6637744034707158,0.6624020862841815,0.7569284616045764
0.788,0.9161676646706587,0.5204081632653061,0.9934487599438465,0.9362402303578774,0.6637744034707158,0.6624020862841815,0.7569284616045764
0.789,0.9161676646706587,0.5204081632653061,0.9934487599438465,0.9362402303578774,0.6637744034707158,0.6624020862841815,0.7569284616045764
0.79,0.9161676646706587,0.5204081632653061,0.9934487599438465,0.9362402303578774,0.6637744034707158,0.6624020862841815,0.7569284616045764
0.791,0.9161676646706587,0.5204081632653061,0.9934487599438465,0.9362402303578774,0.6637744034707158,0.6624020862841815,0.7569284616045764
0.792,0.9161676646706587,0.5204081632653061,0.9934487599438465,0.9362402303578774,0.6637744034707158,0.6624020862841815,0.7569284616045764
0.793,0.9161676646706587,0.5204081632653061,0.9934487599438465,0.9362402303578774,0.6637744034707158,0.6624020862841815,0.7569284616045764
0.794,0.9161676646706587,0.5204081632653061,0.9934487599438465,0.9362402303578774,0.6637744034707158,0.6624020862841815,0.7569284616045764
0.795,0.9161676646706587,0.5204081632653061,0.9934487599438465,0.9362402303578774,0.6637744034707158,0.6624020862841815,0.7569284616045764
0.796,0.9161676646706587,0.5204081632653061,0.9934487599438465,0.9362402303578774,0.6637744034707158,0.6624020862841815,0.7569284616045764
0.797,0.9161676646706587,0.5204081632653061,0.9934487599438465,0.9362402303578774,0.6637744034707158,0.6624020862841815,0.7569284616045764
0.798,0.9161676646706587,0.5204081632653061,0.9934487599438465,0.9362402303578774,0.6637744034707158,0.6624020862841815,0.7569284616045764
0.799,0.9161676646706587,0.5204081632653061,0.9934487599438465,0.9362402303578774,0.6637744034707158,0.6624020862841815,0.7569284616045764
0.8,0.9161676646706587,0.5204081632653061,0.9934487599438465,0.9362402303578774,0.6637744034707158,0.6624020862841815,0.7569284616045764
0.801,0.9156626506024096,0.5170068027210885,0.9934487599438465,0.9358288770053476,0.6608695652173913,0.6598507580727551,0.7552277813324675
0.802,0.9156626506024096,0.5170068027210885,0.9934487599438465,0.9358288770053476,0.6608695652173913,0.6598507580727551,0.7552277813324675
0.803,0.9156626506024096,0.5170068027210885,0.9934487599438465,0.9358288770053476,0.6608695652173913,0.6598507580727551,0.7552277813324675
0.804,0.9212121212121213,0.5170068027210885,0.9939167056621432,0.9362402303578774,0.6623093681917211,0.6623078264720738,0.7554617541916158
0.805,0.9212121212121213,0.5170068027210885,0.9939167056621432,0.9362402303578774,0.6623093681917211,0.6623078264720738,0.7554617541916158
0.806,0.9212121212121213,0.5170068027210885,0.9939167056621432,0.9362402303578774,0.6623093681917211,0.6623078264720738,0.7554617541916158
0.807,0.9212121212121213,0.5170068027210885,0.9939167056621432,0.9362402303578774,0.6623093681917211,0.6623078264720738,0.7554617541916158
0.808,0.9207317073170732,0.5136054421768708,0.9939167056621432,0.9358288770053476,0.6593886462882096,0.659755837365445,0.753761073919507
0.809,0.9207317073170732,0.5136054421768708,0.9939167056621432,0.9358288770053476,0.6593886462882096,0.659755837365445,0.753761073919507
0.81,0.9207317073170732,0.5136054421768708,0.9939167056621432,0.9358288770053476,0.6593886462882096,0.659755837365445,0.753761073919507
0.811,0.9207317073170732,0.5136054421768708,0.9939167056621432,0.9358288770053476,0.6593886462882096,0.659755837365445,0.753761073919507
0.812,0.9263803680981595,0.5136054421768708,0.9943846513804399,0.9362402303578774,0.6608315098468271,0.6622406602656562,0.7539950467786554
0.8130000000000001,0.9320987654320988,0.5136054421768708,0.9948525970987365,0.9366515837104072,0.6622807017543859,0.664746852184469,0.7542290196378036
0.8140000000000001,0.9320987654320988,0.5136054421768708,0.9948525970987365,0.9366515837104072,0.6622807017543859,0.664746852184469,0.7542290196378036
0.8150000000000001,0.9320987654320988,0.5136054421768708,0.9948525970987365,0.9366515837104072,0.6622807017543859,0.664746852184469,0.7542290196378036
0.8160000000000001,0.9320987654320988,0.5136054421768708,0.9948525970987365,0.9366515837104072,0.6622807017543859,0.664746852184469,0.7542290196378036
0.8170000000000001,0.9316770186335404,0.5102040816326531,0.9948525970987365,0.9362402303578774,0.6593406593406593,0.6622015274156912,0.7525283393656947
0.8180000000000001,0.93125,0.5068027210884354,0.9948525970987365,0.9358288770053476,0.6563876651982379,0.6596488179310971,0.750827659093586
0.8190000000000001,0.93125,0.5068027210884354,0.9948525970987365,0.9358288770053476,0.6563876651982379,0.6596488179310971,0.750827659093586
0.8200000000000001,0.93125,0.5068027210884354,0.9948525970987365,0.9358288770053476,0.6563876651982379,0.6596488179310971,0.750827659093586
0.8210000000000001,0.93125,0.5068027210884354,0.9948525970987365,0.9358288770053476,0.6563876651982379,0.6596488179310971,0.750827659093586
0.8220000000000001,0.93125,0.5068027210884354,0.9948525970987365,0.9358288770053476,0.6563876651982379,0.6596488179310971,0.750827659093586
0.8230000000000001,0.93125,0.5068027210884354,0.9948525970987365,0.9358288770053476,0.6563876651982379,0.6596488179310971,0.750827659093586
0.8240000000000001,0.93125,0.5068027210884354,0.9948525970987365,0.9358288770053476,0.6563876651982379,0.6596488179310971,0.750827659093586
0.8250000000000001,0.93125,0.5068027210884354,0.9948525970987365,0.9358288770053476,0.6563876651982379,0.6596488179310971,0.750827659093586
0.8260000000000001,0.93125,0.5068027210884354,0.9948525970987365,0.9358288770053476,0.6563876651982379,0.6596488179310971,0.750827659093586
0.8270000000000001,0.93125,0.5068027210884354,0.9948525970987365,0.9358288770053476,0.6563876651982379,0.6596488179310971,0.750827659093586
0.8280000000000001,0.93125,0.5068027210884354,0.9948525970987365,0.9358288770053476,0.6563876651982379,0.6596488179310971,0.750827659093586
0.8290000000000001,0.93125,0.5068027210884354,0.9948525970987365,0.9358288770053476,0.6563876651982379,0.6596488179310971,0.750827659093586
0.8300000000000001,0.93125,0.5068027210884354,0.9948525970987365,0.9358288770053476,0.6563876651982379,0.6596488179310971,0.750827659093586
0.8310000000000001,0.9371069182389937,0.5068027210884354,0.9953205428170332,0.9362402303578774,0.6578366445916115,0.662191411562663,0.7510616319527343
0.8320000000000001,0.9371069182389937,0.5068027210884354,0.9953205428170332,0.9362402303578774,0.6578366445916115,0.662191411562663,0.7510616319527343
0.833,0.9371069182389937,0.5068027210884354,0.9953205428170332,0.9362402303578774,0.6578366445916115,0.662191411562663,0.7510616319527343
0.834,0.9371069182389937,0.5068027210884354,0.9953205428170332,0.9362402303578774,0.6578366445916115,0.662191411562663,0.7510616319527343
0.835,0.9367088607594937,0.5034013605442177,0.9953205428170332,0.9358288770053476,0.6548672566371682,0.6596386699910151,0.7493609516806254
0.836,0.9367088607594937,0.5034013605442177,0.9953205428170332,0.9358288770053476,0.6548672566371682,0.6596386699910151,0.7493609516806254
0.837,0.9367088607594937,0.5034013605442177,0.9953205428170332,0.9358288770053476,0.6548672566371682,0.6596386699910151,0.7493609516806254
0.838,0.9363057324840764,0.5,0.9953205428170332,0.9354175236528177,0.6518847006651884,0.6570784289659338,0.7476602714085165
0.839,0.9363057324840764,0.5,0.9953205428170332,0.9354175236528177,0.6518847006651884,0.6570784289659338,0.7476602714085165
0.84,0.9363057324840764,0.5,0.9953205428170332,0.9354175236528177,0.6518847006651884,0.6570784289659338,0.7476602714085165
0.841,0.9358974358974359,0.4965986394557823,0.9953205428170332,0.935006170300288,0.6488888888888888,0.6545106003600399,0.7459595911364078
0.842,0.9358974358974359,0.4965986394557823,0.9953205428170332,0.935006170300288,0.6488888888888888,0.6545106003600399,0.7459595911364078
0.843,0.9358974358974359,0.4965986394557823,0.9953205428170332,0.935006170300288,0.6488888888888888,0.6545106003600399,0.7459595911364078
0.844,0.9358974358974359,0.4965986394557823,0.9953205428170332,0.935006170300288,0.6488888888888888,0.6545106003600399,0.7459595911364078
0.845,0.9358974358974359,0.4965986394557823,0.9953205428170332,0.935006170300288,0.6488888888888888,0.6545106003600399,0.7459595911364078
0.846,0.9358974358974359,0.4965986394557823,0.9953205428170332,0.935006170300288,0.6488888888888888,0.6545106003600399,0.7459595911364078
0.847,0.9358974358974359,0.4965986394557823,0.9953205428170332,0.935006170300288,0.6488888888888888,0.6545106003600399,0.7459595911364078
0.848,0.9354838709677419,0.4931972789115646,0.9953205428170332,0.9345948169477581,0.6458797327394209,0.6519350944745886,0.744258910864299
0.849,0.9415584415584416,0.4931972789115646,0.9957884885353299,0.935006170300288,0.6473214285714286,0.6545310733646528,0.7444928837234472
0.85,0.9415584415584416,0.4931972789115646,0.9957884885353299,0.935006170300288,0.6473214285714286,0.6545310733646528,0.7444928837234472
0.851,0.9415584415584416,0.4931972789115646,0.9957884885353299,0.935006170300288,0.6473214285714286,0.6545310733646528,0.7444928837234472
0.852,0.9415584415584416,0.4931972789115646,0.9957884885353299,0.935006170300288,0.6473214285714286,0.6545310733646528,0.7444928837234472
0.853,0.9477124183006536,0.4931972789115646,0.9962564342536265,0.9354175236528177,0.6487695749440716,0.657150705637058,0.7447268565825955
0.854,0.9602649006622517,0.4931972789115646,0.99719232569022,0.9362402303578774,0.651685393258427,0.6624624775198117,0.7451948023008923
0.855,0.96,0.4897959183673469,0.99719232569022,0.9358288770053476,0.6486486486486487,0.6599121607678985,0.7434941220287834
0.856,0.96,0.4897959183673469,0.99719232569022,0.9358288770053476,0.6486486486486487,0.6599121607678985,0.7434941220287834
0.857,0.96,0.4897959183673469,0.99719232569022,0.9358288770053476,0.6486486486486487,0.6599121607678985,0.7434941220287834
0.858,0.96,0.4897959183673469,0.99719232569022,0.9358288770053476,0.6486486486486487,0.6599121607678985,0.7434941220287834
0.859,0.959731543624161,0.48639455782312924,0.99719232569022,0.9354175236528177,0.6455981941309256,0.6573542647566595,0.7417934417566746
0.86,0.959731543624161,0.48639455782312924,0.99719232569022,0.9354175236528177,0.6455981941309256,0.6573542647566595,0.7417934417566746
0.861,0.959731543624161,0.48639455782312924,0.99719232569022,0.9354175236528177,0.6455981941309256,0.6573542647566595,0.7417934417566746
0.862,0.959731543624161,0.48639455782312924,0.99719232569022,0.9354175236528177,0.6455981941309256,0.6573542647566595,0.7417934417566746
0.863,0.959731543624161,0.48639455782312924,0.99719232569022,0.9354175236528177,0.6455981941309256,0.6573542647566595,0.7417934417566746
0.864,0.959731543624161,0.48639455782312924,0.99719232569022,0.9354175236528177,0.6455981941309256,0.6573542647566595,0.7417934417566746
0.865,0.9662162162162162,0.48639455782312924,0.9976602714085167,0.9358288770053476,0.6470588235294118,0.6600649471943483,0.742027414615823
0.866,0.9726027397260274,0.48299319727891155,0.9981282171268133,0.9358288770053476,0.6454545454545455,0.6602540649659407,0.7405607072028624
0.867,0.9724137931034482,0.47959183673469385,0.9981282171268133,0.9354175236528177,0.642369020501139,0.6576991562906069,0.7388600269307536
0.868,0.9724137931034482,0.47959183673469385,0.9981282171268133,0.9354175236528177,0.642369020501139,0.6576991562906069,0.7388600269307536
0.869,0.9724137931034482,0.47959183673469385,0.9981282171268133,0.9354175236528177,0.642369020501139,0.6576991562906069,0.7388600269307536
0.87,0.9791666666666666,0.47959183673469385,0.99859616284511,0.9358288770053476,0.6438356164383562,0.6604809120205973,0.739093999789902
0.871,0.9791666666666666,0.47959183673469385,0.99859616284511,0.9358288770053476,0.6438356164383562,0.6604809120205973,0.739093999789902
0.872,0.976,0.41496598639455784,0.99859616284511,0.928013163307281,0.5823389021479713,0.6105652063111844,0.706781074619834
0.873,0.976,0.41496598639455784,0.99859616284511,0.928013163307281,0.5823389021479713,0.6105652063111844,0.706781074619834
0.874,0.976,0.41496598639455784,0.99859616284511,0.928013163307281,0.5823389021479713,0.6105652063111844,0.706781074619834
0.875,0.976,0.41496598639455784,0.99859616284511,0.928013163307281,0.5823389021479713,0.6105652063111844,0.706781074619834
0.876,0.976,0.41496598639455784,0.99859616284511,0.928013163307281,0.5823389021479713,0.6105652063111844,0.706781074619834
0.877,0.9758064516129032,0.41156462585034015,0.99859616284511,0.9276018099547512,0.5789473684210527,0.607848607300753,0.7050803943477251
0.878,0.9758064516129032,0.41156462585034015,0.99859616284511,0.9276018099547512,0.5789473684210527,0.607848607300753,0.7050803943477251
0.879,0.975609756097561,0.40816326530612246,0.99859616284511,0.9271904566022213,0.5755395683453237,0.6051222143909082,0.7033797140756162
0.88,0.975609756097561,0.40816326530612246,0.99859616284511,0.9271904566022213,0.5755395683453237,0.6051222143909082,0.7033797140756162
0.881,0.96875,0.3163265306122449,0.99859616284511,0.916083916083916,0.47692307692307695,0.52723086238222,0.6574613467286774
0.882,0.96875,0.3163265306122449,0.99859616284511,0.916083916083916,0.47692307692307695,0.52723086238222,0.6574613467286774
0.883,0.96875,0.3163265306122449,0.99859616284511,0.916083916083916,0.47692307692307695,0.52723086238222,0.6574613467286774
0.884,0.96875,0.3163265306122449,0.99859616284511,0.916083916083916,0.47692307692307695,0.52723086238222,0.6574613467286774
0.885,0.96875,0.3163265306122449,0.99859616284511,0.916083916083916,0.47692307692307695,0.52723086238222,0.6574613467286774
0.886,0.96875,0.3163265306122449,0.99859616284511,0.916083916083916,0.47692307692307695,0.52723086238222,0.6574613467286774
0.887,0.96875,0.3163265306122449,0.99859616284511,0.916083916083916,0.47692307692307695,0.52723086238222,0.6574613467286774
0.888,0.96875,0.3163265306122449,0.99859616284511,0.916083916083916,0.47692307692307695,0.52723086238222,0.6574613467286774
0.889,0.9789473684210527,0.3163265306122449,0.9990641085634067,0.9164952694364459,0.4781491002570694,0.5306724035715998,0.6576953195878258
0.89,0.9787234042553191,0.3129251700680272,0.9990641085634067,0.916083916083916,0.4742268041237113,0.5276212922233554,0.655994639315717
0.891,0.9787234042553191,0.3129251700680272,0.9990641085634067,0.916083916083916,0.4742268041237113,0.5276212922233554,0.655994639315717
0.892,0.9787234042553191,0.3129251700680272,0.9990641085634067,0.916083916083916,0.4742268041237113,0.5276212922233554,0.655994639315717
0.893,0.9787234042553191,0.3129251700680272,0.9990641085634067,0.916083916083916,0.4742268041237113,0.5276212922233554,0.655994639315717
0.894,0.9787234042553191,0.3129251700680272,0.9990641085634067,0.916083916083916,0.4742268041237113,0.5276212922233554,0.655994639315717
0.895,0.978494623655914,0.30952380952380953,0.9990641085634067,0.9156725627313863,0.4702842377260982,0.5245551038960777,0.6542939590436081
0.896,0.978494623655914,0.30952380952380953,0.9990641085634067,0.9156725627313863,0.4702842377260982,0.5245551038960777,0.6542939590436081
0.897,0.9857142857142858,0.23469387755102042,0.9995320542817033,0.90703414232826,0.3791208791208791,0.4566819934803523,0.6171129659163619
0.898,0.9857142857142858,0.23469387755102042,0.9995320542817033,0.90703414232826,0.3791208791208791,0.4566819934803523,0.6171129659163619
0.899,1.0,0.23469387755102042,1.0,0.9074454956807898,0.38016528925619836,0.46080076838955486,0.6173469387755102
0.9,1.0,0.23469387755102042,1.0,0.9074454956807898,0.38016528925619836,0.46080076838955486,0.6173469387755102
0.901,1.0,0.23469387755102042,1.0,0.9074454956807898,0.38016528925619836,0.46080076838955486,0.6173469387755102
0.902,1.0,0.23469387755102042,1.0,0.9074454956807898,0.38016528925619836,0.46080076838955486,0.6173469387755102
0.903,1.0,0.23469387755102042,1.0,0.9074454956807898,0.38016528925619836,0.46080076838955486,0.6173469387755102
0.904,1.0,0.23469387755102042,1.0,0.9074454956807898,0.38016528925619836,0.46080076838955486,0.6173469387755102
0.905,1.0,0.23469387755102042,1.0,0.9074454956807898,0.38016528925619836,0.46080076838955486,0.6173469387755102
0.906,1.0,0.23129251700680273,1.0,0.90703414232826,0.3756906077348066,0.45735264114194907,0.6156462585034014
0.907,1.0,0.23129251700680273,1.0,0.90703414232826,0.3756906077348066,0.45735264114194907,0.6156462585034014
0.908,1.0,0.23129251700680273,1.0,0.90703414232826,0.3756906077348066,0.45735264114194907,0.6156462585034014
0.909,1.0,0.23129251700680273,1.0,0.90703414232826,0.3756906077348066,0.45735264114194907,0.6156462585034014
0.91,1.0,0.23129251700680273,1.0,0.90703414232826,0.3756906077348066,0.45735264114194907,0.6156462585034014
0.911,1.0,0.23129251700680273,1.0,0.90703414232826,0.3756906077348066,0.45735264114194907,0.6156462585034014
0.912,1.0,0.1326530612244898,1.0,0.8951048951048951,0.23423423423423423,0.3442550436069196,0.5663265306122449
0.913,1.0,0.12585034013605442,1.0,0.8942821883998354,0.22356495468277945,0.335171732980699,0.5629251700680272
0.914,1.0,0.11904761904761904,1.0,0.8934594816947758,0.2127659574468085,0.32585111483936063,0.5595238095238095
0.915,1.0,0.11564625850340136,1.0,0.893048128342246,0.2073170731707317,0.32109536558680185,0.5578231292517006
0.916,1.0,0.11564625850340136,1.0,0.893048128342246,0.2073170731707317,0.32109536558680185,0.5578231292517006
0.917,1.0,0.10884353741496598,1.0,0.8922254216371863,0.19631901840490798,0.3113783844684902,0.5544217687074829
0.918,1.0,0.034013605442176874,1.0,0.8831756478815302,0.06578947368421052,0.1732731222630159,0.5170068027210885
0.919,1.0,0.030612244897959183,1.0,0.8827642945290004,0.0594059405940594,0.16434737855191475,0.5153061224489796
0.92,1.0,0.030612244897959183,1.0,0.8827642945290004,0.0594059405940594,0.16434737855191475,0.5153061224489796
0.921,1.0,0.030612244897959183,1.0,0.8827642945290004,0.0594059405940594,0.16434737855191475,0.5153061224489796
0.922,1.0,0.030612244897959183,1.0,0.8827642945290004,0.0594059405940594,0.16434737855191475,0.5153061224489796
0.923,1.0,0.030612244897959183,1.0,0.8827642945290004,0.0594059405940594,0.16434737855191475,0.5153061224489796
0.924,1.0,0.030612244897959183,1.0,0.8827642945290004,0.0594059405940594,0.16434737855191475,0.5153061224489796
0.925,1.0,0.030612244897959183,1.0,0.8827642945290004,0.0594059405940594,0.16434737855191475,0.5153061224489796
0.926,1.0,0.030612244897959183,1.0,0.8827642945290004,0.0594059405940594,0.16434737855191475,0.5153061224489796
0.927,1.0,0.027210884353741496,1.0,0.8823529411764706,0.052980132450331126,0.15491621670730438,0.5136054421768708
0.928,1.0,0.027210884353741496,1.0,0.8823529411764706,0.052980132450331126,0.15491621670730438,0.5136054421768708
0.929,1.0,0.027210884353741496,1.0,0.8823529411764706,0.052980132450331126,0.15491621670730438,0.5136054421768708
0.93,1.0,0.027210884353741496,1.0,0.8823529411764706,0.052980132450331126,0.15491621670730438,0.5136054421768708
0.931,1.0,0.027210884353741496,1.0,0.8823529411764706,0.052980132450331126,0.15491621670730438,0.5136054421768708
0.932,1.0,0.027210884353741496,1.0,0.8823529411764706,0.052980132450331126,0.15491621670730438,0.5136054421768708
0.933,1.0,0.027210884353741496,1.0,0.8823529411764706,0.052980132450331126,0.15491621670730438,0.5136054421768708
0.934,1.0,0.027210884353741496,1.0,0.8823529411764706,0.052980132450331126,0.15491621670730438,0.5136054421768708
0.935,1.0,0.027210884353741496,1.0,0.8823529411764706,0.052980132450331126,0.15491621670730438,0.5136054421768708
0.936,1.0,0.027210884353741496,1.0,0.8823529411764706,0.052980132450331126,0.15491621670730438,0.5136054421768708
0.937,1.0,0.027210884353741496,1.0,0.8823529411764706,0.052980132450331126,0.15491621670730438,0.5136054421768708
0.9380000000000001,1.0,0.027210884353741496,1.0,0.8823529411764706,0.052980132450331126,0.15491621670730438,0.5136054421768708
0.9390000000000001,1.0,0.023809523809523808,1.0,0.8819415878239407,0.046511627906976744,0.14488095770781434,0.5119047619047619
0.9400000000000001,1.0,0.023809523809523808,1.0,0.8819415878239407,0.046511627906976744,0.14488095770781434,0.5119047619047619
0.9410000000000001,1.0,0.023809523809523808,1.0,0.8819415878239407,0.046511627906976744,0.14488095770781434,0.5119047619047619
0.9420000000000001,1.0,0.023809523809523808,1.0,0.8819415878239407,0.046511627906976744,0.14488095770781434,0.5119047619047619
0.9430000000000001,1.0,0.02040816326530612,1.0,0.881530234471411,0.04,0.1341060434348742,0.5102040816326531
0.9440000000000001,1.0,0.02040816326530612,1.0,0.881530234471411,0.04,0.1341060434348742,0.5102040816326531
0.9450000000000001,1.0,0.02040816326530612,1.0,0.881530234471411,0.04,0.1341060434348742,0.5102040816326531
0.9460000000000001,1.0,0.013605442176870748,1.0,0.8807075277663513,0.026845637583892617,0.10945200040311094,0.5068027210884354
0.9470000000000001,1.0,0.013605442176870748,1.0,0.8807075277663513,0.026845637583892617,0.10945200040311094,0.5068027210884354
0.9480000000000001,1.0,0.013605442176870748,1.0,0.8807075277663513,0.026845637583892617,0.10945200040311094,0.5068027210884354
0.9490000000000001,1.0,0.013605442176870748,1.0,0.8807075277663513,0.026845637583892617,0.10945200040311094,0.5068027210884354
0.9500000000000001,1.0,0.01020408163265306,1.0,0.8802961744138215,0.020202020202020204,0.09476869102065061,0.5051020408163265
0.9510000000000001,1.0,0.01020408163265306,1.0,0.8802961744138215,0.020202020202020204,0.09476869102065061,0.5051020408163265
0.9520000000000001,1.0,0.01020408163265306,1.0,0.8802961744138215,0.020202020202020204,0.09476869102065061,0.5051020408163265
0.9530000000000001,1.0,0.01020408163265306,1.0,0.8802961744138215,0.020202020202020204,0.09476869102065061,0.5051020408163265
0.9540000000000001,1.0,0.01020408163265306,1.0,0.8802961744138215,0.020202020202020204,0.09476869102065061,0.5051020408163265
0.9550000000000001,1.0,0.01020408163265306,1.0,0.8802961744138215,0.020202020202020204,0.09476869102065061,0.5051020408163265
0.9560000000000001,1.0,0.01020408163265306,1.0,0.8802961744138215,0.020202020202020204,0.09476869102065061,0.5051020408163265
0.9570000000000001,1.0,0.01020408163265306,1.0,0.8802961744138215,0.020202020202020204,0.09476869102065061,0.5051020408163265
0.9580000000000001,1.0,0.01020408163265306,1.0,0.8802961744138215,0.020202020202020204,0.09476869102065061,0.5051020408163265
0.9590000000000001,1.0,0.01020408163265306,1.0,0.8802961744138215,0.020202020202020204,0.09476869102065061,0.5051020408163265
0.96,1.0,0.01020408163265306,1.0,0.8802961744138215,0.020202020202020204,0.09476869102065061,0.5051020408163265
0.961,1.0,0.01020408163265306,1.0,0.8802961744138215,0.020202020202020204,0.09476869102065061,0.5051020408163265
0.962,1.0,0.01020408163265306,1.0,0.8802961744138215,0.020202020202020204,0.09476869102065061,0.5051020408163265
0.963,1.0,0.01020408163265306,1.0,0.8802961744138215,0.020202020202020204,0.09476869102065061,0.5051020408163265
0.964,1.0,0.006802721088435374,1.0,0.8798848210612916,0.013513513513513514,0.07736238253950506,0.5034013605442177
0.965,1.0,0.006802721088435374,1.0,0.8798848210612916,0.013513513513513514,0.07736238253950506,0.5034013605442177
0.966,1.0,0.006802721088435374,1.0,0.8798848210612916,0.013513513513513514,0.07736238253950506,0.5034013605442177
0.967,1.0,0.006802721088435374,1.0,0.8798848210612916,0.013513513513513514,0.07736238253950506,0.5034013605442177
0.968,1.0,0.006802721088435374,1.0,0.8798848210612916,0.013513513513513514,0.07736238253950506,0.5034013605442177
0.969,1.0,0.006802721088435374,1.0,0.8798848210612916,0.013513513513513514,0.07736238253950506,0.5034013605442177
0.97,1.0,0.006802721088435374,1.0,0.8798848210612916,0.013513513513513514,0.07736238253950506,0.5034013605442177
0.971,1.0,0.006802721088435374,1.0,0.8798848210612916,0.013513513513513514,0.07736238253950506,0.5034013605442177
0.972,1.0,0.006802721088435374,1.0,0.8798848210612916,0.013513513513513514,0.07736238253950506,0.5034013605442177
0.973,1.0,0.006802721088435374,1.0,0.8798848210612916,0.013513513513513514,0.07736238253950506,0.5034013605442177
0.974,0.0,0.0,1.0,0.879062114356232,0.0,0.0,0.5
0.975,0.0,0.0,1.0,0.879062114356232,0.0,0.0,0.5
0.976,0.0,0.0,1.0,0.879062114356232,0.0,0.0,0.5
0.977,0.0,0.0,1.0,0.879062114356232,0.0,0.0,0.5
0.978,0.0,0.0,1.0,0.879062114356232,0.0,0.0,0.5
0.979,0.0,0.0,1.0,0.879062114356232,0.0,0.0,0.5
0.98,0.0,0.0,1.0,0.879062114356232,0.0,0.0,0.5
0.981,0.0,0.0,1.0,0.879062114356232,0.0,0.0,0.5
0.982,0.0,0.0,1.0,0.879062114356232,0.0,0.0,0.5
0.983,0.0,0.0,1.0,0.879062114356232,0.0,0.0,0.5
0.984,0.0,0.0,1.0,0.879062114356232,0.0,0.0,0.5
0.985,0.0,0.0,1.0,0.879062114356232,0.0,0.0,0.5
0.986,0.0,0.0,1.0,0.879062114356232,0.0,0.0,0.5
0.987,0.0,0.0,1.0,0.879062114356232,0.0,0.0,0.5
0.988,0.0,0.0,1.0,0.879062114356232,0.0,0.0,0.5
0.989,0.0,0.0,1.0,0.879062114356232,0.0,0.0,0.5
0.99,0.0,0.0,1.0,0.879062114356232,0.0,0.0,0.5
0.991,0.0,0.0,1.0,0.879062114356232,0.0,0.0,0.5
0.992,0.0,0.0,1.0,0.879062114356232,0.0,0.0,0.5
0.993,0.0,0.0,1.0,0.879062114356232,0.0,0.0,0.5
0.994,0.0,0.0,1.0,0.879062114356232,0.0,0.0,0.5
0.995,0.0,0.0,1.0,0.879062114356232,0.0,0.0,0.5
0.996,0.0,0.0,1.0,0.879062114356232,0.0,0.0,0.5
0.997,0.0,0.0,1.0,0.879062114356232,0.0,0.0,0.5
0.998,0.0,0.0,1.0,0.879062114356232,0.0,0.0,0.5
0.999,0.0,0.0,1.0,0.879062114356232,0.0,0.0,0.5
1.0,0.0,0.0,1.0,0.879062114356232,0.0,0.0,0.5
