id,label,length
b82fa6f6043cde82dce0eb22a2d95c174ba4adb4,1,74
b64a3a015bd232bf256e6b50fde91fe4e01b3a55,1,72
7323ba6e2fc96e54733a8f2966ad6fd4dc03390a,1,72
4db2f84ad34193ef234e02dbfee949d85bdedbbf,1,355
8be065dc786cd986202fb392e3d41a5e861969ce,1,173
1ad31743ef8cd662d75c64cefee863d4ed0a2ccf,1,113
b174a4116b7b650653c4f2b5e1fc82f24e8098b6,1,295
1c6a212ede270d11e42a9dd27f61d71d60302be9,1,192
fb4748005ebcd2ddc64f04775f6c43db028caeaf,1,74
85b03f54f3563d93c8fba8e0c454c81999ddd1b7,1,114
1bc3a2040f5af5f7b5ceb730435b5a348704bc4e,1,118
2253bef58c24d661decc100a367385b10fed341e,1,241
85de5bc2a4c0fc5547564a17444fd429839b50dd,1,83
f1cb6141b6ba5854bb9a61e822c14ba8523f8db6,1,91
d461dfc2b9b006dc4d9131bc8e493cc56fe603b4,1,82
be295b8e5785f01885ec580ba3a79fe6f8fa738c,1,109
925f4c1d446519a03453f9e6d72cce07256d6d0b,1,115
a5296267e32d69d52f4ce10f84110fa85c48c342,1,190
b99e0a21a7db35c1581aaad4a19d3bc28f726d2b,1,216
ba3e4604c1554a5cb14179b539eb26b42eb54c6f,1,155
dbda7de1fda0dea72f388df9e44512a7911adee6,1,290
6e65c8dc8a18fa973aa200be41646b20324c9d03,1,178
b110ab9a6e9e906bf782b677a1eac49a75956393,1,118
318a573293bfc9cf8e06bfa6647c44702ac72433,1,207
4e15d7fa049c01f835205e1e45f6c683fb800da0,1,190
60ce30676bcd186548d28f1ab928e70c5048702c,1,52
af0b1d59ad4a8148a879289ed9f061f63458a5dc,1,103
16bc279715c0416006d9104c228b3dabc31ee372,1,165
f70be7a7ae7f3d8e4f2ee9e201ec2b0cc91d06c9,1,96
e84b8e2ac37f0c7f8e1e3b77a231651b95043e76,1,115
6caa036b1f66f15f8e19c39ef7348adb22e6eaa4,1,144
ad65066a3f1c205217f5f98f2ba6ebafe8a5f9b1,1,205
96c64de86f2b9138a89d0eb29153a61d32337fed,1,95
a042aadf08e3a7da2f46a16ad34871157ff96264,1,242
972c8116b7050ae2f40764586d85b4404351f3b4,1,163
67630fd188aeba6819cf9b4f7ace63386e56e7d9,1,232
b70e63a7c4f753197f60c7c0e322298944192468,1,132
089428a9542afe05747c827961d72417ba1d263a,1,220
c3143386be2850dfb056367697331ae5dc857284,1,85
473102b5cb736801e3017829215fb8f0947b5cd7,1,113
2afbd58ca4417d29191e0f0f428c83b08cf0179c,1,102
2506ade5ec3ea74afea0601e12f121d2cc8021c9,1,115
fab93c0577c26213e2c26cb9627c90271504523f,1,108
8ec6a588ff268af928352b0ada1a60081ec119cb,1,70
0ccab3169bd41371a013cc0f934a818ab36a014a,1,113
e3455ea194cb756df68906ba1bd0ee99ff090001,1,54
65633cef644faf3f7f7df3814eb566213e49be0d,1,119
df2d066a69d70b9f5a46df6c49784fd37d3d6a68,1,138
9d619130f306646d4cc7eecdad267fe9dde5c822,1,131
becdd1851b1fdaa618605c6407292ff25bc9dc77,1,333
61e81f34d976da6874a787a998b3f27cb2b6eb60,1,224
d5172b122fb65a0ffe1bd3ebd7db59f704420b83,1,179
b1455799a085c130c55a3272131d0cc888347ed7,1,289
5ebc7b1812533d6408ffd82d52beea6f79670c03,1,73
985bcb89bc209e82468efc3800722625003c14b2,1,230
cd025a36a77d50e9b88eda26f82cecf1e00865e3,1,358
529a38004d7d90a961ade397259b7f6a4d93c2a6,1,430
a3be3b55e53263e3978f1a2b63233a2cce618932,1,141
02b2bd9e81fe2c39a78d5f664ea32ec604c3bc99,1,386
e1f7f2d72b78778f84967104c4d1c5c9a868bf88,1,316
66fa01cd0b715be24a80a1a930b23583c5de1cae,1,709
1ccbed307283b427f441f4864f5bf90d490fb1db,1,145
39f82ba426b4861edcea956622e98ec05521e2cc,1,126
34ac9ea7908444695b87df3e6c9c98a01ba42592,1,214
fc6245361c6da22416e2759db2c4daf2102b9e67,1,232
8a15328c463fdca5c3d98bd3d22771fdf0dcd169,1,157
1a07a37962e7bb451443a32636d897a38c9458d8,1,542
15369d17ded6e8a42ce9d021c729ff49f6d355c3,1,165
8318cf5232b20f9223ac8562853bb03b93720763,1,167
1dcd268f7ccb2294d24a354b8bd644c19f9d31c3,1,290
01a557947d067840fbf82ede666d3ee91b20450b,1,157
578bfca228959cafe57cf0fe089a83393ecb986b,1,178
c0c97641e925257e54ab2e482ab753f2148beae7,1,117
120cf129ef23f5a50b62fba2150d36dd6eaf9c06,1,87
8ac270d5174be4f23fcf77a0f84719d7c72be827,1,246
6d6005580aaf2d0f5cfbacd7bfbce6f30971f3a4,1,68
aa49bc4f0abacff0d6449773962f8893b58ec36d,1,82
533b84c8b5276938d4146c9d69cab70b418ce324,1,137
a6f624c872af85eb5648e79b8dff340ead031f08,1,348
3a104fb805c65e28dd264d5713614c00dd090249,1,351
d80b6b7d67e4e1e713dff7747789117478d20390,1,163
1f23ca25baba0b510d855c8633c42e949347992f,1,244
656e0a25920bfdf994663fb3faf8d6c8412c51af,1,128
ae7e5094acaea0a3a22468ffddc69c6062cddad4,1,299
abe54aab5fa5486c9a0619b07d213e184a45c293,1,231
bfb9fa0b1ec3bcb27007bdb12e9b290731fcfcdb,1,189
1b766fa09763b8db184c4acbd88bdf1b7ba105a9,1,110
5e795cc86955b936daa05e44525b500cb973e230,1,268
b70752e710d4fa9afa4e2e04234e766c995ca725,1,384
cb3502bb9bf70f590b46d5a7f087caac0853245f,1,102
2ad80c988cca938e4403dd04c93a24da782c33bb,1,388
f14ce962d0963fc918ae6ab71b6cd9866236c0ba,1,308
dd96087058ec3d35500a208683205d30f57fb4aa,1,112
9cbdbb11a159f3a67a84f61e45e758c02da16827,1,202
9f6a996854c165d51c32041d64516bd71ee746ef,1,327
18747411de6668351ccd0da529114da83d11f07d,1,139
fb95cb95b62c08eff64b86505a168298e77e6334,1,110
ecb8a8ce9f1632ddad280bf256f5c2676c1af21c,1,230
9edc6174f8a3480504a52c97a78e89bd0d20d0a8,1,245
91631744bf5649dfe231bbec86ec35d3b91959c8,1,177
e33406703270aa77ba8ff9b715ee8f9b691f4cc0,1,145
1c9860b0f53899a28e043b3273ae2288635114f3,1,140
9607943b7fa90b1bcb2a039debea5740d3fe3276,1,140
5b0a5c46a4a061f6a1ae0cbb8de37ec524c96779,1,191
2ea3e8a412dfe8175394620c7fcd0781ce66c0e0,1,78
b1dff415000c7ef99a4f088ebff3bd4ae7904c3c,1,142
86626e8036f48e1aae248ab3d3b87d2dde7048d5,1,173
a1157e6f96d58f927b3a522f92056bb20ad6916c,1,258
ea9a3d9abb4ff6b6bd4e6289e758b420ce9997bb,1,204
1fd3dc8ffd21c986b569e842d65cf4b13b84efab,1,153
cd48b7bda7efadffd65f60cf2d9afe748d3d1d76,1,293
6b9e2aeebfaa495910d3d75d62979279e4712d5f,1,285
38f27672097bb607b3f48afaf1afb298195a5a75,1,188
a8b0e6f854646ae39715339474db16db22542b69,1,148
c3628d055b9205e6011d58cd0b534ec8eab64b0e,1,161
9a30f880f584d400107f15a851fddd13e9e54cf8,1,229
63409d2f270bedbc9576672da7ee1784441785da,1,197
b94753755f36404c7ff5e9178253b439b0fd43f5,1,179
1800d7ce2450267390c6ba3d4b027b78818babb1,1,132
e886af51b7518993664d157c07795ad6071c4d28,1,189
f53f8bae06afdeb1d25864518e9225b2a1d5e404,1,368
a06a006ccafead2adf3362f6e98059c3f56ad2d8,1,392
bf05cd1c80a7230a19bf9545a44105a0e4672b0b,1,105
2925250ac91cf454da62d4b259a11921c36984c2,1,156
a9894f6221ec8bad37e7aecc2f3f0d5b6e47ba7d,1,235
2a3bbf76bc7695cd5ec48f49725e93630098d420,1,224
145c123de33b5036c8ca11965f8b789e6026edf9,1,213
f409d882b0e3a32b0a1adf70e40d97557e6b9cd6,1,236
39da31db253f77df61afbc00ca5e31e696ce847c,1,290
d407bbf16d4b63e603ec4e5f4d41fb0888aab445,1,147
3b7d8d7c95b58c9b9c8ee0b7e21154d52e68d28b,1,274
27f3662e5170f32918217a44251c1d5dae1b2b9f,1,208
5a6e41a2d372bd0bf4b2d28ce8eb68dafae10386,1,149
ead56fdbdba8d282940bbeb8d8fa9d2b16bc764b,1,191
44803d36a9b99d64b709967db257962484c0659c,1,305
9cd2e77a608f635d366103fe793fbdc2289f9b17,1,589
aaaa0b1a70262583f93c0fe3b6a68a95af7c023b,1,116
e278d6b74a60ef28adaf6bf36d70076a6efcac71,1,120
625798a8285b72f57e82f5ce8b9dd2293c1d8dfb,1,104
c652e0496014a36773e34ee34b512cbd9feb2421,1,130
dc08075f7181fcfad4033a312a5324533396e7da,1,578
891cd753ddaa72b0f0fcaa1adb4cb55d9aa7ed2c,1,333
bad4c08e1846834899acf30ad247962185bedbba,1,641
873b29a4e2a68598530853e1cfb402c4291ee5a1,1,162
f6e6bcc5bf46ba59e17757b5ff7f6c9de9acfeb2,1,336
9e516db72c6b87d7f3aeacaa3d7fc137032c3154,1,150
10594d62f0d8a9e6e1f1033a49335d850c504cd3,1,117
bc89cd4a1932e3f2c345642c0b6fee3f3f9d2b0a,1,176
35aed662ea275735b92ede404f294a402a9d4ead,1,166
62f356f27de63170ee3fb6a7d53aa91048dfbfd6,1,150
e49c9ec12c667ab255cc08aa0294ff291602007c,1,220
6fa2c0dfb81b1bceb4244c4a1e384689eb8122d3,1,292
f2dd25d2b93caeb5f0881837d08723c340fc264b,1,88
3c04ba2dec150ee4edb67d5a26c963fb8793e107,1,177
88d426e42948da34a5d810edddcbec3da15f1253,1,118
d4abb026708fec6bcf74751446675768562c7c80,1,122
65331de7d081ea1cecec9441edeefdaf0c456e4a,1,63
ec041876d841c35f42e5b4754e255a40599309b9,1,121
57e06e534019ccf208a4a713798890788ff27de7,1,95
3bfbbe6aeeb47727192184583c59c375745fc1e2,1,203
19ffe10dbb44ab9a21f1d4c26645c60759c55667,1,144
25b0585d31e264c762ee983797fc62b7d3d07b58,1,205
e49191d9c75407a41a8e354398a28d3034a56379,1,131
194393daaca8adf3c00c8570109275bbcc5b6e67,1,250
d7d72929e317addf4d2f9ec822cc0b58e641d34f,1,125
6ee7668d365de7c20dadb5027444dd32eed918b4,1,248
a37eaee63ed1d7cb8d961e2cf4dcc6f97065db09,1,182
9882a8ae0ac1185385394ff00c1c4bca85687a65,1,366
760869419410cf5206579d9d57e05177ef6bf9ea,1,251
4d38599dddacc9dba74e6f4d0725cc44cbc0d85b,1,181
b3c2cdca165de622a61e3d5ee6200f4d41693d83,1,141
a1525abd4b7d198a390b5331cac123dad12bd3fa,1,160
cc3c26249563a40c6b48b26facbc897d408dc29c,1,200
9bede7aa1993db45187be82dbc41addf21b7e108,1,196
52bc0a71f50b846e273e38af15c9a64150d3e2f7,1,164
9c0790b808ee45470a9a19d1f216461ac0a3e6f6,1,905
b86d65ccd805c00477d885cd8b4598cfdc0bdf0f,1,140
cf7329fe8ad1f755388e7fcae85675ace30d131a,1,224
331cfc0d5edcf2b9c1d4eb53a6a913f3e663e952,1,105
563ebfbc1db6e1862aa8cc4b2d59e0fcc91b2dc3,1,182
f2c94fe304686981b3ecf36b627ff09e5852a5c5,1,180
04457b25e9cc7d04b098c2dc42d9b5d84fab723a,1,149
4dd05be32c3655203c1b98e19088dedc617a96f5,1,122
52b199b7e8488d0861f97f47c58ba1aebce9cade,1,145
91c8ed60aa9b5348c0469a9fff6d35f01b13b6cc,1,584
974422b6fcafdd84e62103c359015d90c3c8a5bf,1,115
1a4581320c91a8177e57ca3282af238c33057eda,1,311
f915477b4c18bcaaa5534d44eb96b56ff29cfd28,1,187
608a0cf0d2e8416b8d7cd2b2f1094703650e295a,1,311
255c0533e50f505a280485b8725fa7b0e9b139b2,1,116
f2fa320f8a463bd75c76d8b64fab65914751767c,1,148
9d0909b77d8364de892a324eed01b19455581d6c,1,199
3501cf7533c9ce550956350e2dd45fe023c1fc53,1,103
24974e7337dda85ad6c2b058e51493e6ceb67292,1,198
235d3b54bfdd36cab2d8ffc1557e8d8707114cdd,1,110
2f374c234d6d69f177edca3c2b0b45186b8b50e0,1,654
ab0a5bfb5a421301a52f0436ff5bc4b8ca310840,1,423
36b95e689d41ff198fb7490e3f529f8d146edd41,1,1222
c617b402c4974201e23e4ba8b3161f2d70831e72,1,174
2460a98738c70db0a1aae4629c8a05a929f597ce,1,340
9c205c14abbe362b9b1a76cdc5f31debc22ba882,1,321
6dcfcc5e88e3b5270ab0e9ca4b9ddffa3b9927fa,1,393
fd4929c579ac919d4d86e6487b5a0b3c2b9fc9bf,1,153
45a5b30dd881e3b65b90edcd6e51c6e18086b586,1,208
c85afa9b1e56eff48b4a933b6a254048e7a8c045,1,118
7bbbb6326ff41c36405401d9ef790a23c5b95e74,1,401
95e2afbf1ae7ea372bae180b9c679ea48eb2f184,1,122
67c45546ac4eadf6c91d560b5034990c86bf5a51,1,279
b47b62e943c731443b4414090fdfaa05289d5f7e,1,152
bf619cb75299ce8e28023a427584420a9277f895,1,228
0d1ee19b1d1b674f53088662d142f3d96d72243a,1,431
bc8b4d77b5eeecb3b5bd9b4d7782733198b17c26,1,203
db21a5e1e5e1a50870b729326ea9e7d7783ac469,1,146
4c02355a1c06af64fe940c406d98587363dc0c24,1,167
a0a3c4415199e30509c4af87a5fb5d0b9c455a99,1,768
1621a2e11fda84f41c4e0052f66c51fada417076,1,204
35ef42cac1a33076775edf2c161e95339250c682,1,179
65b156d9fa3d1395e623b680c2556346e3e6e086,1,100
cf6a5a88ed781806118fec222017226e2356c4b3,1,456
a3d2a1a0d58fa42bcc444a09d8770ca5bf9db9a4,1,114
baf08eec39775cd10b56d1eca2c552dfee84ed82,1,599
00db7116c7aeed93e2709ec27b4e6a32e04d4a9e,1,618
f3bfb0d5421d39c9b00aa6e7fdd63a640456cf07,1,121
7ea55132c42298a070e5a5d4b6c454ab1637e501,1,144
da7f2e773282532114ac2b20a853ac5850fb7922,1,291
7ef2dfb63e3adab514a7fc30e22eddc17da7aab7,1,138
8eb7b65b12b6b70b7a07aadb55e87d5c2e22a027,1,135
194af2ac41ce05006754bfc9f6a12948d3575b89,1,479
75439c5b05dc53cf3943337787ea954e8d2d8b83,1,125
c728f9d64cbc859723642c3497a489aa8140f369,1,450
78b18928e6d667ecd80649326f5be7241c75340a,1,314
8f29d1a91b55359bc3f65fab18e9322d2e027c18,1,220
8e199c84aff4b3a6cad25978a39c06ed9303bfa4,1,123
977f84d92a25765959e81a16e0aa4b621aabbd29,1,227
e0378bdcd9e354f83a4f95bc58c5662ae46e2d68,1,210
0d71c4fc7d6688f893952e400089d74ed0b2c6fe,1,106
4c621d4ece54677cbe6c55bd6ecf292d1b47e1cf,1,121
7f62b9f956794819afb3b83e59359bdaea94ad80,1,185
15a139ec5c71e5ed0233003bb612d7120facb13e,1,188
56ce72bc3495c39cb7f7ff5e32464f9c48f6cd6a,1,135
593f901ba8d77f3c6682472ae6ae44fe7c954e6f,1,228
ad21f31e1d32aca92c68bbb8848ece108a442071,1,232
6af8ea068c32d725d872ccb3c39e055399b4e097,1,215
8df5f7ea68e252165bd17e05b70b4f14921a9860,1,162
5aa93826a6b87a9cc9af7f0525ae78e74c343fcf,1,96
889ca2dffea52f9760a1561c0d4731212e2cdfc4,1,513
03854a600f3c969d64521cd211f2a14a0943bb54,1,114
3b6588591e723d9768405748cfc867a0038976e9,1,422
2b0dedbf845ce1f59c4b2438ef3039a0e0b00f75,1,161
1daa7c624734a9318c640b9a4899862169debace,1,316
b9c70c45b38864b6bd72d6563036648ce0871acc,1,155
cc0ee1d9790c9fe89fc1f42f945876a808b2c376,1,344
4e9d874aaab4ec83f3067bda2353b611752d5c08,1,225
4fed57056cb4e6ca5a3d8b9a67570c76d42ff408,1,135
fa178a53ee8090e0a07d9ca496828f64f008b8f2,1,145
63f06f25da730d9ee55d60e9ac01467069200e8f,1,177
268bd9c6925edde2411efeefbb35fff200d93c72,1,118
12dccde0eb8f72ba3c7002763b0312df23b91f42,1,235
e58210341149e1d982aace540f1878ca7eec64f3,1,869
e5f2a49193f06364405750a389c6e207fa6a1f23,1,169
8bf21d77a3003248bdfe501550d4c60d0f6e05ed,1,556
c0b97b132027df9ba67ac1385477e9179d7b792a,1,237
8724dce0b2414a2ebb05eb3cb4d3fffa87342055,1,579
412266a07b10e96b59a88fd60e32140a53b8fa43,1,118
7273641911e93014ed49021691e0c073a2e1b6d4,1,150
6ec5db251904378a80cb7caf5567f26431cb7441,1,126
e7893b15e4a65560093d7e6802ea3335df3da242,1,241
6e84faf25c3e110cf32802fd82f2b143e934aeea,1,529
91961e9330fdf7b3119ecb53001be683cc702b03,1,237
f5b160af5d5a9ef4e3cda5d0857d891e2bbf9a82,1,147
6b77ceb269867385cad4ab32b3fb563bf5504796,1,417
2d8d29761466b2e3439959a1379964c8641d87e3,1,144
8c4e7d444056efc7f39b3be2c5729b0fd6d3ae91,1,131
0812d64ce302450427a9cd0b9ba5de5c90eeaf84,1,702
037710ba3f86d9be7dfdc8c1db6317fc5f1acdec,1,1155
2dacb2f36598c465a7827f47150dfebe73132790,1,160
5dffe763f5748bd22f2940aec18041c9c6ee4f95,1,124
2e166d813fc073d18e6a95bcd693305915913c74,1,103
fa06fd4e190c756fb7be6b1a7464ed3ade751277,1,157
cb31182a0839e4efae9520f05e068aff01f69dec,1,360
025125d7b8d64831a2d5b5243428c941873b842e,1,368
9bda720ff5db60a6bdf5ffefd7c75f28c6c88b97,1,110
ed370b16897ea63a19fb6a4ce242481340941b38,1,122
0cbbeaa3841e712cd6e006b8fcd3decc6f5302a0,1,146
dc44a66f3b3f0f11120e290031323ded281ff9ab,1,114
a470e31456a7413a28adaa6de83a8ef288961939,1,126
a9cb7671289daa16b9f632d4df8ebfafb301ee00,1,493
48438732f008103f8698e1ce2b0931d0c72741ec,1,118
2b035bb719a57639f2ee2aafa25fa30a88293a62,1,128
ed6ebc7f6c347e8a71cdf0f3e0943bba5d05dbf3,1,237
d32e801841f14900f582385b2e52cfbe615b1432,1,153
c42e0493a3ab2735954501871e8025a0ac718d83,1,124
6e23c2ab30ad6fbcb128f052dbe3ab058c027da2,1,191
5b981cadc60c27a33e9b5e448cb92c63d2181f7e,1,102
7dbc1b6dbab30b8b2ac610a2e7bd95490e227b7a,1,504
8a3fc17b9e21fb72963972337fecf9d7d95c926c,1,227
a027055ba945d07c00df209f1ec0e36afc8a39b6,1,930
625898762cd5bc31ae1578f9a9c4a646c4ed879f,1,842
e543266d3bc6d0500532cb4eef448e1d5c74f8c0,1,255
201a7226421015b751338a683f987d6edefccffb,1,232
de16dc036461b6dab9ce59618437cac05615f9d9,1,548
dee55a3119c954e9bbd06a49a8b160104902827e,1,113
95a021ed8f733e4fa5d0f35f3b6b36687db8117e,1,1353
02a71b2846ea0ad24430694ee3fc0cf7bb6c6f60,1,156
1db8384ae7528933d87473ce731586cf3005813a,1,707
99cf713a4e67fd11276d30a87c672d8e5ac5b822,1,1009
5982facd7a7368e419c6247a58d1c11cf00b8dfb,1,102
ff86be2c69ae1c5aa6aa9048120e276d4c22b50f,1,315
71737f22637ecadf17605a64a3bda5455ca30f2d,1,160
735e5a48d38c1d7297128f4900e5d12aedffe73f,1,362
59b9d5787416c8dfad5a34e03216f22954d09943,1,1491
965fc74fe9a3e8d15b06f80da9d318a8d2a5b9de,1,529
82f2d13bceb8b626dfbe0087603e273f2d1c3c3b,1,1513
da7d9b126c58331f5b3621963e70396af2b25293,1,159
8f48ec489b5a491f3e883ce21b132156f71d68a2,1,167
a5efd544156253ee96c960eb26cb31214c6a9bdc,1,132
af89b668ca41b5787113266bb32649d7c0928477,1,104
2cddc5580842c48106f8d4e80ac949ba7a7f90d9,1,150
c72c68842dc8c4b0008cb29e52ec181141adafc1,1,114
695252d1f6f216695e791b2df621d7535e59c5cc,1,114
f112f93f54af6dbe3e108c3e59368cdc908f4746,1,183
9a5c02a9d22dfbc0928bbb10021ee5b84d99d23e,1,162
2633f9806b5e0542ae1adcc0431ab25eb466265b,1,481
5ec34c77f8ceb27a446210681ee421e04bfe803c,1,238
df2c6a4c4d9efa59dc730b4a430ca3d47bd0b3a7,1,1181
a2162b0463da23eb3c82210fac5d5d9ffd8be293,1,243
45cc7d4299f751d7fb06e24441b2f4ee0316246f,1,137
cc9162fb31204d9f83208606027429d38f714648,1,235
8af1b03ce33a88de9f210a0a2c5b42a643cdf5d7,1,120
a5c3b1973b9b75d542bc38347940a10c2266e741,1,151
9675b7c252a86d70997ad43363bf30fe09ebfb00,1,124
05c906b532299f860ac9dc2777d04023af61c6ec,1,101
d961ec667e6321dfa32592cf3742676c14dfcbfa,1,76
6f1b68672c3497b6b3aa89e15679368d46ced200,1,264
3dadd3ef1eee6d6a3b58364268c8c47209bb0d01,1,159
b372d5ed11ce636b6fcef9ce72b8b3f9c892924b,1,176
5604a318db2da393242d58961064b1938d616351,1,128
4e11bb4b4cadd4b7e5514ba5afa137d4a96cd209,1,113
aaeac5648f6e47ec033c058b4702999edad4fb1d,1,138
b93a43a90f0ad0155e50dd35a4aa92dd6fd33154,1,125
ceac6e3f2dc5ea7b891562b454e5ff061befb5d2,1,103
1f7635cb0a69ac09228c8fe57b8f9ecca9a480f3,1,100
99453cb077ebf9b8f9095def2ae79583c155169e,1,109
63ee6973df1583f19eee49b7aa81083e275b0eea,1,139
2639f145f8b4c408c56c41160b43c6f07fc192e9,1,101
c3064a93c67da78bfecd878b0be5655a38bc123c,1,167
0fb14573517df5e7940f619702a81ae97fbb6bff,1,183
b5296b3472e5acbd106d87d6864b326eec7f1e74,1,112
3b0bbd235676a800846fb04c2b4f833442f1896d,1,188
2fd30e678b03301396d2d422fc8ead8db2aca20f,1,125
137790f986681d854d13f9790f3fab202a11beac,1,147
eae5ed81d885df8ce82cde508ac7c9949568de23,1,109
2d2ef15430c3bd82e4b68d453e50932805ae50b7,1,129
dedb76408a5e549d621a62e0f87249df8f48940e,1,175
c5722446b9666f65f3eb6857112a3b080bf602d5,1,384
eec8bd14bb70b448b1c2cf8c98d04d9667f7ca97,1,159
465339da661ca0e056681f5f077f2415c7242796,1,148
1bf905c0074d229022d2cd4e7e07307c9ca4ad29,1,114
b6a54620c3f52130d1def7ebb98db2d1bdaf1fed,1,92
020bcc9cef6c6ba772ee0cd116a120ff662ccca6,1,197
1c259a5e213e089fc0696f559c856f1e20198a2d,1,102
bba9907a128ffd78a357c28110c333b616ae434a,1,197
f3a4940545e80db336310d38e2ab58d5572da567,1,517
045e8d7772ddf35927d71deef2640bfb0e1d68bc,1,352
77db151823d0851ee20223a84469a73d7fcfaec1,1,451
18d53572c02dd9cc7a27b8e1cafc3e041fc0025e,1,720
2d8d3a4dfcc39e6100423967c5288524baf57a19,1,131
7715422608585956a4993027d0512f93901c3c14,1,273
d088d7c84f9d1d72f0e1afb3cec3a8d0f8cb1b7a,1,274
ced89b315ca782020e38fdf8509ea2fb9c34a64a,1,160
bf1ada54c658a9f525af4edce5365bfd7c566c11,1,306
794c3ad20382122b84dce1296fea5b93c08ad0b4,1,506
0df0261756fc460c21e84b4339a7fdeeb738f4ef,1,122
a059e2bcf58b6b36cf4e25ae63b8d4bef71d3636,1,278
986efae1e542de80e863e4a09d7cde6f4a40a68b,1,261
0d4839922d1b70eaa67d3402f2ccaa0677ddd704,1,104
a1d21ba77c91bea7b5bc7e90e219076f5d017877,1,138
62bcdf42909e065f14065c4b783d1da4e0fae4a7,1,476
a16a37f5534b9f1e3cf66e28ccb85b7788ae7b8e,1,260
508c1df86600e13eb7c65cdb919527b8a529e381,1,187
2e3dacdc2731f7789cd7b43d1a730e8d05c308ec,1,119
ddbdbecf821bbbd09dcd9f9597f45f239e315a34,1,134
f5b8a0b78ce5bec851f15b89aed7cad5db243a4f,1,161
e2938b42f3e3307043b4b60532a60d7150e7ebde,1,285
cf663811334441a77b796c2c5bbb5341044cffca,1,349
d40a206d616a93b1f39e8a3d46fdce10a505da30,1,760
933ed1dc698d766b0456f9b04bffe08a42b3aa2b,1,519
dfa53a63bd4d4d083fe70fc367efcd9f9eb85981,1,502
df716efdcb2e5c90db464f57323810e0fe815b8b,1,820
c183015f712b01a602c8616aecf9dc711baff26c,1,754
f421a39348cab97631cab9bf21d8d7e9cdd8ea11,1,582
7ec7d319275d1d85c819a3403829740f410e4a14,1,126
b8a5aa0ab32b8a6468bad683e3bf2bf836eee0b2,1,355
6ea2763456f38572df587e388d1f7bfb09f7ed33,1,130
241d2f5658516a31aa3f78615ebcc2396f36cb3c,1,241
79db3c35ee2269c3d6ee11307d63326bf576e8ea,1,142
bb5f6eeaf64ac04f3c19c2833da90a71e8d8ba6f,1,163
ffa14531c2fab26fe97b9c0d47275f2ffa761b18,1,292
132e10ec4c27fdf7d5e97b8bb372dde9f403d412,1,154
ab25e3c73ecfa8655659407a052d7836b50a4b0d,1,371
f106a72adc6544a5c5011453279c440e03fa1f87,1,239
1cef4a9188d7b61282e34e1f06388abeee86d881,1,621
f87b0bdc47af7d82607f2846b1b10335deffd426,1,735
b9fe57feb8fb2aa759abd0d0994052b843bbcaa7,1,391
e1df292924fd8552b2b70c447e568597c0212354,1,287
16285b066038e70279cabd7f530ec1208bbcf839,1,466
4205c456a9b4d49ce213f3a8f5907ea7bf2cd5b3,1,198
2c532d0da17fcd815e9ff8ec2967591baea588a2,1,140
492fc8a3444ed20acd10978dd77ea28260725ede,1,100
52305aa1d2388216c733c81a51a2e1c9c6949349,1,446
87e6d1569a3708775ac2d46ae841ea95e8d8f77b,1,671
861991bb8eaa2d5f95eb29c619a9ef2ee1734878,1,109
d6958a559dbf689e8f7317274fb21c263ebf88ff,1,280
3e77a367a36ca2130b244c175a89f4aa9daad496,1,232
d3ba6b0cc6b2601e9c23a705e0bc049b7a7a465b,1,484
22cc36f8e472e0c81b1721e9698a77b0c71fc485,1,472
7ede20e834ec67402eb8d0f0895ad103c6df8d10,1,226
0cfe837c8dcedbebd6f611bdb6c30dcc768f7bf3,1,154
c00f8b0ecc41f40dde3177b837e9aa80a6eac28e,1,171
3e5435164ce70c2d6a7b36e693380dac3e2b8c4d,1,652
ac0aecd3d2ed3ced3b22fd77e02bfaea476dd4b1,1,169
7fba671b72e9edf24ec25863e370f321cbcc2e67,1,147
dd831fde28cc143b58f8cb844904cbb28bef08fa,1,491
3d3180a15f73d139b6f4c0da738b465f34cabdcb,1,531
4bfa2978c8a77c422d06026e69327a64c741994b,1,97
6fc5d867cd1faa2c9419d81746c4a77ef9b48897,1,135
57d478b8d796a01b30b5a0382f5f46c39dd85535,1,132
b7479635f51d02c5b32380123e2404c3fdec8ff3,1,146
8077c19604220ec751e15b910b91a64287769714,1,514
1c8b76274ad64cec18746d85e76831f3b7cdef46,1,814
cbf5eed3ed17a95cc1506fa2e3f1b392d02b4659,1,83
9a28457cbf8dd5835cf9708fc3d15315bc64ceb5,1,260
a1c278991374513b626527f8f15e275736ea7376,1,187
e95dbb29379c4bb63387fcb36390c261a07a16d7,1,148
713bd702236dd23d9c0740fcf5039739d07ad77f,1,150
2aa46c25c60daa48adaaca642889fa87c484c6f2,1,164
ed698e7b6a30a8583350cbbd41399461c0cd1923,1,77
b41d9b80524f1b2b1ba539361f80c6e28a9863a1,1,467
141cc744040def5d8b795fac02c08ad938a18f66,1,145
a9a1b3b389b4fcf2df57cfae72bbfa35b57bdbbc,1,322
b646c685ffe30bf7c9725bf2477a35cc214b8e66,1,400
d2af9d22bc00db730f6eda258a2053b3bdf245ee,1,243
f3441539c57f51fff55be3a37c6ca750784d0f78,1,136
1bb672d166639c0d9034dd048c54325f139505f2,1,198
6d13ed3fee7bbabb5f7000943b0972f8297695bd,1,85
022e0df73256778c3efc436142ef72d0b6afae29,1,376
7f6452f6be1ee92aef068bb080b28584c9e6506a,1,144
cd81b4743b999e1b2297227a8704d412c9567203,1,131
aa26692ec6a462c2d72b97811539ae76801bbac2,1,514
968a97a4c27a83c456999ae8410c4ea7b1475715,1,229
bc90195dda96a8a32b2d93dd2a75d30aba1fc454,1,213
f145e78e0a5c3de62fd5d5040f83bcbbc195705f,1,202
4b71c0883842b92bfe93082428378dae599fc463,1,118
cb8502c59956eaec73fa96b58155aeb0fef1e7ed,1,95
e9c98e3de1f4ed81cc54eb016638ad0b12d4dc1d,1,143
4765b533268a79c17a34102872f0055b334a9e3d,1,212
54315044ffc566786d203a3ed99b02bcf77e3320,1,137
28a2c16feb4a816402ec9105041553eadf702347,1,129
3280463ee6906cad1caa418bb37acd9415514726,1,190
bb2aae98f3cd72750ff49a1c397c00dd25066d56,1,115
96fe34c3e2ca2e6817d9a14d1049c737fdf8d540,1,190
9bc6b450bed440a6b8778f4fc6e7b1238ffe6e48,1,177
84ac7cfd9b9eeb70270fc1d58269c9f6d6ce2661,1,204
0f79d40f98c5af3becf07a5cc7f1b06e1398589c,1,314
223bc20ec433ad03a3868db204fb6c39d8502ff0,1,301
3700dbdafd741765fdc84999d261d890decd4548,1,308
d39eb02f504c0ef2be8fdaf8ba8764c1eded8525,1,242
bab74ef513308773b0cf3054d748226162ccc2eb,1,185
b86e29e6c48fe24a2a192dc05c922527389528ad,1,185
3aee809d2c770dbb14ca17f9e0d314b075e44a9b,1,238
e84af79a26653360c3a14b0abafc727b1bc4dd2d,1,118
ee8e2b3de6f18337a9d7ce2312b5a8eb8b2a9726,1,166
71fcd8a1146d372e3f1a015b4a51bb2e4ec95a56,1,120
d00cd56d7185d3718af2eb4cf16aa1cd079951f1,1,133
58f83413cfd7c2ff91f075686b8e7904cc2350dc,1,140
cb0d8c03df01f0edd0cae7a3a03091ff4e6420e4,1,175
32e3132de746a39828a20afd3a02a90fc7691aeb,1,488
750de881b8975a3e0fd5ab897715a522a604c313,1,201
1b9f1e003d1cff60d39ff00789a27456363466a7,1,91
4aa583cdcc8391106c672326e6bd8a12d768784d,1,137
35db018e21a08e07f07fb3e7d27539b34f640c91,1,150
228337c3c3fe1cd722cb925a933fda93d8175279,1,673
31698657415257c919d44826e77958dd5ed8fa48,1,283
4ea3ec3678e56ecf61982e2c14630b88d321f59b,1,386
714dcf71b3e700f7a1b901db06a94587994e3699,1,670
98d396af31f46313d6ff65e55b20f28c51d17de4,1,120
2a73a59b1859f31ff3b754391f4e5dd93ca5b428,1,305
5cb52f06162e6cb4db9ba3f6239d1dce8f6f9e89,1,115
a66a70cc1e342d85de880ac023421acb40b15464,1,714
f4c07539beff38905020d963898113cdae3d116c,1,129
dab9d3395d0a641520f618b6c78d40bee5aafa32,1,750
b6fbfc758f9066891f7ad82e9a836cf25559c150,1,201
2ccbca304234ba788791ee8002f4aba0d6bbece6,1,304
94e2dbf7150c5e971ecf0228e6b19285eed88c1f,1,134
789d0f8683b5127a6352102cc57857d473def19f,1,209
f50a0a1b3d173852dbb121dbc3b2f73acb497cdb,1,164
3f28cf7748daf7d45c024f1bd6742f6c015ece77,1,160
ac5c63a3837b27e578ca1cf58fedde58b307005a,1,637
d98f0838a79e4f0c4cb4b2ca74ebdb787b89537e,1,281
9420dbcf6ac70b60e85bccb3e536a8e0527a7641,1,248
58cd59f9619c34294a3690db6ab18a304ad4a6c0,1,153
07290e70e1f63830083aecdc3ae34e6f53f79e11,1,315
feaaa2c1e688de5a326339a313718d8cb0645e91,1,263
ef12b8b694846b526bb05df164318cc3e22b419e,1,175
756e9b3eb42b33b5e5c17f9ef4be1b330294fef3,1,318
ad9ac0eabae21fae09111d5a804ebea0b623d888,1,343
fda859d0e96487bfc8eb227b3cece354ad2abee1,1,172
7153a54f8ce9f80a5bfffdb219797e4b0b67d801,1,120
b5ca6937413a5121423d0781b123369488a8ccc2,1,125
bf91abb912a7461e0cf1acbb0c6130dda6c377df,1,488
642f7dc9ee6be7082105234c21225ebe5b3fb160,1,196
548527c5c3f5cc2be2c847c1b4dd4cfedfb72618,1,144
b0b9d0bed5bc0e6bd2e0063836ab2a5b7580670d,1,450
bf824b767178d92670bd199b7afeb4ae0bd645b9,1,605
a4ac08c10176c7ddca0d69c236eda4fe7960dec6,1,423
fcc074ae33ecfa597effa4891730939d1b8dff18,1,215
9e183e1e42aac5aa9f2fd95658311aa6a5f40584,1,168
2edf938043da049f458c4519aa489b647d986740,1,311
fc89bb7ae09e58223857d7a454245c1201d4f2a5,1,348
725e350770c893c7ee5993b3277f8e6dd05d233d,1,186
65d06d0d98e4dbe624e479232f5dc5d135ec7337,1,356
db3cbf34cbbb4e7aa205710eb3b1546c081b7f59,1,131
f5bb1b570fb9a132410a4e664e9269fafd14e149,1,180
15aa7127979f6b3cce869f43be0b4b8eae103f60,1,135
553c58994bffeed1cf6740b13aee13b831fae41b,1,181
1a0d5efff05c5c23758e07d1049684271e75ed6a,1,127
0ef62b87f2a0e871dd3a2c443ed0b9adc74ba8e1,1,139
252874ee5567906826ee619a993e50253c05f357,1,169
ca1caf213bbbd19c8c7ef52984aab92450681634,1,171
727a9312ad9282b51be04baee4e41cff43580b85,1,167
e50c06300038bfc5450a6f7bc099d75f72e3498d,1,147
4d3368d483db42bf0f76e66dafd1b281c7d01f0b,1,184
a14e0ff8ab3bbfae9bdc3503c872d27fae90217e,1,292
22abfc2b71bf4676d3957511b0777901b914fd81,1,195
89a7922436bd29d2d905d6e392245773df107d1d,1,151
86d8088f0297914fd459fa10f4c7cc89f01e8b8e,1,177
a4350e7c1c9c9e901b457866ecdd0cbf09a99a2a,1,151
8d1b4b0bd117ea722504bd9ada19df82facb98e4,1,290
cf86fc51335e4e441f6a60c76d1c89cdb27f63af,1,161
64e38fdbe853eeccccf8f6b81d2c61edc99df1ad,1,202
8ae32e41ad626d113fc83c0e5406443011e7bf08,1,199
d550e40386e29fccff97a97cc2b758e0dcb16a73,1,260
bd1bf676ec5b5a5a3474b1a4f15cb793fc13890b,1,81
129fb70486970de3a597814ba3975b482fbc4fde,1,121
027b7417970b14da3ee718d366aff329ed607773,1,147
7038e20c037262ac924befdbf78e01d2e5b2085e,1,251
6d91d2da2a59f58714c92f3da932547603afab6d,1,1023
4d12ea26b840d7ecd4719782be5ee96f370884e8,1,338
f60f1a829d8737cb80878b805b610e38355067b5,1,852
53e9617539486c203200cbc46feb3ac50d7ddcfa,1,132
f56d21ef7524aa24cd029c158c82a18aa0dc102a,1,129
a88a8c918819b7981af426417dff55e569897e03,1,132
9dfac306697f12125d68d1465e54da5ee9bd322c,1,140
0940dcb7b67863123ad29290a0f12477c33e10f3,1,171
7e88f43e6f883ba1b17eb422581e365de6381487,1,147
9a3a9755631310ca9130c25174134b5bf72786a0,1,81
00f6cd5e84bb852f18c7f78f309ae477ca2559c0,1,180
7c0a4225a112f52fa7d931c67a1b2a236586aac9,1,171
51fdb5ba56846e0d629119edbcbda856fae00e7e,1,191
092c590487087e0eb63905ee3f673a0851844a08,1,142
b16d7c4d58cf4ff9e3e2bf8cb0be14bd2771d1b0,1,159
f188feef97b22275b274c34c6b602c63cf1bce39,1,117
7ba572c96b4d5591e701f85724a55eb81d6e167e,1,149
96c8cc675624fb7bf3f84858efe6fd0a1ce8f07d,1,226
190a6a9aafe0ad873ffb89f879257d4a3d6e3613,1,155
02e3e75a33ecd577b822706c20e34df38868b9b6,1,219
efadae4d6804e4e88f90b9e00e1b59ed10aba545,1,141
34f20fc287ec7f964fbd61d395f34777df7fcc45,1,364
f8384cbc837a42f634b87417980854a117d7d29c,1,409
7674719f959cce1f7d8a6f61f2645163438e1600,1,239
ce65a21d1da0fd4a2f832d03a56cd2b24233e50b,1,292
0045e4396b2d6c202794dc4b7d111132d8074460,1,758
9bca71d2c230a573ea16fe29e6b056f952993002,1,229
df9ee4971107853eb8216495bad8bea3bd94309d,1,356
06c9d037201447d0c3a25e4e3a7750aa3a01d684,1,364
4e26f5f79fec0be87f1063947a3053c380c2c3cc,1,248
eb7669a3d14c8cd683f62b573da585aee9941a31,1,604
4aa74683d2d4c4e6d743fdc1c8cf82fc2409b721,1,348
4b9b3ab94a5771b0dae74d688831ffb019e1eb7c,1,208
aca83100037c0c7d9b5348ceac7683616e37eeb0,1,416
1fa8bcf80c8932d9c600f51e212c143728335695,1,268
eaf18f7ed021e3213d18247db6ed9dff85f89c86,1,116
66e5291982587ec680b7960579250f1586c19c17,1,202
925155fdb2cf117dfb07975f2ca7c34c0b34f40b,1,121
63c62fcb06b071c32dcc590c334f7918cf4150c9,1,99
95eca6223a35e8aadbb02c598c35e99da21adcc5,1,100
cfe163a76ce57309a3fd90292ee4076f8907da81,1,137
bdb0f497f1bdc8a755ef373a080258f3191a6f5f,1,426
7d838b3925c320826b857ed09e4bfe0ce35b110d,1,486
5f1c0a5a17bea5720171c4a50d071ec2f21e8d6c,1,237
c24020fa82ef162c51107e2bdfd1a43eafbcea5a,1,358
b693acf0a37fd4adf79435ab128f4ec81f40da7c,1,225
57088cd5e475fc2022ddd1359c8230ad2e9383e4,1,789
352434610d8a2b07a25db0788886691e14c83aa6,1,217
988ebf904f692ee0220cd49a8c413a724ed7f188,1,237
9b7e0c2779cc31dcac83df60e7005846dd37de66,1,479
5ba6fd3935f8a2b9ae8fe88eb8107b8246bcb23a,1,119
c459626e40d88cd019f0249b25c564db31605abb,1,363
37086a53c01f238b501b1062ffe9225b11862b89,1,221
a64597f7274afa07ae704586b313b67b7038d186,1,335
f62f1aa5bc1d46392773aa7f896d730952731f58,1,367
2a15b9b31724569eb5ae9907c27d30c431406cca,1,298
3a62c3d1ccac2db03a11f2f3809e3806eaf285eb,1,241
ee3038fc6145533cff094f880d24bb5a7a12fda4,1,385
6cb0b8818ce11135c7d0705e33db342aa10e3ba2,1,101
4b0f976d253cfa513cf06180ec862def64a9abff,1,396
c1b3a6c421cc9525fcf20d23f11243b7f6d41b8b,1,497
4e43e42beb25c1b8f8342e4abad1ab5287fbd3b3,1,389
941d2f148c67702e42b42c9a97847ec21c318c48,1,377
2d9754e6a38933f066eef72cb10fa57473055146,0,129
e41d7f9545932da6f85763689b5112b6cf0a43e2,0,276
770f4753c3dbbaf2853dca14cd14be755385966e,0,673
92f766ef3f726bc77f1e40fa70a8db3b96dd0f94,0,443
2280022e3781941a545f2bc6d658e47fc0ef6bc9,0,300
1f2dca28e7d6f8f72acbc4963142e671eac3724d,0,130
a6312289848c5100f7679209e14bae5d82e5ebe6,0,252
d5df23b6dc356247c5f1899da22df958517c4ecf,0,363
06e1ea5c4b34712c9d197274ea2659a4694d4191,0,264
81a5a5afe9263ccd6b2782ffef9d00979cda5b70,0,493
d1ad248c2e0423a1a0e5abeba1956f4d625ad522,0,182
a4a3c1681c228f62de3af524143546096066b6a2,0,950
38d0b00597f9c07cb0eec13cb4fb479921ea4548,0,111
88525d5754c2c699cb4084d7a1a3dd84a68c79c5,0,483
b471e5a365e11cf4d082bb2b9fe4494822dee8df,0,247
fd4d707d6146d8da8bb99adc2f9f6646b0a1ab79,0,441
5bc517c050f5496866bbfef181a43a12afa1e973,0,486
6463aba286d213e120b68c8c06bbdc988b9bdff8,0,658
209ff2f3d5b508e22f8f50c680817b723bd60078,0,641
a598a30c3ff1d3d13b8dd8ae823cc240d502b64e,0,509
55479164f56f1056a1123d9efd5e693ac9f6f8f0,0,212
d62aaed4d0e417191b7547d29b913bd5ace2f294,0,533
3198460f99083ed2f6fa5377fcfdf4f5841695f6,0,1526
b47476004f2726896bcd45274a83434188015b4e,0,627
a8a2012ca72496e3a3a51cfa0dcab219b19df4c7,0,526
dbccc3f6e56c16c0d626d81b8741c6c0d9af56bb,0,452
7d45e9eacffe09bc2ef53ba99c8cf5acb0451d76,0,519
ecf690f8c1a2d614f028ceb18e588e39afda2056,0,551
20549d6a2f1121ea5c31ca8b817e73824c818137,0,270
cf94330537d6fd2fe1a2aa429d7344706dfcce26,0,674
43bdeead2d693e444266a9af05f90f2589ffa7e5,0,266
f875f876858b82373e0f02229de1674c142b85a9,0,497
e42ee3799f73531257ddeb81ab58b8c1da36616a,0,926
23241ada3ea6ababff66dc772cbaf8d49705186e,0,510
fc124c5e148feec1513355be9c2de52eed6b5f14,0,640
cb6d62349e53e3501460e8cdb4a4684200592efc,0,299
3be5d46dbd9fa17f2bfd013e4cfb69f79d027560,0,371
816577848f6fd08c10b1b38bd87552fbddc9038c,0,340
f0729a9ca1dcd4522a3c0544e3f15cf04729e551,0,673
7bb8268c624811997dc5b05bfb8afe232c2fd973,0,781
880b5211fdd5684053e62789033b355bd4cc1a12,0,486
fe3b9cf517f8fb02e13d22e551b6a89907f4eb85,0,358
a73eb7d84dd69997d301099cf13adb37199f5991,0,162
d109352afcc688cc05b5bb13444dd0c910648892,0,389
a82b56cc6d1c416bb9fa694b7a50701a6dfec14b,0,250
5051347deb1e7b06a61bf067a62264f3bded29b6,0,122
5217d899033a190f1a747a66acf6e169230b3459,0,182
75f73868c6b1fedf2637d9dcf9fac81b7873fad7,0,301
c617632069b0285a329edfeb45051f73bd407826,0,235
930f902e75435024b12db8e73058e7ba8687a4a6,0,561
41acf64880bb2dccb57a8de0f2c6dec702e38bbe,0,333
527fe5d98f954368891d75fd0ca649c7621d90c7,0,110
e18a6cd11fd5937ad9b2e46adde752f3e471d441,0,259
e412c221f210ba37cabf0613a20ff79438f7e266,0,332
b058dd1806fa5012707865baa7677f11f05edc2e,0,180
101491662a826abaf44946b3515e4e054d77cb1d,0,981
a0408f4da3c2d0d5776bcf68bafd335dd0f4a9d0,0,553
f851f5e74b6aa31ce2d59155982d3ce509387503,0,559
8002c2197e10926f3b5c1e1e607a9028def33f7a,0,131
40ab8975a964768ddb9e40e2d9e57877b482d3a3,0,209
bf6b8c9746d00371fbf8efebffe6aea26724f203,0,503
1339e00d716c06d7414d1f4125b84e357b07bdf5,0,468
5b1fc7ad039531e9a535c0b3b5b97591888e5851,0,158
66df419c800019c474a1633b084d9d17133eab90,0,135
7be021a51e05718d70fe56e1f77dd042e5ed1cba,0,141
b24a0524981cca88a4e2f04615890b230fccfa6e,0,459
27bf03c18003e80f5cc62f434aceea21bdc4db9b,0,128
20bc0541dfba850ea88cd155f2c3b0f36dfbdb63,0,292
e424e328fee8fcc1c8b733195e45d9fc7a05d855,0,300
cc65fae8a960acaeaee9d5d25fad5293c4d6d2e7,0,447
32d62e70b307c965ad0c086682fefd0afa43ef06,0,350
0d4cec27af799b0c26e6ab95264961b350f139b0,0,89
220d5cc201d182cf01749d15d0bb0612cca3609b,0,93
805ff8bbe65551764559829786f3c0a41eefc551,0,466
b6d28a18c99ff60b119a565bbeb0f555831cf249,0,250
7a0833e7d627e69750955616394dd9698a6cb15b,0,523
2e7711e1c06e089f6c5b2febafc7400d87573ff5,0,411
bea03f8fdb9d90237ec8c9f5502167c03b4ffcdb,0,145
ed1fdcc4d8d18d798c6c8116a59ebf5bf6ac03dc,0,502
4510a201bf269a3de6506a7daa2103cd0d977379,0,66
a244c67df9484c064dd83e2fb2d3d86ccb55c2d7,0,72
37a86b8d9f801b95114906b03a2c0a9b8c8c62a0,0,633
b1bbc7aaaa12bd3db9a9b6eb7f5120e6ffe3cf0e,0,170
5a78c2669c20c2345d172c57e172c0945a9c544f,0,208
3eb10a8513dd2beff7518cec13e41d5fbf20620f,0,383
50acc4c6b8308f60536084709eb4c2455d9cc521,0,160
91a59f5a3e61f358d5478e194ca926957e774b0d,0,481
5b5ddfdd1f0394a78ca09397bd56e0725764a2fd,0,223
49c1050cdce5b7abdf131701270a9691309af156,0,503
87266eaf5d87876a73ad6f49ed62dcb7851eba6b,0,178
93a1c347663c120ff312c8ab85c674c4981d803f,0,125
ee66f4855318a8eda85ea3d2b49056ed0cebc56c,0,310
0fddb4a0371f4edb26f0d0b65313327a24eb0a99,0,518
6e3930e6df60df2e74277fc19c239e147ad18420,0,229
69657842bc25c6fc0c6d0a6e21115d990fbebb73,0,552
76bef79c3f5f1d9fe63f91e5e50cd56a0e06cf13,0,478
3c9b9c98a4ece2e8af7de16b2e86b4244341929a,0,376
2567399b705edeb3f997add3a324cc6d8226e1d5,0,320
c5a1517bc369b80528686440e645320b37e26a00,0,929
aa996b102f94387bb8ef08f7ca81ecd28e0afbc1,0,602
ff00f8e8177c5d16b646979cf9dac898afa56337,0,176
9a14362ed7a270f4b920fd28839c3297d353cfc6,0,592
7b7f76d7d5d1777d6ce6c2f623102d2a888a5e3e,0,99
67ee4edd78fca8b7661b818c0e1fb872488914ea,0,58
209725705b5dbc02bb79f0676deb2b8caa7cf97d,0,117
6f4028f4fa9279ba04be96f872effc6717a85ac3,0,199
9b2187e17c7a8f0440df83340faaa1af45f3c1c4,0,169
7a6c45b952e200c48e78dc34f6c570c53d40b3e9,0,220
036321c36c874facf264874026c4a98c976d4d3d,0,305
59abf474fcf9987b9368dc89a29ed1900de91aa7,0,791
94c9c841f140dee43c5f65e3507e4f6dccbfca5a,0,147
f18a6b6dc720881e18149e73f37f8752e970cd3b,0,161
57f494d54f9842805094de0017efe032d9024b18,0,392
79d2db82ea1b2c519435b54adc89a55ab3e09cb3,0,151
39beeb4aa7baa1c545c3710d598a1053a0920cf4,0,370
e0bb08cabf133c8710068226ef03a72d25e37790,0,190
2836c8adc552e376dea85a07e220af87a2eb8e90,0,124
59f27178dc5371960a7ea2d9a4d786dd458b0fe4,0,494
6929a87203940df41bcb54e98b083473bda96dbc,0,166
a82e0383c7f9ec04c277da31f2a0f67e57b07eb0,0,393
54de7db8ec64e218b4e8a34cb81bd977942e44d7,0,452
91c3fda51297c16ead13992cd6b24e8bedcbd526,0,141
4ea7cf73f9e6ba17c89dcff6748600541004e0ae,0,964
8c2f46f1203733db43b60c9ec09f12cbb283aba4,0,312
258bd97bad1470d1b0923f2f8c05ca9d161d1d3b,0,254
a0bf592d0f44880ed0eabd2c27dc5b3966d0728e,0,484
8ab2281d7d7a7dc39efacb979bd6fbb21d72e3c3,0,361
ab152ee7b5fcccb22cb0d3f4c4ec9e938b167eb0,0,618
aa48228fc936238f67d1b119a128e682f11b561f,0,112
f940f9b93d6dbdd5140f84eb90db348ffc2bdd9e,0,621
4a2a690115206e8eec49d1d337377e7db883c823,0,397
10bedc93a8564f2bc803f2b9eb6827b190a570eb,0,198
a7bb05917b2c79992b8f478798e96c26a7eccb37,0,175
a4fc8a0c17711d32ea74765a203868cfb44e3276,0,250
d25db6df2fdd7c201d979b26f67252c146ff1131,0,220
7ad43b7e2b118c5128b72a6855dcefd921e863ab,0,333
1d19d0fcd31caab93eb07fc71ec34385cb8937f9,0,339
dc3c772eb42bfb5155396b7b8d261f6d0a0c0fb2,0,406
44265aaf5a2b0dcd4833f2f03d177643ba4a35e0,0,385
17e6172540f412bb926a533fecd18e30c1df8896,0,592
db641ef4cbc9ed8d48bdad5c9ebb6c97aba9aecc,0,341
6425d671de757bdca82ad6cef6d26ffe7e15c2f0,0,96
adb6b02b2937b444ef3ce3c9cc909f1f6d5fa2b6,0,75
d7ebb76a553c68ab6772384e14d2cbd2322e37e0,0,298
d7672ecb8412ec637acbe839406b73421e112934,0,552
aeca689b00fa052603ff167dc3e2aa7dc5be5fa7,0,118
d611d1047ae5e1aca131415339c89fce8a8383fd,0,225
20765499c6314354a8fb7b2ed00c67a7206d22a1,0,37
751a30c1d4abe8c738e13a4d2f462325e09cfd17,0,66
0b1dbb83b95566e51ebc6ff3f272c307e57d72c1,0,345
d76c2205c3e4062ebe3f4d5cbd7dfcc1726cf3f5,0,497
ab00b5ce510f94d3b45b96deba11874c327e5ac5,0,154
5e710f14f13b2ed8a804f4f87681157a690a74e1,0,495
2b18cce306398846267860592b9b760f9a6aaaa0,0,51
1b0abc78257d4bce02b6fae04e90ca19d9b4567c,0,92
60a74af8bae273c293636b6e45b9d51095b2a59d,0,628
3419fb51c4098002d46e83e9429b4429e7424969,0,372
a376663b308dd4b8c1b2077371cdddb55abf5f02,0,422
512ed60852d3da2621ebaa1814036465e9fc7ac1,0,578
f77c466affd320c44e42d4ad7855f80b3478ffab,0,106
adafc36be77b7a88a3ccfa2dcd05f92b1a158c99,0,182
9a0a855f25e2d42a55455ba2a03fb2e2b4bf5f5c,0,705
68ee5d0c2dd4e3c350d0bb70e26b4fbea8113b59,0,111
78a9ee2b23fa021d03eee1714a188593eadb07dc,0,150
2d778c3f64454a4c3a707f17143cd69af1a87105,0,134
58bb3a00dd5eb3a858f45c3184c5f2e58d445e19,0,315
8b6293f9ed2b0f3f1da43e33843ab6e691a19cc0,0,590
c2baec94901b2e40873298b7d9cccfc5071b930e,0,793
b447ecd38712bac1ae966d4310ad1fa404b5416c,0,332
66dda424595d766446ba1e45c6b61f1840bdd167,0,473
36bea9c80177d2758ff0967771a0b2651947a1fd,0,155
4c8a5c17549efdade4073ff39a414599ad06e3e7,0,640
5387087ee63528c45acf2ca047c1107df258fe32,0,230
48d115c9cab44395a324646d38b5b2c053a7ffaa,0,392
839e0b8f6f47b8f23516460426af6d6dc07a37da,0,83
b1e9924480e1e1cbda422df3a929471ade2e6afb,0,104
b31d2658e7326fb93f169426367d21ad1e0c25ea,0,455
fea2515eb13ac4f9b1e11b7f99af90874397aa24,0,189
71e831767280fcc203b2cf85a7d29fccb75f817e,0,257
485e0f2bab5103ba04b23cae60b310ade31678e6,0,402
802f71a6b83615b432717c7b8d1116be9e060539,0,76
1778f63635fd72bcb10c4a4b33878d2409eb30c7,0,248
09fc62603933a324ad47930030f4c57c877cdd38,0,316
e52db2b8ba505a2f19f00534c1e2176044904f68,0,911
c80a2aec846610feacb2bc3a97864d22f1f5c739,0,300
3348f50d5553747cb340da63115c601fccc81440,0,247
60fd0e4c5cd65a7326d35ca087056e3b8f4aba78,0,193
09a0cda9b0e8a01cd5059104744eb18d6d3bdbb2,0,576
c858d88dd7eb333eb6fa2cf7acf7dad2835efa28,0,218
4ef6d7b994bf971a8d3af232f19ccb0ecb2b17de,0,490
ed873c64eb841bae0916321be918d6f38ffed53d,0,454
94fdb775d82d0d7f9f7db91c7433fd266eb4cd9e,0,975
9ed6ba3f794225e0f22966268fb8b7cf024c15b4,0,493
ceaedb6b4d2a14c2efe95fc93603e2570f3f4192,0,338
118e738f3a8321a3a9e8aaae10b34da33ea9344f,0,353
7b578b1e54b9c927065dc9c865977b842e5fba89,0,80
3497533988e6619f8ff22943614b6d87f85eda72,0,454
baa41f671ef50391c70b289e87583847b85e193e,0,110
b587d022580592e71c292e4c57544c0fcc79e95a,0,362
5cd86523338ca702c402980642d3fdd85f083533,0,142
682f0c9163bb2f8ee1dcc341183dad2c705eb268,0,148
47042ef3c0829cfcc284a8a12f38bee7ad1554d6,0,644
d49f3204e27d9650f3b44b8ef67aaa26bb2b2a1d,0,474
0f26de7ef512c419b885df6a77f204d399a6ada9,0,194
342ef07c75467e0dd38dd1323033581ae68b86e6,0,232
75a9b1e1ed179e04ba54fd5816cfdee7eb56017a,0,151
35880e251e56ad223179f3a3f451615661075220,0,229
19390c9908f339cb82c21529bcac2489d618b122,0,381
15e83a71a2c85351d9e4ba618ae821d43183ac25,0,433
10d4ea57c5603729f298102b6a4b009b2fa85ec9,0,404
91aefc9d721f74c212599c8577bdc71095509fe9,0,236
d17d6432bf64342de0bd1b0a15ec196e73aa1bd7,0,103
8db5fcf6af21837957dfeb5117d5325e5b17d15e,0,96
18d472336d5b1d171dde0baf5cfceae8fd9e1c60,0,152
ace1530304a94d0eb9e82afe35170dcc2fbd7fdb,0,440
5b506660e9803b79cb57b94b7fcab80a46f5de25,0,181
ab0b11ca69b7deee8cac7c25c0df617b3e303221,0,567
d78b4295930fabc7ebd2d9cea5a06bddabd5f7c0,0,146
8b4721f68873e850bff6fb088685dbbe443cddae,0,349
145335ef67cdde23a567b79abf648a1d56f9118b,0,521
c7ca49b829d7178942cb6380c3351d0bee28c93f,0,207
badaf4a86bf3cba92e017e8725c366ec8aaaa07c,0,300
486ba2254a96680a5991c40b69958973507f1332,0,114
7a5399dc7bb3c39c360b42e45ff1b00fc8e75185,0,215
cc6745131f11bc475c56229a0f86b4aed3bbbe3f,0,129
d4cd799d37d3b8af1933b5c9095f820e05e90639,0,341
5144083750fb7cb40d2cae9047f7db15c3307ba8,0,554
7e26dbf1a9c6c3f81bce75f61293f4d439b07deb,0,303
dff869f30fccdacbb4e8558b62295408cd555a24,0,290
3a12eeea26839f53d63e2026049e5e99202329a3,0,454
a0fa46eba4846b3d7cf862ed1019c96fb9646d73,0,599
1841d60e4b862a8643ffec4c1a05708217f67627,0,418
e9d04e61de314a30955c373a05850033ed19303e,0,165
062d251437e216780a8cc1d33f4ca10cd41a9bc5,0,181
52a07041cc63b9253b2a2a54eecb17d5a9bf6ebf,0,153
e343e42bf8b460b49e129a572d03914ecb890d20,0,145
cd990098ee19e1149f41c1edb8b8d4be4e9d5172,0,294
09ea2db33de48981744bf456977c6aa2b1d8ce3f,0,214
c181af2872b6995480a93d0613bbe603491019e3,0,116
4163ad680f08e1e67b2afd1060836edcaca1198b,0,710
7c5cd236b52cccab055a66753276ae771f76f6f5,0,304
cb229b71c6f1af48394368ee016538323603777f,0,115
d43d0890cb3096989859a881b0c2b42bdd48296f,0,148
746ade1b0866df62668c3d14f43e124754e999f3,0,326
ae5dc714e65a46eb098617701bde28308a0d020b,0,321
2fa6a7de39a879091436c2775f587e30d045a5e5,0,495
755fcc81bba0eb82a10f155c27316cd1a0ae126a,0,281
3e53f948754392e52e0e38b75e221475b4f23f55,0,132
39cf76e17c080c046b8679274eff4681026f9845,0,357
1a2a5acc009a0e83a560c6957d13849f3f786526,0,249
1e5be9b50c1c933c166258d7356fad2a84d62304,0,124
39596e0a82785a5b2b5843b69c85239be41a6657,0,129
12e83d31d557b1224284bbb6b67e3b925c1e2789,0,253
3b38c93a946efdb71c02ee778dc3463b56b0c419,0,133
66c6042351ce6944179f32173befdc0415e0006a,0,186
c39c543be499258dd2e10b38d7d063e5ac536523,0,425
227faac5368d4bbe48dec2984f2b8c79b81a5ac3,0,204
43264a69ee5dbb910ab56a9e34445f71a0e240c2,0,360
33a8d774b8687a6aa6513cf3064e92e83f880a81,0,441
e290a5ac2f1795aab71b4ed25a9d106c46d65f97,0,215
e3d80bf0e29b755e6a7b20d98e351c53809e9ca0,0,185
15cbd9fe30b187d949bbf9fb3ede9f96e70cab74,0,222
8ccac55e68cbcd201d88b36c72a3b2fe8151dcf4,0,178
3e604d08d4e8370bd43cda3379167158490913ab,0,351
e4940b9a0d46ed371de6549dfde24fd0b21eb31f,0,1104
9352b29ab9412e7fe984dcfc99a88a1765a166f9,0,418
a0c21be9204b61717d87b4b3ce2608153d1cf8af,0,217
4d528e20d13c184258bf025f7b6f68fa1b6170cc,0,140
b53b6cdc65dfec723c8c82257219840773d0d957,0,423
86fbe02355ee96545b86edba2daffe32db3d605a,0,1971
b1d9d65a178930ec1edc51a4a76dfce29cb24350,0,90
b0d9acb28a7f7a0d9bb9b46c00806b6e52b6ed27,0,193
d2fbccf372c98c6e5c29709c263307678d4d614f,0,138
669edcc045d48f5d10f4ade3cb3330672c912986,0,132
ca39837a5f97d68896125f88213976e2b5413ff3,0,211
9a0a8636b2a59c70fa2ce4b444518378dd35619e,0,806
c3bf43076a437bba6e80d609ac025977a234759a,0,112
1a7136e404682fcae3ba4578ccc71f77eac6b1db,0,117
9f01d708bbb5f55788352d206f83aed70743d73b,0,732
b3d3b1135b88d464e914dd2a17cd969e4748e31a,0,539
6b8dc6f7da8b45b78c42255fa08796dd0eb11bb2,0,330
2b0b7fb1d055bbd6247892815805295d113cea9d,0,487
c07947b6e87ad803788904b820a5347d0b416de7,0,275
2666bb457d5c1f17ad31b9a014b477e60fb1b8e0,0,117
f48d877f50f81bba1eea615e49ba8050a68cdb27,0,1063
d17d0bbf7f18248abbbf1acaed27c2239505ecbf,0,640
2c8f4267f47b0ed5b166e51a48d2a1d300474aba,0,171
f8fd817cc83776e1fb3e0e9cbdc2f6ed59e3f650,0,213
7477bbddc1df1e3063cc2036a410b4c8f0c20373,0,227
5ff0d54700f465a717700268449f3eaa9f8ea34e,0,572
c95c4dcd778551cddac101dd010693229a87d483,0,94
9df5202af4123a23877574e40bf6a56a2d67c998,0,440
8f7eec6b5bcfb5444444844e800f0deb7878c5e9,0,512
0e07a23c9e32bfc8422ac11025955e41ba04adef,0,264
e9dc6d0c18297339dfb9fa91fed40b33c379a77a,0,217
a4851b590e5b6087aaf7e61c34897cbd20bac040,0,260
50067e65198f0ec591cc4c799d7c66bf0f6d0aa1,0,625
6aacfdb200ef214abd2044558aeaa7f5a2dbcd84,0,299
ee55cb5d9d5917c21abd5f94e9881ec37fc3ce11,0,156
12a063e1c4b8f139e3c825e3c2aef63f0e7a34a7,0,290
8e93afded4689212a15e8909d54cc7b554a25604,0,1811
1c8ea087658baf5eaba5f86dd2cb4170d11a3581,0,243
d69bc1ff967e0c863024b62aeaf6c2b1cf6fa774,0,186
a9203d95500e0525d7c208d8fe16287f3f70a998,0,114
2e857ea2e8069169868909267039f9315584103d,0,424
346cd7683e5e640a2ce595a72a9e87534397c470,0,436
067e8ac8ff5a755e90dfa4b6a0d33b24dfa9826c,0,517
e3e0f7affa6b024be67fef684548a8aafd40aab0,0,410
8d38db49d8c9cda17cfb7f61e0983f58828bac09,0,567
7df890563a94fee4a4efb463c5c608e0c501ddc6,0,80
0e3f5a050987b12966694ee401f7e353c3606bc4,0,358
bcbffbb4541c3e148a34a6610276023ba8000d85,0,421
11ef7a6e21258e68864b599e4d2cd14830b5a827,0,72
7b241e635b6ad2125762be487c27bb9b80a6dbc8,0,366
51f781a6b883b3e6e8e661277e13d6e4e29dc114,0,722
cdfee40a04602f62559061332ba3202273c0e4f2,0,487
8298717fc4b5c0e23def8916381867a6a8b720a0,0,397
89ba94d4dbff7e73837ab8169b73d4d6b4b98dd6,0,259
0a544fd0ae6f3aab14c3d43fca5ef7e9533a3ac5,0,568
e8bd8aa496e02f1ebe711f92cd3571c7509d9464,0,113
1eb43b0e9dedd122816bb5fe300873aab0f6048e,0,555
3a5df8d515af994a1a7bd3de900228afa6654256,0,648
3aaae13e7acc4028de20610d5f346704bf9de764,0,476
e22c5f084b554694fd58a83ee98e3e1b5f958d3b,0,308
3c4182a4894deac56eabcc84fb8c70f83d649c71,0,265
5dfb4dc8c67c394faf2cad779a874ee1520cd9f0,0,401
62d5ba28ce1c5176ea0f2f30bbef4da2f048d97a,0,351
18aa4e287a7c4274d8b1e92e0a84d6352545d3f7,0,371
a0ce008f449861b253cc2f71a5cb9b0df64efd52,0,499
683dbbb6a37f436e0e2135771435af64822f971f,0,140
8bcbcf218516801458262a143b3adcbba86243d9,0,631
e8df887422329618ebb45b72814954affa0440f8,0,319
6a558d428d1de7595362a9c9f5c30c28282ad7e6,0,667
796f87af35b67ec5cd82a6311150e95b23f506c9,0,429
27b6361e701c1dcb30721d88dae10b997752a126,0,93
931d43706d4e0bd9365613412ff0d466f5ad7354,0,168
e5481a03df7a023687353ae05cc179df3d9744bd,0,607
18b04a314a2d1a328863752abe7a618791bae222,0,324
45a6c54764ad806a3ba1095365c829cf5d8c3788,0,1361
43eea3de6696cf0ec2bb43c796ea81e54f4606ce,0,327
5a11b5beb05e10b9f8dc42bb6df0d012d769b054,0,365
402b5a7e23962fa173dc04324f2c0118743d9661,0,550
4d37e8af12bc591cdcde7937da0f612a243a65c3,0,247
984601017b5dc25f1d70ce8897bce415c533db8c,0,342
a50bbf5ed54097c57f2fe7472dd5413540d44733,0,193
b21468af2a9dfb76035b5be28b5b724aaa58ffad,0,603
83a8604bcd059f0236f190ce07054ac47b3a412f,0,357
bcf11be53b0ecfb1b2a2b91288e66f44bce7eea7,0,147
5077b9a49cbedbe4617dea0772a092f3d808ace2,0,86
18c5ae07e8d3732beddded9dd2b53175f708651f,0,645
8a9dd8532db98046116fbde8c549ee58f6a1bbe8,0,290
cbfc0d01ed42367c55f8508e89b50ff94752e9fc,0,136
4169a32e0c867a596bcc1d1c5b7331e038a7bf28,0,384
ffcc2ecc452239c54d7c584c732199306ba21028,0,156
0fb104170e6fe57aa9e8f4cb2e6f6ae07a548d49,0,150
61180e87b0a8ce9ed7088511e6548cce36c6e0ab,0,233
b20c2bd3df1b44821c7090013590bcbb73ac61a3,0,271
a51d28f6a715bc78383b67f790a448595b12892f,0,117
c765aede23f2db639f06867b404f4c8cc93e11b4,0,83
c3753568e483a0f9ff562aa0fda3cda73d24a1fe,0,266
0aadc01b2ee806e740a86e5c10a41a3dae25684a,0,148
887330ce43efbc2f9649932491301c36cecf09b7,0,598
73739e680f98ec4625fe0a4ae312f1ab912320a5,0,537
8d1cad7763c4b64c0581e3350ba8afc633da2c5c,0,420
0a54102641cdb6445985e612095cfa55494071ff,0,64
c9807fea8362ad6dd82773a6ee5b66c7f31d7564,0,857
164b5fb38c3c303352ac01b2d63f8cc293319afd,0,220
a4294015b93ba4957e9bfabb3d4c23302966fa23,0,314
2660962164a0a5386a47bfbfd1bdd5cec55294d5,0,652
0d18d12911e02058af6c6c26bd9e53b04431af75,0,372
f25d017b390002e346a129d8020afa66062e4200,0,80
cfd61f7437665a750ae7045ef7b6929b3fccd6da,0,178
7c6acb2439867fcf917deedb203c05a623b3b34e,0,2134
74cdc4bcd3cf76d066023a8696e9554aaf6d621e,0,536
acc206996af088fd55b7cb4a6b7282103109f734,0,687
49525b769d8d8a5ec93e392f2f891cfd3b270654,0,372
5fed4a6f72de7b53d77311a534ce9997b019a6d1,0,156
f6bcc493c34f05d988b000bfa82ca3e11f5c5458,0,286
59236b9871a695b9ab5b9701bc4b6111ddb7e676,0,598
6471f09756564b30726463464b3f807a1913b2fe,0,136
6740b5317ac33854c2ad84c1133e920fe01bc8af,0,102
43288765a6e7f9a8e7bf511bc613a81686709785,0,280
4c7b2c5c571ba844573de6da4b259406d814c384,0,221
2667596a719a28e511ed14f4018f3b529647473c,0,214
ed7ea7e9608cfee91ebbbefee9fa5f31710df31b,0,260
e7ad95258405e0715696489ffb9c55f4775ad2b2,0,138
7ca357223484bfb5b48673e9faf2ee7409e3a31a,0,147
b684215d37aed81c51af5c2f39ba151a771e832f,0,76
0ea6d440159b5238feba411bfef0037d6fcc2c40,0,390
dd91257936adfa94b55a9403524f1d69301f3775,0,248
2b3f2b246a0fa06775feb15a1a104bd4bb7a4b8f,0,232
d0d3076186b4c85a4f5781fd6802edeba6819cb7,0,667
c9e8b65fc6473c5e991627c6e2dee6186cdeb33e,0,686
df45e2a926b84c1c2f5ef43e207c2e0325ce5857,0,168
9bb064e392bdc223a5be7985dba4fb8c77023c92,0,535
9a146359bda18d5d68ad7fc534a26403eb6bec1b,0,294
bba31b007c1e08b4e65785d231b19c8b1c02ffc1,0,64
b7dcfc86717ed2f554c0177a8c32b81e60b7bf2a,0,177
227b2d8423741a3bee0b9355249a74d3339e4c02,0,145
b5d4fc9bd708a92ce6d13b4507db28028af83b20,0,1008
514fcdf7953125746eed961016862f8af1dbc8ec,0,476
9356e19f99adaf5f44fbe47bdbccc17c0f1e6a26,0,181
a6a78c5ae794f29a9181f3210fcaaaa5bf8c05db,0,184
ed9326f7cdb3c834099dfbb5cbfccf19738dc809,0,290
607a6dce35fa519af6a07a51c0f98c6fb7d84b16,0,98
c7e3600f20b248c954cbc01d87865b515cbfed23,0,161
2051a1b321b17512f2f55d1dc308a18ce934b840,0,336
011e6da44fb3e89468f6759d7e2a25a0cc415817,0,310
4d344f463baaca98fecb3643e1a0eaf4ba5544c3,0,116
932772c265f3853ebc99d9945f48ebaea6a5afb2,0,466
a54cb12a88c173be027885df11336232148ce6da,0,100
d6033057b2288413dd1e4e79b601348f5ce6dc5a,0,550
723222fb9dbcdf60248352168f2d8f2e22777ff4,0,83
8fa0bb2c78ec51c9a94996f04f98660c9dba7dde,0,177
94378c52f0810ad96b73e99446d3966db1370be5,0,193
4ec1bab545f8bcb690f4586f95f2ca1b025d31ff,0,203
4c90929b138066541b7bffefb7fb643f7eb968fb,0,241
20734595a85efea1944990431e7f6f9ea5b9fe7a,0,189
9d83e755bc280015ced6cb435360bddaf66ecc0f,0,144
b6cc40e846e2e41276b75014becb8aa1a6884990,0,394
a9073116767949617b66bb24a12e9a620d8c2ff4,0,255
8ef6f881a4ba641bccea4e3f5f29c3664300d1d6,0,558
94d758afa3c6cbf5fa7081427a42e2897b0d7be8,0,687
a189f20d597bd66ba0e53ef55e9a014bb6f12e3d,0,431
444f9927891b73df07042346c8b1756bdbafa38f,0,174
509116c191963ce80014b185a64d6cd286509a61,0,190
d474be8376f1d193ef3c504193b30d2482fc5f3b,0,357
1cb9ed1cb1450a21122d33e1ca7bed2887f26139,0,476
02ff512470c506d53a8e38f197722ce3d4999a4d,0,267
f6729e0992596d86a5217b897869b8004c65a94b,0,616
87870ee5fa5ae3c3646327233d54ee7ba83ccfc8,0,563
30587ebf4adf5959190135a7ce9758f424a3545f,0,217
02688d5df87580da1bcc2f685d33bbd51f2ee98e,0,131
9908b0f26294cca8b40e1538d76fede19b0f097d,0,124
61feda71c136ce3d91cb480914a1c3cb1fe5ade2,0,553
71259125179d17bee242ffb2692685be931ef36e,0,396
00d8c0ec9437b20e8cbdb3c6aeff7cc693be3116,0,2084
232f4ab59a2f1181d9396cf09ebc4614357f4c85,0,120
7ac7b1906e30d5bfda16ba6692f76413439caf55,0,626
8f0f2afb761373cf090b4a57a19a31af15bbc7c3,0,283
3df6a6ec9e5751cf73eb570b2dbee9f0a65a43da,0,320
d82860cf36e026dec38a7731364206c7fa5a5a78,0,155
76d366094fda6a0ce4638d71ea17fefd80747b19,0,235
274f0298df5f93da5eab4a9c65252d3d28d529bf,0,433
060c4adf6f3e1851e026f2a09dea0d161a5e154b,0,104
e6c5d5fc9ea207d43f4555be9626586727ba0c50,0,350
aea8031de2c4f4a661c2fe9f9923ca53077862ec,0,313
348a4b9694ea68fe74006b2ab226e8e7ee5a3fb0,0,276
b4ca29ad2b7e4f82d07fcf79f6f2042a9aa8540b,0,588
cc684a27b339358a9dd9374ac4e0d4f8dc42339f,0,394
abc9496c850e25746926c267cc1f0b23482aa457,0,133
b846dd5e8327b3d0a2ac8ddcb22d5a829c954070,0,1002
30be64c80a122af5dca3ad7c1dcd6f959eec1d9f,0,417
83f9bf29e9c93512f7e00fc4982b1bf2960a23f2,0,418
3547d58e3bf30d761f3e6d1f3b7f28de7a397af9,0,113
ddc0529d9c5eeade6ee0d270a601cf5f6ed8ba3b,0,116
5f0a990b8498d14f3eab6150258ee4f018745cc0,0,503
96a14eca9430b5019a5844991d9ec051e0648991,0,578
7b674e7f6fdd936e71408f2b1d9e6c18a98ae1a3,0,437
b6971cf96798a48d1792d182763a51cf27fc9730,0,854
bf11b2ea734dbfcd6e9cab7a86e4063e1e096c99,0,869
54aab2786c2af960bc654697df3eacb582986eef,0,610
01d5be99efbbae04191ebd2c0d967acde018c906,0,494
90e930cfc135bd47cbe492c05e0ddea27b88e453,0,238
ae65c3bd158e42c8e1238add961cea5e73f626e5,0,413
587d2dbba4d12cc7c2f95cec5f2a1143173b0de2,0,409
9d1251cb674318197a35dbb56b6f6bbaadb1c8d9,0,539
19400f444a4aede6e8f57628b915496b4d4dd1d2,0,267
ead2eaab715563acc41e390b0891c6858a826ca0,0,327
e8cbea6254f06cc5b4ad63b4ee273dd882e2c728,0,137
7937ec8a45851823082c1c403c72066c2fa988f8,0,104
79965e4e9c218ac16ead5f3dac90f5db0c68a1fc,0,92
74a2f96849bed80ed568445d3e72caa4da4cb48d,0,363
38bedfc13befa5c022c74fe997b4b86c2497242b,0,832
4ec399e894edc50356087c16fe6262f3124b7ee2,0,248
90cb14aca944dc3afa666e0e1bff7f964f26d755,0,377
7a7a6ece4619980cec96245d7283a585e41b9aac,0,415
d4c14e4f5bb925f5cdd84509900b45e9b43b9c67,0,394
be7ef8139e6d24906e7f7a8095e160b586e6dd3c,0,173
346d77e967bff4642c09b2c172cedf258b3a4534,0,552
966f7da170f4ebe525351edba6afb146cb22899e,0,277
defed750d3a068d55bd5c37685b73a15ded56678,0,185
d9a58a38c72043d061167c333a5d168f723bb2ce,0,143
0c2981af4286ca26a7e16cbfad6167af7807d628,0,402
9f2b3bc0e865afbda420f5c929f93cf93f84c886,0,126
583e74f18982d74f868ee889d32f02450cbffe17,0,266
94737f638258816fc8d6c5c09863eab30d7bcf20,0,57
d2b1d821a045dc3b0efdee76871dac889800c3e7,0,144
da28555329f16470d623366b39c371f5c3d1a5d6,0,275
1fddc7451fb863de890762d1e5aa02eb93d43873,0,312
361b6b41bf17f88db1b2899b871c6e66ca19cfbb,0,107
739be9eb05f73fa68ef3f7aa97b16a3a76ddeb3e,0,399
9d928f571b06d8d27178d82c8cec58cf963e588e,0,168
c008210cbe5f1f3b4ef23b4f7f8987e797b910bf,0,202
49c9e8fa711412db5a780522b09dc01559292bf6,0,328
8b9b889d8a0e3936deca583a2116dc7a196c0683,0,277
cde8de829b8a677847b826ccdfbd4ede95216c5b,0,286
173cd27930565656848abd8f7973daf3002fb48e,0,141
f3a423e5286a2b36c8d8fd51843502a0e8c1ceb7,0,1053
ae455a7ab04252fac479e54c49cdeecdf28b37dc,0,58
f00c8fc8ba32d351c2e4a8801f2681d1b2ba6ffb,0,465
57548a173ef1d2c48ce586d6a6c9aa03eb047f2f,0,520
cbdfe5f0fe954f0d698d904ee25a92c88c9c711e,0,196
aa9e7953ee44c378a6c666367aac7bdec9649539,0,127
1705d3f3845fed106a570da248c20c7301464a9a,0,346
acdd2d0f96b58ea08cfbb0db0a486383f268159b,0,193
da30508d9d54f5b835641a7ef3b2cb5a3f3814ac,0,1046
6080cec2d9a8ab3f7b01610e8ea92843d2b2e071,0,387
54aafb11d17fd531db053ccc81cd0b31273f1ff8,0,390
57a7536bf62416ab239854c917226ee10079b1c9,0,526
23b5f2e4c4df9645cfe7b7bea99f03bc625c7398,0,202
440f72efbb954068ef2163b3b8a348f7ddf05ed0,0,233
8951bc4ff8892e017dd438067367b75a2cb0b15a,0,251
6b068d9a3f57e5bf16dd8020af26ed2dcc54fa05,0,88
7f028960375b6b0454710cd7b16aa17f94bc4195,0,179
2fe2f7a9f1ded0f78ef979ca21fb4cf29124d1cc,0,787
f9ccbd37ae026fd252e52401e17a10aa2229d17d,0,370
0e7d578fbeb22622650486fb93281c315d805ffe,0,125
22a3d2d1d0251f30ef7af273187271f58b89f4ff,0,533
2e8b6498f4a97a9d7d6d98b8e9fe2c895dd29ce0,0,340
c55d12039318585b673f67029bd33ee87db2e18f,0,240
f8e209dc2f32eff387e5fcb3df69e170314b15e9,0,527
fb943bfe172c17390a97778cd01a94c00e831e3e,0,1810
9cba87b38bfb0954a0a410039d89a9eb8bb35c4f,0,321
c6fe37f658025cdde6cf61fe390f65c257ac234e,0,144
5dd3f0203993dd9d41a22d5317ab46a20b14c6a3,0,418
3b4528892ab11105b0a079703db11cd4b72f82dc,0,109
100ad8161e4bf2022e597bda417a87029278e5ed,0,586
dc64b7a549183c1a9397376d8ae86dba35a72b17,0,341
f69f1516a0b2722c2439fe6be976f6f7e8b30e14,0,485
1e48bce0119e6a67000c9142e63a1c57cf003128,0,593
fdd799189fe4987425008eafbe44c82553f0e58a,0,480
680ea1edca68fda025711675c6be01fadac0a0a4,0,509
b5c7901822689a2a7b445b1f727e6743d5bc9f33,0,268
6b26d314d1748ad36c23fc02550467debc641430,0,390
8b1cdc5d7f89cada41936dbb92d7872c9d71b391,0,90
5ce07894a2e6574a002ab5890c413930b43a645a,0,346
42654d79da7ef9352748bd88ad1a71e825b51f05,0,941
13d53cd50afa349002091a1c4e798ea5881871dc,0,211
01cf78b84777ae3a8c0e6536169f8f00d8a08668,0,290
8b38e03886f3409851f03ae00fb2082481773886,0,307
7dc949b06d799eb0d0b443beed5c4d5a7cb2fb69,0,335
536dbb4583758f9b92d9b79eef41552e1fb94d92,0,290
856904a98993f2a450d8450e6da9370c6423fc78,0,185
9271433eb6b7acd7005ee820f9a3aa8065ccddf7,0,139
c0027459e7be500d7e964e340950879320540658,0,81
89737f515002c5ec0af4499f76497ba627dbcec8,0,106
964a297868ddf42409c58f6bdaa8e30ce1d85533,0,543
b264fb740210b360060702cf50a05a26d6598c7a,0,652
e1afcb42cf3fa277a8edc0f82ba8f17e8ff8a6e7,0,114
169283d9338b198abf5a4556611673bf5846ced6,0,434
9ae193a7215c519111db3feb9e0846d73529d9be,0,200
b4a83eb0e89dba6e9fe2c9fcedd4213c2cd5d1a9,0,179
4a7db42f01d61b1c21ffe4a57443f98300b8750c,0,355
2db3650538ce20e5691217e584f10d9553109857,0,204
9879cf61f7ae8a0a9970b5bae1ffceca57f0fae2,0,365
e1c0c4680a43a35ab4fee98a917e5ab69eeaee21,0,1065
68e98a4e21c071a4f544d67b1c219aa1d248897d,0,62
3aecdfaeab193e4ba5e11e557dad5e41286ea962,0,818
69a8ca1c90bb159cf62329dcc7f3c92b9c71ff87,0,250
eaaeb1f82ab5f2453667bc01adb6f6d301759fb5,0,352
2d35464eaa0263d128e91a36be4a61573273f9b2,0,712
de6a9e7de83639d14d48292c10bcfc0f1c6686be,0,278
a1d9f9bf4e1557e6a52aceb4d3f54771d41bc853,0,773
dca550d90afd0af4e56a30245949cf6904d9f9eb,0,278
dd70ea0004c4feed350276dbdad9e1e82f6d3444,0,172
0bc04b2fea61152cac35389ba95f0ac4821acefe,0,1170
300b54908405e5b70e2e047cd1806291e0e1504f,0,465
6266df7685ce1729c3a8c39c9f61a1f146bde8c1,0,217
0f11475ca79a60df539c9d1c87b85c0b8e1258ec,0,74
b149ce6821fb7c1ae7cf36081acc7cd325021a71,0,423
41c92e09bcf55634c554606b44866bb1039bbd8c,0,150
3cd860f6991517bda25a48849e825f09d0a4a6a1,0,375
3ff4fe25c97d52c0cc248f61f176cb8b720b0641,0,252
993ed9d310e9613c4bce2e1b3488c0549897df2b,0,905
3ea9e3b935bc7bb7ab86fd8158b7ba9328705960,0,147
1e9a5e3a87fefc22eeee102a758f9d7af9927f4c,0,466
64e931d28596b23d22a8ac5d75d3a860b435d2d1,0,424
beb936db3441bb2bf908f910ed9ef32774d8607e,0,576
2d7a5c969b2b0fdba09b18beceeb17523f996ee5,0,253
e008f6e8be97a8b040b436304454d432a56ab965,0,508
f8d4480c27782eff4624750d7e54f9b497f8e831,0,341
b27cec6499146af6d6ab918d3f7b4d831dea41f8,0,135
69216311451079e358c402afec9a009801528733,0,99
7d196fc8197270ad40448d8423646ff47e2323d4,0,73
7d25bb2d5cf447c7687d08f5bec21bd829f3a662,0,110
6e973bc0ed5a1c3b9eb2f3b350c6ea6384aeb21a,0,103
59af00e6097cfdeddb3e1522ccf5ceba29168ef8,0,271
25eedb50d8475f2225771fef6feb5ded0d38fe0e,0,245
9321a496617fd1064acd175db6e140ff50a8e327,0,424
c0cb349a497afa32d3a3cbcb01874efd62e19199,0,440
4c762aa98cb960434d7bf69760de003f44cc994c,0,368
2a0d79aeecb84851321e15fdd6dcbfadee390d29,0,203
a4f6eb9d104a7369670733a49d0409d60f2b466d,0,330
1ef3ad17da8b6b12b3f2e6bbf9073c148eaad5df,0,152
d900cfc30779dcedbaf1f9f72b48c00b253cd7eb,0,103
9bdcefa3e5435ae27f496a0cb222f0bcb9145d86,0,421
660b00179c9fe2e70180afec670d23cd9b5a05e5,0,152
c1f5757691e70fa70b795a809b902623a53553ba,0,312
a8c912f4af5b0ea7c3b00ac19ac5abb17a8c302b,0,189
f0c54a5012d5efbffe7ebeae1cb43d917d0c13d3,0,528
584a7938212ea48435b898bc329b1f2f9510c7b6,0,335
229d477434d594977991fbf0c46aa66c8a14a915,0,155
390cc9f7361aba5a97cda755bd2fe0b546a7b096,0,239
6cfedc3c1fafca1b1180891d6386c4fb6304e70f,0,164
1564ae038f254597b328002588ed1fe79703552f,0,117
78eadbee6ee23910d34575495c366f0f09f0e2d4,0,509
107328481cdac7b676cd52bb151006ccfeb0e91c,0,104
1969b7642fe2de033058455de9f9577eb5a686ed,0,588
8fbcb0df294b71e71b56500309d151fdd905268e,0,106
3008dc3c1e7d78b91c3273568b524924d1cc60e6,0,464
4ab276f56a22430f3316a6eb3158caabb7879289,0,382
4ce8a29d39402d51ef4bdd0d87db4d7ae4786677,0,75
9295dd6e333ff4427ab55af5ff9a6a8b7831a20b,0,294
ae0999449360ef954d512af6b6187caaaf1241b9,0,213
9a3b08e72128aa846fbd6d0af05288b4c4e877db,0,373
b49f83d2fbaf967ea7d4b01795e2d4d36335b6d6,0,256
d43abeafa96f2ab32569ab6bf11b20c5c61487f0,0,372
375064dba425b76f1e57d858ed31d1702aa7deff,0,961
d9a85964799d4b3d34cc49c88bf3ef6c1749c6ca,0,53
c84649abaa02dd44ded7c39f7ae555bf1947a00d,0,408
3dd8fef4aa0206c90f645cc650f59b3789d2e58b,0,252
96e3ab8d0f0e2f11837bd85a1779138768af0b5b,0,1019
140a23b400de0031c71d3eba66d189d342b992b5,0,595
5c7c7f9e9fb2aef4816ca7686bf1203d92b11b88,0,359
2e52e1eae4770736fb2fe7dba0b9e00212eba12f,0,103
b82d2eda13acfb9f4c00b2a4aff255d40f34faac,0,194
38c6e71a4c0339665fb3578d55ea332db153424f,0,335
5f7cd0b348f0562c6fe7c1844a2c5d13fed775b5,0,252
201d081691a18e7a42528cdf730202df28f2efe8,0,227
f9b610d2ea48456217c463d55926cc67be2ca947,0,430
cad9908866dcda271cb6e5eb439f381649bee397,0,293
4a21f068e12c3f4e8c8f833e74004daedd986faa,0,258
ff193ee6b740b0522d40a1596106754fa1792889,0,211
829a025a226e8b2c71a16687679df5d05658536a,0,291
cc090a4e4d9d4370d7c61aae9f5eceefd2fad907,0,86
70a3a3e5e230301bb53d46068315c0f2c5e91478,0,745
fd8756f99069fe210c76670f7cf082488ed8460b,0,870
29cc4259377565ad289fe8d93efb91167c92b398,0,516
0dbdae28049a43739bc7a1244552e0e3610baafa,0,71
d41cd0111723e500160dca82c1e2b25f9d43c56e,0,486
00e00b75beebeb7346a7ee3983a9ebed42e3b1fd,0,99
395244f2cb55d7cc2a662a3bbb04c103e7b9bdf2,0,222
b8d7a4e615962aa034b8b297f49203e58dd605f5,0,557
0301971aef19171cc6175d2cbdfcc8cdb1c4acd4,0,85
dd25d5f1496852bfa26822758e230b6e1dc5a7ae,0,301
e1166489166dcc6f2b9ef5baba20a0c0659e7c21,0,916
4899caa8bb3d3eef850fe2e8dfb85456c5dde783,0,504
09e77d87c3f451ed532b254d4c83dcbc7b09d718,0,340
4562b296813728e5e4a3fd6dbabd972f8a7fe7b4,0,351
9bd45e515f91b3c11acde12760509a0fe29c9bfc,0,480
03bb5ee1afa57fc0580c2b1270b01c5fa48a6312,0,164
4c4c9d3f2a7eb25857075d9dfb2b122ab4e3cec0,0,440
ec7ee3682530817bc3fe5b382526d910c5f9da8d,0,315
63eb08a2d2e4a9be271d59b02f11217b439b06da,0,152
b197200cad512f14f54a86a9a8ff1420a66559d3,0,540
bfd1467717ebe8bf5e0e50853941c5b1958bab30,0,424
83c19b99a7d490f24030b6cfe6d8347d4c9a3fc1,0,575
452bdf6039f917826b45c457db80a28d6e57c7f3,0,89
8091bc35aa42114542030dc11097de4784a73a01,0,162
5e1ef1ac1d6c3173f18584d3371acd7cd020c05d,0,323
8073b126570be90f42049c7082ba88e53070ddcf,0,209
744fa271d60b377424ead8e77ff7c27283819d9e,0,326
09c4b993efafc7f16602f76f1b7e2bb7636fe37c,0,257
9efcff7c6fd2297ab2fe3d952f31854ed5ca2e1e,0,357
ba007e58d4432179fe68d5da76413639ca4a83be,0,257
2565a126acd808ab41b682e92586f00a3cba12b9,0,386
6ca7081cb248ed95b0c476447be071c094fef1fc,0,203
6cd98037dba42210414477463f9b8085bd9ba160,0,620
3bc5fd0ec4c5a83700b1a984c8394ee6127951e0,0,837
571947e0811b0977b4ae51ed9d2fabcb96298945,0,451
7489f38ebc5cd16323667225ccda405230435845,0,79
0941353c69056fe3b37ed52bf19e0010c945c021,0,232
5b8d9067d6308ab2815c00268afed4d5ed7e5f2e,0,430
af7ba208ad13001033c18a64c47039c224199b5d,0,91
687a2c27fd8f81e3951a6878c03abd3136db925c,0,571
03c5fb65b34ae4f0fedbae28cb5b7cc43a5e6305,0,301
899c093d3a703ce2fbf7c085947406aab1489118,0,526
e43ec95db3b8e0abd69e61397872305d65ea5a23,0,1440
ab088c8b8a593b98a52e7deeef328d79efffa176,0,224
6a7c0aca2475162bee48555ba0f12dc504ba19b2,0,103
90a2b80201157ae9667f46e11d624bb96a995919,0,668
1136c1a5a20c81c4c66f70ae8b22c1f6b4e3bd43,0,558
4cfeef9b53d587c56e9f059252feba3046c01a46,0,389
19d497729f9ea60c6ae54597896a3e6fc58c2b2e,0,366
8a3328b1309584c1b7de5a61d35919ba6bc31464,0,513
51cf51bcfdaefdf537feae8a57b08041985cc991,0,73
dc426ae470b049dbebc45ae2c582334ee99cf04b,0,176
c682437195a5e6ced9dd614c2d46c92cf66d273d,0,400
408b88f77b1ddf766cab1b5193f812fa62596042,0,185
411ef776d563cebad0cfff076cc6f8c6090b6cb4,0,122
3d951939137c88e530830c805a1aeb594ece2a42,0,754
6d0877cca08ebb1c0c8791cf47413ca9782831f0,0,197
08777a68349f64e29518ec7dd378687daf9037c6,0,437
9ef6b8ee74a1d381d6d66cec5d6b35d18645b260,0,77
27709dcdf1c0cc71ac90c536fba659ea6106c74a,0,111
53c0490cd3cca5410f2f98145bfb18636f6d949e,0,547
b6ae23bf5428ade143683137bc7bd523274b0e3d,0,886
57170a6e5a36dea4bae22e1e88926c2ff1c05177,0,730
b4158bd2d608db29fe5cbf87a7b7e9b5386b3aaf,0,458
5167848b813e699d1fe16924894dec04a791056d,0,439
1001f81031cc23e345cfa2113262ed1234725dc2,0,166
cbada4c475b09c7ecebd78530118fa84fade67b8,0,150
30349117738e35d0aec1369b050889578352757c,0,269
4d5577158971e39fd05cad7db35fa11cee9d126f,0,144
d90486847eaba5677291b6241f8c8d22e640eb51,0,1236
5f458991dae18174ab7a2cd3f65e9f9a7fc165ac,0,109
feff9f0d51fb7897f83a74dd4834368cbeee96d7,0,541
fdad063f4680f4c5c18351b25cf509833c926d0f,0,416
f94d65ba73608a9f63df7d8431cdccd38651ef0d,0,109
dcdc9b702165d9d9a7d492f91ea06f7d4ec2913d,0,448
058e7057edacb77e54b9b8f9d4582103eeae9e51,0,378
cc53ad273d549cb6a1a24c4c8cc787da0f10661c,0,313
55c43b92b37d9eb64f2db2ae16d57fe2b844637f,0,398
baff1265a810ae82139234d1d86632f5b7d3b9cf,0,194
d6e5149658e5c58c81c440a4e58553c679988bfb,0,292
bd8e88bf43ff8cf2f73a01ad0f22739071b42ca3,0,1121
365764bdfdf4be194c52b9523c2812f74f291f7e,0,383
289ddccfd20f09fc05bf8bfcc2ddf9870144a6a9,0,436
d2dcfcc74f1d422427b65979cf5f748b326098ce,0,71
ae1a6685b8ebef8b75fdcaffd965442a0d164244,0,210
2d14e80c398505dfc7efcca5437a194a0c057c62,0,205
47d4a02be57195fdca209d53bbe15f5bb6637928,0,462
1c028477afa1bc714476de28d3e8631b0f32c41f,0,282
64bce84ddbcb2eebc02bf532ca371bed93b65a16,0,51
fc4be365c5088b95749d95cff403158a2e7541ab,0,184
bb9cb994d24a800c248d95e9cc2f57f822b98b35,0,505
e8d2711ef92e104f7245cf9473ea542211667c0e,0,536
5cad43476a79343b78d2a41531c4bb62496937be,0,219
1ce7e6887cf618ef66eecfd88c87a8db92936753,0,537
dc2d0c529bf57cdaedbc9ea19f6f3b0ee9f58b89,0,117
dec67c0d1c717adab12b02c32873518912ca18f4,0,74
1e7f2c99540867eeb568229c67d09618cbd198c7,0,539
eb4f9927bad02ec354f34a1d3e64544f70439388,0,151
9bfe407d27051295fd36737543c7825013142be3,0,162
23a7ffc06c904f301edf46911f5a6fbbf18aff93,0,373
df604c32a75c410fc4e77ad75fce8852b0df345c,0,184
a170ba56a1596315110128fc82d119e35f492137,0,553
8388c2811d59e9d615e90c74550d19de4bc1d5eb,0,279
dd99010f16111fe48c2c460d47a87c72d5940d01,0,113
0eb5b800984a56918e29b4b3e6eea575835960cb,0,108
46fbbcf04d64317bdf4625a0e9b9a3f3572cf9ef,0,81
12dd0f6b92ebb34eae4c2b30423c4bff08b49b04,0,110
28b0c23b11ac07eb59b4a9bddf39716d6b4cac50,0,369
968da132c80251b648b3cf748d8bcec8200d432d,0,275
898528ce63a34aa68587bfb9d43ef55430b98c84,0,207
7da2a832ddac8e61f8e73a7154e43e5700c48da0,0,1108
9eb36f869adbdf16fbe5e7a7f86c5d546141b474,0,551
1237ef223f3c290be5932279f16497d225558abf,0,133
beaf5cd377d5964f62a37905a4675ad8796b8316,0,474
28178dbdf2fee9aa47eb121f48ac5ac817c515d6,0,1189
739b8db711c89c1d69571c247c84c574725216d9,0,243
cc5995ecfcf0d477ab5903e0436c79d7b42ef195,0,598
94cd719e6e24d1dd224ba94b1702e7ee5599d658,0,793
0c01c1c5d89eae358b929fc628f0d7955b33cf8f,0,389
04f57b2c5355dd433f2fe45b7768e8bbe3315e5a,0,605
7e7b7a2e5682381673f8808339262698a5fe7109,0,675
23f55d0f5710209c218e327f1440a8b0f1f0464b,0,290
f0c60c7cd2f89f07957a57a877b276536b76f864,0,190
114e1a150f873d484d92d9929f95c71badb97b97,0,382
5bbe2ba40e1021230cc8dca8bc8f54d48b11cdcb,0,78
136cbcc89d8d629e05f2b8d896d19c687ad7adeb,0,334
245d4cc9b39115a82031c731e219d0f01f5f3f96,0,113
12996461bc28e9a4e007e75ffd26a54f9565015a,0,325
1c1d38b1808a784feab736ad71d417672dc99250,0,310
5099d02939de33afefe8efa17a849433a51462ea,0,166
eecf29f83a16694359a259e5ee876d134d1cc3ca,0,255
1f2b24c57cba186b85713ac4cb310f20312e78e5,0,155
4e1cc56e15e136c7b758ef1595a863d8ce24cd1e,0,399
db13d1868a718d5971eb4ed02258661f1f47d105,0,87
0c4fd9bfa4516e394ce29332e6cbe191630e98e2,0,189
33687857087e2d12b475ca7319e4b4e624ff97aa,0,460
ed1f24611d233de8bfc63f07b81a448a3817bc3b,0,787
b6af5dcc00647b2c9d81d90ed644f15d855b1c53,0,122
5f41557cc1fd2f5ef6c6b716d76b625826e12b6f,0,397
7947ff5ff7bccf14b9790a37d78b96d8ef4285f6,0,73
01c47b134e25cac8dfd4d8941ff22b8d7fcb825f,0,139
7eddface1c49957435f46f83bb0cd1934c37788a,0,298
57c4d0b81bbff7330dc19f82baf565d23c3569f7,0,956
0ae5193b5f0af480be2b914fb46cb9639717637e,0,119
b9add88ec4e1da66e9a856e26041ccdbe1427151,0,111
3cf2055338e4312831bba9f488edca5a903c2b73,0,537
cfe8da362de13916783eb0abc563f46cf27b3c60,0,50
04080d1a05d506c16deb4928fe738bcac204b85c,0,55
f00590c6509911dcc2cf9d3a52474cac288145c7,0,139
8ddb7eb72decfcaecb0d02dda9eff183dda57065,0,388
2a5e9165ea6f68cc62092bed180c62ea0bbcecd9,0,223
917617474227a8b8db611bfa9bc4e5d1fff0b402,0,442
b95ee2c23c3657e2ddb98bbb4ed35af35b03a116,0,101
c429cc76b2b1f305c293d8fc18a8ebcd313420de,0,181
f1c27cbbf5f552d8e78eb86af289c8a43d3d5e03,0,552
59640fd5e36c9650581a95a3a0661fa652bcd5c2,0,231
76b44c1a17bb09eb45d9d24a9758cfdd2f3ca2e7,0,443
5dc2564e94aec90dacbc522946c5ab8468701a4d,0,541
59e7a984ea209ab5eb68dee4521bb6fed7e9ab58,0,571
0f7c938374bb4afbd8cad6772d9682b579d1580a,0,120
c8ccda5291d4f429c813a44c25606ad6f5f47624,0,869
476f31e25183e89e554f7ac8b2231bc649b4c6ae,0,115
ec3600edc4d80c6f95311a0c5d98694ee2663e30,0,130
25656dcbd4ba267045da3058eeb09f8ce3851e3c,0,511
e07f0e52c0b97d2107863683ed4707f01db2be3a,0,363
4ea796040b4db232995e0c641bee4867e174e618,0,290
435af40cef53b17756f4aa80410ae89ebb6d0ded,0,297
72907c5e76efd31b221b854fbe6b9bc4a20cf0b4,0,251
a43e238e0bf1dace23807a4b4b5eb697c351f609,0,151
eca150c2ccf225a7affc7b8716fe0453642ee7e7,0,389
33561f7a94e57368cb23c84f54c8849bcdc61944,0,298
b5f8bd82d95a8ad9ecd65d642d925b73c9cb11c0,0,83
d9a1d6efd72decc61b5b61659e5d2e7b8fb04dbe,0,484
7669435786b98aced648dbc34a1f842225118501,0,316
27f721fe2fc0f9f33f483c5aaeac94579b25a91e,0,138
db07a7917309be52f0c4f81b4e9b1af89073498f,0,205
a7a16cd2a7db28868082f96bca78f3e795c06bab,0,581
d458db147cd00fce7fdd754b73365492a6ccfc1d,0,111
1b818059530e77bdb7b459fbb07d42459ff6049a,0,318
ee77c2da2bd88594046994918a637dc6cd04a606,0,580
a89a3ff2650f84cad5150ec669c799827d13648b,0,837
9d0133938a6e0993b921ffbf19fc807970eee680,0,126
4d327480127868d3362a95519d69b4a67ad4cdd9,0,181
22ac6a1b9e31fdf681418f67d9d7454781a585af,0,163
a4e8014d7c61e4f60fbc97e8c5f26a489da7bfea,0,261
e48def66e18f0e43694cdc267d98048facc12a90,0,612
b3ee9993ed9ec574eefb6affebef8ee965acf742,0,397
7190908118c69d9c6c5c2e2837796b872b5b1e01,0,58
6dc24bea399cf906ed285a0decc84ec0005b5934,0,144
b27e68ced7ee389df4b7bc7a98bc0df5076dad51,0,498
d8cb47eea7424fa3faa79096148707f3a8a3021a,0,522
659feb6da2acd1d6f69b8ef2314f465f7e89e742,0,230
1f2f1c64fa9e052109a8dbb164ff916a8480351d,0,163
998d71ceadb622d5bd39f6aef13f22f69d9508df,0,274
f43bda5649c2fe55bf3d2c07b643cd7611cc881b,0,530
41060136d3b473fca24d1459fd26f9bd6fdd6eb7,0,498
e967a1f68e8dd2e39450d7f3c4cc6f29394e5231,0,843
e7daf054646c27eea616c18cd58f0779759755ac,0,452
792332cfac81f1d4464431e78f206ce9dd6371d4,0,871
a0faee8b146af3591d4de20bdf16a2642d819cd3,0,190
000ec7a37b7f2a6b2aa921782170dd911f338ce2,0,377
2538a2206a0c84d0feead622291c0e85e53b43d1,0,158
659169709e33425bec8de89446b6263a953d8a4a,0,211
7960649b69bbb432d5abbef82fead521fb9200f2,0,207
7cc2fc3ff492ea183250dee03fa757d708ca8858,0,383
a95de4e3d114c2b68684e8660176f476705f84c6,0,418
3a5ac81f75c544fe228d22ee90922e2dafae3dfd,0,542
78b44743b37ef38e48f77cc54b770649bee6692f,0,182
6fea19c575c56fa4f1a92f89140c6800cdab9034,0,86
263dd83a85dfd21d61d0fa7f3c157b2a72ae5a79,0,494
d16aaea960a249bc70c5b2fa05d7a0350d75ac6c,0,295
e45bad79f157f3ec774b08fffb3ad2436cfcf5a7,0,283
f10339cb69fb3d6aa9a7e7acba45e77a5670cf72,0,754
a8514164b8c5eab40cb5cb522f97d59f6e397aaa,0,257
debf53b8de11190b1201798354910785924797a4,0,100
575f6328601e4c10dc67800e91ca170c2350ab62,0,569
346ad4c23713ed0019edf5e147aeadb06fbd08de,0,499
ed5ce819fe588560e7c556ee2a0a9e16f3c6a814,0,528
27ea7fcc7d66424bd7e75c45eecb73c38ec96e62,0,543
9b63226266e09adead5c16387f46804fbf5ca93c,0,242
e34223b69950a99a2db74215c766e6f30028045c,0,94
6cdab9d43ebbc06e6705e807f82b89d3f8fc73f1,0,305
24307652620a5339518f9eab0dfd54fda425263a,0,564
293f1dff40cffd8efe28b9e1057eccc42dd8dc2b,0,1021
4e9f78f2b8d02607aebe6e1ceecdc4c1c358eb5d,0,372
9e151bad2ede378b35d9e1da71d6001de6df5cb4,0,420
ac8e1467bfdb065d8a4e2740941041540572faa8,0,599
2471d424b688083af1e8ec78ecc922eb3c764fd5,0,706
c744fb4f8d342ebbedc0a4bba5d53c1e742418b4,0,556
ddf4dbfb12d29c3288f38d501b60c9d63d0f83ed,0,530
d4e1f2aecfe5d9bcf1b5f154af2576a7497b81bf,0,521
5ea6e960b8e8a21e6f5393d90e9c1ce0afab8588,0,173
968a14c990b3694d5ca5d8b1079d0ae0476f5a60,0,657
f74ee8245d81f3eb61c1e0f4bab9a5a98a0e3c8d,0,850
a8b15ec8b07c3b5ec7210a59071ce1d69ba01d14,0,230
cc960b75b2dc96000479d817a5cfd02fb88bb2f3,0,398
75fb15028a00b1be9d532e47186a1f530e554a12,0,332
14b1de6fc2f42038f413a61c9123026666bf65b6,0,299
22e46fc2f66b28c1a6ed0c5cc6f00ddc64c6bbf5,0,230
5735e868bae8425eed40af052c928f5d26f89e6e,0,294
890caf75435675f14c2f4e9c18d8fc1fba2e2a5c,0,172
e9b485a278075f1e2f5d0545acf36be81f750e41,0,226
feab7c7aa382bcd41f4f0a0aac42882ab0187ccf,0,644
f0606ad97e300b5760e4246bf7e38c8508a692c6,0,749
8966ba2ffe6bd9d868d2414ddcc56f5e84d2972a,0,272
c92a83a19792021ed01f5c3fc4fd0f104aa0a466,0,502
fd601e042c9acaa3d4d890d3ac025b467affb62f,0,219
a990537f1ad8cbbdc94b0edd2fcf06604e59123a,0,332
8ae59ebf5cc97951228be91d5158f9db2063693e,0,712
c41f3b2fe33a949d08c7299802017182c3b52082,0,335
d44f3effc0ba8a2b34ebdf1f84adb8f95cf9aef1,0,107
2ea2ed771b388e9734d9151c71bb844a8aaed7ef,0,423
73206aa5516ca5abe87e500536f3d572cb742353,0,597
789db8af8cbe5537cd71bd307e88e65c4f4f99d0,0,126
46c3ed06e2e5bfdf32270c813f1575574eb1c14f,0,282
a2e2fc9ae429b7073f6c5f1b1f2b9ad35dd356ed,0,86
5cad7bd3e631325855d2aeb29f24afb07bcac257,0,286
399f16f81d5881080b62bf023a7c8436e5d8e0da,0,257
9b045e60dd73ec8ddac4fb956890b022ea3db3d3,0,319
86e2ae8ac9d39b7913933837a3d5d41052712dd6,0,194
2ddf405ef693b1e0929a8bc77fae4fe03447aeea,0,145
9561e08d333a5a3723785a0513b81bd93536435a,0,223
9aff308cda77bf399e249b10a4b853ca4d4ce5f8,0,59
0e5ed20fd48b8583723d4933bb117dc53c7f1c07,0,236
fbfc1afbb246c5f1f9c0fca4ebf4c5624f7f8fc4,0,259
ffd2534cd6bef27b37cf8f16b1d013ded8cd3d93,0,457
390654838c79e81eb561c14908d3a7d5a28a5469,0,183
8ff079c6bf2db3b3be0a2847eb10f0dec3f77170,0,154
1f0f8885383fef013256711de0078475cabc4f08,0,207
9a5a4d53f446e20607f0137c68098da8fef4e876,0,99
21310c36cdeb53ecc10470e036730dc5f94801c1,0,108
5fc49cb75e3b4a87de0f952149357c978f139ee9,0,220
c84b8aea7ef877f94972c60325123e8da0c86602,0,634
599abfe24a15bc77279adfdbb294305ad5f6b075,0,83
52c18201b1c52128c823db9f7c4888d854aaf278,0,367
3a0bbb9990a1a53d078b813be535711a47839ec7,0,214
9acdd001d0a6dca8b2c13b95095d2dc9ed9970d4,0,358
10863b6054bf69e80e8e0d85edee7b5d73544fba,0,869
eb1ad50b870c9c0941c0aa062d6b294898e3ee6a,0,454
c0c4ec7469f2afa1320f765971bb863bf59b5dde,0,155
7db399e5d42c3a0a0e2a8bebb0ccc2725bc50bc1,0,189
2fa168981cd57bfb34836c98c451fe68604e7c3a,0,133
a619c07b5c848a27e3e13dcb22d2f053ac0e1d26,0,323
53b50e5e67e2fae3629c87d6a4166118e09c76aa,0,234
3ecfd52f7c4bf1926f956494492515d6d6a1e997,0,481
9ef5812453e43a5c96387be5b5792fca76cc33b7,0,276
23666d167edac8bbe28ccbc300a0181529f15017,0,365
36131ae30171a8394e8a7935c54822e4cded4fd8,0,126
86b3e1151f426b8d3fae3babc4b977019d3a81f8,0,897
f64eec1b0a69d31d975c17380bf1d6c79676150d,0,572
f7ca1e6cec1398748798dd17e462fc9fc55cbda9,0,194
4cbf1109f5e5225d3ad374186ff9a7d9d4165def,0,395
9b9e71e4c92af60f4e478ef19c86aed7aa1847ef,0,303
6323bff6ff6bb15d08ac5b534dde54c3236a45c5,0,437
3e872c34dc060542b90481e6a00384ae9a2f4cc9,0,67
895238efa25f86225517af1d51b20958f3d40833,0,355
0100248e5b1894ea75f285a9d467ccdb708d4494,0,284
b6e0712d334639ecd9fe3cc76c0f26124aa63d95,0,630
ab13cedbe047890beed1eae8c85609b036ecc143,0,176
d5823d722032c11d22c5d608f5392cbfa8904d19,0,236
e57fbc1577e32be68e7647ea864c455d2161c9c7,0,224
f2fe77bc2b8ca5822bbef7aea2270cc7447993f4,0,320
d4649a8bb2cd6b61b4723e4fb381cf8f1de1a18e,0,513
ba10a48c6b2e86e1719a044f8fe2bdf122bfa181,0,131
b18e1abacfc7ae780c97394c9b1e76d3b7d5f5de,0,423
41d13c8cab8dfbf8a5c8845b397867c84cd99be4,0,133
b39a5c108d8ff93e9807825a6559fccfcda5b210,0,270
9d1240b515d9b6fe0139832c00e32fe688d5e5a3,0,463
89efbda4a7442f2681fa29256b28dee0133ee327,0,80
7632be6955226eb17068aa1dec79b0722129c25e,0,184
dc02b3ed9e9a00f391ace84e919ce89bedb29748,0,1099
1e06633c79d30cde36502b9e7dc4ae8722cf491a,0,424
e5681b29ce145b23a888a95cd850c524266129c0,0,303
a62e57ce0b5718ad3d782cbc448ae42deac82b8e,0,420
b143d5e71e629e94a582d1e7c15f2dcfddda3512,0,773
e43178e54c2eab4082ab2bbdc79eeef8a079ad97,0,157
c00c47050bdef47593a8c4c69b8af59aa4d18beb,0,577
7edf05f850e4fa6432daaca042b53f71959f0af1,0,541
83892d05f31742fbb5c16086beadf2e2fa58c744,0,312
d9005009eb7251cb0e746ef53b37c31c375d1c38,0,573
50b6e5e22e9ddcc2995cc56addce6f9e2d4a3cd8,0,77
cf5a891c58e047d705850a5e886d4c5c4bdc7244,0,471
039f1d65b03074f66ae9781113a9a253721fedb7,0,391
3e63f5bdc5451e6183467e5fc84a11e05201e062,0,329
1309c574854123b1468e6640d0bf343b2982a337,0,254
8c95b405297d6c01b21a8da4127c255ef005231e,0,51
14421b8d0a3ad5648e6dbca5d0525bbe5d06fe7c,0,322
b0a0ff2b9f585af8fc392deeef5703295c59fb1f,0,457
07116fd3f90aea5dd0725c9365ce536198f3adf1,0,154
2daa296e90c60155e2b8b231bab80422594491ab,0,548
f188a3d4caecad529332cc1fb3c4a5ebe7c676dc,0,187
bb379bee16ca12130136d78c3718fb4460649944,0,298
73e0fefb53303ee46b8f45c9082af468f77884e3,0,558
194c59a0b370fab76a963721a81b7b153113cfd9,0,54
0523ae6930f2f99dd62a3fdbf868545920d8da5a,0,190
20cda258c3690a34c1df19e5f747433f784bd7f8,0,799
71e8c8269538eedcbb428851c7fcca20379ce11d,0,1564
725b9f260f2bb597cc59259917cdf2d320f50499,0,800
bea246f4630e66f84b83d28ebcc120ece98ff0c5,0,68
04c899222e601b9639bdabbe130dabbe96a82fd2,0,184
50d136381a84349450e641c84716f573c2c34a6e,0,322
ee72d40104c9e749c371077a9e3940a5bfefd90e,0,447
42d0fa6ca2c70f778e505eb728886ba3ce687c89,0,203
009bda0b4b258f0b7e21a71e916632902be4a60b,0,512
fe52d9d95e9acbe936f5731ce04fcea5c6c21c21,0,450
b12995af8f5ddfb35d680d6adfc99394d5ba7882,0,750
6bdd2a4c895ea41a0f58be1ca54ce9c6474d9567,0,122
3ebb337f938234d8dce290ef7091d31ddeac7ea0,0,193
82bb5e90fd0c45a5bfe215cba953f1bf807cec92,0,323
c57b3ebbba28c283b10649eb6eea10105ba23e2f,0,341
a2afbe275ab7b7f5a36958da4433892fae7d93f3,0,141
17a4a2da29abed57c9186622d9a7a986bdae712b,0,122
21f454f40bffdf6104cd71a53f616b9bacdf88bb,0,1366
d8461272a675441aed5d2708eb3add41be73dc62,0,131
acc3ca5c055c2e12b1239e6be5336dee87230b41,0,508
24b32b35f4d41336425252edd7d752b5e03a3ab4,0,552
efca071c37e780b2cc0e242dee15a7cffa0e6052,0,120
7bfbb1668c6360d956f71dd00af2d6647a7e5fb7,0,107
4b216628876a06428f3fb32f72e2d1030e9902ef,0,279
d35ed2db127f820c236c89c98b6691d79939549c,0,114
19a5f97c2ae72410784e3e1d8808cc233d53efed,0,451
ae2634e562f63526525f0d9a7e41bc282edf0b9e,0,388
d97ba6f488ed73caa88e637ec028c0e4b0cd617d,0,228
e5d76ccdf879dee549510ce791990d108e32343d,0,408
6a344ff63a1a32cc106a8626365f300572ca74ac,0,197
311b9d72aa3bd97e5d864d52307db6c132d7c167,0,861
820ebd70666fc1fadab2ef7167dcfcec078be4cb,0,66
b993b2ea7e6effc4fd0ffb30327be9151dc98515,0,56
40d44225034e5713b25d2e0510562bc382685b44,0,224
18477762d125ede8e6020ada5edb10e2db43530f,0,72
c3e0fce04106c397e995f7f89a2855269ee88979,0,225
394684722652858fe80734c19fe12de9afa39729,0,591
844c5ccce3b1f3461f67c7b0d7db5165a77e6df7,0,212
5157eb9d878b174d1e2878f51a6a67eaba4308b3,0,307
cb3119c752ab04d86c531f5c08c7fe65c6b8a690,0,115
ce2317bdc5630c1ae18c1d380815fd3874f943f1,0,214
87860393c20d148675b1b444170340e37118c877,0,145
a1f540550ac41b2cf986590b1406e13eb31b89de,0,299
17a38d5e444cc4dcdc4390ff7d84df46c363b1b1,0,263
c45df9a541f4a97a691d2a0a366e0e593e49c96c,0,524
118cfd4317e06c473533b88d2fad4873c201f46f,0,253
c304a8360297663ea016f749306ac488989321db,0,81
0b042912af9cf65836c8450ca88d2fb181426011,0,141
0fc2fa4b14cc8b5ce07d1a1378ad65b59b712c7a,0,520
9a5fde7f6cc06c439936cf5fd25fadb727832b52,0,220
4b4ae2594de04f88100f256dc46308214d693716,0,582
56644339c4754807d50194c48ac001b474344e21,0,440
22f983f4c9931fde9b23d3f8f5867dbddf38c7e5,0,161
56d110cb34252ab40a29d3a501e0041cbebf5fb9,0,730
e2706efea31601bfc9780d653dced23cbbc1f463,0,475
0fa3d4dfd6474e98760a332b09d8cffdf26f23b2,0,1004
ad4544efc1b8a53254260edd03ff06052bc43f2c,0,700
12ea10d7302b73b8c79a9e492bd8c09f8f54cd3d,0,274
d5d3af95f666a2184d6010289fe4707770a73c9f,0,142
bb1325bf43660ebc521013805a2756abe1049a90,0,137
a2443a08e441e4e772cec4da2c7f5326b9a928d1,0,115
024ae68377921d646302d8e97a3f0efe03515a48,0,584
d621cbd5d2687dc930b004b56fcfb89f6ecc7220,0,458
25a1f82f194ea978dacb7e793ced3d403955456a,0,510
77f7e0e9a5b21f2e513ebcf78812f0952824657e,0,591
5d264523aba8f8982bd3357b9a6b9dfe6d0950f7,0,235
b7b5e0252b0d97ee398af33fe03e24f211e5484b,0,152
52b20cf95d761dd9f82d9261098efd7f92ff10f7,0,158
6ba69c114b9c285f7aa372cdadb11b12927f41ba,0,138
1f3dbaef00fe0212fe860fd317d4b8a0f2e65bdd,0,342
e942886353d7a559b2a414613ae8ac7c6928d0f9,0,371
90803a9c9c6dcb6a3e8ba95f3b33c51604871e77,0,295
427b4e00d97d510df3b946737639d21cf48461de,0,616
2c19d7518e8244f4b5b198ee1f7df28f008f9254,0,376
77302756ce7a2f21ed31834a78adcb2e043813df,0,592
6c9af4a89cab2eb26c18c96219c139b875acf470,0,375
5e5b25a78b6e58b12052b919067157b7042ef220,0,126
e0d5000ae0b157d49b8db9fbf460e491b2daf0cb,0,470
5abb54cd6949160d84b9623400d63e1ab8d2fd78,0,563
37521092346d5d031fb4dce72f5138034981dcb0,0,129
d9e26c936d943e187975f590153056c6b95d1db7,0,197
66b82bb49807413001041eccf65a7f637e9b945a,0,175
62fa7bcc8c20c62ed83f578adf63adc79dd9a831,0,144
955db43afecbf4fe17727cb1f9e50eea3d4419ea,0,61
5931adbc650dce50cb38cd2f0fe596cee6700ea4,0,193
c7d3964d66855fe89dbd19ccfd4200489acdf036,0,70
bed0fdb6d7bd38678d4d8b3cc4f9406dd9d3a735,0,380
5e7525b78bc019b16e92bdae1b3f47413d3a5975,0,151
c46a9bee7bac494aa8be6aa4384a381f66ed6b75,0,538
9fe1e245643c61a1959cbc005b2f7951e8bb3eb3,0,285
61addd33d6cc2a0cd07df9583144f36749e6cbde,0,496
8941f81e5e7676a8558ecc15d0bd4095defd5f79,0,452
e6c6d51670aad9946f8ed2403c3319b64b5a9c69,0,148
a97884c1e372411052d3cfee0d95bb621f61215b,0,539
736a52ed7086acfe45f156ca67fe4dbc0f1b80d8,0,78
ae1246b922ee7c220a9e09adaa93cd4d917670f1,0,445
d1f40901acc57c4cd8fdd196e538ee70367e7f57,0,921
c6ec12c16dae09a1360e782a3f151a5412c3d811,0,221
bf593881b5da950c5888acfc8cb97193a90c496b,0,1334
a1ffb9a49911c71171c72ef765a845e2a263e45b,0,74
1397dff943d33d88d5cf2f28de8a5896b870f2f5,0,369
1bdf81e81d020e8a79587d28385a9366b5180f59,0,443
a24269cd565367f1d081fe92fd41693ccf912527,0,531
28d7fb6f4127d29dce2f4803181e8a4cad98e20f,0,691
e0c01afed403cafd3e183ac4450e2bd76255e62b,0,112
8be52a66f390a584eff7ba2c2fe35561c3f71865,0,357
3284ac3763f23ae30316894b729012d96934e94c,0,105
ed99bfeeffb5c7af254a39577f71a02ecb2fee9f,0,541
a0383c10ed649641f3358f2e73c1e8f8aa9f2a66,0,290
f0da2c8b3185a018420f9cab34825da710d44167,0,545
bca24f094d8e39ce26d273b985a028b39966dbae,0,246
e584374b22b5bc9c361b9460d7e941ffea96f856,0,392
0330c6a074d568a19c993fcb795caf9116841e83,0,162
7e8097d394e8a07433c96b0a2e2d06b2f959ca4d,0,327
4386ad23f7e8cb7aac828aa3bc9e8dc7f3de5e00,0,524
b9050cf64c59d211db2e0048b6cfd447d7122acf,0,508
5d7bdf7bf9459184a21b5ad30446dae653bc6e56,0,115
eea9c21d559d2ba819c1027db5bec3a7c4813d49,0,378
add0bcb4bbde55f897acd5f2cc538ee56f5b648c,0,110
cfefb6d30bce2f54e4752a16b2da2c712e33ada9,0,143
0a4a3a3d649c57bc734d1534e64d632e538bee80,0,507
d82d21b99ffe7a331c09810cdae4b9ea2d806963,0,477
576dca3995757043734fc383af4a2cec586b06a4,0,106
01a80ad08a96491c40ad4a3b3167b3f6b6463994,0,128
07f8941e298e1bdfc233dd51f274fa4c8c72a37c,0,85
b5d9e130a7c2e2f2518b137fe121bcd75c968caa,0,71
b390c9d09fa3961e4cc627b5ff7a5f0f943c4289,0,245
98fd0a799e02ae848dcacd3b31cb36d13ed1e8c8,0,225
77f6df298e90eab0fb3b9891917bcaadc4ab6cdd,0,391
24d4158b404c02b5000e7f4b7718be1fb8244192,0,221
77df83aaf3a618b65227696930e061d357d653c3,0,127
6a5745b5369baa21a17e0c0e8158127582549811,0,168
592c4237d0382d5cc3f1d78926f80c13c44797ff,0,103
29188b77b1952076c41e2dd301f15d917d86e872,0,94
434c0ca976e761df36123f1c264c4803fb2f6134,0,111
e16e09ac6a5db829aea77ac968d6c6d716f51a37,0,282
362fef7847b64bce120b1264ba40c5107fb4db3e,0,248
16c7e1225c728f72c070448d352be008d2c312b1,0,284
9fdddd0ebddeb35807a37330ed88cfb34214db37,0,99
e71aa369951396b91edd861041725697d18b6065,0,74
f1aa079a79d66b83f3926efb7b6f3929dfde078b,0,90
1fee651d3bc5c4c7733f2fe29b52a4929789b0dc,0,120
9b00d242776b829c6a34b4d9a272c24257aa9cd3,0,279
0c3109fc33767c11d671775b987a3f1392c0c8eb,0,392
545a4e94862d172d6e6e433faae2182b2121fd7c,0,255
6c7585f864097f3115ed1f542338b305ad52d3ea,0,720
eeeaad3d5b4bb2eac73b77b39fd561d90fac4057,0,122
598914543300e34f1c9beaae849bb55e109e3920,0,126
eed525b5f8c65a43bfe9af7e99fda310d37d7253,0,112
eae162a227a688bc9ee91a97ec5c06dff2803811,0,330
30439406653d5992b31d22209905ee5c23f36049,0,312
51f4eef2ab2e3c21e0eb52fcff049367a84fb434,0,126
046986272bf9cc42609643d882fad01d7619d033,0,126
6420742f811710bc03e25c411b9ecc6f02f35fce,0,559
adf4e20a8509017ba8fc9650d361ba46ef8c1e05,0,412
0712c873a7a0af5b6b5f54f817471827c8f132a7,0,231
3d346dd80f29de2c6ea6083bf821a022ef983759,0,196
49a375dc2b5f616343957ad977cca4bb86826877,0,515
6caf8ad2771d716836f27fb2b08fdf3ca238b0cb,0,293
911a81d66d09afdbe4aa127ca2f876e3d5a51945,0,654
cc17cab82432d4710d9992284b9585d44c3b6de4,0,198
2a4f110296e363f5ee14a099c4cef47b2e27c6af,0,550
26eb62ea8d7ee5fb34e8031940c2826ef4296171,0,596
471126c33e896a477e649b37702582662e6ea485,0,342
c23886d5dfabc11d7abc5512af60586893814449,0,307
1ccaf4804bf237a96179c12ee045030ff800adc1,0,231
734a374842441796e14e828ef4269702ff8e28fe,0,367
a348618686a6606b8a98afd6da3e6adf6cdb292e,0,333
428feb71d2b7e37ce878460f815b2ccae8abe4ee,0,478
f270976b88d827519264855b274327d74a3411a1,0,109
e1c81bbdc3956ffaa42b00f8bec7fbffddb8cd57,0,408
008dd033d93930370b9413efc5b200f4c70848dd,0,717
876cea9296237085ba3396f7d459f96c40ca1bfb,0,89
cfa519b82776064b299394fcd24ddb68884deaa4,0,247
58e79a494885df427cb75a5e0dd33e0ca1568c5e,0,249
f374daa2467742ee08d66358a9258fb3f6d6e849,0,320
a22fccc01c17bd2e61a9b566320b91de05c26ed8,0,329
a71b9f7a278b9c5612631256f44035e91b89e1c8,0,366
1115a25b4c085ce1d0503b1cf7cb46a7deaa3ac9,0,253
8727a8e0fb54612a50432589921548a595c02183,0,405
7801a0ec89b8ca1bc430c98680c8b2850d0c357b,0,525
ad93abc324b03708a5ad98b596561eea386bbcde,0,164
1c16d2ac4a66ab10411e22b78c817eb62b99b307,0,802
6dfc6c9c7c55837e480e2f5d3a31c1d549be5327,0,90
11bd924eb6cce4cc6c8eb9bc78cc53fce26a6fae,0,464
d459ba853672bf8c3f87e7dc1bb0e7c8b6c843ac,0,78
66a2422f37173a04a925fd076d8aa77f1482263d,0,759
e97adde8843fd465e595fd9deb7c9bc165d53b35,0,136
05b3762a75dcb21c621d58b725d3ed556afa4a94,0,115
0353324448c43a52b248fdcfb6069234e54003f2,0,614
bde4ddfb9f6ca55e142e5787dd0184b9988389f1,0,133
7d00b9cea13ce72cf011ef1cddc82d915eef6e55,0,597
d274a264102cca4d40d655e8b0ffc07b6129d16d,0,314
ee39aa433a175bc5dd07c2fd424e8de41179015b,0,413
300d318f3205a06133635ab95c8a28d8bcbaee5a,0,190
4e46db8a2d8ede80cf4ec9cc92b394a9fd0f268e,0,427
106da218cccd91ae75f859968574272e1b8e9c7f,0,499
8efaa66d214b463705ca64c3ebc8d3ad69b91343,0,57
7498d9ab29c7c91913a40bfc926ddc2035631415,0,569
acd4b4021506d90aca2ca68b650c9af32e1e0c1d,0,143
f43f532ce10010c7312aa89699ac8e9439c7ec8e,0,403
9c5715fbe235c949928c0f635a79e11bf9e8d310,0,115
2b130e4f5f5fa1cfd3d6715a0e4fe374a9ce5989,0,212
da9228fffd30b9ae0023ce8ae0317b1fd857babf,0,411
ae0b4d503c5f46eac2938e02887c1e01083714e3,0,453
3175adedc444e4dd8629a7fa43e079ce72829057,0,197
64fa6e43dcca5d6235d12e5592808fa710514fe2,0,371
2bf878881461ff2d4d427a08996f016746e04a4f,0,669
f92f7c4ffb3cfb0a7308bc5cc4e07faf07404e28,0,628
329eddade4fb4fa7afc008d729b3995d5dc7e978,0,146
dea455d1c27d864ef1b0720c008e197b77a903f6,0,334
486afa52fbc7ef7b19aaa6c1d6125a863b9971a4,0,504
e5c03656a6e1a3dc3fc22fdc592be9e062b5599d,0,575
a4473d3680b0040d961af0b02933d89ef3e64cc6,0,1065
f51047511a3a23b10380f0cfcf357a27bb1f6b22,0,112
c0d678ce058eaaba68834934ec0dd07027b5298a,0,255
f4669be72c1982839a4e8284f5024c9c916e8f78,0,607
e680ce86bd026476aa5d18dfdc24aa630f1b90e8,0,555
c4667b6b084d1dc21b736029775fe76aca377ef9,0,730
64d8c4e93c0c63a0907df07579fe0463ae16fab7,0,78
472e09c20bfcded5a4caadf7aeb2548998028d8b,0,273
4f4737778f861b9ea7bd6b519cc37950ee4c7969,0,167
8e0e879f67904439b1fbb2231937511cd613cf8b,0,254
06d11c9985f1b324477bdc0987cc03ed9e4d20e7,0,373
9f813afcd7405edafc2a39d2c0d61387375dbe39,0,76
ad05f3c88f47fb8e03220c56ca22c375061a01fa,0,274
aa3922b70a70d098aba9a6b89dc74c1c53ec11be,0,599
6f24abdfd3ab72813101f1ccf69fec67b9306eb0,0,401
d08966db46fbbecb629ae3e9e9882dacae26034a,0,100
2e576560e9a21dbf7794d122276c8f341736ab0b,0,292
ce2417dd15df83065fde237eba248154df437ffe,0,281
9b7eaf316b669b7cb0d34a58753a430fdb1171d3,0,117
bb0da270a2622387dedfc2e592cde97bbf94092e,0,329
5503232cf4b5703523b7835d9e3355398c08d05c,0,385
4471498c6f48006e64f023bc863dd768109827f9,0,176
3983688e0f278aa52d2372f85f90e0bbf276619b,0,62
78854335f5782a36beb7c625b257f2d107f60aaf,0,180
ed9b017c4bb9354b684033beb5c9520096f1332a,0,71
3aa756d385191e3a21b65981ac9503388e88fa51,0,130
533c22581b5c819975edf27230987f1b496979bf,0,815
aafe0c226f04aa8c27dccda948e3f3b130c7a77e,0,396
14ebe917650eeb44255825ebfe99511aa1c62ca2,0,310
a2e6d3a2ed51b0528b70854614c21f92b1f8545b,0,507
701414458cc4ffeb5a89920cba9cdde61fed3a5c,0,288
1e5c3293b409b32e1dabe44b687e5f7a104f48c1,0,462
127537eb4b735420048496574bb0b0819ad0d712,0,127
923d8a572c589c05627c01297f3026829a3a6061,0,528
51aee884a04ea2e000760ae15225949ed0bb1140,0,569
2d3877e99ada78b8974f2f605106f739c98039c1,0,165
6068cc46bdd8d1cb53718aa9da6ff97f2456d634,0,454
ced4778e07890717464abcca5ed261fd64f4f070,0,527
aa7b08c59015b7db497502f6808d6253c8ed9041,0,137
21c14b9362fcacb5654de9c77e891c12321c472a,0,252
1f377724763550ce329e12ad0327e7cf66290eee,0,588
e49d369f221deb6e5e49ae7c57f304bb30c9376c,0,429
0ff2326f816a650d2130a23d672473b571e0e758,0,136
28a288e29d1f9fe88049788f3bb0c3492cdc139d,0,232
bf342fce94fb5f2ed826cf559a78474ce2a3d3ff,0,66
5ac91bca31dcaacc1e3f941527de5c2c7922d485,0,357
cbb1606a9b073d4543ec50a7c22fc09e7f050263,0,181
da70da560de149bb7f465f92cdca347f8c5990cc,0,395
5d0e5e68dd19c29eb45d2a19a1e4d6c5db2b09de,0,392
8ce19865176bf174b6fcf36cbe710ded30dce173,0,135
8f69ec893c5d53bab98d94af6b194dc337f8a7fb,0,525
634486601c7a5d33a9dbff8c3f33fcc4f6e5520c,0,545
b0e473c9287aab8ba2c5837311fb9e34153b34ec,0,78
77c9b1f03637d018587ab4a2d82d32f9953fbc96,0,599
47dd23a94b51ee15e5e7cfbd9cd0a70a35e94a51,0,184
b26f14731b34f6f7f29d2a5eec25ce6124fe209b,0,137
547edac741a27c15f06698a521a42ce276d29376,0,451
de2b9cab3e84a86c634740d8485b547c8ef1c634,0,555
364efee366e3be3a6cf4aedeaf08ae7df1822fec,0,601
9cd1e1d839140687b1e841be4d2158c710bd6739,0,237
c2088e2cc79a52a1052e978a95246f9dc6b001ce,0,365
408443d1d46adf4a0df91bb904a4afb23a87963a,0,125
fb2d1a1357e5795ea2a4ec1579652f5435eb259b,0,495
650f9b43668f197e1caf22862dfe54c427e7c8a5,0,505
ed7333ba2114da59359edf3d883eb566ff554a9d,0,292
47c27b70bcf05e02149bc6f1867931316bcc6693,0,269
134cffedaa161e2e488022133e7fbc4ff59bb599,0,193
c87476621aef1acc90a9fe58c16ea7fa19f427c2,0,313
7702a282dc0c89cdbb49cdf6b22c42ba91262fcb,0,559
088e0d2a40fb0a1a32ba7a46f662b7d500e8601c,0,972
8da5477b5e534b24b0eab031576610c11a84091d,0,1486
bb56a97ec1708e60d95bc1be5a43eec3643c9947,0,595
efa36f47f62248cec532aa1d7358f15d91b7b706,0,643
3876e2facc42eefe7c7282138208e63fd89ecb09,0,90
7c01ea578551a791f2fb35b4e04879f6867ad5b8,0,485
198dc977342004e1a7c0b464932ae207dac4a7df,0,1282
e30dd2281941add64d14f55a3f843db0d12b75e0,0,132
e459c22fdd7f445cc0ac3267c368ca2a8ce03a8a,0,1498
e1fcc6c45dfc687f8a12d3e788a2ee0f1f9dd508,0,104
5848d4ca635f8e9daeafac6c39a7e2d8f1125df1,0,131
97536b28dacb70cd2e5ae4ba48b494985548c67e,0,245
e13baf0d2daaabbae23472cb5abd69bb9b34e1c8,0,111
bca00dc429ae106e43c3865bda17fcd522eaf489,0,464
4c31cfe107ce7346694124e24257fd476cdc8a61,0,519
21bcb89d6a0c8f4a4ab4999820e2f74cddba857c,0,248
7dcd67997f165bafd6f6efa1fc567e38a29622da,0,287
9006c0dec1dcd8bf2bee5831b5fb37c59f2f45f7,0,685
9f3f98ade68f55e708fecf65f57d00165e0cfac3,0,113
cb70cd7481571789595d45089944d43efb51923d,0,771
2c4bc9418c84dfecf6690b98977febb91a39b769,0,490
923ea2e925983fea10786f69385c1ddc282bfcf0,0,486
4cc15a10b6572431206605e627007d23f78ce215,0,112
a3223bd0cb5d40eaebe8024bc4ef546dfe09fe06,0,568
4a157fc09b080e499e91a75c2e9c794b456a3f94,0,334
b2960e508196f041e88ec01260bf48bb3dc588e6,0,83
3e16097a16d13b9f44742cd7d206a0f410fa9c71,0,272
de50cf171d82719e4d8920cbef81b264045e08cf,0,363
ec724d084b1ed323732e7cdc7ab9cb6ada41be1e,0,361
346aea46af00c6fe0a42a04367e2982a6c48178c,0,218
26f5f42de691afbb4bdc23b9d22b12cd356a9075,0,81
a1f5c7d73481d116347f5dbe8e075cae37f3e500,0,152
ba552ebcd4b3db428020c35025bde2cbefed42da,0,333
3bf667451ce42ee8a2cb8a8d14273486259dd612,0,404
de87771ea12dde6b8ac743e9600f6025c82f04df,0,259
69da490de7d59809247d6d04e15b5c2d13642ee6,0,52
bb156ffc955cd4a79d2fe5ac951a9d0385bd08df,0,326
e5175578be1417ad61a495a2313472ba89cdd9d0,0,119
9b21a0e694af61363783ad6654c8a02b08a15c8b,0,429
35227d39c43486b5f0f6a182a67fff26d95b08fe,0,197
6f0670ad5f4e99cd0356847f20b3278451c84fb4,0,107
9ad2a14f57f5036e3900fc3069ab394a7e993245,0,475
9f34ebef6961b6d07abf8a0463a8bafc099a9667,0,395
4970d821ff35cf72fcca8d2feda553a6d6bbd77e,0,325
49b805e957d0741d320b870d6fda23f0896e15f1,0,163
b5955cd748be4e2aef86d038871087ac4a666348,0,224
a3f01abe2a4d3066c1c88d7a64e498e727daebd9,0,722
2b754c96cbb12b2c38de88bd351a75c7ccf3d6bb,0,110
cf740071ab1d41f567cebeda5782bfd53650659e,0,408
23ef7c8a55921c05b988b9ca205d8d51e1e1c4b4,0,244
94df2b6449591ad4dbbea055643f260b562e7cbc,0,885
4073cb321409eb7dfbbb017e2844fc3b389ede20,0,295
40a485753daa816861da8705afc1edcb2fd31231,0,302
6a4fe6a7af85277b45bb903a4f133e62f1f2dd36,0,773
2c7f80fe1394b196dc4eea60f9b3608508e2a01f,0,603
f63d5fa9769036124709ac0848f87b7a70781d39,0,158
2a3a20558d31a25fa185d288d75915f2731e4fb4,0,472
06373ba79f2a5409513893e08ae22a67f3e32a37,0,391
7a8c4b9d566c019e2cffdc4d8878a5634435b293,0,326
36aa505b1440859b59dfc349a75201c95b6ae868,0,74
afbee23d1fad9a426e15308292cb296e8d0428b0,0,173
00831e577eb18d0b6f92a2f357f60b06eea5a231,0,428
d86ee4d1b9d75b8afe7d76512164a2defe1b2c66,0,113
8cd9e062be97f59d5de231f90c3b19006e8f0235,0,82
c13281f6e938404a69f58d59fc83ee879b45a402,0,295
6472195b0466ca8a9744e5bfeafd5f8b3b6e2262,0,68
9805a7023d386e4c36bb06151930b8ca35a7d927,0,313
15125bb7dcb1585d3f1b7c22e59bae1d350af7a3,0,123
a7bfc4818fc41cdd0e5033545cd5913ba5343de8,0,538
405ed1aebf853b2b5821793ce41fff7dcdbe3ac7,0,442
c0c00e0804e61a35f77005c6582e9b9210fe98c7,0,379
d16aa8563e604615a6848be80199cce3f42f30ca,0,258
e37e4dbac4bce2b82396e046a2ffec4062a2eb50,0,227
f3990645ec289cf3384a356e45bd9e26f1095fd9,0,439
734151347b0461536e85e00ff26a370aa76fc7e2,0,105
d2167963c121bcdea44f361a358452bed9ec51ca,0,379
a318f3ea8b017c9d728620facea45c1d1fb724d7,0,1032
1ef53f78cddb4e713f8a358a28df07444687b5db,0,403
53b710b532cc998fbacc81edf2a4a2cae8d3ec6d,0,279
0908182fbecc8741c5423ebc5b49548d5aa381b3,0,92
94501642a45d3d18bd1fd1d2e388e0890d805d84,0,323
b6cd7023d618b18e83968a3ae609e90a330af62f,0,170
763030a27f7905503f0e699cf776297bf7c573d9,0,59
50e1934b6a29f70f9293bf40f655a32e35030311,0,366
e2cc8e7f2e0215dca7a0c27fda5af9283f46abbf,0,230
76db23bd371bb256d8f8d63f16b188f9d534e1e8,0,269
33d01d1002519d02211e5ba6db48d0c6b5fcbb8a,0,315
2ea161a634a18c9a8180a040d31a989cd41a222c,0,418
6198e69774126b2c955ba347cc18131d819555dc,0,997
e1c531191e39f91e8ff0a8e898e5072e184511cc,0,1203
6fdc60f6bcf204b533aae86608ae51a2f02f4038,0,150
70372bcfec2bbda841c7444d2ca28db96bcf2d34,0,316
f7e9c54edbd7a7b3411c06029a2702279cff991a,0,452
151a6c40fb1ca98bc08c2a8d3d5a3ad522c4ff07,0,1068
ee08802a5551e7636b91dca148373f35edeacf26,0,178
becd20c8eae145e884a52d4edb8bcc7cd2ad4e9f,0,662
a42e26740185f64648be78b77fe5c85c2ae0bd73,0,317
db104e5214fb5aea8e07f77c124e13730af1f816,0,556
d633d4e50ddb5ee125183b98d9e2c27d15b10778,0,521
d553bdd1ac2a1062330d2ee8596f8968b72ca727,0,510
c9bef144b92a0368ab84b52d2c2e388d19636273,0,272
bcb1d87ab5ba263f9b7fed9b42a81f5a28205c71,0,882
68986263c3cc91b29181f0cad0cb42a751c90306,0,491
207e5386a3413d12506c261dca56b000d2040356,0,172
f59cd6f158ce678ad9814d14804808ebe1f5658c,0,482
0aa944fe805a71381c59013f0fdc604009b35aa0,0,519
c68c3ca8ac42a7877b5137c1e49e68aabb30fab5,0,92
8622739c1fde8920b5beb859835e1a5af23e6b7c,0,192
863f3c701260832ce8fafe55d1a7b379be3c8ebd,0,57
d0eca88b80fa5d9a3341625560228f5f86b81e9f,0,572
1ad3eeb021e31681186b0e0a882c6520eb9a3c06,0,330
bdcf5a76825ee61c98a724f46ff25de254040368,0,118
8455618970b88dfd87a8c272bf13bc6a3275e334,0,504
7de45a1d34969176a5f09b4e6468ca48ecd4a829,0,468
b2e4d1d0e1ccb0688f9b9672f4b0ccc0c02c9936,0,497
0ee03deeee420c8072f6411f7e6059e63a354bf3,0,453
4a3e8f06ae882cb87fd7bd1866b42930809a04d2,0,124
4118873ffbc00639af065ebab277010579760d95,0,220
009942ea4b0da1c54d59956034cc8786bf7176e5,0,618
7a279d2ca92230ff126201dce3bb894579f57972,0,426
0dd17c80948c648b6005e75e6aaa16b16297a5dd,0,704
fc7b1efa8edeb5bfd29cf6cccea29e66edcb371e,0,85
5b1848fecab4f0efa41bedd23b1c950d9852863c,0,568
511a32cbe11ecef721f2835ab1e8dd8c48c41d02,0,718
fa59d6013b1a0243df19b721a091962a1105008c,0,251
b15cb8cea19f46448c9f5ad1155c89b4bf2d8988,0,554
59799555d760fa3d917b75b8994ea5787c753577,0,332
4132c0a7ec406a6871cb5013c708e18772edc5be,0,429
5cd627277d55ce03ca76ec143b74cf106bc01ee5,0,274
4214763fbf344bb3a6c66fdabdb2985db73bb1b2,0,479
0bfb846bb636e702abcb3980cc11c21834b8e689,0,356
02aa1f6eab41ad232dbbaa78ab6ce9365ec26cab,0,1029
1db5f156ca03d10f040a115c2c9317f1c9102e00,0,480
a2910dfdc7d5e175ed37db48e397d8e265ffd78d,0,1127
9600d2c291bc01ef348d28fd97b34879377a86d5,0,140
140ed950db3d0768a8c8a9b4fd9970fd5dafca8b,0,290
26763c1563e856b71ae0ec9c44f014991b869238,0,173
391cb20ac24ef533089b36e8afd4d6bb27bb1151,0,210
11b9a179489b6894afeaf124202603f0c36f74e1,0,232
3d5e8ca8e930505b7fed733e59fe7cf3a7ba411c,0,811
564bcc8eb37cb54e78662027808bfa6426fc0d6b,0,125
68bffcf837cd78a281953d5fb55a240ba0dd6002,0,194
bdaf2b7a85dc6ed05c2db864486773a1f6d93680,0,164
56633b60db77da860cfcb9e54352e70a4205c0cd,0,94
b180acf976d48d8f1abd48ce16b1eccf948554fd,0,185
0626d1895ba013863d27d8f7d856e7c3a45121c0,0,411
8153e7b382acb61119e64fa990ced5716b198be4,0,80
68f37914e634ca9f9c03f850a72f46d086ba2610,0,57
9641a834e4433e0c7eb273883930521a1915c690,0,83
a0f34669755a11b1847c004230ff7098e4344932,0,286
a43fbe4e563f8e280e9838c7a375063856013981,0,211
c21a60482a7b8c28c0560d0839c258d60bf914a5,0,513
664159c6bdb8871a701bf18670de15af66aae7fe,0,492
f94adc4bcedd7868282a29c20236965e171f8be7,0,249
e341693f9d02e7f0f26abc9e029dc113940cb792,0,172
793c81dd44a6bdc44431ceb1003c8e58ddf73651,0,268
f18680043bd2a11fab2003ece82215c2a22ed8ff,0,291
37b633a50101a06e8be96348aed99fdb2ebc4612,0,317
f88064ca69bf248d8a75053ea53009f7af947a58,0,334
a271618aa2311708573218be529cf3572e7ea22f,0,100
5b8f63086ac5841afc18d8087beab182fbf4b002,0,328
e7aa57deeeb0c87dc93c5067b3e7ae9dee17a595,0,468
d8ff60a3c962d6ed4898a12b269755ea90751fc7,0,213
2f9bd5145e4b12f68300391f2cd225362f106f69,0,203
8cd5ee0f80c5cbfa6ef44fc6275db260f5ead166,0,135
eb64781674313fb81f2fee55c2ddda85ec057b76,0,275
bcf330fae46e925487b60f9ae1c32241a2e7cf58,0,261
a14ac8ddbd8f8268f34cb4d3393a5d81b140f732,0,408
f8c9b0611e1059983bc9b5ed7eeece09a0bc647e,0,797
625114d2b4c61a784a2e9604eab7867816c6a5ba,0,231
7e4819ea3266006c1025b36fce7f473e04126862,0,259
a0716756bc7c4f3cab0121ece80ae94bb679d12b,0,211
15c1071d50c0cdad666b2f197d66031470bcada3,0,197
13ca491bb4e8cdf4f4dae374e258cf90c61e2ddb,0,653
19c6af6817a03cbf459a8552b4a987ea2508bc80,0,226
2e11129e22a33bfa2c19c9616c2ffcf92ec02ed2,0,532
6b310160189a2e3249a6795712e9b14516dba4d2,0,611
ad8fbd85dfb8d27305852da17df5bf4aac662f59,0,459
1ec01ad3156e587e64488b40094bab7075603ce4,0,317
ff81673d8d6fcbe2f6c7c66d6738b5b1e3acd97b,0,648
01ee2e9e1c34ee41fcdd24b1e8dd2e90a717504c,0,62
976909e9a0d474ae6c74aa6db3408289e9fc8690,0,107
a56510b940a0fd899c4064cd91ae9bcb81be719d,0,201
93bed3c75379087a88ec3610636ea78e27502be2,0,297
5e41f5c4e845f8730fa3e209e67caeca10287d06,0,403
1f340c1ace97a2cd01f4241c66c7078edeb0253a,0,640
ff92b400b5c4ec800a441d8611d4292121e8553d,0,266
7b007b10a8fe33e626856f9ae8f722498979f0b1,0,401
56d6b002fb51cd7ffa02469cbb4d0b86c1d6f8a2,0,169
ab8a9fac1a4696932baa2876962d291461d244f9,0,110
05e0b47a606b193123dcc777c4367c3e29ac4730,0,486
05da4c472d49a39cbdfeac697fd01fd4a511c577,0,519
71fe2769545add669d8af5fb804663c354288425,0,585
86966e2c06bd72cd2539d4f46496718fe4cde9aa,0,190
49d0427b217e10089351eedc63c064cfe57afec4,0,86
1c9daf959f3cf83612c08ec525139873e52f0e12,0,529
f06a125ac7e5ba8b7507700390dd3cdbbd19fbff,0,491
a5c2fd6aa120cd8b93a7e4c614bf342962d8ee58,0,252
6a394bd7fa883ca12d4bd727dfec610b0261d9e9,0,579
ded150e9fb45f192afc28a04b666fdec7e02ce5c,0,227
bf617c1f765f93ad6b992dfad9d5900e6dc2024b,0,158
6a5df0004ebf740884a3208906a7bbb835571ab2,0,130
f0a798073c8364c4f9e8f2d2f4ed1189fa996a8b,0,124
644acd3e831a945e19b5f62ff7a16ec4b08f355b,0,391
e836730b81eee552fddf5ad02fd078719f44b2de,0,531
1242710ec21f5c5e490404b766581650e916fa33,0,259
0d9c72128125fd6cac494cd7bc31901bb1a973f0,0,84
663da2591a1484aaabd5bd8b3194329c553219f1,0,448
3462da82d29270e589606a4e82969a391ced42f9,0,417
2135089590c92e5e8f76b8944a1009b12b507500,0,402
ba53d069be54c681e2b3e3919d4ff0f6f08ec3b8,0,165
e3b9d70e8e752d7eb80b70ee6020d7b92b723168,0,368
0707f117c7d26b6859e60101316710638fa9eaa6,0,403
6ee7bbc48486b9c7d0eae66432bf2f58c752cfdd,0,144
448963507335a6d0b529d8da3ab4041821011377,0,288
83100596ebfd9db7f5f4434c00689ff277a478a2,0,362
c09e6762509d8c61f101d83ae426b451559d0c2f,0,264
21a5e90ee70c651592257b6bd4bf3025f11f2f23,0,126
b4e4380d74e56a5d905357efe55729eebad23e85,0,839
fbd481ef1e94d7dbecc88e57919ec2fccb39bdd0,0,228
72551e561ee41f4a6895fe7e61b880a78fd42788,0,339
d73d85269fac6679de58c99debf44df2319ade17,0,2544
98364e763a71e10be609aafddb6e9ae6b7121147,0,640
456c3d3a2b568a34746e8721e2afc4f70ba9a4b5,0,375
339139d394b966c4633964259424897da762c5be,0,124
5478fa3bc327b8a22654756aadb328663fd88d3a,0,69
015b02db1ff1809c85b60c81295174bbe44fa54b,0,83
c8127fe6c3fa1ca0d8d6f2785d716b745bce6adc,0,128
46d79dd9fe44f64f441af3d2dd9b83e286676485,0,178
6da2b6afe0fb0f543378f73867b28e024e776947,0,1160
c480069b11f0c5fe8de7c4904222aad58ab97e23,0,411
43cc5698f25d23390fdcdda791261db0d097d252,0,435
0f14192ff6e8f0756e6d4195b31209fd0fea22c4,0,816
885e45fca797a846f79609ab5306bcdbfd4aa70e,0,687
d6dc31e8c9130ccdd4de4451cb9b1aa9dc6e65cb,0,59
e7852abc87adeb89ad9a99005acd593b70d1527a,0,185
a762cfd522803205b55def3915178385f0d9c161,0,511
820854c1c6d18efbf93d3269c98de7dbac4e3ce6,0,164
601121b26c78ce295e6c407e1b2977902f3e024c,0,1005
aaed1faa82ed783c5366c70da80621c363bed5f4,0,57
ba9f1b8afbba136112a2a50c0c227829ba8d00e2,0,381
861fee50c95e4527efdf3259a16ac16317795cdb,0,194
60d891566a9fe78e24838c3a5fb9219d0abff6b1,0,612
716041fe5810e380a35042ebbe94acbf4fcaa30f,0,304
3a5b9c2343f2b8571367eee98f476f32cafe8eca,0,398
1226d62a7d9bbd19e2105d5a75ca543f7571f224,0,738
f54ba4e280e1c2fd1e80b3712f57fde0ec999c6c,0,283
769578780a557a0c1cd39336843fd8ff51ecde0e,0,83
ddd7b83198293ad2625c52deab67cab239a6d43a,0,195
f1efa4248c9835d8fe8dc5cbbbddbbba5fc76869,0,131
2ef8b61a2f50604128a858785946ee14b2e56356,0,204
394a619ed9a28d1ae899185dd4779df66862d0c9,0,397
dda6b351156263111340568915bf481233566ef4,0,86
bc6a2fef757d7c48b4b7fef340b948b61b208750,0,159
ac00e0e24da56f3e37ac569b625895a1d8e34946,0,141
88d3f06eb2508a2400dae26f4472fa6e8cae6c0f,0,455
bfa8b478169d3c2eedbbb9280df37272fc85f46b,0,196
0df11ffb1aa2e1972501f90a002d12d88ae6ad36,0,585
095e1de089451f88cf56e8d27edadcf5a33a2db4,0,265
dd7e99492fff413a214170f6cf453f526a9b0d06,0,154
1c1cce9d790125ec33eb7c1ca64a2405a4602655,0,8443
88d7ae455912f9733b85c46bced35542d86824e9,0,330
8e1b74911c2b7fd994a768f86523b95b8602f1d2,0,470
6fc0a51647a218bcd30d4212ee399ead2e357253,0,111
a6b185f4a2fce8197febcdffaf74ae5755647990,0,342
fae5977878ff3602c7999b7d6dda4a844e8a4cda,0,1001
b0e1dfa73df17c278464f0e950a1ddee276ee772,0,550
9cfda27a12914cb6324821f4ad1239742900dcfb,0,240
e6d3bc3c4213cff1fcda12004ecdff84ab1e210e,0,702
37e7287457babccf204ad92a98260435d041f879,0,144
b179d4e606c12cbe33f68b15a16bdbae6de21026,0,165
47c66452fb297b6707f0b89c652cdd917050d78d,0,466
4ae3a97a21356360bea9e155e697a25e01124476,0,555
4326be182a69ae9644aad7ad55910c25e7b584e9,0,197
d070fb428be093ef611c134546d202c612b6120b,0,179
9179d2094d65dd94bf743a5e4c523252aa000985,0,196
0468559dba0302deb325f8423690be8791310e33,0,550
af335dcd5124103b690656be4771b341e517e644,0,207
c898bbd5f0bfe353ac2ffbb262d97c4b635ebff2,0,370
b4ba54bc0b1dd29001ff579df42885005de76fd1,0,807
5b3b02bbccd10dd0a3af7dcd495d8b555a5ffa98,0,262
88206ad5068f39951a4ec459a367cf863779322c,0,393
1e0384f5bf4de9bf433fae90cc454d283e69678b,0,412
437677e51c11842c3bf85b50a7a475c58c726f20,0,125
95705e78ac7ce626e8c5a5f3304372b71aa2c0d4,0,586
01e8b249e1c8ca6a6fd14feb11cb41c19d40d774,0,426
73334a0340ec16f53af98cb8f08f35c3b6650a3f,0,330
8d1b1bba3ee936abcfd1e83529dbc0c758b470e8,0,112
f00bd228dd97da41fd7c985aafe371649767f486,0,273
b9c2733519f14b312bdfce93299b7feb31ddda76,0,450
98421964043f793bbae2428d5043f7bdcccce8b0,0,593
965fb5b85469e7d8a68e76cf4d133256443767b4,0,243
a17f3c20430666c9a8dc83cedbb64f1f91304bc7,0,242
549ae37ae32d07204823fb61ac8e411da059538c,0,513
d580119065cae5ab23419e4d1acca9405cc8ac99,0,337
3acdc290f3b370c86c7082f8750743ff898024f0,0,623
f50907328df733cd480d5c3f63e2d10e3437012c,0,139
58c9bf8a7984d6e26903a8710c2e1e54b1dbd315,0,680
f24c0fd95418dbe2a271fd8e9b3132258d9c84a2,0,237
993d935f1a62df21cf3b7d28909a37f9ce4c7107,0,1779
52032a0e336051dcac831bf4b22e4234ed2fcec2,0,319
42f5f7ce060125b141bebd36a15fdb865cd7fcfe,0,335
9745057ee6d0c75058dca05c721a4c53db066053,0,314
152812b17228338302fbac049edebcfba2149c93,0,401
e78e7a4232fff4728e2dbc2602057229941f2e8d,0,487
120d2fe3acd88d71e426026905224d0eff841df0,0,381
d5d4db6e7bb343b9ca2cd7d6062d6ce497e0e374,0,347
f95f8fdbb11ead48b578f236c99e1fb24e8ef0c8,0,624
8bed238ad0420826a78ab2e53b86ea86fa8d85e6,0,116
c326ee54ba04882cfae6ccf2dfd3b50626989034,0,84
c1fb9c58bc01464077b6428bca0f085d46b7ddef,0,266
da564868f70065fb3634eaba9ff1cca68d1ad2bd,0,561
733afc6d7e6a96e2ae9ab6999ad2a46981d236a0,0,957
6e794ff4f80bfdab223ff7d836c239520c972ec2,0,124
e5c3c7ade3f17dad9945f3c7d603819080f23538,0,184
09798a7be820dccacd1a46e5b58f604889af8105,0,104
2d35f69f8fa8d37eb58c3e710ca79aadfc8cfd02,0,522
7b26b4d7ee18df46b82ead0f8e825360da6a65db,0,326
4fc7eea99f74fff65e0a99a99a4205009dbd9953,0,215
e6265d2059ad127af279d94230a958d5e2b8f4ab,0,165
87fec645b825689862dcd114cc19b41d61857587,0,791
5bc7514f368c988c3be1d0e8be94d39ecb727404,0,443
953d68acb88c13916ce5b0d0cdbf129eb5145f1b,0,311
7d0acbc0694b867e3f4fc7d13e98be20c38d89d9,0,374
963b6b0e010fcb3a353e825de9dbbedf0345d643,0,181
e117109962846967a47935d94da07621a57e284a,0,344
7e92e02787c7954cbc884705a6c09ea68acf56f8,0,171
35cbcd284dc62e89a331c96e963f44d6fa2bcaed,0,273
670b56727845a2b8232225378a8c107bc609ee8e,0,233
26bd9c9c724ac0907a321c8f8e21f146a741ef67,0,561
ed9ce59791f295f4622b5c216bb138a30df7c89d,0,106
43b89ca7356d887e2d6e2448abac5c3e7a9d76e4,0,520
3d481222f1147128077ad5783f27b6fd233ffa56,0,178
62a9bda74f283b326bd30a9d79b6367b716de57d,0,931
94593820aec3ae00340d5c2b208f57717a383fe3,0,472
ffc4208f33fcbbafcfc08bb946760dcac2ee21af,0,523
ae5bc31ab577aa8b2977768057449c66bede7d18,0,425
0dffa1a190de68b4cd37f05ef5c5b5faabe6a4ca,0,197
dfa9129e7ef897426e4e95bc70d07fc02d1844c5,0,234
60b3371163937a2dca0a4126217c09ab7a1aa40f,0,166
c036b2e699170d319facfb35fb58d74be961bfd0,0,627
9b0f3def734d62797f609310388c0672de706bb4,0,487
0d60281e4b7a947a2b02a6082fa7fb1a54ddfeaf,0,89
170e65c94b21530f1bd27d19d7fc701c321fbd99,0,973
5a0899e103a6f5cd1aa993a1aab3f648714645a7,0,733
ee7456d92e51438712cb26b4d61d52f08640adff,0,100
2ddd2c9a3751e12c9007f13e2cc124f42981c7de,0,245
95158855f87e4eb2f8c35eeaf56d960831e2db43,0,402
819ab7be5b01fea4eb58392ff2b4a1c54df19cf3,0,317
a6bc254ae6d53d1759b20b61335a03074b51d656,0,217
d767193fb52574d17f18e814d2009f6c397df2e6,0,444
60659d9d16daa6420a605a8874fb978d51ecc791,0,133
df4b535cffca8c4ecb9dc9c651df449461f580ef,0,200
c0fda4f52198291fd8a72b601bfb7cc494155b7c,0,430
527e47a01d06bf2e559d861d144b8a0c7c875a6a,0,363
46344beb2f5b295336159ef6ebb4e61737ddee35,0,85
8a5da1dde41136563b5c233a7558a88fd74da1ec,0,195
502a35ea034f86bf860e29890ae00c1b047aa8b1,0,260
8c0f2a1c798f7560bf341c5ca2752fbeb1e81afd,0,421
868691d8bebebd0f7db4a42b0f1350049b917f71,0,370
c6c4def452deda293a42e36c138a64292080026c,0,162
c674e3eeae40bb1ef36e404f9a2880aa4883b3d3,0,406
b39e9a2361acfb94ee5f46db440d2339d06a3050,0,829
d2c6ebdd22b59460ea34a7b837ce12ee6de0c3a0,0,679
72032077175aaad3c6e5360c3665536164f021af,0,193
c07397f065adbfaef19f27c2873ebbe14edfb5c9,0,984
5da5a9e11902ef229347140f911ce29a77fccccd,0,342
ac2459108f15f39c0aa2ca936f9bad0c7acb9567,0,400
2cced13be2c31bbca42e64f4d3b1ba743eaf806c,0,273
69bf13da7e640a665e8eaf3284fa1ce2666337af,0,299
10d87092ae2755881fb40b0e09aa314573515a1f,0,366
6c1ea74042edcb6015aee76c270f7a004717c748,0,571
92a41854ef9088fc184c5b7822b684a1409bd974,0,101
6b9ae17f597d2499cdf5464e30d91901ebb71d09,0,274
01bbc14aa9af54c9779a8d4e32d318c0b0b5ffbb,0,220
736474fd6938d54bd8684d599d0a6358ea5f3c87,0,424
d7b0057dd1a4a9230fa5abb6533a7199d24e1b7f,0,388
ebf13d276936af51a6ea5608cde2b6f00727a909,0,229
7a2bb54cc5fc69e2a849d9e9976001064bb949a4,0,300
91db2dc3ec259f5a2b4066e6195836b16bdb661a,0,58
c8e85661f51f410f2bedf86ba3144a1ac618316d,0,711
dcdc9715487d3d41ea74634626d4114ea190da5f,0,206
a669dc96a4afdc71e979c38d8de7ddf1eeb96c29,0,1813
fc68e3bdb3afbeca6848a7cae2d8867fc6681579,0,756
d5a942f1682e483a0d85165d0f5d7f4eddce14df,0,514
07d858422e63990a96ede8b2e6eedcb036b83cd7,0,394
3ae07f46a6a0cf62a5de788f5ac50530ebfbcd95,0,476
037917b2f43d864cea41604e66754a45f2ffbd5f,0,608
53877f9ddb420c3386ee8ee0c3a2b7f44cc71dad,0,1256
ad4afb71b0c8478e87c2bc2197c5c6a3de6a05b9,0,469
363b452fdda3dc92815bb15a1eff6452d1de15ec,0,97
2376117760f3032da0e22170688a7a1f49839f72,0,326
a6090d97a0f14c4f5014b39ab88cb465cdadff0f,0,457
5d01f1be2bcaab4fb22eb98135e4eae157c3218d,0,78
58641c2bb5d1df33747dde8dc4a2142bda906ac1,0,681
454454a1a84a96edad14ecc6a9612a98682a54cb,0,579
87e323cc8d9965037ab0d4d324baabafcfe1e8c8,0,274
f5204435730ff9d02eb69e20e2a90584806688bc,0,323
a983d382b1aa38300f7dc791739c70fd3f63cea4,0,266
c170bf58b836bfa22f5dd958fe72345ebc15c32a,0,666
4f28f204861004712457004856930cbe02c64650,0,722
05fbecc8ea9617c188d4b703b596e9da7ed30135,0,281
602134bdaf5a957b350794d2c72148e130806dca,0,493
821df833d367ea8378ef71d64900d8fc9b3073d2,0,461
506626f6f9abde61568eb1adc1a444ef9ef78fa1,0,295
862e4c20d85ff7650dc7c15424a86224b3066399,0,107
e11b6770126c5994dc829c10631f20234f835004,0,819
392c872131925d55707153257673d132e8c98d1d,0,352
6869cef3b23f9f070712fec3cc14463400e20ee2,0,312
aca936da24c575d7135dc3494d03f2a7f1c24a54,0,406
2ace344421fef8b23a57840bb83d0d61f3372e25,0,340
80ea471a0b8b6d225ac60df64d6bb6efe3cb94a5,0,374
7e5f4660c05c2592e309ca1db226d1befbf367ff,0,604
459282e580bd844786cb2d9385c21ec538f17f4d,0,309
9a57cbcd7d2e133e8e611d5d02c44af5888fafc3,0,1010
910a8bfd0811af80b454cd2ac7356ddcd7aba1eb,0,195
0982b650a5233483a2927ba2966a8be82211479d,0,192
556933b812cc68d8e1fe2d6a84f4a1c83c6b2cd5,0,121
5558c27e2f5c9fa7df3600d17e4a933b42c5471b,0,363
a39a92317a716183c2de3987a85e85fec98aac57,0,70
e0dd9b0242a30a8e66090be4757e13f72b374be8,0,240
47fbfe5e06223f84c7b26d2f7bd15f3176bd36cc,0,115
b1790fe8f6d729666b0a46495d5197d18f13e04e,0,206
f8bfe4f002bafb20c714679b8700940e9280374d,0,225
1b6d49259a5a7d31b1915809a177b341ccbf5acd,0,361
0e9873de5a9e2ee187be3fed29f695d6b8f9582b,0,517
ef5c145db64b9c92d06ecf7078ccb7a95627ed2d,0,148
fd64f0726400ca105bd6d1e7dd7774d7364cbea4,0,619
1afae1c7e240da35bc7804eb55ad4ece6d20c264,0,373
bf9d24845d1b71b34ad4476e663f85a0ced402c5,0,239
3f776dc142407425850f4c1376b374917defa1d5,0,616
c67845ebe789e5690f4d3eacabec078b98e1c2e8,0,385
78987f017dfceba86e3ac870215789381e1ad9df,0,1534
b249d85e85f788b119693a167c7ae2cd49a8e2ed,0,309
45a4cb17d1bfa79b668738f10007e2e2e18173c2,0,295
90e7703dea9233a2790432f7c8e863aeb260a59a,0,405
41ff810d1e9973908fe087f8ef004f4933539311,0,299
8bb8502387bc2c3fe3421d2154b68d2f76eedc63,0,84
0a87360f2cf513455111dbbf0055f26ab24dcf25,0,54
b91663410a8efa12fb366cf52f28b0aba5667538,0,407
a38a5360663556f8247609cb30bf53f042537226,0,349
ea0463d9f2d326740dc9b2a33e1183f031e9c153,0,75
2d3e7c8b3cae8e2915820956be6fd297af5171b7,0,286
cc6ba800460ea98a162b688798adb0bd253f62d0,0,216
5fdfd04ebd5d618a42cb68f37e1a0b165d1af958,0,300
662eb086284c5053b27c2c4fbd10259c8c60cc08,0,533
ebbaaa296e8fcebb92ca6e413333a27869d28a0a,0,338
cb54b086cf593d0a13f1e7fc0cb5119ea4643aec,0,431
a524ad2a75a09501dc0bf802b93724339de71968,0,558
8ac77257a0e309c691f4376e0f42184f12ba8052,0,97
6f4c692bb1766fd464e32193301ca56a31e782b7,0,406
9edb9a3cdf48376502c17f9814902b2541f59b47,0,471
ff765f648c231fdba3f499433d6a0c6395f6cd0e,0,464
4d59f690d02e5074d8dc9dd9241d74b77e2d1883,0,407
3946cdb96fd1211c6007ad9d5cf796c4773242d2,0,565
bfeea0967ab3b9dbb51f00e57f14d794a305cb82,0,385
dbf607f52a5f098325ab3b13e24578741654c716,0,328
c444cbc84d78f9eb5a93f363bf60463de3742e97,0,109
f9a29982584b074342bf5480f0c3c25145e9b045,0,275
18f0ee00ace3691a487a43c2b980daa9d3f30ce5,0,125
628e1b8041eb399720f9294b0a7dc86c6af7d1df,0,539
5d9faede38ca49dc7389ecb4d434d768cbe5c134,0,842
5f491301d64048022db40139a657fdfd1bce6533,0,457
838c700aacd13a09c0362c6dc0a4ff3938cd8e08,0,73
24fbd970f330e9b95b27450648964d20cd17f2ad,0,727
c89707ce3a8d296680cd6e35ed85583ea9778581,0,116
fc43972d4d70c3498d7cbf72c126bc22492e2832,0,463
a73225c963da35bffee48cbe5463f1060b6b29a9,0,768
c9f72164dc0ae6694672309ff88777014326e99b,0,252
62e8624a50ec02d9a3d389ef4ef58a3d5feb6e5c,0,450
5686fc491de36feb960ff31be47262d24c677e8a,0,475
ca4c94a15ea21d2eacf76855a21f9cdcf56fe379,0,114
451f8af7c98d430f29c27982909db4bcd87dafb5,0,196
1fd02b626b80d0f04193f13521edd9a7d31f9bc4,0,580
12524e733777a8de01e5924d6beaec04960cf0ff,0,239
f6a37ddf3bf76da754647abb1446ce4131e70d18,0,151
21d87dc01a4fa89755003ab3eb375054aed7a975,0,387
7dd3f6b5220745024a9485038c5b60a0b9244c7c,0,162
abfb3e049e4eb3f2607d9bca5dca961683eabf66,0,365
de0635e5e905e1729ee4d9b6984a4640c3666d6f,0,641
daf3e4b2496ebb33b85d486b58139f722885ee92,0,310
e54468141d63870e245f10ccd5b5a421fd03651f,0,731
1c61605dbdd9ff82bc2ce70e6e34092df2c432b9,0,154
5ecd3b4db00598ead3af1c11ed9653e4b6d744df,0,270
e5d694e435af08a1c1b8646987f1d0fb3f1e76ce,0,601
670bef74b6445b2450071c1b85a643dcd7ecaa2a,0,55
f609682160d2ff40e1e98852415008183234b6b7,0,402
fe589b2b5674a62e7fae3a2b3c12863e06d2e214,0,268
ff1ebe636cea9a6adfdac05214cea6820a8242bc,0,313
4cac4409f19b21e2d82967dcd50f2f7324e7a9c9,0,621
5db91684089e06ef8e944e9703cbde6483d3ba00,0,245
e31b43dbcc79f41f1002a49bfd3e223b808236c6,0,521
595f1fbb3f356131e8e79b37d153b7bf6375ca2a,0,348
459d0bf16bc26c85b81b77122b424f50ee321d22,0,102
9cd0fa02fb086d1a52476e07a7330da63d543394,0,225
7fd11e0cc8ed618d678a2fe8053473558e8ddc5f,0,322
b7029028660c1a1f71edce48f80bc77b16ccaa8b,0,93
f416b5ed5daff2d15d37f9ed3c443a18eb320fd9,0,622
d71312547f632cdc69c7f4edf308befe817f5f07,0,52
eb0e914c9f0e634c7f6316c9b1adac57cd012995,0,677
ddc829987d55200cbc6d0f99a8d87c465cf3d8c6,0,68
760de2d20933666a8b5e9bcda3dc1ef192bd792b,0,603
29aa115499195cfe5f27e290e4b1e732c1320c90,0,111
04b2d330b42a048039f29a59b03660c882882b02,0,560
f11b30b757bccb8d3f97d3a39c770093dbd981a9,0,217
b76d329d296041dfd0d017189737fee3bde3d379,0,118
2af9b76a2231a9a0613f3cfccc9550ea45a083be,0,183
b34af22ed26c01abbe33d8bd7b67b21f64111f84,0,418
e75efab2900176aa5f30c232377112614eca5f49,0,208
b4353d4c3fb18a5c23192a6d1659167419d4f749,0,134
d76eca2a0d5269567715749ff8660436f5d339cd,0,493
ec61915c4dd9c084e4a8b6e9baa24d66006a0af3,0,91
2b1f3cb031a71b792556de6c45dc153718b347a0,0,249
c5db846440d36cb3dbce37d7082acdeb282807ce,0,362
d90ab7c68cfa35148718afd141735ddc620450a1,0,124
03d62000520944b31a7d9aa50429b189f918c47e,0,141
67c2e1e8bacbac9549dddba5bc579d0d684d74bf,0,335
aef4b1f749578d8af690f003bc39c61afb8c6736,0,565
601975e57b5d913d3f54b45c24062e4a1390a240,0,773
6160b56e7338489d4ddee6a6b0f4e3050176b5f3,0,312
3a676e6bb9a45c387cd57b5040c35d1597a6d11a,0,137
8ecd6d69d2ff390585adfe64d3a90b5a79c48ee9,0,121
5182b10ace65298c82cebd58ba201f2f49a6a1ef,0,581
236215f605a3fc0bd67a1d7a3acd3b65b77455c0,0,187
6141786a90d75fb6bc9b2aa4ce6bfbd93ddb5a82,0,355
d7e3b68ff3231e318d947ed0a89f979245c122fc,0,100
21df8562f6ef678a505972cfb06d5f15df1cdfa5,0,394
1d9284eb3a13874f6b3b98e59a9098f6f7511ac9,0,336
d57e387d7a21ae5091a22724627f08f64b956888,0,643
ddea77dc94804ad94304dfe63fe0973d4caf5468,0,109
aae2de71b4076d11975521ae5e5a8c4468f423d7,0,204
f34478e51e76d32ad1b4f4fd8b17d9864154ef80,0,608
506d290074c011b02e4603f1e094c134568c044d,0,558
2358373074696f540d31dfee9768a1b37d94691d,0,171
50b6275213d3b7657db81bbf6fa20b5d24b5f75b,0,524
4490bdcfa5004e9f485117fd63c6edbd57b2df7c,0,138
b5e32f8da3bbb35a48f846d98594b6cc2a8b49e1,0,555
2ff17c193bbfe6006a36cde5050eebb65869a033,0,233
a8476193ba62cfd8caec7d94866be6d8ccefd522,0,639
60aec8583987ef3c89c8d496f02f1717b74bd192,0,76
5f2f116c65b02c16ae97aace56e95abcef804a63,0,695
95e8fd12e2ce4cfe187513687ae151d459a03ab4,0,555
d143c8061b940edb05395355fd5b9ca8be789b0e,0,247
ee301e6815970667bf64e72cc9aa7915c5c7181d,0,103
145827fa5193aa275f8d2b3c34f5db9444a3b4fc,0,443
08e93a811e3d4bdd434180fde3b15dbc3f8debac,0,504
939b0b159a48a47366ee0ac4804e7507ffbce5b4,0,140
2810dcfe9bb2e2797331447f1137fc6db0538829,0,492
2e662c323bde3e3ba01f6dcce2b51f3bcaed456c,0,224
18f9ec47154f2654539e529afa1831d87d7c2f9c,0,143
64c7aac4818fe812582921db076eb793d9bcbc3f,0,519
4457575c01363f7863ec054adf024102b09d2f8f,0,386
3be92847190d0eb830351a3350f33e2db710c3c8,0,112
616f4921195d84a7c88c0f352fef3913692a6558,0,149
965d91e87167bfda43c6431a2e2bfa666efd295b,0,265
a963753c1d2c4445d681b1402a6ee46f90f86b77,0,128
c87d236198dd49167f76e9b289c5cda7c2410391,0,203
dd3a9a72a152602cd5322b9c93cb164965b701fc,0,293
e3c6e2c647dd653ef1a67d82d59bb64430136c44,0,112
24607f860b45e5c70b4dbcd78d677ba0a4f0b350,0,517
19d38df524f0583191e3f867057c9b74dc099e3d,0,261
1c918fb5b641159e9bfdee012dce0c8773a4d579,0,140
16410c750067a7c0f36a5769e75d0fc286e05f3a,0,220
4e671dc57ad1e60ee084a065a09cb5df90be79cb,0,329
83ab88e62882e7c6d94f6dea7aa4d9dba56c2a6f,0,369
84faa63f23f3b5c3d2639d3cb9f2bd0c55f9c193,0,1949
923ed13532c7817553660ea9dbd06751f4f5a37c,0,609
8c8da3aae386b15e45b691a7fa8cb8eab34933ee,0,256
fd5fb6842a39522c93cc78fe4fb2dceb91ee2293,0,338
bcc09b74cbccc8f39afd0de62ab4d7b9f78b9061,0,218
e65e89fe56d37ef1c38aa98d54594500d2ec427d,0,296
f8f19699d39631776939daeb63530f8f1e0a7cb8,0,375
90d0643eef996df35b21468c6f6a7362794698ca,0,252
fd7128b1bc11da815a95aa8eb8ef21d60da7783e,0,486
