y_true,y_prob
1,0.9151484524797434
1,0.06506943479592368
1,0.9075040906042671
1,0.9065609315261886
1,0.9039291090750985
1,0.8856180312684061
1,0.9080118504896285
1,0.09202513209905672
1,0.9068930096684716
1,0.9294139919058583
1,0.9202210013719284
1,0.7591391391440916
1,0.9077708356813361
1,0.5
1,0.9073374705158476
1,0.9519565735833311
1,0.11844880976660238
1,0.3301947618613718
1,0.9139272279009355
1,0.80312562873255
1,0.9395479748905041
1,0.06966076701306956
1,0.9460018726968582
1,0.9126630894552747
1,0.48054558413454806
1,0.915513892504109
1,0.9239103214633827
1,0.9291410326498453
1,0.9066503902062434
1,0.6571214014529677
1,0.9330728061419449
1,0.5193907436870185
1,0.7977818103489532
1,0.9076327986943747
1,0.9118004714578591
1,0.9456641127434045
1,0.697269926744896
1,0.9348360470764016
1,0.9139152675058884
1,0.47670607986613384
1,0.9066360365647748
1,0.24886989902960496
1,0.9299077908543111
1,0.9627730332577653
1,0.25722770482882856
1,0.9152454841663544
1,0.9165088507686372
1,0.907655890259838
1,0.9183580229620589
1,0.9066695232064522
1,0.06535244397587948
1,0.9104867375756066
1,0.9065657830473091
1,0.913868975378544
1,0.9202706989348872
1,0.9065366865766696
1,0.9456690040005701
1,0.07455644732706916
1,0.9065806031421138
1,0.16765426418548574
1,0.6022295288012153
1,0.07810777467116531
1,0.867933369079251
1,0.9179006002080476
1,0.9085264325992346
1,0.9035785720494592
1,0.9066384717416858
1,0.06034676340804101
1,0.9339128756591979
1,0.9373190473069173
1,0.4124731897569977
1,0.7977818103489532
1,0.939542051112393
1,0.9087578445459165
1,0.9414813660849597
1,0.2736888144398508
1,0.9181211028583929
1,0.9090727263819125
1,0.9073338832614748
1,0.1561515001340659
1,0.04599412522531881
1,0.9104227302277506
1,0.06584067859893852
1,0.4051708261400988
1,0.087677278875439
1,0.9144407285702354
1,0.6794108259184801
1,0.65447730151569
1,0.4521106417610672
1,0.023943972266644235
1,0.940107169283778
1,0.9097501311113491
1,0.925095238672972
1,0.07284237440837066
1,0.5193907436870185
1,0.9281472590945595
1,0.9065501145980108
1,0.9065170013146421
1,0.9070250630778195
1,0.906659178511925
1,0.9093810344402149
1,0.8655440164010768
1,0.8073362514659912
1,0.8846485545361837
1,0.09327873622894521
1,0.9969386574275674
1,0.9189913536686831
1,0.9065712053133546
1,0.9077693400993889
1,0.9066581104351653
1,0.9969265660020388
1,0.9554094708552092
1,0.023943972266644235
1,0.9287177586944849
1,0.795904566452399
1,0.9057142845632071
1,0.9425449954866276
1,0.9070250556399989
1,0.31546332329093935
1,0.9091157399055385
1,0.8558824727994665
1,0.9076156085420848
1,0.8985789343226456
1,0.8925079314694437
1,0.9922400654340595
1,0.9118220882143726
1,0.9087656271718798
1,0.9124065081485487
1,0.06966076701306956
1,0.9324061167664436
1,0.7518655699668187
1,0.8277066540457568
1,0.06491727181566685
1,0.9168210755646339
1,0.9090582270412801
1,0.9159555383487602
1,0.9077756312471771
1,0.9541588505473309
1,0.7225764961176346
1,0.9107843042306205
1,0.9072822132902763
1,0.9884729858333947
1,0.9065744156932114
1,0.14980344299168014
1,0.9081957039184971
1,0.9789196947825779
1,0.9104636144931727
1,0.9174632885848245
1,0.9324131805361036
1,0.9065190859198355
1,0.06443868544603376
1,0.9066857441029674
1,0.9275338810700072
1,0.9122476168610004
1,0.7034720497989555
1,0.9065181476022545
1,0.9537988395553145
1,0.9065604900284978
1,0.9066200317174412
1,0.9386017609253875
1,0.9385397839397635
1,0.1530887019342804
1,0.9972168510015401
1,0.9093810361026499
1,0.9567333665020104
1,0.8470085088907071
0,0.019275497165974195
0,0.008556482968673194
0,0.4400427104661311
0,0.5
0,0.06534819285033507
0,0.05969177184566285
0,0.026122410304738938
0,0.06122029688485557
0,0.009396458276671571
0,0.005174971601625461
0,9.374204557914325e-05
0,0.06398656622853297
0,0.005812421003277872
0,0.047890380269061124
0,0.003920619661299491
0,0.9084975210518328
0,0.0038395700240238793
0,0.05644008943212418
0,0.779726288112515
0,0.06013724582763933
0,0.05165947573194772
0,0.00012343978965778725
0,0.5
0,0.004522779595546859
0,0.0029980498192545353
0,0.05304810345701923
0,0.02481577971397812
0,0.06800078745692878
0,0.0652539589475119
0,0.06105429255715283
0,0.051424378938100465
0,0.06477214104675105
0,0.0008237750849436583
0,0.004224402286605288
0,0.06008945035032179
0,0.06532606154930075
0,0.06349506596266323
0,0.02612241508888315
0,0.03685940660905437
0,0.06527045520219628
0,0.06377647332740692
0,0.06292656185766864
0,0.06531026059389367
0,0.03482485475782614
0,0.03574695468644388
0,0.047195132973824466
0,0.0024352130036124557
0,0.012351792549885703
0,0.9418044161324819
0,0.027688660396893456
0,0.06249968999712659
0,0.008492433393001812
0,0.0006739481501852804
0,0.003819602223443033
0,0.06526173017036875
0,0.0653156043393587
0,0.0006159745672818898
0,0.0644971159057219
0,0.059509534275215985
0,0.060693568788095426
0,0.039516863539439825
0,0.06534617619731875
0,0.001766385885270086
0,0.017090852664219003
0,0.001095297900214395
0,0.025189066214476103
0,0.0026220948020000473
0,0.07061261413053906
0,0.0005203245981682317
0,0.019692811805690064
0,0.03043123959053768
0,0.0628250587350379
0,0.06337236634198676
0,0.003168348057686411
0,0.01377437147727547
0,0.057321091338277355
0,0.004450063526335271
0,0.06526787710878519
0,0.02690414298261086
0,0.05732109742231417
0,0.07974945616762277
0,0.016015186495128064
0,0.06181368117766942
0,0.0017100198128544722
0,0.007072720759634163
0,0.00330025122809019
0,0.667905425916705
0,0.024034450102704653
0,0.059989648670290496
0,0.03418736961737411
0,0.06523426256807295
0,0.054572362217963834
0,0.0565932939071171
0,0.06531440561314689
0,0.003204893368098942
0,0.058306186069677836
0,0.064542846331242
0,0.03961705955325961
0,0.03177603011587518
0,0.0061305027276500265
0,0.011919945729401245
0,0.0025020685974832435
0,0.02292571853896688
0,0.0027998633324481143
0,0.05946041987961345
0,0.06489446439289775
0,0.0005146078007303817
0,0.05382668895643764
0,6.363421666205456e-05
0,0.06497123973772587
0,0.06529020221336226
0,0.00018091792665778696
0,0.0004711673085971984
0,0.06524295626547241
0,0.06464493020731428
0,0.0013996746034439238
0,0.04688470779999468
0,0.2787288825122217
0,0.0039045733922347305
0,0.2907917238946771
0,0.06529799744807045
0,0.05350759132605927
0,0.058092116950360866
0,0.06520120702838757
0,1.2491436562000774e-05
0,0.00260833366164771
0,0.004662824642382619
0,0.06198067585535713
0,0.06020331985174671
0,1.862414039013447e-07
0,0.0012486212654888985
0,0.0652728977810644
0,0.009209079782971787
0,0.015541385977773848
0,0.0009284879430692615
0,0.02877491105966123
0,0.0006174992713968172
0,0.06518693467344175
0,0.06503650144081712
0,0.00849132636268872
0,0.03681804800065157
0,0.06472678394716087
0,0.06620572227378681
0,0.036417505570204275
0,0.06529800656600009
0,0.037795483795852805
0,0.0023300733174976456
0,0.10131303012311033
0,0.0652849364859791
0,0.984568726834039
0,0.056039360914360424
0,0.056375961808957334
0,0.01686478875976147
0,0.0019763138070171345
0,0.00556106902236121
0,0.06529778856647275
0,0.01759558653485356
0,0.002032782432463374
0,0.015088636235713496
0,0.23861523858870173
0,0.06118028101681988
0,0.0481907576369247
0,5.3606680437455913e-05
0,0.0189050175812736
0,0.026182483820388847
0,0.00022635188915915919
0,0.06522590100030505
0,0.014899738582387967
0,0.08071312313924155
0,0.0008815335715569674
0,0.019574946110179275
0,0.6236685005396722
0,0.9116937950252302
0,0.06522624653565753
0,0.003006916275647203
0,0.0013734478018987727
0,0.06547865783039362
0,0.0038005347176623514
0,0.0025656007481474345
0,0.06491303811273703
0,0.001617778573508432
0,0.003331755347296504
0,0.01963882495054831
0,0.0010952974442218148
0,0.06459695711386675
0,0.00017929485946842352
0,0.014498793926255499
0,0.03487960667429815
0,0.0016803613210205307
0,0.004462580544723791
0,0.004190001071659687
0,0.518005804330639
0,0.06050547689427961
0,0.03590929132221125
0,0.0014899879738326013
0,0.05206986293087855
0,0.06162366395019086
0,0.0650706523802364
0,0.04569776295177285
0,0.01441191618275078
0,0.06529295670731738
0,0.00048077094980082495
0,6.178638700456905e-05
0,0.0024226431001260827
0,9.384031740661581e-05
0,0.0655847042632173
0,0.057987894687584175
0,0.0006912760829649437
0,0.057833093390565894
0,0.06318283675951551
0,0.06524617470367479
0,0.06400715994836355
0,0.004199351135262792
0,0.06420796149784767
0,9.387833262543235e-05
0,0.0003958169348135664
0,0.023168204639128387
0,0.0007870243244505187
0,0.006151110988551165
0,0.5
0,0.001256256773180422
0,0.026251929074588204
0,0.004169812833760748
0,0.00032344137232113664
0,0.0652640539020056
0,0.0009593744562747759
0,0.06527562054756801
0,0.06500382221842223
0,0.13264131971391888
0,0.0006216955278635315
0,0.0036782222903565635
0,0.06541446307642289
0,0.06532307143727292
0,0.0012382023540678775
0,0.01812606513525891
0,0.052649280781726836
0,0.15615173990671283
0,0.0002944879761644799
0,0.06521179653952901
0,0.031521903375904936
0,0.027931219106225872
0,0.1439221011489478
0,0.0480860462475415
0,0.05893152895825863
0,0.06525250188928255
0,0.0546899169892767
0,0.014702962810418854
0,0.06522006536480544
0,0.06525216818727504
0,0.006399822963029331
0,0.06528460489352667
0,0.0627841508757087
0,0.0005776514473974878
0,0.025393901679589232
0,0.001313406790866988
0,0.0004541435902787392
0,0.06528386200069676
0,0.9019744438478899
0,0.020636792259828805
0,0.06530678141926985
0,0.002978703047069883
0,0.26965984292495104
0,0.006210870486083929
0,0.004760955749470398
0,0.0001846516147892425
0,4.237610413048326e-05
0,0.056995692902026954
0,0.03245064474191444
0,0.0634381625864497
0,0.002790389331618877
0,0.03241271513211766
0,0.06271947472590146
0,0.9418047272838549
0,0.004181245170777059
0,0.06528680072311038
0,0.06532900923318373
0,0.0005221764933115391
0,0.134831169771897
0,0.0609565892695219
0,0.06489118208759345
0,0.06533394153753358
0,0.3442724192303434
0,0.04671697300105213
0,0.057783673238266484
0,0.05383526597347369
0,0.9065754619057691
0,0.0008679196570317755
0,0.038301440181052256
0,0.020940527479989573
0,1.3088304434862064e-05
0,0.0020697909595844286
0,0.012123337995292582
0,0.04250099177107263
0,0.06519703217890933
0,0.0031342681658958382
0,0.0652866747448015
0,0.06525342925393636
0,0.0004006497557382465
0,0.06531006655528779
0,0.001644699877026178
0,0.06526057547699286
0,9.353226898908186e-05
0,0.05384737698051215
0,0.018436429650366574
0,0.061338108190093166
0,0.06532094761702492
0,0.0013800274771937635
0,0.06524430748694736
0,0.06526056072715014
0,0.00704636992000751
0,0.059574691033900465
0,0.02206508868630897
0,0.004351650624363756
0,0.0653054175116334
0,0.06405059977391823
0,0.11316064772392966
0,0.026694833805547106
0,0.06531934776513564
0,0.0004666912932771482
0,0.00012051522237198535
0,0.05380926291840471
0,0.02747636135497396
0,0.0179415757882995
0,0.013430586753016118
0,0.006315968980151113
0,0.004961970629197655
0,0.0008510152817480278
0,0.06482415287269278
0,0.011620560938585307
0,0.010782952229140306
0,0.024949917862027767
0,0.2717740620733293
0,0.0599857295916779
0,0.0014267127572918632
0,0.06530382843904706
0,0.04871662958278777
0,0.06264659989283104
0,0.019234943132180254
0,0.06532901591421054
0,0.06523556092651207
0,0.06004045746612234
0,0.06752137881828703
0,0.06500133032024863
0,0.004492434854252205
0,0.02523949923720196
0,0.0632870364618398
0,0.06011875260017613
0,0.0647831101121653
0,0.0009098009074839481
0,0.01953865313247384
0,5.780134734447536e-05
0,0.001681210175892271
0,0.06365640842282629
0,0.0022229690559581023
0,6.4738358165354435e-06
0,0.06452610798015265
0,0.06131038756206359
0,0.05987113737273748
0,0.06532080771378311
0,0.04510285958898597
0,0.010235574269469212
0,0.039439456202734875
0,0.06464970146445616
0,0.0531320513269309
0,8.151917031108116e-05
0,0.9275848365447215
0,0.012332830530073571
0,0.0653213534770701
0,0.06530618541880097
0,0.06524285738587723
0,0.0508631768492227
0,0.08772918307561685
0,0.06521480759207358
0,0.06524235012246463
0,0.0037255782055032943
0,0.054570620283752286
0,0.06528773162873518
0,0.02505623534976285
0,0.028859906416004937
0,0.06369146241567705
0,0.06166639321932977
0,0.06526685717950796
0,0.06424548337756061
0,0.06199170481975655
0,5.094188783993604e-05
0,0.00021703251721157533
0,0.002500711331130719
0,0.0017396395749462693
0,0.07532474212954476
0,0.9353539703520266
0,0.0652741682658799
0,0.0650216247631578
0,0.06137994175080602
0,0.06535737009381941
0,0.02408185712005537
0,0.015178882698563276
0,0.06523177071036823
0,0.0025794807237780886
0,0.00032347401176882314
0,0.2361136251484747
0,0.00032393644988806586
0,0.06463093845831969
0,0.06530038397907464
0,0.06526056501038865
0,0.06528427296933519
0,0.06172088946282592
0,0.06011637289011514
0,0.00129558815528617
0,0.06259267001501873
0,0.020159908024701894
0,0.2978891276861328
0,0.05807008435775267
0,0.0315219115922287
0,0.0018194819039297973
0,0.06033768581363466
0,0.0005394041739393794
0,0.056195828578906995
0,0.06181052707785357
0,0.0007511600539704726
0,0.06268393601067017
0,0.010305899558514126
0,0.5336842641348539
1,0.9287367257480329
1,0.06506943479592368
1,0.9336395358258266
1,0.8856180312684061
1,0.09202518193281534
1,0.9065639032950116
1,0.9313637102774914
1,0.9075135249946744
1,0.9202210013719284
1,0.9066322018715621
1,0.9408120848649706
1,0.9229937427576419
1,0.5724758028550443
1,0.9071835195029923
1,0.906605162897228
1,0.926697545689952
1,0.9159670879904067
1,0.7606634685551104
1,0.48054485731126345
1,0.9239103256605364
1,0.9065739508836271
1,0.9007449902599884
1,0.9330728061419449
1,0.9456641127434045
1,0.9601585262045721
1,0.9198766710507242
1,0.9280861930945447
1,0.9065633521261042
1,0.9065169811918035
1,0.9083615451933268
1,0.9066958075710322
1,0.9252107761533593
1,0.9066412014329897
1,0.7034720497989555
1,0.0679102167550066
1,0.9294285926852034
1,0.9079794389029263
1,0.9264943923958031
1,0.9065806031421138
1,0.9899451885221612
1,0.9064042253652002
1,0.9188805945193929
1,0.9608275869097154
1,0.9426691041899706
1,0.9081654376844133
1,0.9234328872907833
1,0.8994711054194521
1,0.9066061455201279
1,0.07810777467116531
1,0.9931862633425436
1,0.9247091543320626
1,0.8276649609081203
1,0.9425903952032232
1,0.9171131808457585
1,0.9093677467007756
1,0.9616711934352385
1,0.13508740300045288
1,0.9348175597815499
1,0.9066516868411979
1,0.9260216733217176
1,0.9373190473069173
1,0.9066737525733283
1,0.41247304815320107
1,0.9266322793038502
1,0.9081694639382188
1,0.1334710457237618
1,0.34254477739702704
1,0.9070199693711195
1,0.9079742466786467
1,0.9181210869453862
1,0.9594931937229135
1,0.04599412522531881
1,0.08791997598171161
1,0.9065507189589604
1,0.9066568970995501
1,0.9066036601440582
1,0.9065394554880798
1,0.9065169811918035
1,0.910173881888411
1,0.9065447042955758
1,0.9097501311113491
1,0.9072252144721488
1,0.9075700861158585
1,0.944510103002897
1,0.9068182067605846
1,0.918977183401629
1,0.8846479721945798
1,0.9156369041388688
1,0.010382960195335826
1,0.9066000521472322
1,0.907569652464593
1,0.9165550747690341
1,0.9103076809545008
1,0.9969265660108045
1,0.91764072610782
1,0.9176749757621596
1,0.9307488756046143
1,0.9076156085420848
1,0.9460366824486178
1,0.06544295122375424
1,0.9151066822924413
1,0.9124064964387673
1,0.06966076701306956
1,0.9065498270961864
1,0.9348402857742638
1,0.8613814907128723
1,0.9066984900998029
1,0.9065777791246474
1,0.9066702335124875
1,0.9387186486805824
1,0.65447730151569
1,0.9454224038818908
1,0.9224754665352665
1,0.9352180821845286
1,0.9273622625333516
1,0.9308718055859164
1,0.9259777468775484
1,0.9167870916943738
1,0.9210454349647662
1,0.9225851918169192
1,0.9066712087950696
1,0.06700008939306108
1,0.059759057721679325
1,0.11914137788719277
1,0.06443870129723887
1,0.9066160804955664
1,0.1561515001340659
1,0.9269588586022041
1,0.14559021728140784
1,0.9178164991352928
1,0.9394028026946663
1,0.9306527198686422
1,0.9093810361026499
1,0.9077766542596934
0,0.065283558869668
0,0.0015240474961389229
0,0.010631337987159765
0,0.012165922068553983
0,0.06538305545183082
0,0.06465231563961905
0,0.00012035757148751191
0,0.003728402114733606
0,0.000300711434055392
0,0.06524365054745598
0,0.06524365625087523
0,0.0697164757615872
0,0.06088381382281474
0,0.06223361005037035
0,0.06522033182406173
0,0.06513623129841233
0,0.5330000483370149
0,0.001417109314729139
0,0.0026135358541892586
0,0.004821216204482955
0,0.06535286820789023
0,0.02612240333182868
0,0.013932421744206804
0,0.0652517537837856
0,0.06483456405482066
0,0.007387752380088754
0,0.18710583124526872
0,0.06524232622753572
0,9.374218834892738e-05
0,0.06528355835996995
0,0.06398656622853297
0,0.06530097256163918
0,0.047890380269061124
0,0.05843092840523662
0,0.06532449206716358
0,0.00012343997048865603
0,0.06526580300313811
0,0.05797560472219183
0,0.00037480634631282595
0,0.06523960584213352
0,0.06477214104675105
0,0.0008237750849436583
0,0.10024649601387525
0,0.061032010251049706
0,0.00012469350752453796
0,0.007217594156503375
0,0.06407809301827617
0,0.0038532456373543576
0,0.08400363212723608
0,8.626657443393156e-06
0,0.0628002868939764
0,0.051836714566664485
0,0.06551930723089557
0,0.023145689130723346
0,0.009774925811561518
0,0.06075953032064427
0,0.03482484345794116
0,0.0003353942327722961
0,0.025716865646684624
0,0.024253681866767563
0,0.002435215637073548
0,0.06527527193359656
0,0.06074190906800126
0,0.05880835289770746
0,0.01777400960673393
0,0.059698131729977524
0,0.0005369690057653895
0,0.06500059326253095
0,0.16274275518263903
0,0.06526057556636919
0,0.06526173017036875
0,0.0467458435088882
0,0.017999342300263413
0,0.0002385437973238846
0,0.0017758379441483296
0,0.022335729447587556
0,0.009308520741466481
0,0.0006159745672818898
0,0.060693568788095426
0,0.029319959865202586
0,0.0212841481172141
0,0.9043998011607598
0,0.045067473374701725
0,0.001095297900214395
0,0.7332848239314737
0,0.028603638136276602
0,0.00043188567080156936
0,0.06524617436795217
0,0.0455842927998254
0,0.03453633065001436
0,0.00584986642940775
0,0.014458027415440824
0,0.017481334511758578
0,0.06040189387534777
0,0.001290614541275698
0,0.01705797254751938
0,0.0007289157118720115
0,0.0022456033499419787
0,0.0637042291864732
0,3.317630948911151e-05
0,0.06525166608909118
0,4.4474223477088125e-07
0,0.06453182136264585
0,0.06526061312308916
0,0.06522917692138576
0,0.06526056855019871
0,0.0021707746431905124
0,0.030394438265360934
0,0.0653312569197418
0,0.06181368117766942
0,0.06522144745289284
0,0.014030288761168956
0,0.024034450102704653
0,0.058850158875749764
0,2.0063067472993302e-05
0,0.5526218793794425
0,0.059989653473860954
0,0.0012177116679341078
0,0.012017263684094694
0,0.06535419151866169
0,0.000445678403997383
0,0.03647544905170136
0,0.0001733331116071788
0,0.011919945729401245
0,0.009417950227448615
0,0.38447923461143996
0,0.06488648780637303
0,0.0009096358993687056
0,0.00101895769605875
0,0.01612711135093399
0,0.0004711677430856712
0,0.00019450556173954408
0,0.0021616041724378684
0,0.0025291227339726257
0,0.060082616700392895
0,0.0011982763745998263
0,0.01701048256666081
0,0.004015356644604439
0,0.010812993381757414
0,0.0007363735183237619
0,0.0652728977810644
0,0.14997026659006044
0,0.001614587769430193
0,0.06523660777764408
0,0.06198067521091782
0,0.00026262237493899934
0,0.019887603654331804
0,0.22728329016239504
0,0.06525708604431213
0,0.05637067829045687
0,0.0003009440648288891
0,0.017401557297768717
0,0.06522090255620323
0,0.03242031279533039
0,0.984568726834039
0,0.0021245220352961087
0,0.004326215620576394
0,0.056039360914360424
0,0.0009620422556656531
0,0.04744690173385562
0,0.002292272644791888
0,0.007390022531236146
0,0.008421890014225662
0,0.004966305813002262
0,0.06524681072191735
0,0.0015179613448907856
0,0.01890501694192223
0,0.06500971472255272
0,0.06281809649605771
0,0.06526785400260998
0,0.021596136859954065
0,0.06399209929630112
0,0.06476411454481457
0,0.0620996416005776
0,0.01957501221293103
0,7.675350156667535e-05
0,0.00017975517200837255
0,0.00043102695975955725
0,0.060893491934556544
0,0.005821929074103249
0,0.06360611629182152
0,0.001617778573508432
0,0.004051907531191441
0,0.06523807714612277
0,0.05900891202500481
0,0.06066769713626866
0,0.06482503008007268
0,0.06459695954376343
0,0.014498795494874945
0,0.061561382441593475
0,0.014630501965649712
0,0.007296824024749102
0,0.06521216306332776
0,0.065292141960186
0,0.06278414977748516
0,0.007357925535724974
0,0.031409694538859785
0,0.05206986293087855
0,0.06162366491294657
0,0.05363660155422108
0,0.017492600689731727
0,0.04705582004193986
0,0.060406493749226374
0,0.06397497086905972
0,6.178638263363628e-05
0,0.013133864614060577
0,0.0030920978846974046
0,9.384031740661581e-05
0,0.06527148494098998
0,0.06531301633862267
0,0.027807730003070828
0,0.06529124099913076
0,0.00026157454525211515
0,0.026510654385208575
0,0.024709094990885014
0,0.06528378317104208
0,0.02992126387804329
0,0.013240523669086339
0,0.06428147578494382
0,0.06148730898655722
0,0.006599807717252831
0,0.06524617450475084
0,0.06280434218295049
0,0.060289683947345796
0,0.04908662888549157
0,9.387833262543235e-05
0,0.001457507811934424
0,0.0595693456176443
0,0.0020277794557061776
0,0.06530528168679503
0,0.06522895567583659
0,0.09693299411330555
0,0.13264083940973376
0,0.047308565096185744
0,0.01851990011449419
0,0.06523223836575147
0,0.0003390805489536205
0,0.05593187888682661
0,0.057221437473196524
0,0.060293076115978686
0,0.05190193583365413
0,0.0038456957775642874
0,0.08584146784634039
0,0.3223815416875508
0,0.0005716352389960928
0,0.05607673270636553
0,0.01733271927264241
0,0.06528405582473303
0,0.06521179653952901
0,5.8922363991776894e-05
0,0.016348483291187623
0,0.06473597117954027
0,0.0480860462475415
0,0.05950153967700327
0,0.02250075805454809
0,0.061970848758027726
0,0.06530959287589708
0,0.00029686232711889036
0,0.06525249766563146
0,0.04127776913730519
0,0.04805515829577496
0,0.0008673296904758116
0,0.054689913616262076
0,0.014702962810418854
0,0.010970964588909317
0,0.00138590112639265
0,0.005666642906608782
0,0.004660460307286484
0,0.06200291988517494
0,0.0005776514473974878
0,0.0026156186942098655
0,0.025393901679589232
0,0.04037080303793957
0,0.057926910139480696
0,0.9019744438478899
0,0.39778958589225283
0,0.05411807089111508
0,0.0029782131896881636
0,0.06524750243331016
0,0.010517608075735813
0,0.00012022877646930593
0,4.272207951208448e-05
0,0.06523982379383178
0,0.059836766494753044
0,0.0006920701643529867
0,0.051291503365970846
0,0.05699568938088148
0,0.013054199951372603
0,0.0012660801527598034
0,0.06528937038103752
0,0.0033242335374540012
0,2.7572785304734364e-05
0,0.06329261548642968
0,0.0646142876674743
0,0.0643407240245863
0,0.036746831697810955
0,0.9418047272838549
0,0.03815122754068981
0,0.026122365339357096
0,0.0528946367647729
0,0.06534217554961311
0,0.13483112348939158
0,0.04828316994661954
0,0.05400133280819954
0,0.0609565892695219
0,0.05778366691079449
0,0.0019966555506181136
0,0.00017380377893731766
0,0.043272819593531846
0,0.0612247981908387
0,0.06526317359592163
0,0.02880558384793021
0,0.03322521411571129
0,0.06519703217890933
0,0.05128394837546969
0,0.2326389787053041
0,0.13174453342154263
0,0.06681842996234526
0,0.06541632530318521
0,0.06524617436759614
0,4.666666077057481e-05
0,0.0017059677478340502
0,0.8841068188892974
0,0.06532094761702492
0,0.007182898935509304
0,0.010366570054301036
0,0.06528036151872207
0,0.06523479523665368
0,2.205324722716645e-05
0,0.0009630250062437728
0,0.06530337620249708
0,0.002132796705948786
0,0.0014021294764763944
0,0.013801181787982553
0,0.06450636116487515
0,0.059048324693230514
0,0.0013161162694319015
0,0.060774672590248574
0,0.005068115713950524
0,0.06493615539348166
0,0.013712933942908193
0,0.002512558061623346
0,0.009673581827046219
0,0.06533237696122372
0,0.03994165926940747
0,0.005326062392617646
0,0.00013224975494854143
0,0.06525017694693905
0,0.006623606229541332
0,0.06465954306609911
0,0.06530382843904706
0,0.05882365450138296
0,0.0013700592245015676
0,0.06271404364024913
0,0.06523556092651207
0,0.06420571958059315
0,1.674364576254029e-06
0,0.032504777077775646
0,0.06754241509395206
0,4.6742681716141185e-06
0,0.06424616499057241
0,0.016611600847215687
0,0.06259479381139328
0,0.0012810627446208876
0,0.06494428461028888
0,0.9173338101153704
0,0.06532066738741026
0,0.06482745439156724
0,0.04372698793712153
0,0.0010952982702955299
0,0.021803007586912507
0,0.019538605019747655
0,0.03699885684061938
0,0.06533848724567627
0,3.036056377691597e-07
0,6.4738358165354435e-06
0,0.06523798481198634
0,0.06520804636324613
0,0.023584782026323078
0,0.00043194353565854026
0,0.0020209903641737405
0,0.06327751061322787
0,0.010235574269469212
0,0.03927010126954877
0,0.15120022951872572
0,0.0294613017368557
0,0.0029853059720198485
0,0.0174134513871231
0,0.057289686808045304
0,0.0615938857156387
0,0.9066062945651504
0,0.06240671928930624
0,0.06524285738587723
0,0.08772918307561685
0,0.0008815335715569674
0,0.06527579308366994
0,0.04327885521871227
0,0.022491764890015017
0,0.0016451148761822815
0,0.06438323663637581
0,0.059735793320273345
0,0.0004424981590757693
0,0.03109583676631982
0,0.06424548337756061
0,0.028758587262101808
0,0.06531972199008526
0,0.06523595362043294
0,0.06071313052598458
0,0.06528619267531444
0,0.06533584729813591
0,0.0015659406461066621
0,0.05773056767829957
0,0.9353539703520266
0,0.06534633366902985
0,0.014224375312488567
0,0.02983683889552334
0,1.7178642417612766e-05
0,0.06368320928341013
0,0.06535737009381941
0,0.04034758252622156
0,0.04833351942546024
0,0.005746534928727052
0,0.05131993863208552
0,0.014245173072054288
0,0.00015193794592750063
0,0.06526056501038865
0,0.056921987279870134
0,0.03371284538975548
0,0.06011637289011514
0,0.06048069474725767
0,0.06045442634958998
0,0.0647304420888319
0,0.00041095258966086383
0,0.06528837803572922
0,0.0038134776578363488
0,0.00046790597965656037
0,0.0027569885676761857
0,0.02870654069872722
0,0.006850068384758364
0,0.01916426252822431
0,0.06449884797741566
0,0.11389007139551853
0,0.0014834166466287857
0,0.0030752149929465437
0,0.00019983783666955142
0,0.010305899149392969
1,0.9151484524797434
1,0.9068897428755311
1,0.9075040906042671
1,0.5250693763006867
1,0.9333402183627548
1,0.09202513209905672
1,0.9065636377430807
1,0.9068930096684716
1,0.06610515129164751
1,0.9066290455843632
1,0.9408120764680339
1,0.5
1,0.9136273114134652
1,0.9094863559806374
1,0.9331387710599859
1,0.06966076701306956
1,0.9065739508836271
1,0.906564189631976
1,0.9100943303499833
1,0.9330728061419449
1,0.32894501176883956
1,0.7978085060456305
1,0.9645077581772395
1,0.0874200491450915
1,0.9283874882045184
1,0.9066046146331317
1,0.9139152675058884
1,0.9065266299752355
1,0.9067708203223064
1,0.9085125922569042
1,0.9201083436849945
1,0.9299077908543111
1,0.9066874027939001
1,0.9154382484105423
1,0.9065367033089448
1,0.9066958075710322
1,0.06535244397587948
1,0.9066160804955664
1,0.9189913536614169
1,0.0679102167550066
1,0.9456690040005701
1,0.06471497267711321
1,0.9351308374447616
1,0.16765426418548574
1,0.9532369197582276
1,0.9201705742237405
1,0.9178243568369648
1,0.9199689946841427
1,0.9066797317674644
1,0.9616711934352385
1,0.9303511945154675
1,0.9293228043029946
1,0.9266322908434327
1,0.9098482986621037
1,0.9072654508692333
1,0.906529127985571
1,0.9087578445459165
1,0.9168236506042075
1,0.5410004235788075
1,0.9099475481077114
1,0.1334710457237618
1,0.23621714034436728
1,0.906622317562389
1,0.9067103975265918
1,0.04599412522531881
1,0.9065507177986056
1,0.906489335360388
1,0.9120315120945118
1,0.9066036563890658
1,0.9397327286200453
1,0.023943972266644235
1,0.9101738594106781
1,0.9081914280033424
1,0.9154345512696922
1,0.9231745422295482
1,0.7225764961176346
1,0.9087412386439416
1,0.24887042231778442
1,0.07284237440837066
1,0.5193907436870185
1,0.9129165766005318
1,0.9066653889994013
1,0.9066662275804022
1,0.944632246971674
1,0.9223462742545571
1,0.06505035917035677
1,0.9068182067605846
1,0.9121527596803671
1,0.9214039640141777
1,0.9077567789721573
1,0.958900738424388
1,0.34906805080627035
1,0.9156005212257191
1,0.9254844365183637
1,0.9969386571308961
1,0.035208383653745935
1,0.910307685975494
1,0.7646448233834543
1,0.91718423164296
1,0.9199985578079081
1,0.9076441926392282
1,0.9066696353031495
1,0.9346889884682371
1,0.9087656271718798
1,0.9070187233121147
1,0.9114072901319225
1,0.9155990149398624
1,0.8277066040016281
1,0.9075986913209673
1,0.9065551009600343
1,0.9159555383487602
1,0.9077756373527802
1,0.933700667579093
1,0.9269315677103503
1,0.9066702335124875
1,0.3315339863477905
1,0.7355163447427415
1,0.9224754665352665
1,0.9118446071946391
1,0.8827905232656983
1,0.9277309302943011
1,0.9066958512074759
1,0.11914137788719277
1,0.9066936672840079
1,0.22831043887851418
1,0.9270034057693016
1,0.9066686466328312
1,0.9077756292234702
1,0.9394028026946663
1,0.9082284410281093
1,0.8075768546338511
1,0.9079207761562823
1,0.697269926744896
1,0.9567334682562691
1,0.9216607695889935
1,0.931630753851259
1,0.9567333665020104
1,0.9259239978194828
0,0.06537552205096962
0,0.05198167877521715
0,0.06527815225546697
0,0.4400427104661311
0,0.05861140391465797
0,0.06223361005037035
0,0.09777279630964619
0,0.06513623129841233
0,0.06068056589768179
0,0.0026135358541892586
0,0.0007204311394009042
0,0.004821216204482955
0,0.004740166079550132
0,0.0019705376848559576
0,0.0005980908069855519
0,0.007693321019484944
0,0.06523174214771914
0,0.06483456405482066
0,0.06468588786806168
0,0.06532239349284458
0,0.06357967142345335
0,0.008366667916985654
0,0.0016838354885724397
0,0.06530097256163918
0,0.003920622646467953
0,0.0013549260649371182
0,0.010657021070119796
0,0.9084975210518328
0,0.0038395700240238793
0,0.022300638647814904
0,0.00037480634631282595
0,0.05304810448527979
0,0.0009553194250157055
0,0.06532902069051842
0,4.493327574647368e-05
0,0.00013023240960469674
0,0.05462243357579017
0,0.062384053707500726
0,0.020038838504645714
0,0.06046081914725248
0,0.06526057406992898
0,0.004224401714287665
0,0.0649771655631286
0,0.018431743872562304
0,0.002849586635324061
0,0.03685940660905437
0,0.06349487082130456
0,0.06527045546721426
0,0.06400861740459687
0,0.0637764774427012
0,0.02032099101300929
0,0.20484659629739832
0,0.04415182001187617
0,0.06435494490585386
0,0.0003353941133806683
0,0.054788226404805455
0,0.0653090688911682
0,0.0005953778478291085
0,0.01777400960673393
0,0.0005369690057653895
0,0.0009471266900327992
0,0.06526173017036875
0,0.00013052371265249378
0,0.02908356326921147
0,0.0011843180891906702
0,0.0017758379441483296
0,0.02860362840390188
0,0.05950953216423992
0,0.2673860597530566
0,0.0212841481172141
0,0.05315980240466815
0,0.06478612151187296
0,0.0013479131964643344
0,0.06297786759835323
0,0.06524356902421996
0,0.00043188567080156936
0,0.0009411310663773955
0,0.0455842927998254
0,0.006798867885083396
0,0.054310233522736645
0,0.03794093930555328
0,0.0034994123794943803
0,0.06501729243206912
0,0.06524693079699001
0,0.0007289157118720115
0,3.147581840054005e-05
0,0.06525154787547924
0,0.06529708164042225
0,0.030013848499811646
0,4.447411829446521e-07
0,0.0014726494634777919
0,0.0652606131660954
0,0.06522920735024439
0,0.015395441435131569
0,0.06522055329101233
0,0.0011632092831774736
0,0.006541773023219584
0,0.01362888640950582
0,0.03299489014602187
0,0.007072711278890846
0,0.04190290750405412
0,2.006306049118673e-05
0,0.06522328775489393
0,0.001165717265802859
0,0.0031124137062229084
0,0.06520538864745015
0,0.0003943614855216934
0,0.05804744958088827
0,0.004877059742800744
0,0.00037088918397334785
0,0.00017333296244638092
0,6.757902188482429e-05
0,0.014688620706771467
0,0.012054407957795742
0,0.05963775883481466
0,0.002148950601349434
0,0.02292571853896688
0,0.009417938675531038
0,0.06867072853866589
0,0.06532214925165071
0,0.15870807034918674
0,0.06488648780637303
0,0.006377230893108821
0,0.003729472135191283
0,0.0013996746034439238
0,0.013378878529538207
0,0.016648378891828637
0,0.00015715644114764157
0,0.020182796848569315
0,0.054306632238277586
0,0.27749293168051065
0,0.0653452792362728
0,0.0007889123766549941
0,0.003997891024134169
0,0.00041337297892037045
0,0.06530089162395265
0,0.0027342995678325253
0,0.0006174992713968172
0,0.06518693467344175
0,0.0004559362479166281
0,0.06484410536702973
0,0.01832346821307398
0,0.058088172591405085
0,0.007934771462416381
0,0.06526683203496635
0,0.0007308166352643467
0,0.016114647911809485
0,0.8143698662467809
0,0.0002988428890201795
0,0.011738345924603202
0,0.016864721144928162
0,0.002292272644791888
0,0.01759558838223489
0,0.0652230963594401
0,0.06484416159553251
0,0.0005555440830858955
0,0.061250311791273764
0,0.0611802849373359
0,0.003786216803571049
0,0.06087326094925269
0,0.00501253548996747
0,0.08239188419777342
0,0.0026586396650146353
0,0.06436827821829727
0,0.00071293913422947
0,0.003006916275647203
0,0.00017975517200837255
0,0.06531284586779944
0,0.06528351537107341
0,0.0014927301514579912
0,0.0030711492295058037
0,0.06532411584374966
0,0.06523807714612277
0,0.05283246880851172
0,0.05844561656903339
0,0.06416773122279362
0,0.05203785519143834
0,0.0629932735699947
0,0.9180746843264971
0,0.05206986293087855
0,0.02315786832569155
0,0.05702025704486569
0,0.013064762159353455
0,0.06633930194724258
0,0.009721300454828856
0,0.00048077117007179184
0,0.2731422245081812
0,0.0030920978846974046
0,0.0008682749852300793
0,0.000141079331382715
0,0.0652678730476017
0,0.06524617450475084
0,0.06280434218295049
0,0.014665517704576855
0,0.45549836009753986
0,0.0003958169348135664
0,0.06532393945451856
0,0.010742524553742007
0,0.06527560376090541
0,0.00040109009653111985
0,0.09693299411330555
0,0.04694610559829041
0,0.06523223836575147
0,0.004579254980895098
0,0.0006068277008578304
0,0.05593187888682661
0,0.00035162616543164474
0,0.0005394109502049113
0,0.019405742633888095
0,0.008912031717317635
0,0.06526319198723587
0,0.02202219792528405
0,0.0008384292536055082
0,0.0002944880979835395
0,0.016348483291187623
0,0.027931219106225872
0,0.06473596898555364
0,0.06532375662201864
0,0.05893152895825863
0,0.004314951529860578
0,0.06509780454218068
0,0.06526057031730981
0,0.029644815101073748
0,0.0017748891342440072
0,0.06525216818727504
0,0.005666642906608782
0,0.06084353997675226
0,0.003428048276381589
0,0.06141863583120489
0,0.0013259134962507791
0,0.009181695912404687
0,0.9126708584766173
0,0.06465339611775142
0,0.06529023402549704
0,0.04538405530263261
0,0.06525797111152302
0,0.6795285824264922
0,0.0006272840544572535
0,0.06456449275327625
0,0.055639677760385794
0,0.0006920701643529867
0,0.06522192894008595
0,4.237610413048326e-05
0,0.013054205652924297
0,0.0073533188375955825
0,0.3788103229145929
0,0.03245064474191444
0,0.06525178257359061
0,0.06185868736025252
0,0.05524869064459172
0,0.004581053887149293
0,0.003873091791343231
0,0.048858902875067375
0,0.00013710974772088557
0,0.010577334082394698
0,0.06091205779731393
0,0.00120735990398813
0,0.06576099053130621
0,0.06523138271221327
0,0.0597924754197407
0,0.003613687021939359
0,0.0528946367647729
0,0.07222860194117221
0,0.04938608510073519
0,0.06533858975968368
0,0.052286186086048236
0,0.06376161172085898
0,0.00044281400922041846
0,0.003061181141685068
0,0.0019966555506181136
0,0.0001738039246904645
0,0.04327282875619062
0,1.3088311305101959e-05
0,0.02880558384793021
0,0.0020697909595844286
0,0.012123351913006798
0,0.0031342593546408604
0,0.002150400028814461
0,0.003009186364785599
0,0.3747843804336693
0,0.05128394837546969
0,0.09497238618667837
0,0.0011644406335721946
0,0.06507971936746164
0,0.018436429650366574
0,0.017744900968041995
0,0.014173044335991461
0,0.49094082948443446
0,0.8841068188892974
0,0.059704581817311884
0,6.302154062615706e-05
0,0.002974552261081721
0,0.0019742215984535154
0,0.010366570054301036
0,0.06318286274629531
0,0.007046368819720173
0,0.0014285385248356164
0,0.06527578446067928
0,0.001023363044621561
0,0.005068941170130691
0,0.030651574154825723
0,0.06239875844499174
0,0.005840283360160153
0,3.3904933056122456e-05
0,0.06521956141177235
0,0.11316064772392966
0,0.026694833805547106
0,0.9067069120867923
0,0.0004666912932771482
0,0.055740199209261064
0,0.06357274136258993
0,0.06022540563608343
0,0.001042236772078126
0,0.0179415757882995
0,0.06449884735388672
0,0.053842096236536775
0,0.02439004409195904
0,0.008663933099493286
0,0.06511672155546953
0,0.0007094489256300675
0,0.06521893060516995
0,0.024949917862027767
0,0.05838701058851462
0,0.0652544896886195
0,0.005326062392617646
0,0.0631950312283968
0,0.06151534691794831
0,0.013781604943555273
0,0.06521211925001145
0,0.01194502073864197
0,0.0019529654475938338
0,7.378210650883702e-05
0,0.06361443435628437
0,0.0653429487275535
0,0.0009308708590346268
0,0.04306625206565738
0,0.031007497407642852
0,0.7218119150573484
0,0.019178768247559225
0,0.000134132320026979
0,0.060118784068710684
0,0.06526055775228225
0,0.00022358793669643558
0,0.06487301175220749
0,0.06499119664200576
0,6.4738358165354435e-06
0,0.06103558387431586
0,0.24757816658335483
0,0.06452610798015265
0,0.06292143936165859
0,0.06524918364346234
0,0.06351492774543509
0,0.06746127449139927
0,0.006671901062973197
0,0.06512229129496644
0,0.0008370733898794136
0,0.06464970146445616
0,0.06524885058977241
0,0.012344134267955126
0,0.05620520055452596
0,0.0615938857156387
0,0.9066062945651504
0,0.004994300855186485
0,0.00017591514050976846
0,0.06109325583138437
0,0.04327885521871227
0,0.047795766880400194
0,0.061765109838133055
0,0.0052576268433007275
0,0.06526181411597802
0,0.06521898325923406
0,0.047056771010868324
0,0.06134647798746033
0,0.0009448359752426372
0,0.0011644007107548119
0,0.35749903986439774
0,0.02505623534976285
0,0.06536006498357026
0,0.01050210865453593
0,0.06248976801727172
0,0.05477676465665642
0,0.06018150272375542
0,0.00021703251721157533
0,0.06345694180658527
0,0.06528942443342942
0,0.06533598145447718
0,7.761186623903638e-05
0,0.06505418790217092
0,0.06422819145657795
0,0.00834597516854499
0,0.013706421395196894
0,0.023976404235139703
0,0.004112607882351531
0,0.006605726683948535
0,0.0008821532825872831
0,0.02983683889552334
0,0.004953575479315514
0,0.009872097118471352
0,0.02408185712005537
0,0.06356775526934294
0,0.0025794846291005116
0,0.04833351942546024
0,0.00032347401176882314
0,0.06535853140563999
0,0.014245173072054288
0,0.9252175702673415
0,0.06530037504792123
0,0.012504051955418448
0,0.06526056501038865
0,0.06064633703227753
0,0.03805933067420197
0,0.06497493824228905
0,0.0652933983978311
0,0.05688409722877185
0,0.1925297843223361
0,0.0006946892894682762
0,0.06525923186095846
0,0.06048051738406855
0,0.06230039561148663
0,0.06530634195204814
0,0.028594009298277757
0,0.05141279247195876
0,0.06486561880613803
0,0.006102572132790155
0,0.020806911502944454
0,0.00017234232137258457
0,0.002232879024995042
0,0.0032668210568598927
0,0.11739728700209455
0,0.06474316967337096
0,0.0005452075088849688
0,0.060768291568877905
0,0.021122538329342803
0,0.003092765447095491
0,0.006914804453542943
1,0.9716494764756166
1,0.9081957039184971
1,0.4521106417610672
1,0.06506943479592368
1,0.9065609315261886
1,0.9130423750317646
1,0.9080118504896285
1,0.9077567791921103
1,0.13756266527428024
1,0.06610515129164751
1,0.9065999842818355
1,0.9294139919058583
1,0.6036387054688014
1,0.0722779422120442
1,0.9065366658101955
1,0.9169416545884596
1,0.9066632726839474
1,0.9460366677569163
1,0.926697545689952
1,0.9404151985722
1,0.9007449902599884
1,0.8896259873286272
1,0.9100943303499833
1,0.9085069005757764
1,0.649584580389259
1,0.9239103214633827
1,0.078115241252035
1,0.9066164396541512
1,0.8613815098093931
1,0.05451643009823402
1,0.907683522318095
1,0.9157630277757735
1,0.9151788399521062
1,0.9131135766055096
1,0.9601584920106886
1,0.92808621323956
1,0.9627730332577653
1,0.9065744803422875
1,0.9197783089554412
1,0.9371733089434073
1,0.9065367033089448
1,0.9277309408670572
1,0.9066958075710322
1,0.913868975692729
1,0.9079794389029263
1,0.9213223411806157
1,0.9899451818000888
1,0.9188805898921656
1,0.9104151034105986
1,0.9081653578772438
1,0.9743055604386527
1,0.9083225107034244
1,0.9066346538433125
1,0.9066118520302148
1,0.9093677546608567
1,0.9968571575623693
1,0.9040720005501358
1,0.9293228043029946
1,0.9266322908434327
1,0.9098482986621037
1,0.9065712053133546
1,0.8284679910352534
1,0.4576704856176282
1,0.06556014091047131
1,0.0459941608172721
1,0.087677278875439
1,0.9071415987991875
1,0.9065169810848238
1,0.9397327284990119
1,0.9081784113047315
1,0.9087412386439416
1,0.09202513209905672
1,0.9066374973754964
1,0.9250952510205251
1,0.07284233372812705
1,0.519391164210725
1,0.9831945718539621
1,0.8709092530641886
1,0.9133706026981868
1,0.9090481494130389
1,0.9116223118614137
1,0.9114072930622035
1,0.9066653889994013
1,0.06485689195855734
1,0.944510103002897
1,0.9065879337240478
1,0.14980332008017674
1,0.8655440164010768
1,0.34766678717092087
1,0.9419284343713874
1,0.9189913536686831
1,0.9065712053133546
1,0.906658110476904
1,0.9165550747690341
1,0.21903650932148128
1,0.9199985578079081
1,0.795904566452399
1,0.9602908375991358
1,0.9113169185073278
1,0.9065337797383431
1,0.9091195833435558
1,0.917674985638932
1,0.9307488756046143
1,0.906610977262917
1,0.906628952340031
1,0.20359671287949024
1,0.9346889884682371
1,0.9601584920106886
1,0.9324061167664436
1,0.9831945718539621
1,0.04393861476203871
1,0.7518646363370776
1,0.9155990149398624
1,0.06491727181566685
1,0.10805347961931734
1,0.9090582439708669
1,0.9432907283184832
1,0.8675607645613409
1,0.9157503569510358
1,0.9065669120282525
1,0.049608295180763054
1,0.9066702335124875
1,0.65447730151569
1,0.7720653209410192
1,0.9078668649003697
1,0.5
1,0.9684558076957224
1,0.9084945746638184
1,0.14167355960086522
1,0.06551479004873137
1,0.12337795216766899
1,0.8933115822239018
1,0.910463613449264
1,0.9174632885848245
1,0.9277309302943011
1,0.906526637214046
1,0.084152390067154
1,0.9065955727147529
1,0.059759057721679325
1,0.9066936672840079
1,0.9147558244004753
1,0.9121301459572083
1,0.9113913109917036
1,0.9066061455201279
1,0.9471065249659777
1,0.9077756401448825
1,0.9139760418949586
1,0.9537988395553145
1,0.9073338677825993
1,0.9173167188397986
1,0.9068861520052102
1,0.9602908416232018
1,0.9216607572371365
0,0.05690825799711829
0,0.012531108762107338
0,0.06525764229696536
0,0.011562166067553366
0,0.008556479263568798
0,0.06538305545183082
0,0.0646523165494622
0,0.006873565645470243
0,0.00033769932644759813
0,0.03822591315181948
0,0.06527816812123216
0,0.5384091725918005
0,0.03883057771829998
0,0.001417109314729139
0,0.0026135358541892586
0,0.046483409930135784
0,0.003241753055603078
0,0.004739337412190676
0,0.016676706973416337
0,0.05568946368602364
0,0.06523174214771914
0,0.04002416039313913
0,0.020200756808287545
0,0.04767271544893885
0,0.06532094373217845
0,0.008366667916985654
0,0.0653305864748324
0,0.013427905943428619
0,0.003920619661299491
0,0.0634955827204032
0,0.0002817410953141557
0,0.05165951446498799
0,0.01308213709416474
0,0.03836573965111045
0,3.7477866411810474e-05
0,0.0652736728839847
0,0.0003526427789649724
0,0.06517931643743252
0,0.00322578737555181
0,4.493327574647368e-05
0,0.05462243690492417
0,0.06523960584213352
0,0.06237475332176675
0,0.0652539589475119
0,0.06253234128718162
0,0.0019751988691005242
0,0.00011770456219288164
0,0.06244392103043377
0,0.10024649601387525
0,0.03403951547011355
0,0.03685940660905437
0,0.029695494589486403
0,0.052207959271395335
0,0.00012469350752453796
0,0.06519261555394884
0,0.042986406171952485
0,0.6466556251263516
0,0.06377647332740692
0,0.08400360847439024
0,0.8873398091276229
0,0.06271049781840596
0,0.0009274719582971927
0,0.0441518277901204
0,0.06075953032064427
0,0.06435494490585386
0,0.04719512364476407
0,0.8922985228904649
0,0.0653090688911682
0,0.025777599789952962
0,0.005123946900684515
0,0.06052082515409143
0,0.049847214575808145
0,0.01777400960673393
0,0.8083021163318801
0,0.06530634233978669
0,0.04674584099931387
0,0.0653156043393587
0,0.005622780401661696
0,0.001093661140998516
0,0.016758542931901266
0,0.0016664383580834116
0,0.06532048532790409
0,0.001287238883055315
0,0.2673877791718339
0,0.04084517233277501
0,0.06201893595577629
0,0.04669286547119822
0,0.003964832297071973
0,0.001766385885270086
0,0.017090852664219003
0,0.06423114899050819
0,0.004548045846056341
0,0.03343292241096093
0,0.044695756908637356
0,0.06466033327193671
0,0.03566480191945909
0,0.07061261413053906
0,0.0022456020262969865
0,3.147581840054005e-05
0,0.0031275986117154774
0,0.06205386656592274
0,0.0006764307166475166
0,0.003168348057686411
0,0.01377437147727547
0,0.01459384616588484
0,0.004450063526335271
0,7.937587826233161e-05
0,0.042256897815174714
0,0.010928285090937727
0,0.05732109889263757
0,0.0001230350650026372
0,0.14997023282043154
0,0.000384311212667694
0,0.03299489194770764
0,0.06353787109961759
0,0.05804745049521698
0,0.03647544905170136
0,0.00035586603939334626
0,0.06511217138494495
0,6.757901620881956e-05
0,0.0025020685974832435
0,0.13347201954225713
0,0.8918814314489305
0,0.0005146078007303817
0,0.06527044832499167
0,0.0037193799098524825
0,0.7711867700450699
0,0.000566767305042237
0,6.363427689343065e-05
0,0.0009819016098916661
0,0.05813782807885437
0,0.02074904464090884
0,0.010999102185232767
0,0.9364406229738155
0,0.0020493929934565763
0,0.8656905830997076
0,0.06526061917816077
0,0.0653092075715859
0,0.0040153702415914256
0,2.5032256978090056e-05
0,0.015541369772651139
0,0.0009284879430692615
0,0.061980672143174
0,0.12612019029781557
0,0.008491317269091152
0,0.0006589050523417565
0,0.036417505570204275
0,0.058088172591405085
0,0.0036607061739401155
0,0.05853394982871582
0,0.00774732246910613
0,0.016114653334705
0,0.0010308053050225414
0,0.020641206057374357
0,0.0015424095863049191
0,0.017401557297768717
0,0.06394961533865746
0,0.06522090255620323
0,0.05768154605901549
0,0.06497203184607687
0,0.06526173017036875
0,0.0021245220352961087
0,0.010425445344855755
0,0.001137036501174555
0,0.06532557332596065
0,0.007390021216673565
0,0.05435172835556838
0,0.005690461009777354
0,0.06484416159553251
0,0.02081113977190409
0,0.0010587320762771085
0,0.06530540271447553
0,0.06017019404329667
0,0.0037862167867953656
0,0.06087325794003121
0,0.0008815331565981655
0,0.06436827821829727
0,0.003083283767922183
0,0.05585130936140012
0,0.0002081255408404582
0,0.007586950024898856
0,0.06134152997769445
0,0.06567538026019284
0,0.003331755347296504
0,0.059824403661130766
0,0.00022518905543860145
0,0.004051907531191441
0,0.06529491958099976
0,0.011755738876007319
0,0.049727977736137845
0,0.03484704652337903
0,0.021726576286050903
0,0.06299327274865663
0,0.004190001071659687
0,0.030784081980865782
0,0.01805324155704512
0,0.016236542770114167
0,0.3968767694308242
0,0.03590929132221125
0,0.0038807107506659277
0,0.06295247904154098
0,0.027848114521974374
0,0.036846031178779284
0,0.27314208313976984
0,0.0038282397878530083
0,0.013133864614060577
0,0.06531301633862267
0,0.027807730003070828
0,8.457851430098346e-05
0,0.0006912760829649437
0,0.00026157474491224906
0,0.033219640942861346
0,0.0008682749852300793
0,0.027004054508494576
0,0.11597607286439816
0,0.014665517704576855
0,0.004199351135262792
0,0.022856046279508012
0,0.004170426414717353
0,0.45549836009753986
0,0.0017391666759077008
0,0.06524356174642626
0,9.387827600142915e-05
0,0.022394215143458907
0,0.0009747634898018255
0,0.056274824682527154
0,0.006151115380094046
0,0.05620787590744999
0,0.06500382221842223
0,0.0969332688691229
0,0.0006783347632072145
0,0.06524885349638446
0,0.0036051889996351508
0,0.0653121913718472
0,0.05190193583365413
0,0.019405742633888095
0,0.06532307143727292
0,0.0646510975183166
0,4.37947689397852e-07
0,0.0526494025248804
0,0.016348483291187623
0,0.056248527573527475
0,0.06197082267151196
0,0.004314951529860578
0,0.007603442399486498
0,0.00018900885655388457
0,0.00138590112639265
0,0.050442744261912364
0,0.0046339728383251
0,0.004660460307286484
0,0.06528460489352667
0,0.0013015901233507598
0,0.0627841508757087
0,0.9126708584766173
0,0.06312512685601379
0,0.06533072581581258
0,0.04037083080033826
0,0.057867558162467886
0,0.0004541435902787392
0,0.06528386200069676
0,0.020636792259828805
0,0.39778958589225283
0,0.0029782178355421025
0,0.00013023243693328495
0,0.0653049673164748
0,0.06524507401047108
0,0.002978703047069883
0,0.06253679989905025
0,0.0007271894727999806
0,0.0026593666437108835
0,4.272213607822706e-05
0,0.0652659890985816
0,0.0006920701643529867
0,0.0652632041132772
0,0.05129335031881994
0,0.0650090415426966
0,0.0024007506466648576
0,0.06528933734963534
0,0.007353306664849654
0,0.06525178376781043
0,0.06530594068867034
0,0.04885886612580513
0,0.00013710974772088557
0,0.06329261548642968
0,0.03674683652308297
0,0.06271947472590146
0,0.06528680035165894
0,0.06534598082853747
0,0.06534712193846966
0,0.0652631811936876
0,0.005902530958807694
0,0.0029080622273617088
0,0.134831169771897
0,0.0609565892695219
0,0.06489118208759345
0,0.04671697300105213
0,0.05757016980900773
0,0.0008616814000581258
0,0.0030274535110154624
0,0.06526317359592163
0,0.0004320560905439623
0,0.0651274718767615
0,0.0652461743480272
0,0.06524617436759614
0,0.013191954091409903
0,0.0004006497557382465
0,0.005506301469528296
0,0.05384737698051215
0,0.061338108190093166
0,0.0026793209643688684
0,0.0013800274771937635
0,0.059704581817311884
0,0.05941931805220409
0,0.0009630250062437728
0,0.059574691033900465
0,0.004351650624363756
0,0.010040937150804225
0,0.0653437043247635
0,0.8714342918549135
0,0.0933070931415426
0,0.06531934776513564
0,0.03388113304498155
0,0.5103497159429801
0,0.06367790915877343
0,0.05612697830385305
0,0.0009637154101207
0,0.04727606222847929
0,0.06348348634406506
0,0.013430586753016118
0,0.006315968980151113
0,0.06526403903812993
0,0.9069526329977745
0,0.02061367580853085
0,0.06527715986728626
0,0.0583870101335902
0,0.0652544896886195
0,0.0599857295916779
0,0.06151534691794831
0,0.013781604943555273
0,0.05882370764040524
0,0.06271404364024913
0,0.011668289386279049
0,0.04941940434274648
0,0.01194502073864197
0,0.002631148508128079
0,0.016689768018042145
0,0.017774010848439808
0,0.031007497407642852
0,0.013706013139218388
0,0.0018203023385875983
0,0.0017418361306258878
0,0.06011875260017613
0,0.01953865313247384
0,0.014365110545970596
0,0.0651385747941138
0,0.06520510232883082
0,0.06524918364346234
0,0.06520805174140208
0,0.00527222620904462
0,0.020439453006666424
0,0.0007465167137597036
0,0.003077767836341163
0,0.006671901062973197
0,0.006636556275256049
0,0.027268176540481543
0,0.004994300855186485
0,0.06524285738587723
0,0.001621861848116409
0,0.010822577560781225
0,0.06529632601901808
0,8.0619209412751e-05
0,0.06522030499015681
0,0.025056211744730418
0,0.0014683868734626953
0,0.0008826101409049638
0,0.059646837556179194
0,0.06526428128565823
0,0.0045181091875732115
0,0.06531979796265339
0,0.06345694180658527
0,0.064880768107107
0,0.06528944129519443
0,0.06434824371346112
0,0.0001348698425258155
0,0.13622517747096566
0,0.01360488879253878
0,0.15232899522722912
0,0.06527405344790783
0,0.007676021479016913
0,0.006605726683948535
0,0.06527426371986607
0,0.014224375312488567
0,0.06526056143864406
0,0.06503665267690907
0,0.06472378038876253
0,0.000824174528118127
0,0.43507789035093597
0,0.06349507562004969
0,0.061224035352852806
0,0.0020629654473677136
0,0.04833348889910692
0,0.2361136251484747
0,0.014245173072054288
0,0.0007487546820614657
0,0.006514966314600944
0,0.06526883578142145
0,0.0602437376463424
0,0.06497493824228905
0,0.19251369110837444
0,0.06011637289011514
0,0.4781406252076273
0,0.06529800451142247
0,0.2978891276861328
0,0.04398373004457201
0,0.06486562478542586
0,0.001160857640453291
0,0.056195826830548634
0,0.047766789552596244
0,0.041834501943353766
0,1.651979781198156e-05
0,0.023168192363603738
0,0.11389007139551853
0,0.0014834166466287857
0,0.002123049989181772
0,0.0367119617813146
0,0.06076828978398777
0,0.5336844442548339
1,0.9081773860019872
1,0.9075040906042671
1,0.6794108259184801
1,0.9214433270269121
1,0.9772962752889223
1,0.9039291090750985
1,0.9080118504896285
1,0.9070433863974281
1,0.15114641792525796
1,0.9066081532562881
1,0.9460366677569163
1,0.9099450134128984
1,0.9066044069057165
1,0.9159670879904067
1,0.3301947618613718
1,0.7606634685551104
1,0.9460018726968582
1,0.9066700866558983
1,0.9943499156608804
1,0.9084077222456733
1,0.920429506699673
1,0.9239103256605364
1,0.078115241252035
1,0.7978085060456305
1,0.9456641127434045
1,0.0874200491450915
1,0.06527994434830796
1,0.2572277384415185
1,0.9065266299752355
1,0.9299077908543111
1,0.9627730332577653
1,0.9425987299950229
1,0.9066271047539708
1,0.9161555676080073
1,0.06535244397587948
1,0.9252107761533593
1,0.7008116449059398
1,0.913868975378544
1,0.9065366865766696
1,0.9276117616912007
1,0.9264943923958031
1,0.9065471567470857
1,0.9899451818000888
1,0.06471497267711321
1,0.9351308374447616
1,0.9149137149438085
1,0.9290232880168585
1,0.9201705742237405
1,0.30496312990671826
1,0.9066346538433125
1,0.9065447658483103
1,0.9325061193787466
1,0.9171131882619313
1,0.06034676340804101
1,0.06535242788445958
1,0.9066516868411979
1,0.906635033928061
1,0.9040720005501358
1,0.9079100291085195
1,0.913911680345921
1,0.06535518632359198
1,0.035208383653745935
1,0.9146267962858876
1,0.9087578445459165
1,0.9281209705642737
1,0.880821651280112
1,0.2799397691001748
1,0.9407333331754224
1,0.06663171751272438
1,0.9066579376599788
1,0.06700008939306108
1,0.9134229931681379
1,0.023943972266644235
1,0.9065501145980108
1,0.9066037555082923
1,0.7225762815953558
1,0.9151173239435841
1,0.9181347508464427
1,0.9226765574406164
1,0.07284237440837066
1,0.9281472590945595
1,0.9084000986109662
1,0.558523551527702
1,0.9973585559803712
1,0.8828972079556116
1,0.9093810344402149
1,0.9065909705683695
1,0.9269780087528591
1,0.9190434550646447
1,0.9214039640141777
1,0.08340497257591614
1,0.9077567789721573
1,0.9298389678402093
1,0.035208384974374674
1,0.2708231053982276
1,0.078115241252035
1,0.9176407310235933
1,0.9071218565727349
1,0.91718423164296
1,0.9287177586944849
1,0.9255093562418862
1,0.9066101727587724
1,0.9065984447584378
1,0.9156119855310599
1,0.9285714312492499
1,0.9412228961093738
1,0.9067009976813802
1,0.926931565382799
1,0.9387186486805824
1,0.008377687555713276
1,0.9080744870185127
1,0.9118446071946391
1,0.9130956910917001
1,0.906602848099335
1,0.9308718055859164
1,0.8933115822239018
1,0.9225851918169192
1,0.9973842390406785
1,0.9066937091621489
1,0.059759057721679325
1,0.22831059803590856
1,0.9066060678094006
1,0.9269588586022041
1,0.9238854243752053
1,0.9139760418949586
1,0.9537988395553145
1,0.9065605524135124
1,0.9386017494198775
1,0.9099999384985862
1,0.9065345805589469
1,0.9972168512986402
0,0.0015240474961389229
0,0.8905659415425237
0,0.024906409314376356
0,0.06397037681110201
0,0.00013588601709766938
0,0.024364754689038818
0,0.000300711434055392
0,0.06531918519609183
0,0.06524365054745598
0,0.001085181575351319
0,0.06975682206672726
0,0.001686384330965356
0,0.038830433538973363
0,0.0652494873254178
0,0.004739337412190676
0,0.023168217060711257
0,5.87228545005019e-05
0,0.061217622701877694
0,0.0929312657002012
0,0.000613603171949652
0,0.0016838354885724397
0,0.006100663272991277
0,0.06530097256163918
0,0.012109205361991426
0,0.05644008943212418
0,0.0004394970084559717
0,0.06286424602994684
0,0.0653017597180289
0,0.06526580300313811
0,0.05304810345701923
0,0.023957193736885686
0,0.061054314656060094
0,0.020038838504645714
0,0.10136318915926769
0,0.0652639305746054
0,0.0019751988691005242
0,0.006455134947093629
0,0.00011770456219288164
0,0.0649771655631286
0,0.018431743872562304
0,0.06486220180997947
0,0.06532606154930075
0,0.057909786770857806
0,0.03685940660905437
0,0.06519261555394884
0,0.042986394649940085
0,0.007217594156503375
0,0.05917003932334769
0,0.00042018948160419187
0,0.0038532456373543576
0,0.08400363212723608
0,0.8902922101320133
0,0.06526056257116541
0,0.03921500298794429
0,0.051304230173486856
0,0.06551930738199993
0,0.06528906031984616
0,0.0019715806235369344
0,0.0018764636904901853
0,0.054788226404805455
0,0.0033105660975575562
0,0.06530637026007725
0,0.001125481809482757
0,0.049086464860952805
0,0.023529557499231787
0,0.06522519441277598
0,0.007545582187366635
0,0.0006739483412970976
0,0.06500059326253095
0,4.833186686479298e-07
0,0.0005425970126597618
0,0.06531330300504672
0,0.0011843180891906702
0,0.06516519362934793
0,0.05356540620271842
0,0.06069356910781736
0,0.06522851626583416
0,0.001095297900214395
0,0.06532096650422703
0,0.06466033327193671
0,0.06530557231213625
0,0.7332848239314737
0,0.0036086791029774066
0,0.004749880082184263
0,0.017481350004200508
0,0.0008978428451245807
0,0.07061261413053906
0,0.05702794333730592
0,0.0576330177352429
0,0.0022456020262969865
0,0.06525154787547924
0,0.0430726484279258
0,0.06337236634198676
0,0.003168348057686411
0,0.0007906209228984077
0,0.0652606131660954
0,0.062433248713009086
0,0.06522028721254068
0,0.9066517650710975
0,0.02690414298261086
0,0.030394438265360934
0,0.0001230350650026372
0,0.0328595306994925
0,0.023708159739045324
0,0.006541773023219584
0,0.0003843121628089104
0,0.06522147994763254
0,0.0028458208152746887
0,0.024034450102704653
0,0.02221925994389475
0,0.0011246100112444082
0,0.061016271125878846
0,0.06520538830020219
0,0.064542846331242
0,0.00037088918397334785
0,0.06529201010481796
0,0.00017333296244638092
0,0.025291419715589507
0,0.06480535278382754
0,0.01832058322698704
0,0.0366772511236754
0,0.059262321272337444
0,0.13347201954225713
0,0.06067328549848973
0,0.06867072853866589
0,0.09877470971199152
0,0.06514709442088289
0,0.033273589138969245
0,0.0016299209743887108
0,0.06213674163639401
0,0.0047454991523476885
0,0.2787272419525428
0,0.06264127043723992
0,0.0625926618733697
0,8.264610234635804e-05
0,0.013669014962975172
0,0.018765430465874477
0,0.020129138257711385
0,0.05809211993484193
0,0.0598158332486834
0,4.0004348001405394e-05
0,0.004558934239374792
0,0.06198067117473088
0,7.581636457896905e-05
0,0.06531688928835928
0,0.03081254539458515
0,0.054941447045735156
0,0.003682696786578201
0,0.05887823225271595
0,0.008851240128797082
0,0.22728329016239504
0,0.06472678394716087
0,0.06525684785714428
0,0.036417505570204275
0,0.058088172591405085
0,0.007934779825875043
0,0.037795483795852805
0,0.6813915816033558
0,0.0023300733174976456
0,0.0578087971960174
0,0.011164911065734787
0,7.952238158411969e-05
0,0.05768154605901549
0,0.05538526509542528
0,0.056375961808957334
0,0.06523722810621119
0,0.006915297393987791
0,0.00842189573633667
0,0.054351735241938176
0,0.02074709658902938
0,0.06484416323429469
0,0.04634554634897692
0,0.0059758144445851685
0,0.06476411228036796
0,0.06529636061210874
0,0.008701291575245483
0,0.01957501221293103
0,0.0005395743115041129
0,7.675350156667535e-05
0,0.06362557655853747
0,0.003006916275647203
0,0.000343391015303863
0,0.0002081256469186011
0,0.0001797550779490468
0,0.024424482742453513
0,0.0001093603102126125
0,0.0652435647798228
0,0.060893491934556544
0,0.4874990214044115
0,0.20872721064978392
0,0.049245426635715635
0,0.06120587552113371
0,0.06523807714612277
0,0.002414011012752897
0,0.06529491958099976
0,0.06482504577271463
0,0.0047663769743446355
0,0.0001792946938630025
0,0.0497279287143383
0,0.06416773122279362
0,0.03484704652337903
0,0.004462580544723791
0,0.030784081980865782
0,0.9180745380071225
0,0.04666219328279221
0,0.010629598511192707
0,0.3968767694308242
0,0.0014899879738326013
0,0.002309927564945932
0,0.06507588145675185
0,0.020209083216903793
0,0.06633930194724258
0,0.009721294771600015
0,0.060406493749226374
0,0.03519355192810536
0,0.06529091070361688
0,0.03684600994827273
0,0.2731422245081812
0,0.0038282388174731004
0,0.01313385609532446
0,9.384031740661581e-05
0,0.06530203923142938
0,0.0018367710846314952
0,0.0653781577761619
0,0.05191275581829074
0,0.0008831719214114412
0,0.11597607286439816
0,0.011424061335971828
0,0.0030690534349025202
0,0.06163900821247152
0,0.06420796353492263
0,0.022394215143458907
0,0.023168197624511083
0,0.00021423808321520846
0,0.0007870243244505187
0,0.019072750748621064
0,0.01851990011449419
0,0.056353233130159774
0,0.0001218102822220096
0,0.06524888689251022
0,0.0036051889996351508
0,0.05722142898650504
0,0.0019556211628375493
0,0.019405742633888095
0,0.0017382777123292792
0,0.014640614460780485
0,0.06525926840854081
0,0.08584129612725308
0,0.06516082539727037
0,0.0012382029126698053
0,0.3223812074579373
0,0.0005716352389960928
0,0.01812606513525891
0,0.0002944880979835395
0,0.003660094870966596
0,0.7355160886300534
0,0.05812899064922711
0,0.05990896945014668
0,0.05893152895825863
0,0.00046616270370670386
0,0.04805515829577496
0,0.06509780454218068
0,0.15506050958009454
0,0.00018900885655388457
0,0.013837394059680909
0,0.0013015917367535826
0,0.00040678322060430454
0,0.06526234148091525
0,0.9126708584766173
0,0.03718839108571718
0,0.030583856632676595
0,0.06312512685601379
0,0.02768860975758602
0,0.26965984292495104
0,0.006210870486083929
0,0.010517608075735813
0,0.06326240669887885
0,0.020974179932960153
0,0.05563968029169043
0,5.0933590519634414e-05
0,0.06522186120252998
0,0.004581053887149293
0,0.06329262225070778
0,0.0643407240245863
0,0.0006917927420257214
0,0.06576095390597053
0,0.036746831697810955
0,0.000692597108086661
0,0.9418043592873176
0,0.06534598453523022
0,0.00023810864164586375
0,0.06519261555311708
0,0.06205386151501039
0,0.004565978127859305
0,0.0005221764933115391
0,0.0653423189226407
0,0.018339004909983542
0,0.134831169771897
0,0.046716896526294294
0,0.003061181141685068
0,0.0019966555506181136
0,0.06122480047783561
0,0.019015639904715137
0,0.0646491939099437
0,0.0020697909595844286
0,0.0651274718767615
0,0.06114486645324553
0,0.042501015162361155
0,0.03322522206047779
0,0.0652461743480272
0,0.002332149392994042
0,0.009136781798578264
0,0.37478433596025046
0,0.2326389787053041
0,0.13174453342154263
0,0.0016447006726493893
0,9.353224309695009e-05
0,0.014173044335991461
0,0.8841068188892974
0,0.060803357791277914
0,0.06524301682677683
0,0.9092154415311554
0,0.007182898935509304
0,0.8935405689488715
0,0.0029745461044095724
0,0.1938314322799606
0,0.06531798167323849
0,0.010494549677142494
0,0.05941931805220409
0,0.0009630250062437728
0,0.009191112515841702
0,0.06405059877640187
0,0.01481333581238004
0,0.0014021294764763944
0,0.0009156544132767031
0,0.061093252378416174
0,4.43423783269888e-06
0,0.06523864477175056
0,0.05612697635539519
0,0.06357274136258993
0,0.027124545815272724
0,0.001042236772078126
0,0.006315968980151113
0,0.004961970629197655
0,0.06449884735388672
0,0.01494906373187952
0,0.002512558061623346
0,0.05635145006798975
0,0.5316656139943419
0,0.010782952229140306
0,0.0019529654475938338
0,0.06529571232911614
0,0.0583870101335902
0,0.03994165926940747
0,0.00237810138015291
0,0.06452611020681435
0,0.06461890371841032
0,0.1643513416224572
0,0.010933698871518757
0,0.0652869693084385
0,0.06151534691794831
0,0.06160576262495049
0,0.06264660557541192
0,0.06420572018993091
0,0.06752137881828703
0,0.06532097134881804
0,0.004492434854252205
0,0.0011962445840946912
0,0.0025719616595811876
0,0.0017418361306258878
0,0.0010952982702955299
0,0.00820091278883535
0,0.06199440007503097
0,0.06533848724567627
0,0.0007218263878125877
0,0.0651385747941138
0,0.9066558972410539
0,0.06520510295631927
0,0.06292143936165859
0,0.005272227330316237
0,0.04320376174455993
0,0.023584782026323078
0,0.006671901062973197
0,0.01777470933673762
0,0.053817941824425744
0,0.00017591488970211013
0,0.061765109838133055
0,0.0014927337503434788
0,0.06530971370922999
0,0.06531044049900125
0,0.025056211744730418
0,0.0014683868734626953
0,0.2089749221572933
0,0.004517562478178054
0,0.065361914379581
0,0.06248976801727172
0,0.06199170780336924
0,0.06527822384740364
0,0.028758597453550024
0,0.0017396395749462693
0,0.049728536581116735
0,0.060713128238588675
0,0.0038918992579983686
0,0.0015659406853933198
0,0.004112600649445067
0,0.05844681380244204
0,0.06526056154821648
0,0.0644075529343675
0,0.06501226576569508
0,0.06484091550976433
0,0.0025794846291005116
0,0.00032347401176882314
0,0.01721117383463541
0,0.06463093817948178
0,0.00651497991447181
0,0.00015193794592750063
0,0.046426193657870166
0,0.06461834256242678
0,0.06528968744577165
0,0.0652933983978311
0,0.06528423375247983
0,0.01150822763032335
0,0.06337369814966896
0,0.0623003993416514
0,2.9168973934596574e-06
0,0.06188925495788486
0,0.028594009298277757
0,0.0018194811939035711
0,0.04677579247708602
0,0.023168192363603738
0,0.0005863738651111143
0,0.06413340167588519
1,0.9257419073265086
1,0.9236592650454324
1,0.9200794223979137
1,0.6067536245462711
1,0.10333108578696143
1,0.5229954708524348
1,0.11980097885778009
1,0.9024793871215119
1,0.17207681695654797
1,0.09490294216859428
1,0.9073625764886825
1,0.8837618883772224
1,0.9056900931675238
1,0.9191689792148497
1,0.9341586584743188
1,0.9309719809398945
1,0.9101013209334154
1,0.9517796453442351
1,0.9268564346184701
1,0.9120170685340306
1,0.24372632074715722
1,0.09490294216859428
1,0.9144946493592248
1,0.9029831648076795
1,0.9052832464256855
1,0.9365406368025747
1,0.6899239338346375
1,0.9327699883711944
1,0.9065254792161581
1,0.07219013966202563
1,0.7375206223537281
1,0.9478027763667514
1,0.9043202818689887
1,0.9419563902115182
1,0.9420342637585984
1,0.08110467112666336
1,0.9195093814259256
1,0.9039234847533922
1,0.9469842253615147
1,0.902610094107151
1,0.7722757678001827
1,0.24372642253308582
1,0.9024367774615775
1,0.07173567971532087
1,0.8322880191405778
1,0.934440499403654
1,0.9343172029154232
1,0.6550795601307561
1,0.932510967241604
1,0.06786247740365414
1,0.925022276198738
1,0.9061892673495834
1,0.8787398104920251
1,0.9081188301190297
1,0.9058812768494066
1,0.9061746488115981
1,0.9023809890181425
1,0.9914679688222506
1,0.9026544468497155
1,0.9024371974668386
1,0.2815126750970138
1,0.9024368102626734
1,0.9060065053165567
1,0.07219013966202563
1,0.9245810362917213
1,0.9121650671410434
1,0.9024281506477382
1,0.8327966767856169
1,0.9339685855260768
1,0.9107132608759391
1,0.8488544751780749
1,0.9041842069095339
1,0.932477063959103
1,0.14129378855443694
1,0.902332601801552
1,0.9134300782966701
1,0.8745693646276606
1,0.9024429660918346
1,0.8098634400797151
1,0.9554583868546457
1,0.9023945533644595
1,0.90377990422751
1,0.9222796504925611
1,0.9177038933191486
1,0.9024728130344829
1,0.9092516863815658
1,0.5277525880192686
1,0.8379614595749691
1,0.9042408053466725
1,0.9023661001415128
1,0.9025321024558334
1,0.9033377327609289
1,0.8617762370960093
1,0.909952985928897
1,0.42947054848831373
1,0.6391754868447734
1,0.9187244655365474
1,0.9147361951767764
1,0.9023899126328618
1,0.9023599115557658
1,0.9270736253081903
1,0.47013465307392094
1,0.9073505065286513
1,0.902723283139839
1,0.9070068633859323
1,0.20175333422241323
1,0.16197396449966395
1,0.9081885866374717
1,0.9052452898335487
1,0.9024279870973211
1,0.8998321982188805
1,0.9023389744161313
1,0.9295805396502461
1,0.9273181167887107
1,0.902406719590173
1,0.8600066962569505
1,0.9245809687103145
1,0.9447713863686183
1,0.9034456723529188
1,0.062232135224231044
1,0.9217229228349646
1,0.9024154476520081
1,0.9337243937279269
1,0.920150894955524
1,0.9531055615012795
1,0.9023588421896168
1,0.945764963123325
1,0.9024543314143002
1,0.8414280943310656
1,0.930963167160335
1,0.10123566774420578
1,0.9024403688973457
1,0.9250653322051121
1,0.9027691540636645
1,0.1763111979161751
1,0.9027848216341645
1,0.9338380474973018
1,0.916963622194719
1,0.9003804372332894
1,0.11013477051834117
0,0.01714286575652279
0,0.09022878910016374
0,0.0036977258847076732
0,0.09230723156957268
0,0.5929255916099369
0,0.00652795651608756
0,0.0015375143062122292
0,0.10215521804983242
0,0.07225016107929959
0,0.00014332848169908987
0,0.07045986255975902
0,0.014230426604623536
0,0.0005289225608845889
0,0.0014040872037594568
0,0.05999648239501613
0,0.04113769656143611
0,0.01377497777318932
0,0.0001423579841619941
0,0.011354975637222518
0,0.05281959382288981
0,0.5714188042313947
0,0.06877323753068905
0,0.04975597388594895
0,0.004487050253148706
0,0.07213860403890915
0,0.014342259509104458
0,0.0660384944031498
0,0.010245882576737496
0,0.00011900306734852714
0,0.0053760441028869186
0,0.07222018548757667
0,0.07214917685662908
0,0.07221735525279087
0,8.182704642821639e-05
0,0.07207683579815807
0,0.07224190016814007
0,0.0002698338952743942
0,0.07145042948968669
0,0.04325742278285832
0,0.059395064462115815
0,0.017909599756590806
0,5.4249671514640045e-05
0,0.07810743464021486
0,0.06875366539538097
0,0.01571791012298902
0,0.0068321090595266625
0,2.577637648827648e-05
0,0.02917378810654713
0,0.05282052298844292
0,0.05075096509619938
0,0.9024499126762131
0,0.006210518570372615
0,0.4403499363660968
0,0.0708066272462637
0,0.00939024565624031
0,0.059472564984281065
0,0.0007460389851975596
0,5.8554144801477214e-05
0,0.07220415015005982
0,0.7133453558118689
0,0.0011236986676701473
0,0.0071275861986640245
0,0.02294961832985711
0,0.07218901962081889
0,0.01813265486532093
0,0.053607802305602095
0,0.0037997810583597297
0,0.951522298425431
0,0.06916970512020434
0,0.07218255455958694
0,0.0029413704780160924
0,0.0026444448769587367
0,9.051234912804852e-05
0,0.06684524946337035
0,0.07195116768459933
0,0.05888050474486804
0,0.030178989881151627
0,0.3903168427286485
0,0.018459814453273226
0,0.026715756697836584
0,0.024274923032738763
0,0.001962239968618008
0,0.06120072222008709
0,0.0722041778919775
0,0.0727155209095522
0,0.07102802746562555
0,0.07225237975620434
0,0.07220415743517161
0,0.06249615890047566
0,0.07215123912343506
0,0.28518403392254743
0,0.03445521561441937
0,0.00036000367245748836
0,0.0073411265686462905
0,0.015559247829995326
0,0.014031269598514183
0,0.00017840281771969098
0,0.0635692434065104
0,0.0007171409239733013
0,0.0010082686353775762
0,0.06963928629548076
0,0.07202789834774811
0,0.00557610508476191
0,0.00035962263173447493
0,0.00010412785823288426
0,0.850965906441112
0,0.0011620657019428288
0,0.07201152897031574
0,0.28736495582168486
0,0.07223035721542022
0,7.009343003201706e-05
0,0.15764177000400795
0,0.0015658139728221034
0,0.001859702315668298
0,3.810301569986294e-05
0,0.07026353270619554
0,0.07220351819187085
0,0.07211827736443682
0,0.24410900636215835
0,0.07217166781033638
0,0.007141082342233061
0,0.0004204776421884408
0,0.029199955733665524
0,0.07223827925520541
0,0.00022424699687083997
0,0.05617268809182765
0,0.011797570800396562
0,0.07981415189261418
0,0.05989959479022325
0,0.06596301948035178
0,0.0052809955932399425
0,0.0015290434491875549
0,0.036284044751364875
0,0.07028972241670864
0,0.06631551748368138
0,0.863771164321062
0,0.01800933187538816
0,0.07598295493474576
0,0.0007547849267289921
0,0.03366871569261429
0,0.05999319116984619
0,0.0009753389292474894
0,0.042513274026926194
0,0.07221621848974283
0,0.07209849186115463
0,0.06989132130946307
0,0.0028952709629561165
0,0.0001811243431182326
0,0.0069151761783164435
0,0.006742593654117276
0,0.0002265849870061224
0,0.0024002432592062323
0,0.0005440282063422701
0,0.9289197780989588
0,0.0003446331461125989
0,0.0722577844114288
0,0.028268151420574473
0,0.0721892658986063
0,0.00012483926303311058
0,0.06026798464723302
0,0.008367851193065311
0,0.004206608823587849
0,0.07215281918398146
0,0.02323875482463056
0,0.03174108006334669
0,0.07165021106050973
0,0.06764806976149829
0,0.07004439852185226
0,0.02508691546996349
0,0.023317602033583844
0,0.07218066697847339
0,0.03365683724869165
0,0.005250432661817453
0,0.020124136943277235
0,0.07160709274636254
0,0.058940967168711944
0,0.015352967293435646
0,0.07221390414629691
0,0.009856540633385756
0,0.00028027001402262643
0,6.230788524060671e-05
0,0.0009443040010256295
0,0.07078037690174876
0,0.00017555051738239863
0,0.009858543406773071
0,0.010733564420113416
0,0.003961870723797476
0,0.07042757640105465
0,0.060942290971397646
0,0.031536400038934945
0,0.07182208779578864
0,0.006494131143580698
0,0.0083699539890276
0,0.05534871922262371
0,0.03305917795443994
0,0.01962615738882104
0,0.008756758020751034
0,0.02588107669714729
0,0.07222337083300609
0,0.07220414663221518
0,0.00020135164184359783
0,0.04325369639837283
0,0.31318966298443673
0,0.282823536471033
0,0.0035983472951925653
0,0.05637180561294786
0,0.03997038709490129
0,0.0005942926957944229
0,0.013587281791672465
0,0.05157338552638186
0,0.06897774095073984
0,0.001542358127802533
0,0.06790147601440619
0,0.0002526068475505688
0,0.00017943258622000888
0,0.02776066641710529
0,0.018461805105796474
0,0.014432738493564495
0,0.0004550831596608735
0,0.03273764317365612
0,0.07168253753892637
0,0.00016096833758354
0,0.0010502832226413304
0,0.019533161778519745
0,0.006459525178041958
0,0.002609611077379977
0,0.07222345376411078
0,0.24766668988473226
0,0.007274697367392257
0,0.0020464468038171595
0,0.01802985198101841
0,0.010703422218480831
0,0.8823623862706174
0,0.07216614017916004
0,0.0028425941506645524
0,0.0016019911287307557
0,0.09633712186033339
0,0.005128722946868209
0,0.9121447952154689
0,0.00023586586623872247
0,0.9067877312406075
0,0.009068454599156305
0,0.030599206013453263
0,0.0011725969225928063
0,0.0008127996081370887
0,0.0704981483845527
0,0.007486774869461911
0,0.07221681638659674
0,0.022368150131597975
0,0.7132976671142278
0,0.00019556297163856007
0,0.060997075320964135
0,0.9121857668020954
0,0.007121285973424234
0,0.07158574046871621
0,0.04140237826061538
0,0.05941579148077909
0,0.0012974118435789888
0,0.004221488934780748
0,0.022089765218637307
0,0.0003775498890436803
0,7.221899654538382e-05
0,0.05116383944420889
0,0.05939474151689726
0,0.0714896071278353
0,0.05278529605697807
0,0.06860377621826942
0,0.072131300648499
0,0.021114279655235293
0,0.07219542264046783
0,0.06397437652163933
0,0.0007263142978163254
0,0.06983519686144328
0,0.004135269024117788
0,0.07181881351951785
0,0.0720217360439085
0,0.07222350439397707
0,0.01680566830547175
0,9.41277718354156e-05
0,0.0005202644978049681
0,0.00015251229367691213
0,0.07215813993841595
0,0.005464441566445552
0,0.07521309996240555
0,0.0702796210084038
0,0.23888421560738726
0,0.012324675337169737
0,2.6326622120322006e-05
0,0.03745808041034395
0,0.07107489390100499
0,0.02402122795453939
0,0.00531044131545577
0,0.07203144089009304
0,0.06940646145245406
0,0.003886038584644102
0,0.026057760416125085
0,0.0012422173973198017
0,0.07111324801298703
0,0.0001429694209857102
0,0.00011739543895621455
0,0.006166781789405185
0,0.6336003911678748
0,0.013919277066458239
0,3.704178967126949e-05
0,0.006448141358127746
0,0.028305265492373576
0,0.07115716466898468
0,0.05895482925728346
0,0.1012015115235006
0,0.026443512516447342
0,6.550466154429194e-05
0,0.0026780347581140088
0,0.005796452399221188
0,0.002125694350245149
0,0.0018457070473696722
0,0.07211105076870103
0,0.12206916198672522
0,0.006664058649461897
0,0.07217114549597825
0,0.006084263061632382
0,0.11284991015309127
0,0.07220415672795166
0,0.07225286641849227
0,0.0008893289540008902
0,0.0014277797823050282
0,0.011463827748839903
0,0.8377398707317555
0,7.826068464106223e-05
0,0.07199028854853458
0,0.00015477893771459556
0,0.07225018603660856
0,0.0011630178403540354
0,0.07039890594139442
0,0.5291100907115411
0,0.0008692149299621407
0,0.07221002839890422
0,0.0005455749469903446
0,0.8393425322877517
0,0.00229878299034145
0,0.0005329013410754998
0,0.07969611662157712
0,0.43670551882359276
0,0.0017710422444213812
0,0.4217104750533228
0,0.07221214485961373
0,0.06499085961914643
0,0.02936870656914055
0,0.07218116741885593
0,0.049977723767885444
0,0.07221891582768294
0,0.0268910935867395
0,0.040849791458107944
0,0.07188418037783716
0,0.23038010063415135
0,0.002015301864922732
0,0.015356523102698865
0,0.06956581011795515
0,0.053607690704930405
0,0.024121445604427985
0,0.007878063352446327
0,0.07014220436219658
0,0.002185277506208829
0,8.336245019218811e-05
0,0.07829189576096159
0,0.002149266634113932
0,6.117839422400171e-05
0,0.056200011014053676
0,0.030802228502909156
0,0.007862397355871307
0,8.235289097694033e-05
0,0.07216839296830843
0,0.12956005861443246
0,0.01945106843079156
0,0.03144510367359804
0,0.05873015216917187
0,0.0015543574155859274
0,0.060533787200754516
0,0.013212622541179173
0,0.0003824751905346716
0,0.06990435417924419
0,0.07218672215955446
0,0.00012972923552607743
0,0.06187623747855695
0,0.04574725657505885
0,0.07221880804188932
0,0.06198644099371939
0,0.005948294399938608
0,0.07214078225396789
0,0.07219808445493389
0,0.06933930407190377
0,0.07219731099471302
0,0.005458109081940577
0,0.006312745497826805
0,0.014539502063350817
0,0.046767747972487214
0,0.05571019096622888
0,8.298382656466856e-05
0,0.0607194622666401
0,0.0007399374703453893
0,0.061178860396844566
0,0.10228049740711648
0,0.022983737349399392
0,0.002216891565457518
0,0.07211461948133484
0,0.034348278192265595
0,0.00011731232881551966
0,0.0017487671410852477
0,0.06834093848483261
0,0.015075475910275945
0,0.0694755913867678
0,0.07218000987630528
0,0.01467707584314713
0,0.06294691541043342
0,0.0005688544028608517
0,0.07224645991969451
0,0.03597056306160872
0,0.0018301711875849296
0,0.021636069682955374
0,0.0003094955556131513
0,0.07075800829684331
0,9.765331653480593e-05
0,0.07222424622639813
0,0.006895142715069609
0,0.02684896146487622
0,0.0006252166896232815
1,0.9280249256499997
1,0.9081188255206631
1,0.9326038412602798
1,0.6067536245462711
1,0.9023893889564785
1,0.9058648404607664
1,0.9049230689626072
1,0.9144402649941212
1,0.402722901304959
1,0.9047556853584089
1,0.9024429627654608
1,0.9031496022311889
1,0.9135195497333998
1,0.9191079862533277
1,0.9615538772411671
1,0.9181493014686859
1,0.914604750509972
1,0.9167178138636438
1,0.9037871600496854
1,0.9327699883711944
1,0.9034714833989942
1,0.904270827745483
1,0.906525506494814
1,0.009024435319125092
1,0.9023173220002814
1,0.9023288391979252
1,0.9024083112647854
1,0.08660125547274469
1,0.9048836357213266
1,0.05091127690261388
1,0.9020454123349215
1,0.9402353366787319
1,0.9026260822506885
1,0.3407978704149789
1,0.9150881536015035
1,0.890904601980363
1,0.902610094107151
1,0.9423424918798076
1,0.3490709749749946
1,0.7722757678001827
1,0.9431425975668886
1,0.9313695628040126
1,0.9340473164407964
1,0.0798141204096284
1,0.934440499403654
1,0.9189283108181159
1,0.9247753949006534
1,0.9098706448254977
1,0.18901633461017125
1,0.9490729769126529
1,0.5324374239981197
1,0.9176140521203389
1,0.9023893176103539
1,0.9023778909751365
1,0.9028590053528068
1,0.9026544468497155
1,0.9024313848388422
1,0.9262701163413848
1,0.17207681695654797
1,0.9032723157164473
1,0.9024335414886165
1,0.018613029405209248
1,0.10285957896030881
1,0.9027178435807618
1,0.23032375527656354
1,0.9023421706549409
1,0.9024236008459219
1,0.7375206223537281
1,0.8822630260710912
1,0.9026367747716608
1,0.9233671474843332
1,0.4934901436476629
1,0.9030670372638268
1,0.6067536245462711
1,0.9024154476520081
1,0.9326038412602798
1,0.9127358478420714
1,0.8404567020322333
1,0.9399390894808042
1,0.9032836151548056
1,0.9024486231111083
1,0.9181337778706993
1,0.9024234887216234
1,0.9245810265954315
1,0.9208226551684406
1,0.7020754165730378
1,0.913072354054522
1,0.07157003413065871
1,0.9024499443901755
1,0.062232135224231044
1,0.7722764895907517
1,0.9561578010871692
1,0.6102463839285598
1,0.5
1,0.9045557163214475
1,0.9040273704545564
1,0.9023397796546669
1,0.9460611518429719
1,0.9030379974073194
1,0.9027257423068391
1,0.10285957896030881
1,0.9133325178969454
1,0.2690889964490266
1,0.3335567298060634
1,0.40770637760896533
1,0.9231138474902418
1,0.8888391813792983
1,0.90874007910925
1,0.9144834972194825
1,0.9023899126328618
1,0.8791349047048461
1,0.0742358208857125
1,0.6284841617283408
1,0.4701345812439946
1,0.9098916210812349
1,0.902723283139839
1,0.8126114919994838
1,0.9025493447487236
1,0.9912121244381662
1,0.9024789569847081
1,0.9024134658353474
1,0.9137538445546829
1,0.9024195605697501
1,0.08434414481592913
1,0.9337243937279269
1,0.9531029372468981
1,0.9021842440765622
1,0.9048560734081673
1,0.9205777057957296
1,0.9759713538225633
1,0.933825420498711
1,0.9354960521135516
1,0.9400962769552758
1,0.902450194767208
1,0.9038978597956081
1,0.9203077112103283
1,0.9536550008088771
1,0.9166208442854881
1,0.9176986947078348
1,0.9027691540636645
1,0.9338522117136673
1,0.9024953065093986
1,0.9337093520129736
1,0.9032948572920867
1,0.9036101136227179
1,0.9024499443901755
1,0.9435520374626524
1,0.9921403306523898
1,0.9074164839323555
0,0.01714286575652279
0,0.07221356672917476
0,0.8976460922636178
0,0.0014993760486851607
0,0.015162986237067624
0,0.07047892389245172
0,0.002666083592062336
0,0.03506889189839094
0,0.07199306080170373
0,0.0010242725541917167
0,0.00652795651608756
0,0.07215875799036536
0,0.06483483919511836
0,0.004210176960933936
0,0.03624329714815027
0,0.00232382421875589
0,0.0036428756890280784
0,0.04350505209925263
0,0.8687698000245747
0,0.01377497777318932
0,0.04400452252593656
0,0.07225309588638942
0,0.017533411378708445
0,0.0722125548587835
0,0.00019681185019950942
0,0.014342259509104458
0,0.07219814132707357
0,0.00020444742070315264
0,0.00011900306734852714
0,0.07391237273670517
0,0.02069390790157206
0,0.032554071775486915
0,0.07137283929328186
0,0.010176555645490498
0,0.000778246119195219
0,0.0721391444381915
0,0.007464871362982635
0,0.07220047065095962
0,0.059395064462115815
0,0.0031466648489837453
0,0.06864266673889396
0,0.07220412566033546
0,0.004319091333265202
0,0.022232139858360707
0,0.07123192685171718
0,0.07222803446097953
0,0.02917387717335891
0,0.00882954138078376
0,0.9024499126762131
0,0.0007606977264171545
0,0.006210518570372615
0,0.07222337180270794
0,0.9051284979359496
0,0.01098089781930556
0,3.832865722434732e-05
0,0.00015141263259597034
0,0.01928434591849675
0,0.07222066546188423
0,0.017891692298277757
0,0.072206269089369
0,0.020885744146894966
0,5.406569181111526e-06
0,0.12729250758164948
0,0.07222134734228851
0,0.03949315630205589
0,0.07220419444321562
0,0.07162182472126162
0,0.0335376094966878
0,0.0043063609310538785
0,0.00041482705602163226
0,0.009843529541774946
0,0.06943244927166746
0,0.0719702159999761
0,0.004469535909947391
0,0.07224454331140719
0,0.0037078083097656506
0,0.07145446024953511
0,0.07224684143557997
0,0.0016113939516835037
0,0.04487824451095083
0,0.00294137549398082
0,0.03882971172687882
0,0.02537134702279715
0,0.00042316909414728414
0,0.06797658574093672
0,0.05773553947091026
0,0.04299125097571306
0,0.01247338592448127
0,0.0002319001610007342
0,0.04777297947951905
0,0.07222363424718721
0,0.07215264129864708
0,0.00013134050604760798
0,0.07218363918271092
0,0.07119476939123548
0,0.001962239968618008
0,0.9034003381496989
0,0.03931952158013302
0,0.07202311130539045
0,0.00013620647127345517
0,0.12458658800110313
0,0.05086845954312173
0,0.07039792079447084
0,0.0073411265686462905
0,0.017829826976296526
0,0.030523207235110348
0,0.008955699758082209
0,0.02841191204458885
0,0.07036639900938163
0,0.06704763476474601
0,0.003979244555253029
0,0.013685836408500397
0,0.00020822586438306082
0,0.07219013134419885
0,0.850965906441112
0,0.0008508503112218444
0,0.7625218398340736
0,0.3089920585740738
0,0.07221717834250992
0,0.04328652425182148
0,0.010036651386679779
0,0.8995723018883304
0,0.00013474652577465058
0,0.04429117848043345
0,0.008974460599820471
0,0.0014625796872911449
0,8.945186448283762e-05
0,0.001859702315668298
0,0.3341863673205035
0,0.07223503608195554
0,0.006902499147842485
0,0.06555206633192046
0,0.01991783137601794
0,0.07218681120388695
0,0.0005060950831921175
0,0.8962517717401774
0,0.00415548379332594
0,0.0101287235304435
0,0.07211527556193675
0,0.000847679926167584
0,0.00017908989128100408
0,0.000339612604139911
0,0.05989959479022325
0,0.07068080558891354
0,0.0019211571665956283
0,0.024519910508126606
0,0.06989159570516297
0,0.006789827248343232
0,0.07132752943561324
0,0.061188388858763244
0,0.00010363090072976112
0,0.0641971298334042
0,0.005058185024357828
0,0.07598295493474576
0,0.017959868127206433
0,0.002203891687107967
0,0.07224453763766446
0,0.007986280862386386
0,0.29522750305072104
0,0.07224646573682052
0,0.029329026092323816
0,0.61970618560098
0,0.023134818245919238
0,0.0024002432592062323
0,0.013698695578960649
0,0.0002050435529717954
0,0.030863880134644164
0,8.001431332892495e-05
0,0.07225778440553317
0,0.017370271742755867
0,0.00012483926303311058
0,0.0011425790974756668
0,0.0008758590469289615
0,0.07224528881136065
0,5.6781426550886894e-05
0,0.0006123610652264256
0,0.07201121256724756
0,0.0722453416011641
0,0.05739949838861982
0,0.06976577818519118
0,0.07219485282732385
0,0.38633241531738466
0,0.02508691546996349
0,0.06610829948235863
0,0.0008285448932630875
0,0.005284801087614023
0,0.07160709274636254
0,0.0013276987785821276
0,0.07006883839181793
0,0.0012802037384521108
0,5.0182586425998454e-05
0,0.019643472131311165
0,0.9369007766072348
0,0.0706119327333985
0,0.07171806784944539
0,0.065281933148526
0,0.9170363696084424
0,0.001760910043969621
0,0.009858565881653325
0,0.042387433599034026
0,0.031536400038934945
0,0.0012663220473664702
0,0.002977211073274329
0,0.07182208779578864
0,0.15893489450765164
0,0.006494131143580698
0,0.0061716878186772175
0,0.05534871922262371
0,0.03305917795443994
0,0.07225831303964982
0,0.0001825487407254157
0,0.056371818100492875
0,0.010503546715819602
0,0.001542358127802533
0,0.0015629013513450772
0,0.07217166828704312
0,0.05697772214289312
0,0.07136653760008921
0,0.0002526068601198552
0,0.04199852866908128
0,0.056015749660134895
0,0.0001145727349653198
0,0.00035169241030198376
0,0.00035779636982231086
0,0.06753358086279207
0,0.049898674668329805
0,0.0010502832226413304
0,0.0014632602787105673
0,0.0009973225326863975
0,0.010299507029411663
0,0.0721588339730884
0,0.017795406909230507
0,0.07225240039792023
0,0.03528013118549636
0,0.06860137809829991
0,0.0008380076329320262
0,0.09000851009151868
0,0.07222356763667505
0,0.06839754725494433
0,0.018036721560694406
0,0.9121447699706926
0,0.00013020696559875146
0,0.9067877312406075
0,0.008081629309190236
0,7.811787850085471e-05
0,0.0722275657241633
0,0.07221687105566246
0,1.6995930920505521e-06
0,0.7132976671142278
0,0.0671872000237258
0,0.07215279124018689
0,0.00653415214528546
0,0.0013952746044359548
0,0.023651165200183233
0,0.0722113137679705
0,0.25582739916834785
0,0.006571343310767571
0,2.484605091353592e-05
0,0.0639744556525388
0,0.003064297134304179
0,0.06813867454010149
0,0.07063826700240554
0,0.0720217360439085
0,0.015101615171007195
0,0.022248887825125647
0,0.0003496679994959859
0,0.2926675683041105
0,0.9028781495585001
0,0.052408462569702115
0,0.06382254157249304
0,0.012149597650414878
0,0.008829541143055487
0,0.0001019282218404784
0,0.00023586634646015488
0,0.0016264338930583302
0,0.07134640118533041
0,0.06464031256216764
0,0.07521309996240555
0,0.07222900667033802
0,0.01401650086520571
0,0.07221108535743212
0,0.09157133832275247
0,0.06779066716402835
0,0.016340280938988358
0,0.0721386424305407
0,0.5776238460782271
0,0.011203460268861447
0,0.02473080519382545
0,0.00010311418562104797
0,0.0012650540456870224
0,0.0010178721020833144
0,0.9100226050646585
0,0.06983731557349626
0,0.07008228760550904
0,0.028305195667436923
0,0.000247569510989733
0,0.009478082610131033
0,0.0006716709462015247
0,0.005690777009509529
0,0.03576181671448048
0,0.013768426148313449
0,0.0028817726465060547
0,0.1122921892480921
0,0.061719700892309944
0,0.03746284333343977
0,0.000437279777455635
0,0.0008893289540008902
0,0.07202171567720023
0,0.007749207137042739
0,0.011463826893309588
0,0.08193270255636315
0,0.0003540099027572728
0,0.07222570736313415
0,0.06139480098597288
0,0.07199028837685557
0,0.07054647182950179
0,0.05639749881825161
0,0.04529438411324624
0,0.0077780906629432425
0,0.030537121122779134
0,0.00061386737818214
0,0.0771947999237643
0,0.006415271556330937
0,0.0626938228864348
0,0.002564218795454147
0,0.011622035069771225
0,0.07136461541652177
0,0.0009555348095890067
0,0.0031994230814252887
0,0.000158209046155851
0,0.031018463911156393
0,0.07132534227610106
0,0.07220417293426014
0,0.0065333623564193125
0,0.06601968257831359
0,0.00010478424154796283
0,0.04997494873119327
0,0.001642674372352689
0,0.0017398615119484618
0,0.03179971663209617
0,0.05654800894831247
0,0.07059662765800283
0,0.0037105742029423005
0,0.00026370588184263286
0,0.01765444360998156
0,0.012424497076936188
0,0.062658290086781
0,0.07218547881808512
0,2.5484037404607605e-05
0,0.06893961237061567
0,0.0003080555768245683
0,0.03871756790741383
0,0.00019898676211803059
0,0.07069981776602867
0,0.061077372126029504
0,6.117839422400171e-05
0,0.0716190471928274
0,0.04171110457494796
0,0.029461640788417547
0,0.0016302198119547825
0,0.1304294419506017
0,0.008376040303401947
0,0.016702344411666962
0,0.015351742464519253
0,0.0701733712361094
0,0.01710407586443011
0,0.07079819577598216
0,0.01898712653879115
0,6.516393124614507e-05
0,0.030670492056403615
0,0.05080796048974252
0,0.22057432862780862
0,0.005157884244447552
0,0.005458097401147165
0,0.025084937500669466
0,0.06696615845680724
0,0.0005315143318739002
0,0.0007635107319492653
0,0.072130303191853
0,0.05899960942441389
0,0.0012672053662349046
0,0.07215853358339701
0,0.07220412333747876
0,0.07215182804951964
0,0.061178851928895495
0,0.06794562460962447
0,0.0011114199392733765
0,0.0001540159351755635
0,0.059866607231179814
0,9.312550037038854e-05
0,0.01990471022653937
0,0.003973066424970457
0,0.00033621146669144915
0,0.0614407531603034
0,0.05875036682733906
0,0.0086024931372209
0,0.7856571092675079
0,0.0656514367912981
0,0.012170120934341819
0,0.03434827537262913
0,2.0996628272177034e-05
0,0.03402643722402841
0,0.007111645403062306
0,0.00040921193478126583
0,0.07172844307244454
0,0.07027962322126728
0,0.7870304667108284
0,0.00035658853745066646
0,0.0005688544028608517
0,0.007984575001190305
0,0.07207022959766711
0,0.0705035974855937
0,0.010240931151904931
0,0.0002105417224245002
0,0.0027283727317759837
0,0.01246317858331248
0,0.0022562103241538286
0,0.013428538942857046
0,0.06835632785416951
0,0.913826204662094
0,0.7342862916646931
1,0.9034555956174709
1,0.9041651582789898
1,0.9267364610884442
1,0.9031984649369014
1,0.902375448210999
1,0.10233106090662716
1,0.9144402649941212
1,0.07223823889649476
1,0.922128536131027
1,0.902428314832313
1,0.9066887794387907
1,0.7244597726295023
1,0.9031496046377853
1,0.9135195497333998
1,0.9120170685340306
1,0.2785575181487859
1,0.919832939721928
1,0.40770637760896533
1,0.9029831556133968
1,0.9129700237436974
1,0.9158803238268655
1,0.9327699883711944
1,0.9206237852972212
1,0.10590569757779303
1,0.906377687115323
1,0.009024432672892681
1,0.9023173237689263
1,0.902388619923501
1,0.9618937703100849
1,0.9478027763667514
1,0.9114210714701962
1,0.08622290160764269
1,0.36649388155628787
1,0.9028914415058901
1,0.9280249256499997
1,0.9038471311491068
1,0.914854111655069
1,0.8071004397078126
1,0.9039234850932298
1,0.9469842234190956
1,0.9020454123349215
1,0.9957579337141266
1,0.718889765315061
1,0.9318722362074336
1,0.9023892195717335
1,0.9536830353981226
1,0.9028781438924991
1,0.925022276198738
1,0.9218561410434124
1,0.9023892512868699
1,0.9339148686880916
1,0.9147375956226708
1,0.9140971967508491
1,0.9023893219413439
1,0.9097982108970575
1,0.4408828002577149
1,0.903184904636468
1,0.9301127156571931
1,0.10333008460244412
1,0.08030135675169532
1,0.9260977782804851
1,0.9024005385035108
1,0.9063988512663987
1,0.9024030711380504
1,0.9144946528263087
1,0.924411366729995
1,0.06148017153883955
1,0.6102469184013296
1,0.6471980635651436
1,0.9024610981281194
1,0.9061692936825471
1,0.9037055880168332
1,0.903442561338904
1,0.10904081244933317
1,0.9026367747716608
1,0.1412934347988739
1,0.9024154476520081
1,0.8960767496744996
1,0.9134300782966701
1,0.1554167599781791
1,0.8414283376563538
1,0.9055732487257893
1,0.9035667679816383
1,0.18901633461017125
1,0.9130723580031654
1,0.062232135224231044
1,0.6102463839285598
1,0.9249263364257101
1,0.1410065428945196
1,0.9205022699915436
1,0.8157789752267683
1,0.8453144354635518
1,0.954412068556871
1,0.7463875882332327
1,0.8106480205411639
1,0.9231774462023442
1,0.8888391813792983
1,0.8393426981940973
1,0.9339584256713027
1,0.5229957993007133
1,0.42241810629431287
1,0.8800687072027443
1,0.0721947184986383
1,0.9270736253081903
1,0.9599083243438722
1,0.8403823838978101
1,0.9328866432152407
1,0.9090904390178249
1,0.3778610540616556
1,0.9081885866374717
1,0.9055434381653454
1,0.9295805707279786
1,0.9273181167887107
1,0.9024134792586581
1,0.8600065254757819
1,0.9024195605697501
1,0.9043389124778762
1,0.9162974503989239
1,0.9547208302664109
1,0.7877548448302055
1,0.9769631806718815
1,0.07356163119315419
1,0.9048560734081673
1,0.9041768542560961
1,0.9024497251969793
1,0.915121524153465
1,0.9050417564410718
1,0.3230729911781053
1,0.95950201559386
1,0.9227425864821045
1,0.08030135675169532
1,0.11528118901320382
1,0.9292635250545096
1,0.9024352537948327
1,0.9024542545183859
1,0.7949655202119775
1,0.1864369942820067
1,0.9156031088753074
1,0.9341220558102726
1,0.9027836146413609
1,0.36649388155628787
1,0.9338380474973018
1,0.9337093490754047
1,0.8504065293593575
1,0.9438354593830877
0,0.09022878910016374
0,0.07221356672917476
0,0.0036977258847076732
0,0.8999879647387478
0,0.09230723156957268
0,0.006933099558036772
0,0.0015537991581260075
0,0.015163007746285206
0,0.07047892389245172
0,0.047996258901360146
0,0.07215875799036536
0,0.003872680436119607
0,0.00014332916280851936
0,0.00010737705801835615
0,0.07220657007773063
0,0.8687698000245747
0,0.07125139028845238
0,0.08074687827956815
0,0.05999648239501613
0,0.07221532013937931
0,0.06625269196868959
0,0.0013721329177361066
0,0.04400452252593656
0,0.007308652133798542
0,0.07212380842511433
0,0.017542804092603868
0,0.013038064651397643
0,2.1797899640575407e-07
0,0.004487050253148706
0,0.0722164854030867
0,0.07213861357699856
0,0.07219369648362549
0,0.07219815719170025
0,0.07213217960683406
0,0.07217101657109382
0,0.07195117159036696
0,0.05962104568750631
0,1.2336454172323136e-05
0,0.06169980233800478
0,0.059770090736189115
0,0.02069390790157206
0,0.032554071775486915
0,0.003811351771913071
0,0.012819412088657308
0,0.07214917685662908
0,0.007464871362982635
0,0.002225694566436502
0,0.04325742278285832
0,0.0031466648489837453
0,0.16791315990770078
0,0.9334960504073198
0,0.07158876930911806
0,0.9013947851464669
0,0.06875366539538097
0,0.06839398826681277
0,0.06770298272549546
0,0.0016063475723808447
0,0.07223012441184255
0,0.4603691357567697
0,0.031087836290271235
0,0.03845325484294811
0,0.9051284979359496
0,0.06174629901842559
0,0.0010919586373247627
0,0.007111771519488375
0,0.000665453691391657
0,0.010980904904185526
0,0.0018906129645190524
0,0.017891692298277757
0,0.0029487453684392717
0,0.31631067889792275
0,0.16108518458433915
0,0.07220419444321562
0,0.06150788191664506
0,0.07226043317680651
0,0.037272662144355775
0,0.0006176387325992875
0,0.004469530833796786
0,0.0722445433223204
0,0.004675324458199425
0,0.07161065473752243
0,0.05462201456079772
0,0.04487824451095083
0,0.02537137580139527
0,9.051234912804852e-05
0,0.010998347745297557
0,7.690675440950932e-05
0,0.030178989881151627
0,0.3903168427286485
0,0.06478452372076787
0,0.9034003381496989
0,0.03504285504769081
0,0.000982058470088495
0,0.0013036310044680557
0,0.07220415741979251
0,0.06249616365511133
0,0.0849980340673032
0,0.07236404446379963
0,0.07215127249746409
0,0.06629814473156509
0,0.006734389494994475
0,0.06078232450393672
0,0.011731700348114242
0,0.014031295370971251
0,0.0161368684950016
0,0.00039258814698878993
0,0.0001760166310299481
0,0.07212425865984434
0,0.0722041695353601
0,0.0671004339880883
0,0.06704763476474601
0,0.0005800713749040469
0,0.06963927999422921
0,0.00557610508476191
0,0.850965906441112
0,0.004226128431586287
0,0.8972769813386058
0,0.18784423516719892
0,0.0297607659151761
0,0.8995723018883304
0,7.009343003201706e-05
0,0.06166943924229723
0,0.04429117848043345
0,0.0016069645269388795
0,0.06797152839379361
0,0.001859702315668298
0,0.0709805183639514
0,0.07220351819187085
0,0.006902499147842485
0,0.07211827736443682
0,0.07218681119621917
0,0.013844332068757135
0,0.015075463432728028
0,0.07563653990233908
0,0.8962517717401774
0,0.0715831084783349
0,0.07220418960246161
0,0.07217166780500707
0,0.029199977229630032
0,0.026382118906470478
0,0.0001277199293900339
0,0.05912358876879644
0,0.021718126325495787
0,0.07220817144314094
0,0.07981414821963237
0,0.0002497038966414264
0,0.07068080558891354
0,0.06685487426110068
0,0.06877087189535393
0,0.002017257656584549
0,0.019108128922342232
0,0.007546390462831148
0,0.0702897228862706
0,0.0722272101588166
0,0.05219205395970992
0,0.07222102298313132
0,0.03911031700442731
0,0.06989132130946307
0,0.031212456000363067
0,0.0686170969418064
0,0.0020485477258259444
0,0.00013296470859188537
0,0.007544228854151489
0,0.0721977465630816
0,0.0058144679414248645
0,0.0069151761783164435
0,0.05866552813559281
0,0.023134818245919238
0,0.004622711225406119
0,0.008137321617443615
0,0.000445741099420318
0,0.010645213860290574
0,0.00013460737370397566
0,0.07127269740360802
0,0.003764899999409264
0,0.008693777439774324
0,0.031763613985374695
0,0.07226191325610401
0,0.020453800505720692
0,0.03429751411370146
0,0.009926822233413086
0,0.07165021106050973
0,0.00040861626371777244
0,0.07216039053390133
0,0.07200439839307739
0,0.07224453774936047
0,0.005250432661817453
0,0.0480677514947138
0,0.015352967293435646
0,8.49464594625093e-05
0,0.0407224800234594
0,0.0026240333070029023
0,0.0072507103619540375
0,0.00028027001402262643
0,0.001760910043969621
0,0.07212470705156987
0,0.009858565881653325
0,0.0041375649528599115
0,0.0007160896864538642
0,0.0722166194433436
0,0.07222931838400598
0,0.0629794056707627
0,0.004169674757764856
0,0.06992410920794724
0,0.07214778940816574
0,0.06828733499692183
0,0.06966604762054056
0,0.07222337107652302
0,0.06544039538278408
0,0.0001778193146140399
0,0.0702353520682077
0,0.001542358127802533
0,0.041998562554336975
0,0.06111906525271424
0,0.05601754719021186
0,0.0021556530123864044
0,0.07134650028812757
0,0.031369927528138775
0,0.06756318731919571
0,0.05955519176349296
0,0.688001380152093
0,0.009227256394037741
0,0.00031884593356315837
0,0.07168253753892637
0,0.00035779636982231086
0,0.006860824652105549
0,0.07027225884663076
0,0.0010502832226413304
0,0.0014632614094150277
0,0.01953325986144403
0,0.0026096111458116166
0,0.28288529862752526
0,0.06549938994475087
0,0.008437309865914679
0,0.060691899718773167
0,0.007274697367392257
0,0.019981361698468463
0,0.05242654607183377
0,0.0007612614698120516
0,0.010703416736343778
0,0.07221862160516117
0,0.07214033575857451
0,0.06982479819457824
0,0.0016019911287307557
0,0.0069896036496141485
0,0.0001028978869922554
0,0.00023586620818251056
0,0.06680244200510649
0,0.0011641836386058891
0,0.000191131115082648
0,7.061949285025732e-05
0,0.007486774869461911
0,0.00027565587473735967
0,0.08305444549517829
0,0.011905023158442215
0,1.6995930920505521e-06
0,0.02236810670686339
0,0.7188072255732953
0,0.07119740165207017
0,0.00048134244205622116
0,0.04434070798217339
0,0.0013310130083240446
0,0.00010831746539925258
0,0.08329099871257532
0,0.004902981980715347
0,0.25582739916834785
0,0.006571343310767571
0,0.0714896071278353
0,0.0018830720388090406
0,0.07219542264046783
0,0.00024053108365095454
0,0.06815296046484554
0,0.057554748576102696
0,0.014003118227872417
0,0.0024934012475877924
0,0.07204316254023385
0,0.07225239340093051
0,0.07222350439397707
0,0.9028781495585001
0,0.0005202644978049681
0,0.012149597650414878
0,0.07216811648478538
0,0.0016979476133768523
0,0.07213258915321968
0,0.07134640118533041
0,0.02787100656148384
0,0.07225238899982768
0,0.001749656175443682
0,0.07207848411919428
0,0.000267101386758093
0,0.07219730918434093
0,0.07256091260290938
0,0.07225237975618214
0,0.07218254205854326
0,0.048423074354518404
0,0.12090944600805947
0,4.364145113473214e-05
0,0.0721873801915186
0,0.06091928550513031
0,0.00011622330861215175
0,0.9100226050646585
0,0.010314968060558209
0,0.028305195667436923
0,0.0589548225244154
0,0.0006716715451978259
0,0.014761624832614931
0,0.07007765865260535
0,0.06993197786381533
0,0.013768426148313449
0,0.06836490354482698
0,0.015574050662159914
0,0.006084263061632382
0,0.0011601750667519293
0,0.06907207363600039
0,0.06373206917340149
0,0.07202171731479504
0,0.0016058980029506273
0,0.0022014075713467887
0,0.8377399049029515
0,0.07156066529700617
0,0.054136407920191705
0,0.004590970114841837
0,0.0039521395188388386
0,0.01637717091755968
0,0.07136461541652177
0,0.0013209852650103676
0,0.0722557378424082
0,0.0073279451403866075
0,0.06449006716425365
0,0.05941075598289571
0,0.00018112468005233254
0,0.04991709930866953
0,0.0039747214454709185
0,0.06601968257831359
0,0.07221251769151087
0,0.07194981399788707
0,0.07217697525115666
0,0.07216696079552108
0,0.003958469414758197
0,0.0721830473229437
0,0.07160385084235552
0,0.000618198570307641
0,0.0014770363249435928
0,0.07208834206207465
0,0.045055865079541436
0,0.01628914573349055
0,0.07075635412229934
0,0.054476106932812976
0,0.07059662765800283
0,0.06694403232281866
0,0.003452323471817582
0,0.07164713867955322
0,0.0005531584496483233
0,0.0002230612122833126
0,0.028275292344814094
0,0.06199892966308418
0,0.07014220421999971
0,0.0007931464818476877
0,0.002149266634113932
0,0.0722086818009148
0,0.05620002035740643
0,0.07217582001931404
0,0.004239754170395308
0,0.00021933203676651993
0,0.07220467012411941
0,0.010745084114611307
0,0.1304294419506017
0,0.07201003748972826
0,0.009064548084467251
0,0.000930868046868007
0,0.019816578242923235
0,0.00010155855596651217
0,0.0006990225647487658
0,0.036741059201911244
0,0.021496935473012572
0,0.04574725657505885
0,0.06198644099371939
0,0.06760060100728367
0,0.05080796048974252
0,0.06096203791470543
0,0.06393235811938267
0,0.05619507779900124
0,0.06850337237793805
0,0.018908135311257724
0,0.07136461666530715
0,0.05929098690430932
0,0.072130303191853
0,0.05571019096622888
0,0.7956405469000623
0,0.07225464398772762
0,0.0721477944380233
0,0.0693014698139984
0,0.0721592524891504
0,0.0722079123453409
0,0.05986663496632356
0,0.022983737349399392
0,0.05034137058883044
0,0.0005493231565228811
0,0.06848663177333354
0,9.481267679386485e-05
0,0.029108776100271565
0,0.07172844388075032
0,0.014116959060339825
0,0.07027962322126728
0,0.12920299559308165
0,0.7870304667108284
0,0.06834093084682112
0,0.06761656849950631
0,0.07218000987630528
0,0.06857184224312887
0,0.018036719847321244
0,0.010158241142286605
0,0.0705035974855937
0,0.010240931151904931
0,0.0006564809439214456
0,0.06987717726054962
0,0.0022562103241538286
0,0.0011240285425662743
0,0.11059625984150301
0,0.0068951425865661645
0,0.07222168720249836
0,0.07224453694712168
1,0.9025344956474677
1,0.9200118568058795
1,0.9133157635311915
1,0.907737194508435
1,0.11980127698946023
1,0.4775154865472765
1,0.09490285364928885
1,0.9024127719222372
1,0.9073625764886825
1,0.922128536131027
1,0.9023199441238539
1,0.9047556853584089
1,0.8881368955091526
1,0.9024046648414457
1,0.9129700237436974
1,0.6275653436000111
1,0.956121336707933
1,0.9478027704642138
1,0.9141692874647991
1,0.913551856691785
1,0.9261748156297979
1,0.9028914415058901
1,0.9048836357213266
1,0.05091127690261388
1,0.9420342637585984
1,0.5
1,0.9402353366787319
1,0.9039234850932298
1,0.9469842253615147
1,0.9028617532776696
1,0.9228132184203254
1,0.7722757678001827
1,0.9431425975668886
1,0.92419419224267
1,0.8930546576498718
1,0.689923856838012
1,0.9080676997549869
1,0.07173567971532087
1,0.9131043491381019
1,0.8322880191405778
1,0.8820012143225987
1,0.9023892195717335
1,0.9066887659731738
1,0.9343171989324113
1,0.9023809874673654
1,0.9241788826884831
1,0.9083690438768639
1,0.06786247740365414
1,0.9028781416628843
1,0.9158570189130711
1,0.18901651097006944
1,0.930444804695858
1,0.9024310947422491
1,0.9024356776798869
1,0.9176140521203389
1,0.9147375956226708
1,0.9326236793156519
1,0.9024545121283705
1,0.9058430167272311
1,0.9024352537948327
1,0.9253619849910393
1,0.9023426707201363
1,0.9107943764765958
1,0.9185012546919733
1,0.9024005215946346
1,0.9060065053165567
1,0.9245810362917213
1,0.9024902131602482
1,0.6102469184013296
1,0.07267209368647236
1,0.902372292742101
1,0.9037056102702036
1,0.8488544751780749
1,0.9175287934758641
1,0.07227578217318271
1,0.9217729243657256
1,0.5633659251532591
1,0.6879109691057441
1,0.9127358478420714
1,0.9153497817592756
1,0.9130213080510622
1,0.9060029077079427
1,0.07371523986465893
1,0.9206990527004287
1,0.9222796504925611
1,0.9308700945252051
1,0.07222038367569812
1,0.9044669062223305
1,0.9024203976345542
1,0.9463572323692622
1,0.9906336202666205
1,0.2940750956766669
1,0.9231774462023442
1,0.33355625485752244
1,0.909952985928897
1,0.40770637760896533
1,0.9024188970992586
1,0.42241833924306144
1,0.903440518620997
1,0.42241810629431287
1,0.9024542571413966
1,0.9023893176103539
1,0.9038471311491068
1,0.9104756813591768
1,0.6284841617283408
1,0.902549365310672
1,0.9095083611184129
1,0.9273181167887107
1,0.8600066962569505
1,0.9535998948614357
1,0.90433891614154
1,0.6522353387694072
1,0.9547208302664109
1,0.8891283793223854
1,0.9110014368980368
1,0.9024789569847081
1,0.9400962769552758
1,0.9308652474732412
1,0.9024495337969666
1,0.9343499761565991
1,0.9031080111659108
1,0.07219862313201846
1,0.9115550363509864
1,0.9341220577080712
1,0.915742001844116
1,0.9027836146413609
1,0.9023264292885197
1,0.9338050908230132
1,0.964790602189454
1,0.9129839513383655
1,0.8881368955091526
1,0.9259237754321186
1,0.18543666991309415
1,0.9024500356712475
1,0.9438354593830877
1,0.9032519874758381
1,0.9339692144281704
1,0.9024589440475975
1,0.8740274171679576
1,0.9074164839323555
0,0.01714287014654827
0,0.008174260806383568
0,0.09230723156957268
0,0.07235950269328871
0,0.054762779144847305
0,0.002666083592062336
0,0.016870298911673496
0,0.0029376267600640933
0,0.0018310955707602332
0,0.007013888686209223
0,0.06597391235500971
0,0.07222864171032911
0,0.04350507449652991
0,0.00010737653160419117
0,0.07045986255975902
0,0.07220657007773063
0,0.024230636077129462
0,0.011372749433011392
0,0.9125132723982615
0,0.07002552178023579
0,0.07177545179564072
0,0.00015747484691288138
0,0.06801275809969433
0,0.01859540142636822
0,0.06603848726264877
0,0.20175413960791425
0,0.0010678663185474102
0,0.07084571612188606
0,0.059770090736189115
0,0.0009913613918739207
0,0.02908563473087096
0,0.07213850395056086
0,0.03219581074053931
0,0.007464871362982635
0,0.003396824992221722
0,0.06792441420767727
0,0.0054644422665509305
0,0.0005219431306012871
0,0.038683584345594095
0,0.059795160072037314
0,5.4249671514640045e-05
0,7.656227032107647e-05
0,0.001953574840017864
0,0.022279460881086035
0,0.0011728147802706511
0,0.01571791012298902
0,0.06770298272549546
0,0.02917387717335891
0,0.06390138059894826
0,0.0002470320958505831
0,0.07367133502537428
0,0.07214870956685865
0,0.010416370311827043
0,0.16732010838671102
0,0.07216696073308536
0,0.01098089781930556
0,0.06642837718837977
0,0.00015141263259597034
0,0.06541739075569364
0,0.07073043416494264
0,0.07054986244789946
0,0.0029487453684392717
0,0.08126984645777063
0,0.07222134734228851
0,0.07222061728470196
0,0.07193628023885208
0,0.07226043317680651
0,0.07215254612999401
0,0.06662004286891379
0,0.07224985404103114
0,0.0011604961625021496
0,0.07218534541895774
0,0.0722041645751101
0,0.06988965831752206
0,0.0037078083097656506
0,0.004675327817730739
0,0.07135751612819734
0,0.07224684143557997
0,0.924434658786228
0,0.06939161168380438
0,0.04487824451095083
0,0.0005960949438218371
0,0.00294137549398082
0,0.06713607957402835
0,0.04168180482078382
0,0.00042316909414728414
0,0.06797658589882137
0,0.05888050474486804
0,0.04299125097571306
0,7.690675440950932e-05
0,0.018459807164805088
0,0.4762367062640857
0,0.07000225478015487
0,0.013283225904856543
0,0.0004051770912770229
0,0.0721435147943193
0,0.07219047829035265
0,0.04644346890676024
0,0.07219162636501324
0,0.3336491130550791
0,0.03504285504769081
0,0.22152885438669076
0,0.0727155209095522
0,0.07220415743517161
0,0.07217166828774733
0,0.06902766376100403
0,0.04854207805899537
0,0.007861431008246786
0,0.00036000367245748836
0,0.07224980655299336
0,0.008877126515671324
0,0.015559247829995326
0,0.002630537383545314
0,0.0635692434065104
0,0.018546650222427213
0,0.017829844485020934
0,0.030523207235110348
0,0.07299234766445802
0,0.07036639900938163
0,0.07219030050308425
0,0.008604934999475965
0,0.00557610508476191
0,0.014137351704864465
0,0.00020822586438306082
0,0.0002326056781234149
0,0.00010412785653977495
0,0.07224941250965307
0,0.04894117904450242
0,0.00014422155664902038
0,0.008214313291336497
0,0.025259224353042065
0,0.00019123679352138443
0,0.001145716076829223
0,0.06491517323557212
0,0.07218681120388695
0,0.015075463432728028
0,0.014084433505083524
0,0.07563653990233908
0,0.04170232201342236
0,0.033089686932696476
0,0.0017470471585728097
0,0.029199977229630032
0,0.013684652472426428
0,0.004052316707605134
0,0.0002497038966414264
0,0.000339612604139911
0,0.07068080558891354
0,0.036381697251052794
0,0.07224026957200134
0,0.002035332897046715
0,0.0015290434491875549
0,0.015075477925085548
0,0.06920853591618557
0,0.01800933187538816
0,0.9082557690208073
0,0.00798627970581761
0,0.05469861333672271
0,0.07222124583554318
0,0.029329026092323816
0,0.0040697965504224755
0,0.04229041927305953
0,0.009854525226705789
0,0.00013296470859188537
0,0.058665457293516174
0,0.06790445987607098
0,0.00813731979320512
0,0.072173691646855
0,0.0058409356977421854
0,0.1961660691320885
0,0.020598164693067876
0,0.07163332071347063
0,0.000544027990643745
0,0.0037649020336105988
0,0.031763605210068824
0,0.07227078236606767
0,0.07223035721542055
0,0.0021574012466259386
0,0.00012483926303311058
0,0.7930201485504311
0,0.288787385789171
0,0.930129034441312
0,0.0008758590469289615
0,0.04076364765009193
0,0.0006123610652264256
0,0.004206608823587849
0,0.07215277371907623
0,0.002205306945872292
0,0.07165021106050973
0,0.07040202863704763
0,0.07216032795966885
0,0.011459842286141452
0,0.6067535030413527
0,0.06610829948235863
0,0.07214912271281744
0,0.023317602033583844
0,0.04806775621093541
0,0.0006321032493822249
0,0.07160709274636254
0,0.07005858078504734
0,0.07082694165103112
0,0.01868881854683193
0,0.004147399995677182
0,0.08189886652915306
0,0.0009443021774182481
0,0.09490278304329057
0,0.06528195101779935
0,0.9170363696084424
0,0.0721914870483768
0,0.07218685543556931
0,0.0034155614569672094
0,9.710319327977427e-05
0,0.0009315063684788266
0,0.07212900672583211
0,0.015539683519687434
0,0.07218387432023282
0,0.060942290971397646
0,0.01647644206015711
0,0.07379200117461594
0,0.06548372954783672
0,0.061854392758254766
0,0.07182208779578864
0,0.006494131143580698
0,0.06974972033019713
0,0.07214778940816574
0,0.001701921876747013
0,0.07100730828777271
0,0.003253590132191079
0,0.06544041080043993
0,0.07225833856957274
0,0.06360135302163043
0,0.0722208727371381
0,0.013587298138729496
0,0.004060843921536541
0,0.0009162894390201788
0,0.07023534963179255
0,0.018116937487995942
0,0.07217166828704312
0,0.05697772214289312
0,0.00017943263635188347
0,0.06111906525271424
0,9.784280050240178e-05
0,0.0007404753576818634
0,0.07214871432433487
0,0.0004550831596608735
0,0.08167859073991221
0,0.029301818995032855
0,0.01228612327958443
0,0.0722004511338856
0,0.00980815071573129
0,0.002609611077379977
0,0.0006431275880193076
0,0.0005391433523030257
0,0.019981361698468463
0,0.01089067730413331
0,0.029360698065654386
0,0.016446391368247937
0,0.07214033575857451
0,0.06982479819457824
0,0.07222853582229521
0,0.07047373214392305
0,0.06598859538216231
0,0.00010289790774414794
0,0.005128722946868209
0,0.017394460083592175
0,0.058882297552252806
0,0.0008127996081370887
0,0.07218256808098697
0,0.00010842791608898418
0,0.07221687105566246
0,0.00019556297163856007
0,0.04403830317364217
0,0.00010831747128337577
0,0.05941579148077909
0,0.007665413459414939
0,7.221899654538382e-05
0,0.06813867454010149
0,0.07186251416532767
0,0.06967261897358969
0,0.00011059734706344081
0,0.07204316254023385
0,0.07218679319363877
0,0.0005813181405730036
0,0.06786269782173956
0,0.014938057861882913
0,0.07222351011373584
0,0.06604014277152721
0,9.41277718354156e-05
0,0.0010366177378998886
0,0.012149597603266008
0,0.31142768817214544
0,0.008829540672618201
0,0.04983096433518536
0,0.002097955541818296
0,0.004814639505546926
0,0.0024678775983374133
0,0.036074005164303743
0,0.05867214507606654
0,0.005464441566445552
0,0.0004417118764677593
0,0.001749656175443682
0,0.23888421560738726
0,0.005422442606844598
0,0.0071723248379227875
0,0.005496755212790529
0,0.018894078317484
0,0.04021416901953693
0,0.004238786009558139
0,0.5776238460782271
0,0.016208383071958574
0,0.07214501730770859
0,0.12090944600805947
0,0.0721603772252502
0,0.00010311418562104797
0,0.45946693958826945
0,0.07224454992499992
0,0.006166781789405185
0,0.6336003911678748
0,3.704178967126949e-05
0,0.002099772517269014
0,0.07008228760550904
0,0.0628134552468132
0,3.8315128021299624e-05
0,0.5471024244842083
0,0.000247569510989733
0,0.00015802075727080353
0,0.0010055845386508614
0,0.1012015115235006
0,0.00010760975589246192
0,0.00018698099845214676
0,0.001959066566360925
0,0.007602535764697628
0,0.035761838071957486
0,0.01376841707995094
0,0.07211105076870103
0,0.006664058649461897
0,0.07217114549597825
0,0.006084263061632382
0,0.005178708693485473
0,0.009862501817879211
0,7.826068464106223e-05
0,0.0065893624646695525
0,0.00015477915202668856
0,0.0077780906629432425
0,0.0007819983124746865
0,0.0718427235042338
0,0.040179160885291075
0,0.004590970114841837
0,0.060342185198306045
0,0.0626938228864348
0,0.002564218795454147
0,0.07212351652114551
0,0.006701690367380243
0,0.003952140999388945
0,0.0021458490945737603
0,0.0717385931710299
0,0.0722557378424082
0,0.0073279451403866075
0,0.031018463911156393
0,0.07458765707154366
0,0.43670551882359276
0,0.33759307772003655
0,0.021895999401133046
0,0.004711114442141113
0,0.08104496251153406
0,0.055367877764965885
0,0.049653786415112824
0,0.07218421119653196
0,0.014130105564659585
0,0.000618198570307641
0,0.018871279786130832
0,0.07217094162510514
0,0.07220414098326278
0,0.0004973712155276669
0,0.05654807898153328
0,0.002199072262768202
0,0.06694403232281866
0,0.07220643478923967
0,2.7420469863526594e-05
0,0.012252296530407117
0,0.0002637061102404261
0,0.003393101437299277
0,0.07164713640832586
0,0.0002230613366107037
0,0.005571095844892415
0,0.03871757447287227
0,0.011041763166501043
0,0.0011476637095813253
0,0.007862407540413037
0,0.0007818945472235707
0,0.029461641783652667
0,8.235289097694033e-05
0,0.00021933203676651993
0,0.029841315358201264
0,0.002069050291575018
0,0.05873025178590438
0,0.015351714808984566
0,0.060533787200754516
0,0.001370252344749264
0,0.07214500759131333
0,0.04128437120022681
0,0.001687631328334252
0,0.11682836715390853
0,0.006739277838470762
0,0.07215899531419942
0,0.018987136979023392
0,0.06850337237793805
0,0.049414778946316115
0,0.05127418600097566
0,0.018908135311257724
0,0.06781579361259583
0,0.0025192090543240354
0,0.07188226689749248
0,0.05929098690430932
0,0.06696615845680724
0,0.038043833129017275
0,0.0002154031116023807
0,0.07198501225978145
0,0.07029466118484598
0,0.07202746309558196
0,0.00506343773053073
0,0.06794562548393193
0,0.02263465640963331
0,0.06622161102492258
0,0.09748155992218158
0,0.0036252015523732632
0,0.005941652597034675
0,0.38630290540988754
0,0.03326857312236867
0,0.007984575001190305
0,0.07224645991969451
0,0.01246317858331248
0,0.0003094955556131513
0,0.00020873911680985456
0,0.02726849422982386
0,0.00015571337915650318
0,0.06835638626450243
0,0.030178961616998266
0,0.002484612602889844
0,0.00425335438731153
0,0.9138260831059342
0,0.07222168720249836
0,0.8940368702489438
1,0.9034555956174709
1,0.9041651582789898
1,0.27855689594034233
1,0.10333108578696143
1,0.5229954708524348
1,0.9314685138214157
1,0.9049230689626072
1,0.9073625764886825
1,0.9144402649941212
1,0.9183527585937906
1,0.902428314832313
1,0.5958315134072264
1,0.9341586584743188
1,0.9089863034576826
1,0.9309719809398945
1,0.9024372722573984
1,0.8881369379375509
1,0.7244597987917464
1,0.9024324345400396
1,0.5
1,0.9080861664840165
1,0.8982374606732958
1,0.91460476472104
1,0.9129700237436974
1,0.6842983718669812
1,0.10590569757779303
1,0.009024435319125092
1,0.9046521135354406
1,0.913551856691785
1,0.08660124985349314
1,0.9559187519403731
1,0.9048836357213266
1,0.9086499091569276
1,0.9402353366787319
1,0.08110467112666336
1,0.3407978704149789
1,0.9023915093046136
1,0.9423424918798076
1,0.9313695628040126
1,0.9243447308817453
1,0.6899239338346375
1,0.11013477051834117
1,0.9158803639019961
1,0.9024188970992586
1,0.915640883046944
1,0.7020758012030871
1,0.9205867346360532
1,0.9343171989324113
1,0.9024127251130012
1,0.6550799944015695
1,0.9540603232212587
1,0.9024310947422491
1,0.902414910863235
1,0.9035403157886137
1,0.9032102373611781
1,0.9024130839172783
1,0.9023892512868699
1,0.9081188467973884
1,0.9140971967508491
1,0.9326236793156519
1,0.9097982108970575
1,0.9024277767664428
1,0.9058430170035942
1,0.905533771290267
1,0.9150766636785785
1,0.9321639779026031
1,0.17207681695654797
1,0.9023072849690217
1,0.911021985296798
1,0.9166223619792291
1,0.9024367500988058
1,0.9762409281642224
1,0.06148017153883955
1,0.9024281502187893
1,0.902428314832313
1,0.8327965837206603
1,0.9130514571353333
1,0.9233671474843332
1,0.3660758666378223
1,0.9037595626034435
1,0.9065806602439086
1,0.6067516829317829
1,0.1412934347988739
1,0.10333108578696143
1,0.9202865281792952
1,0.9339988484056271
1,0.9906731541293683
1,0.07157003413065871
1,0.7141304407213861
1,0.9023927075760899
1,0.9040273732251862
1,0.7410145809961577
1,0.9044650930499153
1,0.9906336202666205
1,0.9919532415144375
1,0.9208015512906095
1,0.9231774462023442
1,0.9024188041468717
1,0.8385226467580137
1,0.10590569757779303
1,0.9024802905481899
1,0.42241833924306144
1,0.42947054848831373
1,0.9339584256713027
1,0.9024542545183859
1,0.9147361984340332
1,0.9103775899508623
1,0.9023599115557658
1,0.9599083243438722
1,0.9084801024769542
1,0.8403823838978101
1,0.06733786181777428
1,0.20175319665937932
1,0.9341427902347584
1,0.9023857375531873
1,0.9137538552338654
1,0.933724383064864
1,0.8891283964138239
1,0.9035527671171194
1,0.9024934712625758
1,0.14159234951812003
1,0.9127199146914592
1,0.9027429015174717
1,0.9024368102626734
1,0.927012875553888
1,0.9038075353461235
1,0.9759713538225633
1,0.933825420498711
1,0.9390288383693001
1,0.9340643697052311
1,0.930963167160335
1,0.9258158407236463
1,0.09672968706847429
1,0.9536550008088771
1,0.9031601284220006
1,0.9341220558102726
1,0.9023475402864239
1,0.9061692973467519
1,0.9648318189126206
1,0.8404567020322333
1,0.9129839525056601
1,0.9259237754321186
1,0.941023495904003
1,0.11013490175630139
1,0.9032519887320324
1,0.9339692144281704
1,0.9024589440475975
0,0.00011238328477819474
0,0.006933099558036772
0,0.002666083592062336
0,0.016870298911673496
0,0.5929253210955164
0,0.9256291259446924
0,0.06483483919511836
0,0.003872680436119607
0,0.001992440431753988
0,0.004210172062497849
0,0.10215521804983242
0,0.016371085388284412
0,0.051687183816976526
0,0.0699145276343814
0,0.00014332916280851936
0,0.07222863886062636
0,0.3808321675087772
0,0.0722041773964643
0,0.0006027102513924058
0,0.08064184874249716
0,0.001404085974803876
0,0.07176135988077816
0,0.01377497777318932
0,0.0054644618491512375
0,0.07222817739460169
0,0.0698630617444353
0,0.007308652133798542
0,0.07225309587067333
0,0.06877183031322609
0,0.07223985481290002
0,0.004487050253148706
0,0.0001968115538036021
0,0.07131757075441927
0,9.523523958133915e-05
0,0.059770090024344164
0,0.0009733758772929535
0,0.0055160770742782965
0,0.010176555645490498
0,0.024595728490045644
0,0.07216846528263998
0,0.07145042948968669
0,0.03445851911466768
0,0.038683584345594095
0,5.4249671514640045e-05
0,0.07215889064523896
0,0.07158876869392772
0,0.07174656157227782
0,0.01571791012298902
0,0.0068321090595266625
0,0.5600279459565066
0,0.05075096509619938
0,0.0639012618488194
0,0.0428968539184746
0,0.07215885555016104
0,0.006210518570372615
0,0.07080663604652292
0,0.07222337107998335
0,0.013385620418641261
0,0.05670027378209089
0,0.0022428731725197566
0,0.06541739075569364
0,0.0007460389851975596
0,0.004790943205218231
0,0.7133453558118689
0,0.9023891736222206
0,0.0641987025683564
0,0.03875523968993884
0,0.12729250758164948
0,0.0007534133532901589
0,0.07220419444321562
0,0.07222351202304783
0,0.07225863680719655
0,0.07215739881918246
0,0.03919056814611256
0,0.009843535091150511
0,0.0721842047209315
0,0.07135751612819734
0,0.950631277320764
0,0.0691697054990928
0,0.07213936020743278
0,0.07218255455958694
0,0.04168180482078382
0,0.06067962321179762
0,0.002603128092500047
0,7.690675440950932e-05
0,0.07219470587421453
0,0.06778744984201714
0,0.3336491130550791
0,0.07202311130539045
0,0.03075905593113902
0,0.07225238566165686
0,0.07215747338325923
0,0.12458658800110313
0,0.0721585187772914
0,0.0680840693918231
0,0.0662981414872303
0,0.1292241373100303
0,0.07020323915048934
0,0.024734587300166547
0,0.0010082686353775762
0,0.003899982003271122
0,0.0422087758733333
0,0.06704763476474601
0,0.003979244555253029
0,0.01372999454163702
0,0.716132347184606
0,0.0012209438323808508
0,0.0004194897431825155
0,0.07224941282066491
0,0.017579657867354583
0,0.004226122308969814
0,0.004098780989816328
0,0.025271346732507208
0,0.30899285212165534
0,0.8995723018883304
0,0.0298413673983852
0,0.06166943924229723
0,0.010038977044355147
0,0.0014625821802576443
0,0.00017209366224615573
0,0.09537020371495596
0,0.025259224353042065
0,0.07224901481303285
0,0.07026353172759904
0,0.06555206970506766
0,0.06010769070867231
0,0.0007263155666782086
0,0.061672179319366846
0,8.070314939422116e-05
0,0.024633712003450787
0,0.004052316707605134
0,0.019614175974530114
0,0.036381678006533434
0,0.07224021812727348
0,0.06877087189535393
0,0.03888520707901565
0,0.000257689345690986
0,0.007352082832227647
0,0.07219318185906588
0,0.006078374698630182
0,0.0641971298334042
0,0.01800933187538816
0,0.017959868127206433
0,0.07220413108894742
0,0.2952278442538516
0,0.0002905908816909343
0,0.06989132130946307
0,0.5399531773912516
0,0.00030915537564853737
0,0.00013296470859188537
0,0.0858263455674521
0,0.06790425581667102
0,0.0002265849870061224
0,0.00013460737370397566
0,0.008693777439774324
0,8.001431332892495e-05
0,0.07225778440553317
0,0.0021574012466259386
0,0.009126424498969048
0,0.44216895351435265
0,0.07225658253462684
0,0.06034220086644301
0,0.004102798661946938
0,0.020062261336975293
0,0.007190734440922054
0,0.005434640971856532
0,0.003388267901724173
0,9.224038896786417e-05
0,0.05739949838861982
0,0.06976577818519118
0,0.04831474119579636
0,0.021375360396494472
0,0.07200439839307739
0,0.0024047280838199415
0,6.230788524060671e-05
0,0.0009443040010256295
0,0.06528195101779935
0,0.9170362637160638
0,0.07078037515352589
0,0.003961870723797476
0,9.647829136943141e-05
0,0.0001473981373237711
0,0.0008457932180529115
0,0.05951582450359031
0,0.015539671958015878
0,0.07222931838400598
0,0.06548372954783672
0,0.07220506540039943
0,0.15893489450765164
0,0.3535636209116392
0,0.03243252378356147
0,0.03171257185210399
0,0.0083699539890276
0,0.06992410920794724
0,0.06828733499692183
0,0.05072923466505871
0,0.06538876417050052
0,0.07100731222244301
0,0.055265560943755135
0,0.07220414661733358
0,0.000594293381845703
0,0.06897774095073984
0,0.010503546715819602
0,0.07218255419362847
0,0.018116928153594346
0,0.0015629013513450772
0,6.164733282745277e-05
0,0.07183392695211462
0,0.056017563518541494
0,0.031369927528138775
0,0.07214871432433487
0,0.03273764317365612
0,0.06756318274110652
0,0.0008923893342573521
0,0.009318123170924173
0,0.006860824652105549
0,0.037426399855585955
0,0.0002455357371238605
0,0.0276848106534186
0,0.006459525178041958
0,0.24766668988473226
0,0.010299507029411663
0,0.06860376926932257
0,0.0721588339730884
0,0.06344778263916487
0,0.0012735662366005747
0,0.01089067730413331
0,0.0007612614698120516
0,0.016446391368247937
0,0.0690276713401277
0,0.03224686592046651
0,0.07047373214392305
0,0.05952161501072664
0,0.005128722946868209
0,0.018036722539130776
0,0.00011981677274813887
0,0.017526468618124503
0,0.06680244200510649
0,0.00013020702769191261
0,0.07099049373574536
0,0.0704981483845527
0,0.00117595615006463
0,0.0002229693281711031
0,0.0722275657241633
0,0.00010842791608898418
0,0.07223118743723249
0,0.003893406997371464
0,1.6995930920505521e-06
0,0.07219861898633173
0,0.9121859674180127
0,0.07119740165207017
0,0.08329099871257532
0,0.00896720332396869
0,0.07202984812934608
0,0.013073307988011389
0,0.006534161138391854
0,0.0013952746044359548
0,0.023651165200183233
0,0.0012974128873646463
0,0.0002996201928363911
0,0.007643491887218224
0,0.06860377040922108
0,0.00012702162930588545
0,0.06397437652163933
0,0.3407170194707912
0,0.057554748576102696
0,0.02082444073926697
0,0.07063826354873477
0,0.06786269782173956
0,0.00033197457518083315
0,0.0063127448978581345
0,0.02840377456769426
0,0.2926681227415024
0,0.0168056914930121
0,0.0524084668825815
0,0.0010366177378998886
0,0.016136585030411807
0,0.07216963862346389
0,0.0002358659525074677
0,0.07219431620831199
0,0.07085356052722203
0,0.07223068307622703
0,0.0003708000664733216
0,0.05867214579308303
0,0.05127578864439444
0,0.0004417118764677593
0,4.901359941306162e-06
0,0.007081911530141435
0,0.07107489511717528
0,0.005422442606844598
0,0.005496755212790529
0,0.04021416901953693
0,0.0002317575793456143
0,7.32663808127689e-05
0,0.000332409569657775
0,0.07213443532419457
0,0.07218255452626339
0,0.12090944600805947
0,0.07220416594507924
0,0.02473080519382545
0,0.07111324801298703
0,0.07214467878728426
0,0.11649592232936043
0,0.004785558544157377
0,0.010314968060558209
0,3.831514743115029e-05
0,0.07115716367650711
0,0.0695280252434734
0,0.00010760974030402139
0,0.0008184934511549859
0,0.0017923278942805051
0,6.550464299047998e-05
0,0.0006716709462015247
0,0.014761627110956518
0,0.07007765865260535
0,0.043901032202157846
0,0.007602535764697628
0,0.07211105076870103
0,0.061719700892309944
0,0.0014277797823050282
0,0.0004057024654669077
0,0.011463826893309588
0,0.9274676502876077
0,0.8377399049029515
0,0.06934733743143798
0,0.06864266557343988
0,0.031849718619279765
0,0.07156066524983824
0,0.054136407920191705
0,0.06823442389992598
0,0.07225018296288474
0,0.0009592897424848251
0,0.0718427207665205
0,0.008395288943925753
0,0.07039890594139442
0,0.002564218795454147
0,0.07212090508088098
0,0.07138473080519561
0,0.022604870534690517
0,0.0008692149299621407
0,0.06311721541803118
0,0.050256887117486264
0,0.07221002839890422
0,0.0031994230814252887
0,0.8393422651581225
0,0.07218237917787036
0,0.031018463911156393
0,0.07458765707154366
0,0.04991709930866953
0,0.0050980311608776335
0,0.004711114442141113
0,0.07223913177447795
0,0.07218896763787382
0,0.07213270085046616
0,0.07220418196011943
0,0.07194981282592343
0,0.07218421426174311
0,0.07217708000437528
0,0.00010478424154796283
0,0.003958469414758197
0,0.014130105564659585
0,0.020370593646817075
0,0.07208379764966795
0,0.04291725129013856
0,0.045055865079541436
0,0.10861892456099222
0,0.07252283028055176
0,0.0010255167786069898
0,0.007817983659436756
0,0.00011506660364022385
0,0.05654807898153328
0,0.002199072262768202
0,0.003710573617736618
0,0.012252297846661804
0,0.07114844210183878
0,0.015356526591147905
0,0.0002637061102404261
0,0.011548291659186617
0,0.012424516771759143
0,0.06265828829191038
0,0.0002230613366107037
0,2.5484037404607605e-05
0,0.1823850113311781
0,0.06919233052375272
0,0.000206144190833335
0,0.004057281524770891
0,0.0798655960191963
0,0.011041766067477957
0,0.002149266634113932
0,0.05620002035740643
0,0.0008633921959576744
0,0.035298970067566764
0,0.0161318491083534
0,8.235289097694033e-05
0,0.33301823452801566
0,0.0016302198119547825
0,0.00021933202142906851
0,0.010745082817817032
0,0.0003940486066091116
0,0.08816747564260702
0,0.07219076926589145
0,0.5636316958050901
0,0.07100989724583127
0,0.03762696546412303
0,0.060533787200754516
0,0.07214500759131333
0,0.06990435417924419
0,0.057435234689540746
0,0.00012972923552607743
0,0.06187623747855695
0,0.06198644099371939
0,0.013279270270913544
0,0.005948294399938608
0,0.06393236434817154
0,0.00012635741024847046
0,0.05929098690430932
0,0.01972623659480436
0,0.072130303191853
0,0.011900597131839177
0,0.7956404822840257
0,8.298398835010619e-05
0,0.07215853358339701
0,0.0008218167781044685
0,0.07215182747565066
0,0.07225464398772762
0,0.8609706309615772
0,0.10228055351346307
0,0.0721757013654966
0,0.00015401595734687603
0,0.0721592524891504
0,0.02337173710071075
0,0.02263465640963331
0,0.06893961424253507
0,0.07216123127086232
0,0.07207564813433508
0,0.002216891565457518
0,0.00869646483744623
0,0.01917066333580817
0,0.007111645403062306
0,0.029108776100271565
0,0.06324236088704661
0,0.009114612949557514
0,0.07027962322126728
0,0.06834093084682112
0,0.06761656849950631
0,0.07198139889946308
0,0.010158241142286605
0,0.0027283727317759837
0,0.07222559227481969
0,0.1914654208109731
0,0.0011240286765274775
0,0.06098586143559225
0,0.0005129485465931557
1,0.9148434587585778
1,0.923908035468768
1,0.9094697045039413
1,0.07374118803401677
1,0.9281414530051779
1,0.7933806504722066
1,0.9938244409176531
1,0.9011735085394625
1,0.9108158875601171
1,0.9094367095358211
1,0.923864156707695
1,0.906929235137976
1,0.9784392067863756
1,0.9375931565999426
1,0.08715437117952272
1,0.9094414892609899
1,0.9290448853683901
1,0.9132610169250646
1,0.06464218743821737
1,0.87299389451289
1,0.9441802907348343
1,0.9094022501477251
1,0.9222930279211988
1,0.9899362794755523
1,0.9142097699534514
1,0.923908058166975
1,0.13493927185471488
1,0.9094573293228083
1,0.9142771219188951
1,0.9197652678457889
1,0.9428719227906092
1,0.8825029816239436
1,0.9761743199834528
1,0.909339275140108
1,0.9175660049892034
1,0.9106259304333494
1,0.9456553792333158
1,0.23579760196178073
1,0.909416732432957
1,0.909680999940522
1,0.9582017509623123
1,0.9113160988909133
1,0.9226699377467059
1,0.9962333671274064
1,0.995959325363615
1,0.9193798577321161
1,0.9400197960926795
1,0.915373435230568
1,0.07570663188835045
1,0.0692913465574259
1,0.8163877496709679
1,0.6134530799965939
1,0.0987977093827031
1,0.9141665232632868
1,0.7185878022944808
1,0.9310266704151278
1,0.9140490249037723
1,0.9116138026868019
1,0.9216228330160215
1,0.8683232051336669
1,0.9269442329707953
1,0.08947613076625108
1,0.9090164736168733
1,0.9194627155612499
1,0.9268947045373955
1,0.2557167563093771
1,0.9241081325838404
1,0.9153117635368836
1,0.0607935895651791
1,0.9138614075932572
1,0.8904146052845568
1,0.9301913850369131
1,0.913598048285311
1,0.9093500322326327
1,0.9125955136160623
1,0.9204356680199879
1,0.9374622065694638
1,0.9246711113543701
1,0.9298490185987865
1,0.9886345880192327
1,0.9094113789006267
1,0.9062445601447593
1,0.9292716557763879
1,0.07579013067778773
1,0.9296127398264821
1,0.9094165266293222
1,0.9241251663968191
1,0.9273241505476524
1,0.9311338188478893
1,0.9480863084593111
1,0.7946609470418244
1,0.9062170611392469
1,0.07752541397374177
1,0.9185660765670468
1,0.9466611788740844
1,0.4837505420834189
1,0.9473395881008887
1,0.9424476585074618
1,0.9144857568902856
1,0.8825029816239436
1,0.5051948065930553
1,0.9094163391085078
1,0.9095032131068537
1,0.9081974331064377
1,0.9757934331470065
1,0.9104422716776238
1,0.9301122388147777
1,0.9298490140112715
1,0.9094422300031639
1,0.9560744533667533
1,0.1255294617332688
1,0.05009026590170406
1,0.9237027494060326
1,0.02075389594876983
1,0.0756921055499032
1,0.948456606262957
1,0.07683780228414848
1,0.9006001936706513
1,0.9840622778062249
1,0.9076419784702502
1,0.9188989404148236
1,0.9120932901564864
1,0.9265201413084835
1,0.9373802378582804
1,0.48857266294602364
1,0.9353188172893414
1,0.9551773595354683
1,0.9048471404439766
1,0.9427880306462794
1,0.9266925989417426
1,0.9094786057345214
1,0.2059432304832273
1,0.9289640497583123
1,0.9096639418177649
1,0.9308174684262172
1,0.9094275620474809
1,0.9094209645441897
1,0.925582184434481
1,0.9093637632541417
0,0.0008089641511459189
0,0.053831764682043114
0,0.04639139852212732
0,0.001468464275371423
0,0.0010932905867290371
0,0.0036693807470083188
0,0.07542227972174448
0,0.06905016778061496
0,0.001184227216823042
0,0.011797705520113416
0,0.06722279966082312
0,0.06945122050134667
0,0.07515960099138784
0,0.14366804079892062
0,0.021645002411615856
0,0.08356051997001214
0,0.01724841437700114
0,0.051964354884922036
0,0.07225446509968485
0,0.02050342980528648
0,0.03850389599225901
0,0.07536719950428229
0,0.06882099900668974
0,0.05405059961660685
0,0.0048290870183032705
0,0.05944286933078791
0,0.021501893875935495
0,0.11455578384684612
0,0.029414853057975514
0,0.0013226223455224681
0,0.061855003351497115
0,0.00412131024076357
0,0.07500424763051851
0,0.024886339505285023
0,0.06943345732506333
0,0.07395437795284734
0,0.19109635505377365
0,0.00011200969334605736
0,0.005815383130742819
0,0.0031540736812204636
0,0.02106960517398688
0,0.9315422888104212
0,0.00018529750932015946
0,0.07537705528966847
0,0.024556705647529046
0,0.01896815014801675
0,0.007918581552895569
0,0.07498656716441439
0,0.0680524227086084
0,0.033764616830693775
0,0.014803925033817233
0,0.03631407273051734
0,0.07543861695716854
0,0.07474040401332176
0,0.013182481654594153
0,0.06954477589716697
0,0.021401085316249173
0,0.020074149593829176
0,0.20535527284055932
0,0.007241101731431004
0,0.007096369352838254
0,0.02467053597029059
0,0.24459578089224865
0,0.09329042340637757
0,0.04659223243114693
0,0.01064975498905508
0,0.07542474514270314
0,0.07352514077334606
0,0.00048090794868622824
0,0.04283693365532113
0,0.0002570347898552892
0,0.07545275385398578
0,0.07536361321077309
0,0.09809273585366189
0,0.0984975224330631
0,0.07395970195866013
0,0.07386626979299303
0,0.04539248478092825
0,0.029839971637339823
0,0.42059593853097266
0,0.024087817656664342
0,0.005172187188598109
0,0.074457490131621
0,0.10753891796855818
0,0.0003819615870950693
0,0.015813923489400628
0,0.0751748333217747
0,0.04471183969769968
0,0.007242013522542472
0,0.0003612305036590401
0,0.0004970841542450174
0,0.07525692160696966
0,0.03762250978238476
0,0.02062664435502332
0,0.004298266006792913
0,0.061708338989199786
0,0.07541248879085936
0,0.06180492963567085
0,3.666147403044382e-05
0,0.001631321047247693
0,0.42619800389961676
0,0.013963651213361631
0,0.7274263738615203
0,0.05167294092137919
0,0.07542457210822615
0,0.020912670714552002
0,0.07615219210493301
0,0.0031826620428646907
0,0.07538569579436354
0,0.0753972366830602
0,0.005239471646149914
0,0.8085505175187074
0,0.0003175903494738435
0,0.07373178823750345
0,0.002986227555434586
0,0.004746592156644479
0,0.01778122867969013
0,0.07543307316820858
0,0.0690344525788932
0,0.07516035576042562
0,0.03850379420277842
0,0.07536913455679257
0,0.7203307705060329
0,0.006168195145174793
0,0.010997903711333972
0,0.0011136415061948192
0,0.07544112794774234
0,0.0045214022765798405
0,0.021679849406613078
0,0.05175178734296401
0,0.07495128580778841
0,0.006611523187395717
0,0.05541413099230514
0,0.06834354728066368
0,0.0014328807061756766
0,0.46782857741787287
0,0.005184706105127362
0,0.008129769380312813
0,0.109523387394196
0,2.944583193683524e-05
0,0.07547824113403052
0,0.022130294102142182
0,0.005842983357937987
0,0.07546793292308063
0,0.0005365620778133432
0,0.9138574491559978
0,0.07355079068552133
0,0.002285775771240588
0,0.07039679812773243
0,0.07538210741282028
0,0.009328850744410543
0,0.011833421897783265
0,0.0054438629592266355
0,0.010222743986515827
0,0.07542003408607073
0,0.03228218686570703
0,0.06736457948655096
0,0.01079685511811539
0,0.026929473692422358
0,0.07217754979916026
0,0.018284145956953466
0,0.04461958912611342
0,0.28561048652796595
0,0.018469880286928232
0,0.010144509820990808
0,0.07198417510216369
0,0.0612415450236239
0,0.027786048964961806
0,0.20084339658164405
0,0.36509612103984634
0,0.0779461968633414
0,0.0754095453354084
0,0.07544928622037911
0,0.010122713968420769
0,0.03712597391665458
0,0.06250007059063965
0,0.015393985092600529
0,0.07431134424174472
0,0.07541425125615563
0,0.0753935153269927
0,0.07536460435182879
0,0.06717902872666287
0,0.06053964935800219
0,0.0003368472443425507
0,0.07540686855735249
0,0.0338661489878521
0,0.16654372014450447
0,0.06620289263550083
0,0.0754578925467605
0,0.0034357079960945247
0,0.006686951154519548
0,0.07500775512698211
0,0.0014244361648212134
0,0.002570579090352194
0,0.05992681668800208
0,0.06761191403592241
0,0.07398436279970061
0,0.055877840359582626
0,0.004522895203561052
0,0.05704673646539204
0,0.07499777016479525
0,0.07383492651162178
0,0.0917453336066553
0,0.07358723349210021
0,0.020563721552368852
0,0.07398579988423121
0,0.07531356503819202
0,0.007148541251314298
0,0.006614973071666039
0,0.07318712999802336
0,0.0008250521086655699
0,0.07542264211264128
0,0.0330378966790853
0,0.0006121728574321951
0,0.01424311964026084
0,0.018410435736880976
0,0.014983364170960347
0,0.05952583757230247
0,0.7937434562971576
0,0.045831762852426676
0,0.03627929033860195
0,0.0036746229080419504
0,0.0049944843478289406
0,0.0027632687650876483
0,0.025488903861615664
0,0.0020996259467678737
0,0.07548889624999082
0,0.07183823996789176
0,0.07540162417873456
0,0.029573659870516935
0,0.060295742628058854
0,0.07545238124203804
0,0.054659971868575644
0,0.003086794724974129
0,0.0053513304625343915
0,0.0004036831200648702
0,0.07466372830946648
0,0.07538209990891952
0,0.027701862414260574
0,0.07395090381963386
0,0.30680205818999795
0,0.07537653630923188
0,0.07543898227453376
0,0.1664802335290186
0,0.006875821411272969
0,0.8923515267996284
0,0.0036550791873244037
0,0.0032860358885791734
0,0.07545111667000749
0,0.012025402359671861
0,0.05804589525478761
0,0.07539123758301938
0,0.0019054688072017653
0,0.03633088586432574
0,0.07416853817713892
0,0.07364885459917672
0,0.07497005381768422
0,0.10013361897821502
0,0.040952748519637205
0,0.06716530662080855
0,0.7898564087419607
0,0.023724875683701255
0,0.005002871460112281
0,0.008343253301111563
0,0.0047906014806183275
0,0.00015326952642245872
0,0.07011251803732695
0,0.07253495235720057
0,0.005665096242166407
0,0.021093544440654425
0,0.07283216976705961
0,0.08092451449024927
0,0.010358884254228377
0,0.03277864966585349
0,0.07543467691242861
0,0.015232193541531073
0,0.003631266906930004
0,0.061970361991273495
0,0.0754606908883389
0,0.0743399581128284
0,0.020484184898726655
0,0.053321323346683096
0,0.07541910801410383
0,0.0060811156467771655
0,0.0713745517357644
0,0.07543851117744216
0,0.005508301404416426
0,0.07249756573105785
0,0.1272656050932481
0,0.07482342318456113
0,0.025999035379880842
0,0.0037088963351943663
0,0.07487621072942593
0,0.002843183224920245
0,0.6914735362567941
0,0.07538199153904554
0,0.07539699640319214
0,0.0034891363156221056
0,0.029026501459579353
0,0.07401998753025191
0,0.06617871208744748
0,0.028890794943277415
0,0.05499289009304438
0,0.014289824668764039
0,0.07312486001846988
0,0.07541796224547322
0,0.01001582208512422
0,0.06768934643802002
0,0.025187768644964397
0,0.0054685755826956095
0,0.025428666512788318
0,0.0010251146718864173
0,0.06520698112700678
0,0.002363167733341343
0,0.05068005165086736
0,0.04082296119938121
0,0.9152320598889624
0,0.007450361142523933
0,0.02881432775829962
0,0.03906292084652233
0,0.07542488622113935
0,0.905113828574247
0,0.018297346923667104
0,0.00012461027602227076
0,0.07541318586816875
0,0.006510230072229463
0,0.013841974531259205
0,0.06669239997899647
0,0.002664716351516767
0,0.03346933580092409
0,0.0428010833511882
0,0.0031950106976406005
0,0.07544228338698968
0,0.0028156677389833793
0,0.07441937026118026
0,0.35137949236353505
0,3.128373696570417e-06
0,0.039404932510888876
0,0.06886848090582212
0,0.013313582908458283
0,0.07305644239110724
0,0.00500657673049162
0,0.07510491842433559
0,0.07236598316580634
0,0.3487204215084384
0,0.5315401493738952
0,0.015263538404175991
0,0.86382654548813
0,0.004453328085581957
0,0.07547302425010098
0,0.0007418600260529065
0,0.0714396228760418
0,0.07367590594076949
0,0.07514018577180047
0,0.0003588007929142365
0,0.030442857631629145
0,0.015102465593299818
0,0.0664893288539044
0,0.0743706447654503
0,0.05478159525398982
0,0.007241040021544382
0,0.06136148184545582
0,0.010018367292271492
0,0.0066436713462887645
0,0.009469232790028866
0,0.08761903025659587
0,0.0739597048536887
0,0.020317749482475125
0,0.06542687569937525
0,0.0675503227225544
0,0.0003883224639704921
0,0.005288759942816854
0,0.0019384870801702366
0,0.18519739308633787
0,0.013936665395602668
0,0.00461600013654603
0,0.0013014403181185387
0,0.06380808099479612
0,0.07499732554907503
0,0.0028415960850965093
0,0.6977828523684605
0,0.007994333843638086
0,0.07538207686789794
0,0.0737007510137001
0,0.6878437019449627
0,0.07537310961693992
0,0.004224846864982949
0,0.02866475782609554
0,0.043763499336929156
0,0.06812281296425936
0,0.0751240667268511
0,0.0013640918284184244
0,0.010995250123303622
0,0.8307596672013564
0,0.07537417497000654
0,0.02056928895076708
0,0.03383143518399031
0,0.07673847791100334
0,0.0007397954146952567
0,0.07437648686228683
0,0.8063831737846178
0,0.0750214605042207
0,0.05031092779126592
0,0.0754579476386882
0,0.07497221925619649
0,0.002831243588205142
0,0.04617711474957194
0,0.022636142984778868
0,0.0008699909117015324
0,0.025617127071944377
0,0.028536791556770934
0,0.024816590094321724
0,0.015352407098263594
0,0.0006552618186611721
1,0.7005225102213268
1,0.9296846169248877
1,0.9310266773495413
1,0.9301029843071037
1,0.9224526146663
1,0.8365652000148931
1,0.6853455464511176
1,0.1004432038620682
1,0.9094844646574654
1,0.909520204594513
1,0.39116711380439767
1,0.9408356820501464
1,0.7005225102213268
1,0.08715437117952272
1,0.9279228113742146
1,0.6314081936317238
1,0.9290448853683901
1,0.07536842133141976
1,0.9210010016172678
1,0.06198780013809177
1,0.9133754475248177
1,0.07546846770505415
1,0.9096525064723342
1,0.9838137709982971
1,0.9141579891195648
1,0.9295636550839317
1,0.9098085601578473
1,0.1255294617332688
1,0.8251101808735268
1,0.9094022501477251
1,0.938698544807354
1,0.9386980120845837
1,0.9238641865990551
1,0.07672562705115472
1,0.9094073905158341
1,0.9238641761252994
1,0.08524690115910606
1,0.06214678859985998
1,0.9093392269899356
1,0.91286969370984
1,0.2876714013350939
1,0.9167515615005546
1,0.2357963833203294
1,0.46895428888260987
1,0.9191802236531217
1,0.9048471404439766
1,0.9156722748002428
1,0.9516166590759161
1,0.23579760196178073
1,0.9097034938093401
1,0.9095024762905888
1,0.9102544610294547
1,0.995959325363615
1,0.9096438836434936
1,0.9193798577321161
1,0.07570663246716111
1,0.09959678658777135
1,0.15151916611232658
1,0.9093962501420122
1,0.91325057261406
1,0.0987977093827031
1,0.9321269969165482
1,0.0755835442867275
1,0.8334602293181909
1,0.5051948065930553
1,0.9094939749730913
1,0.5148074140627553
1,0.9194627132948295
1,0.05009014457745275
1,0.9336549345719058
1,0.9387024472596048
1,0.988963237628003
1,0.23037424776612977
1,0.9958453929143436
1,0.9555986287756231
1,0.9386299912388826
1,0.9094196365306075
1,0.9094143783569084
1,0.9104143746467753
1,0.9886345880192327
1,0.07524633149791175
1,0.9347157069829474
1,0.07579013067778773
1,0.9480863084593111
1,0.8486333336582458
1,0.9113297628522752
1,0.07472663619154765
1,0.9683630686773537
1,0.9185660765670468
1,0.1242438736801358
1,0.9074570804544361
1,0.9149250238974111
1,0.7197045672156013
1,0.9093666181336983
1,0.4094271205713593
1,0.9380196838567255
1,0.07752548056915011
1,0.9094163391085078
1,0.9094509374376508
1,0.9095031881904782
1,0.9094357494979034
1,0.17221439602291977
1,0.9093862412649434
1,0.423367339516746
1,0.9507763656459145
1,0.9142574664672797
1,0.6415466459287683
1,0.8141274767604993
1,0.9173934216039191
1,0.23037424776612977
1,0.9526909525676601
1,0.9093660700456416
1,0.9157876841152051
1,0.1284602404304458
1,0.9690163147258682
1,0.909428539288096
1,0.9350017900089105
1,0.6303334905540489
1,0.9389138626328154
1,0.15788952962991146
1,0.9770043113060359
1,0.14571009745811528
1,0.9207297338871577
1,0.9310267114392284
1,0.9006001936706513
1,0.82202023197965
1,0.989041829024107
1,0.9076419784702502
1,0.9112744889371664
1,0.9094580400928785
1,0.9186220698037497
1,0.4428470607445698
1,0.9373802378582804
1,0.48857266294602364
1,0.9386764447577416
1,0.5119642749856648
1,0.9093859620178133
1,0.9305736105288789
1,0.07539588108571588
1,0.9094167303852194
1,0.9427880306462794
1,0.9377528339316299
1,0.9096639418177649
1,0.9156722699981292
1,0.9463163183174318
1,0.9094288435619482
1,0.9462330327428224
1,0.9182402013607278
1,0.9150326852173575
1,0.07546846770505415
1,0.9119693628567227
1,0.913011178044724
0,0.008394421048502331
0,0.023870264244395065
0,0.06638560579639627
0,0.0754187695873439
0,0.061664881994597756
0,0.013317852082889567
0,0.019821633899519166
0,0.07540637514183933
0,0.003294692448900208
0,0.006936964668329176
0,0.49044634906081847
0,0.07542252784362456
0,0.011996106491412048
0,0.14366804079892062
0,0.07538208867508511
0,0.07532542385475258
0,0.071774222479015
0,0.12768081414086987
0,0.07541522392691768
0,0.006866098215726611
0,0.13423459578854596
0,0.004667919444603524
0,0.004237769971445666
0,0.037283651476247834
0,0.007737499119165781
0,0.010417270113633772
0,0.9153566479879952
0,0.07544624995871693
0,0.02956983480599105
0,0.020871715701879175
0,0.025505589154892115
0,0.002585827842710632
0,0.015277255891593022
0,0.003861972000271896
0,0.00021743143263740878
0,0.016735774897792873
0,0.07543313305170178
0,0.008895297567603322
0,0.07500424779600373
0,0.03244656990151418
0,0.06381873812099392
0,0.0007110964532040909
0,0.07537639184018528
0,0.07536789594497792
0,0.061554531030916904
0,0.07543594526098328
0,0.06985733462040679
0,0.00963566437408145
0,0.02106960517398688
0,0.057065913980266565
0,0.00103527653459516
0,0.07517753750747953
0,0.01151613276500812
0,0.005202621125947719
0,0.04977028268929004
0,0.48486628210364524
0,0.03631406055310942
0,0.07474040401332176
0,0.0006096182640061211
0,0.07420016731868173
0,0.007354575780805716
0,0.005608736390113458
0,0.006037346058875998
0,0.8812384450645087
0,0.03141617844241388
0,0.06879627922603836
0,0.9080299529436576
0,0.5262442793772347
0,0.01064975498905508
0,0.05372245784159136
0,0.0010765169595872365
0,0.04048884188753014
0,0.07323185127236087
0,0.07545425268070989
0,0.0007910564517570379
0,0.045927996846483875
0,0.07471075727487009
0,0.0738662613817832
0,0.07345572596344377
0,0.001453069745028597
0,0.18943447815047176
0,0.10901034532254632
0,0.048230404011459276
0,0.01125828040743703
0,0.015813923489400628
0,0.07440502040292135
0,0.07540163482488287
0,0.009522487235322034
0,0.00035643542194600716
0,0.7954053743145123
0,0.06091503407869892
0,0.010105592527205469
0,0.0035031667385738968
0,0.062024708242223024
0,0.061708338989199786
0,0.06622805160810957
0,0.07019655826788063
0,0.07544538780305027
0,0.042480808947688
0,0.014034747929691635
0,0.0745574108951457
0,0.0016313200324968118
0,0.9691930496821548
0,0.0749429540696447
0,0.04679843940099403
0,0.0030717837961904268
0,0.06513741803885399
0,0.0026667453047046364
0,0.0589583095430321
0,0.07495436347106094
0,0.8085505175187074
0,0.018565581470692344
0,0.07398893147859384
0,0.07509684154264276
0,0.0022498786109431844
0,0.06369568647304721
0,0.017570149601026566
0,0.00299755070714078
0,0.01360468315405194
0,0.0045214022765798405
0,0.01800750999206284
0,0.0006121729457691798
0,7.85238717300174e-06
0,0.06149410806431199
0,0.0705064602794583
0,0.000681532901693951
0,0.015134872612352161
0,0.07545054488312608
0,0.005937336157613995
0,0.07543538115964
0,0.07541829002100152
0,0.07367434326027689
0,0.07548464697198776
0,1.64852629447812e-05
0,0.7946607784022892
0,0.9138574491559978
0,0.003910774556634283
0,0.07541971408440094
0,0.0008384211759107257
0,0.07541130168026286
0,0.0754102805874009
0,0.012225259928311022
0,0.03509006282243305
0,0.06736457948655096
0,0.06708287771172289
0,0.07366885250753566
0,0.026929473692422358
0,0.04461958912611342
0,0.01894589782203553
0,0.012479406043259056
0,0.07543267189133461
0,0.0752822990735737
0,0.0753510775523661
0,0.07531841477961204
0,0.0005679516816611785
0,0.09402301543310411
0,0.07201927485596481
0,0.07672556213673873
0,0.02705393082611515
0,0.00032083290159744574
0,0.05729459140039295
0,0.0023228924490977026
0,0.45070237032341026
0,0.0017633744977262943
0,0.040515883823268206
0,0.07444084520559853
0,0.0722835316620809
0,0.06497067587816065
0,0.035973862161180474
0,0.013273025710817543
0,0.005676149955059494
0,0.006776759173812229
0,0.317391743602412
0,0.07516149602609029
0,0.075427700683156
0,0.0753376785581967
0,0.06746436641955464
0,0.0044372279759648196
0,0.06729139375692875
0,0.07230647175476435
0,0.07541292657593955
0,0.00022994495306794948
0,0.027498603791372013
0,0.06989998032606592
0,0.006322658665220058
0,0.002772302337927382
0,0.0003368472443425507
0,0.07502888704827969
0,0.005400216020341866
0,0.06620289263550083
0,0.07147102713272159
0,0.0014244361648212134
0,0.07543990789856543
0,0.009908873704731704
0,0.05916528464931756
0,0.004522896929396136
0,0.000478938419234209
0,0.0754561290655066
0,0.0058082462437604515
0,0.007503576421900415
0,0.0917453336066553
0,0.07358723349210021
0,0.0007273708982466388
0,0.07531356503819202
0,0.07539890322020439
0,0.0028503782945867354
0,0.07340057100660764
0,0.07318712999802336
0,0.07542264211264128
0,0.010971103112454153
0,0.04542098869531707
0,0.005224751719352719
0,0.018410435736880976
0,0.3053134335084066
0,0.04157523202817245
0,0.0027632780220905873
0,0.02164056637032879
0,0.0020996259467678737
0,0.07183823996789176
0,0.07527455954576438
0,0.07543703756852611
0,0.005941165184301333
0,0.04738214468103639
0,0.019932346902230474
0,0.07528447675566485
0,0.07548986662878913
0,0.0017285397061240866
0,0.07547440757222665
0,0.00040368273721389306
0,0.07528073878807809
0,0.07538352584234886
0,0.002810726909717443
0,0.07498970234764006
0,0.07538209990891952
0,0.04248304027818093
0,0.0753958823182957
0,0.07532839004203377
0,0.01814358050009828
0,0.028532593119787817
0,0.06629715392006313
0,0.06788659347164869
0,0.07254156831709122
0,0.01852703481608852
0,0.15723681725647876
0,0.0036550791873244037
0,0.005771330785251644
0,0.0004815274689617369
0,0.07424932826686152
0,0.06266021037654346
0,0.07470987241578012
0,0.0008291161822932052
0,0.006072994722063788
0,0.04195178489923749
0,0.07033564092796529
0,0.05342941625060921
0,0.0001350098960867296
0,0.07410507384519024
0,0.07253493541807639
0,0.07538655397807593
0,0.07543296659468365
0,0.07462951711100975
0,0.05091596614564159
0,0.002957440116676491
0,0.075426708159723
0,0.0735492916431826
0,0.07532965718113199
0,0.030753846932004638
0,0.008195844265318991
0,0.0638343812251113
0,0.06816572121397937
0,0.0003683728662853161
0,0.07366524302350423
0,0.07142995662176807
0,0.00554000718004256
0,0.07521299232244749
0,0.0713745517357644
0,0.007158520655737829
0,0.07504569460304271
0,0.07538351488474368
0,0.4098420844379784
0,0.005011184224917808
0,0.027439925044124767
0,0.07546188225600531
0,0.026578211986879895
0,0.7300090058779248
0,0.07814495028076404
0,0.01933284082657983
0,0.06491870724774645
0,0.07539699640319214
0,0.07493632614006587
0,0.5
0,0.07538208041534811
0,0.07335766229750758
0,0.0751371377884556
0,0.008313239025870861
0,0.07545423285395338
0,0.07255407567140217
0,0.06284858184724917
0,0.07541206838552969
0,0.07906167578060845
0,0.014711207663520595
0,0.01001582208512422
0,0.07538208056282715
0,0.008292511279438843
0,0.7076004821034824
0,0.001725907845372845
0,0.008016794237171622
0,0.9050151135379462
0,0.005404542688647673
0,0.0014432255079131972
0,0.07538528490627565
0,0.07510503689918296
0,0.016915357161157867
0,0.000377116952997898
0,0.011172292632680025
0,0.9086037917107258
0,0.07481587387556306
0,0.021419971919147907
0,0.00012461027602227076
0,0.07541318583409036
0,0.006510230072229463
0,0.013841971799499819
0,0.011205016691217637
0,0.1443529740104825
0,0.00088099546534121
0,0.0028156648688589347
0,0.021587622408931858
0,0.0734458413174409
0,0.018390291341651998
0,0.07430224993652419
0,0.01925727316848553
0,0.07536719725414787
0,0.07545765043793956
0,0.007738488958119789
0,0.015722482395922943
0,0.05946736445850388
0,0.07236598126146965
0,0.006997104136761186
0,0.06611027098352214
0,0.8042917653713274
0,0.0062561691572289475
0,0.001862614096887906
0,0.015533822916641557
0,0.07538208501061418
0,0.0026665369130710694
0,0.0016941971106492917
0,0.010358458749935878
0,0.07540186610211443
0,0.004006036682398801
0,0.008949594858944115
0,0.9055617494027906
0,0.6493393259501476
0,0.07315272659987794
0,0.02294471935255923
0,0.09654270499895327
0,0.015102465593299818
0,0.010920581601809977
0,0.022732612736333806
0,0.0011841750412478543
0,0.17644421399606067
0,0.07530730559418529
0,0.005796222921343717
0,0.02685028380301893
0,0.07536080346964955
0,0.030976066606969794
0,0.009469217649266842
0,0.0007642942528439399
0,0.003152517071938098
0,0.05793387400976082
0,0.00824975270824071
0,0.003440102066606056
0,0.0675503227225544
0,0.006004193902529012
0,0.027421998996006707
0,0.002385345385392462
0,0.0058451217664614264
0,0.07542021957353001
0,0.002266808931929782
0,0.04349329716294891
0,0.02353128926679038
0,0.07444018124515783
0,0.07546202226792853
0,0.07537628375509461
0,0.07542478123308778
0,0.0754438192538394
0,0.002272188083798475
0,0.0028687499967432395
0,0.05453221102665492
0,0.06779814985748327
0,0.07367250924586341
0,0.07543484108925987
0,0.07500778027160089
0,0.07087409110035045
0,0.07543159849070241
0,0.07541717328207989
0,0.07535930265489024
0,0.07294751750959978
0,0.005494092732641599
0,0.018013756354872488
0,0.07541067107078218
0,0.03530362825873609
0,0.07539309982456104
0,0.058596922992862864
0,0.020569269237888578
0,0.051824784247049255
0,0.033831308726540735
0,0.0016768088963993912
0,0.07437648686228683
0,0.8063831737846178
0,0.07111386621299
0,0.0013432677281975643
0,0.024738631345803213
0,0.0750214605042207
0,0.03063805218289764
0,0.06661644032604916
0,0.05031092779126592
0,0.007191821193979322
0,0.0071922959700170975
0,0.00413031645966311
0,0.062254004650590146
0,0.429227831390019
0,0.009668154215490615
0,0.024603659918128493
0,0.07340058381937546
0,0.029993162995972326
0,0.0736339418963963
0,0.0004597431268737328
0,0.07322249454232801
0,0.07445102237635326
1,0.9192007969284501
1,0.9296846170138201
1,0.9310266704151278
1,0.9194935457027165
1,0.4094271205713593
1,0.9301029843071037
1,0.6853455464511176
1,0.914950803795059
1,0.958202976219459
1,0.07538851465640228
1,0.9148877890276402
1,0.5882684093931914
1,0.9408356820501464
1,0.912900305567819
1,0.937593156437849
1,0.6480405071684239
1,0.9739176007730571
1,0.6269730331287818
1,0.1281280259615209
1,0.9587325973978501
1,0.9144911079942204
1,0.07536854949672797
1,0.7185877097641045
1,0.06464220766019181
1,0.9099405602120049
1,0.9106666202823642
1,0.9094886335736729
1,0.9094022501477251
1,0.9784391973312138
1,0.1255297282941084
1,0.933839579029242
1,0.9093886117204503
1,0.9145292500775273
1,0.9094297638363557
1,0.9093880864319767
1,0.923908058166975
1,0.06214678859985998
1,0.9383497280592255
1,0.9094938633987575
1,0.7201849260348908
1,0.062146767074829135
1,0.9094235835173683
1,0.9128696889968565
1,0.2876714013350939
1,0.9106259304333494
1,0.9191802287949717
1,0.9095493010046545
1,0.8435112055639242
1,0.8258922239807887
1,0.9099457634144317
1,0.9582017525973426
1,0.9094974577783811
1,0.07737036935081354
1,0.761042733514889
1,0.9226699377467059
1,0.9283060180743858
1,0.931624303510161
1,0.9094038955681051
1,0.07570663188835045
1,0.8163877496709679
1,0.9971062143161459
1,0.9095124284080739
1,0.9141665218354168
1,0.9321269930363176
1,0.0755835442867275
1,0.9905448241018805
1,0.6541327594826885
1,0.08778462044259018
1,0.6986935168964824
1,0.9164420848931496
1,0.9268947045373955
1,0.2557167563093771
1,0.9347536134926875
1,0.9889632455436429
1,0.9125955309715829
1,0.9386300005557073
1,0.9081855656327958
1,0.9869713910356697
1,0.07529411051248729
1,0.9118148074072367
1,0.9254898077501206
1,0.3472753246237554
1,0.9246711113543701
1,0.9103340236774778
1,0.07543256034767941
1,0.9094245950356907
1,0.9073234838462791
1,0.9151772499520324
1,0.9094226368415815
1,0.8675891130956404
1,0.6921013829492757
1,0.7583355895063564
1,0.9238014638975434
1,0.9094992191444572
1,0.7946608446071589
1,0.9113297628522752
1,0.9093934432833445
1,0.9236524234985491
1,0.1259282689259214
1,0.9185660765670468
1,0.948065712752728
1,0.12331446320055851
1,0.4837505420834189
1,0.8724822269217046
1,0.9424476585074618
1,0.9095114510739717
1,0.38454141913352125
1,0.5339499525149046
1,0.07752548056915011
1,0.9095032131068537
1,0.5555555195444669
1,0.9081974331064377
1,0.9142574664672797
1,0.9356946949594693
1,0.05009014457745275
1,0.9099616819467833
1,0.914834698631565
1,0.09001144400301324
1,0.9129714461311652
1,0.9297648188506272
1,0.9961945206223345
1,0.9588914490667376
1,0.9308500576492914
1,0.989041829024107
1,0.9093501084950317
1,0.9231009104669742
1,0.9964262014596652
1,0.9106546198591768
1,0.9104738728453009
1,0.9216339691601808
1,0.9094098834084507
1,0.9375022738048134
1,0.9270717248271302
1,0.9136226819171338
1,0.8273187886729398
1,0.9094167303852194
1,0.2059432304832273
1,0.9289640497583123
1,0.9100770893215552
1,0.9116918867235347
1,0.9308174684262172
1,0.89764659379559
1,0.9093637723122918
1,0.9110586937959069
0,0.008030318461850237
0,0.0008089641511459189
0,0.0008031694373530658
0,0.07547883638727096
0,0.004434673884503545
0,0.01982163515388721
0,0.07542243828732552
0,0.8359711080705985
0,0.07539924717571933
0,0.49044652309412223
0,0.0008298044631383808
0,0.001812529565162688
0,0.07515960099138784
0,0.05202429089368889
0,0.007955295980907374
0,0.01378447448199424
0,0.01900244901397683
0,0.006866100799938415
0,0.906329032951335
0,3.577475960432194e-05
0,0.06452965291291927
0,0.004667919444603524
0,0.0579027186536155
0,0.004237769971445666
0,0.0011398163568748629
0,0.058564602465192954
0,0.07544189895351443
0,0.9153566479879952
0,0.02434301688303289
0,0.07533201919686397
0,0.022713235222167612
0,0.029414853057975514
0,0.025505589154892115
0,0.07544771134623197
0,0.015277255891593022
0,0.07537988281350844
0,0.002566444677292213
0,0.013020728431388944
0,0.03956780087892818
0,0.008895297567603322
0,0.07228940542243356
0,0.07542917874583498
0,0.07541698835644708
0,0.07497913099482266
0,0.06943345732506333
0,0.020127059443194713
0,0.06736787939481378
0,0.07538208826629794
0,0.006278900885259427
0,0.07519151847251229
0,0.07486950452056106
0,0.07537704140541228
0,0.06292442930499766
0,0.07289497861348151
0,0.03036845184289559
0,0.07517753750747953
0,0.01151613276500812
0,0.07403517636390392
0,0.00669014791581938
0,0.07547217140058518
0,0.07529921618304297
0,0.0006096182640061211
0,0.07373916662775086
0,0.07543745677992796
0,0.075471587550708
0,0.20535527671670908
0,0.0040866438844440085
0,0.8812384450645087
0,0.052192113609846894
0,0.054750789233068135
0,0.017673298183719936
0,0.012449428342160196
0,0.06663169138451014
0,0.0029174176680153204
0,0.00478895344210966
0,0.07352513972572151
0,0.07544734145097212
0,0.06693089486719694
0,0.005622249329074752
0,0.041269560770933064
0,0.03198257398682357
0,0.0741050726684352
0,0.0004911932845037064
0,0.07541000551699699
0,0.014685860985600074
0,0.042836991670206624
0,0.00025703519036527093
0,0.07545275385398578
0,0.022268088716178577
0,0.0007910564517570379
0,0.6749091698562224
0,0.017162115790207263
0,0.07541166656849423
0,0.07225941433562273
0,0.00032242139592174914
0,0.0039181913792339295
0,0.07354937081407455
0,0.10753891796855818
0,0.048230404011459276
0,0.006309930292044224
0,0.0751748333217747
0,0.002498620651562692
0,0.02240135772112815
0,0.0006280145716841653
0,0.007242009501544646
0,0.07540163482902067
0,0.05963569211316029
0,0.0010940916697813115
0,0.07538805282234583
0,0.615403657185513
0,0.0185935142561591
0,0.03469283380253954
0,0.1048658435095375
0,1.4341434649295014e-05
0,0.07536719723341319
0,0.004298266006792913
0,0.0618049549013446
0,0.02215229241027168
0,0.06424585612906177
0,3.666147403044382e-05
0,0.014249226029718034
0,0.030429926989359073
0,0.023675106443810105
0,0.04679849973007987
0,0.0064103005408688435
0,0.07532670941830823
0,0.05167293641886291
0,0.005640864573714267
0,0.05044262258743428
0,0.07539532666359554
0,0.07626153142481254
0,0.0750809450686941
0,0.017163261641119452
0,0.05095581704456046
0,0.0044483249591503295
0,0.07538197360920007
0,0.07540800436885142
0,0.00298617955300685
0,0.924692934741949
0,0.01778122867969013
0,0.07539185269295397
0,0.03850377792196342
0,0.07155651580425063
0,0.0753691354764409
0,0.029664579028557632
0,0.06701291309005926
0,0.010997903711333972
0,0.0004450811276548257
0,0.07537211289456223
0,0.07204257141378481
0,0.07541258640102078
0,0.0009081520038386472
0,0.027034320677927288
0,0.07512890258308669
0,0.006611528566817737
0,0.06834353981747256
0,0.017210554030174234
0,0.015134807044744958
0,0.005927564223927876
0,0.008129769380312813
0,0.009753551453093779
0,0.07548464697198776
0,0.0005365620778133432
0,0.06262761757145503
0,1.990882526803235e-05
0,0.027724366729490992
0,0.07536719219515783
0,0.9277534024489549
0,0.017376233399424533
0,0.011833421897783265
0,0.07542694384010848
0,0.06406125345505358
0,0.00032891839280797927
0,0.0004547960612560479
0,0.008071704855678217
0,0.075380560557314
0,0.060204795522336846
0,0.07543645834028553
0,0.0748850221750406
0,0.03508988397647004
0,0.007912533648594101
0,0.07545601092337037
0,0.01846987934246298
0,0.4544062410962969
0,0.061492046078682555
0,0.07539994865202451
0,0.018676688920913412
0,0.059425672415396015
0,0.05263311665197544
0,5.5455259255552725e-05
0,0.00032083349509595216
0,0.9069678318264441
0,0.07233276979956614
0,0.05729459140039295
0,0.00014074041381156144
0,0.30982486414285026
0,0.014054241283043016
0,0.0779461968633414
0,0.00765684811917954
0,0.0015169173406821598
0,0.001526724902536236
0,0.023921295576341407
0,0.05612393064493562
0,0.015731834359179814
0,0.317391743602412
0,0.07490817429449782
0,0.06717902872666287
0,0.06989998032606592
0,0.006322656634224442
0,0.0003368472443425507
0,0.07502883784838964
0,0.9094289654485627
0,0.005400216020341866
0,0.0034357079960945247
0,0.07473582631057872
0,0.0021385469718306015
0,0.05999082599561299
0,0.00560643213375012
0,0.07543260743467893
0,0.059939000019529017
0,0.07538212347301854
0,0.004015951563780482
0,0.075456102838956
0,0.06241115916684989
0,0.07420406181958851
0,0.00020559391394423101
0,0.006073893330787864
0,0.07537949776153581
0,0.04057176090981135
0,0.0019362119182605956
0,9.863919345625578e-06
0,0.07059466247184766
0,0.7071605639426504
0,0.0036746211748247687
0,0.0027632780220905873
0,0.07541979069944366
0,0.0013785681534602028
0,0.0020996259467678737
0,0.07183823983670223
0,0.0714283058867432
0,0.009011931999090428
0,0.06717481852841126
0,0.0008792739257334475
0,0.8033193325460967
0,0.007682373813727778
0,0.08955256911623785
0,0.6407543011211003
0,0.0016169567055126226
0,0.1703263547872712
0,0.07183303696706267
0,0.9153799087478864
0,0.05149838155629944
0,0.07466372830946648
0,0.036423558126445106
0,0.07395090381963386
0,0.8683231649646217
0,0.9152390049418784
0,0.012096691210247578
0,0.07540378972338517
0,0.0014868802911201728
0,0.02545726896894147
0,0.02522393103257639
0,0.1572364923924016
0,0.000516253378216712
0,0.1982001342767575
0,0.028268810715369307
0,0.0009631488650020503
0,0.0754518659550927
0,0.43061650926766054
0,0.0016244261033559295
0,0.07541250894675094
0,0.04095269754159759
0,0.06716530662080855
0,0.07538817804371567
0,0.005002871460112281
0,0.009052003168985514
0,0.07535460637843573
0,0.07011251803732695
0,0.07253495235720057
0,5.6030482404064696e-05
0,0.07533155145744669
0,0.005665096242166407
0,0.07542717981824043
0,0.0754631353146659
0,0.03277864966585349
0,0.07543594392243427
0,0.08236578077202543
0,0.03075382126944487
0,0.0743399581128284
0,0.033088494097171774
0,0.07280259343627389
0,0.07324231789560479
0,0.0001661443753073339
0,0.07366523756203781
0,0.7968756358553498
0,0.0025718422111654614
0,0.0060811156467771655
0,0.007158531057780464
0,0.01277006222809864
0,0.005508301404416426
0,0.06895672496095205
0,0.07538353091270864
0,0.005302445193209252
0,0.03446730481408777
0,0.007635380651903122
0,0.07207108923884042
0,0.011635108065007692
0,0.047958472810859964
0,0.004153019427873901
0,0.07493632714718085
0,0.06617871208744748
0,6.617876500031337e-05
0,0.07539549728859071
0,0.07547320928347634
0,0.00626463371524864
0,0.020381816913557452
0,0.04153316535376887
0,0.041799586690825376
0,0.050903560455379596
0,0.006835085366136787
0,0.07544474072104433
0,0.07479178378950956
0,0.3767830922196474
0,0.07538208056282715
0,0.0003954487691969465
0,0.010087079874006184
0,0.02461832201821172
0,0.05068005165086736
0,0.0015106494830217905
0,0.016915357161157867
0,0.07463136368206007
0,0.000377116952997898
0,0.06286942720309195
0,0.0025094713905310633
0,0.018297346923667104
0,0.023074092815129784
0,0.021419971919147907
0,0.07292096975436521
0,0.8509507629438862
0,0.03071305468190261
0,0.07446016702277859
0,0.35137949236353505
0,0.07538208237183075
0,0.06788656704244393
0,0.018699685031230387
0,0.051250904085236054
0,0.07067518197565746
0,0.07305642788639889
0,0.03572676768901724
0,0.07208729089228663
0,0.04676832710264074
0,0.07542294323142332
0,0.07539442009348464
0,0.07547697520227202
0,0.07541231755675591
0,0.0018626154414020967
0,0.8638266668212835
0,0.015533822916641557
0,0.0026665369130710694
0,1.607912206126667e-05
0,0.004006029685996538
0,0.9095123665404952
0,0.0011680880524903047
0,0.06529122806209452
0,0.00035880148697434107
0,0.03991574257029073
0,0.025152711783104173
0,0.06286652711719205
0,0.11572860373839564
0,0.006486976042879523
0,0.0005951289762574988
0,0.026850210421270213
0,0.05478159525398982
0,0.00658147169169086
0,0.022561167161185183
0,0.5
0,0.006292191931559685
0,0.0005323751765310297
0,0.003118689980530645
0,0.0675503227225544
0,0.0013238740780893855
0,0.0023853399421537003
0,0.005845123805540685
0,0.07536231506525048
0,0.07542021957353001
0,0.0073381220012414955
0,0.06677347412468955
0,0.05943243970455071
0,0.07532210310196566
0,0.0726013050736942
0,0.06314611440927866
0,0.0013014403181185387
0,0.005504651316678413
0,0.7028014779342249
0,9.591246991734042e-05
0,0.07542155169235563
0,0.07543484108925987
0,0.07195427695028146
0,0.0708740906257211
0,0.004224846864982949
0,0.032278487548864365
0,0.07543296687617503
0,0.06838273989305353
0,0.0748839711851862
0,0.02939892338098124
0,0.000767257128079784
0,0.058596922992862864
0,0.07535771610456325
0,0.07444449766471782
0,0.8307596672013564
0,0.02893095822363734
0,0.01178935569354389
0,0.0007688954783624126
0,0.009209145260445615
0,0.07494380013511205
0,0.0013432677281975643
0,0.06661644032604916
0,0.07540764149220032
0,0.007609651573213738
0,0.05031092779126592
0,0.07537327380558824
0,0.0048299993918252135
0,0.006075187362338649
0,0.03257593017027345
0,0.07502844743460654
0,0.0008699909117015324
0,0.06012844275315116
0,0.028014341515480795
0,0.07531841698401238
0,0.029993162995972326
0,0.07050123336468832
0,0.8116081165143418
1,0.9664877214501255
1,0.923908035468768
1,0.7038873412747476
1,0.8490857048656371
1,0.7258510185111449
1,0.07374119916210294
1,0.9123706678875525
1,0.9011735085394625
1,0.07538851465640228
1,0.9093690039065155
1,0.931828184814752
1,0.08285564290473223
1,0.9387996002908364
1,0.9144911079942204
1,0.07544445133707993
1,0.7185878022944808
1,0.18061555975889393
1,0.9093862412649434
1,0.9094334725957912
1,0.07546846770505415
1,0.08524690115910606
1,0.9297490136909449
1,0.9141579891195648
1,0.9201091049199818
1,0.9247943500523013
1,0.13493927185471488
1,0.9386980120845837
1,0.9142771219188951
1,0.9095029730522556
1,0.062146767074829135
1,0.9967013781844367
1,0.9513225418175113
1,0.9439942024785555
1,0.9383497287848314
1,0.6325863126796408
1,0.953270377902002
1,0.9093392269899356
1,0.9201404674763597
1,0.9780952237626992
1,0.9894866499825408
1,0.9287290847728773
1,0.9093882874848533
1,0.9291247413043995
1,0.9097034948864848
1,0.07754971459791923
1,0.995959325363615
1,0.35908476270999434
1,0.9959058672088876
1,0.9094143682998446
1,0.9138640805380933
1,0.911229684761637
1,0.15151916611232658
1,0.9310266704151278
1,0.6134530799965939
1,0.8305881465722105
1,0.9261912688414329
1,0.9905448241018805
1,0.9140490249037723
1,0.9158197199059217
1,0.9216228330160215
1,0.08947613076625108
1,0.6986935168964824
1,0.967916926191092
1,0.9164420848931496
1,0.9126878372406293
1,0.9094697045039413
1,0.05009014457745275
1,0.5691178052297171
1,0.12846084996204216
1,0.9161255842047172
1,0.9153117641438246
1,0.9347536134926875
1,0.9360161748409247
1,0.9301913797964255
1,0.9445689242688708
1,0.8101253078000178
1,0.9958453929143436
1,0.9093501084950317
1,0.911814773573334
1,0.9254898017523693
1,0.6797433533097371
1,0.27929843756123107
1,0.9886345839642859
1,0.9094115522941816
1,0.7573600168489314
1,0.9093716030036553
1,0.9201787836856831
1,0.6921013829492757
1,0.9094164112300855
1,0.909462580248799
1,0.7583356074131896
1,0.8486335177929113
1,0.7946608446071589
1,0.9062171923585937
1,0.9118817032485859
1,0.9236524234985491
1,0.06464220766019181
1,0.9466611788740844
1,0.9149250238974111
1,0.9252452283509761
1,0.8141274994133274
1,0.9134112907756666
1,0.9094358278285306
1,0.9093862412649434
1,0.42336855520709
1,0.9299385245515693
1,0.9142574664672797
1,0.9970496064243699
1,0.9876214398301912
1,0.9197066366529711
1,0.9316685902722672
1,0.9260161804578736
1,0.9234440917275872
1,0.9386207071306539
1,0.07620314419616923
1,0.9138242327430427
1,0.9287003879408593
1,0.09001144400301324
1,0.8638266049154807
1,0.9351769154731356
1,0.989498477176253
1,0.15271118544281928
1,0.953494563233687
1,0.9308500576492914
1,0.82202023197965
1,0.8246628568150867
1,0.6283281090787126
1,0.9613067239130235
1,0.9093500322326327
1,0.9186220698037497
1,0.25571630765513387
1,0.08129044771661992
1,0.9094098834084507
1,0.9055400322940824
1,0.9320919181530296
1,0.889614406638118
1,0.937501973222397
1,0.8273187886729398
1,0.9094209526256845
1,0.9386534083839949
1,0.9462330327428224
1,0.9182402013607278
1,0.9095031881904782
1,0.9094627690152216
1,0.9130111751005575
0,0.010552239145811586
0,0.01982163515388721
0,0.0753991036096351
0,0.0754063686364179
0,0.07436976119091018
0,0.8359711080705985
0,0.06905017729508205
0,0.011797705520113416
0,0.07543496461589376
0,0.001812529565162688
0,0.0486497285387044
0,0.07542258079730697
0,0.07538208867517959
0,0.001118186360230312
0,0.00492697798827549
0,0.06969963588012473
0,0.07225446138910847
0,0.020503435431489015
0,0.07521298899264167
0,0.07076032051640925
0,0.03850389599225901
0,3.577475960432194e-05
0,0.13423459578854596
0,0.004667919444603524
0,0.01813702312572603
0,0.05944286933078791
0,0.004237769971445666
0,0.06755035042314024
0,0.0033116854734354124
0,0.021501893875935495
0,0.07525146443651254
0,0.01041728565868717
0,0.0249703702063832
0,0.0060634889333329315
0,0.02956983480599105
0,0.0754042848926619
0,0.003861972000271896
0,0.0663999954684606
0,0.029242064129330083
0,0.05626874824694234
0,0.013063210157176703
0,0.07974430550311173
0,0.0736848758569328
0,0.07538210627612409
0,0.003426934758295064
0,0.07425223734667763
0,0.24736049679795494
0,0.07536789594497792
0,0.061554531030916904
0,0.06810872502141191
0,0.07368802214309444
0,0.06920433942262401
0,0.00963566437408145
0,0.08162585824926767
0,0.9315422888104212
0,0.01526985767869646
0,0.030295471041908852
0,0.04611472221231214
0,0.07528073813016212
0,0.07403517636390392
0,0.011173729098132724
0,0.07529921798696806
0,0.05838605043114296
0,0.07541167639773258
0,0.013329408216286802
0,0.0754735628931422
0,0.07543745677992796
0,0.0754716167428151
0,0.020074149593829176
0,0.26526300525522006
0,0.014291176084086489
0,0.005251268351203433
0,0.07547755002905483
0,0.06787432786297029
0,0.007096369352838254
0,0.05219221637384522
0,0.24459578089224865
0,0.9080299529436576
0,0.017734977399139065
0,0.0029174176680153204
0,0.04659223804591319
0,0.07538219854398642
0,0.012025385547115944
0,0.8680294522836083
0,0.041269560770933064
0,0.0005167953787228401
0,0.06720454658830498
0,0.8452597844866355
0,0.0017670345348793385
0,0.013762429958488746
0,0.07541166660212739
0,0.04539248478092825
0,0.02596999885160585
0,0.040582909829223454
0,0.18943447815047176
0,0.024087817656664342
0,0.0039181913792339295
0,0.10753891796855818
0,0.050642652216815916
0,0.021491904938473187
0,0.02240135772112815
0,0.0006280158186985872
0,0.00012694687765352192
0,0.0010940916697813115
0,0.0754016598213828
0,0.07539893731057212
0,0.027717769799078286
0,0.0975944428651637
0,0.7954053743145123
0,0.007745170272730984
0,0.003222682803171864
0,0.07538703794723743
0,0.0006294348842004031
0,0.002682802233414405
0,0.07536195705628455
0,0.07534809348347812
0,3.666147403044382e-05
0,0.01403472870622628
0,0.07546449017598522
0,0.02195887595964618
0,0.4261977474445903
0,0.0064103005408688435
0,0.07532670941830823
0,0.13361950148504148
0,0.07538991071519326
0,0.07539535882746382
0,0.07546306737157671
0,0.07543718700901517
0,0.017163261641119452
0,0.005909429974595043
0,0.0754694138349981
0,0.07541596607617355
0,0.03907678496181343
0,0.07398893147859384
0,0.07537856337745938
0,0.004760392998043206
0,0.044131957929361816
0,0.05350339813653984
0,0.01778122867969013
0,0.0690344525788932
0,0.03438462401503858
0,0.06701291210605013
0,0.0753460277242967
0,0.01322374235027698
0,0.014358486379155518
0,0.011373310403992627
0,0.0715434063827424
0,0.07544107086987312
0,0.0045214022765798405
0,0.01800750999206284
0,0.0006121729457691798
0,0.021679849406613078
0,0.07050073490271838
0,0.07543821991977631
0,0.012140279938525197
0,0.0025798419980822603
0,0.07512890258308669
0,0.05541413099230514
0,0.0172105799758752
0,0.0560634678893144
0,0.46782857741787287
0,0.008129769380312813
0,0.07541829002100152
0,0.07488925226729858
0,0.020747418347996933
0,0.022130294102142182
0,0.01652877433808548
0,0.0005365615997537969
0,0.0056491050691521915
0,0.002285775771240588
0,0.0368988631952401
0,0.07541312224901346
0,0.07541966793913875
0,0.008071704855678217
0,0.00894999568202602
0,0.07539553666329377
0,0.07462217252882448
0,0.049528545194641345
0,0.04547924879103749
0,0.0754505446962407
0,0.0748850221750406
0,0.06736457948655096
0,0.01079685511811539
0,0.007912508774530935
0,0.07412565442885216
0,0.030469925718240403
0,0.075389645631746
0,0.04703389908984108
0,0.04461958912611342
0,0.07488299124597923
0,0.40915224716943693
0,0.04631015872527517
0,0.021954778059181196
0,0.061492046078682555
0,0.07545024753587702
0,0.0241048285446702
0,0.007256393360590332
0,0.38079827828495677
0,0.0005679516816611785
0,0.00479572732289308
0,0.07548566501573258
0,2.9267007356436782e-05
0,0.0008093263021234437
0,0.030253746480394108
0,5.5455259255552725e-05
0,0.20084339658164405
0,0.07285767630268775
0,0.0754095453354084
0,0.0722835316620809
0,0.03712594723676019
0,0.06497067587816065
0,0.03597392447608033
0,0.007359292848807946
0,0.01176843265100514
0,0.0011842286546252328
0,0.056715845509329336
0,5.206188881733859e-05
0,0.0679832025616311
0,0.06717902872666287
0,0.00798747111089427
0,0.004246865780476678
0,0.9094289654485627
0,0.033866111235845694
0,0.060539979639567136
0,0.07147231298917593
0,0.0754578925467605
0,0.06818071728172746
0,0.07543260743467893
0,0.055877840359582626
0,0.07053960665829997
0,0.07528901092674525
0,0.07538352868667442
0,0.07246271774819919
0,0.0651795704339546
0,0.1579765379353011
0,0.018945891122466647
0,0.019166420795085064
0,0.0732016336854083
0,0.07059464740222614
0,0.0006121728574321951
0,0.3053134335084066
0,0.05952583757230247
0,0.03627929033860195
0,0.0036746211748247687
0,0.0013785718935690442
0,0.07548886084529476
0,0.07531173164763724
0,0.0008792725296707596
0,0.0003658815479805569
0,0.009809411979885036
0,0.000559784893076598
0,0.07538804824188684
0,0.00895728763826677
0,0.07534033694981788
0,0.000252739490794655
0,0.007682373813727778
0,0.08955256911623785
0,0.07528447521550916
0,0.07259634271554097
0,0.0053513304625343915
0,0.07195873008601537
0,0.07534643854232485
0,0.14460740708876513
0,0.06648931133833988
0,0.06978558097330671
0,0.07528073878807809
0,0.07126559783082563
0,0.03296454230981432
0,0.028162609976415145
0,0.07538209990891952
0,0.03642356360412406
0,0.0068758257384992135
0,0.014588603829907615
0,0.009278722682135464
0,0.0662970364170755
0,0.07254156750271507
0,0.02545726896894147
0,0.0032860358885791734
0,0.023702342034841416
0,0.002297767029400859
0,0.006910962503895586
0,0.0009631488650020503
0,0.0754131593468156
0,0.01058803182259813
0,0.14072157583653977
0,0.0037276902967783563
0,0.0009160632203378098
0,0.00214686006515358
0,0.07463136257648263
0,0.015100502536550927
0,0.06933326853862376
0,0.07546118988598922
0,0.0008291161822932052
0,0.07543800778898435
0,0.10013349622504618
0,0.0006034837226150701
0,0.07415178474926676
0,8.758020920241673e-05
0,0.040952748519637205
0,0.00038734728680092417
0,0.0754194150629575
0,0.058030327043876
0,0.001998165021401854
0,0.05342941625060921
0,0.02809832168106382
0,0.016343468955756394
0,0.07538656935666055
0,0.005242029637313429
0,0.0031834717254265736
0,0.0029574417243345007
0,0.07546313812118653
0,0.07354929532047355
0,0.0754672081428342
0,0.07297313455312032
0,0.06383435618522701
0,0.08389769572751593
0,0.020484184898726655
0,0.06816570691784024
0,0.014564765241699106
0,0.0001661443753073339
0,0.0753957862526749
0,0.01277006222809864
0,0.07249752875545576
0,0.0029969255906105545
0,0.1461319594486834
0,0.07537338844932727
0,0.07546188225600531
0,0.026578202249471217
0,0.002843182545591559
0,0.06617871208744748
0,0.07335766355314359
0,0.07513713865607022
0,0.00766994402836337
0,0.020381802099671616
0,0.0754476504537413
0,0.06284858184724917
0,0.05090357001367884
0,0.07541206838552969
0,0.07906167578060845
0,2.2683744330805063e-06
0,0.01001582208512422
0,0.07538208056282715
0,0.044439517877700084
0,0.07541145211837426
0,0.025428666512788318
0,0.00039761314906641877
0,0.0003954487691969465
0,0.005404542688647673
0,0.07168767236365317
0,0.022048405746840874
0,0.011172292632680025
0,0.01829735136104784
0,0.05255696848695416
0,0.008771442993332748
0,0.007548160698689174
0,0.1436755871151921
0,0.03346933580092409
0,0.011205010949520578
0,0.02390347310523888
0,0.028177621060858634
0,0.03443475658662411
0,0.0407563358345129
0,0.0740008780488438
0,0.07538208237183075
0,0.06886848090582212
0,0.003416696485045152
0,0.07540689199340181
0,0.00688361101602991
0,0.00500657673049162
0,0.07542296253202936
0,0.07536719725414787
0,0.07541220230582296
0,0.05946731042291248
0,0.0014668532580894716
0,0.06206236625346633
0,0.020918286614350384
0,0.027513480824019703
0,0.015533822629181538
0,0.0026665369130710694
0,0.07349911655824609
0,0.010358466036880355
0,0.07540186550814706
0,0.9047679664390226
0,0.07499732401786878
0,0.07309977982047264
0,0.009489039990273552
0,0.030442854957015594
0,0.07472956719197006
0,0.09654257463518592
0,0.00386914430231579
0,0.005796222921343717
0,0.047460483816629005
0,0.01532603429938236
0,0.9181960193899956
0,0.039637156660304956
0,0.00016873452885314877
0,0.009469217649266842
0,0.05803033762832734
0,0.0007642942528439399
0,0.003152515934658371
0,0.05793389373574655
0,0.0754472319073638
0,0.027641685320821764
0,0.10628715744881073
0,0.04472602209561021
0,0.0005373912914191627
0,0.00012900630036374538
0,0.0033827446069833234
0,0.07547025820993146
0,0.03044205709234273
0,0.07271929514112341
0,0.003118689980530645
0,0.5416901976627885
0,0.0019384870801702366
0,0.4598871808804092
0,0.007338116870901662
0,0.04492799306008261
0,0.0030879365641723164
0,0.008896769966082761
0,0.030828964014091683
0,0.07443612487620893
0,0.9087177429277269
0,0.05453221102665492
0,0.0036376154294732637
0,0.0004372809429984444
0,0.07543159878909081
0,0.07543296687617503
0,0.02866475782609554
0,0.0721390510055994
0,0.04614577078886061
0,0.0019406561140162873
0,0.07296838767513826
0,0.04691602995653773
0,0.07538208130846306
0,0.02056928895076708
0,0.0007688954783624126
0,0.07546849219501672
0,0.03336245579814716
0,0.0741997212019627
0,0.0754136766962711
0,0.07494383543841279
0,0.03063805218289764
0,0.07524726005688386
0,0.004130303232381368
0,0.04617711474957194
0,0.07541214994948045
0,0.06379064210266107
0,0.07531841557584217
0,0.007672613297664
0,0.020728276123143492
0,0.0736339418963963
0,0.056142526208184086
0,0.015352421065672533
0,0.07050123336468832
0,0.030536044861046368
0,0.07536719443726085
0,0.07445102237635326
1,0.9148434587585778
1,0.923920964083093
1,0.9310267634122342
1,0.9194935457027165
1,0.8365652000148931
1,0.6853455464511176
1,0.7258510185111449
1,0.9221384264615203
1,0.9094016605720177
1,0.9563879626366343
1,0.9190146265252808
1,0.8983317050249616
1,0.9130809421990757
1,0.08285565208884745
1,0.9319801319297661
1,0.08715437117952272
1,0.9739176007730571
1,0.19034249311051366
1,0.9383893993397576
1,0.9496305469184979
1,0.9095165201289013
1,0.9768513220218584
1,0.9109541611525858
1,0.9113399637115394
1,0.05178800545518426
1,0.9297490136909449
1,0.9190736870243537
1,0.5555555195444669
1,0.9234607642212781
1,0.9284638036346672
1,0.9202192018936378
1,0.9899362700751134
1,0.9117527398493308
1,0.9220369141778445
1,0.9180921277401938
1,0.07672558209718677
1,0.9428719226620722
1,0.659981077803714
1,0.08524691159055466
1,0.8825029816239436
1,0.9167515615005546
1,0.9094609427836031
1,0.9094508666981116
1,0.9456553792333158
1,0.989486648861982
1,0.9094974510543102
1,0.9184194880810808
1,0.9226699303117392
1,0.9176174972187583
1,0.7752032995678915
1,0.3590847561751188
1,0.9099566965746639
1,0.9193798577321161
1,0.9310266704151278
1,0.5051945929892842
1,0.6480411985387164
1,0.9158197199059217
1,0.9093880864319767
1,0.6986935168964824
1,0.9265156717515584
1,0.910431493072104
1,0.157889658491723
1,0.909457326786889
1,0.936962178489486
1,0.9236932963394945
1,0.9141959592057685
1,0.9387024472596048
1,0.9161255842047172
1,0.9112982935424134
1,0.06079358068071446
1,0.9958453929143436
1,0.9081856303345557
1,0.9694323131225463
1,0.9204356582728268
1,0.9164428631527923
1,0.9254898017523693
1,0.34727559274964415
1,0.9094680005618422
1,0.9094621995050411
1,0.9216386251474604
1,0.14571009745811528
1,0.9094226368415815
1,0.9094625841070416
1,0.9707423787692206
1,0.2171524911805899
1,0.7583356074131896
1,0.9133408207877504
1,0.9840588844419551
1,0.9095124902706259
1,0.07472661116621299
1,0.33013155248072806
1,0.9236524234985491
1,0.9093997949569124
1,0.9185660765670468
1,0.9074570885450806
1,0.9424476585074618
1,0.4227212321716096
1,0.9174488140907556
1,0.9128219215215467
1,0.9094283277291877
1,0.5051945929892842
1,0.9094163265316642
1,0.5555555195444669
1,0.8141274767604993
1,0.9318231961449184
1,0.9530912178120466
1,0.8735938273002071
1,0.9298490193583875
1,0.8877564530360991
1,0.9123569328584104
1,0.9173934262177156
1,0.9119884055763425
1,0.9316685902722672
1,0.9095000505533664
1,0.9916857828544856
1,0.0987977093827031
1,0.9094706504127289
1,0.9138242327430427
1,0.9094402212022713
1,0.9676486785781072
1,0.09001144400301324
1,0.9124890767213895
1,0.82202023197965
1,0.917891079884707
1,0.6283281090787126
1,0.9094615083356342
1,0.9174843470437123
1,0.824662947465424
1,0.48857266294602364
1,0.9216339691601808
1,0.9094098834084507
1,0.9241235871278458
1,0.9375022738048134
1,0.06198780013809177
1,0.9377528339316299
1,0.2059432304832273
1,0.9462330328131667
1,0.913608423597976
1,0.9344644854540056
1,0.9095031881904782
1,0.9097034922368635
0,0.02002818715117244
0,0.0021583253916131542
0,0.898800341850651
0,0.07341229581100485
0,0.061664883756146135
0,0.0753991036096351
0,0.010750961170919162
0,0.05950602780043642
0,0.0011842289601417969
0,0.028847716249282097
0,0.00557199782364383
0,0.5481327825267873
0,0.02170190448569594
0,0.0754187682317132
0,0.07537751132989318
0,0.0036065796023049468
0,0.00989995729128269
0,0.0021141915432308944
0,3.577484392724008e-05
0,0.07334433848856979
0,0.07278755845287409
0,0.06983664073101006
0,0.0754152918847776
0,0.0023498315338590925
0,0.07525146470383855
0,0.050336129334863484
0,0.04054709296305211
0,0.0368941258466219
0,0.07340486529081709
0,0.002585827900517713
0,0.003861972000271896
0,0.0663999954684606
0,0.002566444677292213
0,0.07543313305170178
0,0.05626871660800992
0,0.012263106959399386
0,0.00412131024076357
0,0.07541766726142396
0,0.07437041969659709
0,0.0754277015708143
0,0.07542917874583498
0,0.0753821062817345
0,0.0753763743603122
0,0.07463774711319156
0,0.06170726044247776
0,0.008091266606796575
0,0.1910961985392098
0,0.07540652570747308
0,0.009635686359595047
0,0.037163759088185935
0,0.005096597897354814
0,0.007918581552895569
0,0.0066901842566008535
0,0.004380153567697262
0,0.04760513332897664
0,0.07420016731868173
0,0.0006188012925580298
0,0.013350259920015558
0,0.06954477589716697
0,0.07547364304266489
0,0.0754716167428151
0,0.0010904614160876785
0,0.014291176084086489
0,0.005251268351203433
0,0.08052194202757063
0,0.00014107313726563158
0,7.430987066781678e-05
0,0.004759197092240777
0,0.012494250625757661
0,0.06663166816671869
0,0.0029174176680153204
0,0.0754204520302893
0,0.5262442793772347
0,0.01064975498905508
0,0.04878384435779772
0,0.05372245784159136
0,0.06131596360638563
0,0.031636266016390684
0,0.0007780530000442062
0,0.07410508086733188
0,0.03736792410635345
0,0.017118059838166028
0,0.07517745579210425
0,0.000717340673780405
0,0.005146734221895576
0,0.07345572596344377
0,0.07225941433562273
0,0.007174607388494074
0,0.0039181913792339295
0,0.07445748994102938
0,0.004873423447027212
0,0.07354937081407455
0,0.050642652216815916
0,0.11697216510672481
0,0.002428428886972252
0,0.14452020334753907
0,0.00012694668727737725
0,0.015646903771398983
0,0.07538805282234583
0,0.0975944428651637
0,0.0185935142561591
0,0.0004970837382020504
0,0.1048658435095375
0,0.0035031677422667964
0,0.0004429708047701003
0,0.07548670310549142
0,0.06662817256300105
0,0.005950374005360479
0,0.07536719723043889
0,0.07537622773997124
0,0.003042247618704685
0,0.002682793893956308
0,0.0042768698367106235
0,0.07538207903132019
0,0.007390395694753488
0,0.12024129016718911
0,0.05044262258743428
0,0.06513741803885399
0,0.018155334322192535
0,0.005239471646149914
0,0.016369209778780574
0,0.04302556991651819
0,0.03907678496181343
0,0.07234797201631085
0,0.07396545035939178
0,0.07546646552517688
0,0.07319188825025602
0,0.033693065039623514
0,0.00795617353167072
0,0.029664557261210336
0,0.06701291210605013
0,0.0007081042471621342
0,0.07345065357719392
0,0.0005897236582588872
0,0.07754975395385932
0,0.07541258634956814
0,0.05541413099230514
0,0.011403971328619873
0,0.048427424300008376
0,0.005927564223927876
0,0.017533613318912074
0,0.04161265334344536
0,0.0754844987500348
0,0.07503301161234491
0,0.027724366729490992
0,0.05888394838966288
0,0.07352463812243226
0,0.013453928681188044
0,0.008071704855678217
0,0.07462217240148374
0,0.0008829310121870724
0,0.04547925892134023
0,0.07545060182407608
0,0.07543645325761847
0,0.012225259928311022
0,0.0019276202943887173
0,0.37888732038158
0,0.037141416863894924
0,0.04461958912611342
0,0.40915224716943693
0,0.0519221094965688
0,0.07543267130882846
0,0.0005679516816611785
0,0.02375966278297841
0,0.02705393082611515
0,0.0025109328675848165
0,0.07525339578685436
0,0.0023228924490977026
0,0.05188367300741025
0,0.0017633744977262943
0,0.06694133727121916
0,0.07794621414682092
0,0.07544928622037911
0,0.0689863835567311
0,0.07352910654692323
0,0.0006300450406963775
0,0.007359292848807946
0,0.013273025710817543
0,0.023921295576341407
0,0.05612393064493562
0,0.07540592306372733
0,0.0004557082269691981
0,0.056715845509329336
0,0.06746436641955464
0,0.0753935153269927
0,0.07536460435182879
0,0.06729139375692875
0,0.010125777815581584
0,0.0679832025616311
0,0.008305487181592028
0,0.027498650748491848
0,0.004874883417375666
0,0.024087817372236156
0,0.060539979639567136
0,0.07147231298917593
0,0.002603675127147554
0,0.06747178489958477
0,0.0014244361648212134
0,0.023007121769932543
0,0.0021385474726942906
0,0.002570579090352194
0,0.07541842574172174
0,0.003558674883028437
0,0.07335616380963222
0,0.0009086057908562626
0,0.007503576421900415
0,0.07541940968172003
0,0.03156293744220784
0,0.07534602631551873
0,0.020563721552368852
0,0.006491207195126175
0,0.007411941167879347
0,0.07257573817548346
0,0.04057176090981135
0,0.02082001624038774
0,0.0330378966790853
0,0.010971103112454153
0,0.07542411868385582
0,0.07255614384450958
0,0.014983342759089205
0,0.05947447935928839
0,0.005186879821448514
0,0.0012560448478908268
0,0.045831762852426676
0,0.005966454281893782
0,0.06699945184338936
0,0.0714283058867432
0,0.06130179955427982
0,0.0008792725296707596
0,0.07540162427884071
0,0.014648222222015023
0,0.07439944906393908
0,0.003451093705371659
0,0.1703263547872712
0,0.41238633622202603
0,0.0020361446115922436
0,0.07183303325775378
0,0.07541165426517833
0,0.038268652715664764
0,0.14460740708876513
0,0.003854559481205258
0,0.028162605729942693
0,0.04440122600767857
0,0.3068022604149675
0,0.07543898227453376
0,0.018143581788774885
0,0.0745287767865844
0,0.1664802335290186
0,0.9152390049418784
0,0.012096691210247578
0,0.07540393341903091
0,0.07254156750271507
0,0.015321979976659624
0,0.0652814748774095
0,0.0036550791873244037
0,0.0032860358885791734
0,0.07269990379116024
0,0.07424933520463581
0,0.05804589525478761
0,0.07536857683550224
0,0.07463136393842686
0,0.07416853817713892
0,0.010921476565290873
0,0.07514018743268921
0,0.4584690999130518
0,0.07540162647669041
0,0.07535854155855441
0,0.07415178474926676
0,0.06648471419373944
0,0.06254767185512929
0,0.9094494619748618
0,0.031098220293388632
0,0.02372475323786295
0,0.005002871460112281
0,0.00479059849954806
0,0.0019981665125623255
0,0.07540229489503
0,0.016343485428537093
0,0.0754128958341789
0,0.005242024403822831
0,0.05098966174039919
0,0.026587444441790422
0,0.08236578077202543
0,0.05153305267877617
0,0.003631266906930004
0,0.0743399581128284
0,0.6415470169569047
0,0.06816572121397937
0,0.0598721311047944
0,0.07540165980727596
0,0.07055605569566088
0,0.009274868208064922
0,0.1272656050932481
0,0.031400903557672895
0,0.06895672642266581
0,0.05993901955097634
0,0.14613223156290286
0,0.03916971619053909
0,0.07482341739522162
0,0.025999037355355813
0,0.07814495028076404
0,0.019332824973859405
0,0.0754842836160528
0,0.07205476795553092
0,0.005037702807771466
0,0.00566613892074357
0,0.05499289009304438
0,0.041799586690825376
0,0.006835085366136787
0,0.07541206838552969
0,0.07545186933147367
0,0.07528015695047471
0,0.07142632301158346
0,0.09834286752438269
0,0.01612467970039295
0,0.0044514860258346636
0,0.021348738051690845
0,0.25103238135472206
0,0.02518775894103185
0,0.008292511279438843
0,0.0147315739198625
0,0.0728046305709416
0,0.025428666512788318
0,0.0014504471820434594
0,0.0003954487691969465
0,0.07538528249344013
0,0.06886026965370814
0,0.02626210997345801
0,0.04870905967348461
0,0.07419866948659525
0,0.9152320598889624
0,0.0015106494830217905
0,0.06154200564795674
0,0.01829735136104784
0,0.0749807844356745
0,0.006391358442188632
0,0.021419971919147907
0,0.07521365876727923
0,0.0037618729783264115
0,0.013841971799499819
0,0.07544103843564061
0,0.027785736973685297
0,0.003416696485045152
0,0.07543296659471686
0,0.019760645912576254
0,0.0423883647941114
0,0.018390291341651998
0,0.014340077703702991
0,0.05946731042291248
0,0.0004160058795587995
0,0.0005031227373141782
0,0.06611027086081264
0,0.5315400755798293
0,0.015263538404175991
0,0.0026665369130710694
0,0.07932173894788816
0,0.007711350447124703
0,0.07545771644120129
0,0.07499732401786878
0,0.0034354455864308684
0,0.07542812424832933
0,0.07363367852835177
0,0.10761784283149534
0,0.021014452609962132
0,0.05478159525398982
0,0.030976083223204894
0,0.022561167161185183
0,0.02587925316065563
0,0.08761901188492617
0,0.006292191931559685
0,0.0003502559866596362
0,0.023123209938044953
0,0.07510410756407801
0,0.07398580046985608
0,0.0675503227225544
0,0.031005862212860495
0,0.006004193902529012
0,0.0006121730546110827
0,0.0058451217664614264
0,0.07536231586598956
0,0.07354961826543303
0,0.006495622466856588
0,0.02512723718464561
0,0.18519731957254307
0,0.06677346936394044
0,0.07533426899185765
0,0.06314611440927866
0,0.06756057054902079
0,0.0754438192538394
0,0.00678537609316944
0,0.07538852393763183
0,0.7028017697719917
0,0.07542152591589232
0,0.07499732554907503
0,0.07543484108925987
0,0.07500778027160089
0,0.07535944688982628
0,0.00023759817282810244
0,0.07535771610456325
0,0.028930955233937083
0,0.07546849219501672
0,0.0007397954146952567
0,0.07437648686228683
0,0.07090282890298949
0,0.0047103558411556
0,0.009209145260445615
0,0.07545422345223474
0,0.006856393399544303
0,0.001343267448075191
0,0.07546628428052381
0,0.07524726005688386
0,0.007609651573213738
0,0.07195872699422903
0,0.0751962444899456
0,0.06476374736021707
0,0.004830001921412191
0,0.0071922959700170975
0,0.00413031645966311
0,0.005365653511391395
0,0.04617711474957194
0,0.07541214994948045
0,0.06379066796593658
0,0.000869990950289337
0,0.007814434902708467
0,0.025617127071944377
0,0.028014341515480795
0,0.020728276123143492
0,0.021837587350191427
0,0.07541926122745869
0,0.015352407098263594
0,0.07541309391428243
1,0.9093090369414454
1,0.958741139215781
1,0.4107986212167426
1,0.9099703174657945
1,0.5344197631841856
1,0.9089977161028727
1,0.6505780606147568
1,0.9123893757146847
1,0.059810198363616035
1,0.9046973703174831
1,0.07808817280788843
1,0.9217137756506886
1,0.07669611412015988
1,0.2894247846486612
1,0.9109579845064041
1,0.9365823024431883
1,0.9204729622346209
1,0.9609490459583339
1,0.7285982991764907
1,0.9081755805644005
1,0.7932668780564243
1,0.9267793514814294
1,0.906250363235742
1,0.9574636295083393
1,0.9043651167597216
1,0.185062960067494
1,0.9079166509579103
1,0.9042899680255083
1,0.904326283481624
1,0.9115787470798509
1,0.9203515088728186
1,0.07648485870926836
1,0.9192486900098227
1,0.919738213036531
1,0.9128300353903643
1,0.9037734547732592
1,0.930119428101757
1,0.9569098416477237
1,0.9179902453242295
1,0.7723412206654579
1,0.3214192258295362
1,0.9057595390789975
1,0.9292871149597608
1,0.9292026056616272
1,0.9043663416531771
1,0.13373497938840115
1,0.06384224354215495
1,0.904802725708374
1,0.9113009402277358
1,0.9915191707870373
1,0.9044335299051487
1,0.9092316849329294
1,0.35495424536375153
1,0.817738681912383
1,0.9178720900209033
1,0.9271281394846193
1,0.906082430490905
1,0.9087673694649366
1,0.9042869721186715
1,0.9738656188040069
1,0.7914147128945953
1,0.9275824128302175
1,0.08397453039495309
1,0.631615582009645
1,0.9230380341294291
1,0.7402342414091609
1,0.1793887947201698
1,0.9078933294125525
1,0.023937497907787667
1,0.9257889354256249
1,0.7023256208592913
1,0.9021895639461799
1,0.9109318963338231
1,0.9178163544315212
1,0.9208609968443066
1,0.907299647518127
1,0.9218198234136495
1,0.9110705255461605
1,0.9078429454855405
1,0.7470824770373479
1,0.9203726278940967
1,0.9161117908752188
1,0.9220258927743685
1,0.9043203018022739
1,0.4808293043719548
1,0.9123029743974298
1,0.9072868718297109
1,0.9259904320391157
1,0.9043238641261296
1,0.9154011224451829
1,0.9090164989602503
1,0.9117736602464127
1,0.9159507250339202
1,0.0329214688262178
1,0.9065369162262276
1,0.1106020295292488
1,0.9110409481393305
1,0.06384224354215495
1,0.9132034293463872
1,0.904438721559105
1,0.0730934455842217
1,0.12110721741170712
1,0.9043561545779686
1,0.24057747209068656
1,0.29668986760331095
1,0.9331673701954046
1,0.7581642934215796
1,0.9249012889040178
1,0.9331282666451436
1,0.9057945642210707
1,0.8968403008709437
1,0.7748075268146235
1,0.9302572396252259
1,0.9185997326954076
1,0.14135961588203474
1,0.9928144842028034
1,0.9569098642762078
1,0.635539408946683
1,0.9137850055445429
1,0.9149675367119556
1,0.9242506708723428
1,0.94658931813717
1,0.9060213587201648
1,0.920874645415531
1,0.07485966431288178
1,0.9542137712980411
1,0.786965575638124
1,0.9179655439725437
1,0.909946927467508
1,0.9043980502763972
1,0.9134304225421189
1,0.9087014129395735
1,0.5402191495444356
1,0.9202923964341543
1,0.9250129624610236
1,0.9349858555175754
1,0.5278465542525392
1,0.15801602919270638
1,0.9043761945156564
1,0.9043093632819086
1,0.9269989963867322
1,0.9485614593051124
1,0.31452771105140925
1,0.9170750215513241
0,0.07659654417043475
0,0.0073599415881130045
0,0.9092560620827694
0,0.07705087385646063
0,0.00422407888282917
0,0.07671411730989615
0,0.07467872478333316
0,0.07669265903019375
0,0.013939821978622303
0,7.593932283257066e-07
0,6.953852859157484e-06
0,0.07660328279283664
0,0.07665618148428072
0,0.1230893574110456
0,0.07124604367909085
0,0.05093410224663769
0,0.00043763080415444886
0,0.07466896793607214
0,0.0006224090730221583
0,0.07338439668904098
0,0.0025183805257601713
0,0.9168683336754314
0,5.8440646207915374e-05
0,0.05949755924843867
0,0.018939993198356715
0,0.07265470719046618
0,0.004527420037767644
0,0.001340338012533457
0,0.049552461657172385
0,0.06720450823644401
0,0.07480469501355207
0,0.06533656878396649
0,0.07668846112875999
0,0.0027308569112520662
0,1.874129411614946e-05
0,0.07672314181335467
0,0.006994596291937437
0,0.001301264073742934
0,0.05845697952493774
0,0.0001235253862232946
0,0.07673144586772233
0,0.059744050887394214
0,0.0011945474537693008
0,0.006859936340517494
0,0.07462903526928888
0,0.0011224617935822125
0,0.010744068383321202
0,0.013378725561244269
0,0.025328297190872172
0,0.0015400334097832647
0,0.07608241319317106
0,0.5
0,0.07669885628032695
0,0.07778321486083561
0,0.0700652844439318
0,0.004234919048936692
0,0.8987265778339976
0,0.00855883927679266
0,0.07641194683643886
0,0.019187607380314713
0,0.05892848573889048
0,0.07672927919839548
0,0.07671796683550698
0,0.2460286795070491
0,0.03598493228471838
0,0.0014985186265523184
0,0.0013090097357470335
0,0.07661365345258148
0,0.00020319731899083102
0,0.04526863691936703
0,0.0006647619612021519
0,0.31498266238643735
0,0.0002705424063577554
0,0.040868133179325174
0,0.07667015031696182
0,0.03644126579609224
0,0.04485817328287315
0,0.04995293071932734
0,0.07239151962052566
0,0.003257135083989926
0,0.07658884385487737
0,0.0014646616176176434
0,0.06635114285120014
0,0.0066425436363357565
0,0.01423145179411324
0,0.06989460961878069
0,0.09437700784443262
0,0.0007215931015616899
0,0.025628638303228857
0,0.0766754866167938
0,0.004170183587049334
0,0.07659355061444956
0,0.07660309093071728
0,0.0012344587865333874
0,0.006743441394705343
0,0.0029556483719580555
0,0.026620133429043222
0,0.005276188469023985
0,0.03376303014926782
0,0.0031814612081877565
0,0.0667319377288645
0,0.003633461250730524
0,0.20708830792433822
0,2.1440326651885968e-05
0,0.0421959254633314
0,0.03074814434091024
0,0.037567273313887754
0,0.07669745438568329
0,0.09070853801427926
0,0.003825030042766571
0,0.07670078425748005
0,0.0766685979255584
0,0.006412451905369549
0,0.0660595267973188
0,0.00420099224518978
0,0.0005198904674068367
0,0.07672060405334592
0,0.0004883860945296256
0,0.0012990692201046937
0,0.07379155479525477
0,0.06041391528704545
0,0.06317710435228185
0,0.07682643380695488
0,0.0008168344323226325
0,0.7868203156869971
0,0.00676280096900563
0,0.013699779797063912
0,0.36932194725191086
0,0.6246010187967899
0,0.060980055039147815
0,0.004313800115333161
0,0.04145401427323785
0,0.2129961798653826
0,0.1493156893354998
0,0.0001437226645756349
0,0.057078098122415266
0,0.0005761878076941887
0,0.0019281509439165788
0,0.07064063361283904
0,0.014682904864499172
0,0.06700970717701037
0,0.000452957046960014
0,0.04311036021144543
0,0.0028235463517372224
0,0.07359418029054379
0,0.001809701833798897
0,0.07666371671612361
0,0.022666198483680376
0,0.07662331901920445
0,0.0216682885498725
0,0.07393306206815371
0,0.006755508511203553
0,0.08248283528461939
0,0.07662613978452984
0,0.07501235250211148
0,0.0744804488071675
0,0.07301948778567463
0,0.07660639854279312
0,0.07619183444955575
0,0.024048130353485696
0,0.0005439606653652864
0,0.019188989692085538
0,0.07409256553386093
0,0.0016677336666581475
0,0.0526278284153504
0,0.0003156793699762239
0,0.8635742599891588
0,4.3525973242360964e-05
0,0.07600346870801691
0,0.028054568503269955
0,0.004787079595914864
0,7.190040859947715e-06
0,0.0044378002737994904
0,0.07360101354363564
0,0.0013482844597329392
0,0.06658011534255519
0,0.3119756188191695
0,0.0012175738661757394
0,0.2033912575387093
0,1.4633340750827915e-05
0,0.0758470544424613
0,0.009824211017402353
0,0.046296836541703905
0,0.07328536573585015
0,0.0002301117323252918
0,0.07672026211058962
0,0.006884632767674024
0,0.05671598532770138
0,0.07137011470726339
0,0.9019985557641423
0,0.0077362037738986185
0,0.017003742128055402
0,0.003916639625064881
0,0.0007196790899245473
0,0.009173974897043526
0,0.02564923889362559
0,0.9074116650561297
0,2.544478862323664e-05
0,0.07668462805715195
0,0.5335702355396366
0,0.019095081920352943
0,0.07668177650495069
0,0.004361111022013749
0,6.893396462654564e-07
0,0.03685660296448581
0,0.036148538015190995
0,0.06707808448516221
0,0.02611033248512826
0,0.007284628891185222
0,0.0028464035721039137
0,0.06724154713273166
0,3.603445357118179e-05
0,0.041726314290003376
0,0.00859012999772821
0,0.07167124943020568
0,0.0766638511666941
0,0.00630472722453413
0,0.07038527635879044
0,0.002199565277766271
0,0.014825628719115866
0,0.0512934189948774
0,0.0035222111968673795
0,0.06065352817157052
0,6.119208488013753e-05
0,1.9540153358695466e-05
0,0.14134470844796004
0,0.0695794310480702
0,0.043448059144693206
0,0.01146798162256622
0,0.07060938512183229
0,4.3295937164057164e-05
0,0.07664336297006484
0,5.5220644711973806e-05
0,0.055885718334030186
0,0.0057719754065386495
0,0.014230164169992546
0,0.00035724196390911914
0,0.07662902716547959
0,0.00024710130717389055
0,0.0004272311919208681
0,0.005215044262326021
0,0.07464208768641137
0,0.07669101076935557
0,0.07494090225009124
0,0.0011950001165883628
0,0.0003663784435868152
0,0.0003902983027819387
0,0.000775636437010906
0,0.0767412825506677
0,0.6834456643553479
0,0.022853224340721075
0,0.0056730666136086344
0,0.06700476625889214
0,0.0010963727651315217
0,0.07645641730459457
0,0.04296673405081844
0,0.0010298861258117048
0,0.06097480905283245
0,0.018133030856690102
0,0.07539597571088134
0,8.807301782443543e-05
0,0.0766534222405699
0,0.00119454699824227
0,0.013783283305149078
0,0.011937828929707678
0,0.07665281980023957
0,0.052443725705160905
0,0.002262611166374378
0,0.01711764858690754
0,0.07669448781465407
0,0.0245724345030499
0,0.0454530496240486
0,0.0002501641399837688
0,0.014024210104632449
0,0.003399962602329963
0,0.005276197800202068
0,0.00025229908630387517
0,0.012451924510955375
0,0.05114305751823314
0,0.06594593709455926
0,0.024920643404298053
0,0.07415265075951732
0,0.060255513542011474
0,0.07645246451263366
0,0.028165419053228422
0,0.002272391919102719
0,0.07629284720326068
0,0.06569799423643258
0,0.00032990888401177173
0,0.0007435840562506219
0,0.39661965937405835
0,0.0029621094305010707
0,0.023127561574272287
0,0.014003734410899308
0,0.07583560894662464
0,0.016777334887071414
0,0.15236422228040622
0,0.059858291844168306
0,2.218069384683253e-05
0,0.07921561415964225
0,0.022265806184245614
0,0.0766713295152429
0,0.0010334057731579388
0,0.0766287746935777
0,0.07249658949479158
0,0.0009687720584273109
0,0.00038564884402218113
0,0.06186867048719097
0,0.0022917964477769514
0,0.07257851457565986
0,0.9030957117747677
0,0.07587321531934985
0,1.6564981849481207e-05
0,6.152081044430924e-05
0,0.5958605753706538
0,0.07498952522164183
0,0.07661130649331802
0,0.0002585136655744725
0,0.05770734563625485
0,0.048210299584368885
0,0.05622264335795072
0,0.0018879327240207302
0,0.03779824109489726
0,0.0011243630906925522
0,0.0023641185333337753
0,0.06037639454104221
0,0.07535902075687469
0,0.001385297538186877
0,0.0030478209329607145
0,0.16396447857960125
0,0.00038038432247102676
0,0.0003994617840822985
0,0.005659139323563053
0,0.07620276315013982
0,0.07435819536422757
0,0.07387206832414685
0,0.07661166202233399
0,0.07504381018928034
0,0.00039773740494629005
0,0.00021318729943839337
0,0.04115625408190325
0,0.06078972660846042
0,0.07662418425355454
0,0.09111174715949226
0,0.024915358754335898
0,0.0767060577968636
0,0.038898954896256034
0,0.010158881904192342
0,0.010475114057869278
0,0.07661787505326992
0,0.2678102244985554
0,0.07634250322816218
0,0.014119318063044936
0,0.0765931927296183
0,0.046990653208531415
0,0.07634451009674659
0,0.002218713469201706
0,0.019041842821679603
0,0.07260708599596315
0,0.010218130292774753
0,0.0766860644010471
0,0.07673013971711498
0,0.07667896294755966
0,0.08509092103304422
0,0.07659848978691147
0,0.003628761836968038
0,0.00781837978779574
0,0.07664388783827274
0,0.001247191846413766
0,0.0019247378363320715
0,0.007097556646337412
0,0.07665523009072635
0,0.022103130881608996
0,0.032577002426910605
0,0.007707958567309991
0,0.0010961994513752952
0,0.024722324834105164
0,0.007976686946752532
0,0.0012876354299581382
0,0.039241818820828826
0,3.868969989828035e-06
0,0.009429302866539199
0,0.00022741584421579633
0,0.03491432956101379
0,0.06557807277424642
0,0.11038648049244264
0,0.046697089365392574
0,0.006774912697369885
0,0.01390760238649621
0,0.06613980914523473
0,0.3904997254288105
0,0.0028066678971198473
0,0.2430752990245745
0,0.07330510548409325
0,0.0003692273792590019
0,0.012700439129160466
0,0.0034587185254293497
0,0.013391710356400317
0,0.004500546196093753
0,0.07584721238736576
0,1.044807551462289e-05
0,0.013270270532338303
0,0.07658703397294829
0,0.0767202617764512
0,0.06922479509819533
0,0.03951398088335503
0,0.030366143696253768
0,0.005199428286503502
0,0.27773304020057404
0,0.05541738970184576
0,0.0005689124750469755
0,0.06964747841901886
0,0.01819785136811652
0,0.0030936483888611877
0,0.04332099380848764
0,0.005297315432456845
0,0.07603930106772205
0,0.07399785600286382
0,0.00015253092551135747
0,0.07533410393629898
0,0.0014241508243525327
0,0.07648958196950777
0,0.07671819432116811
0,0.07667884748811941
0,0.028250284793735616
0,5.297656754328862e-05
0,0.013322592578800451
0,0.07467777446482747
0,0.07658644581218692
0,0.0036174171685205156
0,0.03404848071615552
0,0.07659106882204499
0,0.008025894068699052
0,0.07651037549148106
0,0.12383842424423691
0,0.022371282883899283
0,0.15340275205478468
0,0.0251680837114879
0,0.03189852148892344
0,0.0015911485717782757
0,0.5199713095834374
0,0.023648188024023513
0,0.0006174213815796607
0,0.019778018516722402
0,0.10397813618620279
0,0.0013208608572447835
0,0.0007663728315428623
0,0.9117555869459326
0,0.02838419230126414
0,0.0766438806024106
1,0.912199146207106
1,0.9092896508281654
1,0.9044257968888322
1,0.922688130046156
1,0.9044311875917904
1,0.9318495045935283
1,0.9042798240222576
1,0.9042568922816134
1,0.9173618633921239
1,0.9222210030580295
1,0.9046973686205122
1,0.9043318223681417
1,0.9042987857565749
1,0.9229869061131087
1,0.9043111207147351
1,0.905549309939814
1,0.9295848358360703
1,0.906250363235742
1,0.8372967883556097
1,0.976997238774221
1,0.9162366757863627
1,0.90434231889986
1,0.9209505553029675
1,0.15801602919270638
1,0.9267343606300386
1,0.9165615054104931
1,0.9569099012660581
1,0.645431879290528
1,0.0883267304167372
1,0.9132034015956306
1,0.12315129740085956
1,0.9157061953040454
1,0.9584786655194751
1,0.9117427206490539
1,0.45817735184319763
1,0.9292871060150949
1,0.13227053421168875
1,0.9274629209654845
1,0.9047334053945622
1,0.9135093027541715
1,0.8177388046602104
1,0.9123893757146847
1,0.904802731922786
1,0.9049031259309398
1,0.4858179855700554
1,0.9196527548085475
1,0.6794844955692975
1,0.9220335875383413
1,0.09174488373968515
1,0.906082430490905
1,0.9129892038874567
1,0.9060310551115265
1,0.5874574127970901
1,0.9999969188118631
1,0.9203137645368972
1,0.9042973534015368
1,0.9069803333762224
1,0.9394380053017773
1,0.9043564017338128
1,0.7181103430140432
1,0.12702087294796421
1,0.9083250495914765
1,0.909711606634569
1,0.9258149437901146
1,0.9186948281733952
1,0.9585891521763498
1,0.9060121631730389
1,0.9356851591340533
1,0.9066532709138138
1,0.09021008489518287
1,0.9109318963338231
1,0.92688902561192
1,0.9043155268369136
1,0.9208609903675771
1,0.9282900844045945
1,0.43798915045404563
1,0.9181056013498472
1,0.9213292482795121
1,0.8842493448051587
1,0.9692048981488762
1,0.9078933285904226
1,0.9782869227483149
1,0.4379892610859987
1,0.9312250460734766
1,0.927324994392862
1,0.8328140769251862
1,0.9043214917424544
1,0.9068165111519227
1,0.9538815416218515
1,0.2043129250188735
1,0.9121108674054622
1,0.9059847759189539
1,0.24057770116257587
1,0.9216593568098442
1,0.99518844879339
1,0.9180422912518206
1,0.2099116562242546
1,0.0329214688262178
1,0.5782904101633124
1,0.9250362848598767
1,0.9523117667515326
1,0.9066529738240285
1,0.9226466840804659
1,0.23306506567130175
1,0.9054512114452891
1,0.9206160855430461
1,0.4634553781676661
1,0.11060232630024963
1,0.9042899765242254
1,0.9200896732928723
1,0.9999969188118631
1,0.904349344977301
1,0.4861053342446203
1,0.9221388558577018
1,0.9134591401716429
1,0.9354246373633464
1,0.9043608968071875
1,0.4107986212167426
1,0.3983138421060441
1,0.061664644644241116
1,0.9071089451731349
1,0.9141314217751018
1,0.9267522522910508
1,0.5167051587456153
1,0.995070945453299
1,0.07662437813070884
1,0.9102767459515367
1,0.6988395087502806
1,0.2570493717314239
1,0.9302572396252259
1,0.9928144777099195
1,0.9517373100405488
1,0.9149675408783485
1,0.9056865073191581
1,0.9330298045337256
1,0.9043111990315766
1,0.8921859735751178
1,0.9065623799582836
1,0.527846269685256
1,0.941708851415781
1,0.15801602919270638
1,0.9042568202152715
1,0.941386594614191
1,0.9084538802682686
0,0.9092560620827694
0,0.0006372960944402622
0,0.06310379202145208
0,0.8140922911580092
0,0.06618453507467875
0,0.0002606930035175483
0,0.07124604367909085
0,0.00772878088310751
0,0.06699130077835273
0,0.07667147921059746
0,0.007201662738531561
0,0.0005289230253811206
0,0.07661554388156581
0,0.06903127164899181
0,0.07667826304862116
0,0.005181634043648376
0,0.004334111878317321
0,0.07492900507236448
0,3.0598344761421796e-06
0,0.004301105425829507
0,0.0067642664100284996
0,0.0002032802948562507
0,0.06720450823644401
0,0.0006488844686456781
0,0.07480469739241637
0,0.07669154553840964
0,0.0009433867316761691
0,0.03131121772055991
0,0.0027308569112520662
0,0.20076988729322556
0,0.0765556770125258
0,0.007711518070993406
0,0.07232791530533576
0,0.0011945471668388797
0,0.006859934373569506
0,0.007346762560561082
0,0.07671866887975268
0,0.07651616303603788
0,0.07671167055169319
0,0.07667390982644481
0,0.008058177264088574
0,0.019376504637849113
0,0.06943341613819855
0,0.07608241319317106
0,0.016707895683823484
0,0.07660306007924517
0,0.07631566006377243
0,0.06564211007274114
0,0.07660327547561867
0,0.09276872309187362
0,0.005300088846056691
0,0.07645641704236769
0,0.06632337845048539
0,0.6732693925089585
0,0.0017293097137997422
0,8.255389185173363e-06
0,0.0757942383183343
0,0.03598493228471838
0,0.006541731044034759
0,0.07670774149186851
0,0.6090745684984911
0,9.467990351971946e-05
0,0.00239994873389983
0,0.0642513871411249
0,0.05861872151370898
0,0.00020319731899083102
0,0.02492067320063411
0,0.07668161459681208
0,0.040868133179325174
0,0.07667015031696182
0,0.0013891322274468983
0,0.0766957445982327
0,0.038836079212773544
0,0.03644126579609224
0,0.049953017827172395
0,0.07658884385487737
0,0.004319732943341507
0,0.06635114285120014
0,0.004167953248623917
0,0.11759978666829472
0,0.0011330620660125854
0,0.6555527830184338
0,0.2751072054560478
0,0.0767121655777535
0,0.07618462082813329
0,0.3163774661843124
0,0.07660309093071728
0,0.009579392500417762
0,0.07445686010353172
0,0.033763088390370316
0,2.3952561110700665e-05
0,0.027329141742631246
0,0.04107530359277223
0,7.785503915607242e-05
0,0.041790286423601636
0,0.06682548198932112
0,0.04292119263536661
0,0.037567273313887754
0,0.0020284531231324378
0,0.003825030042766571
0,0.07668240084314204
0,0.003230249479595016
0,0.07660308422596872
0,0.062354492605922116
0,0.01387695513976567
0,0.07932818054272824
0,0.08248259619288803
0,0.005385308586953004
0,0.002642401767758647
0,0.6823988463319242
0,0.07667206666753276
0,0.07664389193517393
0,0.055851328886959865
0,0.07654628809425018
0,0.07672782958671547
0,0.07602315680057543
0,0.07610496447702267
0,0.07663865014350249
0,0.6246013070031882
0,0.7610756726046692
0,0.06920112742252484
0,0.07655940605165579
0,0.02997255543690539
0,0.07666173366328527
0,0.0674435747698397
0,0.004223895502550086
0,0.07652956745280819
0,0.06700970717701037
0,0.07658145764020721
0,0.0201705422524158
0,0.0706404291521967
0,0.0012267030910839225
0,0.07626283157386719
0,0.07034108987324948
0,0.04802223855646505
0,0.07668058750271232
0,0.4229804416172589
0,0.07672795555938562
0,0.030656779615689835
0,0.06542417851354385
0,0.0030414054853339255
0,0.03146195236382184
0,0.07361103305289471
0,0.00012408357977082066
0,0.0015470473048804594
0,0.0038875234406541156
0,0.0766631688318488
0,0.0002706815076984671
0,0.07571086420359205
0,0.001395673172917368
0,0.0914397467435419
0,0.07659015437260147
0,2.4809084684614802e-05
0,0.017282758455453764
0,0.00031567911488399454
0,0.06929022936688398
0,0.02023045051614878
0,0.07662847792716607
0,0.0727754133852549
0,0.06993085835246807
0,0.00017357151255560955
0,0.06658011534255519
0,0.06347435407603695
0,0.07670833937058626
0,0.0762815863097587
0,0.07666751221817715
0,0.05641604798393856
0,0.07658077111220762
0,0.00010788206697164583
0,0.04629685044209594
0,0.0732853663284691
0,0.025390016704738852
0,0.003017448115947381
0,0.00023011198494966265
0,0.04103430788330618
0,0.059710533291422736
0,0.003557156047046558
0,0.015315183084797953
0,0.0717031452896509
0,0.009699081124250785
0,0.005074754634761001
0,7.274955226151894e-05
0,0.07023243950818892
0,0.07655436392249303
0,0.05244367448309238
0,0.04047432502248571
0,0.0737618606482628
0,0.0039055850306696973
0,0.05817515657169497
0,0.06016240540197055
0,0.011764861233549778
0,0.0028923643143115426
0,0.01700374286095811
0,0.05146252558974613
0,0.003916639625064881
0,2.880317306717712e-06
0,0.02564922647405711
0,0.07667972639855032
0,2.544478839451906e-05
0,0.07668465067300449
0,0.07671497892725859
0,0.07666711036986383
0,6.893397941473671e-07
0,0.01776679283012753
0,0.014703539687504236
0,0.022660233696541975
0,0.0019022717317220125
0,0.005044391041168527
0,0.057063165287868096
0,0.07656230789239629
0,0.06064517174697668
0,0.010708128852840722
0,0.052104812835621024
0,0.06457359201372137
0,0.04172631339011501
0,0.058739919161504416
0,0.075738748390133
0,0.06774340010830193
0,0.00010312839586996308
0,0.0003627172178869198
0,0.002900370447649591
0,0.008270318542059634
0,0.004720547541141394
0,0.0013369714156392914
0,0.06867811749909293
0,0.07660894108111418
0,0.0072354760055213475
0,0.0005903860229313846
0,0.0005958867289752316
0,0.07671499269578136
0,0.020556396837812546
0,4.2746325440914594e-05
0,5.5192697654976225e-05
0,0.0057719754065386495
0,0.014230164169992546
0,0.07662902716547959
0,9.062150331417282e-05
0,0.14973030552522648
0,0.06935279340805718
0,0.0006245615198184065
0,0.09688368930671844
0,0.07464209613918091
0,0.0008642508499462768
0,0.04277681614767828
0,0.0003584418231008403
0,0.0022171154307535352
0,0.010085984368804224
0,0.07105009402848299
0,0.07645641730459457
0,0.06097480905283245
0,0.07672476184852077
0,0.07294427275147382
0,0.07646907834734169
0,0.044241086301083865
0,6.106952234358693e-05
0,0.012907419005058832
0,0.053465688248671636
0,0.032074007399849495
0,0.0007909011911417515
0,0.07665281980023957
0,0.07605397764154234
0,0.07066268593642765
0,0.0072351794125896825
0,0.0749290129775008
0,0.07669448781465407
0,0.207939872390718
0,0.0004948490107957858
0,0.07668239793224582
0,0.009335323705964751
0,0.08531726614720585
0,0.07656292335339311
0,4.2425225855166934e-05
0,0.01912697919340315
0,0.0002501641399837688
0,0.014024210104632449
0,0.0014646627521451956
0,0.021577406563637394
0,0.0026025558116742537
0,0.04942230971840446
0,0.040390547762513156
0,0.06568827238102214
0,0.060255513542011474
0,0.004993053712710353
0,0.007349318598560874
0,0.10209297307198242
0,0.07645246451263366
0,0.39661965937405835
0,0.07662921191130324
0,0.06956007096054
0,0.016777334887071414
0,0.008155708817803123
0,0.15236422228040622
0,0.047148336237728405
0,0.07921561415964225
0,0.022265818081895455
0,0.02843792683888596
0,7.33979250190525e-05
0,0.07652420432178655
0,0.0010334057731579388
0,0.06701294692229338
0,0.00013747882829612176
0,0.7581643940282845
0,0.0006038405383264491
0,0.00047221022062708066
0,0.06186867048719097
0,0.07666050473503112
0,0.07667571940023252
0,0.0015506963216658466
0,0.05172915652519016
0,0.0045460257319932815
0,0.5477023958187875
0,0.07377985644850728
0,0.001209458893857373
0,1.656498634991932e-05
0,0.07259461349146075
0,0.03485272660302867
0,0.00032666640343593443
0,0.0005848071246342374
0,0.010340599611786863
0,0.06609508466779455
0,0.027104488629819318
0,0.04372391514678341
0,0.07669304332695956
0,0.010447159723098365
0,0.00837648590278492
0,0.0014646588380408335
0,0.05622264335795072
0,0.03779824109489726
0,0.0011243630906925522
0,0.015574646096089962
0,0.005699774338258172
0,0.07621573552387381
0,0.07535902075687469
0,0.06022672306117459
0,0.17558674235469465
0,0.0002896169459498754
0,0.008170361592338908
0,0.026116193653639524
0,0.007522011253743146
0,0.003883708472666445
0,0.0030432089394127125
0,0.07491230247077835
0,0.9039925348396376
0,0.07589391043827169
0,0.07670593017589095
0,0.03387223535844763
0,0.07164251772327536
0,0.07667116016094713
0,0.00024095491093448944
0,0.050931255361369415
0,0.07670219266728658
0,0.08080336845955187
0,0.07634451009674659
0,0.07218732712656298
0,0.0765947899100466
0,0.06111405218182213
0,0.0766453740511633
0,0.07671388796564281
0,0.07662961310005832
0,0.05113305305704952
0,0.032577002426910605
0,0.0010961979446492314
0,0.07666164825221584
0,0.07670705314411777
0,0.00756466918391724
0,0.9152996069954972
0,0.07429561208751018
0,0.0004040591351283612
0,0.00025709019726441744
0,0.005658748162752666
0,0.07662769524917275
0,0.03391104153878506
0,0.0007340426125164412
0,0.0035346147912194235
0,0.06157167611393373
0,0.0004200725450325386
0,0.07653384000560964
0,0.026622150342158774
0,0.8211702547599582
0,0.0705672467226792
0,0.07670756419870225
0,0.7929804916685543
0,0.006774912697369885
0,0.0766152054468404
0,0.07324686172627026
0,0.008432848643248187
0,0.0011628410740976952
0,0.07664939698035038
0,0.07200199091696087
0,0.3904997254288105
0,0.2430752990245745
0,0.017437042402382072
0,0.0006881248001599719
0,0.0012122139745832314
0,0.07409266680758775
0,0.07667565530175735
0,0.6876952463510663
0,0.07276479955321885
0,0.07670374835784345
0,0.0025879212969885674
0,0.07237795685598133
0,0.0030859310509209746
0,0.06281390703971479
0,0.07617973380139972
0,0.07436976220357558
0,0.07542063558468017
0,0.076489227894085
0,0.021867444049908397
0,0.5761549606964639
0,0.02031260390070195
0,0.036081429616577905
0,0.17624658444214122
0,3.1604183258937645e-05
0,0.9200746673356934
0,0.07664768497796488
0,0.0036174171685205156
0,0.07661136997112553
0,0.15340275205478468
0,0.018163775520150457
0,0.10036222354029371
0,0.011173798120269524
0,0.016194421168261024
0,0.0004481900720930062
0,0.07672572229888952
0,0.0006174213815796607
0,0.019778018516722402
0,0.0011239386037171749
0,0.027036443915181604
0,0.07563864995643631
0,0.07466016762794205
0,0.0013208608572447835
0,0.0007663728315428623
0,0.022749920763530614
0,0.9117555869459326
0,0.02838419230126414
0,0.005023940553045758
1,0.9043725687803703
1,0.928334692985219
1,0.9146381826110312
1,0.9226881478290399
1,0.9625908853697175
1,0.4107986212167426
1,0.07439740404077061
1,0.17938793567087957
1,0.11060232630024963
1,0.9142913701556605
1,0.25659892596906003
1,0.9173618633921239
1,0.9336598436290333
1,0.9222210030580295
1,0.9629460219949356
1,0.904418857234966
1,0.9043655722443525
1,0.949763770244007
1,0.9044047426084671
1,0.9042568202152715
1,0.9365823024431883
1,0.9043111207147351
1,0.9747584163584929
1,0.9045887677354016
1,0.9134904624933499
1,0.913338747322619
1,0.9043942607759569
1,0.9081755773195925
1,0.8771878559882719
1,0.8668843731839656
1,0.9420109206897336
1,0.8073446224217481
1,0.9267343515124465
1,0.9165615054104931
1,0.9087116845286087
1,0.9569099012660581
1,0.9192486900098227
1,0.9301194566725552
1,0.9131265330418508
1,0.7723412206654579
1,0.1108620183044423
1,0.9117427206490539
1,0.9166374688822643
1,0.904733407508819
1,0.13374173905296188
1,0.9043859367354504
1,0.9118992854187798
1,0.48581886370952626
1,0.9085390433410117
1,0.9070984694246972
1,0.1530812716494082
1,0.9092316849329294
1,0.35495424536375153
1,0.9042102830743477
1,0.9284638954266886
1,0.9042935181291535
1,0.9081158425133716
1,0.9203137610984701
1,0.9043111990315766
1,0.9211914872332747
1,0.48581886370952626
1,0.9047209182991435
1,0.9089998618631462
1,0.9525077781427596
1,0.9043564017338128
1,0.9044433376017627
1,0.7402342414091609
1,0.46476370091788277
1,0.7181103430140432
1,0.9070818888619613
1,0.906896133459606
1,0.9585891521763498
1,0.9934561129695474
1,0.908316385268458
1,0.9355590484618228
1,0.9108501050563452
1,0.912795758078457
1,0.08370235978919933
1,0.9178163544315212
1,0.9451842227540216
1,0.9665390100519471
1,0.916574654907045
1,0.9128862455806007
1,0.4806367879791336
1,0.9044287483017338
1,0.9213292482795121
1,0.9225646841658206
1,0.9048027055395261
1,0.9203726204011763
1,0.9099197313201974
1,0.9782869227483149
1,0.4379892610859987
1,0.9312250460734766
1,0.9044129173348788
1,0.9538815416218515
1,0.2043129250188735
1,0.3350078501595817
1,0.9738976838460054
1,0.9028348679483555
1,0.9219285636972422
1,0.9074756175210408
1,0.2565990577553719
1,0.99518844879339
1,0.9180422912518206
1,0.9043165415253992
1,0.9250362848598767
1,0.08150477425442297
1,0.9054512108184877
1,0.340001357974684
1,0.920616074569721
1,0.9999969188118631
1,0.9047174588645254
1,0.06384224354215495
1,0.2894247846486612
1,0.0767942314071471
1,0.12110721741170712
1,0.9043562366359306
1,0.7177991477065073
1,0.9124768428488866
1,0.9043650408724137
1,0.8604580759198823
1,0.4271563673045771
1,0.4861053342446203
1,0.9761146378783224
1,0.023937376851140574
1,0.9278371145371757
1,0.9067053434518376
1,0.10117561432012075
1,0.824641229796363
1,0.9126395075443073
1,0.9170178685249386
1,0.07012968359037136
1,0.8968402187826525
1,0.9332996534489773
1,0.14135961588203474
1,0.9569098119741865
1,0.9079427009458573
1,0.6382100447408351
1,0.9056865129122958
1,0.20442603043785545
1,0.18909242001946822
1,0.9073010504435904
1,0.9042844350028619
1,0.9063980652451047
1,0.07663339398352421
1,0.9417087497155671
1,0.9233665285810303
1,0.9170750224389784
0,0.0005584029451363323
0,0.023693047791757234
0,0.8679005015196666
0,0.04527867358482422
0,0.06326779110980162
0,0.013939821978622303
0,0.02470974813385738
0,7.593932283257066e-07
0,0.011140475545602055
0,0.003541180854919977
0,0.07665618148428072
0,0.07655247547621533
0,0.3626945314787736
0,0.07681261431377889
0,0.0007659741639272842
0,0.0012851007052501367
0,0.07667826921378043
0,0.07637731892843873
0,0.004334111878317321
0,0.0181638056500813
0,0.07664388371535316
0,0.07220127913717674
0,0.07492900507236448
0,0.07669963026873251
0,0.0002032802948562507
0,0.005065593507382703
0,0.0006488844686456781
0,0.07669157219307061
0,0.0766883567705159
0,0.20076988729322556
0,0.07659534107279886
0,0.046758606887972495
0,0.0765556770125258
0,0.0005429880745073281
0,0.0001235255575011432
0,0.042059492020887525
0,0.38444816829781875
0,0.07651616222598061
0,0.07671167837694592
0,0.07298946611803354
0,0.07672689763141488
0,0.00012628195061317277
0,0.008058177264088574
0,0.07672308040384819
0,0.047690660559513466
0,0.07667903094377813
0,0.04156130509624249
0,0.07660306007924517
0,0.07667623151025324
0,0.07778321486083561
0,0.004234919048936692
0,0.0029729578778479085
0,0.13557191969754254
0,0.09276872309187362
0,0.07651415234329877
0,0.07354031350884889
0,0.05890929201687968
0,0.059925836060947715
0,0.06951332450491829
0,0.32853933996333906
0,0.0386032437107024
0,0.001729305484564604
0,8.255389185173363e-06
0,0.6090745684984911
0,0.041688586997695024
0,0.07357818292893799
0,0.9044103034901367
0,0.00239994873389983
0,0.07661365345258148
0,0.01612356338566221
0,0.00020319731899083102
0,0.0038490258762411108
0,0.03306379352250412
0,0.024920674343806806
0,0.1955954690888967
0,0.0013891322274468983
0,0.038836079212773544
0,0.07644850647378587
0,0.9038633152891858
0,0.021647134464390417
0,0.0014646616176176434
0,0.053898842016868766
0,0.027280874936095968
0,0.01122472545478065
0,0.9031192655118767
0,0.059804180421781435
0,0.025628638303228857
0,0.05368733221301016
0,0.07511021993270726
0,0.004463942391223934
0,0.004307609158503276
0,0.0009433857356730492
0,0.07667162875127015
0,0.7978125086821131
0,0.010413634235702074
0,0.041790286423601636
0,0.07307235468655424
0,0.0007893017037339731
0,0.00408210438347818
0,0.03074812532672292
0,0.0020284531231324378
0,0.07669745438568329
0,0.09070853801427926
0,0.03587024524726386
0,0.07668232154828447
0,0.07660308422596872
0,0.0767070527799128
0,0.07507811938542965
0,0.012198934494192244
0,0.004089070058020294
0,0.07661358856906275
0,0.07473353031328445
0,0.032409574995624794
0,2.5654699750513398e-05
0,0.043061567568192294
0,0.02142614173761792
0,0.07666280299036517
0,0.019581188498677755
0,0.04022886653590529
0,0.06682056798616999
0,0.015984187590112872
0,0.31570080030178777
0,0.07655940605165579
0,0.029972613797656374
0,0.1493156893354998
0,0.0013159938626754388
0,0.0005761870912234978
0,0.07469144876445526
0,0.0022257189406073696
0,0.06700970717701037
0,0.0014255668112510371
0,0.07034414009946759
0,0.0010104447655781947
0,0.04110591450482503
0,0.04963174103205306
0,0.06422907376786424
0,0.06542417851354385
0,0.020650634740302043
0,0.0034447795157821945
0,2.8602888813523674e-05
0,0.011065104505113391
0,0.00012408340294295495
0,0.01321854600842772
0,0.0024149606976753414
0,0.0326774378532976
0,0.07776465818911336
0,0.007553071639467258
0,0.07665403508913406
0,0.07648241903099778
0,0.031842178118080655
0,0.04344807061651763
0,0.07663513302189306
0,0.040495846124511695
0,0.002480476723042361
0,0.0005436035868766807
0,0.0019506221161286086
0,0.7540141520359368
0,0.062146359983078936
0,0.06831461195545906
0,0.8635740133036408
0,0.04420797356063483
0,0.0012175742587041802
0,0.07228640657644697
0,0.45978307113420297
0,0.054103249790381315
0,0.09854596948055061
0,0.004196072044436719
0,0.04121695014475327
0,0.07673051076825414
0,0.04291612204082709
0,0.07575576053774988
0,0.07667750024731533
0,0.046296836541703905
0,0.07662661535393336
0,0.059087854947326095
0,0.005004181571877115
0,0.015315180229393635
0,0.03690693711633931
0,0.07170313387968999
0,0.017074964503401124
0,0.024066477974989748
0,0.07672989719866838
0,0.02492064093912217
0,0.00825175447854901
0,0.07664488575635128
0,0.0039055850306696973
0,0.037893543237559425
0,0.06601399731057532
0,0.9019985557641423
0,0.05817515895819853
0,0.0009840684165646038
0,0.07645399114185242
0,0.005530073682222376
0,0.07665174856363367
0,0.07456306746794643
0,0.0034211236794235945
0,0.07669592445581026
0,0.07667995198045004
0,0.07627002789910803
0,0.004383863799469188
0,0.019035859551478823
0,2.544478839451906e-05
0,0.0766991008786136
0,0.06201028200547424
0,0.0291571894861714
0,0.010199507217178053
0,0.07669367036595107
0,0.00305939729955801
0,0.036148538015190995
0,0.0020129451853503517
0,0.0037519005810488677
0,0.00037633435823354757
0,0.018100646384753387
0,0.03302660526319009
0,0.07695364090736413
0,0.005044391041168527
0,0.057063161015651453
0,0.08628629467211692
0,0.030055464454620373
0,0.06064517174697668
0,0.055949722437037136
0,0.0035622607034777767
0,4.062850869426968e-05
0,0.011524774279773583
0,0.06724154713273166
0,3.603445357118179e-05
0,0.02519791055945315
0,0.07457981791900158
0,0.0747131311201561
0,0.07645399137913207
0,0.07655364322606228
0,0.07670705277980108
0,0.001645015907224531
0,0.00630472722453413
0,0.07036666830003215
0,0.0766030497924006
0,0.00800556223227767
0,0.002199564406818582
0,0.009575994238123463
0,0.02041145880573303
0,0.07583276842286396
0,0.026172611599778215
0,0.1413442839659484
0,0.00011724171803959805
0,0.0020810025775365743
0,0.043448059144693206
0,0.07661934098646273
0,0.06227739371359579
0,0.013722004759791358
0,0.00901459762323347
0,0.00024073568502001348
0,0.07473813903995741
0,0.023058936091159575
0,0.02663930908465303
0,0.6834457392220843
0,0.06342631130516468
0,0.07464208768641137
0,0.04277681614767828
0,0.0003584418231008403
0,0.008676743112392143
0,0.1972262536104896
0,0.04193125993364212
0,0.0010298861258117048
0,0.07359611830181442
0,0.027089139415530615
0,0.051297783402921494
0,0.004305774879833733
0,0.0658499282932549
0,0.004319741734407875
0,0.0067403860405209366
0,5.5337308395904566e-05
0,0.07646177017681927
0,0.05244371573373706
0,0.0011995149679407823
0,0.008555031177618942
0,0.007235183493687091
0,0.07660676771656498
0,0.20793993493778523
0,0.07190994621088227
0,0.06218392727948569
0,0.0005834036477735212
0,0.04545323607234435
0,0.0766334446265529
0,0.01912696084128465
0,0.003399962602329963
0,0.06054130151493843
0,0.07449255920656676
0,0.028165419053228422
0,0.05668926354261879
0,0.0022515836618444054
0,0.006625571755454553
0,0.07666651305358288
0,0.023127561574272287
0,0.07017958495004835
0,0.0648151142475191
0,0.014003717620509854
0,0.04724391594878781
0,0.0009865280001005962
0,0.013042469842940845
0,0.008155708817803123
0,0.07666405950103404
0,0.022265806184245614
0,0.02843792683888596
0,0.014243643849233389
0,0.7581643940282845
0,0.07249658949479158
0,0.000968772613389506
0,0.005752374362906234
0,0.07457775414692767
0,0.07335435486641102
0,0.0239181939469753
0,0.07667385334749614
0,0.06081728998516343
0,0.5477023958187875
0,0.016194454429940195
0,0.07666770349176802
0,0.073787730767207
0,0.008110164331147038
0,0.06700328279433881
0,0.015382031903818674
0,0.9004673248647435
0,0.07633003817416825
0,0.06609504118937398
0,0.07667840898796933
0,3.3876481713969514e-05
0,0.030789825590605748
0,0.0236394301081719
0,0.011793102984242576
0,0.0585946181573883
0,0.0015675713141439973
0,0.008160863602553976
0,0.0002896169459498754
0,0.12434929563575359
0,0.0034601265713745887
0,0.0018714101191201974
0,0.0008060845281784366
0,0.07487762564970368
0,0.9291460468599197
0,0.026116166686913314
0,0.0056591413230778174
0,0.04242516234364381
0,5.66564333635821e-05
0,0.04984521620589458
0,0.04115627728128642
0,0.07662418425355454
0,0.0675329354078013
0,0.019273099382873804
0,0.07557562855523474
0,0.01371780006128259
0,0.9035385215334248
0,0.010158881904192342
0,0.0006853236963819781
0,0.060723527475940536
0,0.0749985087957697
0,0.0764824214074864
0,0.08080336845955187
0,0.046990653208531415
0,0.07660361257697051
0,0.002178946307432004
0,0.07668140215129245
0,0.0012471924728165438
0,0.0766998361918341
0,0.0764158266680938
0,0.0002706812372165296
0,0.7061319097840477
0,0.06168376361330683
0,0.0005280119791461173
0,0.03399446233269881
0,0.00832067753166778
0,0.002008841797806544
0,0.00040405805708976656
0,0.0002570901763562969
0,0.07662769524917275
0,3.920947478573368e-06
0,0.07668264789636407
0,0.7489018363275263
0,1.0988801290291677e-05
0,0.07429139611757456
0,0.0009949306675840258
0,0.07429250734794972
0,0.12948712172323448
0,0.07604688589252488
0,0.045810078582922194
0,0.07664331043322054
0,0.07538636967293644
0,0.01422538926999534
0,0.7929804916685543
0,0.0766152054468404
0,0.01390760238649621
0,0.0626527153795259
0,0.0661396953103073
0,0.08062368201070705
0,0.2430752990245745
0,0.07670303079075087
0,5.7237254789758486e-05
0,0.06544591147689303
0,0.07661260447153598
0,2.7344202666021153e-05
0,0.0025829544997436147
0,0.4076126113506463
0,0.07673341570783004
0,0.07540633473537602
0,0.0767202617764512
0,0.05844420459516265
0,0.004435985884880533
0,0.03951398088335503
0,0.01327239747626088
0,0.030366143696253768
0,0.013189872580361086
0,0.07436976220357558
0,0.9377791813371152
0,7.665728879090466e-05
0,0.07669239424280332
0,8.699157148231562e-05
0,0.07648687882758881
0,0.0752435407802483
0,0.06584992699689787
0,0.07603930106772205
0,0.001753486585109966
0,0.02031260390070195
0,0.0014241508243525327
0,0.00012748336849720195
0,0.07648958196950777
0,0.006390217289529526
0,0.04418900682508773
0,0.031816623156341595
0,0.05790748757745966
0,0.017995396879715353
0,0.07664187023244948
0,0.0018552995503885639
0,0.00024359451329749067
0,0.022502676632499663
0,0.07322358584572067
0,0.06915057586684305
0,0.07665479739281703
0,0.008024840928208033
0,0.011663502122781654
0,0.03258339337398173
0,0.07468978556001986
0,0.07248851500986805
0,0.005620386400286336
0,2.7216728375482722e-05
0,0.0003169553904025068
0,0.0006174213815796607
0,2.264815399866018e-06
0,0.10397813618620279
0,0.0013208608572447835
1,0.9121991510739813
1,0.9319977096859554
1,0.9318495111152434
1,0.5341616551938945
1,0.9043534521899877
1,0.9042569236255601
1,0.9222210030580295
1,0.9497637682350353
1,0.9386482515154803
1,0.904440281891062
1,0.9042568202152715
1,0.8319175891183095
1,0.9109579845064041
1,0.9365823024431883
1,0.9044402160439702
1,0.9204729605453076
1,0.5703812552974059
1,0.9043625990585008
1,0.9057620451252828
1,0.08247124213056414
1,0.7438273384454854
1,0.9051399464783452
1,0.9043586122456521
1,0.9081755773195925
1,0.8771878559882719
1,0.9309502570292021
1,0.9043206686545273
1,0.340001357974684
1,0.9120412897275898
1,0.9182348576945136
1,0.9420109232889307
1,0.9043083199027638
1,0.9530715115883278
1,0.9209505553029675
1,0.15801602919270638
1,0.9079166509579103
1,0.6454321296815542
1,0.08832676144662284
1,0.9192487006128206
1,0.12315121937102642
1,0.919738213036531
1,0.10877629919042765
1,0.905759488581644
1,0.13227053421168875
1,0.9292026056616272
1,0.13374173905296188
1,0.06384224354215495
1,0.9042521210374344
1,0.9049031259309398
1,0.8386724137698749
1,0.9915191707870373
1,0.6861373901191402
1,0.9473460411402047
1,0.9043980502763972
1,0.9178720900209033
1,0.09174488373968515
1,0.906082430490905
1,0.90876736546571
1,0.9081158425133716
1,0.9060310551115265
1,0.9287508224117121
1,0.23896660237309075
1,0.8018140174275258
1,0.9105407024169258
1,0.48581886370952626
1,0.9337006928811643
1,0.9194648894350186
1,0.9043564017338128
1,0.9333495580099117
1,0.9513068875786318
1,0.9059415911592176
1,0.9043596806834804
1,0.9070816125736046
1,0.17317260252858796
1,0.9079093541560184
1,0.9258149437901146
1,0.9347907853653094
1,0.6249579793625788
1,0.9335769442135489
1,0.6335167485644604
1,0.9538303397495193
1,0.9043562366359306
1,0.7067773771459636
1,0.9042445376706608
1,0.8480608207980932
1,0.9067633855083103
1,0.9282900614915831
1,0.9043999853155762
1,0.907299647518127
1,0.08150477425442297
1,0.7470824770373479
1,0.4825418375158975
1,0.9380718159358925
1,0.9366966668716226
1,0.9097808652234487
1,0.9078933285904226
1,0.9782869227483149
1,0.9044129745258452
1,0.9220258953838472
1,0.9048615071093912
1,0.9059847644424646
1,0.9109777604682736
1,0.9043942607759569
1,0.9128584184738311
1,0.9090164989602503
1,0.9216593568098442
1,0.9180422912518206
1,0.9046973685020089
1,0.9523117293617911
1,0.9066795685994203
1,0.9210892448313229
1,0.08150477425442297
1,0.9046444250665732
1,0.06384224354215495
1,0.9043710107460108
1,0.2894237034902965
1,0.9830614717349782
1,0.9058818669569287
1,0.9043559297190142
1,0.9043562366359306
1,0.08213134491904707
1,0.09270131800595796
1,0.9062846876575982
1,0.9044287483017338
1,0.10117579896388984
1,0.907324244666003
1,0.9102767459515367
1,0.9743213340924163
1,0.9625908776767306
1,0.9043349905510979
1,0.922216030290876
1,0.9056865129122958
1,0.9043513984867066
1,0.9115996539873378
1,0.7521928874559921
1,0.8921859735751178
1,0.07554982742974421
1,0.9202923963490408
1,0.9044193511043125
1,0.9088981127318037
1,0.527846269685256
1,0.9043168320476765
1,0.9302212798058805
1,0.9180443088834176
1,0.9170750224389784
0,0.033273213735281165
0,0.07265472231144952
0,0.0073500470992172206
0,0.0006272669477221161
0,0.037055897936811674
0,0.01387872102987653
0,0.00016065196273729789
0,0.018789008678094618
0,0.07659878338101814
0,3.4145051112876334e-05
0,0.00013614307783879867
0,0.1230893574110456
0,0.026504801658534395
0,0.0011189065227997217
0,0.07317792948891191
0,0.07466896819388359
0,0.01729441616297652
0,0.07220127913717674
0,0.004301106305720504
0,0.04955241376022019
0,1.8639217497239154e-05
0,0.005065593507382703
0,0.06731832486887752
0,0.025845892791800804
0,0.0022899812995095686
0,0.03350091127603851
0,0.006022871968571893
0,0.00771152061136991
0,0.010909193018345247
0,0.07673144586772233
0,0.07672892590106781
0,0.007346758593687655
0,0.019376450776069507
0,0.5
0,0.016707895683823484
0,0.07660306007924517
0,0.004234919048936692
0,0.07660327547561867
0,0.0028950222008515556
0,0.07641194683643886
0,0.07664064440490834
0,0.6732693925089585
0,0.029202391711756488
0,0.014986859958718957
0,0.0757503267994058
0,0.0299638539777177
0,0.06731175927321782
0,0.07671796683550698
0,0.0386032437107024
0,0.2460286795070491
0,0.001360591708392534
0,8.255389185173363e-06
0,0.07579424049290373
0,0.003398915741913437
0,0.002310576885980118
0,0.00023191998720048713
0,0.6090745684984911
0,0.041688586997695024
0,0.006383016066308026
0,0.002399946554375943
0,0.00196948414900949
0,0.00455561911486509
0,0.0002705419679427302
0,0.012352582846232562
0,0.19559489627337637
0,0.033428578604862036
0,0.07644850647378587
0,0.0007731244134547468
0,0.004123926554211462
0,0.0066425436363357565
0,0.5545977487438887
0,0.07618462082813329
0,0.118238191291179
0,0.07659340056603872
0,0.05596202865672771
0,5.3641402122997475e-05
0,0.0005219281909913615
0,0.07445686010353172
0,0.07639193795358667
0,0.07655702787599578
0,4.710416165052247e-05
0,0.010413636992373411
0,0.07604688469545334
0,0.01839620249403191
0,0.07663187861643904
0,0.04219593374275399
0,0.001058474748699042
0,0.003825030042766571
0,0.07668240084314204
0,0.006544365957710442
0,0.013144058166605188
0,0.0660595267973188
0,0.005385308586953004
0,0.06557945335980586
0,0.6823986464559029
0,0.04202002027621893
0,0.07339115934441554
0,8.987526066858963e-05
0,0.003404078314803497
0,0.06041396178764248
0,0.07610479200179278
0,0.07313123655719521
0,0.007420855351289336
0,0.005421278813349915
0,0.037974398290429576
0,0.0088956152222439
0,0.08097324624236535
0,0.07666173366328527
0,0.2129961798653826
0,0.07584543095731293
0,0.06926906175552766
0,0.07469144876445526
0,0.0019327875872493978
0,0.07659223924024318
0,0.0022257189406073696
0,0.0019358184633756844
0,0.07377159696403525
0,0.0706405444721752
0,0.043110365155935006
0,0.04110591450482503
0,0.04963174103205306
0,0.06542417851354385
0,0.014310482236467668
0,0.00011436778222337366
0,0.05635456968007873
0,0.01154432066358756
0,0.0034447795157821945
0,0.07662331901920445
0,0.002414963666989509
0,0.04344773050520373
0,0.07501235250211148
0,0.000742265601317066
0,0.07665856376064567
0,0.007553071639467258
0,0.07665423358323536
0,0.0022091490837565573
0,0.07499493663604156
0,0.04344807061651763
0,0.040495846124511695
0,0.002480476723042361
0,0.0019506220636289686
0,0.20991159321340228
0,0.019188989692085538
0,0.7540141520359368
0,0.07664388222422296
0,0.9038781054085572
0,0.020230411148615624
0,4.3525973242360964e-05
0,0.03697922212497643
0,0.06658011534255519
0,0.3119756188191695
0,0.07670839264486161
0,0.03332625249593572
0,0.0652994944974214
0,0.6248084565408959
0,0.06869510125630283
0,0.04291612204082709
0,0.02017466193348767
0,0.07667750007582655
0,0.07663700185490264
0,0.07302072353989092
0,0.04103430788330618
0,0.07673621158536646
0,0.05244367448309238
0,0.8600857844110422
0,0.0039055850306696973
0,3.40223882511621e-05
0,0.4317502598767544
0,0.16601987676870636
0,0.00043520407321255225
0,0.07302054660712541
0,0.07456307195294012
0,5.033636466791305e-05
0,0.05146252558974613
0,0.0746064083624385
0,0.06025549839639292
0,0.0029692996162449907
0,0.046153643305174484
0,0.004160071433133615
0,0.019095081920352943
0,0.0036574159624910875
0,0.004149986137695253
0,0.06119961456698239
0,0.015937847596110645
0,0.07484156866913676
0,0.0003770275335960922
0,0.07671497892725859
0,0.07665397746384657
0,0.06707808448516221
0,0.018100630324604152
0,0.02611033248512826
0,0.24799313168447554
0,0.0019022719258000897
0,0.050038367763953644
0,0.0072941860335721045
0,3.923521364910089e-05
0,0.000985791697682648
0,0.03189851402409055
0,0.07644672694262337
0,0.030055506726983563
0,0.0766834687508535
0,0.04746028242294573
0,0.028578475445775665
0,0.0022971342130168383
0,0.058739919161504416
0,0.07655364322606228
0,0.0187897336155814
0,0.002371754031726477
0,0.001046769587061919
0,0.0008860527442483491
0,0.00016468344742487397
0,0.07603943182340928
0,0.07038527635879044
0,0.07489536149874831
0,0.05947659628777282
0,0.07672780284493688
0,0.03924891618692751
0,0.000861848829983007
0,0.0035222111968673795
0,0.040141855184164396
0,0.008250835687350412
0,1.9540153358695466e-05
0,0.04538917484298325
0,0.0014646666060359813
0,0.09509377653280925
0,0.00044496996111266604
0,0.07467813988638519
0,0.14973030552522648
0,0.06342631130516468
0,0.0006245615198184065
0,0.07615961878289698
0,0.016429577961029774
0,0.0767202625857834
0,0.6834456643553479
0,0.010085984368804224
0,0.14421839463527758
0,0.07645641730459457
0,0.03154572016073793
0,0.06097480905283245
0,0.8431382969627171
0,0.07359611830181442
0,0.11260172249742059
0,0.007066537061491983
0,0.0766534222405699
0,0.16582238432776428
0,0.053465688248671636
0,0.0752157381541151
0,0.07663996719074373
0,0.0004948490107957858
0,0.01912697919340315
0,0.9043435763635688
0,0.06594593709455926
0,0.003929727791300743
0,0.07664963403528145
0,0.024920643404298053
0,0.09774893346334933
0,0.07645246451263366
0,0.28782252029173594
0,0.06912311126552122
0,0.07779085233247271
0,0.013042469842940845
0,0.07667623151382377
0,0.07672950933531777
0,2.2180693293694885e-05
0,0.047149190314864003
0,6.174261759058796e-05
0,0.07666405950103404
0,0.06775187232857477
0,0.06901937434194799
0,0.07666445258583117
0,0.07493269275688048
0,0.24265949854171534
0,0.06704259573390733
0,0.014243643849233389
0,6.875549959090198e-06
0,0.05161485865158471
0,0.07666584616615751
0,0.07335435398462717
0,0.07656887541297783
0,0.07586379293131527
0,0.012043680441789913
0,0.07662594671336846
0,0.9030957117747677
0,3.2505958751060044e-05
0,0.06081749801075485
0,0.07642765853698567
0,0.0026239618963717214
0,0.07258171112788234
0,0.07672780131257444
0,0.07669715502722026
0,0.8214225951013147
0,0.0015340682308209394
0,0.06609504118937398
0,0.05857044255215955
0,0.07661129654593614
0,0.00025851360387875205
0,3.3876497829282123e-05
0,0.03361881720543893
0,0.00837648590278492
0,0.07674254360537532
0,0.07297597603890818
0,0.06044843511739325
0,0.0011422409541313881
0,0.005699774338258172
0,0.022763353761779688
0,0.076654192932078
0,0.0024841542043461617
0,0.0015675678668611768
0,0.030972787031293268
0,0.0002896169459498754
0,0.008170361592338908
0,0.0018714101550340847
0,0.010600149449378224
0,0.000380384012525223
0,2.715031532657728e-06
0,0.07661129508661825
0,0.04355863865449088
0,0.0006917809100045639
0,0.03387223535844763
0,0.00561250509909278
0,0.07557562855523474
0,0.01371780006128259
0,0.04505130934020114
0,0.00024095491093448944
0,0.0003189653687223656
0,0.05225433144824721
0,0.060723527475940536
0,0.06599956480568007
0,0.011442001219574656
0,0.06111406390265842
0,0.07659791701263448
0,0.07668606598610252
0,0.07672892902790586
0,0.07662961310005832
0,0.07672811009698004
0,0.06715606752855022
0,0.017094314703401392
0,0.0805342061275696
0,0.06876944056575891
0,0.07551447975963274
0,0.04684614361762798
0,0.07034882748369738
0,0.02990788810859638
0,0.0766676611521287
0,0.01054323806052217
0,0.008320662055342399
0,0.011449082798020413
0,0.013630756468334119
0,0.0006100786717123255
0,0.05988088399621723
0,0.001464511069131564
0,0.0002570901763562969
0,0.009856360590558047
0,0.057008797727911176
0,0.07661153459465235
0,0.03391106684888503
0,0.07252090054846586
0,0.5064555072377689
0,0.07429139611757456
0,0.07392270404183142
0,0.07429250734794972
0,0.12986404086182773
0,0.07604688589252488
0,0.06983592442282707
0,0.018730337107783424
0,0.07664331043322054
0,0.014225375354571594
0,0.07674117989681985
0,0.07664596265864532
0,0.0005752285613968165
0,0.07316878183135322
0,0.3139883513473547
0,0.06698781746138714
0,0.07237795644196378
0,0.07357660568714854
0,0.05844420459516265
0,0.06281390703971479
0,0.056092807178045684
0,0.004435985884880533
0,0.03951398088335503
0,0.07668726314667461
0,0.00031100470144702186
0,0.00147488283841159
0,0.07436976220357558
0,8.699157148231562e-05
0,0.0530688001024511
0,0.06009358018404892
0,0.07660304943234107
0,0.039159505737464816
0,0.7489190995581163
0,0.0006231613854201156
0,0.013204328300278364
0,0.017765150896539954
0,0.0732940437765663
0,0.07665251643755071
0,0.07667884748811941
0,0.0766102993044187
0,4.552567065098492e-06
0,0.013322586958415194
0,0.0767029123272978
0,0.07664187023244948
0,0.07658644581218692
0,0.011236565546765939
0,0.06859140729532039
0,0.020875616301789357
0,0.07665479739281703
0,0.032797660076220043
0,0.07662404358510008
0,0.0766843249379852
0,0.011663502122781654
0,0.0007136823741718069
0,0.005620386400286336
0,0.1039781898112213
0,0.07406084539398017
1,0.928334692985219
1,0.912199146207106
1,0.9319977088006148
1,0.11060232630024963
1,0.05982429942070793
1,0.2565990577553719
1,0.07808816456091945
1,0.9283568025964188
1,0.8539114844640326
1,0.07669611412015988
1,0.904404752413912
1,0.9243228236631361
1,0.9109579844699727
1,0.9044402075768699
1,0.9044245419317493
1,0.9133387409037561
1,0.9051399464783452
1,0.8073446224217481
1,0.8771878559882719
1,0.9295848358360703
1,0.06793080762229226
1,0.5402195292534951
1,0.7932668780564243
1,0.9043020744632978
1,0.911715809471452
1,0.9267343606300386
1,0.9042898052287963
1,0.9042634608313985
1,0.08832676144662284
1,0.9043360558479798
1,0.9299465364966366
1,0.9192487006128206
1,0.3565360148206864
1,0.9538220569030557
1,0.9232426744650549
1,0.9042929850981045
1,0.9044254221837835
1,0.7723395700162831
1,0.9043111207147351
1,0.8370624324806126
1,0.817738681912383
1,0.9043435786904961
1,0.9915191707870373
1,0.8018140174275258
1,0.35495424536375153
1,0.9284638995574688
1,0.9042935181291535
1,0.9271281394846193
1,0.906082430490905
1,0.9060310551115265
1,0.8806930870449461
1,0.8018140174275258
1,0.904328060663614
1,0.7914147128945953
1,0.9047209182991435
1,0.9089998667635015
1,0.631615582009645
1,0.9753515329883771
1,0.9333495580099117
1,0.9265074746213041
1,0.06793084200394588
1,0.09205844770664696
1,0.908316385268458
1,0.9198739073391257
1,0.9704473117052417
1,0.9066532709138138
1,0.9076887467177948
1,0.9101760916098666
1,0.08370235978919933
1,0.9665390045000853
1,0.9427320608889971
1,0.5167051587456153
1,0.08150477425442297
1,0.9043430370268478
1,0.9861914120972589
1,0.9074101849165049
1,0.16615738059566318
1,0.9047093701203243
1,0.0775167948849026
1,0.4379892610859987
1,0.904331118768371
1,0.9044368041708241
1,0.9220258927743685
1,0.9058147423390065
1,0.9738976838460054
1,0.9121108695161533
1,0.907286874163354
1,0.9043944201470158
1,0.24057770116257587
1,0.7181103430140432
1,0.09359011429576616
1,0.12315129740085956
1,0.9206160855430461
1,0.9131253771454282
1,0.9047174586920161
1,0.9043686068392166
1,0.9043710107460108
1,0.9043729523039812
1,0.9105659947400361
1,0.0767942314071471
1,0.0730934455842217
1,0.08213134491904707
1,0.4271564090740259
1,0.9168436756602701
1,0.9071089555887264
1,0.023937497907787667
1,0.09270131228372912
1,0.9249012889040178
1,0.9044287483017338
1,0.7906113648261291
1,0.9261839598515667
1,0.4438001275501633
1,0.9332996534489773
1,0.9154261861765015
1,0.9185997326954076
1,0.9517373100405488
1,0.08087293127771958
1,0.9295733440035229
1,0.07894621961788081
1,0.9317389363700308
1,0.9111065587523741
1,0.9056865073191581
1,0.9043513973757845
1,0.920874645415531
1,0.9542137712980411
1,0.9085481339362714
1,0.7067773771459636
1,0.9043111665123131
1,0.9134304225421189
1,0.8684125470330255
1,0.07554982742974421
1,0.07663339398352421
1,0.9043435750663106
1,0.9246365615595961
1,0.9233665285810303
1,0.9134197481634986
1,0.9400857739165773
1,0.8700629441385775
1,0.9484400073174536
1,0.904394781517324
0,0.003627901876228357
0,0.0073500470992172206
0,0.023693085977503494
0,0.01387872102987653
0,0.00016065196273729789
0,0.13803164910255325
0,0.018789008678094618
0,0.02470975291624584
0,0.06849038290462355
0,0.06618455357448778
0,0.07660327554090972
0,0.03522392674603936
0,0.0028699911366248027
0,0.019438014143432946
0,0.07681262140312338
0,0.0001372023185532555
0,0.0758274399098232
0,0.0008361757305379097
0,0.0013777056523383126
0,0.0022028127565225566
0,0.0181638056500813
0,0.9168683010812356
0,0.018939993198356715
0,0.07669963026873251
0,0.004527420037767644
0,0.04344803981882384
0,0.005065596904731091
0,0.003122924011363076
0,0.06731832486887752
0,0.07669154553840964
0,0.03259499436783646
0,0.0766883567705159
0,0.07275418487689495
0,0.07557663537750868
0,0.07665953275244576
0,0.04675856206635578
0,0.07663250679858757
0,0.014254934355294716
0,0.07522959512624039
0,0.07657434106196524
0,0.07662544759057505
0,0.06943341613819855
0,0.0015400321222019283
0,0.07608241319317106
0,0.06148743444481415
0,0.07660306007924517
0,0.07778321486083561
0,0.06564211007274114
0,0.056260028190609386
0,0.0028950222008515556
0,0.0749031415068148
0,0.01073486090031108
0,0.052403407523803534
0,0.023413094695748978
0,0.059925836060947715
0,0.0005477025653177576
0,0.0757503267994058
0,0.0299638539777177
0,0.07671796683550698
0,0.003398915741913437
0,0.006541731044034759
0,0.07670771950055418
0,0.00038366860994654015
0,0.07357818292893799
0,0.0642513871411249
0,0.07661365345258148
0,0.07662635525008958
0,0.03306379352250412
0,0.07672786385064512
0,0.024920674343806806
0,0.00021643431882605025
0,0.040868133179325174
0,0.0012175743711064404
0,0.005562678125530385
0,0.04485817279015348
0,0.00024041033049469483
0,0.0066425436363357565
0,0.07635585220743396
0,0.004170183587049334
0,0.07670081700214551
0,0.0013083365727241452
0,0.07198067895412376
0,0.040638049968256915
0,0.008412670141853748
0,0.0005219281909913615
0,0.026702769068484726
0,0.0746199082664502
0,0.004307609158503276
0,0.07463150124497259
0,0.07367803221661202
0,0.07668445536987564
0,0.040203343300357484
0,0.07663187861643904
0,0.014550442979702939
0,0.0019437077795612702
0,0.042181037427426134
0,0.04292119263536661
0,0.07498229877009088
0,0.004145389157986123
0,0.003230249479595016
0,0.07670083239924731
0,0.062354492605922116
0,0.2568103095744522
0,0.007745268539842093
0,0.0015788824420228196
0,0.0003095626894119542
0,0.07667214858945691
0,0.0002983746917886519
0,0.04202002027621893
0,7.389237598890555e-05
0,0.07654628809425018
0,0.0012990692201046937
0,0.07666280299036517
0,0.05479059949463062
0,0.039502912035454474
0,0.07663865014350249
0,0.0020492985054698814
0,0.07667987149670905
0,0.06920112742252484
0,0.0005836584495373692
0,0.014106612860305647
0,0.14931534469149527
0,0.00014372265129199987
0,0.06926906175552766
0,0.0019358184633756844
0,0.07064063361283904
0,0.0014255668112510371
0,0.7108278931353686
0,0.0201705422524158
0,0.07626283157386719
0,0.07034108987324948
0,0.0023603219461916882
0,0.07359418029054379
0,0.06542417013436953
0,0.003725269798935929
0,0.03146195236382184
0,0.00011436778222337366
0,0.02197502681742769
0,0.022063923598048332
0,0.02710051633790396
0,0.034817875311779635
0,0.0326774378532976
0,0.0017515000084599836
0,0.07665403508913406
0,0.07667775174997055
0,0.07496040873484532
0,0.005749817615014254
0,0.031842178118080655
0,0.07663513302189306
0,0.00024407602575311516
0,0.0005436035868766807
0,0.7540141520359368
0,0.0004605934627467857
0,0.06831461195545906
0,0.00031567911488399454
0,0.02023045051614878
0,0.003855097355984737
0,0.02520140588855341
0,0.07673060419059002
0,0.07360101354363564
0,0.0013482844597329392
0,0.03697922212497643
0,0.00914100015729378
0,0.0019420813051519174
0,0.6248084565408959
0,1.4633334974945658e-05
0,0.07659069688252845
0,0.0762815863097587
0,0.004342285440540102
0,0.07665178198672616
0,0.042916134788400326
0,0.011950380506099116
0,0.07575575832789194
0,0.9502423625000634
0,0.05023105423383512
0,0.011298520313977186
0,0.017074969162457945
0,0.02492064093912217
0,0.006884638942362354
0,0.00825175447854901
0,0.8600857844110422
0,0.06643037326761662
0,0.9019985557641423
0,0.0020312357246808814
0,0.008977237989533537
0,0.0009840684165646038
0,0.02679779572700364
0,0.005530073682222376
0,0.012428403655812846
0,0.07650826862868947
0,0.0024115382164401383
0,0.02564923889362559
0,2.544478862323664e-05
0,0.07484786947436778
0,0.07664894656809199
0,0.001543601030252092
0,0.0737312821578854
0,0.06119961456698239
0,0.07666710774311111
0,0.00022255544664932187
0,0.03685660296448581
0,0.0037519005810488677
0,0.05435584649711781
0,0.06194184320829818
0,0.07500242298979644
0,0.07666167706903006
0,0.03189851402409055
0,0.07167774295029718
0,0.07400108388089388
0,0.06448441505832939
0,4.062850869426968e-05
0,0.07255628757558184
0,0.058739919161504416
0,0.0747131311201561
0,0.07655364322606228
0,0.07167125329513027
0,0.0008860527497738731
0,0.028927589585344467
0,0.0001212835674127847
0,0.07362390562825556
0,0.07543530017980297
0,0.1414725663824032
0,0.004720547541141394
0,1.4205478990869505e-06
0,0.008250835687350412
0,0.3875887279991583
0,0.060481683147828764
0,0.07671448468554562
0,0.007067104138127863
0,0.0018496558633616892
0,0.00019489815267200459
0,0.07048257013760749
0,0.07671499269578136
0,0.00023974342486821678
0,0.01146798789921445
0,0.005986331645668617
0,0.07430726849875514
0,0.07668725176937591
0,0.0006315908785357629
0,0.09688368930671844
0,0.07669101076935557
0,0.020285934858837246
0,0.006415545941928567
0,0.0670046552589549
0,0.07105009402848299
0,0.0730042334229731
0,0.07359611830181442
0,0.07646907834734169
0,0.027089139415530615
0,6.106944859479222e-05
0,0.07662416712217943
0,0.004319741734407875
0,0.052443725705160905
0,0.07663996719074373
0,0.07066261823177235
0,0.01711764858690754
0,0.07660677007705173
0,0.08531726614720585
0,0.0002501641399837688
0,0.021577406563637394
0,0.07668555031592227
0,0.07449257456423092
0,0.06568827238102214
0,0.07415265075951732
0,0.06025560694198288
0,0.07629284720326068
0,0.01922799260181382
0,0.0003299088066723842
0,0.0029621093343944437
0,0.06912311126552122
0,0.07666444559526954
0,0.07668240283858027
0,0.02843792683888596
0,0.0017052122717547287
0,0.07501861954147716
0,0.07652420432178655
0,0.07666421043336474
0,0.07493269275688048
0,0.07050684192994382
0,0.8720326607801279
0,0.058680523272933625
0,0.07653340476598074
0,0.07430857941771071
0,0.36406006243931954
0,0.011215021712403841
0,1.6114481139680247e-05
0,0.0022917964477769514
0,0.07667382997239025
0,0.07666280293844059
0,0.0016972295469022884
0,0.0012094582222268537
0,0.07666770435726308
0,6.152080733941076e-05
0,0.0030678092855304768
0,3.728106301105102e-05
0,0.0010215054680855983
0,0.9004672283062498
0,0.010340590586841971
0,0.0015340675123206942
0,0.07498952522164183
0,0.07669304332695956
0,0.002364116975440494
0,0.023494773446601953
0,0.011793102984242576
0,0.0015675678668611768
0,0.04561714990420595
0,0.07504563170786538
0,0.008160856859670357
0,0.0018714101550340847
0,0.0008060854408230486
0,0.07487762564970368
0,0.016000149774320568
0,0.07620276319133419
0,0.04984521620589458
0,0.07084173722925735
0,0.07504381047808661
0,0.03131336910912174
0,0.03436890924631081
0,0.04115627728128642
0,0.06753294037552976
0,4.3588631777198194e-05
0,0.045715349584478406
0,0.010158881904192342
0,0.07673167976327326
0,0.06199805451591079
0,4.0029455553778734e-05
0,0.05225433144824721
0,0.07661123278082456
0,0.07260708599596315
0,0.06111406390265842
0,0.03300342725077865
0,0.07671388796564281
0,0.017094314703401392
0,0.0005403792605348117
0,0.003628761836968038
0,0.046845988348165606
0,0.001924737436521807
0,0.07471746234891592
0,0.009737777094228833
0,0.06168377126631803
0,0.07670705314411777
0,0.9152996069954972
0,0.01144909694975857
0,0.07664837822125757
0,0.0004854536924470876
0,0.0004040591351283612
0,0.001464511069131564
0,0.005618054523120768
0,0.004832303603822737
0,0.005658751335347112
0,0.03391106684888503
0,0.0035346147912194235
0,0.04775736175938385
0,0.0026198107071746923
0,0.07604688589252488
0,0.07664331043322054
0,7.5161667692641804e-06
0,0.01000131422430921
0,0.0626527153795259
0,0.06637619137503148
0,0.001048989156697293
0,0.07664939698035038
0,0.07316878183135322
0,0.023432912799470417
0,0.0005991162386736156
0,0.0003692273792590019
0,0.012700439129160466
0,0.06196009966764393
0,5.723726082517732e-05
0,0.3613327146209199
0,0.0010226288383447624
0,0.022123241258125828
0,1.044807551462289e-05
0,0.013270291042488284
0,0.07237795685598133
0,0.00012494026226533597
0,0.056092807178045684
0,0.004435985884880533
0,0.07617973380139972
0,0.07668748490793724
0,0.013272425588158939
0,0.013189872580361086
0,0.27773304020057404
0,0.0030936483888611877
0,0.0005452649862362379
0,0.07648922052421077
0,0.03921732290866365
0,0.05099828526923605
0,0.07670705295484939
0,0.001424150530279826
0,2.17020196184231e-06
0,0.07648958196950777
0,0.012799988022061747
0,0.006390217289529526
0,0.028250284793735616
0,0.0006463451798721086
0,4.552567065098492e-06
0,0.017995396879715353
0,0.07467777446482747
0,0.024596531562959833
0,0.4314606387271704
0,0.10094933034501712
0,0.10036210502021137
0,0.07665479739281703
0,0.07666054239182796
0,0.0766843249379852
0,0.00044819034992733646
0,0.00031695500935981333
0,0.07574198984576035
0,0.008580582542666016
0,0.043671921851502614
0,0.07563864981219703
0,0.1039781898112213
0,0.022749939852805087
0,0.9117555869459326
0,0.07665046957205741
1,0.9234930787073719
1,0.9102263371001601
1,0.9087882268357365
1,0.9303020157159446
1,0.9071848633823026
1,0.9090142351156663
1,0.9142025003478738
1,0.9046928741773753
1,0.9052597001370029
1,0.9048055476386274
1,0.9114283981617964
1,0.9047144802409824
1,0.9149360248444656
1,0.896187916072451
1,0.9817435385819496
1,0.9027956238609026
1,0.9366894539482932
1,0.26923738377852485
1,0.9999998897075391
1,0.4809873373064667
1,0.912043866232055
1,0.9092925750848013
1,0.9103239160408644
1,0.11711155572680218
1,0.9046928565463288
1,0.9118270005382251
1,0.19038757395062875
1,0.9095974413608151
1,0.9047474023659261
1,0.9139566415000758
1,0.9999999165894068
1,0.4935153023714068
1,0.6048995867868228
1,0.8147825344468252
1,0.7983478939448013
1,0.9046680992384416
1,0.9080127249610976
1,0.11306358695338052
1,0.9999995026710281
1,0.907470842465011
1,0.9704984509961623
1,0.5912485318866667
1,0.9056637250737806
1,0.9156103474535777
1,0.019447870207467844
1,0.9078229779059614
1,0.9071362381996793
1,0.9068970115687204
1,0.9048036399239592
1,0.9058134409942441
1,0.6132273627343678
1,0.830276142335295
1,0.9067290778834848
1,0.9718813191762661
1,0.06696337528069185
1,0.9048155373402885
1,0.9266999822038562
1,0.9100867540880162
1,0.5467025193242468
1,0.11812457672548655
1,0.5236586950613726
1,0.9749585062106164
1,0.8461993759875465
1,0.908236145126408
1,0.9097994342887522
1,0.09054284511436599
1,0.14545160312086938
1,0.9999999646255039
1,0.9279191317969502
1,0.628931632991649
1,0.7220879694244716
1,0.9866228022353536
1,0.0752006846919623
1,0.9155257114799004
1,0.8010597151296929
1,0.18698208750239295
1,0.1016004066470349
1,0.808413495536609
1,0.907620165979639
1,0.9047682828009198
1,0.9999952553388525
1,0.9097530344885058
1,0.35034840690513763
1,0.019154651306156102
1,0.16770436515951412
1,0.9283810505590534
1,0.9165669140550053
1,0.09054284511436599
1,0.11711175729700711
1,0.9138406782828183
1,0.9954163180475604
1,0.9062515452140185
1,0.9375592871269478
1,0.07535308519418894
1,0.8658518479338734
1,0.9051920248303275
1,0.9112288096475423
1,0.9048094042459278
1,0.9064887956780349
1,0.9068020879361994
1,0.9748783950899121
1,0.9999999658371168
1,0.9094108570391879
1,0.9111761035545601
1,0.9047822131066178
1,0.20784808556766185
1,0.9640520759939005
1,0.9338928966294185
1,0.9086297330488162
1,0.16880953113127223
1,0.9170099900186839
1,0.9072510306469761
1,0.9146544014879424
1,0.9233816262988342
1,0.9048643803505751
1,0.9047100005335204
1,0.9061424386818427
1,0.5467025193242468
1,0.9073509891613216
1,0.9048074402168266
1,0.8147825344468252
1,0.9254328015781601
1,0.9869204330568517
1,0.5922548284872551
1,0.17358138731606151
1,0.9059217130402999
1,0.9258146538789037
1,0.912588658398321
1,0.29928462638299463
1,0.9318718591873514
1,0.09851858257190232
1,0.908351708201952
0,0.001182959148378876
0,2.1905698990505083e-07
0,0.07530687394551
0,0.06295744870662763
0,0.0745913693308244
0,0.0021864800695742537
0,0.07508020070054869
0,0.07433580142856959
0,0.07531391241699448
0,3.3736720219301543e-07
0,0.07528546749549894
0,0.07194941183512707
0,0.06797107925026678
0,0.0023503245713159667
0,0.02094591904717735
0,0.0752814359197455
0,0.0004508786335480081
0,0.006733069333041058
0,0.0005368011374403547
0,0.06081693727123965
0,0.004455250826519439
0,0.0353428840281736
0,0.06756426748823474
0,0.2745006762192448
0,0.001832982776759838
0,0.01671351235131466
0,0.00461661807311841
0,0.0013105054896372695
0,0.07532627361361485
0,0.04547774642255567
0,0.8000700963936164
0,0.008149366474457999
0,0.07526669621843769
0,0.075314940214213
0,0.08773706558370034
0,0.008983512457929993
0,0.06987080853835398
0,0.0082562330509646
0,0.012251697266725583
0,0.049770482454189136
0,0.07449227507526605
0,0.07526840694585782
0,0.0017215715872527701
0,0.06655362581286665
0,0.06136556801634265
0,0.006621866497362161
0,0.019251054207346838
0,0.025683021159946917
0,0.001988942643835632
0,9.464489520563712e-06
0,0.07056458085495167
0,0.07487520124414868
0,0.011299739387672921
0,0.07504720373397468
0,0.07529313115351034
0,0.07530714819927535
0,0.04765122370006554
0,9.735819672152702e-07
0,0.0043731211037097255
0,0.011143157069520399
0,0.8028148244984386
0,0.0017691040716239653
0,0.07470041821377538
0,0.8821091439155235
0,0.07053067459309155
0,3.148943195977711e-05
0,0.07532717655243652
0,0.07472413974927569
0,5.393508970854269e-05
0,0.0015447129358866513
0,0.027835057717664233
0,0.008496591243811141
0,0.07531006606435724
0,0.9019450484140287
0,0.07526838161799598
0,0.07511027461923701
0,0.01465364339723291
0,0.07497491786174512
0,0.07515521251789707
0,0.07532704264633172
0,0.075351251580972
0,0.012125878788113541
0,0.0751942202758482
0,0.0737052111884991
0,0.008266784027790705
0,0.018999083778532537
0,0.07532511259305683
0,0.07418594192281953
0,0.06589551138038063
0,0.07484476238418453
0,0.07519309826067928
0,4.730380617275739e-05
0,0.002165235382634727
0,0.07528386423394881
0,0.0002416755320428781
0,0.006505487994581846
0,0.07286855286007766
0,0.09640853777681159
0,0.06290703298060897
0,8.360011235551524e-05
0,0.006401600003219371
0,0.6091979863537094
0,0.07526418903132556
0,0.005184294427752328
0,1.5501844598908115e-05
0,0.027738412368548133
0,0.021821505875575076
0,0.07171693352391831
0,0.0176224804416976
0,3.793991228566374e-05
0,0.04368277729623744
0,0.008380683444164587
0,0.0023105758273469315
0,0.026934066134964477
0,0.075268381938353
0,0.007074463612402778
0,0.07533125303747115
0,0.16250667754882409
0,0.007317228657237085
0,0.00955211881702424
0,0.011751234967355053
0,0.000391771066304929
0,0.03742325684536994
0,0.05274516681142401
0,0.006388086021771927
0,0.016180348951543532
0,0.07508204271143619
0,0.05625477716476263
0,0.05738957004348939
0,0.0012920038924909998
0,0.004667956383972975
0,0.058912112147084514
0,0.00011472489711485362
0,0.07209363870865472
0,0.00392490388769844
0,0.06101844149898865
0,4.176735239897381e-05
0,0.0006813720700944671
0,0.005919371667603464
0,0.07201366304899127
0,0.07321859173218163
0,0.029777563624670093
0,0.0006026264438483532
0,0.00914228680220242
0,0.04447438372263306
0,0.0752974193293943
0,2.3042982946894343e-07
0,0.050296095556935885
0,0.07532704521018369
0,0.7374103353947871
0,0.013307873304635764
0,0.030070754182996966
0,0.07526410001846379
0,0.5099496087627455
0,0.003063117015206204
0,0.0748545564500256
0,0.038368949242521856
0,0.07523986815991825
0,0.012870308538127227
0,0.0652041813520913
0,0.013250726859757382
0,0.07458917989348206
0,0.004405544156332946
0,0.040188009972543244
0,0.1651258923393913
0,0.015163377384976284
0,0.006157135526967121
0,0.07490696962089963
0,0.07481908396572454
0,0.0033877033608174043
0,0.017192074422309054
0,0.07525266300828422
0,0.013616573397509558
0,0.008698056318340386
0,0.7474508364236311
0,0.0746898698517276
0,0.003205691633698287
0,0.030256658886346346
0,0.050497934563611326
0,0.08737501088007715
0,0.00685428644773265
0,0.028596603079075668
0,1.7535980107210893e-05
0,0.07495740762218027
0,0.07524319788870752
0,0.03445761495691388
0,0.031069205232533263
0,0.1872081580531107
0,0.0005508274387589352
0,0.07532872412049074
0,0.02645677528877024
0,0.0895961418622089
0,0.011262923224455252
0,0.008053377555619702
0,0.07086841598430298
0,0.0001513627780743403
0,0.016972718679595027
0,0.06118803966755216
0,0.004601066296532096
0,0.028581454601362445
0,0.04299517925889595
0,0.0751947966080543
0,0.11517153695589315
0,0.07523980648153954
0,0.02778953493437478
0,0.002593367632206234
0,0.000225444835913176
0,0.026465512868315336
0,0.05734708690934553
0,0.07205768668552648
0,0.07522785735406783
0,0.0698757843904929
0,0.005172878766239035
0,0.07529392227889337
0,0.00014655569117006317
0,0.0752543816434411
0,0.07531373524307362
0,0.07458235865825832
0,0.07324391535453936
0,0.07526838403386175
0,0.03408735936827309
0,0.019107141384334395
0,2.0549135358069323e-05
0,0.007342191387914637
0,0.004756638708562087
0,0.009291927480245646
0,0.0746880894189618
0,0.0753434757256168
0,0.007563284889951271
0,0.10128875750677704
0,8.182334895820004e-05
0,0.0007411301973163741
0,0.35859889400403633
0,0.07488496980855174
0,0.07517302880446192
0,0.06177306781346492
0,0.00244580452952827
0,0.07275942989809829
0,0.7372236318028661
0,0.069751786450797
0,0.05036477165740323
0,0.028606974802215603
0,0.011173745301578093
0,0.031114251188521347
0,0.07050104188272878
0,0.05184844569562348
0,0.005484582795056926
0,0.034807522825793503
0,0.017309488930115066
0,3.296256353660382e-05
0,0.07532156556722253
0,0.2618199970906665
0,0.07375476581750622
0,0.002102271508052873
0,0.061112693594333294
0,0.0721573115831661
0,0.0011187120663583914
0,0.009249618707470188
0,0.004259771159026249
0,0.03649380049422335
0,0.026773784036551798
0,0.0009995207041470957
0,0.01618420402777055
0,0.03573297540672434
0,0.026522181554552618
0,0.0752850732621901
0,0.072478863007555
0,0.19874978720886513
0,0.3376687059247612
0,0.06717528639980835
0,0.043808503482137336
0,0.07512149043521654
0,0.047633724329790524
0,0.011130562805644211
0,0.014251743834355778
0,0.07529606353587255
0,0.0021508695012563846
0,0.07533399542500456
0,0.0697683894451581
0,0.07460458275223517
0,0.07524360387875108
0,0.2162378228857946
0,0.06239284090416207
0,0.07476675496648814
0,0.07530487259721116
0,0.04924054605424705
0,0.07062799720824067
0,0.010549694685970019
0,0.05070100802537261
0,0.04579437492364557
0,0.06861097818802503
0,0.06850514523369995
0,0.06787317149990396
0,0.0070558183600882875
0,0.037914744244201416
0,0.037717690411368826
0,0.0031390599868020637
0,0.019068994463635556
0,0.013705757323116376
0,0.06120298721661837
0,0.00876152210134071
0,0.021427523322349405
0,0.04450070139541754
0,0.047338291957848534
0,0.0649222491464618
0,0.000745755096786248
0,0.0030236736401736105
0,0.40313848083522913
0,0.47900480854764965
0,0.0031690735045144473
0,0.008198275196513359
0,0.006249807366049406
0,0.020599311374775574
0,0.0003917426974067787
0,0.002880311125326587
0,0.000534450495192417
0,0.016399868523209005
0,0.0267665610993922
0,0.18813182647156848
0,0.033025039088681395
0,0.04180192157439975
0,0.026750358158928452
0,0.8966745115863061
0,0.002614575962136325
0,0.0490111784080863
0,0.06311311978314865
0,0.02926960844701819
0,0.020346705548486357
0,0.06527115848976207
0,0.0064932366300574276
0,0.010154149319807652
0,0.060467865391784566
0,0.043683590680148314
0,3.285615788186138e-05
0,0.0752434766837364
0,0.07514422376094884
0,0.0024488772621239765
0,0.9066423818093591
0,0.07520263703887754
0,0.004408121952702729
0,0.006533584590121696
0,0.07266434374925293
0,0.012204286258073755
0,0.07519343169909741
0,0.0006500257426010903
0,0.011114523279602412
0,0.07756749448083036
0,0.07461741459443386
0,0.07339298098633447
0,0.07527245930418727
0,0.0752683855540888
0,0.014433116169252162
0,0.07329251421602176
0,0.0752645403949245
0,0.07509592924814264
0,0.13421480939110186
0,0.07508100655316155
0,0.07396527400086451
0,0.00094304368467653
0,0.010374178260745473
0,0.008041277486917473
0,0.07133862106054946
0,0.07526909924943298
0,0.0012151660319972282
0,0.017735184992711664
0,5.24568614099411e-05
0,0.8302761297193773
0,0.16253035900133056
0,0.06687586878607851
0,0.01612131588673456
0,0.05666950383973208
0,0.0023711623053639143
0,0.00733423827969693
0,0.0752598626959158
0,0.00018425444611581095
0,0.004924525647131724
0,0.07521283837215778
0,0.07522512252279401
0,0.0025664399507442813
0,0.007923508612637156
0,0.07518287878389274
0,0.031345244032159394
0,0.07277786299683442
0,0.001859053864531546
0,0.005075341103254407
0,0.004923165485848456
0,0.07497010821067772
0,0.07246798991216945
0,0.07494936391223603
0,0.329894455126003
0,0.00021913864833430764
0,0.8704581906713581
0,0.024708391888876444
0,0.061999738411369534
0,0.871776001827837
0,0.07271518183935458
0,3.8294369006175926e-05
0,0.07212752919141434
0,0.1725576269457794
0,0.07204780731980566
0,0.004867363759522173
0,0.07408566927287417
0,0.2972249772023472
0,0.21274247590573286
0,0.04030564653473467
0,0.012132122784712969
0,0.07085576385750027
0,0.07531373050173878
0,0.008275149286972195
0,0.07531847055389242
0,0.0006481664322693608
0,0.07390032111551062
0,0.003978494095221223
0,0.003505153639941908
0,0.07531349647231503
0,0.004084926669150873
0,4.188852503754612e-05
0,0.05789822056066228
0,0.011352692624302906
0,0.09048562024255159
0,0.4937314383803648
0,0.026112195234548056
0,0.07272882314988692
0,0.0008976664608387351
0,0.07522831745484258
0,0.008485843756001931
0,0.07509112039398712
0,0.05087342837677149
0,0.29920346944163967
0,0.07154920755524712
0,0.0015444328137024159
0,0.0037954441072599356
0,0.0066015367533496395
0,0.001849004150345648
0,0.6854517807785049
0,0.02933609522901154
0,0.0533145344602759
0,0.022463596431601188
0,0.07527103693701152
0,0.0007872188999233854
0,0.07529736367090677
0,0.0032766459612063987
0,0.07532987698693223
0,0.07290858128000384
0,0.8980075367816432
0,0.07531352457054227
0,0.07517261048115197
0,0.07296635617111054
0,0.0010418582834801162
1,0.9060524518436267
1,0.9102263371001601
1,0.9140235693913022
1,0.9337549544109278
1,0.9071167910106902
1,0.9040736757616322
1,0.9142025003478738
1,0.9551492120286733
1,0.7018691895165347
1,0.8920294979014678
1,0.904805487827477
1,0.9047858251313284
1,0.9048079831229504
1,0.9081643867870539
1,0.9056038099827551
1,0.9047987994585681
1,0.9999947643063489
1,0.08385725353373295
1,0.9194737982646042
1,0.896187916072451
1,0.14081135547850682
1,0.9528283937660897
1,0.9756138962510676
1,0.3912817085405664
1,0.9047567999312094
1,0.9075057761175315
1,0.9141159469243485
1,0.2692378471515752
1,0.04430554000103874
1,0.9999998897075391
1,0.9218422708680277
1,0.933167831310626
1,0.9047680691013041
1,0.9048987656905988
1,0.9144646441733104
1,0.463953723040268
1,0.9137437989317915
1,0.9092171919517832
1,0.9047881268327229
1,0.9105338898614527
1,0.9123754706190189
1,0.9048324894567387
1,0.6048995867868228
1,0.8834851346980396
1,0.9046753544534974
1,0.9267778293156974
1,0.9474905812131735
1,0.9183832000027617
1,0.7239766714230937
1,0.9069189179892698
1,0.9071269950040453
1,0.9061964948221235
1,0.9305084559086684
1,0.9999999664770614
1,0.9058134409942441
1,0.9049625675218274
1,0.9047567999312094
1,0.9818256497499568
1,0.9999943250508225
1,0.906642375670605
1,0.906432764887967
1,0.9754985497186752
1,0.11505287821897917
1,0.9046960533468111
1,0.9999997567404619
1,0.649711383374576
1,0.9047638983274231
1,0.07496994517326395
1,0.918595754829393
1,0.5912485318866667
1,0.9064598110018083
1,0.89919156337414
1,0.14545153861901644
1,0.9046765460167144
1,0.9140709568136077
1,0.9467400746673815
1,0.09831184752058678
1,0.9056478943792106
1,0.905755131585032
1,0.8661916751955074
1,0.9050253636581312
1,0.9161824698461208
1,0.9099926187463737
1,0.5706535442646
1,0.909054386727863
1,0.14709432584351068
1,0.8695573708787908
1,0.07554402284938844
1,0.952828362156287
1,0.9123870536848401
1,0.9097530344885058
1,0.5820689220736988
1,0.9798756985932506
1,0.9114769110024934
1,0.7090700057447332
1,0.9071943280181791
1,0.07545738469144662
1,0.9048246183297702
1,0.07706275447955138
1,0.9083686983177421
1,0.904722585753771
1,0.20246506656754024
1,0.904826578887478
1,0.8658518297125396
1,0.9374109112040364
1,0.9065647799179137
1,0.9053817369234431
1,0.9378327394051719
1,0.9047140905777807
1,0.9848589618146967
1,0.9081910386833664
1,0.08455355185716153
1,0.9086297431673225
1,0.9170099900186839
1,0.8114307282882256
1,0.960821035692948
1,0.8911178837987493
1,0.9757778697865859
1,0.9065647804490433
1,0.808413495536609
1,0.9999997862444747
1,0.9060493942201508
1,0.9300397331793836
1,0.9047869160557602
1,0.9048506961767916
1,0.9087110180974444
1,0.904740823892468
1,0.9046970280807017
1,0.9071680003436735
1,0.9254328015781601
1,0.06287138100259215
1,0.9046928925591207
1,0.9045677676902144
1,0.8370978076914469
1,0.9059217192602127
1,0.9793985193050394
1,0.9564957331365063
1,0.7980698996654679
1,0.9048501369040686
1,0.2942269946328898
1,0.9047095539254552
1,0.08875220196955842
1,0.6472573322149728
0,0.07527110063877239
0,1.6941012898113787e-07
0,0.06295744870662763
0,0.005894658983099129
0,0.02925766497632388
0,0.0015308323616680028
0,0.07529157656456942
0,0.8725046889567852
0,0.029788213653106743
0,0.0710916414242688
0,0.0751933064389353
0,0.07171464819165145
0,0.03829214584669112
0,0.0023503245713159667
0,0.0021147147040427024
0,0.0233468095480049
0,0.0002343837768726495
0,0.06088983740478637
0,0.06144745797594189
0,0.004455250826519439
0,0.0353428840281736
0,0.00021174228859779088
0,0.07496403249391752
0,0.27450110491614643
0,0.07378043496312485
0,0.021052034749423618
0,0.03677589512907794
0,0.1292454918767523
0,0.8000700963936164
0,0.031076425717456727
0,0.043811559358549246
0,0.07152501406084426
0,0.029819296833409052
0,0.07526674835757761
0,0.075314940214213
0,0.011794852936126445
0,0.0030503731326750444
0,0.018783058820347146
0,0.014413041996708918
0,0.07466263842069021
0,0.025016603237978777
0,0.3559023512960927
0,0.06977895725828512
0,0.037485145596486885
0,0.0017215715872527701
0,0.0248455920439289
0,0.0022605252367190985
0,0.6949376413291549
0,0.025683021159946917
0,0.0003540262981144069
0,0.0005048758162115914
0,0.09340140791553428
0,0.9221180211672598
0,0.022310546134883286
0,0.011598085516457269
0,0.07524553685435575
0,0.07079841353255023
0,0.011299739387672921
0,0.07350379367430403
0,0.0019617788415822834
0,0.07524928755846413
0,0.07527137904118714
0,9.73581716526423e-07
0,0.054728317091513295
0,0.07501008296280062
0,0.061199784843005166
0,0.0007061613561932383
0,0.0010248519507776734
0,0.042903301948378464
0,3.148943195977711e-05
0,0.07532720331739425
0,0.000537280386701259
0,0.07395498724928157
0,0.0015447137437421075
0,0.06578535320352778
0,0.002360413230675408
0,0.0034945873268949854
0,0.03773832716425925
0,0.07533120805218009
0,0.010725617852962681
0,0.04088942529876427
0,0.075351251580972
0,0.06534004287512413
0,0.008266784027790705
0,0.0003850603206241436
0,0.020951750026743297
0,0.07519309846859398
0,0.0035496068262354176
0,0.7629595681967454
0,0.046284500239614716
0,0.07286855307186213
0,0.09640839822367174
0,0.0751711363118462
0,0.06919042270992183
0,0.06290703298060897
0,0.6091979863537094
0,3.077087535710208e-07
0,1.5501802355388865e-05
0,0.027738416705022126
0,0.0752641632907825
0,0.021821505875575076
0,0.022878434174691487
0,0.07171693352391831
0,0.008362143912296862
0,3.793991228566374e-05
0,0.0023105758273469315
0,0.06942689727416242
0,0.026934066134964477
0,0.07497233267356197
0,0.0747735569143284
0,0.024026356963043727
0,0.0003610875918373954
0,0.07518464296313748
0,0.000185253858059549
0,0.07509435138002654
0,0.07523385626839942
0,0.0029263573468529375
0,0.0020403665050849535
0,0.07522745995073474
0,0.056481201305706594
0,0.8363029835385735
0,0.1809769631191258
0,0.049507981769104266
0,0.03900929539363642
0,0.00038927371476216567
0,0.07206570841508701
0,0.011654208545606793
0,0.07507470492201328
0,0.06070434546276428
0,0.8235133481437095
0,0.014056241950245622
0,0.06796302331658577
0,0.07534362139023716
0,0.07530827665155049
0,0.009680749833856351
0,0.025687885626308634
0,0.0709682488500248
0,0.015024629321170964
0,0.0020966615988256684
0,0.0050759396181033
0,0.07215286389244206
0,0.03991945233930348
0,0.03596181374763975
0,0.10601191742867473
0,0.07515600976918341
0,0.020260420394344846
0,0.07321858887869487
0,0.0022133173116901175
0,0.002377486785066432
0,0.002263636595112333
0,0.7374102534602635
0,0.07526841171048096
0,0.0022059766852653975
0,0.5099498802575729
0,0.06391196462395203
0,0.0560739301110983
0,0.00036534727891637526
0,0.0004846234282696705
0,0.038368949242521856
0,2.0807474601769562e-05
0,0.8760628351160605
0,4.4126140471630974e-05
0,0.0035196445940778396
0,0.07529041985338236
0,0.07519324419216447
0,0.039359027027771304
0,3.3493229080456033e-05
0,0.01786733684449116
0,0.07201978230978696
0,0.0033877033608174043
0,0.05967272769912343
0,0.0015070191382581886
0,0.07414883402253805
0,0.013616552859385499
0,0.07391378557733105
0,0.014685369474613678
0,0.07532704775840408
0,0.002226541097324828
0,0.021912552997378727
0,0.07525731096154302
0,0.06126647552032854
0,0.07525569992110727
0,0.08385725203904916
0,0.0752022250626527
0,0.06208201707559547
0,0.02632579465935181
0,0.07521054229898684
0,0.00022152468640055753
0,0.0001513627780743403
0,0.05552514091104017
0,0.9133307665329925
0,0.0046010749853486535
0,0.028005774149011918
0,0.0007307845450536673
0,0.007416008374127551
0,0.06512126957732269
0,0.0740109884800517
0,0.07531532575305594
0,0.07526841034330674
0,0.07529602116829577
0,0.007840706847683484
0,0.0002554737469194388
0,0.001623806189281103
0,0.07506549082257107
0,0.07522785743919527
0,0.0042131913368136575
0,0.0391162083396609
0,0.0001211797430986094
0,0.12167090148262454
0,0.0003464397506373003
0,0.002199824016705687
0,0.07458235741607468
0,0.07527137321524972
0,0.00011711882095020774
0,0.03631695430974218
0,0.07119482708180648
0,0.07526838403386175
0,0.02449010957965803
0,0.06665941644790091
0,1.7983692909054502e-05
0,0.001093159049397133
0,0.0026471188151055286
0,0.0026528983302976975
0,0.0003811742104800659
0,0.00038836005844785726
0,0.009291925641464336
0,0.030131627343072984
0,0.001334925104696183
0,8.182334895820004e-05
0,0.0007411301973163741
0,0.00429287760716089
0,0.07514107702190735
0,0.0221011392900321
0,0.008695421312918294
0,0.07517302880446192
0,0.07283504069025358
0,0.004189031516065573
0,0.7482506794061826
0,0.00012720524359838221
0,0.01572564118360547
0,0.07050104188272878
0,0.07414481691081205
0,0.07519448170915141
0,0.003260996138642751
0,0.0575224688487611
0,0.028926726222034124
0,0.060646827885630215
0,0.06775358625508456
0,0.003069492271941846
0,0.003069236735521901
0,0.008031978210293793
0,0.07532163443567669
0,0.004259769096920684
0,0.05138672473742064
0,0.03573297397971287
0,0.07102090936934222
0,0.06656589740167627
0,0.01670090515451378
0,0.09454450820566342
0,0.07528505494520556
0,0.07468808522185405
0,0.013362599040744477
0,0.09727391514780409
0,6.531037666080886e-05
0,0.00041296432768146187
0,0.006446205126637957
0,0.3376687059247612
0,0.001617388847200567
0,0.047633724329790524
0,0.011130562805644211
0,0.07519887717291943
0,0.029914615333905246
0,0.07529606353587255
0,0.0021508695012563846
0,0.07520921816326888
0,0.013246803418472132
0,0.024524467654904465
0,0.07072482020254413
0,0.0030701094431013153
0,0.07524360387875108
0,0.2162378228857946
0,0.07036290550955523
0,0.04924054605424705
0,0.000980346181595544
0,0.01491743252985187
0,0.07526275128209932
0,0.0032818826912300782
0,7.043913108273685e-05
0,0.04323036616922397
0,0.07526418212450016
0,0.03399063475083232
0,0.07519332662603356
0,0.07311585099827704
0,0.07529820785344064
0,0.07522222938463859
0,0.0010700037384136175
0,0.07177899676257611
0,0.04943283790118387
0,0.016284677643290273
0,0.05919438614146783
0,0.07531383115368422
0,0.0649222491464618
0,0.06423772268539438
0,0.22725519189371612
0,0.0004617300848876056
0,0.07527173353568975
0,0.40313848083522913
0,0.0016272911056062326
0,0.6224752959769169
0,0.07309908998652001
0,0.0031690949700155266
0,0.0062497928589834734
0,0.05396013926552402
0,0.028689132649071143
0,0.010498962184366323
0,0.004452918756559568
0,0.00038161359393057285
0,0.02676657662603134
0,0.7921806002809318
0,0.07528692442236752
0,0.0018559551757128846
0,0.027580809993375435
0,0.004543487404852038
0,0.007917568937540165
0,0.008309182617177785
0,0.0007098642423674752
0,0.09251240821010648
0,0.043683590680148314
0,0.008581242282460088
0,0.002453118868432046
0,0.0034422289786111954
0,0.004418081928687605
0,0.9321662692609125
0,0.037160006993225435
0,0.011789973744320451
0,0.03589511893156058
0,0.0045159703686348494
0,0.07112277865384843
0,0.03723072013713362
0,0.6145414893541101
0,0.06000909903363295
0,0.05023737885393342
0,0.0625720217967505
0,0.0057284068954544225
0,0.07323683281839934
0,0.02439288692764034
0,0.07500904718535775
0,0.07527821042557195
0,0.07365836631408068
0,0.006026328993146941
0,0.07523803772004316
0,0.010319809181827306
0,0.002067736561054963
0,0.05480862087750511
0,0.10372634716718998
0,0.05808490696626996
0,0.008589751636420733
0,0.0752949009207698
0,0.07532056788806049
0,5.24568614099411e-05
0,0.07532365075223468
0,0.05025199198573775
0,0.8370704779048056
0,0.0034945961054433415
0,0.01414463137362757
0,0.06056522633132247
0,0.07126999391995537
0,0.07525704922880957
0,0.0752598626959158
0,0.008898370309315635
0,0.07522786315628031
0,0.03481082431594498
0,0.05888913744007013
0,0.5187560447116842
0,0.0004854661290098683
0,0.06972099447591802
0,0.6011104385090131
0,0.002921229329359293
0,0.019569982787288
0,0.0038658770480829658
0,0.007156011575323097
0,0.07497010821067772
0,0.0680763679178079
0,0.03462963147998186
0,0.07528212849538639
0,0.06108502335041295
0,0.329894455126003
0,0.03988969203821321
0,0.07461518407571212
0,2.1912043510314685e-05
0,0.008122248911589683
0,0.07521689921660002
0,0.031120338993806226
0,0.0007506879355795907
0,0.005331721763110286
0,0.07505040020063236
0,0.21274251009251585
0,0.04030564653473467
0,0.07529702001263043
0,0.07440253411948726
0,0.06124744198575959
0,0.07474125105139258
0,0.019498383873756794
0,0.07521948433917879
0,0.07526850368798767
0,0.07531349647231503
0,0.06981120898628825
0,0.07519415093616906
0,0.06984599586336246
0,0.07526171414708648
0,0.0008976664608387351
0,0.05087342837677149
0,0.30136128006955315
0,0.004038011892789111
0,0.043250239295285944
0,0.07471263165075215
0,0.0752960698243772
0,0.020552235076781927
0,0.025884684663010093
0,0.00010510025281359876
0,0.0011776799039746274
0,0.007021685067044117
0,0.001849004150345648
0,0.02933613330550521
0,0.0533145344602759
0,0.07531405417179916
0,0.01599430831904483
0,0.00905347697197344
0,0.03786733484161835
0,0.03084750723486136
0,0.06620128273947445
0,0.00020726788208391326
1,0.9102263371001601
1,0.9047742529777951
1,0.9898211167893479
1,0.9047809583030684
1,0.772737130991353
1,0.08385725353373295
1,0.7983478939448013
1,0.9047571673056478
1,0.6290606606909566
1,0.9047468551723009
1,0.9226902271642041
1,0.9048332543491195
1,0.8920294979014678
1,0.9106753857710591
1,0.9047064889317024
1,0.9355909620520784
1,0.9135583480306763
1,0.721276327068911
1,0.08385725353373295
1,0.9047808814615014
1,0.9362456027490704
1,0.14081135547850682
1,0.9956015691999333
1,0.9047548327097386
1,0.9075057720398588
1,0.905061068227715
1,0.9072786621132324
1,0.11711155572680218
1,0.9047700479002239
1,0.9046927624553028
1,0.9118270028845792
1,0.8642485189441356
1,0.9101657351499964
1,0.9086819980796642
1,0.9139566415000758
1,0.9048564294461254
1,0.08875220196955842
1,0.6049008300852792
1,0.9106413095182792
1,0.7983478939448013
1,0.11404841568525609
1,0.9074708503677424
1,0.9064618033908549
1,0.9887997257539635
1,0.9048163302224762
1,0.9999998897076002
1,0.01944782947302413
1,0.9773243374148515
1,0.0924394366387668
1,0.9181682849988101
1,0.28242219297862736
1,0.9818256497499568
1,0.23313747607964938
1,0.9120083954564222
1,0.06696337528069185
1,0.9047833206716692
1,0.649711383374576
1,0.9067211292520588
1,0.904835243585421
1,0.9071978179699106
1,0.11812456727909175
1,0.9048018939882515
1,0.7971445261446732
1,0.9097994342887522
1,0.9069347689731019
1,0.9063545096998907
1,0.14545160312086938
1,0.9064574625639241
1,0.9138615984723133
1,0.9180106541268731
1,0.907522005092058
1,0.9055197762918583
1,0.9047854556926406
1,0.2543996820209443
1,0.5713830109978018
1,0.9050253639579995
1,0.9053176625441299
1,0.9048385321439277
1,0.5706534343048438
1,0.8082083769940914
1,0.9115267596006003
1,0.909054386727863
1,0.9123870536848401
1,0.9109404935619169
1,0.9696900852923406
1,0.9068682098649099
1,0.16770436515951412
1,0.9999999664220155
1,0.11329097314760855
1,0.9177249865685465
1,0.6048995867868228
1,0.0612789263144346
1,0.8834850158973719
1,0.9047743049368034
1,0.9047516229847511
1,0.9193637171505248
1,0.9071626984412038
1,0.9062515452140185
1,0.9047368752522946
1,0.904780999692131
1,0.12924526242665135
1,0.9055352664463805
1,0.904826578887478
1,0.35034840690513763
1,0.9051920248303275
1,0.9064887956780349
1,0.8737881122698646
1,0.9378327394051719
1,0.9848589551593213
1,0.7560463348140104
1,0.1016004066470349
1,0.08455355185716153
1,0.9072517245767512
1,0.9999949495696797
1,0.758820772421653
1,0.9047546836655629
1,0.3184980415780208
1,0.9176183213368326
1,0.8911178837987493
1,0.9757778697865859
1,0.07993276929565146
1,0.9133697381987891
1,0.9999943092191216
1,0.9330993773565522
1,0.9047822131066178
1,0.904740823892468
1,0.8082083769940914
1,0.9300397331793836
1,0.8810659395972025
1,0.9131613835262343
1,0.9193170896159946
1,0.9128213743287816
1,0.9046928925591207
1,0.8810660676441641
1,0.9045677676902144
1,0.9362896652022586
1,0.9564957331365063
1,0.9048501369040686
1,0.9766429459363148
1,0.9051276611277868
1,0.9085616590091216
1,0.9570134071283384
1,0.9057712054332924
1,0.08875220196955842
1,0.6472573322149728
0,0.001182959148378876
0,0.07526275147743129
0,0.002334917301599279
0,9.441179362967602e-05
0,0.04022473181332923
0,0.0011223003466709375
0,0.07533080634370524
0,0.0005269249945428203
0,0.026272337760989795
0,0.029788198319603745
0,0.006931176581600255
0,0.0012148553260312017
0,0.0432683382133499
0,0.07194944093560628
0,0.0752684092788037
0,0.0005966587581345901
0,0.07255216359673325
0,0.0536419666771889
0,0.0004508784913847248
0,0.06088983740478637
0,0.08022013946541998
0,0.035342884867654356
0,0.35475407706286294
0,0.0675642719903095
0,0.001832982776759838
0,0.06882397209049224
0,0.06079807433776517
0,0.00028551475256048117
0,0.014283078082254987
0,0.07152501406084426
0,0.02551437037476136
0,0.03867982557987241
0,1.183564348272728e-05
0,0.0732869270385256
0,0.35590251457764416
0,0.07532150495172764
0,0.07432267264984775
0,0.07223402434804768
0,1.0125956422136502e-05
0,0.05590375855336815
0,0.0749930738786121
0,0.025683021159946917
0,0.07253071765507663
0,0.07531391317680663
0,0.001988942643835632
0,0.0005048758162115914
0,0.07238041243898376
0,0.0022060346353833075
0,0.06099007170395852
0,0.01602243551362397
0,0.011598085516457269
0,0.010125886992447137
0,0.07529313115351034
0,0.01582886404860236
0,0.061199784843005166
0,0.014138857195240502
0,0.07329250259422417
0,0.002817004314808297
0,0.07111580871143526
0,0.00025581492439547633
0,0.8028148244984386
0,0.07526838604889502
0,0.02756879892199102
0,0.07526410094436323
0,0.4589384199984306
0,0.07528438138034685
0,0.0015447129358866513
0,0.027835057717664233
0,0.046397473808709566
0,0.3304238459416758
0,0.04962009473691635
0,0.03773832716425925
0,0.07526838161799598
0,0.07497491786174512
0,0.029143833346220997
0,0.171951766335499
0,0.01899908284992954
0,0.00038506022098165014
0,0.06067920416979001
0,0.07304952043618564
0,4.7303862791270263e-05
0,0.055525123568958036
0,0.022524202769329635
0,0.006505487994581846
0,0.03206471738533207
0,0.06919042270992183
0,0.025300944269689117
0,0.07526418903132556
0,0.022878434174691487
0,0.124015120966767
0,0.07297102451651513
0,0.06326694489118971
0,0.021385238360858348
0,0.01799452976461468
0,0.024026356963043727
0,0.0011578178159874905
0,0.0753308796136223
0,0.00027476683066348533
0,0.9323883933619365
0,0.00848813077917692
0,0.002040363537050206
0,0.056481262090911304
0,0.007317228657237085
0,0.004199885396496494
0,0.1809769631191258
0,0.049507981769104266
0,0.06769595449368745
0,0.3824188023781162
0,0.016129889513346533
0,0.07526467591498011
0,0.05274517481734438
0,0.0721684092862349
0,0.0753095163912453
0,0.01405625165905561
0,0.05625477716476263
0,0.009680745222937525
0,0.025687897743025986
0,0.07526141328221021
0,0.0005711717500045021
0,0.026719161257567115
0,0.02566271833626556
0,0.010339350491261196
0,0.0041934785318276276
0,0.0751892770212576
0,0.07532844721252273
0,0.018660490683417106
0,0.007262080946731997
0,0.021686191841629857
0,0.02983183124847469
0,0.07390032442645025
0,0.898999863921047
0,0.09851867541479303
0,0.03445189604900019
0,0.022445590961730655
0,0.002263636595112333
0,0.013307873304635764
0,0.030070754182996966
0,0.0013686201352833259
0,0.07526410001846379
0,0.07519429870637047
0,0.003063117015206204
0,0.04277633992719912
0,0.07373784642409115
0,0.038368949242521856
0,0.30174325069568486
0,4.412618282515763e-05
0,0.015101600356632683
0,0.9625284893930042
0,0.01291571862288673
0,0.03916851715326669
0,0.004531982191559155
0,1.5662194978122166e-05
0,0.07349598130229101
0,0.01786733684449116
0,0.06574002056673005
0,0.01526406615860854
0,0.07319726788730838
0,9.758310619473042e-05
0,0.05967272769912343
0,0.92175230491392
0,0.03836350740158347
0,0.055509635937452034
0,0.017464642606250164
0,0.07014882750999511
0,0.7480442728699248
0,0.0026451652897194248
0,0.0008654956869431904
0,0.08010995814668288
0,0.05843008666646021
0,0.06896327841638446
0,0.02217768976432745
0,0.025981137846244097
0,0.007329115515016352
0,0.0022398065381943294
0,0.07532374281574424
0,0.031069205232533263
0,0.08385724800071433
0,0.012145255987702363
0,0.02531422199301168
0,0.03259819412226419
0,0.06250173733538757
0,0.02717872665455123
0,0.07521053016985155
0,0.07084046943118834
0,0.023830698446619836
0,0.007235407411107125
0,0.0004231962174054835
0,0.0003260737389426273
0,0.053534801445630636
0,0.06864020992978286
0,0.02535937376790468
0,0.005249388027995239
0,0.07468987082692813
0,0.0753046541970215
0,0.042995303828321146
0,0.03684368278158793
0,0.07524611691397792
0,0.07379575951474665
0,0.001292142920339929
0,0.04840502904862183
0,0.019434974046737483
0,0.0002554737469194388
0,0.0014401981101934695
0,0.044479910925455626
0,0.07522785743919527
0,0.07282403047251479
0,0.0042131913368136575
0,0.06646518119881248
0,0.07526932759762577
0,0.07525787215937384
0,0.00020389395923136672
0,0.07527137321524972
0,0.014370792840915438
0,0.0029284285200312874
0,0.07526838403386175
0,0.04448967197755008
0,0.001093159049397133
0,0.0077249520759316015
0,1.1413013706035382e-05
0,0.39098526107215004
0,0.002897005017135862
0,0.07607496150605239
0,0.5324016872810758
0,0.8032716661252787
0,0.07514107702190735
0,0.008836040363756988
0,0.014051894853469133
0,0.06177316999263882
0,0.07139995567087354
0,0.04154431138556577
0,0.01997665784086001
0,0.069751786450797
0,0.0076200166748519385
0,0.07526365951896669
0,0.0725126028133534
0,0.060782055001735405
0,0.07522786038571884
0,0.0055756261100389755
0,0.02603373936288685
0,0.014035242211665647
0,0.022922341871945924
0,0.0065054871816139295
0,0.028926712107429715
0,0.060646827885630215
0,0.002453522828875846
0,0.06775358625508456
0,0.07346617962228888
0,0.07519372480915566
0,0.07215762727194551
0,0.009601846977844556
0,0.014300190092295046
0,0.026522181554552618
0,0.00022057914775294886
0,0.007466206826938139
0,0.06527118222006553
0,0.07523049712852717
0,0.07520920964415732
0,0.07519482584144425
0,0.00205606321038597
0,5.692356645296177e-05
0,0.013246764471033274
0,0.02236043490460288
0,0.07533399542500456
0,0.05265149881793684
0,0.0005526716154711926
0,0.024398582157120565
0,0.003379609429407494
0,0.07481908812813566
0,0.07267206421751246
0,0.07530487259721116
0,0.07460457640980812
0,0.07525693293051848
0,0.9257961004775951
0,0.07527820382304494
0,0.005370941462688885
0,0.06916182156093544
0,0.06783995523925232
0,0.0468602825263815
0,0.010769335648751188
0,0.004443413362038399
0,0.04579439337911455
0,0.07524952946327772
0,0.011427960308986589
0,0.018299662831320725
0,0.07529199357720773
0,0.00031549457209880484
0,0.07528566850303026
0,0.0023385202905118986
0,0.02545439527378257
0,0.04943283790118387
0,0.0025657416425645726
0,0.07505983653375177
0,0.07533119160511685
0,0.07115688984810739
0,0.05919436803513447
0,0.04450069843346535
0,0.0011796042053503306
0,0.020951132827210558
0,0.0752683816121521
0,0.0134686335484058
0,0.2274283068309486
0,0.06670734100793489
0,0.47900480854764965
0,0.6224752959769169
0,0.07624537816944382
0,0.04018994233167327
0,0.0596218134675759
0,0.07383184878569597
0,1.0241556078684102e-05
0,0.011970291391156246
0,0.057017888875331914
0,0.00467567006808018
0,0.016399868523209005
0,0.004452921155199877
0,0.0029221807093325475
0,0.005449965807183358
0,0.000947448140409879
0,0.18813182647156848
0,0.008900815148667696
0,0.03146112657890848
0,0.002614575962136325
0,0.007917568937540165
0,0.006980058110855827
0,0.008309182617177785
0,0.07522239226691645
0,0.0052217683084321825
0,0.07268514009557032
0,0.07246799090247033
0,0.010154149319807652
0,0.043683590680148314
0,0.07249942279021324
0,0.012105853698901376
0,3.285615788186138e-05
0,0.07519472405602887
0,0.07528392239987386
0,0.02329081664824074
0,0.03459496634573251
0,0.003442231456925303
0,0.07700609576426963
0,0.006533585464318432
0,0.035895062818742975
0,0.0045159703686348494
0,0.012204286258073755
0,0.06243498323533186
0,0.07112277863968161
0,0.03281280307126272
0,0.050237359874252464
0,0.07532356656086482
0,0.07012857612231874
0,0.0752683855540888
0,0.014433116169252162
0,0.07523803772004316
0,0.08938646703719207
0,0.001986392101539491
0,0.08104979753029702
0,0.07531349653772873
0,0.05480862087750511
0,0.0737937698697831
0,0.07517589841370152
0,0.010164175379095468
0,0.008589739951441354
0,0.0180050996838993
0,0.03803570591678076
0,0.07133862293213844
0,0.06633553650013575
0,0.005398286088507021
0,0.07139240952460568
0,0.07519887500349222
0,0.03962602071790913
0,0.05666950383973208
0,0.01528846679698968
0,0.002371161408059593
0,0.07036290501644489
0,0.0003260387564508463
0,0.00733423827969693
0,0.0072058864991169464
0,0.06598493932826427
0,0.07522786303552709
0,0.06972737184076819
0,0.0001957068209544047
0,0.0077630027970145175
0,0.06281644508753764
0,0.0004854661290098683
0,0.07246798991216945
0,0.0752651172462037
0,0.00021913911708854687
0,0.03988969203821321
0,0.0029843481252208393
0,2.1912043510314685e-05
0,0.07489554931480283
0,0.07521689921660002
0,0.008168634928445535
0,0.6152483099100542
0,0.033058818076088355
0,0.7472024788322885
0,0.0004682799188500639
0,0.01893076073320731
0,0.07523124340924833
0,0.07139242603255741
0,0.0404245175250039
0,0.014353068123917501
0,0.07531847157212733
0,0.07516529330590384
0,0.07077771363852614
0,0.20483214831854565
0,0.019498339938978405
0,0.12540037956938407
0,0.003978494095221223
0,0.07306212290818125
0,0.07531349647231503
0,0.06981120898628825
0,0.05789822056066228
0,0.3019545679467729
0,0.029461828431145195
0,0.00028829066940068405
0,0.00045303898382093656
0,0.008485840934874821
0,0.06081704470401505
0,0.00010510025281359876
0,0.000724127498953682
0,0.07501275649823372
0,0.009053480343273525
0,0.0006214838167332429
0,0.006711158839887018
0,0.05030386695077369
0,0.03786733484161835
0,1.5449421599780936e-05
0,0.8980070103726515
0,0.020029355334633226
1,0.9060524518436267
1,0.9089582017994876
1,0.9048013851020714
1,0.9999941748024047
1,0.9046697806134271
1,0.9898211167893479
1,0.09777739959509635
1,0.9142025003478738
1,0.914274359224393
1,0.9047138282577153
1,0.9551492120286733
1,0.7018691895165347
1,0.9364514201529293
1,0.8920294979014678
1,0.9257400411960005
1,0.9086768244818015
1,0.9047064889317024
1,0.9047742529777951
1,0.9048155373402885
1,0.9048146679846513
1,0.9047933313213008
1,0.9047808814615014
1,0.3960694177467485
1,0.06287144422735723
1,0.9075057720398588
1,0.4809873547383167
1,0.9048009795867804
1,0.9370965263182635
1,0.9234930787073719
1,0.7808249943882551
1,0.9048100321054965
1,0.9048044566593517
1,0.9163213064917509
1,0.463953723040268
1,0.9137728344607373
1,0.9262505391755952
1,0.9105338898614527
1,0.9046958893185515
1,0.9086819980796642
1,0.9999999165892755
1,0.08875220196955842
1,0.9242454080790523
1,0.9118269943818472
1,0.9900175574598382
1,0.9678593516172891
1,0.887171157299495
1,0.947490589101837
1,0.4539735290272874
1,0.9114326793213492
1,0.9047586179063496
1,0.9077169868032557
1,0.8836037922546323
1,0.9056637257756442
1,0.9081733529170225
1,0.9069189179892698
1,0.904780999692131
1,0.904791298185672
1,0.8300872976540801
1,0.9053443894825489
1,0.91208743308752
1,0.8630242800904432
1,0.9779416888231698
1,0.2189632177813953
1,0.6132273627343678
1,0.9154689459073844
1,0.28242219297862736
1,0.9155950334111019
1,0.999992608910535
1,0.9709197765105829
1,0.9048155373402885
1,0.9046960533468111
1,0.9999997567404619
1,0.90479526974941
1,0.9131433510342496
1,0.546702461088404
1,0.9143129104938518
1,0.07535307576240047
1,0.9048161212479895
1,0.910409218689709
1,0.95613776513936
1,0.9048764211094343
1,0.9047093102914352
1,0.9749585297511582
1,0.9048897863426112
1,0.9064598110018083
1,0.9999999662938519
1,0.9066423316742851
1,0.8661916751955074
1,0.5706535442646
1,0.7776942833867097
1,0.8911181313281537
1,0.9046885845980638
1,0.8695573708787908
1,0.07554402284938844
1,0.9107346270072774
1,0.9109404846239632
1,0.9999844334812195
1,0.929590805549709
1,0.9064887957299627
1,0.5674341029151002
1,0.07706275014984725
1,0.7806033636678993
1,0.866751185316453
1,0.9105835239803232
1,0.9837871653302206
1,0.9120639419202325
1,0.8658518479338734
1,0.9050253640771415
1,0.5140709233061775
1,0.909410864212983
1,0.9131845830712172
1,0.08455353039711945
1,0.9086297330488162
1,0.9048227046728305
1,0.914654408545187
1,0.9053364046518129
1,0.9366894513081578
1,0.9538780180458246
1,0.9323118326821029
1,0.9999999471639516
1,0.9049738436685282
1,0.921275894009744
1,0.9061424545953475
1,0.07844071258896317
1,0.9791727670271436
1,0.8147825344468252
1,0.9095965919088667
1,0.9070810010207611
1,0.8077702390767986
1,0.9047979203263513
1,0.019447870207467844
1,0.9228014755588505
1,0.7971445261446732
1,0.9766429529579304
1,0.9103570841227098
1,0.9085616901695476
1,0.2942273749826823
1,0.9999999644255294
0,0.06953032749485563
0,0.022450283004323158
0,0.890982062807956
0,0.07512690512272294
0,8.817274432875611e-05
0,0.07141486132169286
0,0.07531390159766774
0,0.0007575214546856593
0,0.8429905892311798
0,0.07522406823748959
0,0.00021989174714755612
0,0.0021147147040427024
0,0.06928534281932408
0,0.08076355294143286
0,0.004455250826519439
0,0.35475361223364243
0,0.2745006762192448
0,0.0018329817974111892
0,0.06882397209049224
0,0.07368802959625849
0,0.0002293323303629457
0,0.000154429840696298
0,0.04381190249682429
0,0.006748794588887674
0,0.07524949444295936
0,0.013099537772319597
0,0.08773706558370034
0,0.002383317771647367
0,0.008256236231154648
0,0.003050376562233179
0,0.014069076332937578
0,0.0002370725433418526
0,0.01632525962913408
0,0.07466263842069021
0,0.025016602013274634
0,0.07149935066547644
0,0.6949367675379874
0,0.07253071765507663
0,0.001988942643835632
0,0.075268398574388
0,0.07238041446512758
0,0.07472384995129588
0,0.06099007170395852
0,0.05979118400187675
0,0.07079841339620546
0,0.07529303580605802
0,0.0006778740905357956
0,0.019556179600959483
0,0.9257963059489407
0,0.023463681364986392
0,0.020750029470813437
0,0.002132037724840344
0,0.07501008228287945
0,0.07395498724928157
0,0.00032417747674989573
0,0.004047490599806031
0,0.026183215311546135
0,0.004483631713808078
0,0.04962009473691635
0,0.03773832716425925
0,0.07511027415291154
0,1.550359775247918e-05
0,0.029143833346220997
0,0.21166334766528605
0,0.01161939508836093
0,0.02299483926381779
0,0.07531376333724778
0,0.008266784027790705
0,0.07522785728156944
0,0.17195172719172122
0,0.06589551138038063
0,0.007128980058369761
0,0.020951716511969913
0,0.0742400085943777
0,0.0035496068262354176
0,0.002165235382634727
0,0.06432873465106961
0,0.0009646844479664019
0,0.29551318476454247
0,0.09640853777681159
0,0.0751711363118462
0,0.014249702972037917
0,0.06919042270992183
0,0.9048405317328236
0,0.03557137635053066
0,0.07526417175898237
0,3.449525853086374e-05
0,0.027738412368548133
0,0.01600437517133303
0,0.021821505875575076
0,0.020988174251887377
0,0.04861830516274576
0,0.07530250568872439
0,0.008362140567008559
0,0.034325350146753135
0,0.07472858166276271
0,0.011951459625823124
0,0.07522435405989139
0,0.014117071663133134
0,0.075327053221656
0,0.07497231926779509
0,0.024102920021972948
0,0.061046060657986796
0,0.0743647468754426
0,0.009454178240686197
0,0.00707445984454277
0,0.07509435165843535
0,0.0003784560094728868
0,0.002254483259359589
0,0.00011384884622718479
0,0.07528554636752996
0,0.00811866573515616
0,0.07531011572266187
0,0.037951519521366134
0,0.013435363002884278
0,0.12639888683502115
0,0.8719353124531806
0,0.07533781894987705
0,0.03389122576236005
0,0.00035920574332206994
0,0.016129889513346533
0,0.03742323838860404
0,0.3185328654491475
0,0.01606482030594495
0,0.04478032754892656
0,0.01750560631891888
0,0.014056241950245622
0,0.06796302331658577
0,0.03443241253781062
0,0.026719161257567115
0,0.006740254116967247
0,0.028147832832369074
0,0.06791081423521683
0,0.0041934785318276276
0,0.018660490683417106
0,0.07584812569936636
0,0.8292958895040702
0,0.05287743081017938
0,0.011471511709345829
0,0.06432764789896592
0,0.07102605051202444
0,0.006123998874149886
0,0.05727772986630362
0,0.07390032442645025
0,0.0985185993847381
0,0.02244559476536882
0,0.04979201295066251
0,0.07526841171048096
0,0.030070754182996966
0,0.0022059766852653975
0,0.5099498802575729
0,0.003063117015206204
0,0.01856901587609228
0,0.014206796440107276
0,0.07525986078500158
0,0.07053066125260354
0,0.03846196067912314
0,0.03935903641126229
0,0.06613999205169269
0,0.0008070750495407647
0,0.0003554167747186655
0,0.07533427188964137
0,0.05967272769912343
0,0.01027886667411535
0,0.03809293500682139
0,0.0007205386840242579
0,0.07524764433535051
0,0.0015070191382581886
0,0.017464642606250164
0,1.1684297289692033e-05
0,0.01538426493209726
0,0.050497934563611326
0,0.08737501088007715
0,0.013098257259273842
0,0.07391378580126197
0,0.028596603079075668
0,0.07532704763940844
0,0.007298344096297144
0,0.06431967290779741
0,0.0027127344092263955
0,0.001983792040444226
0,0.1872081580531107
0,0.07351367414037042
0,0.0752022250626527
0,0.0895961418622089
0,0.006378400141535756
0,0.023830698446619836
0,0.07400316429790135
0,0.040430894453318725
0,0.0001513627780743403
0,0.016972718679595027
0,0.02468185302737366
0,0.0009069497781658205
0,0.07110857177417981
0,0.075304844876462
0,0.004805065079421808
0,0.0003229877732999054
0,0.01788773511887997
0,0.02778953493437478
0,0.04840500634071389
0,0.0038591242735645267
0,0.026465512868315336
0,0.006697278870554158
0,0.006803506765105402
0,0.07525787215937384
0,0.06253932528896465
0,0.07529733803543194
0,0.04346039745863679
0,0.017130109894359247
0,0.02425044566218382
0,0.07522136279563026
0,0.0032861138643022854
0,0.39098489474282994
0,0.01877411730407189
0,0.004756638708562087
0,0.10128875750677704
0,5.3263372708978746e-05
0,0.0221011392900321
0,0.07283504069025358
0,0.004189031516065573
0,0.06177306781346492
0,0.0003084186458207875
0,0.001214698393491111
0,0.009615677316437149
0,0.01572564118360547
0,0.011173745301578093
0,0.07531334030993586
0,0.004442185813065008
0,0.07438367313778207
0,0.060782055001735405
0,0.026033738959497774
0,0.034807522825793503
0,0.07519448122307502
0,0.07531391927278253
0,0.06775358625508456
0,0.0030652279733294477
0,0.008031978210293793
0,0.01991920039579937
0,0.0011187120663583914
0,0.07533712834184712
0,0.02002610949534636
0,0.38267875669106727
0,0.005483240748044147
0,0.0002205789893784054
0,0.07102090936934222
0,0.01670090515451378
0,0.0752850732621901
0,0.072478863007555
0,0.09727391514780409
0,0.19874978720886513
0,0.00041296432768146187
0,0.07530241806085688
0,0.06717528639980835
0,0.001617388847200567
0,0.07512149043521654
0,0.014251743834355778
0,0.07508558064977902
0,0.0027362659958885004
0,0.013246803418472132
0,0.02236043490460288
0,0.009427009847888709
0,0.07315311945619535
0,0.07524360387875108
0,0.0527587499208465
0,0.07522125241260949
0,0.049105271827518455
0,0.06760555170478576
0,0.025349164738301455
0,0.07524566456277912
0,0.07487947263633137
0,0.01491743252985187
0,0.06783995523925232
0,0.07311585421221008
0,0.031139134370451967
0,0.07522574330031336
0,0.026457017352120735
0,0.00031549455744907636
0,0.03262957444436593
0,0.07177899676257611
0,0.06309986039943274
0,0.0541427046226267
0,0.040828039202101346
0,0.005963314745280949
0,0.34169068385369783
0,0.06985376917219559
0,0.07531963365710415
0,0.07485084231654536
0,0.0071442283485461935
0,0.033817550253764456
0,0.9085504191466717
0,0.01176926489928193
0,0.0006779951111607156
0,0.07526838732926172
0,0.0596218134675759
0,0.022742918245712007
0,0.07667608594239012
0,0.005449972349606717
0,0.02712258758295842
0,0.07487532804951495
0,0.0009474477860238899
0,0.00817184535708953
0,0.07528692442236752
0,0.07505754009324636
0,0.000836382490805178
0,0.04879796466441054
0,0.008309182617177785
0,0.07268514009557032
0,0.07246798617427862
0,0.06311311978314865
0,0.05404964135836015
0,0.0064932366300574276
0,0.09251240821010648
0,0.9052162604655775
0,0.0681069926912164
0,0.016131961900929012
0,0.04763371872139244
0,4.066577760839989e-05
0,0.0551863703963006
0,0.033412792253942926
0,0.015950561248867293
0,0.06762021413873355
0,0.05044812707392588
0,0.9325106890061684
0,0.037160006993225435
0,0.07907161822171731
0,0.07507770128656652
0,0.07502469714355586
0,0.0027470450968607647
0,0.07529166844221165
0,0.06515855091276171
0,0.016564074095263222
0,0.029697689687302572
0,0.011114518263322104
0,0.07323683045415079
0,0.02439288692764034
0,0.0006819774501068943
0,0.07325125942868911
0,0.07509592924814264
0,0.08104979753029702
0,0.03067909375111518
0,0.07531349653772873
0,0.07508100655316155
0,0.07517589841370152
0,0.05808485785872509
0,0.006505488592147207
0,0.008041277486917473
0,0.07526909924943298
0,0.07532056788806049
0,0.06735686525409156
0,0.008509031823821882
0,0.8302761297193773
0,0.005058725964647648
0,0.8981567192486053
0,0.0034945961054433415
0,0.07250399243916349
0,0.020494134551894777
0,0.012857027882819796
0,0.022767523184017542
0,0.05666950383973208
0,0.0015648782403859202
0,0.07036290501644489
0,0.0003260386057877742
0,0.07525704922880957
0,0.06275237620268499
0,0.07519389394715105
0,0.07533470031336519
0,0.006851566710650742
0,0.0752598626959158
0,0.03064641290742478
0,0.005921052761027344
0,0.008898370309315635
0,0.5853111634856085
0,0.05803863348167227
0,0.00807691613921754
0,0.01590034863800678
0,0.00048459177460360195
0,0.001859053864531546
0,0.002921229329359293
0,0.025810303451827797
0,0.004923165485848456
0,2.1457267281715862e-05
0,0.0680763679178079
0,0.035261925298001554
0,0.0042760960552262585
0,0.06665941590831412
0,0.006216200306740394
0,0.065445439793913
0,0.0071460009909646415
0,0.9144567447618482
0,0.07534679305897563
0,0.6152483099100542
0,0.008234306013885737
0,0.07520291646910947
0,0.0018967339501506405
0,0.031906878640559785
0,0.07414484580737499
0,0.01893076073320731
0,0.07524933006050671
0,0.07925242400445692
0,0.07407337040654073
0,0.07526850368798767
0,0.07306212645916974
0,0.07499795671554955
0,0.025739348248058763
0,0.07525417871223894
0,0.06984599586336246
0,1.048851420788609e-06
0,0.06157962343508225
0,0.018539833168482872
0,0.07244044806083014
0,0.07532409608411307
0,0.06081703089452715
0,0.07471263165075215
0,0.07295076615474147
0,0.007398576513342157
0,0.07296576005739511
0,0.0011776799039746274
0,0.0003008676415745472
0,0.07460290740915348
0,0.07529299671740838
0,0.0011060817822938244
0,0.07531359205060058
0,0.07377225855195715
0,0.0010418583397574746
1,0.9234930072059558
1,0.9140235693913022
1,0.9048019121701837
1,0.9065484879583291
1,0.07519384851191811
1,0.9047876979629468
1,0.7727375286291928
1,0.9265391985610553
1,0.09784033247448153
1,0.048499509741344114
1,0.9090142375781592
1,0.0910154757285933
1,0.9109789087861965
1,0.9048146679846513
1,0.9182200630282239
1,0.90471445905355
1,0.9047858251313284
1,0.9672910853333616
1,0.9047742529777951
1,0.9135583513364085
1,0.9044626792824536
1,0.08385725353373295
1,0.1688100312379529
1,0.8961879368652407
1,0.9047889507640361
1,0.952828362156287
1,0.3960694177467485
1,0.8533039774426586
1,0.37332578314023024
1,0.9075057720398588
1,0.6953181958926099
1,0.9048320298162139
1,0.9120438695227775
1,0.9047680822773752
1,0.9103239160408644
1,0.9163213064917509
1,0.463953723040268
1,0.9046987714467163
1,0.9105338898614527
1,0.9115500432793333
1,0.904808680186312
1,0.9054574528116489
1,0.25439958925885925
1,0.9999999165892755
1,0.9212803909973173
1,0.7983478939448013
1,0.9048227057618423
1,0.9068867016145203
1,0.9080127252298463
1,0.9047474005958512
1,0.9064618033908549
1,0.8661916751955074
1,0.9474905812131735
1,0.9147994663983913
1,0.7239766714230937
1,0.9999998897076002
1,0.8836037922546323
1,0.9057712071306655
1,0.887171157299495
1,0.9052397085526933
1,0.9292195735204469
1,0.9175222362320984
1,0.07445670939940122
1,0.2189632177813953
1,0.9165256916058424
1,0.9049625675218274
1,0.906088015149238
1,0.9165132076852381
1,0.906642375670605
1,0.23313747607964938
1,0.9132917516983153
1,0.11505287821897917
1,0.9085688998856747
1,0.39128302826239086
1,0.9579654835046502
1,0.07500009896636933
1,0.91193212591989
1,0.11505246055786716
1,0.9308390940636412
1,0.8077700611437935
1,0.9131433510342496
1,0.9143129324648304
1,0.07535308519418894
1,0.11608641782447304
1,0.9048552917448048
1,0.9046948266188083
1,0.8797297004885779
1,0.9048764211094343
1,0.9087704903491517
1,0.9749585062106164
1,0.9064598110018083
1,0.9279191217929827
1,0.628931344622469
1,0.9179810395013523
1,0.3178144828077499
1,0.7220879694244716
1,0.9112890343375961
1,0.9095137892478701
1,0.9999916982762844
1,0.2543996820209443
1,0.9166891631534069
1,0.5713830109978018
1,0.9053858176880084
1,0.796933109426701
1,0.07497600723943439
1,0.8642485189441356
1,0.9115267596006003
1,0.14709432584351068
1,0.9047646777433327
1,0.9165033309000169
1,0.9097530344885058
1,0.9798756985932506
1,0.9107579927115406
1,0.9068682098649099
1,0.9071943280181791
1,0.9048552442217717
1,0.07706275014984725
1,0.9807244836874515
1,0.9083686983177421
1,0.8834850158973719
1,0.904824032182591
1,0.9046864145369083
1,0.9193637099682962
1,0.07545738469144662
1,0.9047449974726779
1,0.7256640819002519
1,0.9837871616057845
1,0.9610806429812082
1,0.9047068928160542
1,0.37945503511658113
1,0.8737881293614616
1,0.5140710189294194
1,0.9047939643994765
1,0.37332561334050385
1,0.9999914025036116
1,0.9048296588967273
1,0.9050257665306349
1,0.7428994953905048
1,0.3184993362188941
1,0.9999943092191216
1,0.9047090391107976
1,0.9047869160557602
1,0.9212758904007566
1,0.5467025193242468
1,0.9048074402168266
1,0.07445670939940122
1,0.9095965919088667
1,0.9070810010207611
1,0.9114086390637935
1,0.01944782947302413
1,0.9047499729147989
1,0.17358138731606151
1,0.9095063161454862
1,0.6953185432812646
1,0.9047614603021815
1,0.9048055476386274
1,0.29928462638299463
1,0.09851858257190232
1,0.9570134217871391
1,0.796933109426701
1,0.9074372809225421
1,0.908351708201952
1,0.9054937332875684
0,0.07526275147743129
0,0.005448735011250518
0,0.07645035109084838
0,0.022450283004323158
0,0.07521935243514506
0,0.07518194439846657
0,0.07512690512272294
0,0.002186479372415578
0,0.07529154263982786
0,0.0028179938792416022
0,0.07459200943184388
0,0.0432683382133499
0,0.060889873378468566
0,0.08022013946541998
0,0.04980900913143658
0,0.004455250826519439
0,0.075327053214853
0,0.07496403249391752
0,0.016713449243406273
0,0.06893144026243389
0,0.03677589512907794
0,0.0020438651521113116
0,0.04547774642255567
0,0.0012948174082174765
0,0.8893288848345046
0,0.005870985190213429
0,0.011941409096832297
0,0.008256236231154648
0,0.04981369765175568
0,1.183564348272728e-05
0,0.06977895725828512
0,0.059680571608625034
0,0.01554836278131383
0,0.0591395582830793
0,0.0017215787546507903
0,0.07534108524519537
0,0.056961682245077375
0,1.0125948910881544e-05
0,0.019251054207346838
0,0.0016267773597937116
0,0.07238041446512758
0,0.002206037406218998
0,0.00749695613418154
0,0.07525248746890942
0,0.0024647887214984134
0,0.07175286626667907
0,0.07079841339620546
0,0.07504720373397468
0,0.07495040800921793
0,0.0006778740905357956
0,0.03772389434962136
0,0.00011434855496356596
0,0.02049365947486448
0,0.07501008296280062
0,0.1281601807497004
0,0.33114498823139493
0,0.008780095667090567
0,0.07526410225819449
0,0.04290329994067761
0,0.45893781035115655
0,0.011559570141185154
0,0.07472414057918322
0,0.9046027229488712
0,0.07395498724928157
0,0.002360413230675408
0,0.00858885251333455
0,0.33042393233993705
0,0.03228435454933075
0,0.9019450484140287
0,0.005890896483673758
0,0.03773832716425925
0,0.0008664318363625418
0,0.07526838161799598
0,1.5503588358257846e-05
0,0.07515521251789707
0,0.029143833346220997
0,0.012125878788113541
0,0.01849855370317167
0,0.00826678825347977
0,0.06534004310499081
0,0.007128980058369761
0,0.06647627540985382
0,0.07528386112400487
0,0.0002416755320428781
0,0.29551318476454247
0,0.022524202769329635
0,0.006505487994581846
0,0.07286855307186213
0,0.03644642701810172
0,0.0013070019050141798
0,0.025300944269689117
0,0.07528704578659672
0,0.039699551408826195
0,0.018628004749878507
0,0.07531349663764103
0,0.020988174251887377
0,0.022878434174691487
0,0.04861830516274576
0,0.2742487847640999
0,0.034325350146753135
0,0.008954444642627877
0,0.06712438111688537
0,0.05478176301298454
0,0.07522435405989139
0,0.01411708334816933
0,0.06293660420752735
0,0.0747735569143284
0,0.0467967552663076
0,0.07530817490490269
0,0.06137570709528696
0,0.07506010760334002
0,2.3044489061999365e-05
0,0.007074463612402778
0,0.0752802815367472
0,0.9323883933619365
0,0.002254483259359589
0,0.00011384873155580786
0,0.07528554636752996
0,0.9259882369722735
0,0.07531003367003306
0,0.9079317827082125
0,0.056481201305706594
0,0.013435361871815397
0,0.07459906402601428
0,0.07531867437669401
0,0.05004868835729693
0,0.06769596109527143
0,0.033817628020646244
0,0.011151734402625402
0,0.07526109072139299
0,0.0027649529258498085
0,0.0752522668179953
0,0.04226857984955462
0,0.011001024561755144
0,0.025687885626308634
0,0.0752683839842856
0,0.07531349652955222
0,0.009050008606438233
0,0.06791081423521683
0,0.004667956383972975
0,0.01218827657295661
0,0.006992517199486568
0,0.07082465854446789
0,9.972141802679986e-05
0,0.07532844489859965
0,0.03473107829660541
0,0.03991939940612049
0,0.05144318788411675
0,0.07209364088099929
0,0.07448612341247118
0,0.05350964210896698
0,0.07756756261978066
0,0.020260420394344846
0,0.898999863921047
0,0.0029792890855988878
0,0.012385305186643528
0,0.7499291663599877
0,0.07530329957790334
0,0.9140348778068355
0,0.0012050631935720479
0,0.07044613126858204
0,0.019719191194321802
0,0.06534363111321259
0,0.5099496087627455
0,0.06391196462395203
0,0.005180087945661637
0,0.0748545564500256
0,0.014206796440107276
0,0.8760628201127966
0,0.0050802484298529986
0,0.06684941137181538
0,0.03846196067912314
0,0.010645711833298861
0,0.040188009972543244
0,0.06567351452112441
0,3.3493200947408005e-05
0,0.07531609031290667
0,0.0753383616761595
0,0.07518834266513458
0,0.07224617570411393
0,0.022548401678311538
0,0.01613781539467641
0,0.07273349764030658
0,0.0752861949225822
0,0.07321859153314565
0,0.003387704423632955
0,0.03800114980418441
0,9.758319033295756e-05
0,0.028540355339592427
0,0.9217521720752995
0,0.048173024186176854
0,0.09696205577305585
0,0.07528904817922985
0,0.03139727091950334
0,0.8202931258668161
0,0.03806899762688889
0,0.05843008666646021
0,0.07532704775840408
0,0.07459905892587392
0,0.004689989882980752
0,0.02217768976432745
0,0.007376329198924611
0,0.07188510567543818
0,0.07284897684350738
0,0.07524319788870752
0,0.07531306803743959
0,0.0006303705044516149
0,0.07525569372426519
0,0.07533143279594823
0,0.019628423189763725
0,0.022554902593574653
0,0.07510606830274173
0,0.05353475394892322
0,8.680860002952176e-05
0,0.9133307665329925
0,0.006543120552142876
0,4.558652581788728e-06
0,0.006376053205202383
0,0.05827637675823545
0,0.0009247645424331905
0,0.07379575951474665
0,0.0638192449210347
0,0.06771723534666489
0,0.007840706847683484
0,0.006697278870554158
0,0.07205768668552648
0,0.016825253262729805
0,0.07515771496358085
0,0.07525439481928865
0,0.07531064935187776
0,0.001558951762955949
0,0.06458853485996094
0,0.0019771338459042757
0,0.0027737513793465824
0,0.0752810615677282
0,0.07521131951693756
0,0.0026528969004889365
0,0.000381173979366767
0,0.004756638708562087
0,0.07364549218704294
0,0.10128875750677704
0,0.00429287760716089
0,0.01532656012561694
0,0.014051902659625625
0,0.013543144558532139
0,0.00244580452952827
0,0.07275942989809829
0,0.05036480051546894
0,0.009615677316437149
0,0.07479375168936321
0,0.004442185813065008
0,0.07414481691081205
0,0.015527364491780129
0,0.03873418677281382
0,0.07490576466691284
0,0.04263615919775227
0,0.026033738959497774
0,0.034807522825793503
0,0.017309488930115066
0,0.01403521896264641
0,0.06775358625508456
0,0.09350732166141673
0,0.07531405596799709
0,0.001435667802570917
0,0.01602845461549529
0,0.0006687644255773214
0,0.1695721345984932
0,0.009601842046007288
0,0.005483240748044147
0,0.02652219764792104
0,0.07517613320606953
0,6.53104359502394e-05
0,0.19874978720886513
0,0.006446205126637957
0,0.0009780323624102951
0,0.015024635151130936
0,0.8044269659371929
0,0.07519797324559961
0,0.011130562805644211
0,0.050749847104096295
0,0.07520920964415732
0,0.00205606321038597
0,0.011898571172345239
0,4.222819561399819e-05
0,0.02236043490460288
0,0.00800865836218726
0,0.024398582157120565
0,0.0030701094431013153
0,0.04907592639221848
0,0.0527587499208465
0,0.2162378228857946
0,0.06864021540836023
0,0.03282962225726722
0,0.01491743252985187
0,0.005370940066104513
0,0.06653250901888126
0,0.031139134370451967
0,0.08714484568931172
0,0.06861097818802503
0,0.0752222402195967
0,0.04199746381469238
0,0.006706721217770811
0,0.07527265779492935
0,0.0010700037384136175
0,0.013163424588478021
0,0.013705757323116376
0,0.07533119160511685
0,0.07115688984810739
0,0.03502545729103154
0,0.005989241037641015
0,0.00876152210134071
0,0.06423772268539438
0,0.07531963365710415
0,0.07532705396405205
0,0.07508601904815312
0,0.07526838732926172
0,0.07624537816944382
0,0.04018994233167327
0,0.046027654522701085
0,0.1668876868379483
0,0.07667608594239012
0,0.000534450495192417
0,0.07524326734432976
0,0.0020340430077004598
0,0.0010190683230285255
0,0.07505754245670335
0,0.02072862323809554
0,0.0052217683084321825
0,0.029269597211072754
0,0.043683590680148314
0,0.07249942279021324
0,0.0762739659484264
0,0.05184752713409163
0,0.05084046124729726
0,0.0003654322556343897
0,0.012204286258073755
0,0.07519343394645189
0,0.0014741074275691473
0,0.07526837939236881
0,0.024392873522462572
0,0.07497493563344838
0,0.004114361970579706
0,0.024334090501099945
0,2.818343126038513e-07
0,0.05307631868937066
0,0.6865412487166555
0,0.06992937869977187
0,0.054808685453988606
0,0.0009423942943095371
0,0.008041277486917473
0,0.017766792098809863
0,0.0752684009875225
0,0.038035700395429285
0,0.03187647962325687
0,0.005398286088507021
0,0.00801045835939481
0,0.7516029560119603
0,0.8981567413158121
0,0.05025199198573775
0,0.0728801459806265
0,6.902186601056606e-05
0,0.07036290501644489
0,0.046833608684294536
0,0.05594367890008229
0,0.02049363208877327
0,0.025255134796054762
0,0.002247970370614604
0,0.07522786303552709
0,0.07310822040799438
0,0.07533103485556018
0,0.07277821098663534
0,0.005075341103254407
0,0.025810341016118364
0,0.009906594113633763
0,0.0038658770480829658
0,0.012974176477185793
0,0.07528245151024977
0,0.0624236834837372
0,0.0752651172462037
0,0.07530189473931458
0,0.00021913911708854687
0,0.07220096508605477
0,0.0011587874038475896
0,0.9144568481977852
0,0.07529866997230515
0,0.033058818076088355
0,0.07212750447194734
0,0.07204780731980566
0,0.00486736154774731
0,0.06519775534496536
0,0.07523907367831745
0,0.006889910604217274
0,0.07523060342097963
0,2.151714222992176e-05
0,0.043813763256391296
0,0.07522910165788091
0,0.29722536745375383
0,0.07531847055389242
0,0.07077771363852614
0,0.0714389550728865
0,0.0752799743566914
0,0.12540040984654738
0,0.05789822056066228
0,0.07525417871223894
0,0.06983710687063849
0,0.06984599586336246
0,0.29883310979720046
0,0.06758590388919597
0,0.001758508430655921
0,0.07532094767099769
0,0.0751948038079457
0,0.07532409608411307
0,0.07295076615474147
0,0.07095766355280475
0,0.07526409983030832
0,0.002189375523389677
0,0.0066015367533496395
0,0.22725505725063344
0,1.1604200026450877e-05
0,0.00016484918600181612
0,0.07314065557815211
0,0.07529299671740838
0,0.07527103693701152
0,0.00905347697197344
0,0.0006214846889487183
0,0.006711158839887018
0,0.03166967918073236
0,0.07532704381409615
0,0.013397040355589909
