threshold,precision,recall,specificity,accuracy,f1,mcc,balanced_accuracy
0.0,0.25006934812760057,1.0,0.0,0.25006934812760057,0.4000887606790192,0.0,0.5
0.001,0.2734303912647862,1.0,0.11392639171444424,0.33550624133148405,0.4294390853876384,0.1764962828556618,0.5569631958572221
0.002,0.28335690711928335,1.0,0.15664878860736084,0.36754507628294036,0.44158706833210876,0.2106834503319238,0.5783243943036804
0.003,0.290923759580476,1.0,0.18725725910856297,0.390499306518724,0.45072182988563214,0.2334043397809871,0.5936286295542815
0.004,0.29696121222103267,1.0,0.21056038468651747,0.4079750346740638,0.45793383706902024,0.250056527773692,0.6052801923432587
0.005,0.3029233870967742,1.0,0.23266136489735528,0.4245492371705964,0.46499032882011604,0.26547800040919656,0.6163306824486776
0.006,0.30783677650674407,1.0,0.2502311818013686,0.4377253814147018,0.47075718015665796,0.27754343873924736,0.6251155909006842
0.007,0.3129393387138766,1.0,0.26789347142592934,0.45097087378640777,0.47670037675986515,0.289541716845423,0.6339467357129647
0.008,0.3177372455722971,1.0,0.28398372480118367,0.4630374479889043,0.482246740220662,0.3003867615353402,0.6419918624005918
0.009000000000000001,0.32173136992414103,0.9997226844148641,0.29720732383946735,0.4728848821081831,0.48680035109040576,0.3089325826558213,0.6484650041271658
0.01,0.3238626146376551,0.9988907376594565,0.30460514148326245,0.4782246879334258,0.4891363389462249,0.3129263045335037,0.6517479395713595
0.011,0.3272446383133406,0.9986134220743206,0.31542444978731277,0.4862690707350901,0.4929500342231348,0.3198555181444621,0.6570189359308167
0.012,0.3300944174534788,0.9986134220743206,0.3242093582393194,0.4928571428571429,0.4961763692731657,0.32573342947153106,0.6614113901568199
0.013000000000000001,0.33198119295657785,0.9986134220743206,0.3299426669132606,0.49715672676837724,0.49830485020410986,0.32956739242862043,0.6642780444937906
0.014,0.3354760573877399,0.9986134220743206,0.34039208433512114,0.50499306518724,0.502231520223152,0.33655367354973964,0.6695027532047209
0.015,0.33894954819277107,0.9986134220743206,0.35056408359533936,0.512621359223301,0.5061138439915671,0.34335641768348046,0.67458875283483
0.016,0.34129466401288977,0.9986134220743206,0.35731459219530237,0.5176837725381415,0.5087235996326905,0.34787405461022386,0.6779640071348114
0.017,0.34360687022900765,0.9986134220743206,0.3638801553541705,0.5226074895977808,0.5112878034928298,0.35227158044338613,0.6812467887142455
0.018000000000000002,0.34644987492784296,0.9986134220743206,0.37183280932125023,0.5285714285714286,0.5144285714285715,0.35760450665927895,0.6852231156977854
0.019,0.34948063294825743,0.9983361064891847,0.3803402996116146,0.534882108183079,0.517724886747681,0.3630268112795516,0.6893382030503996
0.02,0.35169242809626294,0.9969495285635053,0.387183280932125,0.5396671289875173,0.5199595024587793,0.36618309499130225,0.6920664047478151
0.021,0.35450779246399683,0.9966722129783694,0.3948585167375624,0.5453536754507629,0.5229918509895227,0.3710841652394919,0.6957653648579659
0.022,0.3561942517343905,0.9966722129783694,0.39929720732383944,0.5486823855755895,0.5248247663551402,0.37409177555431555,0.6979847101511044
0.023,0.3588617074388417,0.9966722129783694,0.40623266136489733,0.5538834951456311,0.5277145584024667,0.3788001411319316,0.7014524371716333
0.024,0.3602128941554529,0.9947310038824182,0.41085629739226925,0.5568654646324549,0.5289000294898261,0.3799614609588169,0.7027936506373438
0.025,0.3626529167930442,0.9947310038824182,0.41705196966894764,0.5615117891816921,0.5315255241905609,0.38419629103037106,0.7058914867756829
0.026000000000000002,0.36531214991343314,0.9947310038824182,0.42371000554836324,0.566504854368932,0.5343761638733706,0.3887590733506106,0.7092205047153908
0.027,0.3674828398729638,0.9947310038824182,0.42907342334011467,0.5705270457697642,0.5366948455150744,0.39244429619422583,0.7119022136112665
0.028,0.369298877792649,0.9947310038824182,0.4335121139263917,0.5738557558945908,0.5386290262031684,0.395501051564421,0.714121558904405
0.029,0.3714404059231645,0.9947310038824182,0.43869058627704827,0.577739251040222,0.5409032647214054,0.39907560298706685,0.7167107950797332
0.03,0.3738795080258495,0.9947310038824182,0.4445163676715369,0.5821081830790569,0.5434848484848485,0.4031082619071353,0.7196236857769776
0.031,0.3759958071278826,0.9947310038824182,0.4495098945810986,0.5858529819694869,0.5457173284649323,0.40657482549718926,0.7221204492317583
0.032,0.3781362007168459,0.9947310038824182,0.45450342149066025,0.5895977808599168,0.5479682248701497,0.4100510614598125,0.7246172126865392
0.033,0.37948555096856146,0.9941763727121464,0.45792491215091546,0.5920249653259362,0.5492990117214434,0.41189412529911074,0.726050642431531
0.034,0.38154533844189015,0.9941763727121464,0.46264102089883485,0.5955617198335645,0.5514536225196124,0.41519523051547613,0.7284086968054906
0.035,0.38301282051282054,0.9941763727121464,0.46597003883854266,0.5980582524271845,0.5529847292919945,0.4175311681670258,0.7300732057753445
0.036000000000000004,0.3842110908505846,0.9933444259567388,0.4691141113371555,0.6002080443828016,0.5541031789001469,0.41893214570108356,0.7312292686469472
0.037,0.38624110416217383,0.9933444259567388,0.47364527464398004,0.6036061026352288,0.5562111801242235,0.4221287283459694,0.7334948503003594
0.038,0.3878722252301029,0.9933444259567388,0.4772517107453301,0.6063106796116505,0.5579004750408847,0.42467976770666255,0.7352980683510344
0.039,0.3895595432300163,0.9933444259567388,0.4809506195672277,0.6090846047156727,0.5596437778298571,0.4273026809852293,0.7371475227619833
0.04,0.39121887287024903,0.9933444259567388,0.48455705566857776,0.6117891816920943,0.5613540197461213,0.42986648723691934,0.7389507408126583
0.041,0.3931079894644425,0.9933444259567388,0.48862585537266506,0.6148404993065187,0.5632961157414688,0.4327668549296168,0.7409851406647019
0.042,0.39488479770697826,0.9933444259567388,0.49241723691511,0.6176837725381414,0.5651179301096474,0.43547717603692526,0.7428808314359244
0.043000000000000003,0.3966777408637874,0.9933444259567388,0.49620861845755504,0.6205270457697643,0.5669515669515669,0.4381951251031609,0.744776522207147
0.044,0.39864187910497606,0.9930671103716029,0.5004623636027372,0.6236477115117892,0.5689093653189292,0.4409900307228019,0.74676473698717
0.045,0.4000446977315901,0.992789794786467,0.5035139633808027,0.625866851595007,0.5702907208283552,0.442927858061432,0.7481518790836348
0.046,0.4012117132278694,0.9916805324459235,0.5064730904383207,0.6278085991678225,0.5712916367121975,0.44401725278351717,0.749076811442122
0.047,0.40324763193504737,0.9916805324459235,0.5106343628629554,0.6309292649098475,0.5733525733525734,0.4470380906279786,0.7511574476544394
0.048,0.4046164290563476,0.9916805324459235,0.5134085444793786,0.6330097087378641,0.5747348119575699,0.44905765659847185,0.752544538462651
0.049,0.40601930721181145,0.9914032168607876,0.5163676715368967,0.6351595006934813,0.5761018451373782,0.45095611625039084,0.7538854441988421
0.05,0.40799086757990866,0.9911259012756517,0.5204364712409839,0.6381414701803051,0.5780365518356785,0.4536744986845114,0.7557811862583178
0.051000000000000004,0.40978523027449176,0.9894620077648364,0.5247826891067136,0.6409847434119279,0.5795500690327297,0.45531240338800144,0.757122348435775
0.052000000000000005,0.4117036011080332,0.9891846921797005,0.528666543369706,0.6438280166435506,0.5814180929095355,0.4579219338432593,0.7589256177747032
0.053,0.41356521739130436,0.9891846921797005,0.532272979471056,0.6465325936199723,0.5832720137355899,0.4605945903946578,0.7607288358253783
0.054,0.41534699580810436,0.9891846921797005,0.5356944701313112,0.6490984743411928,0.585041823847794,0.4631381962546199,0.7624395811555058
0.055,0.41732007021650086,0.9889073765945646,0.5395783243943036,0.6519417475728155,0.5869475763311661,0.46577836932141903,0.7642428504944341
0.056,0.4188395583744421,0.9889073765945646,0.5424449787312743,0.6540915395284327,0.5884488448844885,0.46792377233985594,0.7656761776629195
0.057,0.4222116978451338,0.9889073765945646,0.5487331237285001,0.6588072122052705,0.5917690009956854,0.47265022906514104,0.7688202501615324
0.058,0.42467547933785876,0.9889073765945646,0.5532642870353246,0.6622052704576976,0.5941847871365492,0.47607387658434297,0.7710858318149446
0.059000000000000004,0.42839980778471887,0.9889073765945646,0.5600147956352876,0.6672676837725381,0.5978206202849958,0.4812029733368458,0.7744610861149261
0.06,0.4329483282674772,0.9875207986688852,0.5687072313667468,0.6734396671289875,0.6019778547882682,0.48659798440481794,0.7781140150178161
0.061,0.4390815948648315,0.9864115363283417,0.5798039578324394,0.6814840499306519,0.6076706244127446,0.49419039406711945,0.7831077470803905
0.062,0.4457135684699385,0.9847476428175264,0.5916404660625115,0.6899445214979195,0.6136697485526657,0.5019873986711484,0.788194054440019
0.063,0.45046419941498156,0.9822518025513034,0.6004253745145182,0.6959084604715673,0.6176650100270293,0.5067424906389231,0.7913385885329107
0.064,0.45491961414791,0.980865224625624,0.6081006103199557,0.7013176144244105,0.621562252877603,0.5116800152956885,0.7944829174727899
0.065,0.46219368365876035,0.9780920687742651,0.6204919548733123,0.7099167822468794,0.6277476194713891,0.51932297212762,0.7992920118237887
0.066,0.48818788215675374,0.9742096505823628,0.6594229702237839,0.7381414701803052,0.6504351046102573,0.5487937104534986,0.8168163104030733
0.067,0.4939453675021121,0.9728230726566833,0.667653042352506,0.7439667128987517,0.6552110571535301,0.5547821070719402,0.8202380575045947
0.068,0.501433075379765,0.9703272323904604,0.6782874052154615,0.7513176144244106,0.6611866969009826,0.5620597343622666,0.8243073188029609
0.069,0.5070279669613099,0.9703272323904604,0.6854078046976142,0.7566574202496532,0.6660321690301704,0.5684579926064247,0.8278675185440373
0.07,0.5144287396937574,0.968940654464781,0.6950249676345478,0.7635228848821082,0.6720523177534141,0.5760331226747252,0.8319828110496643
0.07100000000000001,0.5246320216281165,0.9686633388796451,0.7073238394673571,0.7726768377253814,0.6806313328137179,0.5871996497007621,0.8379935891735011
0.07200000000000001,0.5368518233574396,0.9675540765391015,0.7216571111522101,0.7831484049930652,0.6905492330529441,0.5998533481323868,0.8446055938456558
0.073,0.5764510779436153,0.963948973932335,0.7638246717218421,0.813869625520111,0.7214611872146118,0.6389439055683983,0.8638868228270886
0.074,0.5915444936924651,0.9622850804215197,0.7784353615683374,0.8244105409153952,0.7326858108108109,0.6529872805044914,0.8703602209949286
0.075,0.6155488347269169,0.9595119245701609,0.8001664508969853,0.8400138696255202,0.7499729056031212,0.6745472196315758,0.8798391877335732
0.076,0.7155082446253391,0.9506378258458126,0.8739596818938413,0.8931345353675451,0.8164820769322377,0.7581312226956669,0.912298753869827
0.077,0.7811571003887492,0.947310038824182,0.9115036064361014,0.9204576976421637,0.8562476500814639,0.8090903849001782,0.9294068226301417
0.078,0.7832183908045977,0.944814198557959,0.9127982245237655,0.9208044382801664,0.8564605329311211,0.8091662188243826,0.9288062115408622
0.079,0.7834908923218815,0.942318358291736,0.9131681154059552,0.9204576976421637,0.8555961223718997,0.8078478925097657,0.9277432368488456
0.08,0.785929183059477,0.9417637271214643,0.9144627334936194,0.9212898751733704,0.8568184685252933,0.8094003159717581,0.9281132303075419
0.081,0.7883364312267658,0.9409317803660566,0.9157573515812836,0.9220527045769764,0.8579013906447535,0.8107533644490571,0.9283445659736701
0.082,0.7894614129167639,0.9389905712701054,0.9164971333456631,0.9221220527045769,0.8577580747308423,0.8104302351294814,0.9277438523078843
0.083,0.7901378826828698,0.937603993344426,0.9169594969484002,0.9221220527045769,0.8575776791376031,0.8101003944382522,0.927281745146413
0.084,0.7910412757973734,0.9353854686633388,0.9176068059922323,0.9220527045769764,0.8571791613722999,0.8094335429195082,0.9264961373277856
0.085,0.7915393654524089,0.9339988907376594,0.9179766968744221,0.9219833564493759,0.8568884365856761,0.8089649788572093,0.9259877938060408
0.08600000000000001,0.7925105982100801,0.9331669439822518,0.9185315331977066,0.9221914008321775,0.8571064696892512,0.8092003333131584,0.9258492385899793
0.08700000000000001,0.7925506836397925,0.9323349972268441,0.9186240059182541,0.9220527045769764,0.8567787971457697,0.8087198927357522,0.9254795015725491
0.088,0.7937973484848485,0.9298391569606211,0.9194562604031811,0.9220527045769764,0.8564495530012771,0.8081425178157287,0.9246477086819012
0.089,0.7936432637571158,0.92789794786467,0.9195487331237285,0.9216366158113731,0.8555356686269496,0.8068316029899115,0.9237233404941992
0.09,0.794488001900689,0.9273433166943982,0.9200110967264656,0.9218446601941748,0.855790147152911,0.8071375247940227,0.923677206710432
0.091,0.7953299976173457,0.9256794231835829,0.9205659330497503,0.9218446601941748,0.8555683711393054,0.8067587368451455,0.9231226781166666
0.092,0.7961327285748389,0.9248474764281752,0.9210282966524875,0.9219833564493759,0.8556767158434894,0.8068604121002818,0.9229378865403314
0.093,0.7972681524083394,0.9226289517470881,0.921768078416867,0.9219833564493759,0.8553798688777478,0.8063622361333319,0.9221985150819776
0.094,0.7979361651067914,0.9220743205768164,0.9221379692990568,0.9221220527045769,0.8555255371156567,0.8065299237197884,0.9221061449379366
0.095,0.7987496994469825,0.9212423738214087,0.922600332901794,0.922260748959778,0.8556342562781712,0.8066371894702482,0.9219213533616013
0.096,0.7991339908587924,0.9212423738214087,0.9227852783428888,0.9223994452149792,0.8558546953497359,0.806929406260241,0.9220138260821488
0.097,0.8013996138996139,0.9209650582362728,0.9238949509894581,0.9231622746185852,0.8570322580645161,0.8084792467408047,0.9224300046128655
0.098,0.8026602176541717,0.9204104270660011,0.9245422600332902,0.923509015256588,0.8575119493605478,0.8090931610767678,0.9224763435496457
0.099,0.8037360504609413,0.9187465335551858,0.9251895690771222,0.9235783633841886,0.8574016563146998,0.8088820019720409,0.921968051316154
0.1,0.8036884251395292,0.9184692179700499,0.9251895690771222,0.923509015256588,0.857253785427721,0.8086750456184254,0.9218293935235861
0.101,0.8050085096036956,0.918191902384914,0.9258368781209543,0.9239251040221914,0.8578831454851664,0.8095017778592892,0.9220143902529341
0.10200000000000001,0.8061448427212875,0.9168053244592346,0.9264841871647864,0.9240638002773925,0.8579213701829506,0.8095040982524467,0.9216447558120104
0.10300000000000001,0.8069875397019302,0.9159733777038269,0.9269465507675236,0.9242024965325936,0.8580335108455643,0.8096259219516501,0.9214599642356753
0.10400000000000001,0.8077864838393731,0.9148641153632834,0.9274089143702607,0.9242718446601942,0.8579973992197659,0.8095428124326866,0.9211365148667721
0.105,0.8081822635962763,0.9148641153632834,0.9275938598113557,0.9244105409153953,0.8582206035379812,0.809840562744475,0.9212289875873195
0.106,0.8080411865653346,0.9140321686078757,0.9275938598113557,0.9242024965325936,0.8577748861418347,0.8092208801518036,0.9208130142096157
0.107,0.8084375766494972,0.9140321686078757,0.9277788052524505,0.9243411927877947,0.8579981777951321,0.809518929628129,0.9209054869301632
0.108,0.809231524674687,0.9140321686078757,0.9281486961346402,0.924618585298197,0.8584451100403698,0.8101155786133832,0.921090432371258
0.109,0.8093366093366093,0.913477537437604,0.9282411688551877,0.9245492371705963,0.8582595101615424,0.8098519706459436,0.9208593531463958
0.11,0.8096877305138923,0.9132002218524681,0.9284261142962826,0.924618585298197,0.8583344193926756,0.8099443263979049,0.9208131680743754
0.111,0.809711609563717,0.910981697171381,0.9286110597373775,0.9242024965325936,0.8573665666188177,0.8085920632452073,0.9197963784543792
0.112,0.809711609563717,0.910981697171381,0.9286110597373775,0.9242024965325936,0.8573665666188177,0.8085920632452073,0.9197963784543792
0.113,0.8103108041440552,0.910981697171381,0.9288884778990197,0.9244105409153953,0.8577023498694517,0.8090413679122453,0.9199350875352004
0.114,0.8110177865612648,0.9104270660011092,0.9292583687812096,0.9245492371705963,0.857852103475307,0.809228477904233,0.9198427173911594
0.115,0.8111715274345032,0.9101497504159733,0.929350841501757,0.9245492371705963,0.8578149503397805,0.8091722666345922,0.9197502959588651
0.116,0.8117880138682516,0.9090404880754298,0.9297207323839467,0.9245492371705963,0.8576661433804291,0.8089482078254914,0.9193806102296882
0.117,0.8123450669310858,0.9087631724902939,0.9299981505455891,0.9246879334257975,0.8578534031413613,0.8091934035808784,0.9193806615179415
0.11800000000000001,0.812608587738893,0.9079312257348863,0.9301830959866839,0.924618585298197,0.8576293385723641,0.8088760929791097,0.9190571608607851
0.11900000000000001,0.8126708074534161,0.9070992789794786,0.9302755687072314,0.9244798890429958,0.8572926221989254,0.8084083048857391,0.918687423843355
0.12,0.8124844566028351,0.9059900166389351,0.9302755687072314,0.9242024965325936,0.856693326340632,0.8075835106635693,0.9181327926730832
0.121,0.813293502613891,0.9059900166389351,0.9306454595894211,0.9244798890429958,0.8571428571428571,0.8081874550938173,0.918317738114178
0.122,0.8134030891878425,0.9054353854686633,0.9307379323099686,0.9244105409153953,0.8569553805774278,0.8079263155719835,0.918086658889316
0.123,0.8136057812110641,0.9054353854686633,0.930830405030516,0.9244798890429958,0.8570678566741042,0.8080775063931571,0.9181328952495896
0.124,0.8139825218476904,0.9040488075429839,0.9311078231921583,0.9243411927877947,0.8566548416765208,0.8075010207899538,0.9175783153675712
0.125,0.81475,0.903771491957848,0.9314777140743481,0.9245492371705963,0.8569550354982908,0.8079012129202653,0.917624603016098
0.126,0.814972458688032,0.9026622296173045,0.9316626595154429,0.9244105409153953,0.8565789473684211,0.8073806796325372,0.9171624445663737
0.127,0.8153807615230461,0.9026622296173045,0.9318476049565378,0.9245492371705963,0.8568044222163728,0.8076844569194157,0.9172549172869211
0.128,0.8163572503763171,0.9023849140321686,0.9323099685592751,0.9248266296809986,0.857218124341412,0.8082388672991425,0.9173474412957219
0.129,0.8164239075841285,0.9015529672767609,0.9324024412798224,0.9246879334257975,0.8568792830785451,0.8077734959354768,0.9169777042782916
0.13,0.8176100628930818,0.901275651691625,0.9329572776031071,0.9250346740638002,0.8574066745811898,0.8084824253254669,0.9171164646473661
0.131,0.8180216461112509,0.901275651691625,0.9331422230442019,0.9251733703190014,0.8576329331046312,0.8087877464006927,0.9172089373679135
0.132,0.8184336439184084,0.901275651691625,0.9333271684852968,0.9253120665742025,0.8578593110729841,0.8090932603739323,0.9173014100884609
0.133,0.818754726493572,0.9007210205213533,0.9335121139263917,0.9253120665742025,0.8577842334609798,0.8089876723683525,0.9171165672238725
0.134,0.8191462490527911,0.8993344425956739,0.9337895320880341,0.9251733703190014,0.8573694646397885,0.8084186502805667,0.916561987341854
0.135,0.8205063291139241,0.8987798114254021,0.9344368411318661,0.9255201109570041,0.8578613022763367,0.8090811745758291,0.9166083262786341
0.136,0.8206686930091185,0.8985024958402662,0.9345293138524136,0.9255201109570041,0.857823669579031,0.8090292815295262,0.9165159048463398
0.137,0.8208766151507474,0.8985024958402662,0.934621786572961,0.9255894590846048,0.8579372434794121,0.8091829466572062,0.9165621412066136
0.138,0.8208312214901166,0.8982251802551303,0.934621786572961,0.9255201109570041,0.8577860169491526,0.8089774705382407,0.9164234834140457
0.139,0.8210392902408111,0.8982251802551303,0.9347142592935084,0.9255894590846048,0.8578996159449079,0.8091312050848364,0.9164697197743193
0.14,0.8210392902408111,0.8982251802551303,0.9347142592935084,0.9255894590846048,0.8578996159449079,0.8091312050848364,0.9164697197743193
0.14100000000000001,0.8211567732115678,0.8976705490848585,0.9348067320140558,0.9255201109570041,0.8577106518282989,0.8088740949872408,0.9162386405494571
0.14200000000000002,0.8214194861358433,0.8954520244037715,0.9350841501756981,0.9251733703190014,0.8568395913493433,0.8076924669472086,0.9152680872897347
0.14300000000000002,0.8214194861358433,0.8954520244037715,0.9350841501756981,0.9251733703190014,0.8568395913493433,0.8076924669472086,0.9152680872897347
0.14400000000000002,0.8222561751973516,0.8954520244037715,0.9354540410578879,0.9254507628294036,0.8572945705562193,0.8083095054688882,0.9154530327308297
0.145,0.8233044365119837,0.8954520244037715,0.9359164046606251,0.9257975034674064,0.8578639744952179,0.8090819140916751,0.9156842145321983
0.146,0.8230337078651685,0.8937881308929562,0.9359164046606251,0.925381414701803,0.8569529380483913,0.807850149829351,0.9148522677767906
0.147,0.8234542667347982,0.8937881308929562,0.93610135010172,0.9255201109570041,0.8571808510638298,0.8081597089771683,0.9149447404973381
0.148,0.8233640081799591,0.8932334997226844,0.93610135010172,0.925381414701803,0.8568768289438681,0.8077491396850138,0.9146674249122022
0.149,0.8233640081799591,0.8932334997226844,0.93610135010172,0.925381414701803,0.8568768289438681,0.8077491396850138,0.9146674249122022
0.15,0.824750192159877,0.8926788685524126,0.936748659145552,0.9257281553398058,0.8573711546144627,0.8084241453512042,0.9147137638489824
0.151,0.824750192159877,0.8926788685524126,0.936748659145552,0.9257281553398058,0.8573711546144627,0.8084241453512042,0.9147137638489824
0.152,0.8248268786868428,0.891846921797005,0.9368411318660995,0.9255894590846048,0.8570286475682878,0.8079639691998513,0.9143440268315522
0.153,0.8254172015404364,0.8915696062118691,0.9371185500277418,0.9257281553398058,0.8572190374616718,0.8082252094099545,0.9143440781198054
0.154,0.825751734772552,0.8910149750415973,0.9373034954688367,0.9257281553398058,0.8571428571428571,0.8081262449673952,0.914159235255217
0.155,0.825751734772552,0.8910149750415973,0.9373034954688367,0.9257281553398058,0.8571428571428571,0.8081262449673952,0.914159235255217
0.156,0.82591925944973,0.8907376594564614,0.9373959681893841,0.9257281553398058,0.857104736490994,0.8080768888762883,0.9140668138229228
0.157,0.8260422027792074,0.8901830282861897,0.9374884409099316,0.9256588072122053,0.8569140416444208,0.8078225525143471,0.9138357345980606
0.158,0.8268041237113402,0.8896283971159179,0.9378583317921213,0.9257975034674064,0.8570665241784665,0.8080363774025925,0.9137433644540196
0.159,0.8272656855151046,0.8885191347753744,0.9381357499537636,0.9257281553398058,0.8567990373044525,0.8076850767126251,0.913327442364569
0.16,0.8272656855151046,0.8885191347753744,0.9381357499537636,0.9257281553398058,0.8567990373044525,0.8076850767126251,0.913327442364569
0.161,0.8272656855151046,0.8885191347753744,0.9381357499537636,0.9257281553398058,0.8567990373044525,0.8076850767126251,0.913327442364569
0.162,0.8274347713769052,0.8882418191902385,0.938228222674311,0.9257281553398058,0.8567607329142705,0.8076364808431703,0.9132350209322748
0.163,0.828076525336091,0.8882418191902385,0.9385056408359534,0.9259361997226075,0.857104629381857,0.8081059215732059,0.913373730013096
0.164,0.8282906645978795,0.8882418191902385,0.9385981135565008,0.926005547850208,0.8572193228957581,0.8082625034827121,0.9134199663733696
0.165,0.8285049146404553,0.8882418191902385,0.9386905862770483,0.9260748959778086,0.8573340471092077,0.8084191362808705,0.9134662027336433
0.166,0.8289337474120083,0.8882418191902385,0.9388755317181432,0.9262135922330097,0.8575635876840696,0.808732554676723,0.9135586754541909
0.167,0.8299637117677553,0.8879645036051026,0.9393378953208803,0.926490984743412,0.8579849946409432,0.8093122875994004,0.9136511994629914
0.168,0.8302180685358256,0.8868552412645591,0.9395228407619752,0.9263522884882108,0.8576025744167337,0.80880772796468,0.9131890410132671
0.169,0.8301298701298702,0.8863006100942873,0.9395228407619752,0.9262135922330097,0.8572961373390557,0.8083983096713023,0.9129117254281313
0.17,0.8303455442972201,0.8863006100942873,0.9396153134825227,0.9262829403606103,0.8574111334674714,0.8085556034370398,0.9129579617884049
0.171,0.8307772290096179,0.8863006100942873,0.9398002589236175,0.9264216366158113,0.8576412183013552,0.8088703451424988,0.9130504345089524
0.17200000000000001,0.8312093628088426,0.8863006100942873,0.9399852043647124,0.9265603328710125,0.8578714266541404,0.8091852926391524,0.9131429072294999
0.17300000000000001,0.83125,0.8851913477537438,0.9400776770852598,0.9263522884882108,0.8573730862207897,0.8085244221066251,0.9126345124195018
0.17400000000000002,0.8311180609851446,0.8843594009983361,0.9400776770852598,0.9261442441054092,0.8569125352680371,0.8079105169413291,0.912218539041798
0.17500000000000002,0.8311180609851446,0.8843594009983361,0.9400776770852598,0.9261442441054092,0.8569125352680371,0.8079105169413291,0.912218539041798
0.176,0.8313347236704901,0.8843594009983361,0.9401701498058073,0.9262135922330097,0.8570276807309863,0.8080682705358756,0.9122647754020716
0.177,0.8317244977824159,0.8840820854132002,0.9403550952469022,0.9262829403606103,0.8571044495227853,0.8081793455916046,0.9122185903300513
0.178,0.8317244977824159,0.8840820854132002,0.9403550952469022,0.9262829403606103,0.8571044495227853,0.8081793455916046,0.9122185903300513
0.179,0.8317244977824159,0.8840820854132002,0.9403550952469022,0.9262829403606103,0.8571044495227853,0.8081793455916046,0.9122185903300513
0.18,0.831636648394675,0.8835274542429284,0.9403550952469022,0.9261442441054092,0.8567970956030657,0.807770145379221,0.9119412747449154
0.181,0.8320271682340648,0.8832501386577926,0.940540040687997,0.9262135922330097,0.8568738229755178,0.8078815750487179,0.9118950896728948
0.182,0.8320271682340648,0.8832501386577926,0.940540040687997,0.9262135922330097,0.8568738229755178,0.8078815750487179,0.9118950896728948
0.183,0.8322445779984322,0.8832501386577926,0.9406325134085445,0.9262829403606103,0.8569891026503431,0.8080396742163054,0.9119413260331686
0.184,0.8322445779984322,0.8832501386577926,0.9406325134085445,0.9262829403606103,0.8569891026503431,0.8080396742163054,0.9119413260331686
0.185,0.8322445779984322,0.8832501386577926,0.9406325134085445,0.9262829403606103,0.8569891026503431,0.8080396742163054,0.9119413260331686
0.186,0.8325922050745488,0.8826955074875208,0.9408174588496394,0.9262829403606103,0.8569121012249293,0.807946993537014,0.91175648316858
0.187,0.832504579952892,0.882140876317249,0.9408174588496394,0.9261442441054092,0.8566042816749697,0.8075379242055661,0.9114791675834442
0.188,0.8333769976421274,0.882140876317249,0.9411873497318292,0.9264216366158113,0.8570658763303247,0.8081716053035696,0.9116641130245391
0.189,0.8338138925294889,0.882140876317249,0.941372295172924,0.9265603328710125,0.8572968602614203,0.8084887590904262,0.9117565857450864
0.19,0.8340771856130218,0.8810316139767055,0.9415572406140189,0.9264216366158113,0.8569116655428186,0.8079885772697389,0.9112944272953623
0.191,0.8339900183871815,0.8804769828064337,0.9415572406140189,0.9262829403606103,0.8566032645352759,0.8075797528033358,0.9110171117102264
0.192,0.8346477392218717,0.8804769828064337,0.9418346587756612,0.926490984743412,0.8569500674763832,0.8080565843718657,0.9111558207910475
0.193,0.8350867964229353,0.8804769828064337,0.942019604216756,0.9266296809986131,0.8571814254859611,0.8083747349378363,0.9112482935115949
0.194,0.8353064982899236,0.8804769828064337,0.9421120769373035,0.9266990291262136,0.8572971513433238,0.808533889182042,0.9112945298718687
0.195,0.8353064982899236,0.8804769828064337,0.9421120769373035,0.9266990291262136,0.8572971513433238,0.808533889182042,0.9112945298718687
0.196,0.8357462490128982,0.8804769828064337,0.9422970223783984,0.9268377253814147,0.8575286968264686,0.8088523557684375,0.911387002592416
0.197,0.8359662980516062,0.8804769828064337,0.9423894950989458,0.9269070735090152,0.8576445164775797,0.8090116681809394,0.9114332389526898
0.198,0.836186462997103,0.8804769828064337,0.9424819678194932,0.9269764216366159,0.8577603674186141,0.8091710333865723,0.9114794753129635
0.199,0.837068283680464,0.8804769828064337,0.942851858701683,0.927253814147018,0.8582240843357211,0.8098090228456089,0.9116644207540583
0.2,0.837068283680464,0.8804769828064337,0.942851858701683,0.927253814147018,0.8582240843357211,0.8098090228456089,0.9116644207540583
0.201,0.8379519662179995,0.8804769828064337,0.9432217495838727,0.9275312066574203,0.8586883029073699,0.8104478598193658,0.9118493661951532
0.202,0.8380876914949815,0.879922351636162,0.9433142223044202,0.9274618585298197,0.858495670995671,0.8101996805262931,0.9116182869702911
0.203,0.8380449141347424,0.8796450360510261,0.9433142223044202,0.9273925104022192,0.8583412258151806,0.809995656843525,0.9114796291777232
0.20400000000000001,0.838223632038065,0.8793677204658902,0.9434066950249677,0.9273925104022192,0.8583028826634186,0.8099516084770256,0.9113872077454289
0.20500000000000002,0.8385389094759131,0.8785357737104825,0.9435916404660625,0.9273231622746186,0.8580715059588299,0.8096597869863621,0.9110637070882726
0.20600000000000002,0.8388550225284919,0.8777038269550749,0.9437765859071574,0.927253814147018,0.8578398156931833,0.8093683675069666,0.9107402064311161
0.20700000000000002,0.8388550225284919,0.8777038269550749,0.9437765859071574,0.927253814147018,0.8578398156931833,0.8093683675069666,0.9107402064311161
0.20800000000000002,0.839479968161316,0.877426511369939,0.9440540040687997,0.9273925104022192,0.8580338983050847,0.8096457670807309,0.9107402577193693
0.209,0.8399256702946641,0.877426511369939,0.9442389495098946,0.9275312066574203,0.8582666485826664,0.8099669566049885,0.9108327304399169
0.21,0.8401062416998673,0.8771491957848031,0.944331422230442,0.9275312066574203,0.8582281915615249,0.8099237749676664,0.9107403090076225
0.211,0.8401062416998673,0.8771491957848031,0.944331422230442,0.9275312066574203,0.8582281915615249,0.8099237749676664,0.9107403090076225
0.212,0.8403294367693943,0.8771491957848031,0.9444238949509894,0.9276005547850208,0.8583446404341927,0.8100845264944523,0.9107865453678963
0.213,0.8412234042553192,0.8771491957848031,0.9447937858331792,0.9278779472954231,0.8588107521042628,0.8107280709970673,0.9109714908089912
0.214,0.8412234042553192,0.8771491957848031,0.9447937858331792,0.9278779472954231,0.8588107521042628,0.8107280709970673,0.9109714908089912
0.215,0.8412234042553192,0.8771491957848031,0.9447937858331792,0.9278779472954231,0.8588107521042628,0.8107280709970673,0.9109714908089912
0.216,0.8412234042553192,0.8771491957848031,0.9447937858331792,0.9278779472954231,0.8588107521042628,0.8107280709970673,0.9109714908089912
0.217,0.841895129092361,0.8771491957848031,0.9450712039948215,0.9280859916782247,0.8591606682058943,0.811211295705207,0.9111101998898123
0.218,0.84185303514377,0.8768718801996672,0.9450712039948215,0.9280166435506242,0.8590057049714751,0.8110076101867818,0.9109715420972444
0.219,0.8417687799680341,0.8763172490293955,0.9450712039948215,0.9278779472954231,0.8586956521739131,0.8106002125812339,0.9106942265121085
0.22,0.841726618705036,0.8760399334442596,0.9450712039948215,0.9278085991678224,0.858540562576437,0.8103965004635101,0.9105555687195406
0.221,0.8419509594882729,0.8760399334442596,0.9451636767153689,0.9278779472954231,0.8586572438162544,0.8105577739302177,0.9106018050798143
0.222,0.8421754198880299,0.8760399334442596,0.9452561494359164,0.9279472954230236,0.8587739567758598,0.8107191015678712,0.9106480414400879
0.223,0.8421754198880299,0.8760399334442596,0.9452561494359164,0.9279472954230236,0.8587739567758598,0.8107191015678712,0.9106480414400879
0.224,0.8421754198880299,0.8760399334442596,0.9452561494359164,0.9279472954230236,0.8587739567758598,0.8107191015678712,0.9106480414400879
0.225,0.8421754198880299,0.8760399334442596,0.9452561494359164,0.9279472954230236,0.8587739567758598,0.8107191015678712,0.9106480414400879
0.226,0.8421754198880299,0.8760399334442596,0.9452561494359164,0.9279472954230236,0.8587739567758598,0.8107191015678712,0.9106480414400879
0.227,0.8421754198880299,0.8760399334442596,0.9452561494359164,0.9279472954230236,0.8587739567758598,0.8107191015678712,0.9106480414400879
0.228,0.8432995194874533,0.8760399334442596,0.9457185130386536,0.9282940360610263,0.8593579978237215,0.8115265536016188,0.9108792232414566
0.229,0.843215811965812,0.8754853022739878,0.9457185130386536,0.9281553398058252,0.8590476190476191,0.811119420294818,0.9106019076563208
0.23,0.843215811965812,0.8754853022739878,0.9457185130386536,0.9281553398058252,0.8590476190476191,0.811119420294818,0.9106019076563208
0.231,0.8433155080213903,0.8746533555185801,0.9458109857592011,0.9280166435506242,0.8586986114892459,0.8106704207204956,0.9102321706388906
0.232,0.8433155080213903,0.8746533555185801,0.9458109857592011,0.9280166435506242,0.8586986114892459,0.8106704207204956,0.9102321706388906
0.233,0.8437667201712146,0.8746533555185801,0.9459959312002959,0.9281553398058252,0.8589324618736384,0.8109941188854,0.9103246433594381
0.234,0.8436412315930388,0.8738214087631725,0.9459959312002959,0.9279472954230236,0.8584661490260183,0.8103834765666025,0.9099086699817343
0.23500000000000001,0.8436412315930388,0.8738214087631725,0.9459959312002959,0.9279472954230236,0.8584661490260183,0.8103834765666025,0.9099086699817343
0.23600000000000002,0.8435155412647374,0.8729894620077648,0.9459959312002959,0.9277392510402219,0.8579994548923412,0.8097727532521705,0.9094926966040304
0.23700000000000002,0.8439259855189059,0.872712146422629,0.9461808766413908,0.9278085991678224,0.8580777096114519,0.8098933971986928,0.9094465115320098
0.23800000000000002,0.8439259855189059,0.872712146422629,0.9461808766413908,0.9278085991678224,0.8580777096114519,0.8098933971986928,0.9094465115320098
0.23900000000000002,0.8445637583892618,0.8724348308374931,0.9464582948030331,0.9279472954230236,0.8582730868912836,0.8101766759202118,0.909446562820263
0.24,0.8445637583892618,0.8724348308374931,0.9464582948030331,0.9279472954230236,0.8582730868912836,0.8101766759202118,0.909446562820263
0.241,0.8444384739387426,0.8716028840820854,0.9464582948030331,0.9277392510402219,0.8578056768558951,0.8095661600683411,0.9090305894425592
0.242,0.8444384739387426,0.8716028840820854,0.9464582948030331,0.9277392510402219,0.8578056768558951,0.8095661600683411,0.9090305894425592
0.243,0.8446654125235152,0.8716028840820854,0.9465507675235806,0.9278085991678224,0.8579227514671762,0.8097286169474028,0.909076825802833
0.244,0.8452637244348762,0.8710482529118136,0.9468281856852229,0.9278779472954231,0.8579623053810435,0.8098094457541329,0.9089382192985183
0.245,0.8459466738486399,0.8710482529118136,0.9471056038468652,0.9280859916782247,0.8583139773193059,0.8102977814677014,0.9090769283793394
0.246,0.8459466738486399,0.8710482529118136,0.9471056038468652,0.9280859916782247,0.8583139773193059,0.8102977814677014,0.9090769283793394
0.247,0.8464025869037995,0.8710482529118136,0.9472905492879601,0.9282246879334258,0.8585485854858549,0.8106236150660875,0.9091694010998869
0.248,0.8475445223961144,0.8710482529118136,0.9477529128906973,0.9285714285714286,0.8591356673960613,0.8114391688601731,0.9094005829012555
0.249,0.8474622030237581,0.8704936217415419,0.9477529128906973,0.9284327323162275,0.8588235294117647,0.8110327227240507,0.9091232673161196
0.25,0.8474622030237581,0.8704936217415419,0.9477529128906973,0.9284327323162275,0.8588235294117647,0.8110327227240507,0.9091232673161196
0.251,0.8474622030237581,0.8704936217415419,0.9477529128906973,0.9284327323162275,0.8588235294117647,0.8110327227240507,0.9091232673161196
0.252,0.8476910613016473,0.8704936217415419,0.9478453856112447,0.928502080443828,0.8589410316048707,0.8111960465189632,0.9091695036763933
0.253,0.8476910613016473,0.8704936217415419,0.9478453856112447,0.928502080443828,0.8589410316048707,0.8111960465189632,0.9091695036763933
0.254,0.8476910613016473,0.8704936217415419,0.9478453856112447,0.928502080443828,0.8589410316048707,0.8111960465189632,0.9091695036763933
0.255,0.8475675675675676,0.8696616749861342,0.9478453856112447,0.9282940360610263,0.8584724883657268,0.8105863784518595,0.9087535302986894
0.256,0.8479025710419485,0.8688297282307266,0.9480303310523396,0.9282246879334258,0.8582385974524038,0.810303721650243,0.9084300296415331
0.257,0.8480086697371986,0.8679977814753189,0.948122803772887,0.9280859916782247,0.8578868027956694,0.8098577282512646,0.908060292624103
0.258,0.847885032537961,0.8671658347199113,0.948122803772887,0.9278779472954231,0.8574170551137922,0.8092480206877636,0.9076443192463992
0.259,0.847885032537961,0.8671658347199113,0.948122803772887,0.9278779472954231,0.8574170551137922,0.8092480206877636,0.9076443192463992
0.26,0.847885032537961,0.8671658347199113,0.948122803772887,0.9278779472954231,0.8574170551137922,0.8092480206877636,0.9076443192463992
0.261,0.847885032537961,0.8671658347199113,0.948122803772887,0.9278779472954231,0.8574170551137922,0.8092480206877636,0.9076443192463992
0.262,0.848114998643884,0.8671658347199113,0.9482152764934344,0.9279472954230236,0.8575346222405046,0.8094118473666602,0.9076905556066728
0.263,0.848114998643884,0.8671658347199113,0.9482152764934344,0.9279472954230236,0.8575346222405046,0.8094118473666602,0.9076905556066728
0.264,0.848114998643884,0.8671658347199113,0.9482152764934344,0.9279472954230236,0.8575346222405046,0.8094118473666602,0.9076905556066728
0.265,0.848114998643884,0.8671658347199113,0.9482152764934344,0.9279472954230236,0.8575346222405046,0.8094118473666602,0.9076905556066728
0.266,0.8483450895279435,0.8671658347199113,0.9483077492139819,0.9280166435506242,0.8576522216127263,0.8095757300893207,0.9077367919669466
0.267,0.8483450895279435,0.8671658347199113,0.9483077492139819,0.9280166435506242,0.8576522216127263,0.8095757300893207,0.9077367919669466
0.268,0.8490361118653271,0.8671658347199113,0.9485851673756241,0.9282246879334258,0.8580052133351626,0.8100677149048655,0.9078755010477677
0.269,0.8490361118653271,0.8671658347199113,0.9485851673756241,0.9282246879334258,0.8580052133351626,0.8100677149048655,0.9078755010477677
0.27,0.8493746601413812,0.8663338879645036,0.9487701128167191,0.9281553398058252,0.8577704557935201,0.8097866860741486,0.9075520003906113
0.271,0.8493336959477835,0.8660565723793677,0.9487701128167191,0.9280859916782247,0.8576136207606756,0.8095835675218337,0.9074133425980434
0.272,0.8495647442872688,0.8660565723793677,0.9488625855372665,0.9281553398058252,0.8577313924745948,0.8097478813262734,0.9074595789583171
0.273,0.8495647442872688,0.8660565723793677,0.9488625855372665,0.9281553398058252,0.8577313924745948,0.8097478813262734,0.9074595789583171
0.274,0.8502178649237473,0.8657792567942318,0.9491400036989088,0.9282940360610263,0.8579280021984061,0.8100381275180019,0.9074596302465703
0.275,0.851145038167939,0.8657792567942318,0.9495098945810986,0.9285714285714286,0.8583997800384933,0.8106967199726011,0.9076445756876652
0.276,0.8513771475320425,0.8657792567942318,0.949602367301646,0.9286407766990291,0.8585178055822906,0.8108615097135243,0.907690812047939
0.277,0.8513771475320425,0.8657792567942318,0.949602367301646,0.9286407766990291,0.8585178055822906,0.8108615097135243,0.907690812047939
0.278,0.8520742358078602,0.8657792567942318,0.9498797854632883,0.9288488210818308,0.8588720770288858,0.8113562194674094,0.9078295211287601
0.279,0.8524590163934426,0.8652246256239601,0.9500647309043833,0.9288488210818308,0.8587943848059455,0.8112806882966516,0.9076446782641716
0.28,0.8523783488244943,0.8646699944536883,0.9500647309043833,0.9287101248266297,0.8584801762114538,0.8108750289632256,0.9073673626790357
0.281,0.8523783488244943,0.8646699944536883,0.9500647309043833,0.9287101248266297,0.8584801762114538,0.8108750289632256,0.9073673626790357
0.28200000000000003,0.85233798195242,0.8643926788685524,0.9500647309043833,0.9286407766990291,0.8583230070218918,0.8106721851979833,0.9072287048864678
0.28300000000000003,0.8527237886668492,0.8638380476982807,0.9502496763454781,0.9286407766990291,0.8582449373191899,0.8105971212761761,0.9070438620218794
0.28400000000000003,0.8527237886668492,0.8638380476982807,0.9502496763454781,0.9286407766990291,0.8582449373191899,0.8105971212761761,0.9070438620218794
0.28500000000000003,0.8527237886668492,0.8638380476982807,0.9502496763454781,0.9286407766990291,0.8582449373191899,0.8105971212761761,0.9070438620218794
0.28600000000000003,0.8531909066009312,0.8638380476982807,0.950434621786573,0.9287794729542302,0.858481466170594,0.8109280017670188,0.9071363347424268
0.28700000000000003,0.8531909066009312,0.8638380476982807,0.950434621786573,0.9287794729542302,0.858481466170594,0.8109280017670188,0.9071363347424268
0.28800000000000003,0.853578283520702,0.8632834165280089,0.9506195672276678,0.9287794729542302,0.8584034192747828,0.8108536440977803,0.9069514918778383
0.289,0.853812397147559,0.8632834165280089,0.9507120399482153,0.9288488210818308,0.8585217870932157,0.811019332653841,0.9069977282381121
0.29,0.8536920120779578,0.8624514697726012,0.9507120399482153,0.9286407766990291,0.8580493861222237,0.8104111328729903,0.9065817548604083
0.291,0.8539264140582098,0.8624514697726012,0.9508045126687628,0.9287101248266297,0.858167770419426,0.8105769507616453,0.906627991220682
0.292,0.8539264140582098,0.8624514697726012,0.9508045126687628,0.9287101248266297,0.858167770419426,0.8105769507616453,0.906627991220682
0.293,0.8543956043956044,0.8624514697726012,0.9509894581098576,0.9288488210818308,0.8584046370411261,0.8109087590688665,0.9067204639412294
0.294,0.8543956043956044,0.8624514697726012,0.9509894581098576,0.9288488210818308,0.8584046370411261,0.8109087590688665,0.9067204639412294
0.295,0.8542755017871873,0.8616195230171936,0.9509894581098576,0.9286407766990291,0.8579317962170372,0.8103006897912547,0.9063044905635256
0.296,0.8552160748692541,0.8616195230171936,0.9513593489920473,0.9289181692094314,0.8584058571625915,0.8109652866668998,0.9064894360046205
0.297,0.8551762114537445,0.8613422074320577,0.9513593489920473,0.9288488210818308,0.8582481348438795,0.810762674196748,0.9063507782120526
0.298,0.8561190738699008,0.8613422074320577,0.9517292398742371,0.929126213592233,0.858722698368814,0.8114282926083431,0.9065357236531474
0.299,0.8563551144196305,0.8613422074320577,0.9518217125947845,0.9291955617198335,0.8588414212636527,0.8115948420716039,0.9065819600134211
0.3,0.8565121412803532,0.8607875762617859,0.951914185315332,0.929126213592233,0.8586445366528354,0.8113564863917774,0.906350880788559
0.301,0.8565121412803532,0.8607875762617859,0.951914185315332,0.929126213592233,0.8586445366528354,0.8113564863917774,0.906350880788559
0.302,0.8572217619442143,0.8607875762617859,0.9521916034769743,0.9293342579750347,0.8590009685900097,0.8118568032200834,0.9064895898693801
0.303,0.8572217619442143,0.8607875762617859,0.9521916034769743,0.9293342579750347,0.8590009685900097,0.8118568032200834,0.9064895898693801
0.304,0.8572217619442143,0.8607875762617859,0.9521916034769743,0.9293342579750347,0.8590009685900097,0.8118568032200834,0.9064895898693801
0.305,0.8571823204419889,0.86051026067665,0.9521916034769743,0.9292649098474342,0.8588430667035705,0.8116543802145744,0.9063509320768122
0.306,0.8576561636263129,0.86051026067665,0.9523765489180692,0.9294036061026353,0.8590808416389811,0.8119882645745515,0.9064434047973596
0.307,0.8581305309734514,0.86051026067665,0.952561494359164,0.9295423023578363,0.8593187482691775,0.8123223822708372,0.9065358775179071
0.308,0.8581305309734514,0.86051026067665,0.952561494359164,0.9295423023578363,0.8593187482691775,0.8123223822708372,0.9065358775179071
0.309,0.8586054233536248,0.86051026067665,0.952746439800259,0.9296809986130374,0.8595567867036011,0.8126567336297911,0.9066283502384545
0.31,0.8588430667035705,0.86051026067665,0.9528389125208063,0.9297503467406381,0.8596758553816318,0.8128239970349259,0.9066745865987282
0.311,0.8588430667035705,0.86051026067665,0.9528389125208063,0.9297503467406381,0.8596758553816318,0.8128239970349259,0.9066745865987282
0.312,0.8595567867036011,0.86051026067665,0.9531163306824487,0.9299583911234397,0.8600332594235033,0.8133261386442538,0.9068132956795494
0.313,0.8595567867036011,0.86051026067665,0.9531163306824487,0.9299583911234397,0.8600332594235033,0.8133261386442538,0.9068132956795494
0.314,0.8600332594235033,0.86051026067665,0.9533012761235435,0.9300970873786408,0.8602716939284725,0.8136611929555992,0.9069057684000967
0.315,0.8602329450915142,0.8602329450915142,0.953393748844091,0.9300970873786408,0.8602329450915142,0.8136266939356052,0.9068133469678026
0.316,0.8604328523862376,0.8599556295063783,0.9534862215646385,0.9300970873786408,0.8601941747572815,0.8135922934381133,0.9067209255355084
0.317,0.8609106052193226,0.8599556295063783,0.9536711670057333,0.9302357836338419,0.8604328523862376,0.8139279167283839,0.9068133982560558
0.318,0.8613503751041957,0.8596783139212424,0.9538561124468282,0.9303051317614425,0.8605135322692574,0.8140617659105097,0.9067672131840353
0.319,0.8615127919911012,0.8591236827509706,0.9539485851673756,0.9302357836338419,0.860316578728131,0.8138258097423766,0.9065361339591731
0.32,0.8615127919911012,0.8591236827509706,0.9539485851673756,0.9302357836338419,0.860316578728131,0.8138258097423766,0.9065361339591731
0.321,0.8615127919911012,0.8591236827509706,0.9539485851673756,0.9302357836338419,0.860316578728131,0.8138258097423766,0.9065361339591731
0.322,0.8614742698191933,0.8588463671658347,0.9539485851673756,0.9301664355062413,0.8601583113456465,0.8136237958620104,0.9063974761666052
0.323,0.8619537990537156,0.8588463671658347,0.9541335306084705,0.9303051317614425,0.8603972773996389,0.8139602076832744,0.9064899488871526
0.324,0.8619153674832962,0.8585690515806988,0.9541335306084705,0.9302357836338419,0.8602389552653514,0.8137582338104552,0.9063512910945847
0.325,0.8619153674832962,0.8585690515806988,0.9541335306084705,0.9302357836338419,0.8602389552653514,0.8137582338104552,0.9063512910945847
0.326,0.8619153674832962,0.8585690515806988,0.9541335306084705,0.9302357836338419,0.8602389552653514,0.8137582338104552,0.9063512910945847
0.327,0.8619153674832962,0.8585690515806988,0.9541335306084705,0.9302357836338419,0.8602389552653514,0.8137582338104552,0.9063512910945847
0.328,0.8619153674832962,0.8585690515806988,0.9541335306084705,0.9302357836338419,0.8602389552653514,0.8137582338104552,0.9063512910945847
0.329,0.862116991643454,0.858291735995563,0.954226003329018,0.9302357836338419,0.8602001111728739,0.8137245947729493,0.9062588696622904
0.33,0.862597547380156,0.858291735995563,0.9544109487701128,0.930374479889043,0.8604392549346678,0.8140614617233406,0.9063513423828379
0.331,0.8629639966508512,0.8574597892401553,0.9545958942112077,0.9303051317614425,0.8602030880511893,0.8137929314945408,0.9060278417256815
0.332,0.8631667132086009,0.8571824736550194,0.9546883669317552,0.9303051317614425,0.860164185334632,0.813759775324758,0.9059354202933874
0.333,0.8631667132086009,0.8571824736550194,0.9546883669317552,0.9303051317614425,0.860164185334632,0.813759775324758,0.9059354202933874
0.334,0.8638143176733781,0.8566278424847477,0.9549657850933975,0.930374479889043,0.8602060707323865,0.8138627334355422,0.9057968137890726
0.335,0.8640559440559441,0.8566278424847477,0.9550582578139449,0.9304438280166436,0.8603258599080907,0.8140317637874825,0.9058430501493463
0.336,0.8640179071068831,0.8563505268996118,0.9550582578139449,0.930374479889043,0.86016713091922,0.8138299622678905,0.9057043923567784
0.337,0.8640179071068831,0.8563505268996118,0.9550582578139449,0.930374479889043,0.86016713091922,0.8138299622678905,0.9057043923567784
0.338,0.8647437692523102,0.8563505268996118,0.9553356759755872,0.9305825242718446,0.8605266824578515,0.814337487962016,0.9058431014375995
0.339,0.8647437692523102,0.8563505268996118,0.9553356759755872,0.9305825242718446,0.8605266824578515,0.814337487962016,0.9058431014375995
0.34,0.8647437692523102,0.8563505268996118,0.9553356759755872,0.9305825242718446,0.8605266824578515,0.814337487962016,0.9058431014375995
0.341,0.8648345485137409,0.8552412645590682,0.9554281486961347,0.930374479889043,0.8600111544896821,0.8136998820952871,0.9053347066276014
0.342,0.8650771388499299,0.8552412645590682,0.955520621416682,0.9304438280166436,0.8601310835308883,0.8138693381068144,0.9053809429878752
0.343,0.8650392817059483,0.8549639489739324,0.955520621416682,0.930374479889043,0.8599721059972106,0.8136676137104711,0.9052422851953073
0.34400000000000003,0.8650392817059483,0.8549639489739324,0.955520621416682,0.930374479889043,0.8599721059972106,0.8136676137104711,0.9052422851953073
0.34500000000000003,0.865282065674993,0.8549639489739324,0.9556130941372295,0.9304438280166436,0.8600920630492398,0.8138371551310379,0.9052885215555809
0.34600000000000003,0.865282065674993,0.8549639489739324,0.9556130941372295,0.9304438280166436,0.8600920630492398,0.8138371551310379,0.9052885215555809
0.34700000000000003,0.865282065674993,0.8549639489739324,0.9556130941372295,0.9304438280166436,0.8600920630492398,0.8138371551310379,0.9052885215555809
0.34800000000000003,0.8651685393258427,0.8541320022185247,0.9556130941372295,0.9302357836338419,0.8596148478928273,0.813231999003514,0.9048725481778771
0.34900000000000003,0.865411632481034,0.8541320022185247,0.955705566857777,0.9303051317614425,0.8597348220516399,0.8134016764492686,0.9049187845381508
0.35000000000000003,0.8653359572673601,0.8535773710482529,0.955705566857777,0.9301664355062413,0.8594164456233422,0.8129982405561593,0.9046414689530149
0.35100000000000003,0.8652601969057665,0.8530227398779812,0.955705566857777,0.9300277392510402,0.8590978913559558,0.812594765319877,0.904364153367879
0.352,0.8657472558401351,0.8530227398779812,0.9558905122988718,0.9301664355062413,0.8593378963542394,0.8129345037918926,0.9044566260884265
0.353,0.8657472558401351,0.8530227398779812,0.9558905122988718,0.9301664355062413,0.8593378963542394,0.8129345037918926,0.9044566260884265
0.354,0.865990990990991,0.8530227398779812,0.9559829850194193,0.9302357836338419,0.8594579491478066,0.8131044638126379,0.9045028624487002
0.355,0.8663659430504652,0.8521907931225735,0.9561679304605142,0.9301664355062413,0.859219907731022,0.8128396590816465,0.9041793617915439
0.356,0.866854724964739,0.8521907931225735,0.956352875901609,0.9303051317614425,0.8594602153544959,0.8131801562054762,0.9042718345120913
0.357,0.8668171557562077,0.8519134775374376,0.956352875901609,0.9302357836338419,0.8593006993006993,0.8129785518075646,0.9041331767195233
0.358,0.8670618120237087,0.8519134775374376,0.9564453486221565,0.9303051317614425,0.8594208980276962,0.8131489170651873,0.9041794130797971
0.359,0.8673066064370413,0.8519134775374376,0.9565378213427039,0.930374479889043,0.859541130386122,0.8133193432137046,0.9042256494400708
0.36,0.867231638418079,0.8513588463671659,0.9565378213427039,0.9302357836338419,0.8592219423453681,0.8129162066858288,0.9039483338549349
0.361,0.867231638418079,0.8513588463671659,0.9565378213427039,0.9302357836338419,0.8592219423453681,0.8129162066858288,0.9039483338549349
0.362,0.8674766883300368,0.8513588463671659,0.9566302940632514,0.9303051317614425,0.8593421973407978,0.813086744838001,0.9039945702152086
0.363,0.8677218767665348,0.8513588463671659,0.9567227667837988,0.930374479889043,0.8594624860022396,0.8132573440153902,0.9040408065754824
0.364,0.8677218767665348,0.8513588463671659,0.9567227667837988,0.930374479889043,0.8594624860022396,0.8132573440153902,0.9040408065754824
0.365,0.8679672038450664,0.8513588463671659,0.9568152395043462,0.9304438280166436,0.8595828083438332,0.8134280042615611,0.904087042935756
0.366,0.8682126696832579,0.8513588463671659,0.9569077122248937,0.9305131761442441,0.8597031643797256,0.813598725620121,0.9041332792960297
0.367,0.86810076422304,0.8505268996117582,0.9569077122248937,0.9303051317614425,0.8592239809497129,0.8129942532883679,0.9037173059183259
0.368,0.86810076422304,0.8505268996117582,0.9569077122248937,0.9303051317614425,0.8592239809497129,0.8129942532883679,0.9037173059183259
0.369,0.86810076422304,0.8505268996117582,0.9569077122248937,0.9303051317614425,0.8592239809497129,0.8129942532883679,0.9037173059183259
0.37,0.8683465458663646,0.8505268996117582,0.9570001849454411,0.930374479889043,0.8593443541608293,0.813165112721996,0.9037635422785997
0.371,0.8683465458663646,0.8505268996117582,0.9570001849454411,0.930374479889043,0.8593443541608293,0.813165112721996,0.9037635422785997
0.372,0.8683465458663646,0.8505268996117582,0.9570001849454411,0.930374479889043,0.8593443541608293,0.813165112721996,0.9037635422785997
0.373,0.8683465458663646,0.8505268996117582,0.9570001849454411,0.930374479889043,0.8593443541608293,0.813165112721996,0.9037635422785997
0.374,0.8682719546742209,0.8499722684414864,0.9570001849454411,0.9302357836338419,0.85902466367713,0.8127621326925807,0.9034862266934638
0.375,0.8687641723356009,0.8499722684414864,0.957185130386536,0.930374479889043,0.8592654892066162,0.8131041381599082,0.9035786994140111
0.376,0.8687641723356009,0.8499722684414864,0.957185130386536,0.930374479889043,0.8592654892066162,0.8131041381599082,0.9035786994140111
0.377,0.869010490501843,0.8499722684414864,0.9572776031070834,0.9304438280166436,0.8593859526146082,0.8132752329821115,0.9036249357742849
0.378,0.8689733408961997,0.8496949528563505,0.9572776031070834,0.930374479889043,0.8592260235558048,0.8130738051041095,0.903486277981717
0.379,0.8694665153234961,0.8496949528563505,0.9574625485481782,0.9305131761442441,0.8594670406732118,0.8134162306726759,0.9035787507022643
0.38,0.8694294635254045,0.8494176372712147,0.9574625485481782,0.9304438280166436,0.8593070556880348,0.8132148443382611,0.9034400929096964
0.381,0.8699233172394206,0.8494176372712147,0.9576474939892732,0.9305825242718446,0.8595481969973341,0.8135575677911828,0.903532565630244
0.382,0.8699233172394206,0.8494176372712147,0.9576474939892732,0.9305825242718446,0.8595481969973341,0.8135575677911828,0.903532565630244
0.383,0.8704177323103154,0.8494176372712147,0.957832439430368,0.9307212205270458,0.8597894736842105,0.8139005379465002,0.9036250383507913
0.384,0.8704177323103154,0.8494176372712147,0.957832439430368,0.9307212205270458,0.8597894736842105,0.8139005379465002,0.9036250383507913
0.385,0.8708759954493743,0.8491403216860788,0.9580173848714629,0.9307905686546464,0.8598708228025835,0.8140425140348738,0.9035788532787709
0.386,0.8708759954493743,0.8491403216860788,0.9580173848714629,0.9307905686546464,0.8598708228025835,0.8140425140348738,0.9035788532787709
0.387,0.871371656232214,0.8491403216860788,0.9582023303125577,0.9309292649098474,0.8601123595505618,0.8143860305889816,0.9036713259993183
0.388,0.8716196982635924,0.8491403216860788,0.9582948030331052,0.930998613037448,0.8602331788172496,0.8145578817928836,0.903717562359592
0.389,0.8716196982635924,0.8491403216860788,0.9582948030331052,0.930998613037448,0.8602331788172496,0.8145578817928836,0.903717562359592
0.39,0.8716196982635924,0.8491403216860788,0.9582948030331052,0.930998613037448,0.8602331788172496,0.8145578817928836,0.903717562359592
0.391,0.8731109210151127,0.8491403216860788,0.9588496393563899,0.9314147018030513,0.8609588078166737,0.8155902928005904,0.9039949805212344
0.392,0.8730022831050228,0.8483083749306711,0.9588496393563899,0.9312066574202497,0.8604781997187061,0.8149872130282865,0.9035790071435306
0.393,0.8730022831050228,0.8483083749306711,0.9588496393563899,0.9312066574202497,0.8604781997187061,0.8149872130282865,0.9035790071435306
0.394,0.8730022831050228,0.8483083749306711,0.9588496393563899,0.9312066574202497,0.8604781997187061,0.8149872130282865,0.9035790071435306
0.395,0.8730022831050228,0.8483083749306711,0.9588496393563899,0.9312066574202497,0.8604781997187061,0.8149872130282865,0.9035790071435306
0.396,0.8730022831050228,0.8483083749306711,0.9588496393563899,0.9312066574202497,0.8604781997187061,0.8149872130282865,0.9035790071435306
0.397,0.8739279588336192,0.8477537437603994,0.9592195302385796,0.9313453536754508,0.8606418918918919,0.8152751533274057,0.9034866369994895
0.398,0.8744279176201373,0.8477537437603994,0.9594044756796745,0.9314840499306519,0.8608842579555055,0.8156205503664359,0.903579109720037
0.399,0.8743919885550787,0.8474764281752635,0.9594044756796745,0.9314147018030513,0.8607238417124349,0.8154196413181656,0.903440451927469
0.4,0.8743919885550787,0.8474764281752635,0.9594044756796745,0.9314147018030513,0.8607238417124349,0.8154196413181656,0.903440451927469
0.401,0.8743919885550787,0.8474764281752635,0.9594044756796745,0.9314147018030513,0.8607238417124349,0.8154196413181656,0.903440451927469
0.402,0.8743919885550787,0.8474764281752635,0.9594044756796745,0.9314147018030513,0.8607238417124349,0.8154196413181656,0.903440451927469
0.403,0.8743560389238695,0.8471991125901276,0.9594044756796745,0.9313453536754508,0.8605633802816901,0.8152187222487045,0.9033017941349011
0.404,0.8748568155784651,0.8471991125901276,0.9595894211207694,0.9314840499306519,0.8608058608058609,0.8155644754295757,0.9033942668554484
0.405,0.8748568155784651,0.8471991125901276,0.9595894211207694,0.9314840499306519,0.8608058608058609,0.8155644754295757,0.9033942668554484
0.406,0.874820968203953,0.8469217970049917,0.9595894211207694,0.9314147018030513,0.8606453431027195,0.8153635990623895,0.9032556090628805
0.40700000000000003,0.874820968203953,0.8469217970049917,0.9595894211207694,0.9314147018030513,0.8606453431027195,0.8153635990623895,0.9032556090628805
0.40800000000000003,0.8749641525666763,0.846089850249584,0.9596818938413169,0.9312760055478502,0.8602847878189764,0.8149339860752635,0.9028858720454505
0.40900000000000003,0.8749641525666763,0.846089850249584,0.9596818938413169,0.9312760055478502,0.8602847878189764,0.8149339860752635,0.9028858720454505
0.41000000000000003,0.8756461803561172,0.8455352190793123,0.9599593120029591,0.9313453536754508,0.8603273137697517,0.8150519616706541,0.9027472655411357
0.41100000000000003,0.8755389479735556,0.8447032723239046,0.9599593120029591,0.9311373092926492,0.8598447424135498,0.8144494383398341,0.9023312921634319
0.41200000000000003,0.8755389479735556,0.8447032723239046,0.9599593120029591,0.9311373092926492,0.8598447424135498,0.8144494383398341,0.9023312921634319
0.41300000000000003,0.8757192174913694,0.8441486411536329,0.9600517847235066,0.9310679611650485,0.8596441683140356,0.8142212197038201,0.9021002129385698
0.41400000000000003,0.8757192174913694,0.8441486411536329,0.9600517847235066,0.9310679611650485,0.8596441683140356,0.8142212197038201,0.9021002129385698
0.41500000000000004,0.8757192174913694,0.8441486411536329,0.9600517847235066,0.9310679611650485,0.8596441683140356,0.8142212197038201,0.9021002129385698
0.41600000000000004,0.8757192174913694,0.8441486411536329,0.9600517847235066,0.9310679611650485,0.8596441683140356,0.8142212197038201,0.9021002129385698
0.417,0.8757192174913694,0.8441486411536329,0.9600517847235066,0.9310679611650485,0.8596441683140356,0.8142212197038201,0.9021002129385698
0.418,0.8757192174913694,0.8441486411536329,0.9600517847235066,0.9310679611650485,0.8596441683140356,0.8142212197038201,0.9021002129385698
0.419,0.8757192174913694,0.8441486411536329,0.9600517847235066,0.9310679611650485,0.8596441683140356,0.8142212197038201,0.9021002129385698
0.42,0.8757192174913694,0.8441486411536329,0.9600517847235066,0.9310679611650485,0.8596441683140356,0.8142212197038201,0.9021002129385698
0.421,0.8759712230215827,0.8441486411536329,0.960144257444054,0.9311373092926492,0.8597655698347691,0.8143947973476654,0.9021464492988434
0.422,0.8762233736327001,0.8441486411536329,0.9602367301646014,0.9312066574202497,0.8598870056497175,0.814568438355123,0.9021926856591171
0.423,0.8762975778546713,0.8427620632279534,0.9603292028851489,0.9309292649098474,0.8592027141645462,0.8137381639406411,0.9015456330565512
0.424,0.8762261973456434,0.8422074320576817,0.9603292028851489,0.9307905686546464,0.8588800904977375,0.8133365007890294,0.9012683174714153
0.425,0.8762261973456434,0.8422074320576817,0.9603292028851489,0.9307905686546464,0.8588800904977375,0.8133365007890294,0.9012683174714153
0.426,0.8762261973456434,0.8422074320576817,0.9603292028851489,0.9307905686546464,0.8588800904977375,0.8133365007890294,0.9012683174714153
0.427,0.8767321016166282,0.8422074320576817,0.9605141483262437,0.9309292649098474,0.8591230551626591,0.8136844736433739,0.9013607901919627
0.428,0.8766608896591566,0.8416528008874099,0.9605141483262437,0.9307905686546464,0.8588002263723826,0.8132828762035788,0.9010834746068268
0.429,0.8766608896591566,0.8416528008874099,0.9605141483262437,0.9307905686546464,0.8588002263723826,0.8132828762035788,0.9010834746068268
0.43,0.8768430182133564,0.8410981697171381,0.9606066210467912,0.9307212205270458,0.8585987261146497,0.813055426551146,0.9008523953819647
0.431,0.8770965876229034,0.8410981697171381,0.9606990937673386,0.9307905686546464,0.8587202718006794,0.8132296794231125,0.9008986317422384
0.432,0.8776041666666666,0.8410981697171381,0.9608840392084335,0.9309292649098474,0.8589634664401019,0.8135783769804658,0.9009911044627859
0.433,0.8776041666666666,0.8410981697171381,0.9608840392084335,0.9309292649098474,0.8589634664401019,0.8135783769804658,0.9009911044627859
0.434,0.8776041666666666,0.8410981697171381,0.9608840392084335,0.9309292649098474,0.8589634664401019,0.8135783769804658,0.9009911044627859
0.435,0.8776041666666666,0.8410981697171381,0.9608840392084335,0.9309292649098474,0.8589634664401019,0.8135783769804658,0.9009911044627859
0.436,0.8778581765557164,0.8410981697171381,0.9609765119289809,0.930998613037448,0.8590851154227447,0.8137528217592116,0.9010373408230595
0.437,0.8783666377063423,0.8410981697171381,0.9611614573700759,0.9311373092926492,0.8593285167870803,0.8141019035505882,0.901129813543607
0.438,0.8782255726297478,0.8399889073765946,0.9611614573700759,0.9308599167822469,0.858681785967399,0.8132992538263594,0.9005751823733352
0.439,0.8782255726297478,0.8399889073765946,0.9611614573700759,0.9308599167822469,0.858681785967399,0.8132992538263594,0.9005751823733352
0.44,0.8782255726297478,0.8399889073765946,0.9611614573700759,0.9308599167822469,0.858681785967399,0.8132992538263594,0.9005751823733352
0.441,0.878955007256894,0.8397115917914587,0.9614388755317181,0.930998613037448,0.8588852645014892,0.8136230741792936,0.9005752336615884
0.442,0.878955007256894,0.8397115917914587,0.9614388755317181,0.930998613037448,0.8588852645014892,0.8136230741792936,0.9005752336615884
0.443,0.8791751379610805,0.8394342762063228,0.9615313482522656,0.930998613037448,0.8588452262732302,0.8135974485306028,0.9004828122292943
0.444,0.8791400348634515,0.8391569606211869,0.9615313482522656,0.9309292649098474,0.858683314415437,0.8133968474943382,0.9003441544367263
0.445,0.8791400348634515,0.8391569606211869,0.9615313482522656,0.9309292649098474,0.858683314415437,0.8133968474943382,0.9003441544367263
0.446,0.8791400348634515,0.8391569606211869,0.9615313482522656,0.9309292649098474,0.858683314415437,0.8133968474943382,0.9003441544367263
0.447,0.8791400348634515,0.8391569606211869,0.9615313482522656,0.9309292649098474,0.858683314415437,0.8133968474943382,0.9003441544367263
0.448,0.8791400348634515,0.8391569606211869,0.9615313482522656,0.9309292649098474,0.858683314415437,0.8133968474943382,0.9003441544367263
0.449,0.8791400348634515,0.8391569606211869,0.9615313482522656,0.9309292649098474,0.858683314415437,0.8133968474943382,0.9003441544367263
0.45,0.8791400348634515,0.8391569606211869,0.9615313482522656,0.9309292649098474,0.858683314415437,0.8133968474943382,0.9003441544367263
0.451,0.8793955245568149,0.8391569606211869,0.9616238209728131,0.930998613037448,0.8588051653185753,0.8135719311269151,0.900390390797
0.452,0.8793955245568149,0.8391569606211869,0.9616238209728131,0.930998613037448,0.8588051653185753,0.8135719311269151,0.900390390797
0.453,0.8793253852864205,0.8386023294509152,0.9616238209728131,0.9308599167822469,0.8584811923349893,0.8131707520251967,0.9001130752118641
0.454,0.8792902850494474,0.8383250138657793,0.9616238209728131,0.9307905686546464,0.8583191368540601,0.8129701468506013,0.8999744174192962
0.455,0.8795461157986616,0.8383250138657793,0.9617162936933604,0.9308599167822469,0.8584410052534431,0.8131453763958136,0.9000206537795699
0.456,0.8800582241630277,0.8383250138657793,0.9619012391344554,0.930998613037448,0.8586848459025707,0.8134960296327847,0.9001131265001173
0.457,0.8800582241630277,0.8383250138657793,0.9619012391344554,0.930998613037448,0.8586848459025707,0.8134960296327847,0.9001131265001173
0.458,0.8800232964472918,0.8380476982806434,0.9619012391344554,0.9309292649098474,0.8585227272727273,0.8132954954687495,0.8999744687075494
0.459,0.8807580174927113,0.8377703826955075,0.9621786572960976,0.9310679611650485,0.858726549175668,0.8136215801865041,0.8999745199958026
0.46,0.8815290341406478,0.8377703826955075,0.9624560754577399,0.9312760055478502,0.859092848002275,0.8141487944219117,0.9001132290766237
0.461,0.8817863397548161,0.8377703826955075,0.9625485481782874,0.9313453536754508,0.8592150170648464,0.8143246627047369,0.9001594654368974
0.462,0.8817863397548161,0.8377703826955075,0.9625485481782874,0.9313453536754508,0.8592150170648464,0.8143246627047369,0.9001594654368974
0.463,0.8817863397548161,0.8377703826955075,0.9625485481782874,0.9313453536754508,0.8592150170648464,0.8143246627047369,0.9001594654368974
0.464,0.8816481589713617,0.836661120354964,0.9625485481782874,0.9310679611650485,0.8585657370517928,0.8135231439641599,0.8996048342666256
0.465,0.881613563285589,0.8363838047698281,0.9625485481782874,0.930998613037448,0.8584033015511598,0.8133227381110181,0.8994661764740577
0.466,0.881613563285589,0.8363838047698281,0.9625485481782874,0.930998613037448,0.8584033015511598,0.8133227381110181,0.8994661764740577
0.467,0.881613563285589,0.8363838047698281,0.9625485481782874,0.930998613037448,0.8584033015511598,0.8133227381110181,0.8994661764740577
0.468,0.8821292775665399,0.8363838047698281,0.9627334936193823,0.9311373092926492,0.8586476868327402,0.8136749444849914,0.8995586491946053
0.46900000000000003,0.8820947922761849,0.8361064891846922,0.9627334936193823,0.9310679611650485,0.8584851936218679,0.8134745830065211,0.8994199914020373
0.47000000000000003,0.8820947922761849,0.8361064891846922,0.9627334936193823,0.9310679611650485,0.8584851936218679,0.8134745830065211,0.8994199914020373
0.47100000000000003,0.8820257611241218,0.8355518580144204,0.9627334936193823,0.9309292649098474,0.8581600683565935,0.813073828517302,0.8991426758169014
0.47200000000000003,0.8820257611241218,0.8355518580144204,0.9627334936193823,0.9309292649098474,0.8581600683565935,0.813073828517302,0.8991426758169014
0.47300000000000003,0.8820257611241218,0.8355518580144204,0.9627334936193823,0.9309292649098474,0.8581600683565935,0.813073828517302,0.8991426758169014
0.47400000000000003,0.8820257611241218,0.8355518580144204,0.9627334936193823,0.9309292649098474,0.8581600683565935,0.813073828517302,0.8991426758169014
0.47500000000000003,0.8820257611241218,0.8355518580144204,0.9627334936193823,0.9309292649098474,0.8581600683565935,0.813073828517302,0.8991426758169014
0.47600000000000003,0.8820257611241218,0.8355518580144204,0.9627334936193823,0.9309292649098474,0.8581600683565935,0.813073828517302,0.8991426758169014
0.47700000000000004,0.8822495606326889,0.8352745424292846,0.9628259663399297,0.9309292649098474,0.8581196581196581,0.8130497466952161,0.8990502543846071
0.47800000000000004,0.8822150600644594,0.8349972268441487,0.9628259663399297,0.9308599167822469,0.8579569739279099,0.8128493705963333,0.8989115965920391
0.47900000000000004,0.8824736225087925,0.8349972268441487,0.9629184390604771,0.9309292649098474,0.8580792248503847,0.8130257749099772,0.8989578329523129
0.48,0.882991202346041,0.8349972268441487,0.9631033845015721,0.9310679611650485,0.8583238312428735,0.8133787805134717,0.8990503056728604
0.481,0.8827849588719154,0.8333333333333334,0.9631033845015721,0.9306518723994452,0.8573466476462197,0.8121767977606918,0.8982183589174527
0.482,0.8827849588719154,0.8333333333333334,0.9631033845015721,0.9306518723994452,0.8573466476462197,0.8121767977606918,0.8982183589174527
0.483,0.8827505142521305,0.8330560177481975,0.9631033845015721,0.9305825242718446,0.8571836210586389,0.8119764301333013,0.8980797011248848
0.484,0.88268156424581,0.8325013865779257,0.9631033845015721,0.9304438280166436,0.8568574282859998,0.8115756628728849,0.8978023855397489
0.485,0.8829411764705882,0.8325013865779257,0.9631958572221194,0.9305131761442441,0.8569797316585783,0.8117525129573,0.8978486219000226
0.486,0.8828032979976443,0.8313921242373822,0.9631958572221194,0.9302357836338419,0.8563267637817766,0.8109509606288074,0.8972939907297508
0.487,0.882734236888627,0.8308374930671104,0.9631958572221194,0.9300970873786408,0.856,0.8105501199949042,0.8970166751446149
0.488,0.8829944002357796,0.8308374930671104,0.9632883299426669,0.9301664355062413,0.8561223031861694,0.8107272023167045,0.8970629115048887
0.489,0.8828908554572271,0.8300055463117028,0.9632883299426669,0.9299583911234397,0.8556317895940537,0.8101259435858892,0.8966469381271849
0.49,0.8828908554572271,0.8300055463117028,0.9632883299426669,0.9299583911234397,0.8556317895940537,0.8101259435858892,0.8966469381271849
0.491,0.8836728668438146,0.8300055463117028,0.9635657481043093,0.9301664355062413,0.855998855998856,0.8106578382396267,0.896785647208006
0.492,0.8836728668438146,0.8300055463117028,0.9635657481043093,0.9301664355062413,0.855998855998856,0.8106578382396267,0.896785647208006
0.493,0.8836728668438146,0.8300055463117028,0.9635657481043093,0.9301664355062413,0.855998855998856,0.8106578382396267,0.896785647208006
0.494,0.8838652482269503,0.829450915141431,0.9636582208248566,0.9300970873786408,0.855793991416309,0.810434598514712,0.8965545679831438
0.495,0.8838652482269503,0.829450915141431,0.9636582208248566,0.9300970873786408,0.855793991416309,0.810434598514712,0.8965545679831438
0.496,0.8838652482269503,0.829450915141431,0.9636582208248566,0.9300970873786408,0.855793991416309,0.810434598514712,0.8965545679831438
0.497,0.8838652482269503,0.829450915141431,0.9636582208248566,0.9300970873786408,0.855793991416309,0.810434598514712,0.8965545679831438
0.498,0.8838652482269503,0.829450915141431,0.9636582208248566,0.9300970873786408,0.855793991416309,0.810434598514712,0.8965545679831438
0.499,0.8838652482269503,0.829450915141431,0.9636582208248566,0.9300970873786408,0.855793991416309,0.810434598514712,0.8965545679831438
0.5,0.8838652482269503,0.829450915141431,0.9636582208248566,0.9300970873786408,0.855793991416309,0.810434598514712,0.8965545679831438
0.501,0.8854939187184812,0.8277870216306157,0.9643055298686888,0.9301664355062413,0.8556686254837322,0.8104777751335771,0.8960462757496522
0.502,0.8854939187184812,0.8277870216306157,0.9643055298686888,0.9301664355062413,0.8556686254837322,0.8104777751335771,0.8960462757496522
0.503,0.8854939187184812,0.8277870216306157,0.9643055298686888,0.9301664355062413,0.8556686254837322,0.8104777751335771,0.8960462757496522
0.504,0.8854939187184812,0.8277870216306157,0.9643055298686888,0.9301664355062413,0.8556686254837322,0.8104777751335771,0.8960462757496522
0.505,0.8854939187184812,0.8277870216306157,0.9643055298686888,0.9301664355062413,0.8556686254837322,0.8104777751335771,0.8960462757496522
0.506,0.8853578853578854,0.8266777592900721,0.9643055298686888,0.9298890429958391,0.8550121898752331,0.8096768252986313,0.8954916445793805
0.507,0.8856209150326797,0.8266777592900721,0.9643980025892361,0.9299583911234397,0.8551348250143431,0.8098551271781828,0.8955378809396541
0.508,0.8856209150326797,0.8266777592900721,0.9643980025892361,0.9299583911234397,0.8551348250143431,0.8098551271781828,0.8955378809396541
0.509,0.8856209150326797,0.8266777592900721,0.9643980025892361,0.9299583911234397,0.8551348250143431,0.8098551271781828,0.8955378809396541
0.51,0.8866745984533017,0.8266777592900721,0.9647678934714259,0.9302357836338419,0.855625717566016,0.8105690077796834,0.8957228263807491
0.511,0.8869384111871467,0.8266777592900721,0.9648603661919734,0.9303051317614425,0.8557485287785274,0.8107476464531981,0.8957690627410227
0.512,0.8869047619047619,0.8264004437049363,0.9648603661919734,0.9302357836338419,0.8555842664369796,0.8105475508542035,0.8956304049484548
0.513,0.8869047619047619,0.8264004437049363,0.9648603661919734,0.9302357836338419,0.8555842664369796,0.8105475508542035,0.8956304049484548
0.514,0.8869047619047619,0.8264004437049363,0.9648603661919734,0.9302357836338419,0.8555842664369796,0.8105475508542035,0.8956304049484548
0.515,0.8868036937742032,0.8255684969495286,0.9648603661919734,0.9300277392510402,0.8550911963234238,0.8099471982892874,0.895214431570751
0.516,0.8868036937742032,0.8255684969495286,0.9648603661919734,0.9300277392510402,0.8550911963234238,0.8099471982892874,0.895214431570751
0.517,0.886736214605067,0.8250138657792568,0.9648603661919734,0.9298890429958391,0.8547622468036201,0.8095469082740269,0.8949371159856151
0.518,0.886736214605067,0.8250138657792568,0.9648603661919734,0.9298890429958391,0.8547622468036201,0.8095469082740269,0.8949371159856151
0.519,0.8872651356993737,0.8250138657792568,0.9650453116330683,0.9300277392510402,0.8550079034344015,0.8099047282137408,0.8950295887061626
0.52,0.8873954599761051,0.8239046034387133,0.9651377843536156,0.9298196948682386,0.8544722461892436,0.8092833678080035,0.8945211938961645
0.521,0.8873954599761051,0.8239046034387133,0.9651377843536156,0.9298196948682386,0.8544722461892436,0.8092833678080035,0.8945211938961645
0.522,0.8873954599761051,0.8239046034387133,0.9651377843536156,0.9298196948682386,0.8544722461892436,0.8092833678080035,0.8945211938961645
0.523,0.8872944693572496,0.8230726566833056,0.9651377843536156,0.9296116504854369,0.8539778449144008,0.8086829724920227,0.8941052205184606
0.524,0.8872607655502392,0.8227953410981698,0.9651377843536156,0.9295423023578363,0.8538129496402878,0.8084828184792908,0.8939665627258927
0.525,0.8872607655502392,0.8227953410981698,0.9651377843536156,0.9295423023578363,0.8538129496402878,0.8084828184792908,0.8939665627258927
0.526,0.8872270415794197,0.8225180255130339,0.9651377843536156,0.9294729542302358,0.8536480069074687,0.8082826533184554,0.8938279049333248
0.527,0.8877581562406465,0.8225180255130339,0.9653227297947106,0.9296116504854369,0.8538937670937096,0.8086413924604086,0.8939203776538722
0.528,0.887623614024573,0.8214087631724903,0.9653227297947106,0.9293342579750347,0.853233472562293,0.807840848029724,0.8933657464836005
0.529,0.887623614024573,0.8214087631724903,0.9653227297947106,0.9293342579750347,0.853233472562293,0.807840848029724,0.8933657464836005
0.53,0.8878896882494005,0.8214087631724903,0.965415202515258,0.9294036061026353,0.8533563814462691,0.8080204340502896,0.8934119828438742
0.531,0.8878896882494005,0.8214087631724903,0.965415202515258,0.9294036061026353,0.8533563814462691,0.8080204340502896,0.8934119828438742
0.532,0.8886888688868887,0.8214087631724903,0.9656926206769003,0.9296116504854369,0.8537253206513907,0.8085596024757092,0.8935506919246954
0.533,0.8889222455719004,0.8211314475873545,0.9657850933974478,0.9296116504854369,0.8536831483350151,0.808539441227379,0.8934582704924011
0.534,0.8899579073962718,0.8208541320022186,0.9661549842796375,0.9298196948682386,0.8540103866128101,0.8090597642881174,0.893504558140928
0.535,0.8898916967509025,0.8202995008319468,0.9661549842796375,0.9296809986130374,0.8536796536796537,0.8086598962836526,0.8932272425557921
0.536,0.8898916967509025,0.8202995008319468,0.9661549842796375,0.9296809986130374,0.8536796536796537,0.8086598962836526,0.8932272425557921
0.537,0.8898916967509025,0.8202995008319468,0.9661549842796375,0.9296809986130374,0.8536796536796537,0.8086598962836526,0.8932272425557921
0.538,0.8898916967509025,0.8202995008319468,0.9661549842796375,0.9296809986130374,0.8536796536796537,0.8086598962836526,0.8932272425557921
0.539,0.8901594944327414,0.8202995008319468,0.966247457000185,0.9297503467406381,0.8538028575552028,0.8088402147327993,0.8932734789160659
0.54,0.8904274533413606,0.8202995008319468,0.9663399297207323,0.9298196948682386,0.8539260969976905,0.8090206021252323,0.8933197152763396
0.541,0.8903614457831325,0.819744869661675,0.9663399297207323,0.9296809986130374,0.853595148714987,0.8086208046604023,0.8930423996912037
0.542,0.8905967450271248,0.8194675540765392,0.9664324024412798,0.9296809986130374,0.8535528596187175,0.8086014321854499,0.8929499782589094
0.543,0.8905967450271248,0.8194675540765392,0.9664324024412798,0.9296809986130374,0.8535528596187175,0.8086014321854499,0.8929499782589094
0.544,0.8905967450271248,0.8194675540765392,0.9664324024412798,0.9296809986130374,0.8535528596187175,0.8086014321854499,0.8929499782589094
0.545,0.8905967450271248,0.8194675540765392,0.9664324024412798,0.9296809986130374,0.8535528596187175,0.8086014321854499,0.8929499782589094
0.546,0.8905967450271248,0.8194675540765392,0.9664324024412798,0.9296809986130374,0.8535528596187175,0.8086014321854499,0.8929499782589094
0.547,0.8904646952323476,0.8183582917359956,0.9664324024412798,0.9294036061026353,0.8528901734104046,0.807801772668829,0.8923953470886377
0.548,0.8912715191784959,0.8183582917359956,0.9667098206029221,0.9296116504854369,0.8532600838513806,0.808344165002824,0.8925340561694588
0.549,0.8915407854984895,0.8183582917359956,0.9668022933234696,0.9296809986130374,0.8533834586466166,0.8085251012012963,0.8925802925297326
0.55,0.8915407854984895,0.8183582917359956,0.9668022933234696,0.9296809986130374,0.8533834586466166,0.8085251012012963,0.8925802925297326
0.551,0.8915407854984895,0.8183582917359956,0.9668022933234696,0.9296809986130374,0.8533834586466166,0.8085251012012963,0.8925802925297326
0.552,0.8915407854984895,0.8183582917359956,0.9668022933234696,0.9296809986130374,0.8533834586466166,0.8085251012012963,0.8925802925297326
0.553,0.8918102145663342,0.8183582917359956,0.966894766044017,0.9297503467406381,0.8535068691250903,0.8087061068646784,0.8926265288900064
0.554,0.8918102145663342,0.8183582917359956,0.966894766044017,0.9297503467406381,0.8535068691250903,0.8087061068646784,0.8926265288900064
0.555,0.8920798065296252,0.8183582917359956,0.9669872387645645,0.9298196948682386,0.8536303153022852,0.8088871820458572,0.89267276525028
0.556,0.891981845688351,0.817526344980588,0.9669872387645645,0.9296116504854369,0.8531326870206917,0.8082878416078165,0.8922567918725762
0.557,0.891981845688351,0.817526344980588,0.9669872387645645,0.9296116504854369,0.8531326870206917,0.8082878416078165,0.8922567918725762
0.558,0.891981845688351,0.817526344980588,0.9669872387645645,0.9296116504854369,0.8531326870206917,0.8082878416078165,0.8922567918725762
0.559,0.8919491525423728,0.8172490293954521,0.9669872387645645,0.9295423023578363,0.8529667149059335,0.8080880388027848,0.8921181340800083
0.56,0.8919491525423728,0.8172490293954521,0.9669872387645645,0.9295423023578363,0.8529667149059335,0.8080880388027848,0.8921181340800083
0.561,0.8922191946715108,0.8172490293954521,0.9670797114851118,0.9296116504854369,0.8530901722391084,0.8082693002269445,0.892164370440282
0.562,0.8922191946715108,0.8172490293954521,0.9670797114851118,0.9296116504854369,0.8530901722391084,0.8082693002269445,0.892164370440282
0.5630000000000001,0.8922191946715108,0.8172490293954521,0.9670797114851118,0.9296116504854369,0.8530901722391084,0.8082693002269445,0.892164370440282
0.5640000000000001,0.8924568312632536,0.8169717138103162,0.9671721842056593,0.9296116504854369,0.8530476328362531,0.8082508756301933,0.8920719490079878
0.5650000000000001,0.8924568312632536,0.8169717138103162,0.9671721842056593,0.9296116504854369,0.8530476328362531,0.8082508756301933,0.8920719490079878
0.5660000000000001,0.8924568312632536,0.8169717138103162,0.9671721842056593,0.9296116504854369,0.8530476328362531,0.8082508756301933,0.8920719490079878
0.5670000000000001,0.8924568312632536,0.8169717138103162,0.9671721842056593,0.9296116504854369,0.8530476328362531,0.8082508756301933,0.8920719490079878
0.5680000000000001,0.8924242424242425,0.8166943982251803,0.9671721842056593,0.9295423023578363,0.8528815522733855,0.8080511085051095,0.8919332912154199
0.5690000000000001,0.8924242424242425,0.8166943982251803,0.9671721842056593,0.9295423023578363,0.8528815522733855,0.8080511085051095,0.8919332912154199
0.5700000000000001,0.8923916338284329,0.8164170826400444,0.9671721842056593,0.9294729542302358,0.8527154236060825,0.8078513300020502,0.8917946334228519
0.5710000000000001,0.8922610015174507,0.8153078202995009,0.9671721842056593,0.9291955617198335,0.8520504274742791,0.8070521018737264,0.8912400022525802
0.5720000000000001,0.8924665856622114,0.8147531891292291,0.9672646569262068,0.929126213592233,0.8518411133661931,0.8068340835019158,0.891008923027718
0.5730000000000001,0.8924339106654512,0.8144758735440932,0.9672646569262068,0.9290568654646325,0.8516746411483254,0.806634254185252,0.89087026523515
0.5740000000000001,0.8924339106654512,0.8144758735440932,0.9672646569262068,0.9290568654646325,0.8516746411483254,0.806634254185252,0.89087026523515
0.5750000000000001,0.8924339106654512,0.8144758735440932,0.9672646569262068,0.9290568654646325,0.8516746411483254,0.806634254185252,0.89087026523515
0.5760000000000001,0.8924339106654512,0.8144758735440932,0.9672646569262068,0.9290568654646325,0.8516746411483254,0.806634254185252,0.89087026523515
0.577,0.8927051671732523,0.8144758735440932,0.9673571296467542,0.929126213592233,0.8517981438515081,0.806816018036444,0.8909165015954237
0.578,0.8932481751824818,0.8144758735440932,0.9675420750878491,0.9292649098474342,0.8520452567449956,0.8071797564034825,0.8910089743159711
0.579,0.8932156982050502,0.8141985579589573,0.9675420750878491,0.9291955617198335,0.8518787175395328,0.8069800036922072,0.8908703165234032
0.58,0.8932156982050502,0.8141985579589573,0.9675420750878491,0.9291955617198335,0.8518787175395328,0.8069800036922072,0.8908703165234032
0.581,0.8932156982050502,0.8141985579589573,0.9675420750878491,0.9291955617198335,0.8518787175395328,0.8069800036922072,0.8908703165234032
0.582,0.8932156982050502,0.8141985579589573,0.9675420750878491,0.9291955617198335,0.8518787175395328,0.8069800036922072,0.8908703165234032
0.583,0.8931832014607426,0.8139212423738215,0.9675420750878491,0.929126213592233,0.8517121300058038,0.8067802394778992,0.8907316587308353
0.584,0.8931832014607426,0.8139212423738215,0.9675420750878491,0.929126213592233,0.8517121300058038,0.8067802394778992,0.8907316587308353
0.585,0.8931832014607426,0.8139212423738215,0.9675420750878491,0.929126213592233,0.8517121300058038,0.8067802394778992,0.8907316587308353
0.586,0.893455098934551,0.8139212423738215,0.9676345478083965,0.9291955617198335,0.8518357277608475,0.806962272970108,0.8907778950911089
0.587,0.893455098934551,0.8139212423738215,0.9676345478083965,0.9291955617198335,0.8518357277608475,0.806962272970108,0.8907778950911089
0.588,0.8934226552984166,0.8136439267886856,0.9676345478083965,0.929126213592233,0.8516690856313498,0.8067625266803398,0.890639237298541
0.589,0.8933901918976546,0.8133666112035497,0.9676345478083965,0.9290568654646325,0.8515023951226594,0.8065627688604646,0.8905005795059731
0.59,0.8933901918976546,0.8133666112035497,0.9676345478083965,0.9290568654646325,0.8515023951226594,0.8065627688604646,0.8905005795059731
0.591,0.8933901918976546,0.8133666112035497,0.9676345478083965,0.9290568654646325,0.8515023951226594,0.8065627688604646,0.8905005795059731
0.592,0.8933252057299603,0.8128119800332779,0.9676345478083965,0.9289181692094314,0.8511688688834035,0.8061632185627305,0.8902232639208372
0.593,0.8938377059182429,0.812534664448142,0.9678194932494913,0.9289875173370319,0.8512492736780941,0.8063279994024398,0.8901770788488167
0.594,0.8938377059182429,0.812534664448142,0.9678194932494913,0.9289875173370319,0.8512492736780941,0.8063279994024398,0.8901770788488167
0.595,0.8938377059182429,0.812534664448142,0.9678194932494913,0.9289875173370319,0.8512492736780941,0.8063279994024398,0.8901770788488167
0.596,0.8940781440781441,0.812257348863006,0.9679119659700388,0.9289875173370319,0.8512060447544318,0.8063106765884409,0.8900846574165224
0.597,0.8940781440781441,0.812257348863006,0.9679119659700388,0.9289875173370319,0.8512060447544318,0.8063106765884409,0.8900846574165224
0.598,0.8940781440781441,0.812257348863006,0.9679119659700388,0.9289875173370319,0.8512060447544318,0.8063106765884409,0.8900846574165224
0.599,0.8940781440781441,0.812257348863006,0.9679119659700388,0.9289875173370319,0.8512060447544318,0.8063106765884409,0.8900846574165224
0.6,0.8940781440781441,0.812257348863006,0.9679119659700388,0.9289875173370319,0.8512060447544318,0.8063106765884409,0.8900846574165224
0.601,0.8940781440781441,0.812257348863006,0.9679119659700388,0.9289875173370319,0.8512060447544318,0.8063106765884409,0.8900846574165224
0.602,0.8943511450381679,0.812257348863006,0.9680044386905863,0.9290568654646325,0.8513297485830548,0.8064931696074567,0.8901308937767962
0.603,0.8943188759926696,0.8119800332778702,0.9680044386905863,0.9289875173370319,0.8511627906976744,0.8062934721281565,0.8899922359842283
0.604,0.894286587228842,0.8117027176927343,0.9680044386905863,0.9289181692094314,0.8509957842709697,0.8060937630443472,0.8898535781916603
0.605,0.8941572346283267,0.8105934553521907,0.9680044386905863,0.9286407766990291,0.8503272727272727,0.8052948103245647,0.8892989470213886
0.606,0.8941572346283267,0.8105934553521907,0.9680044386905863,0.9286407766990291,0.8503272727272727,0.8052948103245647,0.8892989470213886
0.607,0.8943014705882353,0.8094841930116472,0.9680969114111337,0.9284327323162275,0.8497816593886462,0.8046785311060454,0.8887905522113905
0.608,0.8943014705882353,0.8094841930116472,0.9680969114111337,0.9284327323162275,0.8497816593886462,0.8046785311060454,0.8887905522113905
0.609,0.8943014705882353,0.8094841930116472,0.9680969114111337,0.9284327323162275,0.8497816593886462,0.8046785311060454,0.8887905522113905
0.61,0.8956735194845045,0.8094841930116472,0.968559275013871,0.9287794729542302,0.8504005826656955,0.8055939026923303,0.8890217340127591
0.611,0.8955453149001537,0.8083749306711037,0.968559275013871,0.928502080443828,0.84973036000583,0.8047952898919003,0.8884671028424873
0.612,0.8955453149001537,0.8083749306711037,0.968559275013871,0.928502080443828,0.84973036000583,0.8047952898919003,0.8884671028424873
0.613,0.8955453149001537,0.8083749306711037,0.968559275013871,0.928502080443828,0.84973036000583,0.8047952898919003,0.8884671028424873
0.614,0.8954167948323593,0.8072656683305601,0.968559275013871,0.9282246879334258,0.8490593554032375,0.8039964885472474,0.8879124716722155
0.615,0.8956923076923077,0.8072656683305601,0.9686517477344183,0.9282940360610263,0.8491831971995333,0.8041800163762304,0.8879587080324892
0.616,0.8965198644902987,0.8072656683305601,0.9689291658960607,0.928502080443828,0.8495549394425799,0.8047310306984673,0.8880974171133105
0.617,0.8965198644902987,0.8072656683305601,0.9689291658960607,0.928502080443828,0.8495549394425799,0.8047310306984673,0.8880974171133105
0.618,0.8965198644902987,0.8072656683305601,0.9689291658960607,0.928502080443828,0.8495549394425799,0.8047310306984673,0.8880974171133105
0.619,0.8965198644902987,0.8072656683305601,0.9689291658960607,0.928502080443828,0.8495549394425799,0.8047310306984673,0.8880974171133105
0.62,0.8967960566851509,0.8072656683305601,0.9690216386166081,0.9285714285714286,0.8496789258610624,0.8049148459365688,0.888143653473584
0.621,0.8967960566851509,0.8072656683305601,0.9690216386166081,0.9285714285714286,0.8496789258610624,0.8049148459365688,0.888143653473584
0.622,0.8967960566851509,0.8072656683305601,0.9690216386166081,0.9285714285714286,0.8496789258610624,0.8049148459365688,0.888143653473584
0.623,0.8973489519112207,0.8072656683305601,0.969206584057703,0.9287101248266297,0.8499270072992701,0.8052826924434959,0.8882361261941316
0.624,0.8976256552574776,0.8072656683305601,0.9692990567782505,0.9287794729542302,0.8500511023507081,0.8054667238240925,0.8882823625544053
0.625,0.8987029030265596,0.8069883527454242,0.9696689476604402,0.9289875173370319,0.8503798947983635,0.8060042030507341,0.8883286502029322
0.626,0.8987029030265596,0.8069883527454242,0.9696689476604402,0.9289875173370319,0.8503798947983635,0.8060042030507341,0.8883286502029322
0.627,0.898671609514983,0.8067110371602884,0.9696689476604402,0.9289181692094314,0.8502118953675288,0.8058048228179198,0.8881899924103642
0.628,0.8986402966625463,0.8064337215751525,0.9696689476604402,0.9288488210818308,0.8500438468284127,0.8056054307852774,0.8880513346177963
0.629,0.8984520123839009,0.8047698280643372,0.9696689476604402,0.9284327323162275,0.8490345231129316,0.8044088298348309,0.8872193878623886
0.63,0.8984205636419944,0.8044925124792013,0.9696689476604402,0.928363384188627,0.8488661302121434,0.8042093547240317,0.8870807300698207
0.631,0.8983890954151177,0.8042151968940654,0.9696689476604402,0.9282940360610263,0.8486976880304361,0.8040098676762962,0.8869420722772527
0.632,0.8982945736434108,0.8033832501386577,0.9696689476604402,0.9280859916782247,0.8481920655833699,0.803411334739466,0.8865260988995489
0.633,0.8982630272952854,0.8031059345535219,0.9696689476604402,0.9280166435506242,0.8480234260614934,0.8032117997719171,0.886387441106981
0.634,0.8987891959018938,0.802828618968386,0.969853893101535,0.9280859916782247,0.8481031199648454,0.8033820835090489,0.8863412560349605
0.635,0.8987891959018938,0.802828618968386,0.969853893101535,0.9280859916782247,0.8481031199648454,0.8033820835090489,0.8863412560349605
0.636,0.8987577639751553,0.8025513033832501,0.969853893101535,0.9280166435506242,0.8479343685906827,0.8031825854056618,0.8862025982423926
0.637,0.8987577639751553,0.8025513033832501,0.969853893101535,0.9280166435506242,0.8479343685906827,0.8031825854056618,0.8862025982423926
0.638,0.8987577639751553,0.8025513033832501,0.969853893101535,0.9280166435506242,0.8479343685906827,0.8031825854056618,0.8862025982423926
0.639,0.8987263125194159,0.8022739877981142,0.969853893101535,0.9279472954230236,0.8477655677655678,0.8029830752597047,0.8860639404498246
0.64,0.8986948415164698,0.8019966722129783,0.969853893101535,0.9278779472954231,0.8475967174677609,0.8027835530539073,0.8859252826572567
0.641,0.898974199564812,0.8019966722129783,0.9699463658220825,0.9279472954230236,0.8477209438663345,0.8029686694630294,0.8859715190175304
0.642,0.8992223950233281,0.8017193566278424,0.97003883854263,0.9279472954230236,0.8476762937985632,0.8029543858551098,0.8858790975852362
0.643,0.8992223950233281,0.8017193566278424,0.97003883854263,0.9279472954230236,0.8476762937985632,0.8029543858551098,0.8858790975852362
0.644,0.8992223950233281,0.8017193566278424,0.97003883854263,0.9279472954230236,0.8476762937985632,0.8029543858551098,0.8858790975852362
0.645,0.8992223950233281,0.8017193566278424,0.97003883854263,0.9279472954230236,0.8476762937985632,0.8029543858551098,0.8858790975852362
0.646,0.8991596638655462,0.8011647254575707,0.97003883854263,0.9278085991678224,0.8473383194016718,0.8025554032379476,0.8856017820001003
0.647,0.8994396014943961,0.8011647254575707,0.9701313112631773,0.9278779472954231,0.8474625990026401,0.8027407578538704,0.885648018360374
0.648,0.8993455905266439,0.800332778702163,0.9701313112631773,0.9276699029126214,0.8469552457813646,0.8021422849206596,0.8852320449826702
0.649,0.899282818833801,0.7997781475318912,0.9701313112631773,0.9275312066574203,0.8466167620725085,0.801743242202683,0.8849547293975343
0.65,0.8994692475803934,0.7989462007764836,0.9702237839837248,0.9273925104022192,0.8462329270083713,0.8013302600809435,0.8845849923801041
0.651,0.8994378513429107,0.7986688851913477,0.9702237839837248,0.9273231622746186,0.8460634547591069,0.80113071447411,0.8844463345875362
0.652,0.8994378513429107,0.7986688851913477,0.9702237839837248,0.9273231622746186,0.8460634547591069,0.80113071447411,0.8844463345875362
0.653,0.8994064354889098,0.7983915696062118,0.9702237839837248,0.927253814147018,0.8458939327163214,0.800931156612377,0.8843076767949682
0.654,0.8994064354889098,0.7983915696062118,0.9702237839837248,0.927253814147018,0.8458939327163214,0.800931156612377,0.8843076767949682
0.655,0.8992805755395683,0.7972823072656683,0.9702237839837248,0.9269764216366159,0.845215346170807,0.800132802267783,0.8837530456246965
0.656,0.8994990607388854,0.7967276760953965,0.9703162567042722,0.9269070735090152,0.845,0.7999195444627208,0.8835219663998344
0.657,0.8994990607388854,0.7967276760953965,0.9703162567042722,0.9269070735090152,0.845,0.7999195444627208,0.8835219663998344
0.658,0.8994675853429377,0.7964503605102606,0.9703162567042722,0.9268377253814147,0.844830122076776,0.7997199311390601,0.8833833086072664
0.659,0.8994675853429377,0.7964503605102606,0.9703162567042722,0.9268377253814147,0.844830122076776,0.7997199311390601,0.8833833086072664
0.66,0.8994360902255639,0.7961730449251248,0.9703162567042722,0.9267683772538141,0.8446601941747572,0.7995203054285116,0.8832446508146985
0.661,0.8994360902255639,0.7961730449251248,0.9703162567042722,0.9267683772538141,0.8446601941747572,0.7995203054285116,0.8832446508146985
0.662,0.8994360902255639,0.7961730449251248,0.9703162567042722,0.9267683772538141,0.8446601941747572,0.7995203054285116,0.8832446508146985
0.663,0.8994360902255639,0.7961730449251248,0.9703162567042722,0.9267683772538141,0.8446601941747572,0.7995203054285116,0.8832446508146985
0.664,0.8994360902255639,0.7961730449251248,0.9703162567042722,0.9267683772538141,0.8446601941747572,0.7995203054285116,0.8832446508146985
0.665,0.8994360902255639,0.7961730449251248,0.9703162567042722,0.9267683772538141,0.8446601941747572,0.7995203054285116,0.8832446508146985
0.666,0.8994360902255639,0.7961730449251248,0.9703162567042722,0.9267683772538141,0.8446601941747572,0.7995203054285116,0.8832446508146985
0.667,0.8994360902255639,0.7961730449251248,0.9703162567042722,0.9267683772538141,0.8446601941747572,0.7995203054285116,0.8832446508146985
0.668,0.8997179567533689,0.7961730449251248,0.9704087294248197,0.9268377253814147,0.8447844637340003,0.7997064344911078,0.8832908871749723
0.669,0.8997179567533689,0.7961730449251248,0.9704087294248197,0.9268377253814147,0.8447844637340003,0.7997064344911078,0.8832908871749723
0.67,0.8997179567533689,0.7961730449251248,0.9704087294248197,0.9268377253814147,0.8447844637340003,0.7997064344911078,0.8832908871749723
0.671,0.8997179567533689,0.7961730449251248,0.9704087294248197,0.9268377253814147,0.8447844637340003,0.7997064344911078,0.8832908871749723
0.672,0.8997179567533689,0.7961730449251248,0.9704087294248197,0.9268377253814147,0.8447844637340003,0.7997064344911078,0.8832908871749723
0.673,0.8997179567533689,0.7961730449251248,0.9704087294248197,0.9268377253814147,0.8447844637340003,0.7997064344911078,0.8832908871749723
0.674,0.9002822201317028,0.7961730449251248,0.9705936748659145,0.9269764216366159,0.8450331125827815,0.8000789150980826,0.8833833598955196
0.675,0.900564617314931,0.7961730449251248,0.970686147586462,0.9270457697642164,0.8451574919046217,0.8002652667594993,0.8834295962557934
0.676,0.900564617314931,0.7961730449251248,0.970686147586462,0.9270457697642164,0.8451574919046217,0.8002652667594993,0.8834295962557934
0.677,0.900564617314931,0.7961730449251248,0.970686147586462,0.9270457697642164,0.8451574919046217,0.8002652667594993,0.8834295962557934
0.678,0.900564617314931,0.7961730449251248,0.970686147586462,0.9270457697642164,0.8451574919046217,0.8002652667594993,0.8834295962557934
0.679,0.900564617314931,0.7961730449251248,0.970686147586462,0.9270457697642164,0.8451574919046217,0.8002652667594993,0.8834295962557934
0.68,0.900722588752749,0.7950637825845812,0.9707786203070095,0.9268377253814147,0.8446015613492415,0.7996536844306217,0.8829212014457953
0.681,0.900722588752749,0.7950637825845812,0.9707786203070095,0.9268377253814147,0.8446015613492415,0.7996536844306217,0.8829212014457953
0.682,0.9010056568196103,0.7950637825845812,0.9708710930275569,0.9269070735090152,0.8447259870359458,0.7998403089347312,0.882967437806069
0.683,0.9015723270440251,0.7950637825845812,0.9710560384686517,0.9270457697642164,0.8449749484232243,0.8002137817052755,0.8830599105266165
0.684,0.9024236701290526,0.7950637825845812,0.971333456630294,0.927253814147018,0.8453486657821023,0.8007745511526165,0.8831986196074376
0.685,0.9023929471032746,0.7947864669994453,0.971333456630294,0.9271844660194175,0.8451784134473607,0.8005752048791983,0.8830599618148697
0.686,0.9025851197982345,0.7939545202440377,0.9714259293508415,0.9270457697642164,0.8447919740336383,0.8001642894414929,0.8826902247974395
0.687,0.9028391167192429,0.7936772046589018,0.971518402071389,0.9270457697642164,0.8447461629279811,0.8001522289994101,0.8825978033651454
0.6880000000000001,0.9033785917271866,0.7933998890737659,0.9717033475124838,0.9271151178918169,0.8448250406023918,0.8003277799698341,0.8825516182931248
0.6890000000000001,0.9036639292482628,0.7933998890737659,0.9717958202330312,0.9271844660194175,0.844949793266391,0.8005153413018721,0.8825978546533986
0.6900000000000001,0.9035725576983876,0.7925679423183583,0.9717958202330312,0.9269764216366159,0.844437878564042,0.7999175116141973,0.8821818812756947
0.6910000000000001,0.9035725576983876,0.7925679423183583,0.9717958202330312,0.9269764216366159,0.844437878564042,0.7999175116141973,0.8821818812756947
0.6920000000000001,0.9038583175205566,0.7925679423183583,0.9718882929535787,0.9270457697642164,0.8445626477541371,0.8001052427681556,0.8822281176359685
0.6930000000000001,0.9037974683544304,0.7920133111480865,0.9718882929535787,0.9269070735090152,0.8442211055276382,0.7997066901637744,0.8819508020508326
0.6940000000000001,0.9037974683544304,0.7920133111480865,0.9718882929535787,0.9269070735090152,0.8442211055276382,0.7997066901637744,0.8819508020508326
0.6950000000000001,0.9043698543381887,0.7920133111480865,0.9720732383946735,0.9270457697642164,0.8444707273802484,0.8000825053435446,0.88204327477138
0.6960000000000001,0.9043092522179975,0.7914586799778147,0.9720732383946735,0.9269070735090152,0.8441289559301982,0.7996840289123962,0.8817659591862441
0.6970000000000001,0.9043092522179975,0.7914586799778147,0.9720732383946735,0.9269070735090152,0.8441289559301982,0.7996840289123962,0.8817659591862441
0.6980000000000001,0.90453536314621,0.790904048807543,0.972165711115221,0.9268377253814147,0.8439118212753366,0.7994736499530365,0.881534879961382
0.6990000000000001,0.904414099714195,0.7897947864669994,0.972165711115221,0.9265603328710125,0.8432272390821614,0.7986765722021515,0.8809802487911103
0.7000000000000001,0.904414099714195,0.7897947864669994,0.972165711115221,0.9265603328710125,0.8432272390821614,0.7986765722021515,0.8809802487911103
0.7010000000000001,0.9043229497774953,0.7889628397115918,0.972165711115221,0.9263522884882108,0.8427132701421801,0.7980786311533057,0.8805642754134064
0.7020000000000001,0.9042620865139949,0.78840820854132,0.972165711115221,0.9262135922330097,0.8423703703703703,0.7976799403142308,0.8802869598282705
0.7030000000000001,0.9047467346288627,0.7875762617859123,0.9723506565563159,0.9261442441054092,0.8421052631578947,0.7974590937259479,0.8799634591711141
0.704,0.904655612244898,0.7867443150305047,0.9723506565563159,0.9259361997226075,0.8415900326312666,0.7968610377032679,0.8795474857934102
0.705,0.904655612244898,0.7867443150305047,0.9723506565563159,0.9259361997226075,0.8415900326312666,0.7968610377032679,0.8795474857934102
0.706,0.904655612244898,0.7867443150305047,0.9723506565563159,0.9259361997226075,0.8415900326312666,0.7968610377032679,0.8795474857934102
0.707,0.9048834982444941,0.7861896838602329,0.9724431292768633,0.9258668515950069,0.8413711233120641,0.7966511862461203,0.8793164065685481
0.708,0.9054615138933249,0.7861896838602329,0.9726280747179582,0.926005547850208,0.8416208995101677,0.7970292496863931,0.8794088792890955
0.709,0.9054615138933249,0.7861896838602329,0.9726280747179582,0.926005547850208,0.8416208995101677,0.7970292496863931,0.8794088792890955
0.71,0.9054313099041533,0.785912368275097,0.9726280747179582,0.9259361997226075,0.8414489311163895,0.7968299421641375,0.8792702214965276
0.711,0.9057206775327581,0.785912368275097,0.9727205474385057,0.926005547850208,0.8415738678544915,0.7970191210800649,0.8793164578568013
0.712,0.9057206775327581,0.785912368275097,0.9727205474385057,0.926005547850208,0.8415738678544915,0.7970191210800649,0.8793164578568013
0.713,0.9057206775327581,0.785912368275097,0.9727205474385057,0.926005547850208,0.8415738678544915,0.7970191210800649,0.8793164578568013
0.714,0.90688,0.785912368275097,0.9730904383206954,0.9262829403606103,0.8420739860347646,0.7977766064443781,0.8795014032978963
0.715,0.9068501920614597,0.7856350526899611,0.9730904383206954,0.9262135922330097,0.8419019316493314,0.7975774465139052,0.8793627455053283
0.716,0.9068501920614597,0.7856350526899611,0.9730904383206954,0.9262135922330097,0.8419019316493314,0.7975774465139052,0.8793627455053283
0.717,0.9071405699647774,0.7856350526899611,0.9731829110412429,0.9262829403606103,0.8420270471095259,0.7977670427850185,0.879408981865602
0.718,0.9071108263933376,0.7853577371048253,0.9731829110412429,0.9262135922330097,0.8418549346016647,0.7975679022310068,0.8792703240730341
0.719,0.9071933204881182,0.7834165280088741,0.9732753837617902,0.9257975034674064,0.8407738095238095,0.7963634896179632,0.8783459558853322
0.72,0.9071635078702216,0.7831392124237382,0.9732753837617902,0.9257281553398058,0.8406012799523739,0.7961642781814752,0.8782072980927642
0.721,0.9074252651880425,0.7828618968386023,0.9733678564823377,0.9257281553398058,0.8405538186690487,0.7961551277672176,0.8781148766604701
0.722,0.907687359279511,0.7825845812534664,0.9734603292028852,0.9257281553398058,0.8405063291139241,0.796146106864483,0.8780224552281758
0.723,0.9075386597938144,0.781198003327787,0.9734603292028852,0.925381414701803,0.8396423248882265,0.7951500485168409,0.8773291662653361
0.724,0.9074790457769181,0.7806433721575152,0.9734603292028852,0.925242718446602,0.8392963625521765,0.7947515337528284,0.8770518506802002
0.725,0.9074193548387097,0.7800887409872435,0.9734603292028852,0.9251040221914009,0.8389501938562481,0.7943529665296715,0.8767745350950643
0.726,0.9073296738779464,0.7792567942318358,0.9734603292028852,0.9248959778085991,0.8384305534835148,0.7937550170178602,0.8763585617173605
0.727,0.9073296738779464,0.7792567942318358,0.9734603292028852,0.9248959778085991,0.8384305534835148,0.7937550170178602,0.8763585617173605
0.728,0.9076227390180879,0.7792567942318358,0.9735528019234326,0.9249653259361997,0.8385556550283497,0.7939456689221092,0.8764047980776342
0.729,0.9075928917609046,0.7789794786466999,0.9735528019234326,0.9248959778085991,0.8383823309953738,0.7937463585860137,0.8762661402850662
0.73,0.9075928917609046,0.7789794786466999,0.9735528019234326,0.9248959778085991,0.8383823309953738,0.7937463585860137,0.8762661402850662
0.731,0.9078862314156432,0.7789794786466999,0.97364527464398,0.9249653259361997,0.8385074626865672,0.7939371214122944,0.87631237664534
0.732,0.9078862314156432,0.7789794786466999,0.97364527464398,0.9249653259361997,0.8385074626865672,0.7939371214122944,0.87631237664534
0.733,0.9078862314156432,0.7789794786466999,0.97364527464398,0.9249653259361997,0.8385074626865672,0.7939371214122944,0.87631237664534
0.734,0.9084734799482536,0.7789794786466999,0.9738302200850749,0.9251040221914009,0.838757838160645,0.7943188824233988,0.8764048493658874
0.735,0.9087673891944354,0.7789794786466999,0.9739226928056224,0.9251733703190014,0.8388830819770047,0.7945098807357878,0.8764510857261611
0.736,0.9090320492068631,0.778702163061564,0.9740151655261697,0.9251733703190014,0.8388349514563107,0.7945017974840259,0.8763586642938669
0.737,0.9090320492068631,0.778702163061564,0.9740151655261697,0.9251733703190014,0.8388349514563107,0.7945017974840259,0.8763586642938669
0.738,0.9098573281452659,0.7781475318912923,0.9742925836878121,0.925242718446602,0.838863976083707,0.7946774361728918,0.8762200577895523
0.739,0.9098573281452659,0.7781475318912923,0.9742925836878121,0.925242718446602,0.838863976083707,0.7946774361728918,0.8762200577895523
0.74,0.9098573281452659,0.7781475318912923,0.9742925836878121,0.925242718446602,0.838863976083707,0.7946774361728918,0.8762200577895523
0.741,0.9097988319273199,0.7775929007210205,0.9742925836878121,0.9251040221914009,0.8385167464114832,0.7942792204417595,0.8759427422044164
0.742,0.9097695553391756,0.7773155851358846,0.9742925836878121,0.9250346740638002,0.838343053686257,0.7940800927390977,0.8758040844118484
0.743,0.9097402597402597,0.7770382695507487,0.9742925836878121,0.9249653259361997,0.8381693090038888,0.7938809517875193,0.8756654266192805
0.744,0.9097109451120494,0.7767609539656128,0.9742925836878121,0.9248959778085991,0.8379955123410621,0.793681797568866,0.8755267688267125
0.745,0.9097109451120494,0.7767609539656128,0.9742925836878121,0.9248959778085991,0.8379955123410621,0.793681797568866,0.8755267688267125
0.746,0.9097109451120494,0.7767609539656128,0.9742925836878121,0.9248959778085991,0.8379955123410621,0.793681797568866,0.8755267688267125
0.747,0.9096816114359974,0.776483638380477,0.9742925836878121,0.9248266296809986,0.8378216636744464,0.7934826300649668,0.8753881110341446
0.748,0.9102147039687704,0.7759290072102052,0.974477529128907,0.9248266296809986,0.8377245508982036,0.7934678432871997,0.8752032681695561
0.749,0.9114006514657981,0.7759290072102052,0.9748474200110967,0.9251040221914009,0.8382264829239066,0.7942359731092787,0.875388213610651
0.75,0.9116976213750407,0.7759290072102052,0.9749398927316442,0.9251733703190014,0.8383520599250937,0.7944282045910933,0.8754344499709247
0.751,0.9116976213750407,0.7759290072102052,0.9749398927316442,0.9251733703190014,0.8383520599250937,0.7944282045910933,0.8754344499709247
0.752,0.9119373776908023,0.7753743760399334,0.9750323654521916,0.9251040221914009,0.8381294964028777,0.7942226176216637,0.8752033707460625
0.753,0.9119086460032626,0.7750970604547975,0.9750323654521916,0.9250346740638002,0.8379553290361266,0.79402364858512,0.8750647129534945
0.754,0.9119086460032626,0.7750970604547975,0.9750323654521916,0.9250346740638002,0.8379553290361266,0.79402364858512,0.8750647129534945
0.755,0.9128020901371653,0.7750970604547975,0.9753097836138339,0.925242718446602,0.8383323335332934,0.7946013614335025,0.8752034220343157
0.756,0.9128020901371653,0.7750970604547975,0.9753097836138339,0.925242718446602,0.8383323335332934,0.7946013614335025,0.8752034220343157
0.757,0.9127736033975825,0.7748197448696617,0.9753097836138339,0.9251733703190014,0.8381580920953953,0.7944024791646185,0.8750647642417477
0.758,0.9127450980392157,0.7745424292845258,0.9753097836138339,0.9251040221914009,0.8379837983798379,0.7942035835888872,0.8749261064491798
0.759,0.9132001310186701,0.7731558513588463,0.9754947290549288,0.9248959778085991,0.8373629674125244,0.793594916639348,0.8743252902068877
0.76,0.9131716906946264,0.7728785357737105,0.9754947290549288,0.9248266296809986,0.8371883448483028,0.7933960078903225,0.8741866324143197
0.761,0.9131147540983606,0.7723239046034387,0.9754947290549288,0.9246879334257975,0.8368389423076923,0.7929981501296961,0.8739093168291838
0.762,0.9133858267716536,0.7720465890183028,0.9755872017754762,0.9246879334257975,0.8367899008115419,0.7929924617917892,0.8738168953968894
0.763,0.9139855548260013,0.7720465890183028,0.9757721472165711,0.9248266296809986,0.8370414912808178,0.79337922547554,0.873909368117437
0.764,0.9139855548260013,0.7720465890183028,0.9757721472165711,0.9248266296809986,0.8370414912808178,0.79337922547554,0.873909368117437
0.765,0.9139573070607553,0.7717692734331669,0.9757721472165711,0.9247572815533981,0.8368666365960006,0.7931803639389118,0.8737707103248691
0.766,0.9139573070607553,0.7717692734331669,0.9757721472165711,0.9247572815533981,0.8368666365960006,0.7931803639389118,0.8737707103248691
0.767,0.9139573070607553,0.7717692734331669,0.9757721472165711,0.9247572815533981,0.8368666365960006,0.7931803639389118,0.8737707103248691
0.768,0.9139573070607553,0.7717692734331669,0.9757721472165711,0.9247572815533981,0.8368666365960006,0.7931803639389118,0.8737707103248691
0.769,0.9139573070607553,0.7717692734331669,0.9757721472165711,0.9247572815533981,0.8368666365960006,0.7931803639389118,0.8737707103248691
0.77,0.9139573070607553,0.7717692734331669,0.9757721472165711,0.9247572815533981,0.8368666365960006,0.7931803639389118,0.8737707103248691
0.771,0.9139573070607553,0.7717692734331669,0.9757721472165711,0.9247572815533981,0.8368666365960006,0.7931803639389118,0.8737707103248691
0.772,0.914257555847569,0.7717692734331669,0.9758646199371186,0.9248266296809986,0.8369924812030075,0.7933739007826833,0.8738169466851428
0.773,0.9139749505603164,0.7689961175818081,0.9758646199371186,0.924133148404993,0.8352409638554217,0.7913848801251747,0.8724303687594633
0.774,0.9139749505603164,0.7689961175818081,0.9758646199371186,0.924133148404993,0.8352409638554217,0.7913848801251747,0.8724303687594633
0.775,0.913946587537092,0.7687188019966722,0.9758646199371186,0.9240638002773925,0.8350655219159512,0.7911859033890549,0.8722917109668954
0.776,0.9139182058047494,0.7684414864115363,0.9758646199371186,0.9239944521497919,0.8348900271166014,0.7909869130028316,0.8721530531743275
0.777,0.9139182058047494,0.7684414864115363,0.9758646199371186,0.9239944521497919,0.8348900271166014,0.7909869130028316,0.8721530531743275
0.778,0.9138898053447707,0.7681641708264004,0.9758646199371186,0.9239251040221914,0.834714479433479,0.7907879089480395,0.8720143953817595
0.779,0.9138898053447707,0.7681641708264004,0.9758646199371186,0.9239251040221914,0.834714479433479,0.7907879089480395,0.8720143953817595
0.78,0.9141914191419142,0.7681641708264004,0.975957092657666,0.9239944521497919,0.8348402652200121,0.7909819667648064,0.8720606317420332
0.781,0.9141347424042272,0.7676095396561287,0.975957092657666,0.9238557558945908,0.8344889960807959,0.7905839854207158,0.8717833161568973
0.782,0.9141347424042272,0.7676095396561287,0.975957092657666,0.9238557558945908,0.8344889960807959,0.7905839854207158,0.8717833161568973
0.783,0.9141347424042272,0.7676095396561287,0.975957092657666,0.9238557558945908,0.8344889960807959,0.7905839854207158,0.8717833161568973
0.784,0.9141347424042272,0.7676095396561287,0.975957092657666,0.9238557558945908,0.8344889960807959,0.7905839854207158,0.8717833161568973
0.785,0.9141347424042272,0.7676095396561287,0.975957092657666,0.9238557558945908,0.8344889960807959,0.7905839854207158,0.8717833161568973
0.786,0.9144367360422861,0.7676095396561287,0.9760495653782134,0.9239251040221914,0.8346148047640585,0.7907781927009515,0.8718295525171711
0.787,0.9147107438016528,0.7673322240709928,0.9761420380987609,0.9239251040221914,0.8345649223344895,0.7907735384264397,0.8717371310848768
0.788,0.9152878888153541,0.7670549084858569,0.9763269835398557,0.9239944521497919,0.8346409173204586,0.7909635410547526,0.8716909460128563
0.789,0.9152878888153541,0.7670549084858569,0.9763269835398557,0.9239944521497919,0.8346409173204586,0.7909635410547526,0.8716909460128563
0.79,0.9155908639523337,0.7670549084858569,0.9764194562604032,0.9240638002773925,0.8347668628338615,0.7911581437634205,0.87173718237313
0.791,0.9155629139072847,0.766777592900721,0.9764194562604032,0.9239944521497919,0.8345910051313009,0.7909592754249227,0.8715985245805621
0.792,0.915506958250497,0.7662229617304492,0.9764194562604032,0.9238557558945908,0.8342391304347826,0.7905614975760689,0.8713212089954262
0.793,0.9164179104477612,0.7662229617304492,0.9766968744220454,0.9240638002773925,0.8346171273221568,0.7911461063819102,0.8714599180762473
0.794,0.9169435215946844,0.7653910149750416,0.9768818198631404,0.9239944521497919,0.8343409915356711,0.7909400020030334,0.871136417419091
0.795,0.9171381031613977,0.764281752634498,0.9769742925836878,0.9237864077669903,0.833761911964907,0.7903402426196129,0.870628022609093
0.796,0.9183061020340113,0.7637271214642263,0.9773441834658776,0.9239251040221914,0.8339137017411052,0.7907254961516239,0.8705356524650519
0.797,0.9185580774365821,0.7631724902939545,0.9774366561864251,0.9238557558945908,0.8336867615873977,0.7905240980429151,0.8703045732401897
0.798,0.9187019069923051,0.7615085967831392,0.9775291289069724,0.923509015256588,0.8327520849128127,0.7895280832478289,0.8695188628450559
0.799,0.9185656836461126,0.7601220188574598,0.9775291289069724,0.9231622746185852,0.831866464339909,0.7885342897745172,0.8688255738822162
0.8,0.9185656836461126,0.7601220188574598,0.9775291289069724,0.9231622746185852,0.831866464339909,0.7885342897745172,0.8688255738822162
0.801,0.9191817572099262,0.7601220188574598,0.9777140743480673,0.9233009708737864,0.8321190042501518,0.78892746276359,0.8689180466027635
0.802,0.9190732034922767,0.7590127565169162,0.9777140743480673,0.9230235783633842,0.8314094775212637,0.7881324552748991,0.8683634154324917
0.803,0.9196908602150538,0.7590127565169162,0.9778990197891622,0.9231622746185852,0.8316621087815254,0.7885262447976843,0.8684558881530392
0.804,0.9202825428859738,0.7587354409317804,0.9780839652302571,0.9232316227461859,0.8317373461012312,0.7887217250595319,0.8684097030810187
0.805,0.9209020531807472,0.7587354409317804,0.9782689106713519,0.923370319001387,0.8319902691196595,0.7891162601933966,0.8685021758015661
0.806,0.9209020531807472,0.7587354409317804,0.9782689106713519,0.923370319001387,0.8319902691196595,0.7891162601933966,0.8685021758015661
0.807,0.9215223981138431,0.7587354409317804,0.9784538561124468,0.923509015256588,0.8322433460076045,0.7895111338999745,0.8685946485221137
0.808,0.9213369345037137,0.7567942318358292,0.9784538561124468,0.9230235783633842,0.8309987819732034,0.7881212029171837,0.8676240439741381
0.809,0.922165820642978,0.7556849694952856,0.9787312742740891,0.9229542302357836,0.8306660570035056,0.7879207642111338,0.8672081218846874
0.81,0.9221394719025051,0.7554076539101497,0.9787312742740891,0.9228848821081831,0.8304878048780487,0.7877221961414721,0.8670694640921195
0.811,0.9220867208672087,0.754853022739878,0.9787312742740891,0.922746185852982,0.8301311375419335,0.787325017354536,0.8667921485069836
0.812,0.9223728813559322,0.7545757071547421,0.9788237469946366,0.922746185852982,0.8300793166564978,0.7873247596330759,0.8666997270746893
0.8130000000000001,0.9223465581553069,0.7542983915696062,0.9788237469946366,0.9226768377253814,0.8299008390541571,0.7871261703210475,0.8665610692821214
0.8140000000000001,0.9223465581553069,0.7542983915696062,0.9788237469946366,0.9226768377253814,0.8299008390541571,0.7871261703210475,0.8665610692821214
0.8150000000000001,0.9228153689221353,0.7526344980587909,0.9790086924357314,0.9223994452149792,0.8290820223002902,0.7863317986049847,0.8658215952472612
0.8160000000000001,0.9227891156462585,0.752357182473655,0.9790086924357314,0.9223300970873787,0.8289031469599756,0.7861331806894334,0.8656829374546933
0.8170000000000001,0.9227365554799183,0.7518025513033832,0.9790086924357314,0.9221914008321775,0.8285452322738386,0.7857359016902068,0.8654056218695574
0.8180000000000001,0.9226575809199319,0.7509706045479756,0.9790086924357314,0.9219833564493759,0.8280079498547622,0.7851398749851759,0.8649896484918536
0.8190000000000001,0.9226575809199319,0.7509706045479756,0.9790086924357314,0.9219833564493759,0.8280079498547622,0.7851398749851759,0.8649896484918536
0.8200000000000001,0.9226575809199319,0.7509706045479756,0.9790086924357314,0.9219833564493759,0.8280079498547622,0.7851398749851759,0.8649896484918536
0.8210000000000001,0.9229720518064076,0.7509706045479756,0.9791011651562789,0.9220527045769764,0.8281345565749235,0.7853389521455437,0.8650358848521272
0.8220000000000001,0.9236016371077762,0.7509706045479756,0.9792861105973738,0.9221914008321775,0.828387886203732,0.7857373659748859,0.8651283575726747
0.8230000000000001,0.9235233868214408,0.7501386577925679,0.9792861105973738,0.9219833564493759,0.827850038255547,0.7851415333714651,0.8647123841949709
0.8240000000000001,0.9238387978142076,0.7501386577925679,0.9793785833179212,0.9220527045769764,0.8279767370676462,0.7853409785826556,0.8647586205552446
0.8250000000000001,0.9237606837606838,0.7493067110371603,0.9793785833179212,0.9218446601941748,0.827438370846731,0.7847451239822496,0.8643426471775407
0.8260000000000001,0.9237085186452275,0.7487520798668885,0.9793785833179212,0.9217059639389736,0.8270791851738398,0.7843478148872639,0.8640653315924048
0.8270000000000001,0.9237085186452275,0.7487520798668885,0.9793785833179212,0.9217059639389736,0.8270791851738398,0.7843478148872639,0.8640653315924048
0.8280000000000001,0.9235777930089102,0.7473655019412091,0.9793785833179212,0.9213592233009709,0.8261802575107297,0.783354286598837,0.8633720426295651
0.8290000000000001,0.923551594103531,0.7470881863560732,0.9793785833179212,0.9212898751733704,0.8260003066073892,0.7831555369785413,0.8632333848369972
0.8300000000000001,0.9238683127572016,0.7470881863560732,0.9794710560384686,0.9213592233009709,0.8261269549218031,0.7833554678711272,0.8632796211972709
0.8310000000000001,0.9250601581299416,0.7462562396006656,0.9798409469206584,0.9214285714285714,0.8260936300844206,0.7835602753663078,0.863048593260662
0.8320000000000001,0.9250343878954608,0.7459789240155297,0.9798409469206584,0.9213592233009709,0.8259134172551428,0.7833616491157843,0.862909935468094
0.833,0.9249052704099208,0.7445923460898503,0.9798409469206584,0.9210124826629681,0.8250115225072976,0.7823682967518485,0.8622166465052543
0.834,0.9248793935217091,0.7443150305047144,0.9798409469206584,0.9209431345353676,0.8248309772587584,0.7821695819213791,0.8620779887126864
0.835,0.9248793935217091,0.7443150305047144,0.9798409469206584,0.9209431345353676,0.8248309772587584,0.7821695819213791,0.8620779887126864
0.836,0.9255172413793104,0.7443150305047144,0.9800258923617533,0.9210818307905686,0.8250845373501383,0.7825711393820444,0.8621704614332338
0.837,0.9257852951328961,0.7437603993344426,0.9801183650823008,0.9210124826629681,0.8248500691988313,0.7823747966740517,0.8619393822083716
0.838,0.9269643475250952,0.7426511369938991,0.9804882559644905,0.9210124826629681,0.8246343341031562,0.7823855254170307,0.8615696964791948
0.839,0.9269137512989262,0.7420965058236273,0.9804882559644905,0.920873786407767,0.8242722932388726,0.7819883888110842,0.8612923808940589
0.84,0.9275312066574203,0.7418191902384914,0.9806732014055853,0.9209431345353676,0.8243451463790447,0.7821932612986788,0.8612461958220383
0.841,0.9274305555555555,0.7407099278979479,0.9806732014055853,0.9206657420249653,0.8236201048411964,0.7813990465219085,0.8606915646517665
0.842,0.9273801250868658,0.7401552967276761,0.9806732014055853,0.9205270457697642,0.8232572486119679,0.7810018493924049,0.8604142490666307
0.843,0.9277024678484532,0.7401552967276761,0.9807656741261328,0.9205963938973648,0.8233842356933518,0.7812039380999432,0.8604604854269045
0.844,0.928,0.7398779811425402,0.9808581468466803,0.9205963938973648,0.8233297330658849,0.7812075698961506,0.8603680639946103
0.845,0.928,0.7398779811425402,0.9808581468466803,0.9205963938973648,0.8233297330658849,0.7812075698961506,0.8603680639946103
0.846,0.9282979463974939,0.7396006655574043,0.9809506195672276,0.9205963938973648,0.823275196789628,0.7812113510748558,0.8602756425623159
0.847,0.9282729805013927,0.7393233499722685,0.9809506195672276,0.9205270457697642,0.8230935473911701,0.7810128119571408,0.860136984769748
0.848,0.9282479972135145,0.7390460343871326,0.9809506195672276,0.9204576976421637,0.8229118419021152,0.7808142578109403,0.85999832697718
0.849,0.928122819260293,0.7376594564614531,0.9809506195672276,0.9201109570041609,0.8220024721878862,0.7798212609670705,0.8593050380143403
0.85,0.9280977312390924,0.7373821408763173,0.9809506195672276,0.9200416088765603,0.8218204296090249,0.7796226162383763,0.8591663802217724
0.851,0.9293706293706294,0.7371048252911814,0.9813205104494174,0.920249653259362,0.822146613052892,0.780235577951099,0.8592126678702994
0.852,0.9293706293706294,0.7371048252911814,0.9813205104494174,0.920249653259362,0.822146613052892,0.780235577951099,0.8592126678702994
0.853,0.9293706293706294,0.7371048252911814,0.9813205104494174,0.920249653259362,0.822146613052892,0.780235577951099,0.8592126678702994
0.854,0.9293212036389084,0.7365501941209096,0.9813205104494174,0.9201109570041609,0.8217821782178217,0.7798385136122807,0.8589353522851635
0.855,0.9293212036389084,0.7365501941209096,0.9813205104494174,0.9201109570041609,0.8217821782178217,0.7798385136122807,0.8589353522851635
0.856,0.9292964648232411,0.7362728785357737,0.9813205104494174,0.9200416088765603,0.8215998762184744,0.7796399586950817,0.8587966944925955
0.857,0.9292964648232411,0.7362728785357737,0.9813205104494174,0.9200416088765603,0.8215998762184744,0.7796399586950817,0.8587966944925955
0.858,0.9292964648232411,0.7362728785357737,0.9813205104494174,0.9200416088765603,0.8215998762184744,0.7796399586950817,0.8587966944925955
0.859,0.9292964648232411,0.7362728785357737,0.9813205104494174,0.9200416088765603,0.8215998762184744,0.7796399586950817,0.8587966944925955
0.86,0.9292964648232411,0.7362728785357737,0.9813205104494174,0.9200416088765603,0.8215998762184744,0.7796399586950817,0.8587966944925955
0.861,0.9301754385964912,0.7351636161952302,0.9815979286110598,0.9199722607489598,0.8212515489467163,0.7794560479019526,0.8583807724031449
0.862,0.9301018616087109,0.7343316694398225,0.9815979286110598,0.9197642163661581,0.8207035487370216,0.7788604498215846,0.8579647990254411
0.863,0.9301018616087109,0.7343316694398225,0.9815979286110598,0.9197642163661581,0.8207035487370216,0.7788604498215846,0.8579647990254411
0.864,0.9316901408450704,0.7337770382695508,0.982060292213797,0.9199722607489598,0.820974247595408,0.7794835186600203,0.8579186652416739
0.865,0.9316420014094433,0.733222407099279,0.982060292213797,0.9198335644937586,0.8206083178150217,0.7790866969561998,0.857641349656538
0.866,0.9318502824858758,0.7318358291735996,0.9821527649343443,0.9195561719833565,0.8198198198198198,0.7782989598876517,0.8569942970539719
0.867,0.9317297488503714,0.7304492512479202,0.9821527649343443,0.9192094313453537,0.818902533810042,0.7773064445701526,0.8563010080911322
0.868,0.9319872476089267,0.7296173044925125,0.9822452376548918,0.9190707350901526,0.8184787680821278,0.776915734935005,0.8559312710737021
0.869,0.9332623358182464,0.7290626733222407,0.9826151285370816,0.9192094313453537,0.8186205822824225,0.7773397816909021,0.8558389009296612
0.87,0.933214920071048,0.728508042151969,0.9826151285370816,0.9190707350901526,0.8182526086279396,0.7769428984203693,0.8555615853445253
0.871,0.9334992887624467,0.7279534109816972,0.982707601257629,0.919001386962552,0.8180118416952321,0.7767516349881282,0.8553305061196631
0.872,0.934496262014952,0.7279534109816972,0.9829850194192713,0.9192094313453537,0.818394388152767,0.7773692414895444,0.8554692152004842
0.873,0.9351158645276292,0.7273987798114254,0.9831699648603662,0.9192094313453537,0.8182810793947902,0.7773849069677441,0.8552843723358958
0.874,0.9350463954318344,0.7265668330560178,0.9831699648603662,0.919001386962552,0.8177278401997503,0.7767899803523081,0.854868398958192
0.875,0.935,0.726012201885746,0.9831699648603662,0.9188626907073509,0.8173587261941929,0.7763932846077014,0.8545910833730561
0.876,0.935,0.726012201885746,0.9831699648603662,0.9188626907073509,0.8173587261941929,0.7763932846077014,0.8545910833730561
0.877,0.9356683345246605,0.726012201885746,0.983354910301461,0.919001386962552,0.8176139912554653,0.7768064141957696,0.8546835560936035
0.878,0.9355992844364938,0.7251802551303383,0.983354910301461,0.9187933425797503,0.8170598344008748,0.7762114889561006,0.8542675827158996
0.879,0.9355762347888332,0.7249029395452025,0.983354910301461,0.9187239944521498,0.816875,0.7760131492140404,0.8541289249233317
0.88,0.9355300859598854,0.7243483083749307,0.983354910301461,0.9185852981969487,0.8165051578618319,0.7756164226159884,0.8538516093381958
0.881,0.9354607386159914,0.723516361619523,0.983354910301461,0.918377253814147,0.8159499609069586,0.7750212146318037,0.853435635960492
0.882,0.9360861759425494,0.7229617304492513,0.983539855742556,0.918377253814147,0.8158347676419966,0.7750387050190414,0.8532507930959037
0.883,0.9365994236311239,0.7210205213533001,0.9837248011836508,0.9180305131761443,0.8147916013788781,0.774064974559539,0.8523726612684754
0.884,0.9364620938628159,0.7193566278424848,0.9837248011836508,0.9176144244105409,0.8136762860727729,0.7728742238419832,0.8515407145130678
0.885,0.9374095513748191,0.7185246810870771,0.9840022193452931,0.9176144244105409,0.8135007849293564,0.7729033924693319,0.8512634502161851
0.886,0.9373642288196958,0.7179700499168054,0.9840022193452931,0.9174757281553398,0.8131281407035176,0.7725064910073921,0.8509861346310492
0.887,0.9373642288196958,0.7179700499168054,0.9840022193452931,0.9174757281553398,0.8131281407035176,0.7725064910073921,0.8509861346310492
0.888,0.9376359680928209,0.7171381031613977,0.9840946920658405,0.9173370319001387,0.8126964173475801,0.7721196645339143,0.8506163976136192
0.889,0.9375227025063567,0.7157515252357183,0.9840946920658405,0.9169902912621359,0.8117628557949363,0.7711270871902723,0.8499231086507795
0.89,0.9377729257641921,0.7146422628951747,0.984187164786388,0.9167822468793343,0.8111425873465533,0.7705418388466178,0.8494147138407814
0.891,0.938753189938024,0.714087631724903,0.9844645829480303,0.9168515950069348,0.8111513624192787,0.7707727883752055,0.8492761073364666
0.892,0.9390288426433004,0.7132556849694953,0.9845570556685778,0.9167128987517337,0.8107171000788022,0.7703869372391942,0.8489063703190365
0.893,0.9395825704870011,0.71159179145868,0.9847420011096727,0.9164355062413315,0.8098469307243175,0.7696158195623997,0.8481668962841764
0.894,0.9398606527319399,0.7107598447032724,0.98483447383022,0.9162968099861304,0.8094110216327175,0.7692305539008726,0.8477971592667461
0.895,0.9402054292002935,0.7107598447032724,0.9849269465507675,0.9163661581137309,0.8095388502842704,0.7694410120524453,0.8478433956270199
0.896,0.9402054292002935,0.7107598447032724,0.9849269465507675,0.9163661581137309,0.8095388502842704,0.7694410120524453,0.8478433956270199
0.897,0.9411115200588884,0.709095951192457,0.9852043647124098,0.9161581137309293,0.8087932943223154,0.7688825152364851,0.8471501579524334
0.898,0.941783345615328,0.7088186356073212,0.9853893101535047,0.9162274618585298,0.8088607594936709,0.7691064304360994,0.847103972880413
0.899,0.9445061043285239,0.7079866888519135,0.9861290919178842,0.9165742024965325,0.809320019020447,0.770205692701669,0.8470578903848989
0.9,0.9458456973293768,0.7071547420965059,0.986498982800074,0.9166435506241332,0.8092668993970168,0.7704614572159403,0.84682686244829
0.901,0.94644849386389,0.7057681641708264,0.9866839282411689,0.9164355062413315,0.8085782366957903,0.769897407533349,0.8462260462059976
0.902,0.9492347891004106,0.7052135330005547,0.9874237100055484,0.9168515950069348,0.8092283214001591,0.7712105869062867,0.8463186215030516
0.903,0.9482826687722069,0.6661120354963949,0.9878860736082855,0.9074202496532594,0.7825378726176901,0.7442670804665639,0.8269990545523402
0.904,0.9508658880386629,0.6547420965058236,0.9887183280932125,0.9052011095700416,0.7754967975036952,0.7380604408822076,0.821730212299518
0.905,0.9473206176203451,0.5784803105934554,0.9892731644164972,0.8865464632454924,0.7183195592286501,0.6835292866056379,0.7838767375049762
0.906,0.9484777517564403,0.5615640599001663,0.9898280007397817,0.8827323162274618,0.7054520118446264,0.6723261946665308,0.775696030319974
0.907,0.948931735278791,0.5049916805324459,0.9909376733863511,0.8694174757281553,0.659185520361991,0.6322895347022479,0.7479646769593985
0.908,0.9470490899062327,0.47615085967831394,0.9911226188274459,0.8623439667128987,0.6336962539213877,0.6103407926897213,0.73363673925288
0.909,0.9488074461896452,0.45230171935662783,0.9918624005918254,0.8569348127600555,0.6125821596244131,0.5935982614738473,0.7220820599742266
0.91,0.947334200260078,0.4040488075429839,0.9925097096356574,0.8453536754507628,0.5664852255054432,0.5563441306260323,0.6982792585893207
0.911,0.94640434192673,0.38685524126455906,0.9926946550767524,0.8411927877947295,0.5492125984251969,0.5425732494233733,0.6897749481706557
0.912,0.9470338983050848,0.3718801996672213,0.9930645459589421,0.8377253814147018,0.5340501792114696,0.5310837973753298,0.6824723728130817
0.913,0.9504071058475203,0.3560732113144759,0.9938043277233216,0.8343273231622746,0.5180552753681662,0.519963972940596,0.6749387695188988
0.914,0.9520816967792616,0.33610648918469216,0.9943591640466063,0.829750346740638,0.4968231194916991,0.5044345658848217,0.6652328266156492
0.915,0.9519071310116086,0.31835829173599556,0.9946365822082486,0.8255201109570042,0.4771404821280133,0.48961246241111617,0.656497436972122
0.916,0.9573542210617929,0.3050471436494731,0.9954688366931755,0.8228155339805825,0.46267087276551,0.4805756655049725,0.6502579901713244
0.917,0.9577338129496403,0.29534109816971715,0.9956537821342704,0.8205270457697642,0.45146248410343365,0.4723703200945346,0.6454974401519937
0.918,0.9595864661654135,0.28313921242373824,0.9960236730164601,0.817753120665742,0.4372591006423983,0.4624392660206576,0.6395814427200992
0.919,0.9607843137254902,0.2717692734331669,0.9963010911781025,0.815117891816921,0.4236921746649373,0.45279577287095757,0.6340351823056347
0.92,0.9593082400813835,0.2615085967831392,0.9963010911781025,0.8125520110957004,0.410982784920462,0.44297310560589254,0.6289048439806209
0.921,0.9583778014941302,0.2490293954520244,0.9963935638986499,0.809500693481276,0.3953334800792428,0.4311795646693153,0.6227114796753371
0.922,0.9591611479028698,0.24098724348308376,0.9965785093397448,0.8076282940360611,0.38519503546099293,0.4239687250867632,0.6187828764114143
0.923,0.9585730724971231,0.2310038824181919,0.9966709820602923,0.8052011095700417,0.37229050279329606,0.41431014682336276,0.613837432239242
0.924,0.9566265060240964,0.2201885745978924,0.9966709820602923,0.80249653259362,0.3579801623083859,0.4032142153894238,0.6084297783290923
0.925,0.9577639751552796,0.21381031613976706,0.9968559275013871,0.8010402219140084,0.3495805939696214,0.3973692276942583,0.6053331218205771
0.926,0.9622395833333334,0.20493621741541876,0.9973182911041243,0.7991678224687934,0.3379058070416095,0.39005469105662094,0.6011272542597715
0.927,0.9602194787379973,0.19412090959511924,0.9973182911041243,0.7964632454923717,0.3229527104959631,0.37840386773797796,0.5957196003496218
0.928,0.9629629629629629,0.18746533555185801,0.9975957092657666,0.7950069348127601,0.3138347260909935,0.37239779280807345,0.5925305224088123
0.929,0.962852897473997,0.17970049916805325,0.997688181986314,0.7931345353675451,0.3028745033886422,0.36418365497994115,0.5886943405771836
0.93,0.9620853080568721,0.16888519134775373,0.9977806547068615,0.790499306518724,0.2873319179051663,0.3523026519190479,0.5833329230273077
0.931,0.9614740368509213,0.15917914586799778,0.997873127427409,0.7881414701803051,0.2731382345943374,0.34139876939942265,0.5785261366477034
0.932,0.9629629629629629,0.15141430948419302,0.9980580728685038,0.7863384188626907,0.2616822429906542,0.3330454875824947,0.5747361911763484
0.933,0.96875,0.1461453133666112,0.9984279637506935,0.7852981969486824,0.2539759036144578,0.32859615240290707,0.5722866385586524
0.934,0.9680638722554891,0.13449805879090404,0.998520436471241,0.7824549237170596,0.23618212807401998,0.3145539869010137,0.5665092476310725
0.935,0.9663865546218487,0.12756516916250693,0.998520436471241,0.7807212205270457,0.2253797158255757,0.30561480511803113,0.5630428028168739
0.936,0.9696969696969697,0.12423738214087632,0.9987053819123358,0.7800277392510402,0.22025565388397247,0.30232665010118565,0.5614713820266061
0.937,0.9732142857142857,0.1209095951192457,0.9988903273534308,0.7793342579750346,0.21509620128268378,0.2990159020898057,0.5598999612363382
0.9380000000000001,0.9743589743589743,0.11591791458679977,0.9989828000739782,0.7781553398058253,0.20718711276332094,0.2928705813929083,0.557450357330389
0.9390000000000001,0.9729064039408867,0.10953965612867443,0.9989828000739782,0.7765603328710124,0.19690927218344964,0.2841067715761643,0.5542612281013263
0.9400000000000001,0.9722921914357683,0.10704381586245147,0.9989828000739782,0.7759361997226075,0.19285535848113913,0.28061134385203035,0.5530133079682148
0.9410000000000001,0.9712793733681462,0.10316139767054909,0.9989828000739782,0.7749653259361997,0.1865129105038857,0.275095324134434,0.5510720988722636
0.9420000000000001,0.9811320754716981,0.100942872989462,0.999352690956168,0.7746879334257974,0.1830525521750063,0.27433303451420965,0.550147781972815
0.9430000000000001,0.9801699716713881,0.09595119245701608,0.999352690956168,0.7734396671289875,0.1747916140439505,0.2670721144989456,0.547651941706592
0.9440000000000001,0.9797687861271677,0.09400998336106489,0.999352690956168,0.7729542302357836,0.1715587044534413,0.26419981208910676,0.5466813371586164
0.9450000000000001,0.9794117647058823,0.09234608985024959,0.999352690956168,0.7725381414701803,0.16877850988342624,0.26171512339182745,0.5458493904032088
0.9460000000000001,0.9787878787878788,0.08957293399889074,0.999352690956168,0.7718446601941747,0.1641260162601626,0.2575256567167245,0.5444628124775294
0.9470000000000001,0.9775641025641025,0.08458125346644481,0.999352690956168,0.7705963938973648,0.15569167942827974,0.24982371042874846,0.5419669722113064
0.9480000000000001,0.976897689768977,0.08208541320022185,0.999352690956168,0.7699722607489597,0.15144538245075467,0.24589017561639986,0.5407190520781949
0.9490000000000001,0.9764309764309764,0.08042151968940654,0.999352690956168,0.7695561719833565,0.14860363822700487,0.24323544124370924,0.5398871053227873
0.9500000000000001,0.9761092150170648,0.079312257348863,0.999352690956168,0.7692787794729542,0.14670428314952552,0.24145072993040928,0.5393324741525155
0.9510000000000001,0.9827586206896551,0.07903494176372712,0.9995376363972628,0.7693481276005548,0.14630390143737165,0.2423856851348395,0.5392862890804949
0.9520000000000001,0.9858156028368794,0.07709373266777593,0.9996301091178103,0.7689320388349514,0.14300411522633744,0.23994839100795315,0.5383619208927931
0.9530000000000001,0.9854545454545455,0.07515252357182474,0.9996301091178103,0.7684466019417475,0.13965472816284463,0.2367767042575071,0.5373913163448175
0.9540000000000001,0.984375,0.06988352745424292,0.9996301091178103,0.767128987517337,0.1305023303987571,0.22796234253449107,0.5347568182860266
0.9550000000000001,0.9839357429718876,0.06794231835829173,0.9996301091178103,0.7666435506241331,0.12710765239948119,0.22463407837494268,0.533786213738051
0.9560000000000001,0.9834710743801653,0.06600110926234054,0.9996301091178103,0.7661581137309292,0.12370062370062371,0.22125920183954978,0.5328156091900754
0.9570000000000001,0.9823788546255506,0.061841375485302275,0.9996301091178103,0.7651178918169209,0.11635794416905818,0.21386007547769742,0.5307357423015563
0.9580000000000001,0.9820627802690582,0.06073211314475874,0.9996301091178103,0.7648404993065188,0.11439018020370854,0.21184613318993759,0.5301811111312845
0.9590000000000001,0.9812206572769953,0.057958957293399886,0.9996301091178103,0.7641470180305132,0.10945273631840796,0.20673075466070376,0.5287945332056051
0.96,0.9808612440191388,0.05684969495285635,0.9996301091178103,0.763869625520111,0.10747051114023591,0.20465094882325577,0.5282399020353333
0.961,0.9800995024875622,0.054631170271769273,0.9996301091178103,0.7633148404993065,0.10349356448647229,0.2004303650522931,0.5271306396947898
0.962,0.9794871794871794,0.05296727676095397,0.9996301091178103,0.7628987517337031,0.10049986845566956,0.19720901348661948,0.5262986929393821
0.963,0.9840425531914894,0.05130338325013866,0.9997225818383577,0.7625520110957004,0.09752240379546652,0.1947983972127778,0.5255129825442482
0.964,0.9840425531914894,0.05130338325013866,0.9997225818383577,0.7625520110957004,0.09752240379546652,0.1947983972127778,0.5255129825442482
0.965,0.9836956521739131,0.050194120909595116,0.9997225818383577,0.7622746185852982,0.09551451187335093,0.19259678486387352,0.5249583513739764
0.966,0.9836956521739131,0.050194120909595116,0.9997225818383577,0.7622746185852982,0.09551451187335093,0.19259678486387352,0.5249583513739764
0.967,0.9834254143646409,0.04936217415418746,0.9997225818383577,0.7620665742024966,0.09400580934776868,0.19092976928325772,0.5245423779962726
0.968,0.9830508474576272,0.048252911813643926,0.9997225818383577,0.7617891816920943,0.09199048374306107,0.18868532562459636,0.5239877468260008
0.969,0.9828571428571429,0.04769828064337216,0.9997225818383577,0.7616504854368932,0.09098122189896853,0.18755352944505416,0.5237104312408649
0.97,0.9882352941176471,0.04658901830282862,0.9998150545589051,0.7614424410540915,0.08898305084745763,0.1861788103812376,0.5232020364308668
0.971,0.9879518072289156,0.04547975596228508,0.9998150545589051,0.7611650485436893,0.08695652173913043,0.18387897314357796,0.522647405260595
0.972,0.9878048780487805,0.04492512479201331,0.9998150545589051,0.7610263522884883,0.08594164456233422,0.1827187002092893,0.5223700896754592
0.973,0.9878048780487805,0.04492512479201331,0.9998150545589051,0.7610263522884883,0.08594164456233422,0.1827187002092893,0.5223700896754592
0.974,0.9874213836477987,0.04353854686633389,0.9998150545589051,0.7606796116504855,0.08339973439575034,0.17978674607709347,0.5216768007126195
0.975,0.9868421052631579,0.04159733777038269,0.9998150545589051,0.7601941747572816,0.07982969664715274,0.17560343997708838,0.5207061961646439
0.976,0.9861111111111112,0.03937881308929562,0.9998150545589051,0.7596393897364772,0.07573333333333333,0.17070240893063035,0.5195969338241003
0.977,0.9852941176470589,0.03716028840820854,0.9998150545589051,0.7590846047156726,0.07161945483698556,0.16566237370280804,0.5184876714835568
0.978,0.9848484848484849,0.036051026067665005,0.9998150545589051,0.7588072122052705,0.06955591225254147,0.16308622415967097,0.517933040313285
0.979,0.984,0.03410981697171381,0.9998150545589051,0.7583217753120666,0.06593406593406594,0.15848098769514996,0.5169624357653094
0.98,0.9834710743801653,0.03300055463117027,0.9998150545589051,0.7580443828016643,0.06385833109739737,0.15579050909064449,0.5164078045950377
0.981,0.9833333333333333,0.032723239046034386,0.9998150545589051,0.7579750346740638,0.06333870101986044,0.15511084925979632,0.5162691468024697
0.982,0.9829059829059829,0.03189129229062673,0.9998150545589051,0.7577669902912622,0.061778135911899006,0.15305437557089988,0.5158531734247659
0.983,0.9829059829059829,0.03189129229062673,0.9998150545589051,0.7577669902912622,0.061778135911899006,0.15305437557089988,0.5158531734247659
0.984,0.9819819819819819,0.030227398779811426,0.9998150545589051,0.7573509015256588,0.058649448479956956,0.1488590722236577,0.5150212266693582
0.985,1.0,0.029118136439267885,1.0,0.7572122052704577,0.056588520614389654,0.14831302564833687,0.5145590682196339
0.986,1.0,0.029118136439267885,1.0,0.7572122052704577,0.056588520614389654,0.14831302564833687,0.5145590682196339
0.987,1.0,0.028008874098724348,1.0,0.7569348127600555,0.05449150256271918,0.145440267206386,0.5140044370493622
0.988,1.0,0.027731558513588463,1.0,0.756865464632455,0.053966540744738264,0.1447134217168408,0.5138657792567942
0.989,1.0,0.025790349417637273,1.0,0.7563800277392511,0.050283860502838604,0.13952247294984177,0.5128951747088186
0.99,1.0,0.022462562396006656,1.0,0.7555478502080444,0.043938161106590726,0.13015576181722602,0.5112312811980033
0.991,1.0,0.020798668885191347,1.0,0.7551317614424411,0.040749796251018745,0.1252162452487863,0.5103993344425957
0.992,1.0,0.018857459789240156,1.0,0.7546463245492372,0.037016875340228635,0.11920063389286181,0.5094287298946201
0.993,1.0,0.01774819744869662,1.0,0.7543689320388349,0.03487738419618529,0.11562548930117346,0.5088740987243483
0.994,1.0,0.01691625069328896,1.0,0.7541608876560333,0.03326970275429506,0.11287119970650589,0.5084581253466445
0.995,1.0,0.016638935108153077,1.0,0.7540915395284328,0.03273322422258593,0.11193830506416647,0.5083194675540765
0.996,1.0,0.013033832501386578,1.0,0.7531900138696255,0.02573227484259513,0.09902743670279396,0.5065169162506933
0.997,1.0,0.010537992235163616,1.0,0.7525658807212205,0.020856201975850714,0.08901485270225047,0.5052689961175818
0.998,1.0,0.00887409872434831,1.0,0.7521497919556172,0.017592083562396922,0.08166859722308747,0.5044370493621742
0.999,1.0,0.00887409872434831,1.0,0.7521497919556172,0.017592083562396922,0.08166859722308747,0.5044370493621742
1.0,0.0,0.0,1.0,0.7499306518723995,0.0,0.0,0.5
