threshold,precision,recall,specificity,accuracy,f1,mcc,balanced_accuracy
0.0,0.12093788564376799,1.0,0.0,0.12093788564376799,0.21577981651376146,0.0,0.5
0.001,0.12142561127227518,0.9965986394557823,0.007955077211043519,0.12751953928424517,0.21647580347247874,0.017319167721399673,0.502276858333413
0.002,0.12238930659983291,0.9965986394557823,0.016846045858680395,0.1353352529823118,0.21800595238095238,0.035806645189492274,0.5067223426572314
0.003,0.12378538234051542,0.9965986394557823,0.029480580252690687,0.14644179350061703,0.22021796317173994,0.0531106239354307,0.5130396098542365
0.004,0.12596732588134135,0.9965986394557823,0.04866635470285447,0.16330728095433977,0.22366412213740458,0.07260037939112167,0.5226324970793184
0.005,0.12750217580504786,0.9965986394557823,0.06176883481516144,0.17482517482517482,0.22608024691358025,0.08368468662654704,0.5291837371354718
0.006,0.12981834293309702,0.9965986394557823,0.08095460926532522,0.19169066227889758,0.2297138377107017,0.09809243554968512,0.5387766243605537
0.007,0.13153153153153152,0.9931972789115646,0.09780065512400561,0.20608802961744138,0.23229912490055687,0.10538765568508913,0.5454989670177851
0.008,0.133210840606339,0.9863945578231292,0.1169864295741694,0.2221308103661045,0.23472278429785512,0.11019719228855487,0.5516904936986493
0.009000000000000001,0.1358950328022493,0.9863945578231292,0.13710809546092653,0.2398190045248869,0.23887973640856672,0.12296366016606906,0.5617513266420279
0.01,0.13802950975725845,0.9863945578231292,0.1525503041647169,0.25339366515837103,0.24217118997912318,0.13226606155081927,0.5694724309939231
0.011,0.14098201263976665,0.9863945578231292,0.1731399157697707,0.27149321266968324,0.24670353041259038,0.14417087125381195,0.5797672367964499
0.012,0.14194184327254805,0.9795918367346939,0.18530650444548433,0.281365693130399,0.24795523030563926,0.14472320210786543,0.582449170590089
0.013000000000000001,0.1442211055276382,0.9761904761904762,0.20308844174075807,0.2965857671740025,0.2513134851138354,0.15169082579978835,0.5896394589656171
0.014,0.14695340501792115,0.9761904761904762,0.22040243331773515,0.3118058412176059,0.2554517133956386,0.1612793284719327,0.5982964547541056
0.015,0.14947916666666666,0.9761904761904762,0.2358446420215255,0.3253805018510901,0.25925925925925924,0.16967687560171477,0.6060175591060009
0.016,0.15274081958488558,0.9761904761904762,0.2550304164716893,0.3422459893048128,0.2641509433962264,0.1799575495754967,0.6156104463310828
0.017,0.15505132360886006,0.9761904761904762,0.26813289658399625,0.3537638831756479,0.2675990675990676,0.1869062117110923,0.6221616863872362
0.018000000000000002,0.15783664459161148,0.9727891156462585,0.28591483387927,0.3689839572192513,0.2716049382716049,0.19362193858843532,0.6293519747627643
0.019,0.16056338028169015,0.9693877551020408,0.3027608797379504,0.38338132455779517,0.2754954084098598,0.19990837459792243,0.6360743174199956
0.02,0.16228571428571428,0.9659863945578231,0.31399157697707064,0.3928424516659811,0.27788649706457924,0.20328587747247912,0.6399889857674469
0.021,0.16386797915460335,0.9625850340136054,0.3242863827795976,0.4014808720691074,0.2800593765462642,0.2062199637758826,0.6434357083966015
0.022,0.1657848324514991,0.9591836734693877,0.3359850257370145,0.41135335252982314,0.28270676691729324,0.2099581032890317,0.6475843496032011
0.023,0.16775728732897086,0.9591836734693877,0.34534394010294805,0.4195804195804196,0.28556962025316457,0.21497507891033035,0.6522638067861679
0.024,0.17111650485436894,0.9591836734693877,0.3607861488067384,0.43315508021390375,0.29042224510813597,0.22326747542181286,0.6599849111380631
0.025,0.1732186732186732,0.9591836734693877,0.370145063172672,0.4413821472645002,0.2934443288241415,0.22830771186597093,0.6646643683210298
0.026000000000000002,0.17453416149068324,0.95578231292517,0.3781001403837155,0.4479638009049774,0.29516806722689076,0.2301892329132316,0.6669412266544428
0.027,0.17672955974842766,0.95578231292517,0.38745905474964903,0.45619086795557384,0.29830148619957536,0.23527673787073852,0.6716206838374095
0.028,0.17920918367346939,0.95578231292517,0.39775386055217593,0.46524064171123,0.30182599355531686,0.24089698041209484,0.676768086738673
0.029,0.18116883116883117,0.9489795918367347,0.40992044922788956,0.4751131221719457,0.3042529989094875,0.24285677407211087,0.6794500205323122
0.03,0.1834983498349835,0.9455782312925171,0.42115114646700985,0.48457424928013165,0.3073521282476506,0.24675591650773637,0.6833646888797634
0.031,0.1862811028917283,0.9421768707482994,0.4337856808610201,0.49526943644590704,0.3110612015721505,0.25152376966697576,0.6879812758046597
0.032,0.18946648426812585,0.9421768707482994,0.44548432381843706,0.5055532702591526,0.31548974943052394,0.2581622165090223,0.6938305972833683
0.033,0.19166666666666668,0.9387755102040817,0.4553111839026673,0.513780337309749,0.31833910034602075,0.26148671228609494,0.6970433470533745
0.034,0.19350282485875706,0.9319727891156463,0.4656059897051942,0.5220074043603455,0.32046783625730996,0.2628660346990847,0.6987893894104202
0.035,0.19597989949748743,0.9285714285714286,0.47590079550772113,0.5306458247634718,0.3236514522821577,0.2666185697838609,0.7022361120395748
0.036000000000000004,0.19854545454545455,0.9285714285714286,0.4843238184370613,0.5380501851090086,0.3271420011983224,0.27160171109774206,0.706447623504245
0.037,0.20058997050147492,0.9251700680272109,0.4927468413664015,0.5450431921020157,0.3296969696969697,0.2743669484132565,0.7089584546968062
0.038,0.20223048327137547,0.9251700680272109,0.49789424426766493,0.5495680789798437,0.33190970103721784,0.27746375750617924,0.7115321561474379
0.039,0.20606060606060606,0.9251700680272109,0.5095928872250819,0.5598519127930892,0.33705080545229243,0.28456695279186783,0.7173814776261465
0.04,0.20890937019969277,0.9251700680272109,0.518015910154422,0.567256273138626,0.3408521303258145,0.28974067973434087,0.7215929890908165
0.041,0.2112236944660951,0.9217687074829932,0.5264389330837623,0.5742492801316331,0.34369055168040585,0.2927324784272256,0.7241038202833778
0.042,0.21456848772763262,0.9217687074829932,0.5357978474496958,0.5824763471822295,0.3481053307642903,0.2986118942967197,0.7287832774663445
0.043000000000000003,0.2171474358974359,0.9217687074829932,0.542817033224146,0.5886466474701769,0.35149156939040205,0.3030694336424455,0.7322928703535696
0.044,0.21996753246753248,0.9217687074829932,0.5503041647168928,0.5952283011106541,0.35517693315858456,0.30787188101124285,0.736036436099943
0.045,0.22231337161607875,0.9217687074829932,0.5563874590547496,0.6005758946935418,0.3582286847323199,0.3118117843987074,0.7390780832688715
0.046,0.2254575707154742,0.9217687074829932,0.5643425362657931,0.6075689016865488,0.3622994652406417,0.31701763185000503,0.7430556218743931
0.047,0.22888513513513514,0.9217687074829932,0.5727655591951334,0.6149732620320856,0.36671177266576455,0.3225991642560021,0.7472671333390632
0.048,0.23221936589545844,0.9217687074829932,0.5807206364061769,0.6219662690250926,0.37097878165639975,0.32793956598093954,0.7512446719445851
0.049,0.2356020942408377,0.9183673469387755,0.5900795507721104,0.6297819827231592,0.375,0.33210671393405605,0.7542234488554429
0.05,0.2383053839364519,0.9183673469387755,0.5961628451099672,0.6351295763060469,0.37841625788367206,0.3363059018812141,0.7572650960243714
0.051000000000000004,0.2408563782337199,0.9183673469387755,0.6017781937295273,0.6400658165364048,0.38162544169611307,0.3402219674398061,0.7600727703341514
0.052000000000000005,0.24456521739130435,0.9183673469387755,0.609733270940571,0.6470588235294118,0.38626609442060084,0.34583791462621094,0.7640503089396733
0.053,0.2447488584474886,0.9115646258503401,0.6130088909686476,0.6491155902920609,0.3858891288696904,0.3437731859342046,0.7622867584094939
0.054,0.24699352451433856,0.9081632653061225,0.6190921853065045,0.6540518305224188,0.38836363636363636,0.34595313707777814,0.7636277253063135
0.055,0.25,0.9047619047619048,0.6265793167992513,0.6602221308103661,0.3917525773195876,0.34921618604744264,0.765670610780578
0.056,0.25287356321839083,0.8979591836734694,0.6350023397285914,0.6668037844508433,0.39461883408071746,0.35106158003440074,0.7664807617010304
0.057,0.2553191489361702,0.8979591836734694,0.6396817969115582,0.6709173179761415,0.39759036144578314,0.35457639350235964,0.7688204902925138
0.058,0.25705939629990265,0.8979591836734694,0.642957416939635,0.6737967914438503,0.3996971990915973,0.35705692512616616,0.7704583003065522
0.059000000000000004,0.2616451932606541,0.8979591836734694,0.6513804398689752,0.6812011517893871,0.40521872601688413,0.3635142754182388,0.7746698117712223
0.06,0.2661290322580645,0.8979591836734694,0.6593355170800187,0.6881941587823941,0.4105754276827372,0.36972141513941853,0.778647350376744
0.061,0.27197518097207857,0.8945578231292517,0.670566214319139,0.69765528589058,0.41712926249008725,0.3764748173071679,0.7825620187241953
0.062,0.2781316348195329,0.891156462585034,0.6817969115582593,0.7071164129987659,0.42394822006472493,0.3834620656028558,0.7864766870716466
0.063,0.2800429184549356,0.8877551020408163,0.6860084230229293,0.7104072398190046,0.4257748776508972,0.3847690134329922,0.7868817625318728
0.064,0.2824675324675325,0.8877551020408163,0.6897519887693028,0.7136980666392431,0.42857142857142855,0.3879186283861132,0.7887535454050596
0.065,0.28618421052631576,0.8877551020408163,0.6953673373888629,0.718634306869601,0.43283582089552236,0.392698619223866,0.7915612197148396
0.066,0.28967813540510545,0.8877551020408163,0.7005147402901264,0.7231591937474291,0.43682008368200836,0.39714070299026233,0.7941349211654714
0.067,0.2916201117318436,0.8877551020408163,0.7033224145999064,0.7256273138626079,0.43902439024390244,0.39958873910981296,0.7955387583203614
0.068,0.29292929292929293,0.8877551020408163,0.7051941974730931,0.7272727272727273,0.44050632911392407,0.4012308096736513,0.7964746497569547
0.069,0.2955832389580974,0.8877551020408163,0.7089377632194666,0.7305635540929658,0.443500424808836,0.4045395073868277,0.7983464326301415
0.07,0.30138568129330257,0.8877551020408163,0.71689284043051,0.7375565610859729,0.45,0.4116824834301232,0.8023239712356631
0.07100000000000001,0.3037383177570093,0.8843537414965986,0.7211043518951802,0.7408473879062114,0.45217391304347826,0.41331660539913495,0.8027290466958894
0.07200000000000001,0.30542452830188677,0.8809523809523809,0.7243799719232569,0.7433155080213903,0.45359019264448336,0.41412498081167515,0.8026661764378189
0.073,0.30861244019138756,0.8775510204081632,0.7295273748245203,0.7474290415466887,0.45663716814159294,0.4167131651849106,0.8035391976163417
0.074,0.31197097944377267,0.8775510204081632,0.7337388862891905,0.751131221719457,0.46030330062444247,0.42069583706610963,0.8056449533486769
0.075,0.31773399014778325,0.8775510204081632,0.7407580720636406,0.7573015220074044,0.4665461121157324,0.42744488088616994,0.809154546235902
0.076,0.3200992555831266,0.8775510204081632,0.7435657463734207,0.7597696421225832,0.4690909090909091,0.43018471542132913,0.8105583833907919
0.077,0.32,0.8707482993197279,0.7454375292466074,0.7605923488276429,0.4680073126142596,0.4275783019134752,0.8080929142831677
0.078,0.3223767383059418,0.8673469387755102,0.7491810949929808,0.7634718222953517,0.4700460829493088,0.4290605542485404,0.8082640168842454
0.079,0.3248081841432225,0.8639455782312925,0.7529246607393543,0.7663512957630605,0.4721189591078067,0.4305821679415372,0.8084351194853234
0.08,0.32985658409387225,0.8605442176870748,0.7594759007955078,0.7716988893459482,0.47690857681432614,0.43501813793984073,0.8100100592412913
0.081,0.33465608465608465,0.8605442176870748,0.7646233036967712,0.7762237762237763,0.4819047619047619,0.44035611381512,0.8125837606919231
0.082,0.3378016085790885,0.8571428571428571,0.7688348151614413,0.7795146030440148,0.4846153846153846,0.4425531158450478,0.8129888361521491
0.083,0.3423913043478261,0.8571428571428571,0.7735142723444081,0.7836281365693131,0.4893203883495146,0.44755403566253577,0.8153285647436326
0.084,0.34615384615384615,0.8571428571428571,0.7772578380907814,0.7869189633895516,0.4931506849315068,0.451613133096213,0.8172003476168193
0.085,0.34806629834254144,0.8571428571428571,0.7791296209639682,0.788564376799671,0.4950884086444008,0.4536626454032129,0.8181362390534126
0.08600000000000001,0.3514644351464435,0.8571428571428571,0.7824052409920449,0.7914438502673797,0.49851632047477745,0.45728204724466553,0.819774049067451
0.08700000000000001,0.35443037974683544,0.8571428571428571,0.785212915301825,0.7939119703825586,0.5014925373134328,0.4604182540988373,0.8211778862223411
0.088,0.35795454545454547,0.8571428571428571,0.7884885353299017,0.7967914438502673,0.5050100200400801,0.4641176310161395,0.8228156962363794
0.089,0.3605150214592275,0.8571428571428571,0.7908282639213852,0.7988482106129164,0.5075528700906344,0.46678731457367445,0.8239855605321211
0.09,0.36324167872648333,0.8537414965986394,0.7941038839494619,0.8013163307280954,0.5096446700507614,0.4683102300158112,0.8239226902740506
0.091,0.3653566229985444,0.8537414965986394,0.7959756668226485,0.8029617441382148,0.5117227319062182,0.4704881148268377,0.824858581710644
0.092,0.36603221083455345,0.8503401360544217,0.7973795039775387,0.8037844508432743,0.5117707267144319,0.469874553623746,0.8238598200159801
0.093,0.3687315634218289,0.8503401360544217,0.799719232569022,0.8058412176059235,0.51440329218107,0.47263202219604095,0.8250296843117219
0.094,0.36592592592592593,0.8401360544217688,0.799719232569022,0.804607157548334,0.5098039215686274,0.4658472615590754,0.8199276434953954
0.095,0.36661698956780925,0.8367346938775511,0.801123069723912,0.8054298642533937,0.5098445595854922,0.4652454967418054,0.8189288818007315
0.096,0.37104072398190047,0.8367346938775511,0.8048666354702855,0.8087206910736322,0.5141065830721003,0.4697245800819802,0.8208006646739183
0.097,0.37347560975609756,0.8333333333333334,0.8076743097800655,0.8107774578362814,0.5157894736842106,0.47085592075442817,0.8205038215566994
0.098,0.37209302325581395,0.8163265306122449,0.8104819840898456,0.8111888111888111,0.5111821086261981,0.46290324909051034,0.8134042573510453
0.099,0.3763779527559055,0.8129251700680272,0.8146934955545156,0.8144796380090498,0.5145317545748116,0.4658346063547829,0.8138093328112714
0.1,0.37898089171974525,0.8095238095238095,0.8175011698642958,0.8165364047716989,0.5162689804772235,0.467071194064706,0.8135124896940527
0.101,0.3780290791599354,0.7959183673469388,0.8198408984557791,0.8169477581242287,0.5125958378970427,0.4608530444439503,0.8078796329013589
0.10200000000000001,0.3800978792822186,0.7925170068027211,0.8221806270472625,0.818593171534348,0.5137816979051819,0.4615410045637292,0.8073488169249918
0.10300000000000001,0.38385502471169686,0.7925170068027211,0.8249883013570426,0.8210612916495269,0.5172031076581576,0.46516803000196555,0.8087526540798818
0.10400000000000001,0.38704318936877075,0.7925170068027211,0.827328029948526,0.8231180584121761,0.5200892857142857,0.46822430746675764,0.8099225183756236
0.105,0.3896321070234114,0.7925170068027211,0.8291998128217127,0.8247634718222954,0.5224215246636771,0.47069189328913885,0.8108584098122169
0.106,0.39291736930860033,0.7925170068027211,0.8315395414131961,0.8268202385849445,0.5253664036076663,0.4738051431515204,0.8120282741079585
0.107,0.3996569468267582,0.7925170068027211,0.8362189985961629,0.8309337721102427,0.5313568985176739,0.4801301703682331,0.814368002699442
0.108,0.4031141868512111,0.7925170068027211,0.8385587271876462,0.8329905388728918,0.5344036697247706,0.4833433841681295,0.8155378669951836
0.109,0.4080560420315236,0.7925170068027211,0.8418343472157229,0.8358700123406005,0.5387283236994219,0.48790050907866417,0.817175677009222
0.11,0.40669014084507044,0.7857142857142857,0.8423022929340197,0.8354586589880707,0.5359628770301624,0.4839120531843097,0.8140082893241527
0.111,0.4078014184397163,0.782312925170068,0.8437061300889097,0.8362813656931304,0.5361305361305362,0.48356155794718136,0.8130095276294889
0.112,0.4092526690391459,0.782312925170068,0.844642021525503,0.8371040723981901,0.5373831775700935,0.48488578354372575,0.8134774733477855
0.113,0.40966010733452596,0.7789115646258503,0.8455779129620964,0.8375154257507199,0.536928487690504,0.4838850731338095,0.8122447387939733
0.114,0.41007194244604317,0.7755102040816326,0.8465138043986897,0.8379267791032496,0.5364705882352941,0.48288647558933817,0.8110120042401612
0.115,0.41605839416058393,0.7755102040816326,0.8502573701450632,0.8412176059234883,0.5415676959619953,0.4882851790683477,0.8128837871133479
0.116,0.4198895027624309,0.7755102040816326,0.8525970987365465,0.8432743726861374,0.5448028673835126,0.4917097946750316,0.8140536514090896
0.117,0.42379182156133827,0.7755102040816326,0.85493682732803,0.8453311394487865,0.5480769230769231,0.4951742877523666,0.8152235157048313
0.11800000000000001,0.42429906542056073,0.7721088435374149,0.8558727187646233,0.8457424928013163,0.5476477683956574,0.4942273347426868,0.8139907811510192
0.11900000000000001,0.4266917293233083,0.7721088435374149,0.8572765559195134,0.8469765528589058,0.549636803874092,0.49633430318906235,0.8146926997284641
0.12,0.42803030303030304,0.7687074829931972,0.8586803930744034,0.8477992595639654,0.5498783454987834,0.4961073859933824,0.8136939380338003
0.121,0.43047619047619046,0.7687074829931972,0.8600842302292934,0.8490333196215549,0.5518925518925519,0.4982434934674166,0.8143958566112453
0.122,0.43378119001919385,0.7687074829931972,0.8619560131024802,0.8506787330316742,0.554601226993865,0.5011157756604692,0.8153317480478387
0.123,0.43545279383429675,0.7687074829931972,0.8628919045390735,0.8515014397367339,0.5559655596555966,0.5025624122047001,0.8157996937661354
0.124,0.4388349514563107,0.7687074829931972,0.8647636874122602,0.8531468531468531,0.5587144622991347,0.5054770172371773,0.8167355852027287
0.125,0.4396887159533074,0.7687074829931972,0.8652316331305568,0.853558206499383,0.5594059405940595,0.5062101633036025,0.816969558061877
0.126,0.4405458089668616,0.7687074829931972,0.8656995788488535,0.8539695598519128,0.5600991325898389,0.5069451248936557,0.8172035309210254
0.127,0.444007858546169,0.7687074829931972,0.8675713617220402,0.8556149732620321,0.5628891656288917,0.5099033054730645,0.8181394223576187
0.128,0.4457593688362919,0.7687074829931972,0.8685072531586336,0.8564376799670917,0.5642946317103621,0.511393523286429,0.8186073680759154
0.129,0.44731610337972166,0.7653061224489796,0.8699110903135236,0.8572603866721514,0.5646173149309912,0.5112822041815533,0.8176086063812515
0.13,0.45161290322580644,0.7619047619047619,0.8727187646233037,0.8593171534348005,0.5670886075949367,0.5134649123734905,0.8173117632640328
0.131,0.45121951219512196,0.7551020408163265,0.873654656059897,0.8593171534348005,0.5648854961832062,0.5102547944458679,0.8143783484381117
0.132,0.45491803278688525,0.7551020408163265,0.8755264389330838,0.8609625668449198,0.5677749360613811,0.513337740834474,0.8153142398747051
0.133,0.4567901234567901,0.7551020408163265,0.8764623303696771,0.8617852735499795,0.5692307692307692,0.5148913676102161,0.8157821855930019
0.134,0.4577319587628866,0.7551020408163265,0.8769302760879738,0.8621966269025092,0.5699614890885751,0.5156712559987402,0.8160161584521501
0.135,0.4583333333333333,0.7482993197278912,0.8783341132428638,0.862607980255039,0.5684754521963824,0.5132633274398856,0.8133167164853775
0.136,0.4592901878914405,0.7482993197278912,0.8788020589611605,0.8630193336075689,0.5692108667529108,0.5140507752960584,0.8135506893445259
0.137,0.4592901878914405,0.7482993197278912,0.8788020589611605,0.8630193336075689,0.5692108667529108,0.5140507752960584,0.8135506893445259
0.138,0.4612159329140461,0.7482993197278912,0.8797379503977538,0.8638420403126286,0.5706874189364461,0.5156320148863237,0.8140186350628225
0.139,0.4639830508474576,0.7448979591836735,0.8816097332709406,0.865076100370218,0.5718015665796344,0.5164331556542453,0.8132538462273071
0.14,0.46595744680851064,0.7448979591836735,0.882545624707534,0.8658988070752777,0.5732984293193717,0.5180395090733954,0.8137217919456037
0.14100000000000001,0.4669509594882729,0.7448979591836735,0.8830135704258306,0.8663101604278075,0.5740498034076016,0.518845985734319,0.8139557648047521
0.14200000000000002,0.4698275862068966,0.7414965986394558,0.8848853532990173,0.8675442204853969,0.575197889182058,0.5197015257944647,0.8131909759692366
0.14300000000000002,0.4759825327510917,0.7414965986394558,0.8876930276087974,0.8700123406005759,0.5797872340425532,0.5246397570936414,0.8145948131241266
0.14400000000000002,0.47902869757174393,0.7380952380952381,0.8895648104819841,0.8712464006581654,0.5809906291834003,0.5255791978488125,0.8138300242886112
0.145,0.47902869757174393,0.7380952380952381,0.8895648104819841,0.8712464006581654,0.5809906291834003,0.5255791978488125,0.8138300242886112
0.146,0.4811529933481153,0.7380952380952381,0.8905007019185774,0.872069107363225,0.5825503355704698,0.5272621932937309,0.8142979700069077
0.147,0.4809843400447427,0.7312925170068028,0.8914365933551708,0.872069107363225,0.5802968960863698,0.5241438552163915,0.8113645551809867
0.148,0.48423423423423423,0.7312925170068028,0.8928404305100608,0.8733031674208145,0.5826558265582655,0.5266991493494416,0.8120664737584318
0.149,0.48642533936651583,0.7312925170068028,0.8937763219466542,0.8741258741258742,0.5842391304347826,0.5284151358181964,0.8125344194767286
0.15,0.48642533936651583,0.7312925170068028,0.8937763219466542,0.8741258741258742,0.5842391304347826,0.5284151358181964,0.8125344194767286
0.151,0.4875283446712018,0.7312925170068028,0.8942442676649509,0.8745372274784039,0.5850340136054422,0.529276908461701,0.8127683923358768
0.152,0.4863636363636364,0.7278911564625851,0.8942442676649509,0.8741258741258742,0.5831062670299727,0.5268644414270423,0.8110677120637679
0.153,0.4863636363636364,0.7278911564625851,0.8942442676649509,0.8741258741258742,0.5831062670299727,0.5268644414270423,0.8110677120637679
0.154,0.4863636363636364,0.7278911564625851,0.8942442676649509,0.8741258741258742,0.5831062670299727,0.5268644414270423,0.8110677120637679
0.155,0.4897025171624714,0.7278911564625851,0.8956481048198409,0.8753599341834636,0.585499316005472,0.5294639982920446,0.811769630641213
0.156,0.49195402298850577,0.7278911564625851,0.8965839962564343,0.8761826408885233,0.5871056241426612,0.5312099391005856,0.8122375763595097
0.157,0.494199535962877,0.7244897959183674,0.8979878334113243,0.8770053475935828,0.5875862068965517,0.5314299686451196,0.8112388146648458
0.158,0.49534883720930234,0.7244897959183674,0.8984557791296209,0.8774167009461127,0.5883977900552486,0.5323144548093547,0.8114727875239942
0.159,0.4976635514018692,0.7244897959183674,0.8993916705662143,0.8782394076511724,0.590027700831025,0.5340914817753013,0.8119407332422908
0.16,0.49882903981264637,0.7244897959183674,0.8998596162845109,0.8786507610037022,0.5908460471567267,0.5349840539326425,0.8121747061014392
0.161,0.5023584905660378,0.7244897959183674,0.9012634534394011,0.8798848210612916,0.5933147632311978,0.5376781959213426,0.8128766246788842
0.162,0.5035460992907801,0.7244897959183674,0.9017313991576977,0.8802961744138215,0.5941422594142259,0.5385817721870553,0.8131105975380326
0.163,0.5023809523809524,0.717687074829932,0.9021993448759944,0.8798848210612916,0.5910364145658263,0.5346349769928104,0.8099432098529632
0.164,0.5023923444976076,0.7142857142857143,0.9026672905942911,0.8798848210612916,0.5898876404494382,0.5331114150146375,0.8084765024400027
0.165,0.5035971223021583,0.7142857142857143,0.9031352363125877,0.8802961744138215,0.5907172995780591,0.53402246580564,0.808710475299151
0.166,0.5060240963855421,0.7142857142857143,0.9040711277491811,0.8811188811188811,0.5923836389280677,0.5358531457558169,0.8091784210174477
0.167,0.5084745762711864,0.7142857142857143,0.9050070191857744,0.8819415878239407,0.594059405940594,0.5376953784864476,0.8096463667357443
0.168,0.5073170731707317,0.7074829931972789,0.9054749649040711,0.881530234471411,0.5909090909090909,0.5337421848745609,0.806478979050675
0.169,0.5098039215686274,0.7074829931972789,0.9064108563406644,0.8823529411764706,0.5925925925925926,0.5356007613229061,0.8069469247689717
0.17,0.5123152709359606,0.7074829931972789,0.9073467477772579,0.8831756478815302,0.5942857142857143,0.5374712806857792,0.8074148704872683
0.171,0.5123152709359606,0.7074829931972789,0.9073467477772579,0.8831756478815302,0.5942857142857143,0.5374712806857792,0.8074148704872683
0.17200000000000001,0.5174129353233831,0.7074829931972789,0.9092185306504446,0.8848210612916495,0.5977011494252874,0.5412487392976346,0.8083507619238617
0.17300000000000001,0.5187032418952618,0.7074829931972789,0.9096864763687412,0.8852324146441793,0.5985611510791367,0.542200801279065,0.8085847347830101
0.17400000000000002,0.5187032418952618,0.7074829931972789,0.9096864763687412,0.8852324146441793,0.5985611510791367,0.542200801279065,0.8085847347830101
0.17500000000000002,0.5226130653266332,0.7074829931972789,0.9110903135236312,0.8864664747017689,0.6011560693641619,0.5450757686677016,0.809286653360455
0.176,0.5252525252525253,0.7074829931972789,0.9120262049602246,0.8872891814068284,0.6028985507246377,0.547008261410052,0.8097545990787518
0.177,0.5265822784810127,0.7074829931972789,0.9124941506785212,0.8877005347593583,0.6037735849056604,0.5479793220147235,0.8099885719379001
0.178,0.5279187817258884,0.7074829931972789,0.912962096396818,0.8881118881118881,0.6046511627906976,0.5489536191348795,0.8102225447970485
0.179,0.5267175572519084,0.7040816326530612,0.912962096396818,0.8877005347593583,0.6026200873362445,0.5465042003839986,0.8085218645249397
0.18,0.5280612244897959,0.7040816326530612,0.9134300421151147,0.8881118881118881,0.6034985422740525,0.5474815053716723,0.808755837384088
0.181,0.5269922879177378,0.6972789115646258,0.9138979878334114,0.8877005347593583,0.6002928257686676,0.5435508605261661,0.8055884496990187
0.182,0.5283505154639175,0.6972789115646258,0.914365933551708,0.8881118881118881,0.6011730205278593,0.5445342486898558,0.8058224225581669
0.183,0.5297157622739018,0.6972789115646258,0.9148338792700047,0.888523241464418,0.6020558002936858,0.5455209738744236,0.8060563954173152
0.184,0.5338541666666666,0.6972789115646258,0.9162377164248947,0.8897573015220074,0.6047197640117994,0.5485013875752225,0.8067583139947603
0.185,0.5366492146596858,0.6972789115646258,0.917173607861488,0.8905800082270671,0.606508875739645,0.5505054146127287,0.807226259713057
0.186,0.5380577427821522,0.6972789115646258,0.9176415535797847,0.8909913615795969,0.6074074074074074,0.5515126203839854,0.8074602325722053
0.187,0.5408970976253298,0.6972789115646258,0.9185774450163781,0.8918140682846565,0.6092124814264487,0.5535375299373925,0.8079281782905019
0.188,0.5466666666666666,0.6972789115646258,0.9204492278895648,0.8934594816947758,0.6128550074738416,0.5576299899204796,0.8088640697270953
0.189,0.5481283422459893,0.6972789115646258,0.9209171736078615,0.8938708350473057,0.6137724550898204,0.5586621261085213,0.8090980425862437
0.19,0.5510752688172043,0.6972789115646258,0.9218530650444549,0.8946935417523653,0.6156156156156156,0.5607373925872106,0.8095659883045403
0.191,0.5510752688172043,0.6972789115646258,0.9218530650444549,0.8946935417523653,0.6156156156156156,0.5607373925872106,0.8095659883045403
0.192,0.5540540540540541,0.6972789115646258,0.9227889564810482,0.895516248457425,0.6174698795180723,0.5628274818924184,0.8100339340228371
0.193,0.5570652173913043,0.6972789115646258,0.9237248479176415,0.8963389551624846,0.6193353474320241,0.5649325940939065,0.8105018797411336
0.194,0.5589041095890411,0.6938775510204082,0.9246607393542349,0.8967503085150144,0.6191198786039454,0.5645870664280085,0.8092691451873215
0.195,0.5619834710743802,0.6938775510204082,0.9255966307908282,0.897573015220074,0.6210045662100456,0.5667226330660665,0.8097370909056182
0.196,0.5611111111111111,0.6870748299319728,0.926064576509125,0.8971616618675442,0.617737003058104,0.5628515359593549,0.8065697032205489
0.197,0.5626740947075209,0.6870748299319728,0.9265325222274217,0.897573015220074,0.6186830015313936,0.5639289381563485,0.8068036760796973
0.198,0.5661971830985916,0.6836734693877551,0.9279363593823117,0.8983957219251337,0.6194144838212635,0.5647061678456297,0.8058049143850334
0.199,0.5661971830985916,0.6836734693877551,0.9279363593823117,0.8983957219251337,0.6194144838212635,0.5647061678456297,0.8058049143850334
0.2,0.5677966101694916,0.6836734693877551,0.9284043051006083,0.8988070752776635,0.6203703703703703,0.5657996270767371,0.8060388872441817
0.201,0.5677966101694916,0.6836734693877551,0.9284043051006083,0.8988070752776635,0.6203703703703703,0.5657996270767371,0.8060388872441817
0.202,0.5694050991501416,0.6836734693877551,0.928872250818905,0.8992184286301933,0.6213292117465224,0.5668971998445307,0.80627286010333
0.203,0.5694050991501416,0.6836734693877551,0.928872250818905,0.8992184286301933,0.6213292117465224,0.5668971998445307,0.80627286010333
0.20400000000000001,0.5694050991501416,0.6836734693877551,0.928872250818905,0.8992184286301933,0.6213292117465224,0.5668971998445307,0.80627286010333
0.20500000000000002,0.5681818181818182,0.6802721088435374,0.928872250818905,0.8988070752776635,0.6191950464396285,0.5644137393690444,0.8045721798312212
0.20600000000000002,0.5660919540229885,0.6700680272108843,0.9293401965372017,0.8979843685726039,0.6137071651090342,0.5580387618035306,0.799704111874043
0.20700000000000002,0.5660919540229885,0.6700680272108843,0.9293401965372017,0.8979843685726039,0.6137071651090342,0.5580387618035306,0.799704111874043
0.20800000000000002,0.5660919540229885,0.6700680272108843,0.9293401965372017,0.8979843685726039,0.6137071651090342,0.5580387618035306,0.799704111874043
0.209,0.5660919540229885,0.6700680272108843,0.9293401965372017,0.8979843685726039,0.6137071651090342,0.5580387618035306,0.799704111874043
0.21,0.5660919540229885,0.6700680272108843,0.9293401965372017,0.8979843685726039,0.6137071651090342,0.5580387618035306,0.799704111874043
0.211,0.5660919540229885,0.6700680272108843,0.9293401965372017,0.8979843685726039,0.6137071651090342,0.5580387618035306,0.799704111874043
0.212,0.5648414985590778,0.6666666666666666,0.9293401965372017,0.897573015220074,0.6115444617784711,0.5555377715516597,0.7980034316019342
0.213,0.563953488372093,0.6598639455782312,0.9298081422554983,0.8971616618675442,0.6081504702194357,0.5516276812218629,0.7948360439168648
0.214,0.563953488372093,0.6598639455782312,0.9298081422554983,0.8971616618675442,0.6081504702194357,0.5516276812218629,0.7948360439168648
0.215,0.564327485380117,0.6564625850340136,0.930276087973795,0.8971616618675442,0.6069182389937107,0.550222527543366,0.7933693365039043
0.216,0.5676470588235294,0.6564625850340136,0.9312119794103884,0.8979843685726039,0.6088328075709779,0.5524542837708964,0.793837282222201
0.217,0.5693215339233039,0.6564625850340136,0.931679925128685,0.8983957219251337,0.6097946287519748,0.5535767069386871,0.7940712550813493
0.218,0.5744047619047619,0.6564625850340136,0.9330837622835751,0.8996297819827231,0.6126984126984127,0.556970543016668,0.7947731736587944
0.219,0.5778443113772455,0.6564625850340136,0.9340196537201685,0.9004524886877828,0.6146496815286624,0.5592555678581075,0.795241119377091
0.22,0.5778443113772455,0.6564625850340136,0.9340196537201685,0.9004524886877828,0.6146496815286624,0.5592555678581075,0.795241119377091
0.221,0.5778443113772455,0.6564625850340136,0.9340196537201685,0.9004524886877828,0.6146496815286624,0.5592555678581075,0.795241119377091
0.222,0.5795795795795796,0.6564625850340136,0.9344875994384652,0.9008638420403127,0.6156299840510366,0.5604049209043749,0.7954750922362394
0.223,0.5795795795795796,0.6564625850340136,0.9344875994384652,0.9008638420403127,0.6156299840510366,0.5604049209043749,0.7954750922362394
0.224,0.5813253012048193,0.6564625850340136,0.9349555451567618,0.9012751953928424,0.6166134185303515,0.5615588798001101,0.7957090650953877
0.225,0.5830815709969789,0.6564625850340136,0.9354234908750585,0.9016865487453722,0.6176,0.5627174790658238,0.795943037954536
0.226,0.5848484848484848,0.6564625850340136,0.9358914365933552,0.9020979020979021,0.6185897435897436,0.5638807535847868,0.7961770108136843
0.227,0.5884146341463414,0.6564625850340136,0.9368273280299485,0.9029206088029618,0.6205787781350482,0.5662214697590565,0.7966449565319811
0.228,0.5884146341463414,0.6564625850340136,0.9368273280299485,0.9029206088029618,0.6205787781350482,0.5662214697590565,0.7966449565319811
0.229,0.5920245398773006,0.6564625850340136,0.9377632194665418,0.9037433155080213,0.6225806451612903,0.568581314834019,0.7971129022502776
0.23,0.5938461538461538,0.6564625850340136,0.9382311651848385,0.9041546688605512,0.6235864297253635,0.5697685019152423,0.797346875109426
0.231,0.5944272445820433,0.6530612244897959,0.9386991109031352,0.9041546688605512,0.6223662884927067,0.568440762969,0.7958801676964655
0.232,0.5962732919254659,0.6530612244897959,0.939167056621432,0.904566022213081,0.6233766233766234,0.5696378561678024,0.7961141405556139
0.233,0.5950155763239875,0.6496598639455783,0.939167056621432,0.9041546688605512,0.6211382113821138,0.5671133093977497,0.7944134602835051
0.234,0.5950155763239875,0.6496598639455783,0.939167056621432,0.9041546688605512,0.6211382113821138,0.5671133093977497,0.7944134602835051
0.23500000000000001,0.5987460815047022,0.6496598639455783,0.9401029480580253,0.9049773755656109,0.6231647634584013,0.5695226649299823,0.7948814060018018
0.23600000000000002,0.6025236593059937,0.6496598639455783,0.9410388394946186,0.9058000822706705,0.6252045826513911,0.5719523138624228,0.7953493517200985
0.23700000000000002,0.6044303797468354,0.6496598639455783,0.9415067852129153,0.9062114356232003,0.6262295081967213,0.5731748478311158,0.7955833245792467
0.23800000000000002,0.6044303797468354,0.6496598639455783,0.9415067852129153,0.9062114356232003,0.6262295081967213,0.5731748478311158,0.7955833245792467
0.23900000000000002,0.6063492063492063,0.6496598639455783,0.941974730931212,0.9066227889757301,0.6272577996715928,0.574402575398917,0.7958172974383951
0.24,0.60828025477707,0.6496598639455783,0.9424426766495086,0.90703414232826,0.6282894736842105,0.5756355375724691,0.7960512702975435
0.241,0.6121794871794872,0.6496598639455783,0.943378568086102,0.9078568490333196,0.6303630363036303,0.5781173320424776,0.7965192160158401
0.242,0.6161290322580645,0.6496598639455783,0.9443144595226953,0.9086795557383792,0.6324503311258278,0.5806205685027604,0.7969871617341369
0.243,0.6161290322580645,0.6496598639455783,0.9443144595226953,0.9086795557383792,0.6324503311258278,0.5806205685027604,0.7969871617341369
0.244,0.6161290322580645,0.6496598639455783,0.9443144595226953,0.9086795557383792,0.6324503311258278,0.5806205685027604,0.7969871617341369
0.245,0.6201298701298701,0.6496598639455783,0.9452503509592888,0.9095022624434389,0.6345514950166113,0.5831455918068259,0.7974551074524335
0.246,0.6201298701298701,0.6496598639455783,0.9452503509592888,0.9095022624434389,0.6345514950166113,0.5831455918068259,0.7974551074524335
0.247,0.6221498371335505,0.6496598639455783,0.9457182966775854,0.9099136157959687,0.6356073211314476,0.5844163834223928,0.7976890803115819
0.248,0.6221498371335505,0.6496598639455783,0.9457182966775854,0.9099136157959687,0.6356073211314476,0.5844163834223928,0.7976890803115819
0.249,0.6241830065359477,0.6496598639455783,0.9461862423958821,0.9103249691484986,0.6366666666666667,0.5856927546221402,0.7979230531707302
0.25,0.6262295081967213,0.6496598639455783,0.9466541881141788,0.9107363225010284,0.6377295492487479,0.586974750748177,0.7981570260298785
0.251,0.6262295081967213,0.6496598639455783,0.9466541881141788,0.9107363225010284,0.6377295492487479,0.586974750748177,0.7981570260298785
0.252,0.6262295081967213,0.6496598639455783,0.9466541881141788,0.9107363225010284,0.6377295492487479,0.586974750748177,0.7981570260298785
0.253,0.6303630363036303,0.6496598639455783,0.9475900795507721,0.911559029206088,0.6398659966499163,0.5895558017431294,0.7986249717481753
0.254,0.6303630363036303,0.6496598639455783,0.9475900795507721,0.911559029206088,0.6398659966499163,0.5895558017431294,0.7986249717481753
0.255,0.6303630363036303,0.6496598639455783,0.9475900795507721,0.911559029206088,0.6398659966499163,0.5895558017431294,0.7986249717481753
0.256,0.6312292358803987,0.6462585034013606,0.9480580252690688,0.911559029206088,0.6386554621848739,0.5883295814773555,0.7971582643352146
0.257,0.6333333333333333,0.6462585034013606,0.9485259709873655,0.9119703825586178,0.6397306397306397,0.5896349225018481,0.797392237194363
0.258,0.6354515050167224,0.6462585034013606,0.9489939167056621,0.9123817359111477,0.6408094435075885,0.5909461420484942,0.7976262100535114
0.259,0.6354515050167224,0.6462585034013606,0.9489939167056621,0.9123817359111477,0.6408094435075885,0.5909461420484942,0.7976262100535114
0.26,0.6354515050167224,0.6462585034013606,0.9489939167056621,0.9123817359111477,0.6408094435075885,0.5909461420484942,0.7976262100535114
0.261,0.6375838926174496,0.6462585034013606,0.9494618624239588,0.9127930892636775,0.6418918918918919,0.5922632890003915,0.7978601829126597
0.262,0.6375838926174496,0.6462585034013606,0.9494618624239588,0.9127930892636775,0.6418918918918919,0.5922632890003915,0.7978601829126597
0.263,0.6397306397306397,0.6462585034013606,0.9499298081422555,0.9132044426162074,0.6429780033840947,0.5935864128118775,0.798094155771808
0.264,0.6418918918918919,0.6462585034013606,0.9503977538605521,0.9136157959687371,0.6440677966101694,0.5949155635171741,0.7983281286309564
0.265,0.6418918918918919,0.6462585034013606,0.9503977538605521,0.9136157959687371,0.6440677966101694,0.5949155635171741,0.7983281286309564
0.266,0.6462585034013606,0.6462585034013606,0.9513336452971455,0.9144385026737968,0.6462585034013606,0.5975921486985061,0.798796074349253
0.267,0.6472602739726028,0.6428571428571429,0.9518015910154423,0.9144385026737968,0.6450511945392492,0.5964127375972321,0.7973293669362926
0.268,0.6472602739726028,0.6428571428571429,0.9518015910154423,0.9144385026737968,0.6450511945392492,0.5964127375972321,0.7973293669362926
0.269,0.6472602739726028,0.6428571428571429,0.9518015910154423,0.9144385026737968,0.6450511945392492,0.5964127375972321,0.7973293669362926
0.27,0.6517241379310345,0.6428571428571429,0.9527374824520356,0.9152612093788565,0.6472602739726028,0.599127651037629,0.7977973126545892
0.271,0.6527777777777778,0.6394557823129252,0.9532054281703323,0.9152612093788565,0.6460481099656358,0.5979640856638389,0.7963306052416288
0.272,0.6550522648083623,0.6394557823129252,0.9536733738886289,0.9156725627313863,0.6471600688468159,0.5993380636649208,0.7965645781007771
0.273,0.6550522648083623,0.6394557823129252,0.9536733738886289,0.9156725627313863,0.6471600688468159,0.5993380636649208,0.7965645781007771
0.274,0.6573426573426573,0.6394557823129252,0.9541413196069256,0.916083916083916,0.6482758620689655,0.6007185366941536,0.7967985509599254
0.275,0.6573426573426573,0.6394557823129252,0.9541413196069256,0.916083916083916,0.6482758620689655,0.6007185366941536,0.7967985509599254
0.276,0.6596491228070176,0.6394557823129252,0.9546092653252223,0.9164952694364459,0.6493955094991365,0.6021055612044997,0.7970325238190737
0.277,0.6584507042253521,0.6360544217687075,0.9546092653252223,0.916083916083916,0.6470588235294118,0.599571534750422,0.795331843546965
0.278,0.6607773851590106,0.6360544217687075,0.955077211043519,0.9164952694364459,0.6481802426343154,0.6009658171247162,0.7955658164061132
0.279,0.6631205673758865,0.6360544217687075,0.9555451567618156,0.9169066227889757,0.6493055555555556,0.6023667902819175,0.7957997892652615
0.28,0.6631205673758865,0.6360544217687075,0.9555451567618156,0.9169066227889757,0.6493055555555556,0.6023667902819175,0.7957997892652615
0.281,0.6654804270462633,0.6360544217687075,0.9560131024801123,0.9173179761415056,0.6504347826086957,0.6037745131974401,0.7960337621244099
0.28200000000000003,0.6666666666666666,0.6326530612244898,0.956481048198409,0.9173179761415056,0.6492146596858639,0.6026523566668838,0.7945670547114494
0.28300000000000003,0.6666666666666666,0.6326530612244898,0.956481048198409,0.9173179761415056,0.6492146596858639,0.6026523566668838,0.7945670547114494
0.28400000000000003,0.6666666666666666,0.6326530612244898,0.956481048198409,0.9173179761415056,0.6492146596858639,0.6026523566668838,0.7945670547114494
0.28500000000000003,0.6714801444043321,0.6326530612244898,0.9574169396350023,0.9181406828465652,0.6514886164623468,0.6055035977526875,0.7950350004297461
0.28600000000000003,0.6690909090909091,0.6258503401360545,0.9574169396350023,0.9173179761415056,0.6467486818980668,0.6004167717367672,0.7916336398855284
0.28700000000000003,0.6690909090909091,0.6258503401360545,0.9574169396350023,0.9173179761415056,0.6467486818980668,0.6004167717367672,0.7916336398855284
0.28800000000000003,0.6690909090909091,0.6258503401360545,0.9574169396350023,0.9173179761415056,0.6467486818980668,0.6004167717367672,0.7916336398855284
0.289,0.6715328467153284,0.6258503401360545,0.957884885353299,0.9177293294940354,0.647887323943662,0.6018544471602025,0.7918676127446767
0.29,0.6715328467153284,0.6258503401360545,0.957884885353299,0.9177293294940354,0.647887323943662,0.6018544471602025,0.7918676127446767
0.291,0.6715328467153284,0.6258503401360545,0.957884885353299,0.9177293294940354,0.647887323943662,0.6018544471602025,0.7918676127446767
0.292,0.6715328467153284,0.6258503401360545,0.957884885353299,0.9177293294940354,0.647887323943662,0.6018544471602025,0.7918676127446767
0.293,0.673992673992674,0.6258503401360545,0.9583528310715957,0.9181406828465652,0.6490299823633157,0.6032992601197698,0.7921015856038252
0.294,0.673992673992674,0.6258503401360545,0.9583528310715957,0.9181406828465652,0.6490299823633157,0.6032992601197698,0.7921015856038252
0.295,0.6715867158671587,0.6190476190476191,0.9583528310715957,0.9173179761415056,0.6442477876106195,0.5981932709726919,0.7887002250596074
0.296,0.6765799256505576,0.6190476190476191,0.9592887225081891,0.9181406828465652,0.6465364120781527,0.6011078850531251,0.7891681707779041
0.297,0.6753731343283582,0.6156462585034014,0.9592887225081891,0.9177293294940354,0.6441281138790036,0.5985480261659473,0.7874674905057952
0.298,0.6753731343283582,0.6156462585034014,0.9592887225081891,0.9177293294940354,0.6441281138790036,0.5985480261659473,0.7874674905057952
0.299,0.6779026217228464,0.6156462585034014,0.9597566682264858,0.9181406828465652,0.6452762923351159,0.6000172469242394,0.7877014633649435
0.3,0.6830188679245283,0.6156462585034014,0.9606925596630791,0.9189633895516248,0.6475849731663685,0.6029782330398449,0.7881694090832403
0.301,0.6830188679245283,0.6156462585034014,0.9606925596630791,0.9189633895516248,0.6475849731663685,0.6029782330398449,0.7881694090832403
0.302,0.6856060606060606,0.6156462585034014,0.9611605053813758,0.9193747429041547,0.6487455197132617,0.6044701392858567,0.7884033819423886
0.303,0.6844106463878327,0.6122448979591837,0.9611605053813758,0.9189633895516248,0.6463195691202872,0.6019081089398297,0.7867027016702797
0.304,0.6870229007633588,0.6122448979591837,0.9616284510996724,0.9193747429041547,0.6474820143884892,0.6034086908597264,0.7869366745294281
0.305,0.6923076923076923,0.6122448979591837,0.9625643425362658,0.9201974496092143,0.6498194945848376,0.6064333569487792,0.7874046202477247
0.306,0.7003891050583657,0.6122448979591837,0.9639681796911558,0.9214315096668038,0.6533575317604355,0.6110302419706173,0.7881065388251698
0.307,0.7003891050583657,0.6122448979591837,0.9639681796911558,0.9214315096668038,0.6533575317604355,0.6110302419706173,0.7881065388251698
0.308,0.703125,0.6122448979591837,0.9644361254094524,0.9218428630193336,0.6545454545454545,0.6125788151009989,0.7883405116843181
0.309,0.703125,0.6122448979591837,0.9644361254094524,0.9218428630193336,0.6545454545454545,0.6125788151009989,0.7883405116843181
0.31,0.703125,0.6122448979591837,0.9644361254094524,0.9218428630193336,0.6545454545454545,0.6125788151009989,0.7883405116843181
0.311,0.703125,0.6122448979591837,0.9644361254094524,0.9218428630193336,0.6545454545454545,0.6125788151009989,0.7883405116843181
0.312,0.703125,0.6122448979591837,0.9644361254094524,0.9218428630193336,0.6545454545454545,0.6125788151009989,0.7883405116843181
0.313,0.7058823529411765,0.6122448979591837,0.9649040711277492,0.9222542163718634,0.6557377049180327,0.6141356589190136,0.7885744845434665
0.314,0.7047244094488189,0.608843537414966,0.9649040711277492,0.9218428630193336,0.6532846715328468,0.6115764333020114,0.7868738042713577
0.315,0.7035573122529645,0.6054421768707483,0.9649040711277492,0.9214315096668038,0.6508226691042047,0.6090112523178333,0.7851731239992488
0.316,0.7035573122529645,0.6054421768707483,0.9649040711277492,0.9214315096668038,0.6508226691042047,0.6090112523178333,0.7851731239992488
0.317,0.7051792828685259,0.6020408163265306,0.9653720168460459,0.9214315096668038,0.6495412844036698,0.6080089507559354,0.7837064165862883
0.318,0.7051792828685259,0.6020408163265306,0.9653720168460459,0.9214315096668038,0.6495412844036698,0.6080089507559354,0.7837064165862883
0.319,0.7051792828685259,0.6020408163265306,0.9653720168460459,0.9214315096668038,0.6495412844036698,0.6080089507559354,0.7837064165862883
0.32,0.708,0.6020408163265306,0.9658399625643426,0.9218428630193336,0.6507352941176471,0.6095863849161764,0.7839403894454366
0.321,0.7108433734939759,0.6020408163265306,0.9663079082826392,0.9222542163718634,0.6519337016574586,0.611172450264035,0.7841743623045849
0.322,0.7137096774193549,0.6020408163265306,0.9667758540009359,0.9226655697243933,0.6531365313653137,0.6127672329243942,0.7844083351637332
0.323,0.7137096774193549,0.6020408163265306,0.9667758540009359,0.9226655697243933,0.6531365313653137,0.6127672329243942,0.7844083351637332
0.324,0.7165991902834008,0.6020408163265306,0.9672437997192326,0.9230769230769231,0.6543438077634011,0.6143708202330918,0.7846423080228816
0.325,0.7165991902834008,0.6020408163265306,0.9672437997192326,0.9230769230769231,0.6543438077634011,0.6143708202330918,0.7846423080228816
0.326,0.7165991902834008,0.6020408163265306,0.9672437997192326,0.9230769230769231,0.6543438077634011,0.6143708202330918,0.7846423080228816
0.327,0.7165991902834008,0.6020408163265306,0.9672437997192326,0.9230769230769231,0.6543438077634011,0.6143708202330918,0.7846423080228816
0.328,0.7165991902834008,0.6020408163265306,0.9672437997192326,0.9230769230769231,0.6543438077634011,0.6143708202330918,0.7846423080228816
0.329,0.7165991902834008,0.6020408163265306,0.9672437997192326,0.9230769230769231,0.6543438077634011,0.6143708202330918,0.7846423080228816
0.33,0.7195121951219512,0.6020408163265306,0.9677117454375292,0.9234882764294529,0.6555555555555556,0.6159833007589705,0.78487628088203
0.331,0.7254098360655737,0.6020408163265306,0.9686476368741226,0.9243109831345125,0.6579925650557621,0.6192353020384442,0.7853442266003265
0.332,0.7254098360655737,0.6020408163265306,0.9686476368741226,0.9243109831345125,0.6579925650557621,0.6192353020384442,0.7853442266003265
0.333,0.7254098360655737,0.6020408163265306,0.9686476368741226,0.9243109831345125,0.6579925650557621,0.6192353020384442,0.7853442266003265
0.334,0.7254098360655737,0.6020408163265306,0.9686476368741226,0.9243109831345125,0.6579925650557621,0.6192353020384442,0.7853442266003265
0.335,0.7254098360655737,0.6020408163265306,0.9686476368741226,0.9243109831345125,0.6579925650557621,0.6192353020384442,0.7853442266003265
0.336,0.7254098360655737,0.6020408163265306,0.9686476368741226,0.9243109831345125,0.6579925650557621,0.6192353020384442,0.7853442266003265
0.337,0.7254098360655737,0.6020408163265306,0.9686476368741226,0.9243109831345125,0.6579925650557621,0.6192353020384442,0.7853442266003265
0.338,0.7283950617283951,0.6020408163265306,0.9691155825924193,0.9247223364870424,0.659217877094972,0.6208750063001982,0.7855781994594749
0.339,0.7283950617283951,0.6020408163265306,0.9691155825924193,0.9247223364870424,0.659217877094972,0.6208750063001982,0.7855781994594749
0.34,0.7283950617283951,0.6020408163265306,0.9691155825924193,0.9247223364870424,0.659217877094972,0.6208750063001982,0.7855781994594749
0.341,0.7283950617283951,0.6020408163265306,0.9691155825924193,0.9247223364870424,0.659217877094972,0.6208750063001982,0.7855781994594749
0.342,0.7283950617283951,0.6020408163265306,0.9691155825924193,0.9247223364870424,0.659217877094972,0.6208750063001982,0.7855781994594749
0.343,0.7283950617283951,0.6020408163265306,0.9691155825924193,0.9247223364870424,0.659217877094972,0.6208750063001982,0.7855781994594749
0.34400000000000003,0.7283950617283951,0.6020408163265306,0.9691155825924193,0.9247223364870424,0.659217877094972,0.6208750063001982,0.7855781994594749
0.34500000000000003,0.7283950617283951,0.6020408163265306,0.9691155825924193,0.9247223364870424,0.659217877094972,0.6208750063001982,0.7855781994594749
0.34600000000000003,0.7283950617283951,0.6020408163265306,0.9691155825924193,0.9247223364870424,0.659217877094972,0.6208750063001982,0.7855781994594749
0.34700000000000003,0.7283950617283951,0.6020408163265306,0.9691155825924193,0.9247223364870424,0.659217877094972,0.6208750063001982,0.7855781994594749
0.34800000000000003,0.7283950617283951,0.6020408163265306,0.9691155825924193,0.9247223364870424,0.659217877094972,0.6208750063001982,0.7855781994594749
0.34900000000000003,0.7375,0.6020408163265306,0.9705194197473093,0.9259563965446318,0.6629213483146067,0.6258500624781397,0.7862801180369199
0.35000000000000003,0.7375,0.6020408163265306,0.9705194197473093,0.9259563965446318,0.6629213483146067,0.6258500624781397,0.7862801180369199
0.35100000000000003,0.7375,0.6020408163265306,0.9705194197473093,0.9259563965446318,0.6629213483146067,0.6258500624781397,0.7862801180369199
0.352,0.7436974789915967,0.6020408163265306,0.9714553111839027,0.9267791032496915,0.6654135338345865,0.6292143542715636,0.7867480637552167
0.353,0.7436974789915967,0.6020408163265306,0.9714553111839027,0.9267791032496915,0.6654135338345865,0.6292143542715636,0.7867480637552167
0.354,0.7436974789915967,0.6020408163265306,0.9714553111839027,0.9267791032496915,0.6654135338345865,0.6292143542715636,0.7867480637552167
0.355,0.7436974789915967,0.6020408163265306,0.9714553111839027,0.9267791032496915,0.6654135338345865,0.6292143542715636,0.7867480637552167
0.356,0.7457627118644068,0.5986394557823129,0.9719232569021994,0.9267791032496915,0.6641509433962264,0.6283564086298868,0.7852813563422562
0.357,0.7457627118644068,0.5986394557823129,0.9719232569021994,0.9267791032496915,0.6641509433962264,0.6283564086298868,0.7852813563422562
0.358,0.7457627118644068,0.5986394557823129,0.9719232569021994,0.9267791032496915,0.6641509433962264,0.6283564086298868,0.7852813563422562
0.359,0.7489361702127659,0.5986394557823129,0.972391202620496,0.9271904566022213,0.665406427221172,0.6300648519123102,0.7855153292014045
0.36,0.7521367521367521,0.5986394557823129,0.9728591483387927,0.9276018099547512,0.6666666666666666,0.631783301644889,0.7857493020605528
0.361,0.7553648068669528,0.5986394557823129,0.9733270940570894,0.928013163307281,0.6679316888045541,0.6335118640907729,0.7859832749197011
0.362,0.7586206896551724,0.5986394557823129,0.9737950397753861,0.9284245166598107,0.6692015209125475,0.6352506471043532,0.7862172477788495
0.363,0.7619047619047619,0.5986394557823129,0.9742629854936827,0.9288358700123406,0.6704761904761904,0.6369997601621248,0.7864512206379979
0.364,0.7652173913043478,0.5986394557823129,0.9747309312119794,0.9292472233648704,0.6717557251908397,0.6387593143942816,0.7866851934971462
0.365,0.7652173913043478,0.5986394557823129,0.9747309312119794,0.9292472233648704,0.6717557251908397,0.6387593143942816,0.7866851934971462
0.366,0.7652173913043478,0.5986394557823129,0.9747309312119794,0.9292472233648704,0.6717557251908397,0.6387593143942816,0.7866851934971462
0.367,0.7652173913043478,0.5986394557823129,0.9747309312119794,0.9292472233648704,0.6717557251908397,0.6387593143942816,0.7866851934971462
0.368,0.7652173913043478,0.5986394557823129,0.9747309312119794,0.9292472233648704,0.6717557251908397,0.6387593143942816,0.7866851934971462
0.369,0.7652173913043478,0.5986394557823129,0.9747309312119794,0.9292472233648704,0.6717557251908397,0.6387593143942816,0.7866851934971462
0.37,0.7641921397379913,0.5952380952380952,0.9747309312119794,0.9288358700123406,0.6692160611854685,0.6362104282854398,0.7849845132250373
0.371,0.7641921397379913,0.5952380952380952,0.9747309312119794,0.9288358700123406,0.6692160611854685,0.6362104282854398,0.7849845132250373
0.372,0.7675438596491229,0.5952380952380952,0.9751988769302761,0.9292472233648704,0.6704980842911877,0.637982726429915,0.7852184860841857
0.373,0.7675438596491229,0.5952380952380952,0.9751988769302761,0.9292472233648704,0.6704980842911877,0.637982726429915,0.7852184860841857
0.374,0.7675438596491229,0.5952380952380952,0.9751988769302761,0.9292472233648704,0.6704980842911877,0.637982726429915,0.7852184860841857
0.375,0.7654867256637168,0.5884353741496599,0.9751988769302761,0.9284245166598107,0.6653846153846154,0.6328704038291052,0.781817125539968
0.376,0.7654867256637168,0.5884353741496599,0.9751988769302761,0.9284245166598107,0.6653846153846154,0.6328704038291052,0.781817125539968
0.377,0.7654867256637168,0.5884353741496599,0.9751988769302761,0.9284245166598107,0.6653846153846154,0.6328704038291052,0.781817125539968
0.378,0.7654867256637168,0.5884353741496599,0.9751988769302761,0.9284245166598107,0.6653846153846154,0.6328704038291052,0.781817125539968
0.379,0.7654867256637168,0.5884353741496599,0.9751988769302761,0.9284245166598107,0.6653846153846154,0.6328704038291052,0.781817125539968
0.38,0.7654867256637168,0.5884353741496599,0.9751988769302761,0.9284245166598107,0.6653846153846154,0.6328704038291052,0.781817125539968
0.381,0.7654867256637168,0.5884353741496599,0.9751988769302761,0.9284245166598107,0.6653846153846154,0.6328704038291052,0.781817125539968
0.382,0.7688888888888888,0.5884353741496599,0.9756668226485727,0.9288358700123406,0.6666666666666666,0.6346579202059714,0.7820510983991162
0.383,0.7747747747747747,0.5850340136054422,0.9766027140851661,0.9292472233648704,0.6666666666666666,0.6357071285401514,0.7808183638453041
0.384,0.7737556561085973,0.5816326530612245,0.9766027140851661,0.9288358700123406,0.6640776699029126,0.6331418202524883,0.7791176835731952
0.385,0.7737556561085973,0.5816326530612245,0.9766027140851661,0.9288358700123406,0.6640776699029126,0.6331418202524883,0.7791176835731952
0.386,0.7737556561085973,0.5816326530612245,0.9766027140851661,0.9288358700123406,0.6640776699029126,0.6331418202524883,0.7791176835731952
0.387,0.7737556561085973,0.5816326530612245,0.9766027140851661,0.9288358700123406,0.6640776699029126,0.6331418202524883,0.7791176835731952
0.388,0.7727272727272727,0.5782312925170068,0.9766027140851661,0.9284245166598107,0.6614785992217899,0.6305699730694009,0.7774170033010864
0.389,0.7727272727272727,0.5782312925170068,0.9766027140851661,0.9284245166598107,0.6614785992217899,0.6305699730694009,0.7774170033010864
0.39,0.7727272727272727,0.5782312925170068,0.9766027140851661,0.9284245166598107,0.6614785992217899,0.6305699730694009,0.7774170033010864
0.391,0.7727272727272727,0.5782312925170068,0.9766027140851661,0.9284245166598107,0.6614785992217899,0.6305699730694009,0.7774170033010864
0.392,0.7727272727272727,0.5782312925170068,0.9766027140851661,0.9284245166598107,0.6614785992217899,0.6305699730694009,0.7774170033010864
0.393,0.7727272727272727,0.5782312925170068,0.9766027140851661,0.9284245166598107,0.6614785992217899,0.6305699730694009,0.7774170033010864
0.394,0.7727272727272727,0.5782312925170068,0.9766027140851661,0.9284245166598107,0.6614785992217899,0.6305699730694009,0.7774170033010864
0.395,0.776255707762557,0.5782312925170068,0.9770706598034627,0.9288358700123406,0.6627680311890838,0.6323980293180174,0.7776509761602348
0.396,0.7798165137614679,0.5782312925170068,0.9775386055217595,0.9292472233648704,0.6640625,0.6342376116780307,0.7778849490193831
0.397,0.7798165137614679,0.5782312925170068,0.9775386055217595,0.9292472233648704,0.6640625,0.6342376116780307,0.7778849490193831
0.398,0.7798165137614679,0.5782312925170068,0.9775386055217595,0.9292472233648704,0.6640625,0.6342376116780307,0.7778849490193831
0.399,0.7798165137614679,0.5782312925170068,0.9775386055217595,0.9292472233648704,0.6640625,0.6342376116780307,0.7778849490193831
0.4,0.7798165137614679,0.5782312925170068,0.9775386055217595,0.9292472233648704,0.6640625,0.6342376116780307,0.7778849490193831
0.401,0.7798165137614679,0.5782312925170068,0.9775386055217595,0.9292472233648704,0.6640625,0.6342376116780307,0.7778849490193831
0.402,0.7788018433179723,0.5748299319727891,0.9775386055217595,0.9288358700123406,0.6614481409001957,0.6316640850307267,0.7761842687472743
0.403,0.7788018433179723,0.5748299319727891,0.9775386055217595,0.9288358700123406,0.6614481409001957,0.6316640850307267,0.7761842687472743
0.404,0.7788018433179723,0.5748299319727891,0.9775386055217595,0.9288358700123406,0.6614481409001957,0.6316640850307267,0.7761842687472743
0.405,0.7788018433179723,0.5748299319727891,0.9775386055217595,0.9288358700123406,0.6614481409001957,0.6316640850307267,0.7761842687472743
0.406,0.7788018433179723,0.5748299319727891,0.9775386055217595,0.9288358700123406,0.6614481409001957,0.6316640850307267,0.7761842687472743
0.40700000000000003,0.7788018433179723,0.5748299319727891,0.9775386055217595,0.9288358700123406,0.6614481409001957,0.6316640850307267,0.7761842687472743
0.40800000000000003,0.7824074074074074,0.5748299319727891,0.9780065512400562,0.9292472233648704,0.6627450980392157,0.6335178864222251,0.7764182416064227
0.40900000000000003,0.7824074074074074,0.5748299319727891,0.9780065512400562,0.9292472233648704,0.6627450980392157,0.6335178864222251,0.7764182416064227
0.41000000000000003,0.7824074074074074,0.5748299319727891,0.9780065512400562,0.9292472233648704,0.6627450980392157,0.6335178864222251,0.7764182416064227
0.41100000000000003,0.7934272300469484,0.5748299319727891,0.9794103883949462,0.93048128342246,0.6666666666666666,0.6391509969914094,0.7771201601838676
0.41200000000000003,0.7971698113207547,0.5748299319727891,0.9798783341132429,0.9308926367749897,0.6679841897233202,0.6410530670353204,0.777354133043016
0.41300000000000003,0.7962085308056872,0.5714285714285714,0.9798783341132429,0.93048128342246,0.6653465346534654,0.6384863893211199,0.7756534527709071
0.41400000000000003,0.7962085308056872,0.5714285714285714,0.9798783341132429,0.93048128342246,0.6653465346534654,0.6384863893211199,0.7756534527709071
0.41500000000000004,0.8,0.5714285714285714,0.9803462798315395,0.9308926367749897,0.6666666666666666,0.6404038025916083,0.7758874256300554
0.41600000000000004,0.8,0.5714285714285714,0.9803462798315395,0.9308926367749897,0.6666666666666666,0.6404038025916083,0.7758874256300554
0.417,0.8,0.5714285714285714,0.9803462798315395,0.9308926367749897,0.6666666666666666,0.6404038025916083,0.7758874256300554
0.418,0.8,0.5714285714285714,0.9803462798315395,0.9308926367749897,0.6666666666666666,0.6404038025916083,0.7758874256300554
0.419,0.8,0.5714285714285714,0.9803462798315395,0.9308926367749897,0.6666666666666666,0.6404038025916083,0.7758874256300554
0.42,0.8,0.5714285714285714,0.9803462798315395,0.9308926367749897,0.6666666666666666,0.6404038025916083,0.7758874256300554
0.421,0.7990430622009569,0.5680272108843537,0.9803462798315395,0.93048128342246,0.6640159045725647,0.6378333277503739,0.7741867453579466
0.422,0.7990430622009569,0.5680272108843537,0.9803462798315395,0.93048128342246,0.6640159045725647,0.6378333277503739,0.7741867453579466
0.423,0.7990430622009569,0.5680272108843537,0.9803462798315395,0.93048128342246,0.6640159045725647,0.6378333277503739,0.7741867453579466
0.424,0.7990430622009569,0.5680272108843537,0.9803462798315395,0.93048128342246,0.6640159045725647,0.6378333277503739,0.7741867453579466
0.425,0.7990430622009569,0.5680272108843537,0.9803462798315395,0.93048128342246,0.6640159045725647,0.6378333277503739,0.7741867453579466
0.426,0.7990430622009569,0.5680272108843537,0.9803462798315395,0.93048128342246,0.6640159045725647,0.6378333277503739,0.7741867453579466
0.427,0.7990430622009569,0.5680272108843537,0.9803462798315395,0.93048128342246,0.6640159045725647,0.6378333277503739,0.7741867453579466
0.428,0.7990430622009569,0.5680272108843537,0.9803462798315395,0.93048128342246,0.6640159045725647,0.6378333277503739,0.7741867453579466
0.429,0.7990430622009569,0.5680272108843537,0.9803462798315395,0.93048128342246,0.6640159045725647,0.6378333277503739,0.7741867453579466
0.43,0.7990430622009569,0.5680272108843537,0.9803462798315395,0.93048128342246,0.6640159045725647,0.6378333277503739,0.7741867453579466
0.431,0.7990430622009569,0.5680272108843537,0.9803462798315395,0.93048128342246,0.6640159045725647,0.6378333277503739,0.7741867453579466
0.432,0.8028846153846154,0.5680272108843537,0.9808142255498362,0.9308926367749897,0.6653386454183267,0.6397663885092721,0.774420718217095
0.433,0.8028846153846154,0.5680272108843537,0.9808142255498362,0.9308926367749897,0.6653386454183267,0.6397663885092721,0.774420718217095
0.434,0.8019323671497585,0.564625850340136,0.9808142255498362,0.93048128342246,0.6626746506986028,0.6371921347703483,0.7727200379449861
0.435,0.8019323671497585,0.564625850340136,0.9808142255498362,0.93048128342246,0.6626746506986028,0.6371921347703483,0.7727200379449861
0.436,0.8058252427184466,0.564625850340136,0.9812821712681329,0.9308926367749897,0.664,0.6391411567697435,0.7729540108041344
0.437,0.8058252427184466,0.564625850340136,0.9812821712681329,0.9308926367749897,0.664,0.6391411567697435,0.7729540108041344
0.438,0.8048780487804879,0.5612244897959183,0.9812821712681329,0.93048128342246,0.6613226452905812,0.6365631449776458,0.7712533305320256
0.439,0.8048780487804879,0.5612244897959183,0.9812821712681329,0.93048128342246,0.6613226452905812,0.6365631449776458,0.7712533305320256
0.44,0.8029556650246306,0.5544217687074829,0.9812821712681329,0.9296585767174003,0.6559356136820925,0.6313863005603366,0.7678519699878079
0.441,0.8029556650246306,0.5544217687074829,0.9812821712681329,0.9296585767174003,0.6559356136820925,0.6313863005603366,0.7678519699878079
0.442,0.8029556650246306,0.5544217687074829,0.9812821712681329,0.9296585767174003,0.6559356136820925,0.6313863005603366,0.7678519699878079
0.443,0.806930693069307,0.5544217687074829,0.9817501169864296,0.9300699300699301,0.657258064516129,0.6333579776848729,0.7680859428469562
0.444,0.8109452736318408,0.5544217687074829,0.9822180627047262,0.93048128342246,0.6585858585858586,0.6353431772685181,0.7683199157061046
0.445,0.8190954773869347,0.5544217687074829,0.9831539541413196,0.9313039901275195,0.6612576064908722,0.6393548154468413,0.7687878614244013
0.446,0.8232323232323232,0.5544217687074829,0.9836218998596162,0.9317153434800494,0.6626016260162602,0.6413815972220445,0.7690218342835495
0.447,0.8274111675126904,0.5544217687074829,0.984089845577913,0.9321266968325792,0.6639511201629328,0.6434225879513299,0.769255807142698
0.448,0.8274111675126904,0.5544217687074829,0.984089845577913,0.9321266968325792,0.6639511201629328,0.6434225879513299,0.769255807142698
0.449,0.8274111675126904,0.5544217687074829,0.984089845577913,0.9321266968325792,0.6639511201629328,0.6434225879513299,0.769255807142698
0.45,0.8274111675126904,0.5544217687074829,0.984089845577913,0.9321266968325792,0.6639511201629328,0.6434225879513299,0.769255807142698
0.451,0.8274111675126904,0.5544217687074829,0.984089845577913,0.9321266968325792,0.6639511201629328,0.6434225879513299,0.769255807142698
0.452,0.8274111675126904,0.5544217687074829,0.984089845577913,0.9321266968325792,0.6639511201629328,0.6434225879513299,0.769255807142698
0.453,0.8274111675126904,0.5544217687074829,0.984089845577913,0.9321266968325792,0.6639511201629328,0.6434225879513299,0.769255807142698
0.454,0.8274111675126904,0.5544217687074829,0.984089845577913,0.9321266968325792,0.6639511201629328,0.6434225879513299,0.769255807142698
0.455,0.8358974358974359,0.5544217687074829,0.9850257370145064,0.9329494035376388,0.6666666666666666,0.6475479165007941,0.7697237528609946
0.456,0.8358974358974359,0.5544217687074829,0.9850257370145064,0.9329494035376388,0.6666666666666666,0.6475479165007941,0.7697237528609946
0.457,0.8358974358974359,0.5544217687074829,0.9850257370145064,0.9329494035376388,0.6666666666666666,0.6475479165007941,0.7697237528609946
0.458,0.8358974358974359,0.5544217687074829,0.9850257370145064,0.9329494035376388,0.6666666666666666,0.6475479165007941,0.7697237528609946
0.459,0.8402061855670103,0.5544217687074829,0.985493682732803,0.9333607568901686,0.6680327868852459,0.6496326224952993,0.769957725720143
0.46,0.8402061855670103,0.5544217687074829,0.985493682732803,0.9333607568901686,0.6680327868852459,0.6496326224952993,0.769957725720143
0.461,0.8402061855670103,0.5544217687074829,0.985493682732803,0.9333607568901686,0.6680327868852459,0.6496326224952993,0.769957725720143
0.462,0.8402061855670103,0.5544217687074829,0.985493682732803,0.9333607568901686,0.6680327868852459,0.6496326224952993,0.769957725720143
0.463,0.8402061855670103,0.5544217687074829,0.985493682732803,0.9333607568901686,0.6680327868852459,0.6496326224952993,0.769957725720143
0.464,0.844559585492228,0.5544217687074829,0.9859616284510997,0.9337721102426985,0.6694045174537988,0.6517322739421691,0.7701916985792914
0.465,0.844559585492228,0.5544217687074829,0.9859616284510997,0.9337721102426985,0.6694045174537988,0.6517322739421691,0.7701916985792914
0.466,0.844559585492228,0.5544217687074829,0.9859616284510997,0.9337721102426985,0.6694045174537988,0.6517322739421691,0.7701916985792914
0.467,0.8489583333333334,0.5544217687074829,0.9864295741693964,0.9341834635952283,0.6707818930041153,0.653847063328974,0.7704256714384397
0.468,0.8534031413612565,0.5544217687074829,0.986897519887693,0.9345948169477581,0.6721649484536083,0.6559771866457047,0.7706596442975879
0.46900000000000003,0.8534031413612565,0.5544217687074829,0.986897519887693,0.9345948169477581,0.6721649484536083,0.6559771866457047,0.7706596442975879
0.47000000000000003,0.8534031413612565,0.5544217687074829,0.986897519887693,0.9345948169477581,0.6721649484536083,0.6559771866457047,0.7706596442975879
0.47100000000000003,0.8534031413612565,0.5544217687074829,0.986897519887693,0.9345948169477581,0.6721649484536083,0.6559771866457047,0.7706596442975879
0.47200000000000003,0.8534031413612565,0.5544217687074829,0.986897519887693,0.9345948169477581,0.6721649484536083,0.6559771866457047,0.7706596442975879
0.47300000000000003,0.8534031413612565,0.5544217687074829,0.986897519887693,0.9345948169477581,0.6721649484536083,0.6559771866457047,0.7706596442975879
0.47400000000000003,0.8534031413612565,0.5544217687074829,0.986897519887693,0.9345948169477581,0.6721649484536083,0.6559771866457047,0.7706596442975879
0.47500000000000003,0.8534031413612565,0.5544217687074829,0.986897519887693,0.9345948169477581,0.6721649484536083,0.6559771866457047,0.7706596442975879
0.47600000000000003,0.8578947368421053,0.5544217687074829,0.9873654656059897,0.935006170300288,0.6735537190082644,0.6581228434673557,0.7708936171567363
0.47700000000000004,0.8578947368421053,0.5544217687074829,0.9873654656059897,0.935006170300288,0.6735537190082644,0.6581228434673557,0.7708936171567363
0.47800000000000004,0.8578947368421053,0.5544217687074829,0.9873654656059897,0.935006170300288,0.6735537190082644,0.6581228434673557,0.7708936171567363
0.47900000000000004,0.8578947368421053,0.5544217687074829,0.9873654656059897,0.935006170300288,0.6735537190082644,0.6581228434673557,0.7708936171567363
0.48,0.8578947368421053,0.5544217687074829,0.9873654656059897,0.935006170300288,0.6735537190082644,0.6581228434673557,0.7708936171567363
0.481,0.8578947368421053,0.5544217687074829,0.9873654656059897,0.935006170300288,0.6735537190082644,0.6581228434673557,0.7708936171567363
0.482,0.8578947368421053,0.5544217687074829,0.9873654656059897,0.935006170300288,0.6735537190082644,0.6581228434673557,0.7708936171567363
0.483,0.8578947368421053,0.5544217687074829,0.9873654656059897,0.935006170300288,0.6735537190082644,0.6581228434673557,0.7708936171567363
0.484,0.8578947368421053,0.5544217687074829,0.9873654656059897,0.935006170300288,0.6735537190082644,0.6581228434673557,0.7708936171567363
0.485,0.8578947368421053,0.5544217687074829,0.9873654656059897,0.935006170300288,0.6735537190082644,0.6581228434673557,0.7708936171567363
0.486,0.8578947368421053,0.5544217687074829,0.9873654656059897,0.935006170300288,0.6735537190082644,0.6581228434673557,0.7708936171567363
0.487,0.8578947368421053,0.5544217687074829,0.9873654656059897,0.935006170300288,0.6735537190082644,0.6581228434673557,0.7708936171567363
0.488,0.8578947368421053,0.5544217687074829,0.9873654656059897,0.935006170300288,0.6735537190082644,0.6581228434673557,0.7708936171567363
0.489,0.8578947368421053,0.5544217687074829,0.9873654656059897,0.935006170300288,0.6735537190082644,0.6581228434673557,0.7708936171567363
0.49,0.8578947368421053,0.5544217687074829,0.9873654656059897,0.935006170300288,0.6735537190082644,0.6581228434673557,0.7708936171567363
0.491,0.8578947368421053,0.5544217687074829,0.9873654656059897,0.935006170300288,0.6735537190082644,0.6581228434673557,0.7708936171567363
0.492,0.8578947368421053,0.5544217687074829,0.9873654656059897,0.935006170300288,0.6735537190082644,0.6581228434673557,0.7708936171567363
0.493,0.8578947368421053,0.5544217687074829,0.9873654656059897,0.935006170300288,0.6735537190082644,0.6581228434673557,0.7708936171567363
0.494,0.8578947368421053,0.5544217687074829,0.9873654656059897,0.935006170300288,0.6735537190082644,0.6581228434673557,0.7708936171567363
0.495,0.8578947368421053,0.5544217687074829,0.9873654656059897,0.935006170300288,0.6735537190082644,0.6581228434673557,0.7708936171567363
0.496,0.8578947368421053,0.5544217687074829,0.9873654656059897,0.935006170300288,0.6735537190082644,0.6581228434673557,0.7708936171567363
0.497,0.8578947368421053,0.5544217687074829,0.9873654656059897,0.935006170300288,0.6735537190082644,0.6581228434673557,0.7708936171567363
0.498,0.8578947368421053,0.5544217687074829,0.9873654656059897,0.935006170300288,0.6735537190082644,0.6581228434673557,0.7708936171567363
0.499,0.8578947368421053,0.5544217687074829,0.9873654656059897,0.935006170300288,0.6735537190082644,0.6581228434673557,0.7708936171567363
0.5,0.8578947368421053,0.5544217687074829,0.9873654656059897,0.935006170300288,0.6735537190082644,0.6581228434673557,0.7708936171567363
0.501,0.8571428571428571,0.5510204081632653,0.9873654656059897,0.9345948169477581,0.6708074534161491,0.655572724770336,0.7691929368846275
0.502,0.8571428571428571,0.5510204081632653,0.9873654656059897,0.9345948169477581,0.6708074534161491,0.655572724770336,0.7691929368846275
0.503,0.8571428571428571,0.5510204081632653,0.9873654656059897,0.9345948169477581,0.6708074534161491,0.655572724770336,0.7691929368846275
0.504,0.8571428571428571,0.5510204081632653,0.9873654656059897,0.9345948169477581,0.6708074534161491,0.655572724770336,0.7691929368846275
0.505,0.8571428571428571,0.5510204081632653,0.9873654656059897,0.9345948169477581,0.6708074534161491,0.655572724770336,0.7691929368846275
0.506,0.8571428571428571,0.5510204081632653,0.9873654656059897,0.9345948169477581,0.6708074534161491,0.655572724770336,0.7691929368846275
0.507,0.8571428571428571,0.5510204081632653,0.9873654656059897,0.9345948169477581,0.6708074534161491,0.655572724770336,0.7691929368846275
0.508,0.8617021276595744,0.5510204081632653,0.9878334113242864,0.935006170300288,0.6721991701244814,0.6577386012725462,0.7694269097437758
0.509,0.8663101604278075,0.5510204081632653,0.988301357042583,0.9354175236528177,0.6735966735966736,0.6599205370494964,0.7696608826029241
0.51,0.8663101604278075,0.5510204081632653,0.988301357042583,0.9354175236528177,0.6735966735966736,0.6599205370494964,0.7696608826029241
0.511,0.8663101604278075,0.5510204081632653,0.988301357042583,0.9354175236528177,0.6735966735966736,0.6599205370494964,0.7696608826029241
0.512,0.8663101604278075,0.5510204081632653,0.988301357042583,0.9354175236528177,0.6735966735966736,0.6599205370494964,0.7696608826029241
0.513,0.8663101604278075,0.5510204081632653,0.988301357042583,0.9354175236528177,0.6735966735966736,0.6599205370494964,0.7696608826029241
0.514,0.8663101604278075,0.5510204081632653,0.988301357042583,0.9354175236528177,0.6735966735966736,0.6599205370494964,0.7696608826029241
0.515,0.8663101604278075,0.5510204081632653,0.988301357042583,0.9354175236528177,0.6735966735966736,0.6599205370494964,0.7696608826029241
0.516,0.8663101604278075,0.5510204081632653,0.988301357042583,0.9354175236528177,0.6735966735966736,0.6599205370494964,0.7696608826029241
0.517,0.8663101604278075,0.5510204081632653,0.988301357042583,0.9354175236528177,0.6735966735966736,0.6599205370494964,0.7696608826029241
0.518,0.8663101604278075,0.5510204081632653,0.988301357042583,0.9354175236528177,0.6735966735966736,0.6599205370494964,0.7696608826029241
0.519,0.8663101604278075,0.5510204081632653,0.988301357042583,0.9354175236528177,0.6735966735966736,0.6599205370494964,0.7696608826029241
0.52,0.8655913978494624,0.5476190476190477,0.988301357042583,0.935006170300288,0.6708333333333333,0.6573725636102504,0.7679602023308154
0.521,0.8655913978494624,0.5476190476190477,0.988301357042583,0.935006170300288,0.6708333333333333,0.6573725636102504,0.7679602023308154
0.522,0.8655913978494624,0.5476190476190477,0.988301357042583,0.935006170300288,0.6708333333333333,0.6573725636102504,0.7679602023308154
0.523,0.8655913978494624,0.5476190476190477,0.988301357042583,0.935006170300288,0.6708333333333333,0.6573725636102504,0.7679602023308154
0.524,0.8655913978494624,0.5476190476190477,0.988301357042583,0.935006170300288,0.6708333333333333,0.6573725636102504,0.7679602023308154
0.525,0.8702702702702703,0.5476190476190477,0.9887693027608797,0.9354175236528177,0.6722338204592901,0.6595755117944517,0.7681941751899637
0.526,0.8702702702702703,0.5476190476190477,0.9887693027608797,0.9354175236528177,0.6722338204592901,0.6595755117944517,0.7681941751899637
0.527,0.8702702702702703,0.5476190476190477,0.9887693027608797,0.9354175236528177,0.6722338204592901,0.6595755117944517,0.7681941751899637
0.528,0.8702702702702703,0.5476190476190477,0.9887693027608797,0.9354175236528177,0.6722338204592901,0.6595755117944517,0.7681941751899637
0.529,0.8702702702702703,0.5476190476190477,0.9887693027608797,0.9354175236528177,0.6722338204592901,0.6595755117944517,0.7681941751899637
0.53,0.8702702702702703,0.5476190476190477,0.9887693027608797,0.9354175236528177,0.6722338204592901,0.6595755117944517,0.7681941751899637
0.531,0.8743169398907104,0.54421768707483,0.9892372484791764,0.9354175236528177,0.6708595387840671,0.6592497375543037,0.7667274677770032
0.532,0.8743169398907104,0.54421768707483,0.9892372484791764,0.9354175236528177,0.6708595387840671,0.6592497375543037,0.7667274677770032
0.533,0.8736263736263736,0.5408163265306123,0.9892372484791764,0.935006170300288,0.6680672268907563,0.6566973633386991,0.7650267875048944
0.534,0.8736263736263736,0.5408163265306123,0.9892372484791764,0.935006170300288,0.6680672268907563,0.6566973633386991,0.7650267875048944
0.535,0.8736263736263736,0.5408163265306123,0.9892372484791764,0.935006170300288,0.6680672268907563,0.6566973633386991,0.7650267875048944
0.536,0.8736263736263736,0.5408163265306123,0.9892372484791764,0.935006170300288,0.6680672268907563,0.6566973633386991,0.7650267875048944
0.537,0.8736263736263736,0.5408163265306123,0.9892372484791764,0.935006170300288,0.6680672268907563,0.6566973633386991,0.7650267875048944
0.538,0.8736263736263736,0.5408163265306123,0.9892372484791764,0.935006170300288,0.6680672268907563,0.6566973633386991,0.7650267875048944
0.539,0.8736263736263736,0.5408163265306123,0.9892372484791764,0.935006170300288,0.6680672268907563,0.6566973633386991,0.7650267875048944
0.54,0.8736263736263736,0.5408163265306123,0.9892372484791764,0.935006170300288,0.6680672268907563,0.6566973633386991,0.7650267875048944
0.541,0.8729281767955801,0.5374149659863946,0.9892372484791764,0.9345948169477581,0.6652631578947369,0.6541378729747864,0.7633261072327855
0.542,0.8729281767955801,0.5374149659863946,0.9892372484791764,0.9345948169477581,0.6652631578947369,0.6541378729747864,0.7633261072327855
0.543,0.8722222222222222,0.5340136054421769,0.9892372484791764,0.9341834635952283,0.6624472573839663,0.6515711881778123,0.7616254269606766
0.544,0.8722222222222222,0.5340136054421769,0.9892372484791764,0.9341834635952283,0.6624472573839663,0.6515711881778123,0.7616254269606766
0.545,0.8722222222222222,0.5340136054421769,0.9892372484791764,0.9341834635952283,0.6624472573839663,0.6515711881778123,0.7616254269606766
0.546,0.8722222222222222,0.5340136054421769,0.9892372484791764,0.9341834635952283,0.6624472573839663,0.6515711881778123,0.7616254269606766
0.547,0.8722222222222222,0.5340136054421769,0.9892372484791764,0.9341834635952283,0.6624472573839663,0.6515711881778123,0.7616254269606766
0.548,0.8715083798882681,0.5306122448979592,0.9892372484791764,0.9337721102426985,0.6596194503171248,0.6489972293874665,0.7599247466885678
0.549,0.8715083798882681,0.5306122448979592,0.9892372484791764,0.9337721102426985,0.6596194503171248,0.6489972293874665,0.7599247466885678
0.55,0.8715083798882681,0.5306122448979592,0.9892372484791764,0.9337721102426985,0.6596194503171248,0.6489972293874665,0.7599247466885678
0.551,0.8700564971751412,0.5238095238095238,0.9892372484791764,0.9329494035376388,0.6539278131634819,0.6438271650343377,0.7565233861443501
0.552,0.8700564971751412,0.5238095238095238,0.9892372484791764,0.9329494035376388,0.6539278131634819,0.6438271650343377,0.7565233861443501
0.553,0.8685714285714285,0.5170068027210885,0.9892372484791764,0.9321266968325792,0.6481876332622601,0.638627016808653,0.7531220256001324
0.554,0.8685714285714285,0.5170068027210885,0.9892372484791764,0.9321266968325792,0.6481876332622601,0.638627016808653,0.7531220256001324
0.555,0.8685714285714285,0.5170068027210885,0.9892372484791764,0.9321266968325792,0.6481876332622601,0.638627016808653,0.7531220256001324
0.556,0.8685714285714285,0.5170068027210885,0.9892372484791764,0.9321266968325792,0.6481876332622601,0.638627016808653,0.7531220256001324
0.557,0.8685714285714285,0.5170068027210885,0.9892372484791764,0.9321266968325792,0.6481876332622601,0.638627016808653,0.7531220256001324
0.558,0.867816091954023,0.5136054421768708,0.9892372484791764,0.9317153434800494,0.6452991452991453,0.636015447943238,0.7514213453280236
0.559,0.867816091954023,0.5136054421768708,0.9892372484791764,0.9317153434800494,0.6452991452991453,0.636015447943238,0.7514213453280236
0.56,0.8728323699421965,0.5136054421768708,0.989705194197473,0.9321266968325792,0.6466809421841542,0.6383031891407237,0.7516553181871719
0.561,0.8728323699421965,0.5136054421768708,0.989705194197473,0.9321266968325792,0.6466809421841542,0.6383031891407237,0.7516553181871719
0.562,0.8728323699421965,0.5136054421768708,0.989705194197473,0.9321266968325792,0.6466809421841542,0.6383031891407237,0.7516553181871719
0.5630000000000001,0.8728323699421965,0.5136054421768708,0.989705194197473,0.9321266968325792,0.6466809421841542,0.6383031891407237,0.7516553181871719
0.5640000000000001,0.8728323699421965,0.5136054421768708,0.989705194197473,0.9321266968325792,0.6466809421841542,0.6383031891407237,0.7516553181871719
0.5650000000000001,0.872093023255814,0.5102040816326531,0.989705194197473,0.9317153434800494,0.6437768240343348,0.6356891260405323,0.749954637915063
0.5660000000000001,0.872093023255814,0.5102040816326531,0.989705194197473,0.9317153434800494,0.6437768240343348,0.6356891260405323,0.749954637915063
0.5670000000000001,0.872093023255814,0.5102040816326531,0.989705194197473,0.9317153434800494,0.6437768240343348,0.6356891260405323,0.749954637915063
0.5680000000000001,0.872093023255814,0.5102040816326531,0.989705194197473,0.9317153434800494,0.6437768240343348,0.6356891260405323,0.749954637915063
0.5690000000000001,0.8771929824561403,0.5102040816326531,0.9901731399157697,0.9321266968325792,0.6451612903225806,0.6380007405075907,0.7501886107742114
0.5700000000000001,0.8764705882352941,0.5068027210884354,0.9901731399157697,0.9317153434800494,0.6422413793103449,0.6353842996750216,0.7484879305021026
0.5710000000000001,0.8764705882352941,0.5068027210884354,0.9901731399157697,0.9317153434800494,0.6422413793103449,0.6353842996750216,0.7484879305021026
0.5720000000000001,0.8764705882352941,0.5068027210884354,0.9901731399157697,0.9317153434800494,0.6422413793103449,0.6353842996750216,0.7484879305021026
0.5730000000000001,0.8764705882352941,0.5068027210884354,0.9901731399157697,0.9317153434800494,0.6422413793103449,0.6353842996750216,0.7484879305021026
0.5740000000000001,0.8816568047337278,0.5068027210884354,0.9906410856340665,0.9321266968325792,0.6436285097192225,0.6377203883064194,0.7487219033612509
0.5750000000000001,0.8869047619047619,0.5068027210884354,0.9911090313523632,0.932538050185109,0.645021645021645,0.6400757675852867,0.7489558762203993
0.5760000000000001,0.8862275449101796,0.5034013605442177,0.9911090313523632,0.9321266968325792,0.6420824295010846,0.6374628821497386,0.7472551959482905
0.577,0.891566265060241,0.5034013605442177,0.9915769770706598,0.932538050185109,0.6434782608695652,0.6398438085376655,0.7474891688074388
0.578,0.891566265060241,0.5034013605442177,0.9915769770706598,0.932538050185109,0.6434782608695652,0.6398438085376655,0.7474891688074388
0.579,0.891566265060241,0.5034013605442177,0.9915769770706598,0.932538050185109,0.6434782608695652,0.6398438085376655,0.7474891688074388
0.58,0.891566265060241,0.5034013605442177,0.9915769770706598,0.932538050185109,0.6434782608695652,0.6398438085376655,0.7474891688074388
0.581,0.891566265060241,0.5034013605442177,0.9915769770706598,0.932538050185109,0.6434782608695652,0.6398438085376655,0.7474891688074388
0.582,0.891566265060241,0.5034013605442177,0.9915769770706598,0.932538050185109,0.6434782608695652,0.6398438085376655,0.7474891688074388
0.583,0.891566265060241,0.5034013605442177,0.9915769770706598,0.932538050185109,0.6434782608695652,0.6398438085376655,0.7474891688074388
0.584,0.891566265060241,0.5034013605442177,0.9915769770706598,0.932538050185109,0.6434782608695652,0.6398438085376655,0.7474891688074388
0.585,0.891566265060241,0.5034013605442177,0.9915769770706598,0.932538050185109,0.6434782608695652,0.6398438085376655,0.7474891688074388
0.586,0.891566265060241,0.5034013605442177,0.9915769770706598,0.932538050185109,0.6434782608695652,0.6398438085376655,0.7474891688074388
0.587,0.891566265060241,0.5034013605442177,0.9915769770706598,0.932538050185109,0.6434782608695652,0.6398438085376655,0.7474891688074388
0.588,0.896969696969697,0.5034013605442177,0.9920449227889565,0.9329494035376388,0.644880174291939,0.6422447698412289,0.747723141666587
0.589,0.896969696969697,0.5034013605442177,0.9920449227889565,0.9329494035376388,0.644880174291939,0.6422447698412289,0.747723141666587
0.59,0.896969696969697,0.5034013605442177,0.9920449227889565,0.9329494035376388,0.644880174291939,0.6422447698412289,0.747723141666587
0.591,0.896969696969697,0.5034013605442177,0.9920449227889565,0.9329494035376388,0.644880174291939,0.6422447698412289,0.747723141666587
0.592,0.896969696969697,0.5034013605442177,0.9920449227889565,0.9329494035376388,0.644880174291939,0.6422447698412289,0.747723141666587
0.593,0.896969696969697,0.5034013605442177,0.9920449227889565,0.9329494035376388,0.644880174291939,0.6422447698412289,0.747723141666587
0.594,0.896969696969697,0.5034013605442177,0.9920449227889565,0.9329494035376388,0.644880174291939,0.6422447698412289,0.747723141666587
0.595,0.8963414634146342,0.5,0.9920449227889565,0.932538050185109,0.6419213973799127,0.6396361448230161,0.7460224613944783
0.596,0.8963414634146342,0.5,0.9920449227889565,0.932538050185109,0.6419213973799127,0.6396361448230161,0.7460224613944783
0.597,0.8963414634146342,0.5,0.9920449227889565,0.932538050185109,0.6419213973799127,0.6396361448230161,0.7460224613944783
0.598,0.8957055214723927,0.4965986394557823,0.9920449227889565,0.9321266968325792,0.6389496717724289,0.6370195785304426,0.7443217811223695
0.599,0.8957055214723927,0.4965986394557823,0.9920449227889565,0.9321266968325792,0.6389496717724289,0.6370195785304426,0.7443217811223695
0.6,0.8957055214723927,0.4965986394557823,0.9920449227889565,0.9321266968325792,0.6389496717724289,0.6370195785304426,0.7443217811223695
0.601,0.8957055214723927,0.4965986394557823,0.9920449227889565,0.9321266968325792,0.6389496717724289,0.6370195785304426,0.7443217811223695
0.602,0.8957055214723927,0.4965986394557823,0.9920449227889565,0.9321266968325792,0.6389496717724289,0.6370195785304426,0.7443217811223695
0.603,0.8957055214723927,0.4965986394557823,0.9920449227889565,0.9321266968325792,0.6389496717724289,0.6370195785304426,0.7443217811223695
0.604,0.9012345679012346,0.4965986394557823,0.9925128685072532,0.932538050185109,0.6403508771929824,0.6394536228571431,0.7445557539815177
0.605,0.9006211180124224,0.4931972789115646,0.9925128685072532,0.9321266968325792,0.6373626373626373,0.6368354583686285,0.7428550737094088
0.606,0.9006211180124224,0.4931972789115646,0.9925128685072532,0.9321266968325792,0.6373626373626373,0.6368354583686285,0.7428550737094088
0.607,0.90625,0.4931972789115646,0.9929808142255498,0.932538050185109,0.6387665198237885,0.6392971285559739,0.7430890465685572
0.608,0.9056603773584906,0.4897959183673469,0.9929808142255498,0.9321266968325792,0.6357615894039735,0.636677543156986,0.7413883662964484
0.609,0.9056603773584906,0.4897959183673469,0.9929808142255498,0.9321266968325792,0.6357615894039735,0.636677543156986,0.7413883662964484
0.61,0.9056603773584906,0.4897959183673469,0.9929808142255498,0.9321266968325792,0.6357615894039735,0.636677543156986,0.7413883662964484
0.611,0.9056603773584906,0.4897959183673469,0.9929808142255498,0.9321266968325792,0.6357615894039735,0.636677543156986,0.7413883662964484
0.612,0.9056603773584906,0.4897959183673469,0.9929808142255498,0.9321266968325792,0.6357615894039735,0.636677543156986,0.7413883662964484
0.613,0.9056603773584906,0.4897959183673469,0.9929808142255498,0.9321266968325792,0.6357615894039735,0.636677543156986,0.7413883662964484
0.614,0.9056603773584906,0.4897959183673469,0.9929808142255498,0.9321266968325792,0.6357615894039735,0.636677543156986,0.7413883662964484
0.615,0.9056603773584906,0.4897959183673469,0.9929808142255498,0.9321266968325792,0.6357615894039735,0.636677543156986,0.7413883662964484
0.616,0.9056603773584906,0.4897959183673469,0.9929808142255498,0.9321266968325792,0.6357615894039735,0.636677543156986,0.7413883662964484
0.617,0.9113924050632911,0.4897959183673469,0.9934487599438465,0.932538050185109,0.6371681415929203,0.6391675896587435,0.7416223391555967
0.618,0.910828025477707,0.48639455782312924,0.9934487599438465,0.9321266968325792,0.6341463414634146,0.6365467735195321,0.7399216588834878
0.619,0.910828025477707,0.48639455782312924,0.9934487599438465,0.9321266968325792,0.6341463414634146,0.6365467735195321,0.7399216588834878
0.62,0.910828025477707,0.48639455782312924,0.9934487599438465,0.9321266968325792,0.6341463414634146,0.6365467735195321,0.7399216588834878
0.621,0.910828025477707,0.48639455782312924,0.9934487599438465,0.9321266968325792,0.6341463414634146,0.6365467735195321,0.7399216588834878
0.622,0.910828025477707,0.48639455782312924,0.9934487599438465,0.9321266968325792,0.6341463414634146,0.6365467735195321,0.7399216588834878
0.623,0.910828025477707,0.48639455782312924,0.9934487599438465,0.9321266968325792,0.6341463414634146,0.6365467735195321,0.7399216588834878
0.624,0.9166666666666666,0.48639455782312924,0.9939167056621432,0.932538050185109,0.6355555555555555,0.639065978218121,0.7401556317426362
0.625,0.9166666666666666,0.48639455782312924,0.9939167056621432,0.932538050185109,0.6355555555555555,0.639065978218121,0.7401556317426362
0.626,0.9166666666666666,0.48639455782312924,0.9939167056621432,0.932538050185109,0.6355555555555555,0.639065978218121,0.7401556317426362
0.627,0.9225806451612903,0.48639455782312924,0.9943846513804399,0.9329494035376388,0.6369710467706013,0.6416077883596242,0.7403896046017846
0.628,0.9225806451612903,0.48639455782312924,0.9943846513804399,0.9329494035376388,0.6369710467706013,0.6416077883596242,0.7403896046017846
0.629,0.9225806451612903,0.48639455782312924,0.9943846513804399,0.9329494035376388,0.6369710467706013,0.6416077883596242,0.7403896046017846
0.63,0.9225806451612903,0.48639455782312924,0.9943846513804399,0.9329494035376388,0.6369710467706013,0.6416077883596242,0.7403896046017846
0.631,0.9225806451612903,0.48639455782312924,0.9943846513804399,0.9329494035376388,0.6369710467706013,0.6416077883596242,0.7403896046017846
0.632,0.9225806451612903,0.48639455782312924,0.9943846513804399,0.9329494035376388,0.6369710467706013,0.6416077883596242,0.7403896046017846
0.633,0.9225806451612903,0.48639455782312924,0.9943846513804399,0.9329494035376388,0.6369710467706013,0.6416077883596242,0.7403896046017846
0.634,0.9225806451612903,0.48639455782312924,0.9943846513804399,0.9329494035376388,0.6369710467706013,0.6416077883596242,0.7403896046017846
0.635,0.9225806451612903,0.48639455782312924,0.9943846513804399,0.9329494035376388,0.6369710467706013,0.6416077883596242,0.7403896046017846
0.636,0.9225806451612903,0.48639455782312924,0.9943846513804399,0.9329494035376388,0.6369710467706013,0.6416077883596242,0.7403896046017846
0.637,0.922077922077922,0.48299319727891155,0.9943846513804399,0.932538050185109,0.6339285714285714,0.6389933132715322,0.7386889243296757
0.638,0.922077922077922,0.48299319727891155,0.9943846513804399,0.932538050185109,0.6339285714285714,0.6389933132715322,0.7386889243296757
0.639,0.922077922077922,0.48299319727891155,0.9943846513804399,0.932538050185109,0.6339285714285714,0.6389933132715322,0.7386889243296757
0.64,0.922077922077922,0.48299319727891155,0.9943846513804399,0.932538050185109,0.6339285714285714,0.6389933132715322,0.7386889243296757
0.641,0.922077922077922,0.48299319727891155,0.9943846513804399,0.932538050185109,0.6339285714285714,0.6389933132715322,0.7386889243296757
0.642,0.9215686274509803,0.47959183673469385,0.9943846513804399,0.9321266968325792,0.6308724832214765,0.636370662316565,0.7369882440575668
0.643,0.9215686274509803,0.47959183673469385,0.9943846513804399,0.9321266968325792,0.6308724832214765,0.636370662316565,0.7369882440575668
0.644,0.9215686274509803,0.47959183673469385,0.9943846513804399,0.9321266968325792,0.6308724832214765,0.636370662316565,0.7369882440575668
0.645,0.9215686274509803,0.47959183673469385,0.9943846513804399,0.9321266968325792,0.6308724832214765,0.636370662316565,0.7369882440575668
0.646,0.9276315789473685,0.47959183673469385,0.9948525970987365,0.932538050185109,0.6322869955156951,0.6389506637093618,0.7372222169167152
0.647,0.9271523178807947,0.47619047619047616,0.9948525970987365,0.9321266968325792,0.6292134831460674,0.6363274392880198,0.7355215366446064
0.648,0.9271523178807947,0.47619047619047616,0.9948525970987365,0.9321266968325792,0.6292134831460674,0.6363274392880198,0.7355215366446064
0.649,0.9266666666666666,0.47278911564625853,0.9948525970987365,0.9317153434800494,0.6261261261261262,0.6336958990046394,0.7338208563724975
0.65,0.9266666666666666,0.47278911564625853,0.9948525970987365,0.9317153434800494,0.6261261261261262,0.6336958990046394,0.7338208563724975
0.651,0.9328859060402684,0.47278911564625853,0.9953205428170332,0.9321266968325792,0.6275395033860045,0.6363156050243324,0.7340548292316459
0.652,0.9328859060402684,0.47278911564625853,0.9953205428170332,0.9321266968325792,0.6275395033860045,0.6363156050243324,0.7340548292316459
0.653,0.9328859060402684,0.47278911564625853,0.9953205428170332,0.9321266968325792,0.6275395033860045,0.6363156050243324,0.7340548292316459
0.654,0.9328859060402684,0.47278911564625853,0.9953205428170332,0.9321266968325792,0.6275395033860045,0.6363156050243324,0.7340548292316459
0.655,0.9328859060402684,0.47278911564625853,0.9953205428170332,0.9321266968325792,0.6275395033860045,0.6363156050243324,0.7340548292316459
0.656,0.9328859060402684,0.47278911564625853,0.9953205428170332,0.9321266968325792,0.6275395033860045,0.6363156050243324,0.7340548292316459
0.657,0.9328859060402684,0.47278911564625853,0.9953205428170332,0.9321266968325792,0.6275395033860045,0.6363156050243324,0.7340548292316459
0.658,0.9328859060402684,0.47278911564625853,0.9953205428170332,0.9321266968325792,0.6275395033860045,0.6363156050243324,0.7340548292316459
0.659,0.9328859060402684,0.47278911564625853,0.9953205428170332,0.9321266968325792,0.6275395033860045,0.6363156050243324,0.7340548292316459
0.66,0.9324324324324325,0.46938775510204084,0.9953205428170332,0.9317153434800494,0.6244343891402715,0.6336837060661549,0.732354148959537
0.661,0.9324324324324325,0.46938775510204084,0.9953205428170332,0.9317153434800494,0.6244343891402715,0.6336837060661549,0.732354148959537
0.662,0.9324324324324325,0.46938775510204084,0.9953205428170332,0.9317153434800494,0.6244343891402715,0.6336837060661549,0.732354148959537
0.663,0.9324324324324325,0.46938775510204084,0.9953205428170332,0.9317153434800494,0.6244343891402715,0.6336837060661549,0.732354148959537
0.664,0.9387755102040817,0.46938775510204084,0.9957884885353299,0.9321266968325792,0.6258503401360545,0.6363363558264281,0.7325881218186854
0.665,0.9383561643835616,0.46598639455782315,0.9957884885353299,0.9317153434800494,0.6227272727272727,0.633704371770733,0.7308874415465765
0.666,0.9383561643835616,0.46598639455782315,0.9957884885353299,0.9317153434800494,0.6227272727272727,0.633704371770733,0.7308874415465765
0.667,0.9383561643835616,0.46598639455782315,0.9957884885353299,0.9317153434800494,0.6227272727272727,0.633704371770733,0.7308874415465765
0.668,0.9383561643835616,0.46598639455782315,0.9957884885353299,0.9317153434800494,0.6227272727272727,0.633704371770733,0.7308874415465765
0.669,0.9379310344827586,0.46258503401360546,0.9957884885353299,0.9313039901275195,0.6195899772209568,0.6310638973799205,0.7291867612744677
0.67,0.9379310344827586,0.46258503401360546,0.9957884885353299,0.9313039901275195,0.6195899772209568,0.6310638973799205,0.7291867612744677
0.671,0.9444444444444444,0.46258503401360546,0.9962564342536265,0.9317153434800494,0.6210045662100456,0.6337591735892882,0.729420734133616
0.672,0.9444444444444444,0.46258503401360546,0.9962564342536265,0.9317153434800494,0.6210045662100456,0.6337591735892882,0.729420734133616
0.673,0.9444444444444444,0.46258503401360546,0.9962564342536265,0.9317153434800494,0.6210045662100456,0.6337591735892882,0.729420734133616
0.674,0.9444444444444444,0.46258503401360546,0.9962564342536265,0.9317153434800494,0.6210045662100456,0.6337591735892882,0.729420734133616
0.675,0.9444444444444444,0.46258503401360546,0.9962564342536265,0.9317153434800494,0.6210045662100456,0.6337591735892882,0.729420734133616
0.676,0.9444444444444444,0.46258503401360546,0.9962564342536265,0.9317153434800494,0.6210045662100456,0.6337591735892882,0.729420734133616
0.677,0.9444444444444444,0.46258503401360546,0.9962564342536265,0.9317153434800494,0.6210045662100456,0.6337591735892882,0.729420734133616
0.678,0.9444444444444444,0.46258503401360546,0.9962564342536265,0.9317153434800494,0.6210045662100456,0.6337591735892882,0.729420734133616
0.679,0.9444444444444444,0.46258503401360546,0.9962564342536265,0.9317153434800494,0.6210045662100456,0.6337591735892882,0.729420734133616
0.68,0.9444444444444444,0.46258503401360546,0.9962564342536265,0.9317153434800494,0.6210045662100456,0.6337591735892882,0.729420734133616
0.681,0.9444444444444444,0.46258503401360546,0.9962564342536265,0.9317153434800494,0.6210045662100456,0.6337591735892882,0.729420734133616
0.682,0.9444444444444444,0.46258503401360546,0.9962564342536265,0.9317153434800494,0.6210045662100456,0.6337591735892882,0.729420734133616
0.683,0.9444444444444444,0.46258503401360546,0.9962564342536265,0.9317153434800494,0.6210045662100456,0.6337591735892882,0.729420734133616
0.684,0.9444444444444444,0.46258503401360546,0.9962564342536265,0.9317153434800494,0.6210045662100456,0.6337591735892882,0.729420734133616
0.685,0.9444444444444444,0.46258503401360546,0.9962564342536265,0.9317153434800494,0.6210045662100456,0.6337591735892882,0.729420734133616
0.686,0.9444444444444444,0.46258503401360546,0.9962564342536265,0.9317153434800494,0.6210045662100456,0.6337591735892882,0.729420734133616
0.687,0.9444444444444444,0.46258503401360546,0.9962564342536265,0.9317153434800494,0.6210045662100456,0.6337591735892882,0.729420734133616
0.6880000000000001,0.9444444444444444,0.46258503401360546,0.9962564342536265,0.9317153434800494,0.6210045662100456,0.6337591735892882,0.729420734133616
0.6890000000000001,0.9444444444444444,0.46258503401360546,0.9962564342536265,0.9317153434800494,0.6210045662100456,0.6337591735892882,0.729420734133616
0.6900000000000001,0.9444444444444444,0.46258503401360546,0.9962564342536265,0.9317153434800494,0.6210045662100456,0.6337591735892882,0.729420734133616
0.6910000000000001,0.9444444444444444,0.46258503401360546,0.9962564342536265,0.9317153434800494,0.6210045662100456,0.6337591735892882,0.729420734133616
0.6920000000000001,0.9444444444444444,0.46258503401360546,0.9962564342536265,0.9317153434800494,0.6210045662100456,0.6337591735892882,0.729420734133616
0.6930000000000001,0.9444444444444444,0.46258503401360546,0.9962564342536265,0.9317153434800494,0.6210045662100456,0.6337591735892882,0.729420734133616
0.6940000000000001,0.9436619718309859,0.4557823129251701,0.9962564342536265,0.9308926367749897,0.6146788990825688,0.628469954978224,0.7260193735893983
0.6950000000000001,0.9436619718309859,0.4557823129251701,0.9962564342536265,0.9308926367749897,0.6146788990825688,0.628469954978224,0.7260193735893983
0.6960000000000001,0.9436619718309859,0.4557823129251701,0.9962564342536265,0.9308926367749897,0.6146788990825688,0.628469954978224,0.7260193735893983
0.6970000000000001,0.9436619718309859,0.4557823129251701,0.9962564342536265,0.9308926367749897,0.6146788990825688,0.628469954978224,0.7260193735893983
0.6980000000000001,0.9432624113475178,0.4523809523809524,0.9962564342536265,0.93048128342246,0.6114942528735632,0.625812294547956,0.7243186933172895
0.6990000000000001,0.95,0.4523809523809524,0.9967243799719232,0.9308926367749897,0.6129032258064516,0.6285612089565265,0.7245526661764378
0.7000000000000001,0.95,0.4523809523809524,0.9967243799719232,0.9308926367749897,0.6129032258064516,0.6285612089565265,0.7245526661764378
0.7010000000000001,0.95,0.4523809523809524,0.9967243799719232,0.9308926367749897,0.6129032258064516,0.6285612089565265,0.7245526661764378
0.7020000000000001,0.95,0.4523809523809524,0.9967243799719232,0.9308926367749897,0.6129032258064516,0.6285612089565265,0.7245526661764378
0.7030000000000001,0.95,0.4523809523809524,0.9967243799719232,0.9308926367749897,0.6129032258064516,0.6285612089565265,0.7245526661764378
0.704,0.95,0.4523809523809524,0.9967243799719232,0.9308926367749897,0.6129032258064516,0.6285612089565265,0.7245526661764378
0.705,0.95,0.4523809523809524,0.9967243799719232,0.9308926367749897,0.6129032258064516,0.6285612089565265,0.7245526661764378
0.706,0.95,0.4523809523809524,0.9967243799719232,0.9308926367749897,0.6129032258064516,0.6285612089565265,0.7245526661764378
0.707,0.95,0.4523809523809524,0.9967243799719232,0.9308926367749897,0.6129032258064516,0.6285612089565265,0.7245526661764378
0.708,0.95,0.4523809523809524,0.9967243799719232,0.9308926367749897,0.6129032258064516,0.6285612089565265,0.7245526661764378
0.709,0.95,0.4523809523809524,0.9967243799719232,0.9308926367749897,0.6129032258064516,0.6285612089565265,0.7245526661764378
0.71,0.95,0.4523809523809524,0.9967243799719232,0.9308926367749897,0.6129032258064516,0.6285612089565265,0.7245526661764378
0.711,0.95,0.4523809523809524,0.9967243799719232,0.9308926367749897,0.6129032258064516,0.6285612089565265,0.7245526661764378
0.712,0.95,0.4523809523809524,0.9967243799719232,0.9308926367749897,0.6129032258064516,0.6285612089565265,0.7245526661764378
0.713,0.95,0.4523809523809524,0.9967243799719232,0.9308926367749897,0.6129032258064516,0.6285612089565265,0.7245526661764378
0.714,0.95,0.4523809523809524,0.9967243799719232,0.9308926367749897,0.6129032258064516,0.6285612089565265,0.7245526661764378
0.715,0.95,0.4523809523809524,0.9967243799719232,0.9308926367749897,0.6129032258064516,0.6285612089565265,0.7245526661764378
0.716,0.95,0.4523809523809524,0.9967243799719232,0.9308926367749897,0.6129032258064516,0.6285612089565265,0.7245526661764378
0.717,0.95,0.4523809523809524,0.9967243799719232,0.9308926367749897,0.6129032258064516,0.6285612089565265,0.7245526661764378
0.718,0.95,0.4523809523809524,0.9967243799719232,0.9308926367749897,0.6129032258064516,0.6285612089565265,0.7245526661764378
0.719,0.95,0.4523809523809524,0.9967243799719232,0.9308926367749897,0.6129032258064516,0.6285612089565265,0.7245526661764378
0.72,0.95,0.4523809523809524,0.9967243799719232,0.9308926367749897,0.6129032258064516,0.6285612089565265,0.7245526661764378
0.721,0.95,0.4523809523809524,0.9967243799719232,0.9308926367749897,0.6129032258064516,0.6285612089565265,0.7245526661764378
0.722,0.95,0.4523809523809524,0.9967243799719232,0.9308926367749897,0.6129032258064516,0.6285612089565265,0.7245526661764378
0.723,0.95,0.4523809523809524,0.9967243799719232,0.9308926367749897,0.6129032258064516,0.6285612089565265,0.7245526661764378
0.724,0.95,0.4523809523809524,0.9967243799719232,0.9308926367749897,0.6129032258064516,0.6285612089565265,0.7245526661764378
0.725,0.95,0.4523809523809524,0.9967243799719232,0.9308926367749897,0.6129032258064516,0.6285612089565265,0.7245526661764378
0.726,0.95,0.4523809523809524,0.9967243799719232,0.9308926367749897,0.6129032258064516,0.6285612089565265,0.7245526661764378
0.727,0.95,0.4523809523809524,0.9967243799719232,0.9308926367749897,0.6129032258064516,0.6285612089565265,0.7245526661764378
0.728,0.95,0.4523809523809524,0.9967243799719232,0.9308926367749897,0.6129032258064516,0.6285612089565265,0.7245526661764378
0.729,0.95,0.4523809523809524,0.9967243799719232,0.9308926367749897,0.6129032258064516,0.6285612089565265,0.7245526661764378
0.73,0.95,0.4523809523809524,0.9967243799719232,0.9308926367749897,0.6129032258064516,0.6285612089565265,0.7245526661764378
0.731,0.95,0.4523809523809524,0.9967243799719232,0.9308926367749897,0.6129032258064516,0.6285612089565265,0.7245526661764378
0.732,0.95,0.4523809523809524,0.9967243799719232,0.9308926367749897,0.6129032258064516,0.6285612089565265,0.7245526661764378
0.733,0.95,0.4523809523809524,0.9967243799719232,0.9308926367749897,0.6129032258064516,0.6285612089565265,0.7245526661764378
0.734,0.9496402877697842,0.4489795918367347,0.9967243799719232,0.93048128342246,0.6096997690531177,0.6259039952721471,0.722851985904329
0.735,0.9565217391304348,0.4489795918367347,0.99719232569022,0.9308926367749897,0.6111111111111112,0.628690050892934,0.7230859587634774
0.736,0.9565217391304348,0.4489795918367347,0.99719232569022,0.9308926367749897,0.6111111111111112,0.628690050892934,0.7230859587634774
0.737,0.9565217391304348,0.4489795918367347,0.99719232569022,0.9308926367749897,0.6111111111111112,0.628690050892934,0.7230859587634774
0.738,0.9565217391304348,0.4489795918367347,0.99719232569022,0.9308926367749897,0.6111111111111112,0.628690050892934,0.7230859587634774
0.739,0.9565217391304348,0.4489795918367347,0.99719232569022,0.9308926367749897,0.6111111111111112,0.628690050892934,0.7230859587634774
0.74,0.9565217391304348,0.4489795918367347,0.99719232569022,0.9308926367749897,0.6111111111111112,0.628690050892934,0.7230859587634774
0.741,0.9565217391304348,0.4489795918367347,0.99719232569022,0.9308926367749897,0.6111111111111112,0.628690050892934,0.7230859587634774
0.742,0.9565217391304348,0.4489795918367347,0.99719232569022,0.9308926367749897,0.6111111111111112,0.628690050892934,0.7230859587634774
0.743,0.9565217391304348,0.4489795918367347,0.99719232569022,0.9308926367749897,0.6111111111111112,0.628690050892934,0.7230859587634774
0.744,0.9565217391304348,0.4489795918367347,0.99719232569022,0.9308926367749897,0.6111111111111112,0.628690050892934,0.7230859587634774
0.745,0.9565217391304348,0.4489795918367347,0.99719232569022,0.9308926367749897,0.6111111111111112,0.628690050892934,0.7230859587634774
0.746,0.9565217391304348,0.4489795918367347,0.99719232569022,0.9308926367749897,0.6111111111111112,0.628690050892934,0.7230859587634774
0.747,0.9635036496350365,0.4489795918367347,0.9976602714085167,0.9313039901275195,0.6125290023201856,0.631504453730129,0.7233199316226256
0.748,0.9635036496350365,0.4489795918367347,0.9976602714085167,0.9313039901275195,0.6125290023201856,0.631504453730129,0.7233199316226256
0.749,0.9635036496350365,0.4489795918367347,0.9976602714085167,0.9313039901275195,0.6125290023201856,0.631504453730129,0.7233199316226256
0.75,0.9635036496350365,0.4489795918367347,0.9976602714085167,0.9313039901275195,0.6125290023201856,0.631504453730129,0.7233199316226256
0.751,0.9635036496350365,0.4489795918367347,0.9976602714085167,0.9313039901275195,0.6125290023201856,0.631504453730129,0.7233199316226256
0.752,0.9635036496350365,0.4489795918367347,0.9976602714085167,0.9313039901275195,0.6125290023201856,0.631504453730129,0.7233199316226256
0.753,0.9635036496350365,0.4489795918367347,0.9976602714085167,0.9313039901275195,0.6125290023201856,0.631504453730129,0.7233199316226256
0.754,0.9635036496350365,0.4489795918367347,0.9976602714085167,0.9313039901275195,0.6125290023201856,0.631504453730129,0.7233199316226256
0.755,0.9632352941176471,0.445578231292517,0.9976602714085167,0.9308926367749897,0.6093023255813953,0.628858023363173,0.7216192513505169
0.756,0.9632352941176471,0.445578231292517,0.9976602714085167,0.9308926367749897,0.6093023255813953,0.628858023363173,0.7216192513505169
0.757,0.9632352941176471,0.445578231292517,0.9976602714085167,0.9308926367749897,0.6093023255813953,0.628858023363173,0.7216192513505169
0.758,0.9632352941176471,0.445578231292517,0.9976602714085167,0.9308926367749897,0.6093023255813953,0.628858023363173,0.7216192513505169
0.759,0.9632352941176471,0.445578231292517,0.9976602714085167,0.9308926367749897,0.6093023255813953,0.628858023363173,0.7216192513505169
0.76,0.9632352941176471,0.445578231292517,0.9976602714085167,0.9308926367749897,0.6093023255813953,0.628858023363173,0.7216192513505169
0.761,0.9632352941176471,0.445578231292517,0.9976602714085167,0.9308926367749897,0.6093023255813953,0.628858023363173,0.7216192513505169
0.762,0.9632352941176471,0.445578231292517,0.9976602714085167,0.9308926367749897,0.6093023255813953,0.628858023363173,0.7216192513505169
0.763,0.9632352941176471,0.445578231292517,0.9976602714085167,0.9308926367749897,0.6093023255813953,0.628858023363173,0.7216192513505169
0.764,0.9632352941176471,0.445578231292517,0.9976602714085167,0.9308926367749897,0.6093023255813953,0.628858023363173,0.7216192513505169
0.765,0.9632352941176471,0.445578231292517,0.9976602714085167,0.9308926367749897,0.6093023255813953,0.628858023363173,0.7216192513505169
0.766,0.9632352941176471,0.445578231292517,0.9976602714085167,0.9308926367749897,0.6093023255813953,0.628858023363173,0.7216192513505169
0.767,0.9632352941176471,0.445578231292517,0.9976602714085167,0.9308926367749897,0.6093023255813953,0.628858023363173,0.7216192513505169
0.768,0.9632352941176471,0.445578231292517,0.9976602714085167,0.9308926367749897,0.6093023255813953,0.628858023363173,0.7216192513505169
0.769,0.9632352941176471,0.445578231292517,0.9976602714085167,0.9308926367749897,0.6093023255813953,0.628858023363173,0.7216192513505169
0.77,0.9632352941176471,0.445578231292517,0.9976602714085167,0.9308926367749897,0.6093023255813953,0.628858023363173,0.7216192513505169
0.771,0.9632352941176471,0.445578231292517,0.9976602714085167,0.9308926367749897,0.6093023255813953,0.628858023363173,0.7216192513505169
0.772,0.9703703703703703,0.445578231292517,0.9981282171268133,0.9313039901275195,0.6107226107226107,0.6317115836215244,0.7218532242096651
0.773,0.9703703703703703,0.445578231292517,0.9981282171268133,0.9313039901275195,0.6107226107226107,0.6317115836215244,0.7218532242096651
0.774,0.9703703703703703,0.445578231292517,0.9981282171268133,0.9313039901275195,0.6107226107226107,0.6317115836215244,0.7218532242096651
0.775,0.9701492537313433,0.4421768707482993,0.9981282171268133,0.9308926367749897,0.6074766355140186,0.6290667539511163,0.7201525439375563
0.776,0.9701492537313433,0.4421768707482993,0.9981282171268133,0.9308926367749897,0.6074766355140186,0.6290667539511163,0.7201525439375563
0.777,0.9699248120300752,0.4387755102040816,0.9981282171268133,0.93048128342246,0.6042154566744731,0.6264131173114256,0.7184518636654474
0.778,0.9699248120300752,0.4387755102040816,0.9981282171268133,0.93048128342246,0.6042154566744731,0.6264131173114256,0.7184518636654474
0.779,0.9699248120300752,0.4387755102040816,0.9981282171268133,0.93048128342246,0.6042154566744731,0.6264131173114256,0.7184518636654474
0.78,0.9699248120300752,0.4387755102040816,0.9981282171268133,0.93048128342246,0.6042154566744731,0.6264131173114256,0.7184518636654474
0.781,0.9699248120300752,0.4387755102040816,0.9981282171268133,0.93048128342246,0.6042154566744731,0.6264131173114256,0.7184518636654474
0.782,0.9699248120300752,0.4387755102040816,0.9981282171268133,0.93048128342246,0.6042154566744731,0.6264131173114256,0.7184518636654474
0.783,0.9699248120300752,0.4387755102040816,0.9981282171268133,0.93048128342246,0.6042154566744731,0.6264131173114256,0.7184518636654474
0.784,0.9699248120300752,0.4387755102040816,0.9981282171268133,0.93048128342246,0.6042154566744731,0.6264131173114256,0.7184518636654474
0.785,0.9696969696969697,0.43537414965986393,0.9981282171268133,0.9300699300699301,0.6009389671361502,0.6237505591981266,0.7167511833933387
0.786,0.9696969696969697,0.43537414965986393,0.9981282171268133,0.9300699300699301,0.6009389671361502,0.6237505591981266,0.7167511833933387
0.787,0.9696969696969697,0.43537414965986393,0.9981282171268133,0.9300699300699301,0.6009389671361502,0.6237505591981266,0.7167511833933387
0.788,0.9696969696969697,0.43537414965986393,0.9981282171268133,0.9300699300699301,0.6009389671361502,0.6237505591981266,0.7167511833933387
0.789,0.9696969696969697,0.43537414965986393,0.9981282171268133,0.9300699300699301,0.6009389671361502,0.6237505591981266,0.7167511833933387
0.79,0.9696969696969697,0.43537414965986393,0.9981282171268133,0.9300699300699301,0.6009389671361502,0.6237505591981266,0.7167511833933387
0.791,0.9696969696969697,0.43537414965986393,0.9981282171268133,0.9300699300699301,0.6009389671361502,0.6237505591981266,0.7167511833933387
0.792,0.9696969696969697,0.43537414965986393,0.9981282171268133,0.9300699300699301,0.6009389671361502,0.6237505591981266,0.7167511833933387
0.793,0.9696969696969697,0.43537414965986393,0.9981282171268133,0.9300699300699301,0.6009389671361502,0.6237505591981266,0.7167511833933387
0.794,0.9696969696969697,0.43537414965986393,0.9981282171268133,0.9300699300699301,0.6009389671361502,0.6237505591981266,0.7167511833933387
0.795,0.9696969696969697,0.43537414965986393,0.9981282171268133,0.9300699300699301,0.6009389671361502,0.6237505591981266,0.7167511833933387
0.796,0.9696969696969697,0.43537414965986393,0.9981282171268133,0.9300699300699301,0.6009389671361502,0.6237505591981266,0.7167511833933387
0.797,0.9696969696969697,0.43537414965986393,0.9981282171268133,0.9300699300699301,0.6009389671361502,0.6237505591981266,0.7167511833933387
0.798,0.9696969696969697,0.43537414965986393,0.9981282171268133,0.9300699300699301,0.6009389671361502,0.6237505591981266,0.7167511833933387
0.799,0.9696969696969697,0.43537414965986393,0.9981282171268133,0.9300699300699301,0.6009389671361502,0.6237505591981266,0.7167511833933387
0.8,0.9696969696969697,0.43537414965986393,0.9981282171268133,0.9300699300699301,0.6009389671361502,0.6237505591981266,0.7167511833933387
0.801,0.9696969696969697,0.43537414965986393,0.9981282171268133,0.9300699300699301,0.6009389671361502,0.6237505591981266,0.7167511833933387
0.802,0.9696969696969697,0.43537414965986393,0.9981282171268133,0.9300699300699301,0.6009389671361502,0.6237505591981266,0.7167511833933387
0.803,0.9696969696969697,0.43537414965986393,0.9981282171268133,0.9300699300699301,0.6009389671361502,0.6237505591981266,0.7167511833933387
0.804,0.9696969696969697,0.43537414965986393,0.9981282171268133,0.9300699300699301,0.6009389671361502,0.6237505591981266,0.7167511833933387
0.805,0.9696969696969697,0.43537414965986393,0.9981282171268133,0.9300699300699301,0.6009389671361502,0.6237505591981266,0.7167511833933387
0.806,0.9696969696969697,0.43537414965986393,0.9981282171268133,0.9300699300699301,0.6009389671361502,0.6237505591981266,0.7167511833933387
0.807,0.9770992366412213,0.43537414965986393,0.99859616284511,0.93048128342246,0.6023529411764705,0.6266663589785055,0.7169851562524869
0.808,0.9770992366412213,0.43537414965986393,0.99859616284511,0.93048128342246,0.6023529411764705,0.6266663589785055,0.7169851562524869
0.809,0.9770992366412213,0.43537414965986393,0.99859616284511,0.93048128342246,0.6023529411764705,0.6266663589785055,0.7169851562524869
0.81,0.9770992366412213,0.43537414965986393,0.99859616284511,0.93048128342246,0.6023529411764705,0.6266663589785055,0.7169851562524869
0.811,0.9770992366412213,0.43537414965986393,0.99859616284511,0.93048128342246,0.6023529411764705,0.6266663589785055,0.7169851562524869
0.812,0.9769230769230769,0.43197278911564624,0.99859616284511,0.9300699300699301,0.5990566037735849,0.6240058349967668,0.7152844759803781
0.8130000000000001,0.9769230769230769,0.43197278911564624,0.99859616284511,0.9300699300699301,0.5990566037735849,0.6240058349967668,0.7152844759803781
0.8140000000000001,0.9767441860465116,0.42857142857142855,0.99859616284511,0.9296585767174003,0.5957446808510638,0.6213362721904054,0.7135837957082692
0.8150000000000001,0.9767441860465116,0.42857142857142855,0.99859616284511,0.9296585767174003,0.5957446808510638,0.6213362721904054,0.7135837957082692
0.8160000000000001,0.9767441860465116,0.42857142857142855,0.99859616284511,0.9296585767174003,0.5957446808510638,0.6213362721904054,0.7135837957082692
0.8170000000000001,0.9767441860465116,0.42857142857142855,0.99859616284511,0.9296585767174003,0.5957446808510638,0.6213362721904054,0.7135837957082692
0.8180000000000001,0.9767441860465116,0.42857142857142855,0.99859616284511,0.9296585767174003,0.5957446808510638,0.6213362721904054,0.7135837957082692
0.8190000000000001,0.9767441860465116,0.42857142857142855,0.99859616284511,0.9296585767174003,0.5957446808510638,0.6213362721904054,0.7135837957082692
0.8200000000000001,0.9767441860465116,0.42857142857142855,0.99859616284511,0.9296585767174003,0.5957446808510638,0.6213362721904054,0.7135837957082692
0.8210000000000001,0.9767441860465116,0.42857142857142855,0.99859616284511,0.9296585767174003,0.5957446808510638,0.6213362721904054,0.7135837957082692
0.8220000000000001,0.9765625,0.42517006802721086,0.99859616284511,0.9292472233648704,0.5924170616113744,0.61865755110451,0.7118831154361605
0.8230000000000001,0.9765625,0.42517006802721086,0.99859616284511,0.9292472233648704,0.5924170616113744,0.61865755110451,0.7118831154361605
0.8240000000000001,0.9765625,0.42517006802721086,0.99859616284511,0.9292472233648704,0.5924170616113744,0.61865755110451,0.7118831154361605
0.8250000000000001,0.9765625,0.42517006802721086,0.99859616284511,0.9292472233648704,0.5924170616113744,0.61865755110451,0.7118831154361605
0.8260000000000001,0.9765625,0.42517006802721086,0.99859616284511,0.9292472233648704,0.5924170616113744,0.61865755110451,0.7118831154361605
0.8270000000000001,0.9765625,0.42517006802721086,0.99859616284511,0.9292472233648704,0.5924170616113744,0.61865755110451,0.7118831154361605
0.8280000000000001,0.9763779527559056,0.4217687074829932,0.99859616284511,0.9288358700123406,0.5890736342042755,0.6159695498255702,0.7101824351640516
0.8290000000000001,0.9763779527559056,0.4217687074829932,0.99859616284511,0.9288358700123406,0.5890736342042755,0.6159695498255702,0.7101824351640516
0.8300000000000001,0.9763779527559056,0.4217687074829932,0.99859616284511,0.9288358700123406,0.5890736342042755,0.6159695498255702,0.7101824351640516
0.8310000000000001,0.9763779527559056,0.4217687074829932,0.99859616284511,0.9288358700123406,0.5890736342042755,0.6159695498255702,0.7101824351640516
0.8320000000000001,0.9763779527559056,0.4217687074829932,0.99859616284511,0.9288358700123406,0.5890736342042755,0.6159695498255702,0.7101824351640516
0.833,0.9761904761904762,0.41836734693877553,0.99859616284511,0.9284245166598107,0.5857142857142857,0.6132721439101987,0.7084817548919428
0.834,0.9761904761904762,0.41836734693877553,0.99859616284511,0.9284245166598107,0.5857142857142857,0.6132721439101987,0.7084817548919428
0.835,0.9761904761904762,0.41836734693877553,0.99859616284511,0.9284245166598107,0.5857142857142857,0.6132721439101987,0.7084817548919428
0.836,0.976,0.41496598639455784,0.99859616284511,0.928013163307281,0.5823389021479713,0.6105652063111844,0.706781074619834
0.837,0.976,0.41496598639455784,0.99859616284511,0.928013163307281,0.5823389021479713,0.6105652063111844,0.706781074619834
0.838,0.976,0.41496598639455784,0.99859616284511,0.928013163307281,0.5823389021479713,0.6105652063111844,0.706781074619834
0.839,0.976,0.41496598639455784,0.99859616284511,0.928013163307281,0.5823389021479713,0.6105652063111844,0.706781074619834
0.84,0.9838709677419355,0.41496598639455784,0.9990641085634067,0.9284245166598107,0.583732057416268,0.6135828278496503,0.7070150474789823
0.841,0.9838709677419355,0.41496598639455784,0.9990641085634067,0.9284245166598107,0.583732057416268,0.6135828278496503,0.7070150474789823
0.842,0.9838709677419355,0.41496598639455784,0.9990641085634067,0.9284245166598107,0.583732057416268,0.6135828278496503,0.7070150474789823
0.843,0.9838709677419355,0.41496598639455784,0.9990641085634067,0.9284245166598107,0.583732057416268,0.6135828278496503,0.7070150474789823
0.844,0.9838709677419355,0.41496598639455784,0.9990641085634067,0.9284245166598107,0.583732057416268,0.6135828278496503,0.7070150474789823
0.845,0.9838709677419355,0.41496598639455784,0.9990641085634067,0.9284245166598107,0.583732057416268,0.6135828278496503,0.7070150474789823
0.846,0.9838709677419355,0.41496598639455784,0.9990641085634067,0.9284245166598107,0.583732057416268,0.6135828278496503,0.7070150474789823
0.847,0.9838709677419355,0.41496598639455784,0.9990641085634067,0.9284245166598107,0.583732057416268,0.6135828278496503,0.7070150474789823
0.848,0.9838709677419355,0.41496598639455784,0.9990641085634067,0.9284245166598107,0.583732057416268,0.6135828278496503,0.7070150474789823
0.849,0.9838709677419355,0.41496598639455784,0.9990641085634067,0.9284245166598107,0.583732057416268,0.6135828278496503,0.7070150474789823
0.85,0.9838709677419355,0.41496598639455784,0.9990641085634067,0.9284245166598107,0.583732057416268,0.6135828278496503,0.7070150474789823
0.851,0.9838709677419355,0.41496598639455784,0.9990641085634067,0.9284245166598107,0.583732057416268,0.6135828278496503,0.7070150474789823
0.852,0.9838709677419355,0.41496598639455784,0.9990641085634067,0.9284245166598107,0.583732057416268,0.6135828278496503,0.7070150474789823
0.853,0.9838709677419355,0.41496598639455784,0.9990641085634067,0.9284245166598107,0.583732057416268,0.6135828278496503,0.7070150474789823
0.854,0.9838709677419355,0.41496598639455784,0.9990641085634067,0.9284245166598107,0.583732057416268,0.6135828278496503,0.7070150474789823
0.855,0.9838709677419355,0.41496598639455784,0.9990641085634067,0.9284245166598107,0.583732057416268,0.6135828278496503,0.7070150474789823
0.856,0.9838709677419355,0.41496598639455784,0.9990641085634067,0.9284245166598107,0.583732057416268,0.6135828278496503,0.7070150474789823
0.857,0.983739837398374,0.41156462585034015,0.9990641085634067,0.928013163307281,0.580335731414868,0.6108784501698088,0.7053143672068733
0.858,0.983739837398374,0.41156462585034015,0.9990641085634067,0.928013163307281,0.580335731414868,0.6108784501698088,0.7053143672068733
0.859,0.983739837398374,0.41156462585034015,0.9990641085634067,0.928013163307281,0.580335731414868,0.6108784501698088,0.7053143672068733
0.86,0.983739837398374,0.41156462585034015,0.9990641085634067,0.928013163307281,0.580335731414868,0.6108784501698088,0.7053143672068733
0.861,0.983739837398374,0.41156462585034015,0.9990641085634067,0.928013163307281,0.580335731414868,0.6108784501698088,0.7053143672068733
0.862,0.983739837398374,0.41156462585034015,0.9990641085634067,0.928013163307281,0.580335731414868,0.6108784501698088,0.7053143672068733
0.863,0.983739837398374,0.41156462585034015,0.9990641085634067,0.928013163307281,0.580335731414868,0.6108784501698088,0.7053143672068733
0.864,0.983739837398374,0.41156462585034015,0.9990641085634067,0.928013163307281,0.580335731414868,0.6108784501698088,0.7053143672068733
0.865,0.983739837398374,0.41156462585034015,0.9990641085634067,0.928013163307281,0.580335731414868,0.6108784501698088,0.7053143672068733
0.866,0.983739837398374,0.41156462585034015,0.9990641085634067,0.928013163307281,0.580335731414868,0.6108784501698088,0.7053143672068733
0.867,0.983739837398374,0.41156462585034015,0.9990641085634067,0.928013163307281,0.580335731414868,0.6108784501698088,0.7053143672068733
0.868,0.983739837398374,0.41156462585034015,0.9990641085634067,0.928013163307281,0.580335731414868,0.6108784501698088,0.7053143672068733
0.869,0.983739837398374,0.41156462585034015,0.9990641085634067,0.928013163307281,0.580335731414868,0.6108784501698088,0.7053143672068733
0.87,0.983739837398374,0.41156462585034015,0.9990641085634067,0.928013163307281,0.580335731414868,0.6108784501698088,0.7053143672068733
0.871,0.983739837398374,0.41156462585034015,0.9990641085634067,0.928013163307281,0.580335731414868,0.6108784501698088,0.7053143672068733
0.872,0.983739837398374,0.41156462585034015,0.9990641085634067,0.928013163307281,0.580335731414868,0.6108784501698088,0.7053143672068733
0.873,0.9836065573770492,0.40816326530612246,0.9990641085634067,0.9276018099547512,0.5769230769230769,0.6081644193027801,0.7036136869347646
0.874,0.9836065573770492,0.40816326530612246,0.9990641085634067,0.9276018099547512,0.5769230769230769,0.6081644193027801,0.7036136869347646
0.875,0.9836065573770492,0.40816326530612246,0.9990641085634067,0.9276018099547512,0.5769230769230769,0.6081644193027801,0.7036136869347646
0.876,0.9836065573770492,0.40816326530612246,0.9990641085634067,0.9276018099547512,0.5769230769230769,0.6081644193027801,0.7036136869347646
0.877,0.9836065573770492,0.40816326530612246,0.9990641085634067,0.9276018099547512,0.5769230769230769,0.6081644193027801,0.7036136869347646
0.878,0.9836065573770492,0.40816326530612246,0.9990641085634067,0.9276018099547512,0.5769230769230769,0.6081644193027801,0.7036136869347646
0.879,0.9917355371900827,0.40816326530612246,0.9995320542817033,0.928013163307281,0.5783132530120482,0.6112417027673849,0.703847659793913
0.88,0.9891304347826086,0.30952380952380953,0.9995320542817033,0.916083916083916,0.47150259067357514,0.5280850704920723,0.6545279319027564
0.881,0.9891304347826086,0.30952380952380953,0.9995320542817033,0.916083916083916,0.47150259067357514,0.5280850704920723,0.6545279319027564
0.882,0.9891304347826086,0.30952380952380953,0.9995320542817033,0.916083916083916,0.47150259067357514,0.5280850704920723,0.6545279319027564
0.883,0.9891304347826086,0.30952380952380953,0.9995320542817033,0.916083916083916,0.47150259067357514,0.5280850704920723,0.6545279319027564
0.884,0.9891304347826086,0.30952380952380953,0.9995320542817033,0.916083916083916,0.47150259067357514,0.5280850704920723,0.6545279319027564
0.885,0.9891304347826086,0.30952380952380953,0.9995320542817033,0.916083916083916,0.47150259067357514,0.5280850704920723,0.6545279319027564
0.886,0.9891304347826086,0.30952380952380953,0.9995320542817033,0.916083916083916,0.47150259067357514,0.5280850704920723,0.6545279319027564
0.887,0.9891304347826086,0.30952380952380953,0.9995320542817033,0.916083916083916,0.47150259067357514,0.5280850704920723,0.6545279319027564
0.888,0.9891304347826086,0.30952380952380953,0.9995320542817033,0.916083916083916,0.47150259067357514,0.5280850704920723,0.6545279319027564
0.889,0.9891304347826086,0.30952380952380953,0.9995320542817033,0.916083916083916,0.47150259067357514,0.5280850704920723,0.6545279319027564
0.89,0.9891304347826086,0.30952380952380953,0.9995320542817033,0.916083916083916,0.47150259067357514,0.5280850704920723,0.6545279319027564
0.891,0.9891304347826086,0.30952380952380953,0.9995320542817033,0.916083916083916,0.47150259067357514,0.5280850704920723,0.6545279319027564
0.892,0.9891304347826086,0.30952380952380953,0.9995320542817033,0.916083916083916,0.47150259067357514,0.5280850704920723,0.6545279319027564
0.893,0.9891304347826086,0.30952380952380953,0.9995320542817033,0.916083916083916,0.47150259067357514,0.5280850704920723,0.6545279319027564
0.894,0.9891304347826086,0.30952380952380953,0.9995320542817033,0.916083916083916,0.47150259067357514,0.5280850704920723,0.6545279319027564
0.895,0.9891304347826086,0.30952380952380953,0.9995320542817033,0.916083916083916,0.47150259067357514,0.5280850704920723,0.6545279319027564
0.896,0.9891304347826086,0.30952380952380953,0.9995320542817033,0.916083916083916,0.47150259067357514,0.5280850704920723,0.6545279319027564
0.897,0.9891304347826086,0.30952380952380953,0.9995320542817033,0.916083916083916,0.47150259067357514,0.5280850704920723,0.6545279319027564
0.898,0.9891304347826086,0.30952380952380953,0.9995320542817033,0.916083916083916,0.47150259067357514,0.5280850704920723,0.6545279319027564
0.899,0.9891304347826086,0.30952380952380953,0.9995320542817033,0.916083916083916,0.47150259067357514,0.5280850704920723,0.6545279319027564
0.9,0.9891304347826086,0.30952380952380953,0.9995320542817033,0.916083916083916,0.47150259067357514,0.5280850704920723,0.6545279319027564
0.901,0.9891304347826086,0.30952380952380953,0.9995320542817033,0.916083916083916,0.47150259067357514,0.5280850704920723,0.6545279319027564
0.902,0.9891304347826086,0.30952380952380953,0.9995320542817033,0.916083916083916,0.47150259067357514,0.5280850704920723,0.6545279319027564
0.903,1.0,0.30952380952380953,1.0,0.9164952694364459,0.4727272727272727,0.5316690301982594,0.6547619047619048
0.904,1.0,0.30952380952380953,1.0,0.9164952694364459,0.4727272727272727,0.5316690301982594,0.6547619047619048
0.905,1.0,0.30952380952380953,1.0,0.9164952694364459,0.4727272727272727,0.5316690301982594,0.6547619047619048
0.906,1.0,0.30952380952380953,1.0,0.9164952694364459,0.4727272727272727,0.5316690301982594,0.6547619047619048
0.907,1.0,0.30952380952380953,1.0,0.9164952694364459,0.4727272727272727,0.5316690301982594,0.6547619047619048
0.908,1.0,0.30612244897959184,1.0,0.916083916083916,0.46875,0.5286267595837834,0.653061224489796
0.909,1.0,0.30612244897959184,1.0,0.916083916083916,0.46875,0.5286267595837834,0.653061224489796
0.91,1.0,0.30612244897959184,1.0,0.916083916083916,0.46875,0.5286267595837834,0.653061224489796
0.911,1.0,0.30612244897959184,1.0,0.916083916083916,0.46875,0.5286267595837834,0.653061224489796
0.912,1.0,0.30612244897959184,1.0,0.916083916083916,0.46875,0.5286267595837834,0.653061224489796
0.913,1.0,0.30612244897959184,1.0,0.916083916083916,0.46875,0.5286267595837834,0.653061224489796
0.914,1.0,0.30612244897959184,1.0,0.916083916083916,0.46875,0.5286267595837834,0.653061224489796
0.915,1.0,0.30612244897959184,1.0,0.916083916083916,0.46875,0.5286267595837834,0.653061224489796
0.916,1.0,0.30612244897959184,1.0,0.916083916083916,0.46875,0.5286267595837834,0.653061224489796
0.917,1.0,0.30612244897959184,1.0,0.916083916083916,0.46875,0.5286267595837834,0.653061224489796
0.918,1.0,0.30612244897959184,1.0,0.916083916083916,0.46875,0.5286267595837834,0.653061224489796
0.919,1.0,0.30612244897959184,1.0,0.916083916083916,0.46875,0.5286267595837834,0.653061224489796
0.92,1.0,0.30612244897959184,1.0,0.916083916083916,0.46875,0.5286267595837834,0.653061224489796
0.921,1.0,0.29931972789115646,1.0,0.9152612093788565,0.4607329842931937,0.5224969836781799,0.6496598639455782
0.922,1.0,0.29931972789115646,1.0,0.9152612093788565,0.4607329842931937,0.5224969836781799,0.6496598639455782
0.923,1.0,0.29931972789115646,1.0,0.9152612093788565,0.4607329842931937,0.5224969836781799,0.6496598639455782
0.924,1.0,0.29931972789115646,1.0,0.9152612093788565,0.4607329842931937,0.5224969836781799,0.6496598639455782
0.925,1.0,0.29931972789115646,1.0,0.9152612093788565,0.4607329842931937,0.5224969836781799,0.6496598639455782
0.926,1.0,0.29591836734693877,1.0,0.9148498560263266,0.4566929133858268,0.5194089377679979,0.6479591836734694
0.927,1.0,0.29591836734693877,1.0,0.9148498560263266,0.4566929133858268,0.5194089377679979,0.6479591836734694
0.928,1.0,0.29591836734693877,1.0,0.9148498560263266,0.4566929133858268,0.5194089377679979,0.6479591836734694
0.929,1.0,0.29591836734693877,1.0,0.9148498560263266,0.4566929133858268,0.5194089377679979,0.6479591836734694
0.93,1.0,0.29591836734693877,1.0,0.9148498560263266,0.4566929133858268,0.5194089377679979,0.6479591836734694
0.931,1.0,0.29591836734693877,1.0,0.9148498560263266,0.4566929133858268,0.5194089377679979,0.6479591836734694
0.932,1.0,0.29591836734693877,1.0,0.9148498560263266,0.4566929133858268,0.5194089377679979,0.6479591836734694
0.933,1.0,0.29591836734693877,1.0,0.9148498560263266,0.4566929133858268,0.5194089377679979,0.6479591836734694
0.934,1.0,0.29591836734693877,1.0,0.9148498560263266,0.4566929133858268,0.5194089377679979,0.6479591836734694
0.935,1.0,0.29591836734693877,1.0,0.9148498560263266,0.4566929133858268,0.5194089377679979,0.6479591836734694
0.936,1.0,0.29591836734693877,1.0,0.9148498560263266,0.4566929133858268,0.5194089377679979,0.6479591836734694
0.937,1.0,0.29591836734693877,1.0,0.9148498560263266,0.4566929133858268,0.5194089377679979,0.6479591836734694
0.9380000000000001,1.0,0.29591836734693877,1.0,0.9148498560263266,0.4566929133858268,0.5194089377679979,0.6479591836734694
0.9390000000000001,1.0,0.2925170068027211,1.0,0.9144385026737968,0.45263157894736844,0.51630507978366,0.6462585034013606
0.9400000000000001,1.0,0.2925170068027211,1.0,0.9144385026737968,0.45263157894736844,0.51630507978366,0.6462585034013606
0.9410000000000001,1.0,0.2925170068027211,1.0,0.9144385026737968,0.45263157894736844,0.51630507978366,0.6462585034013606
0.9420000000000001,1.0,0.2925170068027211,1.0,0.9144385026737968,0.45263157894736844,0.51630507978366,0.6462585034013606
0.9430000000000001,1.0,0.2925170068027211,1.0,0.9144385026737968,0.45263157894736844,0.51630507978366,0.6462585034013606
0.9440000000000001,1.0,0.2925170068027211,1.0,0.9144385026737968,0.45263157894736844,0.51630507978366,0.6462585034013606
0.9450000000000001,1.0,0.2925170068027211,1.0,0.9144385026737968,0.45263157894736844,0.51630507978366,0.6462585034013606
0.9460000000000001,1.0,0.2925170068027211,1.0,0.9144385026737968,0.45263157894736844,0.51630507978366,0.6462585034013606
0.9470000000000001,1.0,0.2925170068027211,1.0,0.9144385026737968,0.45263157894736844,0.51630507978366,0.6462585034013606
0.9480000000000001,1.0,0.2891156462585034,1.0,0.9140271493212669,0.44854881266490765,0.5131851194014845,0.6445578231292517
0.9490000000000001,1.0,0.2891156462585034,1.0,0.9140271493212669,0.44854881266490765,0.5131851194014845,0.6445578231292517
0.9500000000000001,1.0,0.2891156462585034,1.0,0.9140271493212669,0.44854881266490765,0.5131851194014845,0.6445578231292517
0.9510000000000001,1.0,0.282312925170068,1.0,0.9132044426162074,0.4403183023872679,0.5068956867648736,0.641156462585034
0.9520000000000001,1.0,0.282312925170068,1.0,0.9132044426162074,0.4403183023872679,0.5068956867648736,0.641156462585034
0.9530000000000001,1.0,0.282312925170068,1.0,0.9132044426162074,0.4403183023872679,0.5068956867648736,0.641156462585034
0.9540000000000001,1.0,0.20068027210884354,1.0,0.9033319621554916,0.3342776203966006,0.42520391968116356,0.6003401360544218
0.9550000000000001,1.0,0.11904761904761904,1.0,0.8934594816947758,0.2127659574468085,0.32585111483936063,0.5595238095238095
0.9560000000000001,1.0,0.11904761904761904,1.0,0.8934594816947758,0.2127659574468085,0.32585111483936063,0.5595238095238095
0.9570000000000001,1.0,0.11904761904761904,1.0,0.8934594816947758,0.2127659574468085,0.32585111483936063,0.5595238095238095
0.9580000000000001,1.0,0.11904761904761904,1.0,0.8934594816947758,0.2127659574468085,0.32585111483936063,0.5595238095238095
0.9590000000000001,1.0,0.11904761904761904,1.0,0.8934594816947758,0.2127659574468085,0.32585111483936063,0.5595238095238095
0.96,1.0,0.11904761904761904,1.0,0.8934594816947758,0.2127659574468085,0.32585111483936063,0.5595238095238095
0.961,1.0,0.11904761904761904,1.0,0.8934594816947758,0.2127659574468085,0.32585111483936063,0.5595238095238095
0.962,1.0,0.11904761904761904,1.0,0.8934594816947758,0.2127659574468085,0.32585111483936063,0.5595238095238095
0.963,1.0,0.11904761904761904,1.0,0.8934594816947758,0.2127659574468085,0.32585111483936063,0.5595238095238095
0.964,1.0,0.11904761904761904,1.0,0.8934594816947758,0.2127659574468085,0.32585111483936063,0.5595238095238095
0.965,1.0,0.11904761904761904,1.0,0.8934594816947758,0.2127659574468085,0.32585111483936063,0.5595238095238095
0.966,1.0,0.11904761904761904,1.0,0.8934594816947758,0.2127659574468085,0.32585111483936063,0.5595238095238095
0.967,1.0,0.11904761904761904,1.0,0.8934594816947758,0.2127659574468085,0.32585111483936063,0.5595238095238095
0.968,1.0,0.0782312925170068,1.0,0.888523241464418,0.14511041009463724,0.26349008197845847,0.5391156462585034
0.969,1.0,0.0782312925170068,1.0,0.888523241464418,0.14511041009463724,0.26349008197845847,0.5391156462585034
0.97,1.0,0.0782312925170068,1.0,0.888523241464418,0.14511041009463724,0.26349008197845847,0.5391156462585034
0.971,1.0,0.0782312925170068,1.0,0.888523241464418,0.14511041009463724,0.26349008197845847,0.5391156462585034
0.972,1.0,0.0782312925170068,1.0,0.888523241464418,0.14511041009463724,0.26349008197845847,0.5391156462585034
0.973,1.0,0.0782312925170068,1.0,0.888523241464418,0.14511041009463724,0.26349008197845847,0.5391156462585034
0.974,0.0,0.0,1.0,0.879062114356232,0.0,0.0,0.5
0.975,0.0,0.0,1.0,0.879062114356232,0.0,0.0,0.5
0.976,0.0,0.0,1.0,0.879062114356232,0.0,0.0,0.5
0.977,0.0,0.0,1.0,0.879062114356232,0.0,0.0,0.5
0.978,0.0,0.0,1.0,0.879062114356232,0.0,0.0,0.5
0.979,0.0,0.0,1.0,0.879062114356232,0.0,0.0,0.5
0.98,0.0,0.0,1.0,0.879062114356232,0.0,0.0,0.5
0.981,0.0,0.0,1.0,0.879062114356232,0.0,0.0,0.5
0.982,0.0,0.0,1.0,0.879062114356232,0.0,0.0,0.5
0.983,0.0,0.0,1.0,0.879062114356232,0.0,0.0,0.5
0.984,0.0,0.0,1.0,0.879062114356232,0.0,0.0,0.5
0.985,0.0,0.0,1.0,0.879062114356232,0.0,0.0,0.5
0.986,0.0,0.0,1.0,0.879062114356232,0.0,0.0,0.5
0.987,0.0,0.0,1.0,0.879062114356232,0.0,0.0,0.5
0.988,0.0,0.0,1.0,0.879062114356232,0.0,0.0,0.5
0.989,0.0,0.0,1.0,0.879062114356232,0.0,0.0,0.5
0.99,0.0,0.0,1.0,0.879062114356232,0.0,0.0,0.5
0.991,0.0,0.0,1.0,0.879062114356232,0.0,0.0,0.5
0.992,0.0,0.0,1.0,0.879062114356232,0.0,0.0,0.5
0.993,0.0,0.0,1.0,0.879062114356232,0.0,0.0,0.5
0.994,0.0,0.0,1.0,0.879062114356232,0.0,0.0,0.5
0.995,0.0,0.0,1.0,0.879062114356232,0.0,0.0,0.5
0.996,0.0,0.0,1.0,0.879062114356232,0.0,0.0,0.5
0.997,0.0,0.0,1.0,0.879062114356232,0.0,0.0,0.5
0.998,0.0,0.0,1.0,0.879062114356232,0.0,0.0,0.5
0.999,0.0,0.0,1.0,0.879062114356232,0.0,0.0,0.5
1.0,0.0,0.0,1.0,0.879062114356232,0.0,0.0,0.5
