C,gamma,w_pos,AUROC_mean,AUROC_std,AUPRC_mean,AUPRC_std,F1_mean,F1_std,Precision_mean,Precision_std,Recall_mean,Recall_std,MCC_mean,MCC_std,ACC_mean,ACC_std
0.01,0.0001,1.0,0.8786863538898018,0.009763527652471368,0.7788936137151465,0.01650442852372275,0.0,0.0,0.0,0.0,0.0,0.0,0.0,0.0,0.75,0.0
0.01,0.0001,1.5,0.8836745243373221,0.012237066518493128,0.783679156987913,0.017699473027143586,0.0,0.0,0.0,0.0,0.0,0.0,0.0,0.0,0.75,0.0
0.01,0.0001,2.0,0.8822577843454192,0.012103398934896387,0.780411508640549,0.018472349681196782,0.0,0.0,0.0,0.0,0.0,0.0,0.0,0.0,0.75,0.0
0.01,0.0001,2.5,0.875845378303193,0.012470686439884034,0.773930146744483,0.017159426503354554,0.0,0.0,0.0,0.0,0.0,0.0,0.0,0.0,0.75,0.0
0.01,0.0001,3.0,0.8225161311081945,0.012302806970871407,0.7308377572556763,0.018077876244205943,0.40429134152794666,0.003268446866261962,0.2537065252429841,0.002509381333249849,0.9947540419676641,0.007183388224204191,0.0590105580306878,0.025997386274410818,0.26708161334709324,0.010176052791262742
0.01,0.0001,4.0,0.853397943533686,0.012883476857126697,0.7438549850074755,0.01666553046326444,0.4,0.0,0.25,0.0,1.0,0.0,0.0,0.0,0.25,0.0
0.01,0.00018836490894898002,1.0,0.8764599530807239,0.011810087300780672,0.7783058997204453,0.01652846256384729,0.0,0.0,0.0,0.0,0.0,0.0,0.0,0.0,0.75,0.0
0.01,0.00018836490894898002,1.5,0.8776786646430942,0.013364881597014783,0.7791028850645124,0.017418634316516076,0.0,0.0,0.0,0.0,0.0,0.0,0.0,0.0,0.75,0.0
0.01,0.00018836490894898002,2.0,0.8738069817305354,0.013817862709101198,0.774324322595852,0.019029097437543798,0.0,0.0,0.0,0.0,0.0,0.0,0.0,0.0,0.75,0.0
0.01,0.00018836490894898002,2.5,0.8613970476064422,0.01278849671960777,0.7624457649788409,0.017053893583101342,0.0,0.0,0.0,0.0,0.0,0.0,0.0,0.0,0.75,0.0
0.01,0.00018836490894898002,3.0,0.7930881045842357,0.011490922077497896,0.6997383480823542,0.022439563286360764,0.40389468748353996,0.004054609375743813,0.2539953935919776,0.0028391412437971434,0.9855607155142758,0.008518675731002835,0.05020630526440171,0.03427741579347324,0.2726694186446509,0.009118346116108688
0.01,0.00018836490894898002,4.0,0.8319877721077991,0.013493325429531139,0.7261707693745791,0.020227508894111235,0.4,0.0,0.25,0.0,1.0,0.0,0.0,0.0,0.25,0.0
0.01,0.0003548133892335753,1.0,0.870147632669988,0.01332577385870961,0.7728824064698536,0.01624796821662803,0.0,0.0,0.0,0.0,0.0,0.0,0.0,0.0,0.75,0.0
0.01,0.0003548133892335753,1.5,0.8690533031348637,0.014039179427290382,0.7727112766038023,0.01640991970020113,0.0,0.0,0.0,0.0,0.0,0.0,0.0,0.0,0.75,0.0
0.01,0.0003548133892335753,2.0,0.8639077645348106,0.01544689209661801,0.7668240775544309,0.019146274562750813,0.0,0.0,0.0,0.0,0.0,0.0,0.0,0.0,0.75,0.0
0.01,0.0003548133892335753,2.5,0.8403009353926544,0.015954701294263046,0.7456262368872938,0.018253624240615187,0.0,0.0,0.0,0.0,0.0,0.0,0.0,0.0,0.75,0.0
0.01,0.0003548133892335753,3.0,0.7653576751176153,0.012164433681830412,0.662802793018408,0.026718547957304186,0.404218932417934,0.005626096805813726,0.25578454922127836,0.003947329783145229,0.963218094255246,0.010946373030506976,0.05193468314198613,0.03525621236052341,0.29008212934296523,0.011792860463906653
0.01,0.0003548133892335753,4.0,0.8081363896331117,0.013292139252052365,0.7037361741659549,0.026674787330175097,0.4,0.0,0.25,0.0,1.0,0.0,0.0,0.0,0.25,0.0
0.01,0.0006683439175686149,1.0,0.862022144751348,0.013244222905276127,0.7688878678537123,0.014996477007297856,0.0,0.0,0.0,0.0,0.0,0.0,0.0,0.0,0.75,0.0
0.01,0.0006683439175686149,1.5,0.8578899958354285,0.015778961870408816,0.7641789953210767,0.01636905378639583,0.0,0.0,0.0,0.0,0.0,0.0,0.0,0.0,0.75,0.0
0.01,0.0006683439175686149,2.0,0.8461947688376753,0.01661335486557152,0.7529523323467451,0.018179343267016645,0.0,0.0,0.0,0.0,0.0,0.0,0.0,0.0,0.75,0.0
0.01,0.0006683439175686149,2.5,0.8024251420167058,0.016106651461836007,0.7102637983454659,0.025475154013884973,0.0,0.0,0.0,0.0,0.0,0.0,0.0,0.0,0.75,0.0
0.01,0.0006683439175686149,3.0,0.7431350981396024,0.013098013460262152,0.6304573794548992,0.03229968564741143,0.4140077847507171,0.005504780952926461,0.26942618082497993,0.0038207480024035415,0.8935758513931888,0.01410549300975821,0.09876861401754725,0.018446113418254955,0.36759115927072583,0.009682821757184448
0.01,0.0006683439175686149,4.0,0.7853055636367889,0.012877147875761705,0.6791232464607347,0.030795465398790998,0.4,0.0,0.25,0.0,1.0,0.0,0.0,0.0,0.25,0.0
0.01,0.0012589254117941662,1.0,0.8441679802245563,0.014251586247893055,0.7559987052971069,0.014184980905664057,0.0,0.0,0.0,0.0,0.0,0.0,0.0,0.0,0.75,0.0
0.01,0.0012589254117941662,1.5,0.8340261173407116,0.01659035777954768,0.7462143281235086,0.018031623863302752,0.0,0.0,0.0,0.0,0.0,0.0,0.0,0.0,0.75,0.0
0.01,0.0012589254117941662,2.0,0.8149679175774942,0.01535839252692555,0.7256526034685968,0.02117811648068167,0.0,0.0,0.0,0.0,0.0,0.0,0.0,0.0,0.75,0.0
0.01,0.0012589254117941662,2.5,0.7602171743456233,0.01427485804284285,0.657787940689909,0.031037845549310744,0.0,0.0,0.0,0.0,0.0,0.0,0.0,0.0,0.75,0.0
0.01,0.0012589254117941662,3.0,0.7280378909359506,0.014546181217175456,0.6066336555217926,0.035796321730860746,0.4836368527388256,0.012612349229736726,0.3634784538805801,0.011896165557956686,0.7227468180254558,0.013890333229477811,0.26029550166154564,0.022363073140296643,0.6139813381492948,0.015137846675919657
0.01,0.0012589254117941662,4.0,0.7669647311752821,0.0134552583251489,0.6575812171656731,0.03234648423331614,0.4,0.0,0.25,0.0,1.0,0.0,0.0,0.0,0.25,0.0
0.01,0.0023713737056616554,1.0,0.8116577520653541,0.011981259635106345,0.7279240189231728,0.015074978386489551,0.0,0.0,0.0,0.0,0.0,0.0,0.0,0.0,0.75,0.0
0.01,0.0023713737056616554,1.5,0.7997238224937911,0.011448623516421702,0.712892351428936,0.01866718243599448,0.0,0.0,0.0,0.0,0.0,0.0,0.0,0.0,0.75,0.0
0.01,0.0023713737056616554,2.0,0.7664040506188735,0.014351804282504436,0.6681718386970248,0.03165985703657973,0.0,0.0,0.0,0.0,0.0,0.0,0.0,0.0,0.75,0.0
0.01,0.0023713737056616554,2.5,0.7334971410183999,0.01438633418300548,0.6171927536246045,0.03533426808488515,0.0,0.0,0.0,0.0,0.0,0.0,0.0,0.0,0.75,0.0
0.01,0.0023713737056616554,3.0,0.7195085404831036,0.015012580012485194,0.592780287453742,0.03673597518419091,0.4923535687635658,0.056828589947381304,0.7024476517754145,0.02421704856958249,0.3811919504643963,0.06204092680664977,0.41371706166848476,0.049439320808024156,0.8052137082903336,0.012428514826897897
0.01,0.0023713737056616554,4.0,0.7572124724286462,0.014101737708172418,0.6459175266529182,0.034596454356673106,0.4,0.0,0.25,0.0,1.0,0.0,0.0,0.0,0.25,0.0
0.01,0.0044668359215096305,1.0,0.7697792485499239,0.009801560799344716,0.674368171536593,0.023120597676245976,0.0,0.0,0.0,0.0,0.0,0.0,0.0,0.0,0.75,0.0
0.01,0.0044668359215096305,1.5,0.7591700610435365,0.012188019523440976,0.6565354136447004,0.029617896227791766,0.0,0.0,0.0,0.0,0.0,0.0,0.0,0.0,0.75,0.0
0.01,0.0044668359215096305,2.0,0.7396370597295743,0.014048994735305501,0.6255194425646472,0.03631312618923416,0.0,0.0,0.0,0.0,0.0,0.0,0.0,0.0,0.75,0.0
0.01,0.0044668359215096305,2.5,0.7262555333767857,0.01441877138735993,0.6022947137147505,0.0365878009237678,0.0,0.0,0.0,0.0,0.0,0.0,0.0,0.0,0.75,0.0
0.01,0.0044668359215096305,3.0,0.719129247191054,0.014471683564241477,0.5903891074067356,0.036974855352777544,0.33304916690590874,0.05928734606648054,0.942003968253968,0.025491553556444686,0.2037753697970416,0.042495300649309314,0.38000615423533574,0.04174878793661682,0.7976565187478502,0.009394312880382484
0.01,0.0044668359215096305,4.0,0.7661950724632708,0.013409173149537348,0.6524061764329053,0.033958538131668645,0.4,0.0,0.25,0.0,1.0,0.0,0.0,0.0,0.25,0.0
0.01,0.008413951416451947,1.0,0.7611525710678158,0.012236657644955776,0.6312618351315861,0.03214205571970141,0.0,0.0,0.0,0.0,0.0,0.0,0.0,0.0,0.75,0.0
0.01,0.008413951416451947,1.5,0.761529227912949,0.012247316341491772,0.629979548207375,0.03179925325327113,0.0,0.0,0.0,0.0,0.0,0.0,0.0,0.0,0.75,0.0
0.01,0.008413951416451947,2.0,0.7601502016787902,0.012294720518665612,0.6283781796277222,0.03164073392082491,0.0,0.0,0.0,0.0,0.0,0.0,0.0,0.0,0.75,0.0
0.01,0.008413951416451947,2.5,0.7580384408567318,0.012450209444574619,0.6256044204175105,0.032740253298870876,0.0,0.0,0.0,0.0,0.0,0.0,0.0,0.0,0.75,0.0
0.01,0.008413951416451947,3.0,0.7536967029470163,0.01355384681923715,0.6202873410765942,0.03335039922380853,0.16583889202711372,0.061187383107549294,0.9323564593301435,0.049496098686358646,0.09204506363949089,0.03672475988057472,0.24675971990506715,0.0555551093662964,0.7713686790505675,0.008724482118854798
0.01,0.008413951416451947,4.0,0.7803975247320255,0.012746317976509743,0.6456922791324202,0.03286070566933745,0.4,0.0,0.25,0.0,1.0,0.0,0.0,0.0,0.25,0.0
0.01,0.015848931924611124,1.0,0.7916383037686416,0.011727279387962534,0.6284553310114843,0.03780558264993712,0.0,0.0,0.0,0.0,0.0,0.0,0.0,0.0,0.75,0.0
0.01,0.015848931924611124,1.5,0.7918027634623093,0.01045029679599251,0.6299544415297372,0.03641334494249729,0.0,0.0,0.0,0.0,0.0,0.0,0.0,0.0,0.75,0.0
0.01,0.015848931924611124,2.0,0.7912811453642987,0.00963979121045901,0.630241372407432,0.03572883329103365,0.0,0.0,0.0,0.0,0.0,0.0,0.0,0.0,0.75,0.0
0.01,0.015848931924611124,2.5,0.7914143485212397,0.009674554653444545,0.6300882900187978,0.03559342376774617,0.0,0.0,0.0,0.0,0.0,0.0,0.0,0.0,0.75,0.0
0.01,0.015848931924611124,3.0,0.7915235511176913,0.011471738587115128,0.6332401164099524,0.03717630699772571,0.010406586877175114,0.005817575027694738,0.6,0.4183300132670378,0.0052545579635362915,0.002937446210912448,0.0413417723359351,0.029609256702841227,0.750655744754042,0.0008979235280255353
0.01,0.015848931924611124,4.0,0.792255435117567,0.010025549267927389,0.6314247805887327,0.03723716715743935,0.4,0.0,0.25,0.0,1.0,0.0,0.0,0.0,0.25,0.0
0.01,0.02985382618917957,1.0,0.719868538043153,0.010446624231562084,0.48640541796467646,0.04100076013553851,0.0,0.0,0.0,0.0,0.0,0.0,0.0,0.0,0.75,0.0
0.01,0.02985382618917957,1.5,0.7266625871722988,0.009030736318035653,0.49442091175595076,0.04030040871816724,0.0,0.0,0.0,0.0,0.0,0.0,0.0,0.0,0.75,0.0
0.01,0.02985382618917957,2.0,0.7308261757962811,0.008608429602589939,0.5001142451645186,0.03979977464762319,0.0,0.0,0.0,0.0,0.0,0.0,0.0,0.0,0.75,0.0
0.01,0.02985382618917957,2.5,0.7332407171108988,0.008199732323276922,0.5035526698957452,0.03758823116294246,0.0,0.0,0.0,0.0,0.0,0.0,0.0,0.0,0.75,0.0
0.01,0.02985382618917957,3.0,0.7736016244753312,0.013571739500565418,0.5665538370503584,0.03640769593889512,0.010406586877175114,0.005817575027694738,0.6,0.4183300132670378,0.0052545579635362915,0.002937446210912448,0.0413417723359351,0.029609256702841227,0.750655744754042,0.0008979235280255353
0.01,0.02985382618917957,4.0,0.7359699285374414,0.006589880317459884,0.5069045747864822,0.03705560025662345,0.4,0.0,0.25,0.0,1.0,0.0,0.0,0.0,0.25,0.0
0.01,0.05623413251903485,1.0,0.5540551675256934,0.01015261594066324,0.29365009090516003,0.019266356549219543,0.0,0.0,0.0,0.0,0.0,0.0,0.0,0.0,0.75,0.0
0.01,0.05623413251903485,1.5,0.5618571079940132,0.010337938410518437,0.2999592647270598,0.020136543113110292,0.0,0.0,0.0,0.0,0.0,0.0,0.0,0.0,0.75,0.0
0.01,0.05623413251903485,2.0,0.5671479182274441,0.009940191552962026,0.30452656123511823,0.01784764630551932,0.0,0.0,0.0,0.0,0.0,0.0,0.0,0.0,0.75,0.0
0.01,0.05623413251903485,2.5,0.5708922534874737,0.009536878800626663,0.3087821896198314,0.01859852290561627,0.0,0.0,0.0,0.0,0.0,0.0,0.0,0.0,0.75,0.0
0.01,0.05623413251903485,3.0,0.6219748964201842,0.004856767013911709,0.3600433719975778,0.02573082650417634,0.010406586877175114,0.005817575027694738,0.6,0.4183300132670378,0.0052545579635362915,0.002937446210912448,0.0413417723359351,0.029609256702841227,0.750655744754042,0.0008979235280255353
0.01,0.05623413251903485,4.0,0.5757626587565443,0.008632900691856767,0.3128710280076131,0.01988924898756904,0.4,0.0,0.25,0.0,1.0,0.0,0.0,0.0,0.25,0.0
0.01,0.10592537251772875,1.0,0.5108396752279026,0.005251785327541315,0.2633039005742084,0.005772870148964781,0.0,0.0,0.0,0.0,0.0,0.0,0.0,0.0,0.75,0.0
0.01,0.10592537251772875,1.5,0.5138538560149837,0.005259350996862736,0.2659060842741191,0.007163801049417692,0.0,0.0,0.0,0.0,0.0,0.0,0.0,0.0,0.75,0.0
0.01,0.10592537251772875,2.0,0.515133576698271,0.003511786482892033,0.266852519744113,0.0065583812392774775,0.0,0.0,0.0,0.0,0.0,0.0,0.0,0.0,0.75,0.0
0.01,0.10592537251772875,2.5,0.5151379049531186,0.0035162179149942157,0.26711622135055213,0.00685052293696055,0.0,0.0,0.0,0.0,0.0,0.0,0.0,0.0,0.75,0.0
0.01,0.10592537251772875,3.0,0.5277113494478354,0.010049393636131712,0.2759513713652937,0.012454581782736517,0.010406586877175114,0.005817575027694738,0.6,0.4183300132670378,0.0052545579635362915,0.002937446210912448,0.0413417723359351,0.029609256702841227,0.750655744754042,0.0008979235280255353
0.01,0.10592537251772875,4.0,0.5151306911950392,0.0035074322522790987,0.266851977820936,0.006557539367178044,0.4,0.0,0.25,0.0,1.0,0.0,0.0,0.0,0.25,0.0
0.01,0.19952623149688797,1.0,0.5026172361756871,0.003908420255330875,0.25575859673593315,0.001992469151035871,0.0,0.0,0.0,0.0,0.0,0.0,0.0,0.0,0.75,0.0
0.01,0.19952623149688797,1.5,0.5026172361756871,0.003908420255330875,0.25575859673593315,0.001992469151035871,0.0,0.0,0.0,0.0,0.0,0.0,0.0,0.0,0.75,0.0
0.01,0.19952623149688797,2.0,0.5028350916696851,0.003509973870246117,0.2558396156300938,0.0018521907472183105,0.0,0.0,0.0,0.0,0.0,0.0,0.0,0.0,0.75,0.0
0.01,0.19952623149688797,2.5,0.5028350916696851,0.003509973870246117,0.2558396156300938,0.0018521907472183105,0.0,0.0,0.0,0.0,0.0,0.0,0.0,0.0,0.75,0.0
0.01,0.19952623149688797,3.0,0.5054422002948137,0.002571063871748326,0.25870115614053113,0.0022251514647241384,0.010406586877175114,0.005817575027694738,0.6,0.4183300132670378,0.0052545579635362915,0.002937446210912448,0.0413417723359351,0.029609256702841227,0.750655744754042,0.0008979235280255353
0.01,0.19952623149688797,4.0,0.5028322061664534,0.003511751125411134,0.2558390737069168,0.0018513070568279525,0.4,0.0,0.25,0.0,1.0,0.0,0.0,0.0,0.25,0.0
0.02282092971067451,0.0001,1.0,0.8790238402966646,0.011968676312333306,0.7802783871793034,0.017458467278160916,0.0,0.0,0.0,0.0,0.0,0.0,0.0,0.0,0.75,0.0
0.02282092971067451,0.0001,1.5,0.8843874175620515,0.012260944942720729,0.7839155472717853,0.01877633646051807,0.0,0.0,0.0,0.0,0.0,0.0,0.0,0.0,0.75,0.0
0.02282092971067451,0.0001,2.0,0.8823756153472158,0.012119375616214678,0.7809949864447774,0.018992540187642515,0.0,0.0,0.0,0.0,0.0,0.0,0.0,0.0,0.75,0.0
0.02282092971067451,0.0001,2.5,0.8756767267470622,0.012431145324006175,0.7734888663388192,0.016944995834201115,0.0,0.0,0.0,0.0,0.0,0.0,0.0,0.0,0.75,0.0
0.02282092971067451,0.0001,3.0,0.8225132832006945,0.012303871593366149,0.7308490398777886,0.018088116205287524,0.40429134152794666,0.003268446866261962,0.2537065252429841,0.002509381333249849,0.9947540419676641,0.007183388224204191,0.0590105580306878,0.025997386274410818,0.26708161334709324,0.010176052791262742
0.02282092971067451,0.0001,4.0,0.8535504616519196,0.012709670080991418,0.7449815222848042,0.01839424700343882,0.4,0.0,0.25,0.0,1.0,0.0,0.0,0.0,0.25,0.0
0.02282092971067451,0.00018836490894898002,1.0,0.8754297720333867,0.012625597038339329,0.7774354322814199,0.017789425851298207,0.0,0.0,0.0,0.0,0.0,0.0,0.0,0.0,0.75,0.0
0.02282092971067451,0.00018836490894898002,1.5,0.8770430361941235,0.01301273366873493,0.7786642354702368,0.017349477514654155,0.0,0.0,0.0,0.0,0.0,0.0,0.0,0.0,0.75,0.0
0.02282092971067451,0.00018836490894898002,2.0,0.8734344181361102,0.013711381403752068,0.7740015471286487,0.01947626202396765,0.0,0.0,0.0,0.0,0.0,0.0,0.0,0.0,0.75,0.0
0.02282092971067451,0.00018836490894898002,2.5,0.8613615568658297,0.01270411621614531,0.7625099017351532,0.01699804007427417,0.0,0.0,0.0,0.0,0.0,0.0,0.0,0.0,0.75,0.0
0.02282092971067451,0.00018836490894898002,3.0,0.7930852190810039,0.011485984443670943,0.6997373704720014,0.022438579344882623,0.40389468748353996,0.004054609375743813,0.2539953935919776,0.0028391412437971434,0.9855607155142758,0.008518675731002835,0.05020630526440171,0.03427741579347324,0.2726694186446509,0.009118346116108688
0.02282092971067451,0.00018836490894898002,4.0,0.8319703838969448,0.01346579506802743,0.7257173429671908,0.020259299965135785,0.4,0.0,0.25,0.0,1.0,0.0,0.0,0.0,0.25,0.0
0.02282092971067451,0.0003548133892335753,1.0,0.8699774538026604,0.0132779686831526,0.7731549882620332,0.016587529977445545,0.0,0.0,0.0,0.0,0.0,0.0,0.0,0.0,0.75,0.0
0.02282092971067451,0.0003548133892335753,1.5,0.869168610476939,0.013990978078187678,0.7730530680916592,0.016202092696993804,0.0,0.0,0.0,0.0,0.0,0.0,0.0,0.0,0.75,0.0
0.02282092971067451,0.0003548133892335753,2.0,0.8636511803215745,0.01542900880530435,0.7666222220942063,0.019286334362621324,0.0,0.0,0.0,0.0,0.0,0.0,0.0,0.0,0.75,0.0
0.02282092971067451,0.0003548133892335753,2.5,0.8402142199127745,0.015950027600858903,0.7456244220090691,0.018327694661307407,0.0,0.0,0.0,0.0,0.0,0.0,0.0,0.0,0.75,0.0
0.02282092971067451,0.0003548133892335753,3.0,0.7661768479014649,0.01166564713785993,0.6639155370417393,0.026211775676341864,0.40545297302205857,0.005294747171303131,0.2571497451993923,0.0034056053206192012,0.9579721362229101,0.015740358717064324,0.061003844583318,0.029365588306491507,0.2976285689714483,0.009112350249707964
0.02282092971067451,0.0003548133892335753,4.0,0.8081046115018307,0.01330589010402113,0.7036369411830264,0.02657374650727112,0.4001047120418848,0.00023414324371724826,0.2500818330605565,0.00018298428621112093,1.0,0.0,0.004671418358670518,0.010445609001327771,0.2503267973856209,0.0007307411691175757
0.02282092971067451,0.0006683439175686149,1.0,0.8624072090498611,0.013174357981478983,0.7689159091274568,0.015456215834314955,0.0,0.0,0.0,0.0,0.0,0.0,0.0,0.0,0.75,0.0
0.02282092971067451,0.0006683439175686149,1.5,0.8577217954280789,0.015947468166853652,0.7638979308589143,0.016284411541634503,0.0,0.0,0.0,0.0,0.0,0.0,0.0,0.0,0.75,0.0
0.02282092971067451,0.0006683439175686149,2.0,0.8462460311726747,0.016731391587034673,0.7529776579786973,0.018166073214340276,0.0,0.0,0.0,0.0,0.0,0.0,0.0,0.0,0.75,0.0
0.02282092971067451,0.0006683439175686149,2.5,0.8023933638854246,0.01610001369352347,0.7102228560195311,0.02544214767218827,0.0,0.0,0.0,0.0,0.0,0.0,0.0,0.0,0.75,0.0
0.02282092971067451,0.0006683439175686149,3.0,0.7532548497409293,0.010830034884263448,0.6453286752720138,0.02761343208673836,0.43763180201893476,0.00472292980010979,0.2961925885348782,0.005283996888260498,0.8383556931544547,0.021241729964709848,0.16575055717829462,0.011434159510236427,0.461233660130719,0.018080859069562815
0.02282092971067451,0.0006683439175686149,4.0,0.7853171432454478,0.012913332298732292,0.6791483362136378,0.030791979376784146,0.40214338165606717,0.0023172107613930668,0.25235802331830004,0.0017721063259764453,0.9895080839353285,0.010947107771719136,0.04004178911687652,0.022033209536256797,0.26444573443412456,0.009234433920697317
0.02282092971067451,0.0012589254117941662,1.0,0.8442166578221784,0.014343362212425976,0.756104828046855,0.014323949351104582,0.0,0.0,0.0,0.0,0.0,0.0,0.0,0.0,0.75,0.0
0.02282092971067451,0.0012589254117941662,1.5,0.8339506289940966,0.01660002845117068,0.7461615409968864,0.01813143108790833,0.0,0.0,0.0,0.0,0.0,0.0,0.0,0.0,0.75,0.0
0.02282092971067451,0.0012589254117941662,2.0,0.8148843131752367,0.015300982108173653,0.7255490457102771,0.02110899990126624,0.0,0.0,0.0,0.0,0.0,0.0,0.0,0.0,0.75,0.0
0.02282092971067451,0.0012589254117941662,2.5,0.7602200974445867,0.014276670032718614,0.65778651236151,0.03103522204684576,0.2041679239737435,0.06795399265330167,0.9608043478260869,0.02353249573223214,0.11562607499140007,0.04172119041164727,0.284244222131678,0.05568584546835085,0.777592879256966,0.009817877683008958
0.02282092971067451,0.0012589254117941662,3.0,0.741951177112748,0.011746337540059455,0.6287539261977351,0.030501344029538607,0.5097100128516339,0.012370243515330451,0.398976828010927,0.009596578083871734,0.7056673546611626,0.020680264231855663,0.30632153595070166,0.01973932216695541,0.660640264877881,0.0088673257611728
0.02282092971067451,0.0012589254117941662,4.0,0.7669503788505868,0.013473314930350887,0.6575881023740361,0.03239303593517459,0.402451927787317,0.00508862225054564,0.25395893622794186,0.004363237183486906,0.9698228414172686,0.023375532146177543,0.035114891487613265,0.0368368321835856,0.27986326109391124,0.02320846807054344
0.02282092971067451,0.0023713737056616554,1.0,0.8114127897405672,0.011656382027603805,0.727643392603605,0.015117450050343439,0.0,0.0,0.0,0.0,0.0,0.0,0.0,0.0,0.75,0.0
0.02282092971067451,0.0023713737056616554,1.5,0.7995739267086666,0.011399640213964026,0.7127616707903958,0.01863910132995145,0.0,0.0,0.0,0.0,0.0,0.0,0.0,0.0,0.75,0.0
0.02282092971067451,0.0023713737056616554,2.0,0.7664012027113736,0.01435383954315554,0.6681633028363099,0.03169250642191785,0.0,0.0,0.0,0.0,0.0,0.0,0.0,0.0,0.75,0.0
0.02282092971067451,0.0023713737056616554,2.5,0.7335000641173635,0.014390217724950926,0.6171956911222867,0.03534065624188778,0.33457316293540673,0.03756337249193378,0.916945765681997,0.04139832671736499,0.20503095975232197,0.02758204881695048,0.374419322599359,0.03537717332955419,0.7966610767113862,0.007751301505528235
0.02282092971067451,0.0023713737056616554,3.0,0.7251978977689564,0.013494058062464748,0.6016888333724054,0.03439827666580867,0.5193947174957019,0.04664805573377835,0.5977329927318444,0.05169908224308523,0.4600103199174407,0.04766516231873559,0.3917903777153282,0.058036697787595654,0.7874892500859993,0.01939053801731667
0.02282092971067451,0.0023713737056616554,4.0,0.7572182058393778,0.014092300548288366,0.6459536503012246,0.03459824205862718,0.4,0.0,0.25,0.0,1.0,0.0,0.0,0.0,0.25,0.0
0.02282092971067451,0.0044668359215096305,1.0,0.7701237090266676,0.009769111083118507,0.6745564585576491,0.023231603424995896,0.0,0.0,0.0,0.0,0.0,0.0,0.0,0.0,0.75,0.0
0.02282092971067451,0.0044668359215096305,1.5,0.7589194358154228,0.012115916951752336,0.6562956942864071,0.029637045350918847,0.0,0.0,0.0,0.0,0.0,0.0,0.0,0.0,0.75,0.0
0.02282092971067451,0.0044668359215096305,2.0,0.7396154936467996,0.014035502169814619,0.6254757870376668,0.03631728522097324,0.0,0.0,0.0,0.0,0.0,0.0,0.0,0.0,0.75,0.0
0.02282092971067451,0.0044668359215096305,2.5,0.7262070061620908,0.01449158901676043,0.6022842615294453,0.03660298023936881,0.0,0.0,0.0,0.0,0.0,0.0,0.0,0.0,0.75,0.0
0.02282092971067451,0.0044668359215096305,3.0,0.7191306899426699,0.014471950399886878,0.5903915307858111,0.03697662128067274,0.33304916690590874,0.05928734606648054,0.942003968253968,0.025491553556444686,0.2037753697970416,0.042495300649309314,0.38000615423533574,0.04174878793661682,0.7976565187478502,0.009394312880382484
0.02282092971067451,0.0044668359215096305,4.0,0.766213659053484,0.013388456156666664,0.6523074772131555,0.033903442077450024,0.4,0.0,0.25,0.0,1.0,0.0,0.0,0.0,0.25,0.0
0.02282092971067451,0.008413951416451947,1.0,0.7614472307590419,0.012477427262732137,0.6315578348403632,0.03237172268033581,0.0,0.0,0.0,0.0,0.0,0.0,0.0,0.0,0.75,0.0
0.02282092971067451,0.008413951416451947,1.5,0.7614187610521591,0.012581330019687795,0.6299725187327437,0.03193323569096418,0.0,0.0,0.0,0.0,0.0,0.0,0.0,0.0,0.75,0.0
0.02282092971067451,0.008413951416451947,2.0,0.7603905161850094,0.012236790247965706,0.6284801586998112,0.031562388867273174,0.0,0.0,0.0,0.0,0.0,0.0,0.0,0.0,0.75,0.0
0.02282092971067451,0.008413951416451947,2.5,0.7578294862446857,0.012501567284681037,0.6254853926555568,0.03268412853929586,0.0,0.0,0.0,0.0,0.0,0.0,0.0,0.0,0.75,0.0
0.02282092971067451,0.008413951416451947,3.0,0.7537097065094251,0.013551788624315666,0.6202864207176246,0.03335185889983804,0.16583889202711372,0.061187383107549294,0.9323564593301435,0.049496098686358646,0.09204506363949089,0.03672475988057472,0.24675971990506715,0.0555551093662964,0.7713686790505675,0.008724482118854798
0.02282092971067451,0.008413951416451947,4.0,0.780329903384738,0.012844232449394236,0.6461119818785714,0.03302137161053389,0.4,0.0,0.25,0.0,1.0,0.0,0.0,0.0,0.25,0.0
0.02282092971067451,0.015848931924611124,1.0,0.7909200908094948,0.009742611782661911,0.6302373168462286,0.03676600499191164,0.0,0.0,0.0,0.0,0.0,0.0,0.0,0.0,0.75,0.0
0.02282092971067451,0.015848931924611124,1.5,0.7906231519540687,0.009441698918771183,0.6313165420009087,0.03585120559904412,0.0,0.0,0.0,0.0,0.0,0.0,0.0,0.0,0.75,0.0
0.02282092971067451,0.015848931924611124,2.0,0.7906258917584318,0.010023740778504655,0.6314148169973223,0.03602919709111971,0.0,0.0,0.0,0.0,0.0,0.0,0.0,0.0,0.75,0.0
0.02282092971067451,0.015848931924611124,2.5,0.790804266618556,0.010665570183771695,0.6310184654919634,0.036202163229851314,0.0,0.0,0.0,0.0,0.0,0.0,0.0,0.0,0.75,0.0
0.02282092971067451,0.015848931924611124,3.0,0.7916498976143727,0.011183028028399534,0.6333194130867573,0.037191316666780806,0.010406586877175114,0.005817575027694738,0.6,0.4183300132670378,0.0052545579635362915,0.002937446210912448,0.0413417723359351,0.029609256702841227,0.750655744754042,0.0008979235280255353
0.02282092971067451,0.015848931924611124,4.0,0.7924640419382779,0.010675373422453975,0.6326445161630243,0.03767205351310661,0.4,0.0,0.25,0.0,1.0,0.0,0.0,0.0,0.25,0.0
0.02282092971067451,0.02985382618917957,1.0,0.7312274957496362,0.008991064168682426,0.5016126357559337,0.03915703467624833,0.0,0.0,0.0,0.0,0.0,0.0,0.0,0.0,0.75,0.0
0.02282092971067451,0.02985382618917957,1.5,0.7352264225874842,0.00854578983446433,0.5079721741597097,0.039374696150781256,0.0,0.0,0.0,0.0,0.0,0.0,0.0,0.0,0.75,0.0
0.02282092971067451,0.02985382618917957,2.0,0.738631457477408,0.007894119082138629,0.5121698437646096,0.03962212896710892,0.0,0.0,0.0,0.0,0.0,0.0,0.0,0.0,0.75,0.0
0.02282092971067451,0.02985382618917957,2.5,0.74279666277949,0.007477453031330758,0.5178612161365195,0.03921664355798338,0.0,0.0,0.0,0.0,0.0,0.0,0.0,0.0,0.75,0.0
0.02282092971067451,0.02985382618917957,3.0,0.7731609178157994,0.011973395192990276,0.5670071036590535,0.03653759284088481,0.010406586877175114,0.005817575027694738,0.6,0.4183300132670378,0.0052545579635362915,0.002937446210912448,0.0413417723359351,0.029609256702841227,0.750655744754042,0.0008979235280255353
0.02282092971067451,0.02985382618917957,4.0,0.7453037046326265,0.006572700292735528,0.5213317633567753,0.03960274446723527,0.4,0.0,0.25,0.0,1.0,0.0,0.0,0.0,0.25,0.0
0.02282092971067451,0.05623413251903485,1.0,0.5691434411206169,0.010838321004436427,0.30752140716347487,0.020271990726589664,0.0,0.0,0.0,0.0,0.0,0.0,0.0,0.0,0.75,0.0
0.02282092971067451,0.05623413251903485,1.5,0.5769052992384569,0.008043322116958644,0.3139626908428848,0.01874675635307906,0.0,0.0,0.0,0.0,0.0,0.0,0.0,0.0,0.75,0.0
0.02282092971067451,0.05623413251903485,2.0,0.5817244422341605,0.008012048383713662,0.3179848651908588,0.01878676523457571,0.0,0.0,0.0,0.0,0.0,0.0,0.0,0.0,0.75,0.0
0.02282092971067451,0.05623413251903485,2.5,0.5862916394670792,0.010552073250368738,0.3233307101260844,0.022354764867904657,0.0,0.0,0.0,0.0,0.0,0.0,0.0,0.0,0.75,0.0
0.02282092971067451,0.05623413251903485,3.0,0.6239586188759979,0.003565621729883413,0.3619653642278513,0.023799777861886598,0.010406586877175114,0.005817575027694738,0.6,0.4183300132670378,0.0052545579635362915,0.002937446210912448,0.0413417723359351,0.029609256702841227,0.750655744754042,0.0008979235280255353
0.02282092971067451,0.05623413251903485,4.0,0.5868359374060107,0.007534951767814403,0.3239873190186523,0.02117888656291957,0.4,0.0,0.25,0.0,1.0,0.0,0.0,0.0,0.25,0.0
0.02282092971067451,0.10592537251772875,1.0,0.515133576698271,0.003511786482892033,0.266852519744113,0.006558381239277495,0.0,0.0,0.0,0.0,0.0,0.0,0.0,0.0,0.75,0.0
0.02282092971067451,0.10592537251772875,1.5,0.5166213262757491,0.00453670415820723,0.26862125716660623,0.007629783824512814,0.0,0.0,0.0,0.0,0.0,0.0,0.0,0.0,0.75,0.0
0.02282092971067451,0.10592537251772875,2.0,0.5168117694890456,0.004078495143465837,0.26848400103546577,0.007595055133855881,0.0,0.0,0.0,0.0,0.0,0.0,0.0,0.0,0.75,0.0
0.02282092971067451,0.10592537251772875,2.5,0.5170152632902317,0.004249100403124174,0.26875926361022734,0.007325301174030416,0.0,0.0,0.0,0.0,0.0,0.0,0.0,0.0,0.75,0.0
0.02282092971067451,0.10592537251772875,3.0,0.5277113494478354,0.010049393636131712,0.2759513713652937,0.012454581782736517,0.010406586877175114,0.005817575027694738,0.6,0.4183300132670378,0.0052545579635362915,0.002937446210912448,0.0413417723359351,0.029609256702841227,0.750655744754042,0.0008979235280255353
0.02282092971067451,0.10592537251772875,4.0,0.5178679953185646,0.003932078841943182,0.2689552607908772,0.007354513385082941,0.4,0.0,0.25,0.0,1.0,0.0,0.0,0.0,0.25,0.0
0.02282092971067451,0.19952623149688797,1.0,0.5028350916696851,0.003509973870246117,0.2558396156300938,0.0018521907472183105,0.0,0.0,0.0,0.0,0.0,0.0,0.0,0.0,0.75,0.0
0.02282092971067451,0.19952623149688797,1.5,0.5028322061664534,0.003511751125411134,0.2558390737069168,0.0018513070568279525,0.0,0.0,0.0,0.0,0.0,0.0,0.0,0.0,0.75,0.0
0.02282092971067451,0.19952623149688797,2.0,0.5028350916696851,0.003509973870246117,0.2558396156300938,0.0018521907472183105,0.0,0.0,0.0,0.0,0.0,0.0,0.0,0.0,0.75,0.0
0.02282092971067451,0.19952623149688797,2.5,0.5041335681239788,0.00210969789362878,0.2570484889217086,0.0025874781128877662,0.0,0.0,0.0,0.0,0.0,0.0,0.0,0.0,0.75,0.0
0.02282092971067451,0.19952623149688797,3.0,0.5052301158072791,0.003026939242145947,0.2585037877194785,0.0023267853577865435,0.010406586877175114,0.005817575027694738,0.6,0.4183300132670378,0.0052545579635362915,0.002937446210912448,0.0413417723359351,0.029609256702841227,0.750655744754042,0.0008979235280255353
0.02282092971067451,0.19952623149688797,4.0,0.5041393391304424,0.002110427598242259,0.257049570976581,0.002589830545018043,0.4,0.0,0.25,0.0,1.0,0.0,0.0,0.0,0.25,0.0
0.05207948328595465,0.0001,1.0,0.8794976737881315,0.012586107195518335,0.7804846562171386,0.019172436699557437,0.0,0.0,0.0,0.0,0.0,0.0,0.0,0.0,0.75,0.0
0.05207948328595465,0.0001,1.5,0.8844203799588846,0.012229822056787252,0.7849810087504983,0.017815832058982108,0.0,0.0,0.0,0.0,0.0,0.0,0.0,0.0,0.75,0.0
0.05207948328595465,0.0001,2.0,0.8820666597248922,0.011942710545427634,0.780827063728254,0.018785043059712694,0.0,0.0,0.0,0.0,0.0,0.0,0.0,0.0,0.75,0.0
0.05207948328595465,0.0001,2.5,0.8756022300032814,0.012409522175016102,0.7734233382569173,0.016930903310387813,0.0,0.0,0.0,0.0,0.0,0.0,0.0,0.0,0.75,0.0
0.05207948328595465,0.0001,3.0,0.8225089173501152,0.012299093056228474,0.7308351587101191,0.01807147262061776,0.40429134152794666,0.003268446866261962,0.2537065252429841,0.002509381333249849,0.9947540419676641,0.007183388224204191,0.0590105580306878,0.025997386274410818,0.26708161334709324,0.010176052791262742
0.05207948328595465,0.0001,4.0,0.853586831208171,0.012787100694544624,0.745363261897009,0.01817606055446654,0.4,0.0,0.25,0.0,1.0,0.0,0.0,0.0,0.25,0.0
0.05207948328595465,0.00018836490894898002,1.0,0.8754959788566732,0.013131145353953527,0.7772848953193232,0.019530974603908343,0.0,0.0,0.0,0.0,0.0,0.0,0.0,0.0,0.75,0.0
0.05207948328595465,0.00018836490894898002,1.5,0.8772265993268682,0.013100191952614026,0.7791279802055744,0.01746442548532352,0.0,0.0,0.0,0.0,0.0,0.0,0.0,0.0,0.75,0.0
0.05207948328595465,0.00018836490894898002,2.0,0.8732494263655569,0.013684699420026465,0.7739218558896325,0.019399339514394272,0.0,0.0,0.0,0.0,0.0,0.0,0.0,0.0,0.75,0.0
0.05207948328595465,0.00018836490894898002,2.5,0.8613241205152804,0.01275499360482597,0.7625606819130942,0.017202988856239047,0.0,0.0,0.0,0.0,0.0,0.0,0.0,0.0,0.75,0.0
0.05207948328595465,0.00018836490894898002,3.0,0.795476229843412,0.011240286562213082,0.7020137075634302,0.02213312673091911,0.40432724731416414,0.0051613457395126225,0.2560580904052882,0.003525560760978532,0.960595115239078,0.013072517773463837,0.05362706289380581,0.03215096546141933,0.2923675610595115,0.010682108460757575
0.05207948328595465,0.00018836490894898002,4.0,0.8320077826517623,0.013489887977450186,0.7259077774259504,0.020335404629704745,0.4004207803525176,0.0005761824157233242,0.25032895092787966,0.0004504386704194332,1.0,0.0,0.013245377317139456,0.018137020734519258,0.25131148950808396,0.00179584705605104
0.05207948328595465,0.0003548133892335753,1.0,0.870005406537415,0.013685938360406059,0.7730290362761699,0.016597095029120938,0.0,0.0,0.0,0.0,0.0,0.0,0.0,0.0,0.75,0.0
0.05207948328595465,0.0003548133892335753,1.5,0.8691677833708393,0.013973615338391547,0.7729950760221651,0.0163256743107499,0.0,0.0,0.0,0.0,0.0,0.0,0.0,0.0,0.75,0.0
0.05207948328595465,0.0003548133892335753,2.0,0.8635852273002937,0.015350477430289465,0.7665758426946516,0.019027560485966478,0.0,0.0,0.0,0.0,0.0,0.0,0.0,0.0,0.75,0.0
0.05207948328595465,0.0003548133892335753,2.5,0.8402256491385061,0.015937786713619905,0.7456567862395655,0.018330549561866517,0.0,0.0,0.0,0.0,0.0,0.0,0.0,0.0,0.75,0.0
0.05207948328595465,0.0003548133892335753,3.0,0.7863846386729193,0.009974924851869122,0.6905578408699119,0.02325646109705548,0.44147436489617364,0.0037500644235961673,0.2977838543438823,0.005229380627303887,0.8541365669074648,0.024807529746915514,0.17555802671010773,0.008542150596913276,0.45958032335741317,0.02005303174448192
0.05207948328595465,0.0003548133892335753,4.0,0.8100479839378807,0.012108749202451655,0.7060615540870698,0.02507968701298776,0.4053020144120042,0.005867328022479924,0.25656470243014606,0.0038168683595132475,0.9645424836601307,0.01887661880341383,0.06061538283141256,0.03689580620606719,0.2923654110767114,0.01157880517710053
0.05207948328595465,0.0006683439175686149,1.0,0.8624035716319934,0.013532101657749847,0.7690106098274188,0.01554313683499995,0.0,0.0,0.0,0.0,0.0,0.0,0.0,0.0,0.75,0.0
0.05207948328595465,0.0006683439175686149,1.5,0.8577233509668902,0.015910549191620844,0.7639864681393992,0.016346134404520273,0.0,0.0,0.0,0.0,0.0,0.0,0.0,0.0,0.75,0.0
0.05207948328595465,0.0006683439175686149,2.0,0.8462087828007844,0.016698476897532243,0.7529301660669073,0.018160962111573795,0.0,0.0,0.0,0.0,0.0,0.0,0.0,0.0,0.75,0.0
0.05207948328595465,0.0006683439175686149,2.5,0.80239632458012,0.016124159527196227,0.7102452178083002,0.025491606851779237,0.4263559823261316,0.041896971524727426,0.9023602484472051,0.022346063910167826,0.27990196078431373,0.03567065225492309,0.4363176360112499,0.03376713016096876,0.812422600619195,0.008741334064110016
0.05207948328595465,0.0006683439175686149,3.0,0.7837721960763014,0.009402605902420863,0.6866423677660034,0.02390013630451546,0.5474554488901209,0.012462768221879587,0.4338730959083555,0.01209495504060822,0.7424492604059167,0.0283804342367007,0.3670702677338244,0.01950173159782486,0.6931501547987616,0.012305535539027964
0.05207948328595465,0.0006683439175686149,4.0,0.7972213485220682,0.007831913164754529,0.6945783901896153,0.02165722094970906,0.42900069027480336,0.005483991400060531,0.2817628006712921,0.0044344261043375655,0.8988218094255245,0.015104115013358253,0.1454317676083361,0.015612450977792606,0.4017608359133127,0.013686784426552634
0.05207948328595465,0.0012589254117941662,1.0,0.844151658808,0.01446309965328155,0.7559765289153797,0.014424207724792372,0.0,0.0,0.0,0.0,0.0,0.0,0.0,0.0,0.75,0.0
0.05207948328595465,0.0012589254117941662,1.5,0.8339104575232428,0.01659768195392128,0.7460744781577762,0.018149200555673106,0.0,0.0,0.0,0.0,0.0,0.0,0.0,0.0,0.75,0.0
0.05207948328595465,0.0012589254117941662,2.0,0.8149073220096271,0.015314915733530344,0.725572345483191,0.021061765728000385,0.1240914730612011,0.047268402591471415,0.9506284565108094,0.04882442999050494,0.06700206398348812,0.027229723565012916,0.21245371477329048,0.044145997613130636,0.7657658238734091,0.006316883084679176
0.05207948328595465,0.0012589254117941662,2.5,0.773572938130748,0.00997071710698578,0.6761954361805333,0.02402037881396514,0.5841093276738916,0.03492024715847652,0.8662131687922573,0.0196396049278626,0.4415720674234606,0.03963041081780629,0.5435608035320773,0.030533108797886042,0.8433114035087719,0.009036910585148892
0.05207948328595465,0.0012589254117941662,3.0,0.7741222646528884,0.009144102369589345,0.6737069180036436,0.023777586669541252,0.6067383264793812,0.028808445166372244,0.5892485480876812,0.031904472659179006,0.6268661850705195,0.042243355342215204,0.47119257454158847,0.038155197762614286,0.7969943240454077,0.015717810956551465
0.05207948328595465,0.0012589254117941662,4.0,0.7800317096947228,0.0072677502005621866,0.6746101276154883,0.025434788355689193,0.47934402655082986,0.010838243391766767,0.34030884266171413,0.010013634693192266,0.8107757137942896,0.009732020103683174,0.2527704758085826,0.020969956899440235,0.5594341245270038,0.016665562586749165
0.05207948328595465,0.0023713737056616554,1.0,0.81141479642816,0.011601943479474972,0.7277424728884246,0.015099887514861429,0.0,0.0,0.0,0.0,0.0,0.0,0.0,0.0,0.75,0.0
0.05207948328595465,0.0023713737056616554,1.5,0.7995510682572032,0.011416815128820411,0.7127439296813532,0.0186460606212702,0.0,0.0,0.0,0.0,0.0,0.0,0.0,0.0,0.75,0.0
0.05207948328595465,0.0023713737056616554,2.0,0.7664040130231417,0.014356807247714423,0.6681725392127958,0.031695758851566114,0.3404356990098678,0.03395518717084904,0.923771645021645,0.041176665292526206,0.20896972824217408,0.024663955730775868,0.38070323283752694,0.03353799519198702,0.7979747162022703,0.0073761935336643155
0.05207948328595465,0.0023713737056616554,2.5,0.750583916937425,0.010927694628528505,0.6434936080446303,0.028092340886018804,0.5321954996693995,0.05772314949029028,0.8719225387371795,0.02170371855947285,0.3851221190230478,0.05924727384145217,0.50523818808207,0.04688128042146125,0.8321529927760579,0.013251614808827666
0.05207948328595465,0.0023713737056616554,3.0,0.7498250013598561,0.010726982647466276,0.6405106845925316,0.028836277469059826,0.5694059072761586,0.033784230875844264,0.6679319300490949,0.047529986274637066,0.49678362573099416,0.030877905970414277,0.4609180505013817,0.045170724428232285,0.8121194530443757,0.01571453520552956
0.05207948328595465,0.0023713737056616554,4.0,0.7572123972371826,0.014082599906080311,0.6459505852871179,0.03457137639369543,0.4830411058070595,0.032969434798434186,0.3530350085905235,0.044744553937799934,0.7793343653250775,0.04704790614969771,0.25561919079851003,0.06318410232600356,0.5773950808393533,0.08052877841675463
0.05207948328595465,0.0044668359215096305,1.0,0.7701176936479474,0.009789995635003795,0.6745944603877254,0.02315008824489229,0.0,0.0,0.0,0.0,0.0,0.0,0.0,0.0,0.75,0.0
0.05207948328595465,0.0044668359215096305,1.5,0.758919398219691,0.012124542583708799,0.6562802254900586,0.02964401747385596,0.0,0.0,0.0,0.0,0.0,0.0,0.0,0.0,0.75,0.0
0.05207948328595465,0.0044668359215096305,2.0,0.739612570547836,0.014036206325683503,0.6254714276341744,0.03631647105713101,0.11563877361224492,0.024333303362423522,0.9451515151515151,0.05041608325596466,0.061764705882352944,0.013662141787514966,0.2053139690711853,0.023728344171004574,0.7644564843481252,0.003172876771362812
0.05207948328595465,0.0044668359215096305,2.5,0.72722800442112,0.013779728803433705,0.6039759844307361,0.03534468459977052,0.3482064386038103,0.054256228972457195,0.9178306878306877,0.04195420230254557,0.21559167526659784,0.03860957765260857,0.38474922642749154,0.049970419263899425,0.7993012555899554,0.010682700738047267
0.05207948328595465,0.0044668359215096305,3.0,0.7243072782412924,0.013162692155164513,0.5985218132096488,0.035370388730653325,0.41825528466076617,0.04930304927270037,0.8749074997230529,0.023263147195253697,0.2760233918128655,0.04258503664338451,0.4215475446747381,0.03812471613142325,0.8091503267973856,0.009553461333918926
0.05207948328595465,0.0044668359215096305,4.0,0.7662121975040023,0.013382520418001984,0.6522987867354803,0.03389228778507997,0.4,0.0,0.25,0.0,1.0,0.0,0.0,0.0,0.25,0.0
0.05207948328595465,0.008413951416451947,1.0,0.761322294102303,0.012463829822159801,0.6313679335140124,0.03233076858831329,0.0,0.0,0.0,0.0,0.0,0.0,0.0,0.0,0.75,0.0
0.05207948328595465,0.008413951416451947,1.5,0.7614228778464234,0.012471496650839714,0.6300036392021393,0.0317184477621786,0.0,0.0,0.0,0.0,0.0,0.0,0.0,0.0,0.75,0.0
0.05207948328595465,0.008413951416451947,2.0,0.7602393844247939,0.01229635503701578,0.6283604317637298,0.0316100105570439,0.0,0.0,0.0,0.0,0.0,0.0,0.0,0.0,0.75,0.0
0.05207948328595465,0.008413951416451947,2.5,0.7577083327046832,0.01249360541851958,0.6254168423468032,0.03265809608045571,0.0,0.0,0.0,0.0,0.0,0.0,0.0,0.0,0.75,0.0
0.05207948328595465,0.008413951416451947,3.0,0.7537428897965903,0.013538791572111323,0.6202910758983788,0.03335470163313314,0.16583889202711372,0.061187383107549294,0.9323564593301435,0.049496098686358646,0.09204506363949089,0.03672475988057472,0.24675971990506715,0.0555551093662964,0.7713686790505675,0.008724482118854798
0.05207948328595465,0.008413951416451947,4.0,0.7803240007932132,0.012832553496068513,0.6461140203592162,0.03307015473164945,0.4,0.0,0.25,0.0,1.0,0.0,0.0,0.0,0.25,0.0
0.05207948328595465,0.015848931924611124,1.0,0.7897970190908807,0.010169063234125624,0.6310786752127822,0.037072337694128224,0.0,0.0,0.0,0.0,0.0,0.0,0.0,0.0,0.75,0.0
0.05207948328595465,0.015848931924611124,1.5,0.7906682061859983,0.010809991659701394,0.6322303104371263,0.03623555234333376,0.0,0.0,0.0,0.0,0.0,0.0,0.0,0.0,0.75,0.0
0.05207948328595465,0.015848931924611124,2.0,0.7906454981174621,0.011130989592206725,0.6323773414353757,0.03629764331535415,0.0,0.0,0.0,0.0,0.0,0.0,0.0,0.0,0.75,0.0
0.05207948328595465,0.015848931924611124,2.5,0.7900524708097371,0.010504225278295642,0.6317163752191981,0.036352064209948624,0.0,0.0,0.0,0.0,0.0,0.0,0.0,0.0,0.75,0.0
0.05207948328595465,0.015848931924611124,3.0,0.7917858922235834,0.011285800800735428,0.6334020115029795,0.037307129329960644,0.010406586877175114,0.005817575027694738,0.6,0.4183300132670378,0.0052545579635362915,0.002937446210912448,0.0413417723359351,0.029609256702841227,0.750655744754042,0.0008979235280255353
0.05207948328595465,0.015848931924611124,4.0,0.7924553384031018,0.0107059779158298,0.6335550043297251,0.03802576063734136,0.4,0.0,0.25,0.0,1.0,0.0,0.0,0.0,0.25,0.0
0.05207948328595465,0.02985382618917957,1.0,0.740115884455048,0.008984533619087865,0.5145878070615917,0.04152321001740381,0.0,0.0,0.0,0.0,0.0,0.0,0.0,0.0,0.75,0.0
0.05207948328595465,0.02985382618917957,1.5,0.7458316059019057,0.0089123195522001,0.5227926077713418,0.04353276493057446,0.0,0.0,0.0,0.0,0.0,0.0,0.0,0.0,0.75,0.0
0.05207948328595465,0.02985382618917957,2.0,0.7502418065637129,0.007863856932140974,0.529816400638151,0.03908356646162911,0.0,0.0,0.0,0.0,0.0,0.0,0.0,0.0,0.75,0.0
0.05207948328595465,0.02985382618917957,2.5,0.7539633634326981,0.006303206512491412,0.5348336633892943,0.03694084346129775,0.0,0.0,0.0,0.0,0.0,0.0,0.0,0.0,0.75,0.0
0.05207948328595465,0.02985382618917957,3.0,0.774084297709462,0.012599898764086381,0.5681379940191457,0.03683751852985651,0.010406586877175114,0.005817575027694738,0.6,0.4183300132670378,0.0052545579635362915,0.002937446210912448,0.0413417723359351,0.029609256702841227,0.750655744754042,0.0008979235280255353
0.05207948328595465,0.02985382618917957,4.0,0.7555387402173688,0.007873177513783493,0.5370603038257726,0.03695234440057456,0.4,0.0,0.25,0.0,1.0,0.0,0.0,0.0,0.25,0.0
0.05207948328595465,0.05623413251903485,1.0,0.5836271826208259,0.009056397991345,0.32006860430703676,0.020199290836115328,0.0,0.0,0.0,0.0,0.0,0.0,0.0,0.0,0.75,0.0
0.05207948328595465,0.05623413251903485,1.5,0.5876210056840012,0.006663349093449403,0.32480094466074283,0.020680852904513023,0.0,0.0,0.0,0.0,0.0,0.0,0.0,0.0,0.75,0.0
0.05207948328595465,0.05623413251903485,2.0,0.5897175447954747,0.006654339764551363,0.32636865671169346,0.019827325660956678,0.0,0.0,0.0,0.0,0.0,0.0,0.0,0.0,0.75,0.0
0.05207948328595465,0.05623413251903485,2.5,0.5928916925246412,0.007167540468993482,0.33011652931436164,0.016606644422987614,0.0,0.0,0.0,0.0,0.0,0.0,0.0,0.0,0.75,0.0
0.05207948328595465,0.05623413251903485,3.0,0.6255774049868832,0.0022990093051220802,0.363647788982527,0.023894475951983275,0.010406586877175114,0.005817575027694738,0.6,0.4183300132670378,0.0052545579635362915,0.002937446210912448,0.0413417723359351,0.029609256702841227,0.750655744754042,0.0008979235280255353
0.05207948328595465,0.05623413251903485,4.0,0.5947498391962756,0.008805959122843708,0.3316654023171258,0.018653031895156547,0.4,0.0,0.25,0.0,1.0,0.0,0.0,0.0,0.25,0.0
0.05207948328595465,0.10592537251772875,1.0,0.5170167060418476,0.004254582486114641,0.2685655681559066,0.007523319639534502,0.0,0.0,0.0,0.0,0.0,0.0,0.0,0.0,0.75,0.0
0.05207948328595465,0.10592537251772875,1.5,0.5178679953185646,0.003932078841943182,0.26889260414927324,0.007376053810996774,0.0,0.0,0.0,0.0,0.0,0.0,0.0,0.0,0.75,0.0
0.05207948328595465,0.10592537251772875,2.0,0.518081588381062,0.004198319701182628,0.2689763557784069,0.007310727939379904,0.0,0.0,0.0,0.0,0.0,0.0,0.0,0.0,0.75,0.0
0.05207948328595465,0.10592537251772875,2.5,0.5184942153432043,0.004235714315001842,0.26932900559794754,0.0072173226969613905,0.0,0.0,0.0,0.0,0.0,0.0,0.0,0.0,0.75,0.0
0.05207948328595465,0.10592537251772875,3.0,0.5268658970009286,0.01131460929552104,0.27562204051605266,0.013124906971162262,0.010406586877175114,0.005817575027694738,0.6,0.4183300132670378,0.0052545579635362915,0.002937446210912448,0.0413417723359351,0.029609256702841227,0.750655744754042,0.0008979235280255353
0.05207948328595465,0.10592537251772875,4.0,0.5195506385811315,0.006380463868739097,0.2704364250952624,0.008603152635851739,0.4,0.0,0.25,0.0,1.0,0.0,0.0,0.0,0.25,0.0
0.05207948328595465,0.19952623149688797,1.0,0.5034886581516796,0.002490953728797688,0.25639003970352237,0.0012062695393974135,0.0,0.0,0.0,0.0,0.0,0.0,0.0,0.0,0.75,0.0
0.05207948328595465,0.19952623149688797,1.5,0.5034857726484478,0.0034105907015791956,0.25680846646081895,0.0027563050457846006,0.0,0.0,0.0,0.0,0.0,0.0,0.0,0.0,0.75,0.0
0.05207948328595465,0.19952623149688797,2.0,0.5034915436549114,0.003412472822584116,0.2568095520956982,0.0027586415521693554,0.0,0.0,0.0,0.0,0.0,0.0,0.0,0.0,0.75,0.0
0.05207948328595465,0.19952623149688797,2.5,0.5034857726484478,0.0034105907015791956,0.25680846646081895,0.0027563050457846006,0.0,0.0,0.0,0.0,0.0,0.0,0.0,0.0,0.75,0.0
0.05207948328595465,0.19952623149688797,3.0,0.5052301158072791,0.003026939242145947,0.2585037877194785,0.0023267853577865435,0.010406586877175114,0.005817575027694738,0.6,0.4183300132670378,0.0052545579635362915,0.002937446210912448,0.0413417723359351,0.029609256702841227,0.750655744754042,0.0008979235280255353
0.05207948328595465,0.19952623149688797,4.0,0.5034857726484478,0.0034105907015791956,0.25680846646081895,0.0027563050457846006,0.4,0.0,0.25,0.0,1.0,0.0,0.0,0.0,0.25,0.0
0.11885022274370183,0.0001,1.0,0.8790783171283649,0.013043049625342973,0.7800994015602937,0.01920604548980512,0.0,0.0,0.0,0.0,0.0,0.0,0.0,0.0,0.75,0.0
0.11885022274370183,0.0001,1.5,0.884387234267451,0.01229605039204059,0.7841286544493308,0.019039983662861765,0.0,0.0,0.0,0.0,0.0,0.0,0.0,0.0,0.75,0.0
0.11885022274370183,0.0001,2.0,0.8820093068197089,0.012042357682568682,0.7807068837163085,0.018855589102979388,0.0,0.0,0.0,0.0,0.0,0.0,0.0,0.0,0.75,0.0
0.11885022274370183,0.0001,2.5,0.8755330531171828,0.012509918329994136,0.7733414090419254,0.01703780740777144,0.0,0.0,0.0,0.0,0.0,0.0,0.0,0.0,0.75,0.0
0.11885022274370183,0.0001,3.0,0.8246457641399297,0.012403052920388694,0.732895793172671,0.017895979513682745,0.4061272131959265,0.004864626587383148,0.25648313757830005,0.003048261457435602,0.9750515995872032,0.015647899174533048,0.06635961045370639,0.03499712580587192,0.28711300309597526,0.0082101851509386
0.11885022274370183,0.0001,4.0,0.8536053990005186,0.012818159820920104,0.7450093317687172,0.01880568765556672,0.4005261821970499,0.0005259813277075934,0.25041132325077914,0.0004111932192838774,1.0,0.0,0.017932162225069576,0.0168400029309934,0.251640436876505,0.001639381270081122
0.11885022274370183,0.00018836490894898002,1.0,0.875282376426059,0.013025710958335051,0.7771656013822478,0.019118083234524352,0.0,0.0,0.0,0.0,0.0,0.0,0.0,0.0,0.75,0.0
0.11885022274370183,0.00018836490894898002,1.5,0.8771559796891537,0.013073776504425608,0.7790795237851024,0.017233772952966537,0.0,0.0,0.0,0.0,0.0,0.0,0.0,0.0,0.75,0.0
0.11885022274370183,0.00018836490894898002,2.0,0.8732541305777225,0.013708873836454402,0.7739283760091975,0.019619907479500303,0.0,0.0,0.0,0.0,0.0,0.0,0.0,0.0,0.75,0.0
0.11885022274370183,0.00018836490894898002,2.5,0.8613084758218964,0.012803211908475285,0.7624957538416934,0.017257692581615445,0.0,0.0,0.0,0.0,0.0,0.0,0.0,0.0,0.75,0.0
0.11885022274370183,0.00018836490894898002,3.0,0.816583498744692,0.01076880462396295,0.7226522569912247,0.01909580727755917,0.4702263922883395,0.004152184465929039,0.3238076676653783,0.006154313550979873,0.8593911248710011,0.02490565539779207,0.23931551055172262,0.007620910125044054,0.5157636738906088,0.018623121664103084
0.11885022274370183,0.00018836490894898002,4.0,0.8375184736797534,0.0124366835930678,0.73098040280407,0.01821285335083346,0.40900070743987965,0.006403661541820801,0.25934201799310697,0.0040510739496123094,0.9671740626074993,0.01909268496536733,0.08085198542896777,0.03624589463907149,0.3012405400756794,0.009974189978310581
0.11885022274370183,0.0003548133892335753,1.0,0.8699431050478095,0.01396814440091687,0.7730388978889426,0.016908206103161343,0.0,0.0,0.0,0.0,0.0,0.0,0.0,0.0,0.75,0.0
0.11885022274370183,0.0003548133892335753,1.5,0.8691764774762664,0.013963088846274173,0.7730131438322796,0.016234136791696746,0.0,0.0,0.0,0.0,0.0,0.0,0.0,0.0,0.75,0.0
0.11885022274370183,0.0003548133892335753,2.0,0.8635535995519398,0.015303845840531162,0.7665813863882679,0.019005764428507564,0.020662782294660852,0.014629033633429175,0.7333333333333333,0.4346134936801766,0.010500515995872033,0.007461673201860635,0.07182625261854574,0.045874747949577556,0.752296181630547,0.0018639960305291271
0.11885022274370183,0.0003548133892335753,2.5,0.8402284970460059,0.01594641917148631,0.7456619147953739,0.018336430901013206,0.55396820287694,0.037348348482390666,0.907661541889483,0.023123561422437624,0.3995012039903681,0.03850761924369334,0.5336987438469761,0.032361881590838526,0.8396951324389403,0.009529968224342482
0.11885022274370183,0.0003548133892335753,3.0,0.8230804209781205,0.009869269353618548,0.7271429026839366,0.01950247884855766,0.657571012212653,0.02541396084365354,0.613542264533748,0.04260173194515839,0.7109305125558995,0.029095084211306542,0.5350464219998696,0.03732971029076964,0.8143833849329205,0.02152851570115263
0.11885022274370183,0.0003548133892335753,4.0,0.8369281204763089,0.011157353234131261,0.7294633477530654,0.017728379503668876,0.4642706609310996,0.005439771668471418,0.3116362336934099,0.0062572493966988755,0.9106639146886826,0.016350632623598847,0.23419946149530801,0.009929553388794584,0.47436145510835914,0.019564406391954337
0.11885022274370183,0.0006683439175686149,1.0,0.8624452046523292,0.013531869104058212,0.7690655912398986,0.015525431612349367,0.0,0.0,0.0,0.0,0.0,0.0,0.0,0.0,0.75,0.0
0.11885022274370183,0.0006683439175686149,1.5,0.8576757025678343,0.015898930804411064,0.7639842616322114,0.016279300565891018,0.1173437958772208,0.046064772528081464,0.9396153846153847,0.0576858970797325,0.06308049535603714,0.026165970819515164,0.20461830707897383,0.04851959326244766,0.7647854317165462,0.00668635404470197
0.11885022274370183,0.0006683439175686149,2.0,0.846188621873894,0.016666044853349042,0.7528593432118909,0.018123015553299326,0.511672468841737,0.06251139972882735,0.9115118943828622,0.025867689142000164,0.35751633986928105,0.05950655730243166,0.5030145382382739,0.053088575702941315,0.8308393532851739,0.014948403839014447
0.11885022274370183,0.0006683439175686149,2.5,0.8335227755140464,0.011819364349502757,0.7379122494841459,0.017345048178490377,0.6280593404455782,0.034296356597765205,0.885885336271347,0.01491384663478735,0.4876074991400069,0.04075142985011886,0.586232534566522,0.027991453488330036,0.8561296009631925,0.008609478543316272
0.11885022274370183,0.0006683439175686149,3.0,0.832753304780694,0.00939376280013991,0.7326172715760337,0.01880605055812883,0.6732226042606442,0.02587056556753001,0.7540109033293898,0.020549448782424547,0.6084709322325421,0.032708744799208475,0.5851449143612935,0.030168968882827513,0.8525176298589612,0.0097930377222906
0.11885022274370183,0.0006683439175686149,4.0,0.8388975470010251,0.009799896480434342,0.7296707267349646,0.0171443328372998,0.5964030616357892,0.01378347798284709,0.4733734828569777,0.019064103672727383,0.8068627450980392,0.013833116984459612,0.4440992601802297,0.01997938870680376,0.7266619367045063,0.017002366237172016
0.11885022274370183,0.0012589254117941662,1.0,0.8442537182154096,0.014505051030769508,0.7561034152790168,0.01442939197566453,0.0025974025974025974,0.005807968772726726,0.2,0.44721359549995804,0.0013071895424836603,0.0029229646764703135,0.009327470168081433,0.03544052748632447,0.7499978500171999,0.0011592076441329384
0.11885022274370183,0.0012589254117941662,1.5,0.8339047993039745,0.016569454050787028,0.746079568729761,0.018019834688141737,0.4382683776588932,0.05618738755073221,0.9050129210843497,0.022472020468154098,0.29050567595459237,0.046713837563814226,0.4459901654822548,0.0444973010382625,0.8150692294461643,0.01131308303605803
0.11885022274370183,0.0012589254117941662,2.0,0.8272629158176688,0.01432496888426461,0.736257992150173,0.017906863138783514,0.5659743814649708,0.04819591062915101,0.907339715602444,0.02076858268673191,0.41268489852081186,0.0510145533968387,0.5432641380072898,0.04130223651816205,0.8426599587203303,0.012268163856445946
0.11885022274370183,0.0012589254117941662,2.5,0.8277410540204269,0.01114739715091194,0.7320749952886982,0.01909015558344025,0.6138964788595374,0.02990092119197615,0.8909533931066763,0.020283373053245977,0.4691950464396285,0.03516096358786418,0.5760113737212215,0.02474692675009631,0.852842277261782,0.007481628915639148
0.11885022274370183,0.0012589254117941662,3.0,0.8284554368989886,0.00942667046915072,0.7275077263859837,0.019819444591736044,0.6627566712369863,0.03805779326272915,0.8197242207096428,0.018316950797501397,0.5572583419332646,0.047376895317580596,0.5952757085514818,0.03823107490290482,0.8587611799105608,0.01181391241295166
0.11885022274370183,0.0012589254117941662,4.0,0.827847356999839,0.008647678586700352,0.7221267352495199,0.01746603586224906,0.6482069557422475,0.015222506096731422,0.5929050499720109,0.025745841510718803,0.7161850705194359,0.023990313109694853,0.5204177607283946,0.022037531320390023,0.8055039559683523,0.01313213515855787
0.11885022274370183,0.0023713737056616554,1.0,0.8114473405878847,0.011667330988366323,0.7277396255753474,0.015051494339167953,0.08042872692090623,0.013807746964671429,0.9464285714285715,0.07362688617174395,0.04205366357069144,0.0075246326538131484,0.16962495736236768,0.018957525636212957,0.7598576711386309,0.0020254675193492415
0.11885022274370183,0.0023713737056616554,1.5,0.8007366060237899,0.010920874866777374,0.7139190486553566,0.017400055714425468,0.4288288457328705,0.05707967003695111,0.9024733147158777,0.02417058844844169,0.2826109391124871,0.04770881690479194,0.4383086382075575,0.0456688395302578,0.8130955452356382,0.011653054537541969
0.11885022274370183,0.0023713737056616554,2.0,0.7983440349768797,0.009620948158684445,0.7070614377111057,0.019428447358221898,0.5170930737025973,0.06309990466058894,0.9046862515449237,0.030046740186583078,0.36410388716890263,0.06049708998455563,0.5048389665377016,0.052729146480406296,0.8314993980048161,0.014649724304547846
0.11885022274370183,0.0023713737056616554,2.5,0.7967730710682694,0.00813796251152325,0.7007969274047581,0.021166405079538892,0.5764195289558343,0.04529415512853231,0.8974406951583493,0.024262007096223837,0.4258341933264534,0.048047602812191115,0.5481290533755708,0.039930487260131216,0.8443046955624356,0.01172204703625898
0.11885022274370183,0.0023713737056616554,3.0,0.7953817133108159,0.0072685356647346835,0.6959375421361937,0.021872219827102767,0.6084662901553455,0.03362728550558339,0.8294654857265739,0.01864831664050104,0.4810199518403853,0.03691131146402386,0.5510034075807753,0.033085270600594456,0.8456161850705193,0.009876809563474035
0.11885022274370183,0.0023713737056616554,4.0,0.7904028102111841,0.006179132433796894,0.6861123510436408,0.02362176965293787,0.6333808343130285,0.023771725968197394,0.6356110931125656,0.031083083147824084,0.6320949432404541,0.029234849163674706,0.5118881148745752,0.03234281691962979,0.8170235638114894,0.013766756814574364
0.11885022274370183,0.0044668359215096305,1.0,0.7701446923755995,0.009757467036377292,0.6746200022875005,0.023088173671375046,0.005211781682369918,0.007136589080213232,0.4,0.5477225575051662,0.002622979016167871,0.003591694112102096,0.02338782489187179,0.043779333197366044,0.7503267973856209,0.0013735218586293394
0.11885022274370183,0.0044668359215096305,1.5,0.7591865234749031,0.011887383394837274,0.6566969607678166,0.028975717994004828,0.27347380260982856,0.029100053051159494,0.9397783251231526,0.029076531737726414,0.1603543171654627,0.019836370965199454,0.33560127265727174,0.022267623869231444,0.7874591503267975,0.004634257877706864
0.11885022274370183,0.0044668359215096305,2.0,0.7509949272830998,0.011245776422075362,0.6428656150913981,0.030737110967794246,0.39047758507678576,0.05259109820221905,0.8918853341780171,0.028961341423013934,0.2510663914688683,0.04165002704792554,0.4070423251083189,0.04234221820063053,0.8052094083247333,0.010139899902109464
0.11885022274370183,0.0044668359215096305,2.5,0.7485778718001421,0.010691391420045658,0.6362189197716442,0.03128342759236491,0.4625402964741084,0.05706690830760202,0.8927540956216387,0.021887111029253965,0.31414688682490544,0.05362117792369387,0.4598287991421032,0.041997648538977625,0.8190079979360165,0.011333166873872348
0.11885022274370183,0.0044668359215096305,3.0,0.7464425899172558,0.010732619034110574,0.6313361234445449,0.03195319671558023,0.5068388544470068,0.058154196535115825,0.8670356402032342,0.02497522694838364,0.36015651874785004,0.05749486882348181,0.4842339671424849,0.046781565289613664,0.8262405400756794,0.012805138545983575
0.11885022274370183,0.0044668359215096305,4.0,0.7662122726954659,0.013402299246666728,0.6523702436068296,0.033985587039466865,0.482477125331023,0.03760422428992409,0.3549697372631013,0.062024001713779024,0.792578259373925,0.10425503319414962,0.2552971239662292,0.07463989955927959,0.5641941864465083,0.12415605452038261
0.11885022274370183,0.008413951416451947,1.0,0.7613436158128211,0.0125013292906835,0.631475887614507,0.03236500511825037,0.0,0.0,0.0,0.0,0.0,0.0,0.0,0.0,0.75,0.0
0.11885022274370183,0.008413951416451947,1.5,0.7614372489689845,0.012463667580989015,0.6300471798082251,0.031753641423983334,0.0,0.0,0.0,0.0,0.0,0.0,0.0,0.0,0.75,0.0
0.11885022274370183,0.008413951416451947,2.0,0.7602334630354031,0.012293478966146474,0.628362093802535,0.03159073493484241,0.0,0.0,0.0,0.0,0.0,0.0,0.0,0.0,0.75,0.0
0.11885022274370183,0.008413951416451947,2.5,0.7578267887201129,0.012613086528591598,0.6254591125184321,0.032708033639463195,0.01290408937467761,0.015702303049256603,0.55,0.51234753829798,0.006570347437220503,0.008057554995702152,0.04218146432126937,0.05083088195258581,0.750984692122463,0.0018743516265420667
0.11885022274370183,0.008413951416451947,3.0,0.7537355632513155,0.01357500984182593,0.6203269114190662,0.03329858437778692,0.1581554627486335,0.04061296553020529,0.9442251461988305,0.05426345418329166,0.0867733058135535,0.024025766796577672,0.24385600805877497,0.03863690305936427,0.7703796869625044,0.005679452326617971
0.11885022274370183,0.008413951416451947,4.0,0.7803010483524204,0.012882009778171,0.646321366854215,0.033239524600129966,0.4,0.0,0.25,0.0,1.0,0.0,0.0,0.0,0.25,0.0
0.11885022274370183,0.015848931924611124,1.0,0.7894159540537459,0.01052268348628873,0.6318617058664036,0.03728385133080016,0.0,0.0,0.0,0.0,0.0,0.0,0.0,0.0,0.75,0.0
0.11885022274370183,0.015848931924611124,1.5,0.7902407099270324,0.010672942668257905,0.6327244132555915,0.03646707177113714,0.0,0.0,0.0,0.0,0.0,0.0,0.0,0.0,0.75,0.0
0.11885022274370183,0.015848931924611124,2.0,0.7902547050922756,0.01083803706096182,0.6327643689473037,0.0363074875141719,0.0,0.0,0.0,0.0,0.0,0.0,0.0,0.0,0.75,0.0
0.11885022274370183,0.015848931924611124,2.5,0.7901788595862085,0.010559959438229849,0.6322612095127124,0.03653616532177606,0.0,0.0,0.0,0.0,0.0,0.0,0.0,0.0,0.75,0.0
0.11885022274370183,0.015848931924611124,3.0,0.7909245600791529,0.010778700348506913,0.6324742839953595,0.03724463404662426,0.0,0.0,0.0,0.0,0.0,0.0,0.0,0.0,0.75,0.0
0.11885022274370183,0.015848931924611124,4.0,0.7919448721852604,0.010691430435872262,0.6338579597311514,0.03750669143530811,0.4,0.0,0.25,0.0,1.0,0.0,0.0,0.0,0.25,0.0
0.11885022274370183,0.02985382618917957,1.0,0.7517577250205872,0.006529628317117926,0.5316743503541353,0.037436645684414606,0.0,0.0,0.0,0.0,0.0,0.0,0.0,0.0,0.75,0.0
0.11885022274370183,0.02985382618917957,1.5,0.7568056452552737,0.007987293063075752,0.5387251560199257,0.037324940630073515,0.0,0.0,0.0,0.0,0.0,0.0,0.0,0.0,0.75,0.0
0.11885022274370183,0.02985382618917957,2.0,0.7578479416812641,0.006634552332771653,0.5407739740375173,0.035977543395476236,0.0,0.0,0.0,0.0,0.0,0.0,0.0,0.0,0.75,0.0
0.11885022274370183,0.02985382618917957,2.5,0.7603012588022333,0.007927812525463488,0.5443544397707737,0.0343712830996199,0.0,0.0,0.0,0.0,0.0,0.0,0.0,0.0,0.75,0.0
0.11885022274370183,0.02985382618917957,3.0,0.7639810744861134,0.008940538716856811,0.5492392732979651,0.034133165369601384,0.0,0.0,0.0,0.0,0.0,0.0,0.0,0.0,0.75,0.0
0.11885022274370183,0.02985382618917957,4.0,0.764080492762548,0.008938922390022332,0.5494129492637283,0.03447032145029251,0.4,0.0,0.25,0.0,1.0,0.0,0.0,0.0,0.25,0.0
0.11885022274370183,0.05623413251903485,1.0,0.5913902532934651,0.006028741330946599,0.3278550998991217,0.015993875872972053,0.0,0.0,0.0,0.0,0.0,0.0,0.0,0.0,0.75,0.0
0.11885022274370183,0.05623413251903485,1.5,0.5956875337572692,0.00816334424544105,0.3321111672606616,0.018731548149629722,0.0,0.0,0.0,0.0,0.0,0.0,0.0,0.0,0.75,0.0
0.11885022274370183,0.05623413251903485,2.0,0.5992362751271135,0.007596440663563066,0.33497385410244956,0.017486965267100214,0.0,0.0,0.0,0.0,0.0,0.0,0.0,0.0,0.75,0.0
0.11885022274370183,0.05623413251903485,2.5,0.6012703435065558,0.006423755352369134,0.33693606602426013,0.015924196140290735,0.0,0.0,0.0,0.0,0.0,0.0,0.0,0.0,0.75,0.0
0.11885022274370183,0.05623413251903485,3.0,0.6066381456693445,0.005784414854577516,0.3426675379866516,0.015813753829911768,0.0,0.0,0.0,0.0,0.0,0.0,0.0,0.0,0.75,0.0
0.11885022274370183,0.05623413251903485,4.0,0.6071877918168376,0.006621627008969166,0.3432968163000713,0.015031351089478909,0.4,0.0,0.25,0.0,1.0,0.0,0.0,0.0,0.25,0.0
0.11885022274370183,0.10592537251772875,1.0,0.518081588381062,0.004198319701182628,0.2689763557784069,0.007310727939379904,0.0,0.0,0.0,0.0,0.0,0.0,0.0,0.0,0.75,0.0
0.11885022274370183,0.10592537251772875,1.5,0.5201710217759606,0.006738947871373572,0.2708051505886111,0.008691570496669906,0.0,0.0,0.0,0.0,0.0,0.0,0.0,0.0,0.75,0.0
0.11885022274370183,0.10592537251772875,2.0,0.5201595643842463,0.007933309075201409,0.270815841400997,0.008630286780696992,0.0,0.0,0.0,0.0,0.0,0.0,0.0,0.0,0.75,0.0
0.11885022274370183,0.10592537251772875,2.5,0.5216340565356775,0.0077493022673173935,0.27138445314297,0.008743408598542186,0.0,0.0,0.0,0.0,0.0,0.0,0.0,0.0,0.75,0.0
0.11885022274370183,0.10592537251772875,3.0,0.5218375691347296,0.007931893452186912,0.271466026753493,0.008698276280925912,0.0,0.0,0.0,0.0,0.0,0.0,0.0,0.0,0.75,0.0
0.11885022274370183,0.10592537251772875,4.0,0.5218375691347296,0.007931893452186912,0.271466026753493,0.008698276280925912,0.4,0.0,0.25,0.0,1.0,0.0,0.0,0.0,0.25,0.0
0.11885022274370183,0.19952623149688797,1.0,0.5034886581516796,0.003411525790411434,0.25680900838399595,0.0027574713546798034,0.0,0.0,0.0,0.0,0.0,0.0,0.0,0.0,0.75,0.0
0.11885022274370183,0.19952623149688797,1.5,0.5034857726484478,0.0034105907015791956,0.25680846646081895,0.0027563050457846006,0.0,0.0,0.0,0.0,0.0,0.0,0.0,0.0,0.75,0.0
0.11885022274370183,0.19952623149688797,2.0,0.5034886581516796,0.003411525790411434,0.25680900838399595,0.0027574713546798034,0.0,0.0,0.0,0.0,0.0,0.0,0.0,0.0,0.75,0.0
0.11885022274370183,0.19952623149688797,2.5,0.5034915436549114,0.003412472822584116,0.2568095520956982,0.0027586415521693554,0.0,0.0,0.0,0.0,0.0,0.0,0.0,0.0,0.75,0.0
0.11885022274370183,0.19952623149688797,3.0,0.5036978571359825,0.003510391099858481,0.2568881265431192,0.0029281430676000382,0.0,0.0,0.0,0.0,0.0,0.0,0.0,0.0,0.75,0.0
0.11885022274370183,0.19952623149688797,4.0,0.5036978571359825,0.003510391099858481,0.2568881265431192,0.0029281430676000382,0.4,0.0,0.25,0.0,1.0,0.0,0.0,0.0,0.25,0.0
0.27122725793320285,0.0001,1.0,0.8792341906964779,0.0129241427874471,0.7803436176859455,0.019167855337248817,0.0,0.0,0.0,0.0,0.0,0.0,0.0,0.0,0.75,0.0
0.27122725793320285,0.0001,1.5,0.8843062756802269,0.012222621937109171,0.7839546674278548,0.018965207469948765,0.0,0.0,0.0,0.0,0.0,0.0,0.0,0.0,0.75,0.0
0.27122725793320285,0.0001,2.0,0.8820251018960199,0.01199812076622147,0.7807715729349173,0.018695167563977,0.0,0.0,0.0,0.0,0.0,0.0,0.0,0.0,0.75,0.0
0.27122725793320285,0.0001,2.5,0.8755878776785861,0.012497201322795604,0.7734480751588622,0.01699103844872305,0.03075417983623304,0.023169859218033745,0.75,0.4330127018922193,0.01575507395940832,0.01191356666837367,0.08914202764473514,0.058406437487851556,0.753609821121431,0.002931420932379207
0.27122725793320285,0.0001,3.0,0.843255643984661,0.01154213086759046,0.7456732168886827,0.017603894224851525,0.5620082047848073,0.012630009735422342,0.4210434172537726,0.016229913384591153,0.84625042999656,0.019554624850451095,0.39651982531117175,0.01851285988669506,0.6698249914000688,0.02120750624588679
0.27122725793320285,0.0001,4.0,0.8590088846282693,0.011585225553868097,0.7493886257395493,0.017123133020485886,0.41583297691198984,0.0038960622882939955,0.26447121439461985,0.0022133466967552565,0.9724286205710355,0.01757498570976,0.11409832592481613,0.022890577020796568,0.3170085139318885,0.006997317123206265
0.27122725793320285,0.00018836490894898002,1.0,0.8753212931239561,0.01305012612541027,0.7771788502705039,0.019130042906808118,0.0,0.0,0.0,0.0,0.0,0.0,0.0,0.0,0.75,0.0
0.27122725793320285,0.00018836490894898002,1.5,0.8771822875798257,0.013097736007563103,0.7790072017093205,0.01702275940013512,0.0,0.0,0.0,0.0,0.0,0.0,0.0,0.0,0.75,0.0
0.27122725793320285,0.00018836490894898002,2.0,0.8732339132572342,0.01364838832610451,0.7739143736761805,0.019565779988805286,0.4303875382302628,0.037682795318779425,0.9223771929824561,0.02256898388383457,0.2812779497764018,0.030578040713475692,0.44564926016074313,0.03050039084118452,0.814404884760922,0.00770777979468066
0.27122725793320285,0.00018836490894898002,2.5,0.8617845134093646,0.01250159473528048,0.7625905760982782,0.017376189438351505,0.6313588321158721,0.033064458135554586,0.9027706594607677,0.02209409302198997,0.4862831097351221,0.03747567420463043,0.5944157037597861,0.029982301127844987,0.8584300825593395,0.009113716607051596
0.27122725793320285,0.00018836490894898002,3.0,0.8570491393126531,0.00992208086966863,0.7531304595126207,0.015670184521545942,0.6953895257231938,0.019202469895336048,0.7224283874155759,0.01943861511217232,0.6715170278637771,0.03711076336956345,0.6000612100935128,0.02202577317612808,0.8531518747850017,0.00725998368869149
0.27122725793320285,0.00018836490894898002,4.0,0.8633875936875774,0.011500636603665777,0.7516735338215678,0.014639012327410961,0.5707652231180145,0.01496651528762521,0.42040168757769375,0.015004388048730964,0.8896284829721364,0.02683063797459504,0.41687729196494444,0.024942813996895883,0.665236928104575,0.01926778522195097
0.27122725793320285,0.0003548133892335753,1.0,0.8698207343305822,0.01392057870537671,0.7730095835326545,0.016877290177761076,0.0,0.0,0.0,0.0,0.0,0.0,0.0,0.0,0.75,0.0
0.27122725793320285,0.0003548133892335753,1.5,0.8691549865849554,0.013927492841050475,0.7730238578523466,0.016257445001594834,0.5184549874562046,0.05856309047007626,0.9190812598395812,0.020784123853609667,0.3627622979016168,0.05663288625837323,0.5105990575528667,0.04919700714322394,0.8328065875472996,0.014203313448937965
0.27122725793320285,0.0003548133892335753,2.0,0.8665900559950088,0.014545526885721378,0.7671278041708576,0.022269065337916297,0.620426244864478,0.037334298588207984,0.905345807312208,0.028715406257757817,0.4731424148606811,0.042832358589126374,0.5862623095186639,0.033443265918383425,0.8558028035775715,0.010073981235747275
0.27122725793320285,0.0003548133892335753,2.5,0.8688943089361144,0.012500490769835561,0.7625114183244625,0.01830105011021219,0.6734566912540735,0.03142045449491537,0.8842099678416918,0.02107830023932007,0.5454334365325078,0.04370547098346667,0.6248680706599081,0.024506865700951015,0.86828345373237,0.00783768408012856
0.27122725793320285,0.0003548133892335753,3.0,0.872942848580821,0.010896202334205376,0.7624458420619559,0.01514102021701395,0.6996301324652857,0.023023214190701857,0.7677864113888432,0.024723058555902396,0.6439542483660131,0.03928267928284646,0.61559044090295,0.02548411134287472,0.8620291537667699,0.008500557285777751
0.27122725793320285,0.0003548133892335753,4.0,0.8774288193723345,0.010362080669604328,0.759846741612822,0.015084742285540275,0.6759123903610278,0.01899861600288987,0.5940963401741237,0.024009986232583647,0.7845287237702098,0.022021156192803402,0.5576193156634008,0.0271599537089293,0.8117776057791538,0.013568110749894351
0.27122725793320285,0.0006683439175686149,1.0,0.8624176231908341,0.013585647623715355,0.7690015316818978,0.015545976504082423,0.455685783223401,0.05145765940427874,0.9235393324696772,0.01618094040183172,0.3036377708978328,0.04359567789641838,0.46477097416427915,0.04018106891532589,0.8196658926728586,0.010636632768019324
0.27122725793320285,0.0006683439175686149,1.5,0.86379093462723,0.012764925304173202,0.7670641066200956,0.016372519659402836,0.5975117367959119,0.04191698764260678,0.9071987053194484,0.023348874406086337,0.44685242518059853,0.047486778691013296,0.5682594376839145,0.035701354285498185,0.8502171482628139,0.010854330351461655
0.27122725793320285,0.0006683439175686149,2.0,0.8691638168362374,0.013292977558311929,0.7645393888786906,0.01987424923868354,0.6354249316659906,0.03588935532217201,0.8937191615983643,0.021703902067794628,0.49417784657722735,0.042587068571919504,0.5949993604624046,0.030938656918416917,0.8587590299277605,0.009511284923332178
0.27122725793320285,0.0006683439175686149,2.5,0.8737362304461269,0.012579441154210657,0.7629584039425525,0.01855959378398433,0.676239148540168,0.03658182696791251,0.8512951474589405,0.013517995469301828,0.5625214998280014,0.05016938680969648,0.6173707104169533,0.032336386290777036,0.8659872721018231,0.010037681758325492
0.27122725793320285,0.0006683439175686149,3.0,0.8772366467553754,0.011675849526938809,0.7622579999352503,0.01758222332457532,0.7037138611116088,0.021769289959477685,0.7630361628217059,0.03242191447672724,0.6544633642930856,0.03626174528465374,0.6185295433391983,0.026576124037812343,0.8623602511179911,0.009738497737999422
0.27122725793320285,0.0006683439175686149,4.0,0.8818643925306802,0.01129356276739698,0.7626819764030691,0.01704874652688159,0.6882834124887303,0.018641848287756595,0.6389387029569928,0.026277896187534847,0.74640522875817,0.016105383247519672,0.5766415523351069,0.026340923706335378,0.8308200034399725,0.01274610371855033
0.27122725793320285,0.0012589254117941662,1.0,0.8469786108784859,0.01391179378301738,0.7568676485984062,0.014127572129813897,0.5152725649762671,0.06375979282702988,0.9094354551793643,0.028365244526581648,0.36145510835913314,0.061711749957483304,0.5050941439878499,0.054663960533151784,0.8314950980392156,0.015574188104010915
0.27122725793320285,0.0012589254117941662,1.5,0.8577678083511693,0.012908751433145337,0.7586981444815007,0.019484003359731442,0.6021538623473119,0.03602000251490913,0.9061429295342339,0.02497363660403639,0.45210698314413483,0.04175776274318841,0.5715451478156484,0.03025633779740992,0.8512018403852769,0.009129925440196545
0.27122725793320285,0.0012589254117941662,2.0,0.8645320389495132,0.013052414006009304,0.7575343722792539,0.018745212387541083,0.6348022333270654,0.03573527321814386,0.8954756605183768,0.018781274117316876,0.4928620571035432,0.042463667985408626,0.595048035162192,0.03036997144734095,0.8587590299277604,0.009367997737672001
0.27122725793320285,0.0012589254117941662,2.5,0.8690034881739063,0.013477521732630194,0.7568442368312939,0.016283709969760838,0.678699557831969,0.0280408051147869,0.8551232770335856,0.011564475034630844,0.5638200894392844,0.04038602226269512,0.6205367758552898,0.023175012118591142,0.8669676642586859,0.007214543517001513
0.27122725793320285,0.0012589254117941662,3.0,0.8713620534499776,0.012499874131751633,0.7561882572713634,0.01760790265406794,0.6932824888043355,0.021841509114321297,0.7809133802809691,0.028561571193951335,0.624234606123151,0.031076577565417665,0.6124533839649408,0.026198009706696685,0.8620356037151703,0.009054197629488675
0.27122725793320285,0.0012589254117941662,4.0,0.8744480193424591,0.011712461556829623,0.7547260352011123,0.019843709751048693,0.6871338557790871,0.01580513903330735,0.6880254946395294,0.020956197358229192,0.6872807017543859,0.030331412986000186,0.58336485223468,0.019599211407581526,0.843627450980392,0.007806482889627549
0.27122725793320285,0.0023713737056616554,1.0,0.8186758554234512,0.012277473586263547,0.7326383649229301,0.01587336531204046,0.4836835870345547,0.06001571805901797,0.9089428722649121,0.022589691380905507,0.3312435500515996,0.05455607176263751,0.4809837125207178,0.04861512035204312,0.8245979532163743,0.013217028225747541
0.27122725793320285,0.0023713737056616554,1.5,0.8300627752328055,0.013067080782091964,0.7376038182538409,0.01767238378715903,0.5632199617808328,0.05180642647031921,0.9067007426853358,0.026461598661578777,0.41006191950464393,0.05457246416507025,0.5409645826763956,0.04561654036936992,0.8420063639490885,0.013464895744210876
0.27122725793320285,0.0023713737056616554,2.0,0.8379823820829225,0.01299505509049324,0.7377176072423307,0.0183282183200334,0.5873385526862069,0.046841969794218834,0.8925408080570973,0.013866361632443272,0.4389920880632955,0.04997543705092755,0.555270569701938,0.040371720455557064,0.846607327141383,0.01202051759228822
0.27122725793320285,0.0023713737056616554,2.5,0.842259224335906,0.013138964600077022,0.7371661849321542,0.016900917380019316,0.6293362412913572,0.028172356936109928,0.8718262197572543,0.010113878135647826,0.4928448572411421,0.03140714419678372,0.5825218946930839,0.026014775601579478,0.8551427588579292,0.007886310847753139
0.27122725793320285,0.0023713737056616554,3.0,0.8443968089265491,0.012793269918473448,0.7350009820379977,0.01785065484954272,0.6530862682394539,0.02285814344215657,0.827622128739091,0.021916768876026674,0.5401358789129687,0.031060169846474476,0.5887553149869298,0.022113986853884434,0.8567767457860338,0.006944837154656966
0.27122725793320285,0.0023713737056616554,4.0,0.848415553645643,0.011985481199430532,0.7334950683768667,0.01842028745976505,0.6787060634954903,0.021323139045870975,0.7622640153445756,0.02869994767314215,0.6123753009975921,0.027853898025522104,0.5928163082728154,0.026371790054334692,0.8551363089095286,0.009156590343055465
0.27122725793320285,0.0044668359215096305,1.0,0.7730725807272316,0.008841023478727714,0.6783253867362841,0.0211907354944479,0.3462026420210916,0.06018856968925466,0.9265353887305107,0.02859451357437016,0.21428448572411424,0.04416538395935123,0.38543711889314114,0.0460182785560817,0.7992991056071552,0.01042262511865258
0.27122725793320285,0.0044668359215096305,1.5,0.7782032406623445,0.00943487408640185,0.6803019426514829,0.022446773211459974,0.4363817754618742,0.05133036852449966,0.9021696993036166,0.02645447252264634,0.28917268661850704,0.04463992880595313,0.4436024748644211,0.03918956056225582,0.8144070347437221,0.010144030907526632
0.27122725793320285,0.0044668359215096305,2.0,0.7821747459130062,0.009762756905008208,0.6812346105913123,0.023053810459932603,0.490611892432187,0.06391869278620049,0.9017885722728097,0.028992231721174284,0.33913828689370484,0.05954542619083848,0.4838726111960505,0.0514956588028045,0.8255869453044375,0.013898879304456565
0.27122725793320285,0.0044668359215096305,2.5,0.7850666546562481,0.01016097061161783,0.6804223492538193,0.02279677950831054,0.5258441612351115,0.06062139827866248,0.8925811113684837,0.031243520435597968,0.3746130030959752,0.05931350946282275,0.5074232344656366,0.052360261337475504,0.8324862401100791,0.014554552677603454
0.27122725793320285,0.0044668359215096305,3.0,0.7866213534802673,0.009581676923510127,0.6782538510468419,0.024038488706412304,0.5509028973513617,0.051571817910860934,0.8699529537351159,0.014820737034337558,0.4048417612659098,0.05317896295327126,0.5188824682378117,0.04126936381539626,0.8360960612315103,0.011727540329411083
0.27122725793320285,0.0044668359215096305,4.0,0.7880661352656663,0.009465021243117364,0.6755813859047702,0.02607429346577382,0.6022781601341061,0.04601587061102315,0.8153064075773224,0.03219986111032248,0.47842277261781907,0.04860594650390246,0.5412651251099185,0.046985340755712326,0.842670708634331,0.013829371836135734
0.27122725793320285,0.008413951416451947,1.0,0.7614560376516645,0.012427837063800944,0.6315180177893416,0.03236349144347758,0.0,0.0,0.0,0.0,0.0,0.0,-0.004686784907930119,0.010479969650051841,0.749671052631579,0.0007355486768091622
0.27122725793320285,0.008413951416451947,1.5,0.7615872575413045,0.01254356712563083,0.6301261311491967,0.03175651608863171,0.0896337716111047,0.028065121247340286,0.9325396825396826,0.06508420423355846,0.047316821465428274,0.015739830107346,0.176155161594332,0.026476938055958944,0.760844513243894,0.0034210357824389814
0.27122725793320285,0.008413951416451947,2.0,0.7623598816320696,0.011714839548895628,0.630467065509911,0.03102665686949218,0.20102249278363185,0.03892970905922268,0.9339768564768566,0.020399404690979363,0.1130546955624355,0.024087530704011567,0.2778840442213964,0.03372016112909296,0.7762921396628826,0.005856919753945792
0.27122725793320285,0.008413951416451947,2.5,0.7637236579280282,0.011249151590756862,0.6322320602322945,0.031489064835897584,0.2575211183062045,0.04799639860806759,0.942203548085901,0.031314259770179174,0.1498624011007912,0.03159110425848131,0.32391203019975057,0.03944277366077382,0.7851651186790506,0.007821696081379087
0.27122725793320285,0.008413951416451947,3.0,0.7658149992754995,0.010907171486018262,0.6342013419594169,0.032178760174656845,0.3056703085949616,0.04571509823928652,0.9224488554923337,0.029836303238311303,0.18402992776057792,0.03255359948519895,0.3545684861379807,0.033899648105857785,0.792064413484692,0.007394530553046424
0.27122725793320285,0.008413951416451947,4.0,0.7804943770689485,0.012908174791393428,0.6464240836012667,0.0332775234224705,0.5498960162199709,0.01758738631565648,0.46646125246769365,0.038500006129476586,0.6781647746818026,0.062204584086607756,0.3754757188936449,0.027922084500450285,0.7220373237014105,0.03109558390859462
0.27122725793320285,0.015848931924611124,1.0,0.7896890711441216,0.011073255777927785,0.6324936476658546,0.03749861932759363,0.0,0.0,0.0,0.0,0.0,0.0,0.0,0.0,0.75,0.0
0.27122725793320285,0.015848931924611124,1.5,0.7900928631092909,0.010784616518620909,0.6330639606022875,0.0366502557261317,0.0,0.0,0.0,0.0,0.0,0.0,0.0,0.0,0.75,0.0
0.27122725793320285,0.015848931924611124,2.0,0.7901731026935523,0.010780244558331478,0.6331749085449931,0.03631379052399078,0.0,0.0,0.0,0.0,0.0,0.0,0.0,0.0,0.75,0.0
0.27122725793320285,0.015848931924611124,2.5,0.7902543056530332,0.011172864154795292,0.6327082558186305,0.03645130249776419,0.0,0.0,0.0,0.0,0.0,0.0,0.0,0.0,0.75,0.0
0.27122725793320285,0.015848931924611124,3.0,0.7915270334685734,0.011493573237553564,0.6331383624593071,0.03714332544267168,0.010406586877175114,0.005817575027694738,0.6,0.4183300132670378,0.0052545579635362915,0.002937446210912448,0.0413417723359351,0.029609256702841227,0.750655744754042,0.0008979235280255353
0.27122725793320285,0.015848931924611124,4.0,0.7926705575118156,0.011723258413317415,0.6351511236934979,0.03772033205385609,0.3994702114963955,0.0020451623900714093,0.24983362551401395,0.001258771035656555,0.9960526315789473,0.005884389414473143,-0.008714222107598871,0.04877485339516198,0.2513114895080839,0.0026986673689794994
0.27122725793320285,0.02985382618917957,1.0,0.7587043346710215,0.006056818404034709,0.5421596107367034,0.034454775540088946,0.0,0.0,0.0,0.0,0.0,0.0,0.0,0.0,0.75,0.0
0.27122725793320285,0.02985382618917957,1.5,0.7637947995917236,0.008789365850591278,0.5505701603856407,0.037078888952540814,0.0,0.0,0.0,0.0,0.0,0.0,0.0,0.0,0.75,0.0
0.27122725793320285,0.02985382618917957,2.0,0.765540754744596,0.009910557291357718,0.5541444845450807,0.035676423848196685,0.0,0.0,0.0,0.0,0.0,0.0,0.0,0.0,0.75,0.0
0.27122725793320285,0.02985382618917957,2.5,0.7694356390926306,0.01044321519568722,0.5598927930622188,0.03664724951005193,0.0,0.0,0.0,0.0,0.0,0.0,0.0,0.0,0.75,0.0
0.27122725793320285,0.02985382618917957,3.0,0.7720245936017263,0.012185815121527804,0.5635497665773057,0.034762437549323545,0.010406586877175114,0.005817575027694738,0.6,0.4183300132670378,0.0052545579635362915,0.002937446210912448,0.0413417723359351,0.029609256702841227,0.750655744754042,0.0008979235280255353
0.27122725793320285,0.02985382618917957,4.0,0.7844067629697238,0.014408487034526567,0.5844602338366669,0.03714895484105701,0.39894250518130603,0.0025047868075330627,0.2495035916120889,0.0015280746248605187,0.9947368421052631,0.007206875756646945,-0.01649498887841064,0.05689138473069937,0.25065574475404195,0.002986928941491067
0.27122725793320285,0.05623413251903485,1.0,0.5999805423598235,0.008391660156280751,0.3355985876200734,0.01673061098181497,0.0,0.0,0.0,0.0,0.0,0.0,0.0,0.0,0.75,0.0
0.27122725793320285,0.05623413251903485,1.5,0.6088326602440042,0.005420371496517756,0.34490264826684885,0.014988305519204152,0.0,0.0,0.0,0.0,0.0,0.0,0.0,0.0,0.75,0.0
0.27122725793320285,0.05623413251903485,2.0,0.6123295235717005,0.003589976009820421,0.3496563106101444,0.019337902934742853,0.0,0.0,0.0,0.0,0.0,0.0,0.0,0.0,0.75,0.0
0.27122725793320285,0.05623413251903485,2.5,0.6158170725876596,0.0036364684520809477,0.3532750024207842,0.022218017924565788,0.0,0.0,0.0,0.0,0.0,0.0,0.0,0.0,0.75,0.0
0.27122725793320285,0.05623413251903485,3.0,0.6189271422748123,0.002799711974505566,0.35664616105867414,0.02318765219190082,0.010406586877175114,0.005817575027694738,0.6,0.4183300132670378,0.0052545579635362915,0.002937446210912448,0.0413417723359351,0.029609256702841227,0.750655744754042,0.0008979235280255353
0.27122725793320285,0.05623413251903485,4.0,0.6377563952484596,0.003860047436821961,0.37613514559074457,0.0272540870825027,0.39894250518130603,0.0025047868075330627,0.2495035916120889,0.0015280746248605187,0.9947368421052631,0.007206875756646945,-0.01649498887841064,0.05689138473069937,0.25065574475404195,0.002986928941491067
0.27122725793320285,0.10592537251772875,1.0,0.520993474818226,0.008331659813037687,0.27113946671924233,0.00880782359878721,0.0,0.0,0.0,0.0,0.0,0.0,0.0,0.0,0.75,0.0
0.27122725793320285,0.10592537251772875,1.5,0.5220454099886294,0.008148751374615536,0.2715500603669384,0.008659362228087126,0.0,0.0,0.0,0.0,0.0,0.0,0.0,0.0,0.75,0.0
0.27122725793320285,0.10592537251772875,2.0,0.5260404738342187,0.009709602486810942,0.27529242313163543,0.01240572174610959,0.0,0.0,0.0,0.0,0.0,0.0,0.0,0.0,0.75,0.0
0.27122725793320285,0.10592537251772875,2.5,0.526453100796361,0.00992905236277884,0.2754520797524348,0.012588552285305143,0.0,0.0,0.0,0.0,0.0,0.0,0.0,0.0,0.75,0.0
0.27122725793320285,0.10592537251772875,3.0,0.5268686132617348,0.009585702729592317,0.2756171567373886,0.012504328507743665,0.010406586877175114,0.005817575027694738,0.6,0.4183300132670378,0.0052545579635362915,0.002937446210912448,0.0413417723359351,0.029609256702841227,0.750655744754042,0.0008979235280255353
0.27122725793320285,0.10592537251772875,4.0,0.5304298319770074,0.01121427875923857,0.2770190818706489,0.012973268080081791,0.39894250518130603,0.0025047868075330627,0.2495035916120889,0.0015280746248605187,0.9947368421052631,0.007206875756646945,-0.01649498887841064,0.05689138473069937,0.25065574475404195,0.002986928941491067
0.27122725793320285,0.19952623149688797,1.0,0.5034886581516796,0.003411525790411434,0.25680900838399595,0.0027574713546798034,0.0,0.0,0.0,0.0,0.0,0.0,0.0,0.0,0.75,0.0
0.27122725793320285,0.19952623149688797,1.5,0.5039142981059798,0.0036736406456834353,0.2569702283493589,0.0029070913693287326,0.0,0.0,0.0,0.0,0.0,0.0,0.0,0.0,0.75,0.0
0.27122725793320285,0.19952623149688797,2.0,0.5054364292883502,0.002571145226589813,0.25870007408565876,0.0022231756747749147,0.0,0.0,0.0,0.0,0.0,0.0,0.0,0.0,0.75,0.0
0.27122725793320285,0.19952623149688797,2.5,0.5054422002948137,0.002571063871748326,0.25870115614053113,0.0022251514647241384,0.0,0.0,0.0,0.0,0.0,0.0,0.0,0.0,0.75,0.0
0.27122725793320285,0.19952623149688797,3.0,0.5054422002948137,0.002571063871748326,0.25870115614053113,0.0022251514647241384,0.010406586877175114,0.005817575027694738,0.6,0.4183300132670378,0.0052545579635362915,0.002937446210912448,0.0413417723359351,0.029609256702841227,0.750655744754042,0.0008979235280255353
0.27122725793320285,0.19952623149688797,4.0,0.5065228777103392,0.003762933988529974,0.25919104035807444,0.0023324026618953297,0.39894250518130603,0.0025047868075330627,0.2495035916120889,0.0015280746248605187,0.9947368421052631,0.007206875756646945,-0.01649498887841064,0.05689138473069937,0.25065574475404195,0.002986928941491067
0.6189658188912607,0.0001,1.0,0.879115137833398,0.013098587557580367,0.7803239580745643,0.019277022872756167,0.0,0.0,0.0,0.0,0.0,0.0,0.0,0.0,0.75,0.0
0.6189658188912607,0.0001,1.5,0.8843377530456535,0.01221974150104713,0.7840544702838705,0.0189820010827816,0.14087093152522184,0.07623268460088896,0.9428571428571428,0.059761430466719695,0.07751977984176127,0.04493496353348482,0.22500077940388538,0.07524762658496556,0.7683952528379774,0.011474306834395126
0.6189658188912607,0.0001,2.0,0.8819935117433978,0.01203309736625248,0.7807280905564576,0.018690049730305233,0.5758773088963305,0.04176276409267711,0.9119026522562865,0.022718341390294102,0.42187822497420024,0.04416671105030705,0.5524436279208425,0.036840771719826,0.8452872377020985,0.011012191649129135
0.6189658188912607,0.0001,2.5,0.8797031364346493,0.011835624214382225,0.7743510163442269,0.01774072699678989,0.6604182133139715,0.03214586065371044,0.8810798268358884,0.02242869197538577,0.5296611627106984,0.043023851551815935,0.6123985210626007,0.025885674228781155,0.8643403852769177,0.008202721860614878
0.6189658188912607,0.0001,3.0,0.8805370797803025,0.011323330384704596,0.769298354134648,0.013900577816093699,0.7000511123218595,0.016970734946412595,0.7492229677710384,0.028742315862024935,0.6584021327829377,0.03301298974661906,0.6112822299441689,0.020397481014489776,0.8590664774681802,0.007923293374679207
0.6189658188912607,0.0001,4.0,0.8826659374154774,0.010075214922863824,0.7664519744238512,0.012109090450177827,0.6447973002416019,0.022389032089404612,0.5207951708444638,0.02663705498346237,0.8476178190574475,0.023864003308604588,0.5174522921340525,0.032557929001949905,0.7661033711730305,0.021303277103613866
0.6189658188912607,0.00018836490894898002,1.0,0.8752923065065772,0.01309850325990841,0.7771679603875403,0.01921515880572511,0.30245438895669646,0.02096388045902077,0.914325583420411,0.03533392576301485,0.1813467492260062,0.014502318490871526,0.35020059811596566,0.021266728725427054,0.791064671482628,0.004194994684136957
0.6189658188912607,0.00018836490894898002,1.5,0.8775132557496471,0.013042013138277738,0.7796323979866482,0.01623484842693646,0.5989850504855683,0.03719226211251266,0.9074751045529867,0.023349461492711793,0.4481596147230822,0.04221156672671741,0.5694284109677165,0.0319423163111523,0.8505439456484348,0.00968081832650816
0.6189658188912607,0.00018836490894898002,2.0,0.8818461865818433,0.01293145481155346,0.7743757611123543,0.021220316809824336,0.649179613801836,0.032783357313304805,0.8931023680152599,0.019960150120343405,0.5112487100103199,0.042496634209801966,0.6064919895227785,0.026963925211633336,0.8623688510491917,0.008515696211822476
0.6189658188912607,0.00018836490894898002,2.5,0.8871707155642721,0.011995903020679701,0.7770698293594472,0.017213408377918328,0.697107051814922,0.023724825527976605,0.8204241405101007,0.03089252532774103,0.6084967320261437,0.04650286459884966,0.6276988460184332,0.018702689567920157,0.8682727038183694,0.005865314049435522
0.6189658188912607,0.00018836490894898002,3.0,0.8892990985687412,0.011541496686605741,0.7746176291945244,0.017320834851468247,0.714715686920465,0.014290241230814295,0.726400529701339,0.026525938566497893,0.7043601651186789,0.023765482361892475,0.6220179975868484,0.01957730147453099,0.8593954248366013,0.008742015529812951
0.6189658188912607,0.00018836490894898002,4.0,0.8915543450420198,0.008288335498653671,0.7711676755026422,0.011753861537032964,0.6841356565425738,0.023084750249839064,0.5983579738918352,0.02574618267523026,0.7989938080495356,0.022480156826598038,0.5692920109382908,0.03283023506151101,0.8153960268317852,0.015487489930776033
0.6189658188912607,0.0003548133892335753,1.0,0.8710654530794024,0.013992702408737736,0.7736383794722222,0.017198733139716003,0.581023756532231,0.04483975469136833,0.9080765639589169,0.02189014845871068,0.42846577227382177,0.04785498153238924,0.5553410882247662,0.03875036870539684,0.8462762297901616,0.011555112511847366
0.6189658188912607,0.0003548133892335753,1.5,0.8833030463350605,0.010986171282686438,0.777537523277208,0.018147862489302922,0.6413634792115485,0.04137284630585315,0.9051288265959446,0.025505681372757577,0.4981252149982801,0.0488041795646692,0.6038320705270385,0.03689550156914882,0.8613906088751289,0.011364110803743293
0.6189658188912607,0.0003548133892335753,2.0,0.8900679442884604,0.01038387409072575,0.7790162684328245,0.018358953648889446,0.680378852925329,0.02763416121717762,0.8673941072350816,0.023322599277641617,0.5611885104919161,0.040918719822676905,0.6258117036909449,0.022760301884487286,0.8686081011351909,0.007276816806722965
0.6189658188912607,0.0003548133892335753,2.5,0.892082504920628,0.009431572176533577,0.7788093564039698,0.02009286345889369,0.7121502018175931,0.012838437496838996,0.7715361863503307,0.01926203767554331,0.6623495012039904,0.03005101648238771,0.6293206749270868,0.011837898672642469,0.8662968696250429,0.0038308144723842408
0.6189658188912607,0.0003548133892335753,3.0,0.8932911783609756,0.007344690490029735,0.7756870810809433,0.017512167722773957,0.7119074379284742,0.01170348853018602,0.7023104803315616,0.0202181313630007,0.7227382180942552,0.026807397454230355,0.6145345286988098,0.015141796526545756,0.8538033195734434,0.006559660591897481
0.6189658188912607,0.0003548133892335753,4.0,0.8918096040365263,0.007445588029997004,0.7693529288308344,0.016107253157098506,0.6916912812533568,0.021008094533564454,0.6268611363724975,0.031914814304387695,0.7726866185070519,0.022810549500790273,0.580367039949014,0.02981415965710443,0.8275348297213622,0.015650155516485815
0.6189658188912607,0.0006683439175686149,1.0,0.8753677714329002,0.01447999785554927,0.7712004845821816,0.021175754379133178,0.6072255201759517,0.03129940776029893,0.9071676161742876,0.02472809592309109,0.45735294117647063,0.03703703925580149,0.5759191923562842,0.026413609570507268,0.8525133298933609,0.007999562786979523
0.6189658188912607,0.0006683439175686149,1.5,0.8895893737964189,0.01034522789079294,0.7777911350660843,0.016157965194385473,0.6530434212149716,0.03751279217977698,0.8951484188211533,0.016819610523961404,0.5152046783625731,0.04493503759928449,0.6105028758386835,0.03326012326920585,0.863688940488476,0.010362678454745738
0.6189658188912607,0.0006683439175686149,2.0,0.8932453346803106,0.00852597874143482,0.778659585372995,0.01898538812250599,0.6883993865843074,0.02287917024303345,0.8336404827865147,0.02822464312740579,0.5874527003783969,0.03471319378319603,0.622878233979709,0.023129331946948696,0.8672880116959064,0.007554171165128977
0.6189658188912607,0.0006683439175686149,2.5,0.8935051709243476,0.007087310114997203,0.77819991535911,0.0203974514209644,0.7179513989848514,0.015003000023030346,0.7637714607086821,0.014341314014869983,0.6780959752321982,0.030250684324143805,0.6335787125994553,0.016330091914409966,0.8669612143102855,0.004977322788135199
0.6189658188912607,0.0006683439175686149,3.0,0.8928664313977542,0.006882768799036759,0.7759845767731619,0.019209522818678652,0.712762851138298,0.011812167136886435,0.7179265931341223,0.007512912661486736,0.7082731338149296,0.02742249922520652,0.6182409740911159,0.01293501035796945,0.8574238906088751,0.0031670494574795958
0.6189658188912607,0.0006683439175686149,4.0,0.8896649419569235,0.00829455983260504,0.7680329525815695,0.018137703438236386,0.6982841539030549,0.015820884081728923,0.6636624389069625,0.022219740891982975,0.7371947024423805,0.01904531412691698,0.5921680693898659,0.022043574798052863,0.8406776745786034,0.009767423563644366
0.6189658188912607,0.0012589254117941662,1.0,0.8736119379706813,0.012670699549648659,0.7680108851353729,0.01839124785001406,0.6180889394286002,0.035744709819111035,0.9045148603267534,0.022080329383209696,0.47051083591331266,0.041140519466995124,0.5840411092012407,0.031169123338727685,0.8551449088407294,0.0094688132550743
0.6189658188912607,0.0012589254117941662,1.5,0.8850599326010344,0.011396837709203802,0.7718574967339296,0.015072943735283029,0.6581934339445342,0.036188243304394505,0.8869665698530833,0.019399733758374935,0.524406604747162,0.04372697790609453,0.6123152756635737,0.0325493919959322,0.8643446852425181,0.010167229221933248
0.6189658188912607,0.0012589254117941662,2.0,0.8883847983524698,0.009843781846285225,0.7722180966540896,0.019863922768604856,0.6921480121601837,0.021540207963934035,0.8413531749026667,0.024023918999605275,0.5887684898520812,0.031133125835572265,0.628576096924735,0.021720036207011774,0.8692616959064328,0.007047793978307799
0.6189658188912607,0.0012589254117941662,2.5,0.8889923565338,0.008530865682176805,0.7722399992884048,0.019847665582089148,0.7061077157982107,0.020443137658565792,0.7992534732376144,0.030772560248206453,0.63343653250774,0.030328559973996937,0.6301575308609841,0.024706402161736994,0.8682770037839698,0.008645924002134526
0.6189658188912607,0.0012589254117941662,3.0,0.8883997474631832,0.008873010707472389,0.7710936889453455,0.01845303495820605,0.7052383127583958,0.020842889521491905,0.765626887907458,0.024338067226153358,0.6544547643618851,0.03092507936400897,0.6205879720132664,0.025170917145089466,0.8633535431716546,0.00869553294037926
0.6189658188912607,0.0012589254117941662,4.0,0.8851323801925352,0.009623907142473674,0.7665474293925272,0.021216849439174654,0.6974882044310696,0.017035562495901387,0.7233417378918384,0.025206071760433265,0.6741400068799449,0.024382177567080113,0.6022432828408604,0.022448285220077413,0.8538162194702441,0.008958963752444189
0.6189658188912607,0.0023713737056616554,1.0,0.8486422491288341,0.013955739914537206,0.7494723105076486,0.017393094553319634,0.5807043325476978,0.05182063733811159,0.9078975463327529,0.028086224127110825,0.4284829721362229,0.05453045925878396,0.5551887147312782,0.04587628378941946,0.8462826797385621,0.01343380499066016
0.6189658188912607,0.0023713737056616554,1.5,0.861968744082062,0.014313259337488952,0.7538530232498613,0.013509294987855096,0.6248404052549026,0.039260134001446095,0.8907094532147027,0.007974359707284584,0.48236154110767115,0.04444693507648151,0.5852061847861274,0.032822607280770216,0.8558049535603715,0.010026179754090234
0.6189658188912607,0.0023713737056616554,2.0,0.868874721559847,0.013662287404166307,0.7545056441314468,0.016388073028414597,0.6534456297254407,0.0203565551178952,0.8637972786864196,0.013323811796435334,0.525670794633643,0.022574082252449487,0.6004439948680712,0.021122531640173744,0.8607219642242864,0.006563913685853658
0.6189658188912607,0.0023713737056616554,2.5,0.8734176879738269,0.01315612008482011,0.7551757504768343,0.018699840720765998,0.6723482297970116,0.022015268519885493,0.8574042787544747,0.018249156468619396,0.5532507739938081,0.025140803441807177,0.6151603108848432,0.02414998145742954,0.8653164774681802,0.007703798196837395
0.6189658188912607,0.0023713737056616554,3.0,0.8742411373029851,0.013158091054522387,0.7542113296531023,0.020250301348475334,0.6770909857084559,0.02419981669196505,0.8513047803735632,0.029239080175051294,0.5624441004471963,0.02595483243643958,0.6175401431609628,0.0289303811443435,0.8659700722394221,0.009405459086244464
0.6189658188912607,0.0023713737056616554,4.0,0.8733135184597458,0.012689556407640927,0.7529488069691149,0.020539736615963738,0.6786239551270444,0.026701533635473333,0.8385306495306495,0.037050099067664995,0.5703302373581012,0.025925487161533336,0.6150040726182547,0.03413181495168321,0.864983230134159,0.011247663324354059
0.6189658188912607,0.0044668359215096305,1.0,0.7931262743597168,0.010484943741500241,0.6956702668740974,0.018966158779167987,0.47934606157299686,0.05870554607059561,0.8990182144899126,0.02616513474199228,0.3286119711042312,0.05441666693516096,0.4744401375708199,0.04707348168694366,0.8229553663570691,0.012637607769073465
0.6189658188912607,0.0044668359215096305,1.5,0.8061730729695041,0.012173651912407654,0.7033765853521452,0.017618952182893152,0.5386530714635939,0.06283077562114793,0.9058814102564103,0.0316436214221666,0.38513931888544894,0.06005152055616299,0.5217570281191892,0.05495882470662206,0.8364314585483316,0.015308021724051634
0.6189658188912607,0.0044668359215096305,2.0,0.8157000462577884,0.01331699140218821,0.7078742751988505,0.017300448889921775,0.5554930691022173,0.052691347506541995,0.8846733206248556,0.03525284851609783,0.4061489508083936,0.05123537216141039,0.5274089475145529,0.04894266939585012,0.8383986928104574,0.013704655096009858
0.6189658188912607,0.0044668359215096305,2.5,0.8235414250185598,0.01332312851514795,0.7105110440772096,0.01810983304650092,0.5676723423995143,0.047391257775124804,0.8829549626183086,0.03345378404722828,0.41928104575163394,0.04633120050117827,0.5362745008375966,0.0454242535913842,0.8410259717922257,0.012851940532957344
0.6189658188912607,0.0044668359215096305,3.0,0.8262610447878027,0.013114262457656442,0.7117410451866526,0.017895106858931368,0.5675796693726529,0.044356025377285044,0.8759724651851067,0.03205701901248742,0.42058823529411765,0.04328608378242707,0.5337693346761655,0.04320607081607207,0.8403680770553835,0.012220081707392234
0.6189658188912607,0.0044668359215096305,4.0,0.8258845852894454,0.012818279226231575,0.7110854440688326,0.017665395689807184,0.5701228752947826,0.044838443143481996,0.8765528883634464,0.03239063884008054,0.4232198142414861,0.04347096792663142,0.535982122443178,0.0439206846804591,0.8410259717922257,0.012423837504714806
0.6189658188912607,0.008413951416451947,1.0,0.7640935522254957,0.011388573842657413,0.6343804373783437,0.031130249188799454,0.2216961661093398,0.04364708999786172,0.9401828847481022,0.019273888660826445,0.12620399036807706,0.027494052005575496,0.29573222593751286,0.03707105144401678,0.7795794633642931,0.0067286673516323454
0.6189658188912607,0.008413951416451947,1.5,0.7717385005602331,0.012064089125023124,0.6429044826861994,0.03130434170484524,0.30552962325145777,0.04835329821965461,0.9226759225429302,0.029061872102059284,0.18402992776057792,0.03449035350459761,0.35447572729096066,0.03525109506951574,0.792064413484692,0.007751735332136529
0.6189658188912607,0.008413951416451947,2.0,0.7782011633440817,0.01056658798369294,0.64731664726266,0.031122846814638446,0.3541193961106469,0.06600020247579043,0.9138826507728947,0.039606041325566534,0.22085483316133475,0.04839049542430184,0.38788214037641805,0.05755955454837032,0.8002880976952185,0.012848263305297937
0.6189658188912607,0.008413951416451947,2.5,0.7833938897646601,0.011373954391008252,0.6501120967743862,0.031249560098918615,0.37029339363902725,0.06071619833420764,0.898468104088159,0.05237802426875667,0.23399552803577572,0.04446091031246159,0.3949858521541429,0.058437319987281446,0.8022617819057448,0.012898119807231195
0.6189658188912607,0.008413951416451947,3.0,0.7835304436257894,0.011520611953895362,0.65002271040414,0.03091227957640496,0.3699007234819592,0.06066860767002484,0.8938527194727743,0.05065588209309251,0.23399552803577572,0.04446091031246159,0.3932666891138023,0.058122977097889286,0.8019328345373238,0.0128547982235633
0.6189658188912607,0.008413951416451947,4.0,0.783407607645973,0.01148789639378969,0.6497533829590837,0.030819006943113368,0.3699007234819592,0.06066860767002484,0.8938527194727743,0.05065588209309251,0.23399552803577572,0.04446091031246159,0.3932666891138023,0.058122977097889286,0.8019328345373238,0.0128547982235633
0.6189658188912607,0.015848931924611124,1.0,0.7895895917900309,0.011258453603438613,0.6329046052576307,0.037390165333666125,0.0,0.0,0.0,0.0,0.0,0.0,0.0,0.0,0.75,0.0
0.6189658188912607,0.015848931924611124,1.5,0.7905374797249299,0.011288251285900063,0.6336681477606406,0.036421454124313815,0.010406586877175114,0.005817575027694738,0.6,0.4183300132670378,0.0052545579635362915,0.002937446210912448,0.0413417723359351,0.029609256702841227,0.750655744754042,0.0008979235280255353
0.6189658188912607,0.015848931924611124,2.0,0.7909461355916766,0.011162318609422238,0.6338522007291914,0.0364771251360301,0.015551119763643484,0.005733214940001634,0.6333333333333333,0.2173067468400883,0.007886136910904713,0.002947061033766413,0.047491240445358775,0.019683331802399427,0.7506578947368421,0.0009008594695808909
0.6189658188912607,0.015848931924611124,2.5,0.7918783787715595,0.01136479629139635,0.6362729609189793,0.03653681127792555,0.015551119763643484,0.005733214940001634,0.6333333333333333,0.2173067468400883,0.007886136910904713,0.002947061033766413,0.047491240445358775,0.019683331802399427,0.7506578947368421,0.0009008594695808909
0.6189658188912607,0.015848931924611124,3.0,0.7918339166415896,0.011336160984355609,0.6358075637393188,0.03654755509810409,0.015551119763643484,0.005733214940001634,0.6333333333333333,0.2173067468400883,0.007886136910904713,0.002947061033766413,0.047491240445358775,0.019683331802399427,0.7506578947368421,0.0009008594695808909
0.6189658188912607,0.015848931924611124,4.0,0.7918439595093032,0.011344100951586694,0.6358180956543633,0.036534426171481345,0.015551119763643484,0.005733214940001634,0.6333333333333333,0.2173067468400883,0.007886136910904713,0.002947061033766413,0.047491240445358775,0.019683331802399427,0.7506578947368421,0.0009008594695808909
0.6189658188912607,0.02985382618917957,1.0,0.7668267258107434,0.010203923009126184,0.5565170318042452,0.035276298316968206,0.0,0.0,0.0,0.0,0.0,0.0,0.0,0.0,0.75,0.0
0.6189658188912607,0.02985382618917957,1.5,0.772248102446037,0.013336029765204134,0.5651513983057952,0.03738238767183543,0.010406586877175114,0.005817575027694738,0.6,0.4183300132670378,0.0052545579635362915,0.002937446210912448,0.0413417723359351,0.029609256702841227,0.750655744754042,0.0008979235280255353
0.6189658188912607,0.02985382618917957,2.0,0.773190092350205,0.012108562868366549,0.5673543619539922,0.037981172129688656,0.010406586877175114,0.005817575027694738,0.6,0.4183300132670378,0.0052545579635362915,0.002937446210912448,0.0413417723359351,0.029609256702841227,0.750655744754042,0.0008979235280255353
0.6189658188912607,0.02985382618917957,2.5,0.7776746814677586,0.012442580694342828,0.5735504584342113,0.04037779355867403,0.010406586877175114,0.005817575027694738,0.6,0.4183300132670378,0.0052545579635362915,0.002937446210912448,0.0413417723359351,0.029609256702841227,0.750655744754042,0.0008979235280255353
0.6189658188912607,0.02985382618917957,3.0,0.7798849581454237,0.010448600263055382,0.5777917681755737,0.041707973219165244,0.010406586877175114,0.005817575027694738,0.6,0.4183300132670378,0.0052545579635362915,0.002937446210912448,0.0413417723359351,0.029609256702841227,0.750655744754042,0.0008979235280255353
0.6189658188912607,0.02985382618917957,4.0,0.7845024216729783,0.01458271794584506,0.5842103943971507,0.03636853919920035,0.010406586877175114,0.005817575027694738,0.6,0.4183300132670378,0.0052545579635362915,0.002937446210912448,0.0413417723359351,0.029609256702841227,0.750655744754042,0.0008979235280255353
0.6189658188912607,0.05623413251903485,1.0,0.6147086163638635,0.004926438207833717,0.35225820191600643,0.022080937575327236,0.0,0.0,0.0,0.0,0.0,0.0,0.0,0.0,0.75,0.0
0.6189658188912607,0.05623413251903485,1.5,0.6219633544072571,0.004851996096853522,0.3599309696114893,0.025766066611296157,0.010406586877175114,0.005817575027694738,0.6,0.4183300132670378,0.0052545579635362915,0.002937446210912448,0.0413417723359351,0.029609256702841227,0.750655744754042,0.0008979235280255353
0.6189658188912607,0.05623413251903485,2.0,0.625040701385775,0.002867366543409375,0.3628182594736477,0.023820397823910107,0.010406586877175114,0.005817575027694738,0.6,0.4183300132670378,0.0052545579635362915,0.002937446210912448,0.0413417723359351,0.029609256702841227,0.750655744754042,0.0008979235280255353
0.6189658188912607,0.05623413251903485,2.5,0.6277459546548831,0.004040057695996156,0.3662350683422789,0.026868292727461905,0.010406586877175114,0.005817575027694738,0.6,0.4183300132670378,0.0052545579635362915,0.002937446210912448,0.0413417723359351,0.029609256702841227,0.750655744754042,0.0008979235280255353
0.6189658188912607,0.05623413251903485,3.0,0.6309113517001278,0.00629172781463671,0.3701587515333243,0.02888963168212542,0.010406586877175114,0.005817575027694738,0.6,0.4183300132670378,0.0052545579635362915,0.002937446210912448,0.0413417723359351,0.029609256702841227,0.750655744754042,0.0008979235280255353
0.6189658188912607,0.05623413251903485,4.0,0.6316177455473143,0.005892532477655973,0.37089696158444496,0.028029164102655896,0.010406586877175114,0.005817575027694738,0.6,0.4183300132670378,0.0052545579635362915,0.002937446210912448,0.0413417723359351,0.029609256702841227,0.750655744754042,0.0008979235280255353
0.6189658188912607,0.10592537251772875,1.0,0.5262366880539786,0.010099135579189377,0.27537085412371815,0.012565592170125048,0.0,0.0,0.0,0.0,0.0,0.0,0.0,0.0,0.75,0.0
0.6189658188912607,0.10592537251772875,1.5,0.5277142349510671,0.01004661082489843,0.27595192421801373,0.012454319349800055,0.010406586877175114,0.005817575027694738,0.6,0.4183300132670378,0.0052545579635362915,0.002937446210912448,0.0413417723359351,0.029609256702841227,0.750655744754042,0.0008979235280255353
0.6189658188912607,0.10592537251772875,2.0,0.5266725682844003,0.010934450468577859,0.27554416366508494,0.012966968104984246,0.010406586877175114,0.005817575027694738,0.6,0.4183300132670378,0.0052545579635362915,0.002937446210912448,0.0413417723359351,0.029609256702841227,0.750655744754042,0.0008979235280255353
0.6189658188912607,0.10592537251772875,2.5,0.528323160754182,0.011001162752790354,0.276192967526784,0.013105536392092134,0.010406586877175114,0.005817575027694738,0.6,0.4183300132670378,0.0052545579635362915,0.002937446210912448,0.0413417723359351,0.029609256702841227,0.750655744754042,0.0008979235280255353
0.6189658188912607,0.10592537251772875,3.0,0.5283318172638771,0.01101030109874915,0.2761946060143833,0.013107480717302035,0.010406586877175114,0.005817575027694738,0.6,0.4183300132670378,0.0052545579635362915,0.002937446210912448,0.0413417723359351,0.029609256702841227,0.750655744754042,0.0008979235280255353
0.6189658188912607,0.10592537251772875,4.0,0.5300273042761765,0.011529823069614682,0.2768721433110504,0.012959132080681997,0.010406586877175114,0.005817575027694738,0.6,0.4183300132670378,0.0052545579635362915,0.002937446210912448,0.0413417723359351,0.029609256702841227,0.750655744754042,0.0008979235280255353
0.6189658188912607,0.19952623149688797,1.0,0.5054422002948137,0.002571063871748326,0.25870115614053113,0.0022251514647241384,0.0,0.0,0.0,0.0,0.0,0.0,0.0,0.0,0.75,0.0
0.6189658188912607,0.19952623149688797,1.5,0.5054422002948137,0.002571063871748326,0.25870115614053113,0.0022251514647241384,0.010406586877175114,0.005817575027694738,0.6,0.4183300132670378,0.0052545579635362915,0.002937446210912448,0.0413417723359351,0.029609256702841227,0.750655744754042,0.0008979235280255353
0.6189658188912607,0.19952623149688797,2.0,0.5052330013105107,0.003027178029445745,0.25850432964265546,0.0023277894349632796,0.010406586877175114,0.005817575027694738,0.6,0.4183300132670378,0.0052545579635362915,0.002937446210912448,0.0413417723359351,0.029609256702841227,0.750655744754042,0.0008979235280255353
0.6189658188912607,0.19952623149688797,2.5,0.5054479995288922,0.003264590152975289,0.2587838003192818,0.0021501603599918,0.010406586877175114,0.005817575027694738,0.6,0.4183300132670378,0.0052545579635362915,0.002937446210912448,0.0413417723359351,0.029609256702841227,0.750655744754042,0.0008979235280255353
0.6189658188912607,0.19952623149688797,3.0,0.505450885032124,0.0032645708374550546,0.2587843422424588,0.002151158702351523,0.010406586877175114,0.005817575027694738,0.6,0.4183300132670378,0.0052545579635362915,0.002937446210912448,0.0413417723359351,0.029609256702841227,0.750655744754042,0.0008979235280255353
0.6189658188912607,0.19952623149688797,4.0,0.5060914949771906,0.0036463755559121834,0.2590273750650707,0.0023939499614123363,0.010406586877175114,0.005817575027694738,0.6,0.4183300132670378,0.0052545579635362915,0.002937446210912448,0.0413417723359351,0.029609256702841227,0.750655744754042,0.0008979235280255353
1.412537544622754,0.0001,1.0,0.879078002248703,0.013059597076582784,0.7803649803243321,0.01927529235944135,0.5335424842682995,0.05419481433815826,0.918416081186573,0.024035826158728527,0.3771929824561403,0.052379696984632414,0.5218211632612851,0.048895662904455704,0.8360853113175095,0.01427041872241697
1.412537544622754,0.0001,1.5,0.8862549068346702,0.011955831081725357,0.7815206573716501,0.02261849369356604,0.6259577282357218,0.029186462428821548,0.9045816953789625,0.022374930705403633,0.4796869625043,0.03770837665376593,0.5905157907301695,0.023230743426798803,0.8571099931200552,0.007249011436548984
1.412537544622754,0.0001,2.0,0.8913996509937678,0.010518770263236757,0.7826856407105549,0.018190988085553816,0.6705353375912042,0.024804878892666776,0.8722068766616136,0.013045692945335164,0.5453990368077055,0.03373140623073575,0.6183168849279059,0.021490700918998188,0.8663054695562435,0.0068355608593028624
1.412537544622754,0.0001,2.5,0.8935630735900679,0.009190379242414838,0.7820224120603952,0.01644825889203213,0.7139164398525795,0.020360593535882113,0.7850336380309466,0.009326791312927268,0.6557877536979704,0.038986806638467486,0.6346307483373457,0.018937858624355163,0.8689305985552116,0.005228955306910945
1.412537544622754,0.0001,3.0,0.8933202260560107,0.007219779207418687,0.7776106413638441,0.015514779146373467,0.7230464634670257,0.01642237840515667,0.7046429662906888,0.03180175580988932,0.7437908496732026,0.024575433860466376,0.6281650110833729,0.023150253951554203,0.8574174406604748,0.011575128327480541
1.412537544622754,0.0001,4.0,0.8920541621763804,0.00679014515181442,0.768890596801409,0.013127163602692367,0.6880571986874717,0.020847481551321802,0.6038094181779561,0.027468342622966636,0.8002923976608187,0.017293844756091553,0.5748588032008434,0.02948493764373542,0.8183458032335741,0.015434728618563159
1.412537544622754,0.00018836490894898002,1.0,0.8798395402210133,0.014999931171013928,0.7772296127642397,0.023774116802466584,0.6101199610470542,0.03304143159014124,0.9097974247974248,0.022245327459880598,0.4599759201926384,0.03880457969721024,0.5791845897128273,0.027924041855204623,0.8534980220158239,0.008594885323110077
1.412537544622754,0.00018836490894898002,1.5,0.8924663474811224,0.008475335673688165,0.7861282257360012,0.01713323461016507,0.6688127868925674,0.03194916319519166,0.8910742978491868,0.019681908480993007,0.5362057103543172,0.03957481230211288,0.6227676035447052,0.0301782107019025,0.8676234090127279,0.0095533669830342
1.412537544622754,0.00018836490894898002,2.0,0.8954130196464792,0.006766888811762821,0.7859146948990169,0.0188923625846507,0.7078139812547004,0.016590055197076816,0.8161281193710967,0.030532018057581094,0.6268747850017201,0.038639355463151816,0.6366974898130908,0.01293677685087953,0.8708978328173375,0.00410221281883606
1.412537544622754,0.00018836490894898002,2.5,0.8945581540295505,0.005783840178133077,0.7804766459912077,0.017195610566869888,0.7237101434801425,0.015065770751136433,0.7335883518552666,0.015438855519333588,0.7148692810457516,0.029734534175988925,0.63367944897094,0.017762495105892343,0.863671740626075,0.005980162762221833
1.412537544622754,0.00018836490894898002,3.0,0.8932709140766388,0.005662599454017937,0.7758072346048762,0.015264765365164638,0.7188724454808305,0.016256331100016872,0.691712292002147,0.02493127655575482,0.7490282077743378,0.02276959887421588,0.6212539331894751,0.022358915485437166,0.8534786721706226,0.010153670781897887
1.412537544622754,0.00018836490894898002,4.0,0.8895963572344167,0.007053708149611226,0.7640355791042945,0.017574437131562284,0.6967457645869894,0.028192135033425186,0.6229257696712923,0.03457774556695664,0.7910818713450292,0.02322790711826542,0.5869839424325888,0.03972992246236946,0.8275305297557619,0.01916309653019833
1.412537544622754,0.0003548133892335753,1.0,0.8862529895139808,0.012112581380570746,0.7788210853759191,0.021067888928293258,0.6497366971878628,0.03195758887522495,0.9027230053144688,0.018335218889109946,0.5086171310629515,0.040144947250285695,0.6099926336924983,0.027021555447421196,0.8633556931544547,0.008486995490449564
1.412537544622754,0.0003548133892335753,1.5,0.8946776769009104,0.007072506186788451,0.7842156337290007,0.02100786784664552,0.6912028050130655,0.02314883118572485,0.8559561162515081,0.020513746104563142,0.5808823529411764,0.037108341891645635,0.6321626005491269,0.019286710776441746,0.8705731854145167,0.006180281598132506
1.412537544622754,0.0003548133892335753,2.0,0.8965963486946388,0.004806249860655973,0.7851364279078292,0.01729057579829893,0.7204730439310671,0.008259763437324336,0.7743281775758435,0.01815074355914236,0.6741314069487444,0.017915114036993567,0.6385044140769628,0.010349230224637443,0.8692530959752321,0.004023883937838232
1.412537544622754,0.0003548133892335753,2.5,0.8944698972479314,0.005453849688182912,0.7821287087024121,0.01629846261368384,0.7216175092164541,0.016945091039691614,0.7260697467084994,0.012282089396154402,0.71750085999312,0.025957343454560414,0.6297682031784102,0.021166228431238682,0.8617045063639489,0.007049687544214872
1.412537544622754,0.0003548133892335753,3.0,0.8915739844976205,0.006467998231785937,0.7753360600960356,0.015721068344708034,0.7119651212409076,0.017432150240949067,0.6960099484039292,0.021747586041720224,0.7293257653938768,0.02657269848024352,0.6135012116188339,0.023202930184262744,0.85249828001376,0.009218436426677199
1.412537544622754,0.0003548133892335753,4.0,0.8868475205893457,0.008450587425787952,0.7627351394751842,0.019514970453377085,0.6952284155032034,0.02118301694413316,0.6469312363239341,0.0273306862703137,0.7516597867217063,0.01667745413672529,0.5862917068174969,0.029796017910877787,0.8350834193326453,0.01366380969360031
1.412537544622754,0.0006683439175686149,1.0,0.887942714826301,0.009498444663050496,0.77917838379804,0.021641579379465134,0.6576391918269361,0.03459757592504306,0.88477026618529,0.006987943536026798,0.5243980048159614,0.04313286255837434,0.6111419508464497,0.029750474980794406,0.8640135878912968,0.009377351533819309
1.412537544622754,0.0006683439175686149,1.5,0.8939176100310956,0.005799102615309117,0.7842671003671214,0.01969994275382665,0.6997109273508924,0.019792078902195434,0.8327634134986021,0.018187519226256586,0.60453216374269,0.035736568893509686,0.6333663196029192,0.016051480602764946,0.8705710354317165,0.004906702833164662
1.412537544622754,0.0006683439175686149,2.0,0.8938702906255089,0.004636821247935471,0.7817245316853276,0.015830794454701938,0.7143850359344213,0.014704703598731713,0.775964610912711,0.02289665828358876,0.6623237014103888,0.020261623156592367,0.6324778466131773,0.019174909898507637,0.8676212590299277,0.0068892801344422145
1.412537544622754,0.0006683439175686149,2.5,0.8913176399725827,0.004858673787234805,0.7773976852440503,0.015475401595586401,0.7059783410184755,0.01962838069144913,0.7368276242772888,0.02899533433289306,0.6780959752321982,0.02146245892427589,0.6143759794464131,0.026838866827475036,0.8587568799449604,0.010242761532134043
1.412537544622754,0.0006683439175686149,3.0,0.8893053444524398,0.005674130545391583,0.7720182300781228,0.01820094247229093,0.7068935457122014,0.015554106927680146,0.7221869617262324,0.018051202360767973,0.6925524595803234,0.021154607150521598,0.6122792537151256,0.020153893183082586,0.8564542483660131,0.007358727979497861
1.412537544622754,0.0006683439175686149,4.0,0.886402467000365,0.007389979136356018,0.7679113670729306,0.02135809606189706,0.6991019949189822,0.01288057717432642,0.6902657230799308,0.014262903101867867,0.7083075335397317,0.015782590130952474,0.5972144109118116,0.017149560300843008,0.847576969384245,0.006568456960311113
1.412537544622754,0.0012589254117941662,1.0,0.884517580148775,0.007949449930522547,0.7766574706460244,0.015619029596925597,0.6638040111853005,0.03213659143175042,0.8746115502854634,0.02376794256815138,0.5362315101479188,0.041765977807755456,0.6132821031357473,0.027959849343936884,0.8646693326453387,0.008828611892438398
1.412537544622754,0.0012589254117941662,1.5,0.8876709183322291,0.005814615075040293,0.7772079308300803,0.015294257573991754,0.6953418574137977,0.023568570562489885,0.8476963706395331,0.024445644073314978,0.5900756793945648,0.03057852142443447,0.6333759364079845,0.025562509499269047,0.8709042827657377,0.008366834928092112
1.412537544622754,0.0012589254117941662,2.0,0.8860910723395328,0.006480723079935321,0.7733959220044339,0.01658295899251748,0.6973559838139314,0.022782792628489656,0.8228736926217444,0.03423860453676135,0.6058393532851737,0.027526171938888296,0.6280317469247958,0.028456157394734453,0.8685995012039903,0.009833426468728682
1.412537544622754,0.0012589254117941662,2.5,0.8851975531948296,0.006665146716649631,0.770617477533898,0.018500270932869448,0.6986414763227349,0.02416724545571223,0.8143523002421308,0.03682489302166609,0.6124011007911937,0.026530038559486102,0.6268103942690316,0.031511238429103715,0.8679394564843482,0.010962968692620936
1.412537544622754,0.0012589254117941662,3.0,0.8848575760399191,0.00710937256082731,0.769839427659644,0.018398784900468573,0.697544269001207,0.02124278382000476,0.8068138878992535,0.03785334580113862,0.6150240798073615,0.022022856385348955,0.6235877012322524,0.02927560138267893,0.866623667010664,0.010407827796399045
1.412537544622754,0.0012589254117941662,4.0,0.8843983157634796,0.007338557384320729,0.7682212974890683,0.01856027121511851,0.6974393184156361,0.021022862696237946,0.801711779896781,0.03595327831428558,0.6176470588235293,0.019455978282119847,0.6220225739214501,0.029221867709356013,0.8659700722394221,0.010363338052069288
1.412537544622754,0.0023713737056616554,1.0,0.8716558204582867,0.014167714686520007,0.7624995727941306,0.015106157275609553,0.6365435161816347,0.032818744687256186,0.8796251966352523,0.022814941183882113,0.49941520467836253,0.03681700504852991,0.5912252838575242,0.03210854732087564,0.8577700378396973,0.00983674521006091
1.412537544622754,0.0023713737056616554,1.5,0.8742376221636942,0.012934255174528833,0.7620726104462303,0.015332749329551873,0.647626424464594,0.029122261835197706,0.8733843915205484,0.029773709735207755,0.5151702786377708,0.03212936771076613,0.5985673271081229,0.03144201547355113,0.8600662194702442,0.009692492908278907
1.412537544622754,0.0023713737056616554,2.0,0.8735750184689959,0.013247616980996812,0.7604620582358664,0.015179985997405807,0.6510710606695476,0.02677379086230409,0.874190925789655,0.03000299023265875,0.5191004471964223,0.028492186619718595,0.6017355205075944,0.030251679694839925,0.8610487616099072,0.009344793334622858
1.412537544622754,0.0023713737056616554,2.5,0.8732142177778298,0.013072943922724189,0.7595458576184806,0.015255989798312181,0.651605298637542,0.02940697347858668,0.8688065951018089,0.02882672451795826,0.5217320261437909,0.03165606522346734,0.6005221933443208,0.032478579645054316,0.860719814241486,0.010104065993157055
1.412537544622754,0.0023713737056616554,3.0,0.8731738583283171,0.01304986502659393,0.7591644461342929,0.014857626488075861,0.6521676936171381,0.03005030114314604,0.8708540358009349,0.0326876136036594,0.5217320261437909,0.03165606522346734,0.6016491529884782,0.034092382230244335,0.8610487616099072,0.010567478222585422
1.412537544622754,0.0023713737056616554,4.0,0.8731023974706952,0.012947804814800942,0.7587710335832443,0.014985690250392057,0.6527727510989649,0.027860916306015532,0.8693821630490154,0.03249769120989251,0.5230392156862745,0.029769652820071935,0.6016817662946415,0.031931833965591024,0.8610466116271069,0.00988046636916249
1.412537544622754,0.0044668359215096305,1.0,0.8237085868592262,0.014623004750698313,0.7141668177177085,0.016828545203323563,0.5562892631989182,0.05032516795246878,0.894777536247345,0.03120876246307947,0.4048331613347093,0.0488868401144609,0.5313991601356809,0.045685400763399456,0.8393833849329205,0.012847598612115988
1.412537544622754,0.0044668359215096305,1.5,0.8295503306166188,0.014206230766550462,0.7172357513497813,0.017759498571017596,0.5575253211491534,0.04796144119016718,0.8878111679454392,0.03358143979566701,0.40745614035087724,0.04668529505521114,0.5299531168642075,0.04466989441928925,0.8390544375644995,0.012514013626985752
1.412537544622754,0.0044668359215096305,2.0,0.8292728053342412,0.013771032265357365,0.7167317577682862,0.017559468464901216,0.5575253211491534,0.04796144119016718,0.8878111679454392,0.03358143979566701,0.40745614035087724,0.04668529505521114,0.5299531168642075,0.04466989441928925,0.8390544375644995,0.012514013626985752
1.412537544622754,0.0044668359215096305,2.5,0.8291610226228385,0.013678652324576084,0.7165597140643354,0.01732052392522182,0.5575253211491534,0.04796144119016718,0.8878111679454392,0.03358143979566701,0.40745614035087724,0.04668529505521114,0.5299531168642075,0.04466989441928925,0.8390544375644995,0.012514013626985752
1.412537544622754,0.0044668359215096305,3.0,0.8291682175830518,0.013648955346646723,0.7167728424160744,0.01722491614236736,0.5575253211491534,0.04796144119016718,0.8878111679454392,0.03358143979566701,0.40745614035087724,0.04668529505521114,0.5299531168642075,0.04466989441928925,0.8390544375644995,0.012514013626985752
1.412537544622754,0.0044668359215096305,4.0,0.8291667936293019,0.013660672521875096,0.7167623172183177,0.017241176785730086,0.5575253211491534,0.04796144119016718,0.8878111679454392,0.03358143979566701,0.40745614035087724,0.04668529505521114,0.5299531168642075,0.04466989441928925,0.8390544375644995,0.012514013626985752
1.412537544622754,0.008413951416451947,1.0,0.7811901829719431,0.011260726660256437,0.6491571464494463,0.031484964773786386,0.3576773271167054,0.06503096137688717,0.9146776626652787,0.03993016603569233,0.22348641210870315,0.047592360369399525,0.39071798922752954,0.057208007236035335,0.8009459924320605,0.012713313881952968
1.412537544622754,0.008413951416451947,1.5,0.7835763250254507,0.011636552938692063,0.6512112144606436,0.030420008559065678,0.3636635141582647,0.06346189735393623,0.9008516967137657,0.04667367057623485,0.22874097007223942,0.04631129426810601,0.3909499384186873,0.05924136789487429,0.8012749398004816,0.013153844012963652
1.412537544622754,0.008413951416451947,2.0,0.7834575917260911,0.011590674282171618,0.6509080911094139,0.03019255596485033,0.36539005272690855,0.06344754198713208,0.9012784392457714,0.04688941459836478,0.23005675954592367,0.04622508419709696,0.3923300032246038,0.05938819147197929,0.8016038871689026,0.013165398654298688
1.412537544622754,0.008413951416451947,2.5,0.7834604772293228,0.011587802276691933,0.6509089982909044,0.03019242928274246,0.36539005272690855,0.06344754198713208,0.9012784392457714,0.04688941459836478,0.23005675954592367,0.04622508419709696,0.3923300032246038,0.05938819147197929,0.8016038871689026,0.013165398654298688
1.412537544622754,0.008413951416451947,3.0,0.7834590344777069,0.011593815923854363,0.6509081368828828,0.030192602752224712,0.36539005272690855,0.06344754198713208,0.9012784392457714,0.04688941459836478,0.23005675954592367,0.04622508419709696,0.3923300032246038,0.05938819147197929,0.8016038871689026,0.013165398654298688
1.412537544622754,0.008413951416451947,4.0,0.7834648054841706,0.011588075452757897,0.6509149520624437,0.030191654365471946,0.36539005272690855,0.06344754198713208,0.9012784392457714,0.04688941459836478,0.23005675954592367,0.04622508419709696,0.3923300032246038,0.05938819147197929,0.8016038871689026,0.013165398654298688
1.412537544622754,0.015848931924611124,1.0,0.7906014917587002,0.011359693230590944,0.63418460700316,0.03791639661729047,0.015551119763643484,0.005733214940001634,0.6333333333333333,0.2173067468400883,0.007886136910904713,0.002947061033766413,0.047491240445358775,0.019683331802399427,0.7506578947368421,0.0009008594695808909
1.412537544622754,0.015848931924611124,1.5,0.7918291795177507,0.011321217859520885,0.6361442474347633,0.03671455596512042,0.015551119763643484,0.005733214940001634,0.6333333333333333,0.2173067468400883,0.007886136910904713,0.002947061033766413,0.047491240445358775,0.019683331802399427,0.7506578947368421,0.0009008594695808909
1.412537544622754,0.015848931924611124,2.0,0.7917646316523539,0.011314620771304434,0.6353316836983589,0.03725229368932008,0.015551119763643484,0.005733214940001634,0.6333333333333333,0.2173067468400883,0.007886136910904713,0.002947061033766413,0.047491240445358775,0.019683331802399427,0.7506578947368421,0.0009008594695808909
1.412537544622754,0.015848931924611124,2.5,0.7917761736652811,0.011317879942543473,0.6359848686718456,0.0369519468512,0.015551119763643484,0.005733214940001634,0.6333333333333333,0.2173067468400883,0.007886136910904713,0.002947061033766413,0.047491240445358775,0.019683331802399427,0.7506578947368421,0.0009008594695808909
1.412537544622754,0.015848931924611124,3.0,0.7917776164168969,0.011321367153304505,0.63598350665873,0.03695517077836475,0.015551119763643484,0.005733214940001634,0.6333333333333333,0.2173067468400883,0.007886136910904713,0.002947061033766413,0.047491240445358775,0.019683331802399427,0.7506578947368421,0.0009008594695808909
1.412537544622754,0.015848931924611124,4.0,0.7917617461491221,0.011300229617399505,0.6353288928173234,0.0366853551635437,0.015551119763643484,0.005733214940001634,0.6333333333333333,0.2173067468400883,0.007886136910904713,0.002947061033766413,0.047491240445358775,0.019683331802399427,0.7506578947368421,0.0009008594695808909
1.412537544622754,0.02985382618917957,1.0,0.7741477880254128,0.011436602946410157,0.5688630962723151,0.03801786318905168,0.010406586877175114,0.005817575027694738,0.6,0.4183300132670378,0.0052545579635362915,0.002937446210912448,0.0413417723359351,0.029609256702841227,0.750655744754042,0.0008979235280255353
1.412537544622754,0.02985382618917957,1.5,0.7767134374950571,0.01220330954739043,0.5725932708189081,0.041768628540078796,0.010406586877175114,0.005817575027694738,0.6,0.4183300132670378,0.0052545579635362915,0.002937446210912448,0.0413417723359351,0.029609256702841227,0.750655744754042,0.0008979235280255353
1.412537544622754,0.02985382618917957,2.0,0.7789194235136063,0.010413774184745612,0.5768728205188313,0.0432058657373713,0.010406586877175114,0.005817575027694738,0.6,0.4183300132670378,0.0052545579635362915,0.002937446210912448,0.0413417723359351,0.029609256702841227,0.750655744754042,0.0008979235280255353
1.412537544622754,0.02985382618917957,2.5,0.778920885063088,0.010415775084472752,0.5775101097448758,0.042715550099986364,0.010406586877175114,0.005817575027694738,0.6,0.4183300132670378,0.0052545579635362915,0.002937446210912448,0.0413417723359351,0.029609256702841227,0.750655744754042,0.0008979235280255353
1.412537544622754,0.02985382618917957,3.0,0.7789208850630881,0.010411121422118294,0.5775101097448758,0.042715550099986364,0.010406586877175114,0.005817575027694738,0.6,0.4183300132670378,0.0052545579635362915,0.002937446210912448,0.0413417723359351,0.029609256702841227,0.750655744754042,0.0008979235280255353
1.412537544622754,0.02985382618917957,4.0,0.7789194423114723,0.010411323264017284,0.5775093689759803,0.04271491678320781,0.010406586877175114,0.005817575027694738,0.6,0.4183300132670378,0.0052545579635362915,0.002937446210912448,0.0413417723359351,0.029609256702841227,0.750655744754042,0.0008979235280255353
1.412537544622754,0.05623413251903485,1.0,0.6270000896652039,0.002841387775240573,0.36522539282869926,0.025056973825957903,0.010406586877175114,0.005817575027694738,0.6,0.4183300132670378,0.0052545579635362915,0.002937446210912448,0.0413417723359351,0.029609256702841227,0.750655744754042,0.0008979235280255353
1.412537544622754,0.05623413251903485,1.5,0.627745954654883,0.004040057695996227,0.3661965741483259,0.02691620169539701,0.010406586877175114,0.005817575027694738,0.6,0.4183300132670378,0.0052545579635362915,0.002937446210912448,0.0413417723359351,0.029609256702841227,0.750655744754042,0.0008979235280255353
1.412537544622754,0.05623413251903485,2.0,0.6309113517001277,0.0062943987511842265,0.3695048016205142,0.028909646954194807,0.010406586877175114,0.005817575027694738,0.6,0.4183300132670378,0.0052545579635362915,0.002937446210912448,0.0413417723359351,0.029609256702841227,0.750655744754042,0.0008979235280255353
1.412537544622754,0.05623413251903485,2.5,0.6316090890376189,0.005877355607227603,0.3708987369331562,0.028025605118010787,0.010406586877175114,0.005817575027694738,0.6,0.4183300132670378,0.0052545579635362915,0.002937446210912448,0.0413417723359351,0.029609256702841227,0.750655744754042,0.0008979235280255353
1.412537544622754,0.05623413251903485,3.0,0.6316119745408508,0.005882411837672941,0.3708992788533769,0.02802671973119813,0.010406586877175114,0.005817575027694738,0.6,0.4183300132670378,0.0052545579635362915,0.002937446210912448,0.0413417723359351,0.029609256702841227,0.750655744754042,0.0008979235280255353
1.412537544622754,0.05623413251903485,4.0,0.6316148600440826,0.0058874707968251325,0.3708998207765539,0.028027834358530228,0.010406586877175114,0.005817575027694738,0.6,0.4183300132670378,0.0052545579635362915,0.002937446210912448,0.0413417723359351,0.029609256702841227,0.750655744754042,0.0008979235280255353
1.412537544622754,0.10592537251772875,1.0,0.5277099913174321,0.010908240233300885,0.27594125321452273,0.012931429967462668,0.010406586877175114,0.005817575027694738,0.6,0.4183300132670378,0.0052545579635362915,0.002937446210912448,0.0413417723359351,0.029609256702841227,0.750655744754042,0.0008979235280255353
1.412537544622754,0.10592537251772875,1.5,0.5283202752509502,0.010995558503392067,0.2761924256065632,0.013104456061057295,0.010406586877175114,0.005817575027694738,0.6,0.4183300132670378,0.0052545579635362915,0.002937446210912448,0.0413417723359351,0.029609256702841227,0.750655744754042,0.0008979235280255353
1.412537544622754,0.10592537251772875,2.0,0.5293636385328708,0.01217200346226457,0.2759543683218927,0.013652846069765995,0.010406586877175114,0.005817575027694738,0.6,0.4183300132670378,0.0052545579635362915,0.002937446210912448,0.0413417723359351,0.029609256702841227,0.750655744754042,0.0008979235280255353
1.412537544622754,0.10592537251772875,2.5,0.5293636385328708,0.01217200346226457,0.2759543683218927,0.013652846069765995,0.010406586877175114,0.005817575027694738,0.6,0.4183300132670378,0.0052545579635362915,0.002937446210912448,0.0413417723359351,0.029609256702841227,0.750655744754042,0.0008979235280255353
1.412537544622754,0.10592537251772875,3.0,0.5293694095393344,0.012182717194212737,0.2759554539567719,0.013655027583332301,0.010406586877175114,0.005817575027694738,0.6,0.4183300132670378,0.0052545579635362915,0.002937446210912448,0.0413417723359351,0.029609256702841227,0.750655744754042,0.0008979235280255353
1.412537544622754,0.10592537251772875,4.0,0.5293665240361026,0.01217735979714526,0.2759549102450697,0.013653935019204023,0.010406586877175114,0.005817575027694738,0.6,0.4183300132670378,0.0052545579635362915,0.002937446210912448,0.0413417723359351,0.029609256702841227,0.750655744754042,0.0008979235280255353
1.412537544622754,0.19952623149688797,1.0,0.5054465567772762,0.0032675999678469683,0.25858643189822916,0.0022641994195739413,0.010406586877175114,0.005817575027694738,0.6,0.4183300132670378,0.0052545579635362915,0.002937446210912448,0.0413417723359351,0.029609256702841227,0.750655744754042,0.0008979235280255353
1.412537544622754,0.19952623149688797,1.5,0.5054451140256605,0.003270610195080712,0.2581259055824397,0.0027957307148732463,0.010406586877175114,0.005817575027694738,0.6,0.4183300132670378,0.0052545579635362915,0.002937446210912448,0.0413417723359351,0.029609256702841227,0.750655744754042,0.0008979235280255353
1.412537544622754,0.19952623149688797,2.0,0.5060886094739587,0.0036449283603669546,0.2590268331418937,0.0023928950798505367,0.010406586877175114,0.005817575027694738,0.6,0.4183300132670378,0.0052545579635362915,0.002937446210912448,0.0413417723359351,0.029609256702841227,0.750655744754042,0.0008979235280255353
1.412537544622754,0.19952623149688797,2.5,0.5060857239707269,0.003650954140856467,0.2583689384050516,0.0030526369841121235,0.010406586877175114,0.005817575027694738,0.6,0.4183300132670378,0.0052545579635362915,0.002937446210912448,0.0413417723359351,0.029609256702841227,0.750655744754042,0.0008979235280255353
1.412537544622754,0.19952623149688797,3.0,0.5060886094739587,0.0036449283603669546,0.2590268331418937,0.0023928950798505367,0.010406586877175114,0.005817575027694738,0.6,0.4183300132670378,0.0052545579635362915,0.002937446210912448,0.0413417723359351,0.029609256702841227,0.750655744754042,0.0008979235280255353
1.412537544622754,0.19952623149688797,4.0,0.5060886094739587,0.0036449283603669546,0.2590268331418937,0.0023928950798505367,0.010406586877175114,0.005817575027694738,0.6,0.4183300132670378,0.0052545579635362915,0.002937446210912448,0.0413417723359351,0.029609256702841227,0.750655744754042,0.0008979235280255353
3.2235420019524628,0.0001,1.0,0.8830390510786016,0.013536394433356483,0.77944528517777,0.020394366964063364,0.6226489685306607,0.024421700921691394,0.8997799010182911,0.021976530730840618,0.47704678362573094,0.033131861383054316,0.58611747332516,0.01735805593015242,0.8557920536635708,0.005502745420106007
3.2235420019524628,0.0001,1.5,0.8927982461761221,0.008138671717773206,0.784393377807594,0.02130890116884596,0.6818585278362094,0.03422350723428471,0.8591778331522552,0.02558163158077892,0.5677760577915376,0.05350515809513786,0.6250289915130366,0.02626676328924557,0.8682791537667699,0.008359298604297358
3.2235420019524628,0.0001,2.0,0.8943564132372159,0.005338647881215546,0.7828129893393364,0.02006611189088874,0.7267899328959505,0.022121330069521227,0.789383338541371,0.012207010021631179,0.6741830065359478,0.036474068822818666,0.6489479680312813,0.023919148325766474,0.8735358617131063,0.007472015376152287
3.2235420019524628,0.0001,2.5,0.8930745918770067,0.005692547690598421,0.7794342802359892,0.014849367947110474,0.7267230603338718,0.015263536523806229,0.7183614675500593,0.017752834472347597,0.735904712762298,0.026455333490630686,0.634525213450798,0.019574898357915073,0.8616980564155486,0.007402651016012434
3.2235420019524628,0.0001,3.0,0.8908506912457256,0.0059101986538753455,0.7727072897379568,0.015598903462900727,0.7147070388117086,0.020708436518683974,0.6775106056457879,0.026607951642417298,0.7569057447540419,0.02580772223658923,0.6143904507637309,0.028447497248067426,0.8488712590299278,0.012251494047092408
3.2235420019524628,0.0001,4.0,0.8865213976465004,0.008151232789686843,0.7556475232715072,0.01639960643617627,0.6891285328749008,0.021176762571142777,0.611580339609041,0.02803596812753029,0.7897574819401445,0.014565291700575909,0.5762281307251769,0.030005589571022794,0.8216137770897834,0.015526125762413254
3.2235420019524628,0.00018836490894898002,1.0,0.8848959429156468,0.011837325483189923,0.7780906952463671,0.022832816570646355,0.6643205230961277,0.03312428276757541,0.8862756515620089,0.010918197148972547,0.5322669418644651,0.04184439450313886,0.6173957479356367,0.02962166789526046,0.8659808221534228,0.009407461580854424
3.2235420019524628,0.00018836490894898002,1.5,0.8930213557044555,0.007125670158686993,0.7822662266694446,0.02201069828832592,0.7106696415164928,0.02389519237371686,0.8189366490797683,0.02761399664153545,0.629514963880289,0.04327458761607344,0.6403248005723094,0.02309803163086844,0.8722200722394222,0.0071802368535188385
3.2235420019524628,0.00018836490894898002,2.0,0.8944345662583627,0.004887373947829846,0.7819011954141647,0.019029112783589805,0.7271504464540209,0.015625825210642354,0.7505246339275695,0.021636022136395795,0.7056845545235638,0.022356773726607035,0.6406254252515737,0.020526251346348303,0.8676255589955281,0.007701257447007869
3.2235420019524628,0.00018836490894898002,2.5,0.8907459155775097,0.006104742146341825,0.7754049201075348,0.016434150719307383,0.7159005743060044,0.01615834167676463,0.7035861003816894,0.011041643587163303,0.7293171654626763,0.03186741610830183,0.6194864874374801,0.019669314431535294,0.8554566563467493,0.005925840730823666
3.2235420019524628,0.00018836490894898002,3.0,0.8874270603974717,0.007284992227341857,0.7685100350009658,0.014899214777122643,0.7058116569253527,0.014190195094700302,0.6756116366291074,0.0168132691391891,0.7398176814585484,0.031040769348850663,0.60330554969663,0.017882923082663083,0.8459236326109391,0.006883775230764289
3.2235420019524628,0.00018836490894898002,4.0,0.8826182703418203,0.009411616258169983,0.755242969948538,0.019134873784469233,0.6889579779082142,0.018120502571021657,0.631358815615898,0.01718694705576271,0.7582215342277262,0.021382406388287797,0.5768635047248474,0.0250258661523717,0.8288484692122464,0.009980006755574792
3.2235420019524628,0.0003548133892335753,1.0,0.8858496816092665,0.007468991560056836,0.7769417534445857,0.020573886036057854,0.6876409558389628,0.03684094525568509,0.8546338032866281,0.017770779127114285,0.576969384244926,0.051580081380829604,0.6288163897654876,0.033682756598951376,0.8695992432060544,0.010668691478788303
3.2235420019524628,0.0003548133892335753,1.5,0.8903747147975458,0.004875373522323121,0.7819400142224009,0.015935818696147845,0.7129995374759395,0.022725328843851148,0.7918003431002539,0.013108513463840118,0.6492088063295494,0.03592416033385715,0.6352508604226893,0.024342288360414983,0.8695949432404542,0.0075736306481423
3.2235420019524628,0.0003548133892335753,2.0,0.8886208410590714,0.004927309491675308,0.7753621036339766,0.013874717760792873,0.7140916171036744,0.02156678458563967,0.7390947346975724,0.022377568411863568,0.6912452700378395,0.029776394014470693,0.6238702277579422,0.027328039767586944,0.86171740626075,0.00965001823234859
3.2235420019524628,0.0003548133892335753,2.5,0.8855718415088593,0.006064087675872855,0.7685629532331646,0.016461308896569486,0.7021515647858803,0.021126011577195965,0.7027570915332607,0.020859919059339985,0.7017457860337117,0.025112045763381368,0.6030692271753093,0.02777038887802992,0.8512018403852769,0.010246795244454498
3.2235420019524628,0.0003548133892335753,3.0,0.8831220021779789,0.007532743371586226,0.7636617073389771,0.020722209405063568,0.6981432071529547,0.01816893486880899,0.6885281451860681,0.017497378874739077,0.7083161334709323,0.024689828092945593,0.5958725631316384,0.023764911626363835,0.8469298245614034,0.00868065173846372
3.2235420019524628,0.0003548133892335753,4.0,0.8802626845583102,0.009557839211709593,0.7580096767629105,0.022800911588838534,0.6961722805647146,0.016985045251305203,0.6694777745519893,0.021353192827637497,0.7253697970416236,0.018073758510811944,0.5903366432510123,0.02334113536476846,0.8416688166494668,0.009822958840224702
3.2235420019524628,0.0006683439175686149,1.0,0.8839124327167062,0.004468488870041628,0.7775186407798477,0.015489533461200872,0.6949925309033167,0.019576825398975987,0.8334816851652034,0.017913538349542207,0.5966288269693842,0.029135311666146614,0.6289157972571895,0.019687005656349742,0.8692573959408325,0.006356569678923879
3.2235420019524628,0.0006683439175686149,1.5,0.8838657148428284,0.00437513926755229,0.7723001970163678,0.015529527129196375,0.7029017820995277,0.02461206447597547,0.7880087497059132,0.022996564951756553,0.6347437220502237,0.03017443375936797,0.623869077340274,0.029654930248282148,0.865985122119023,0.009878739907901687
3.2235420019524628,0.0006683439175686149,2.0,0.8820660490099635,0.005260142178941933,0.7670200744034226,0.016594302051543115,0.6968693501039777,0.024722441442204555,0.7617958374979734,0.021601874608649284,0.6426298589611283,0.03290533047635784,0.6109763279784337,0.029552023489533563,0.8604016167870657,0.009795858764474193
3.2235420019524628,0.0006683439175686149,2.5,0.881687695611209,0.006392349548590593,0.7657990409829164,0.018306901623746354,0.7012297391261773,0.022619757897167424,0.7539037352932605,0.022077614052583655,0.6557619539043689,0.028118595895998015,0.6134055100511907,0.028097927496069985,0.8603973168214655,0.009610460993754202
3.2235420019524628,0.0006683439175686149,3.0,0.8816901158518515,0.006880914700597541,0.7648943218048151,0.018693266400769796,0.69602038914253,0.02355455680130349,0.7434808449537119,0.026230973607280522,0.6544461644306845,0.024883046791020016,0.6053053690670811,0.03060891285639508,0.8571142930856552,0.010879559325252884
3.2235420019524628,0.0006683439175686149,4.0,0.8816247643622794,0.006824750198677318,0.7642907084065375,0.018451689628075613,0.6953558288338538,0.02017274693526239,0.7385730513333694,0.018873596529772985,0.657077743378053,0.02383849117677218,0.6034391569548363,0.025319036510569305,0.8561274509803921,0.008740881927576891
3.2235420019524628,0.0012589254117941662,1.0,0.880564271355569,0.006908744337830469,0.7730108650528826,0.013122684715902114,0.680569739311779,0.019532691548719477,0.8359153422532046,0.022328225344301577,0.5742948056415549,0.02354170101920295,0.6160602072055306,0.022208864669661873,0.8653186274509803,0.007196188670718947
3.2235420019524628,0.0012589254117941662,1.5,0.8803141724677005,0.006803163748877233,0.7708079212319822,0.013749843487351482,0.6809996168748514,0.02340417042476428,0.8232080505209132,0.026271079515473854,0.5808651530787754,0.023559212902392913,0.612599015324124,0.028700822809572795,0.8640092879256966,0.009398279771878171
3.2235420019524628,0.0012589254117941662,2.0,0.8803450483014185,0.00684891945302906,0.769990942580143,0.013736086912760846,0.6820156857821094,0.024968776523200606,0.8207671892075561,0.02883860129374027,0.5834881320949432,0.02333248663743824,0.6127900394219213,0.03143337230834633,0.8640092879256966,0.010356822757435944
3.2235420019524628,0.0012589254117941662,2.5,0.8802007731398301,0.006698962706561233,0.7693747821811672,0.013773440200912899,0.6809644424907727,0.025282826180658517,0.8177526483948501,0.02914478047724371,0.5834881320949432,0.0237917255978725,0.6109153560894584,0.03180483389961899,0.8633513931888546,0.01050177084789212
3.2235420019524628,0.0012589254117941662,3.0,0.8801290491120859,0.006583405252575624,0.7691092936663034,0.013514097049733843,0.6798839962194867,0.023934557958441356,0.814655005297207,0.025165994661632853,0.5834881320949432,0.0237917255978725,0.6090055616495679,0.02936650008122425,0.8626934984520125,0.00965880042158291
3.2235420019524628,0.0012589254117941662,4.0,0.8800087602739151,0.006533386720121811,0.7688793007967945,0.01363542599871289,0.6798839962194867,0.023934557958441356,0.814655005297207,0.025165994661632853,0.5834881320949432,0.0237917255978725,0.6090055616495679,0.02936650008122425,0.8626934984520125,0.00965880042158291
3.2235420019524628,0.0023713737056616554,1.0,0.87108179317056,0.013033332384656813,0.759212372848988,0.017789970633645662,0.6396318506572514,0.026688477766063087,0.8752865376428595,0.026160057020391612,0.5046525627794978,0.03195284445063322,0.5923559423297338,0.026557702044694403,0.8580925352597181,0.008172315540996658
3.2235420019524628,0.0023713737056616554,1.5,0.8712478365073894,0.013033810704844127,0.7590150946114109,0.01720094961564988,0.6367192649120476,0.03151952952964318,0.8724778956675507,0.026738868264675034,0.5020381836945305,0.036338965784520325,0.5890351981072437,0.0314086553360462,0.8571121431028553,0.009603551657411806
3.2235420019524628,0.0023713737056616554,2.0,0.8711275852649504,0.013005995242714069,0.7586855961254211,0.016898581802436873,0.6367192649120476,0.03151952952964318,0.8724778956675507,0.026738868264675034,0.5020381836945305,0.036338965784520325,0.5890351981072437,0.0314086553360462,0.8571121431028553,0.009603551657411806
3.2235420019524628,0.0023713737056616554,2.5,0.8711133081317186,0.013011442149897016,0.7587512336089116,0.01684220017495206,0.6367192649120476,0.03151952952964318,0.8724778956675507,0.026738868264675034,0.5020381836945305,0.036338965784520325,0.5890351981072437,0.0314086553360462,0.8571121431028553,0.009603551657411806
3.2235420019524628,0.0023713737056616554,3.0,0.8710929968219009,0.012979078847504074,0.7587349429515656,0.016816667218521306,0.6367192649120476,0.03151952952964318,0.8724778956675507,0.026738868264675034,0.5020381836945305,0.036338965784520325,0.5890351981072437,0.0314086553360462,0.8571121431028553,0.009603551657411806
3.2235420019524628,0.0023713737056616554,4.0,0.8710959575165962,0.013005722279428153,0.7587415521348756,0.01682844164239363,0.6367192649120476,0.03151952952964318,0.8724778956675507,0.026738868264675034,0.5020381836945305,0.036338965784520325,0.5890351981072437,0.0314086553360462,0.8571121431028553,0.009603551657411806
3.2235420019524628,0.0044668359215096305,1.0,0.8275201770006066,0.016047677332881552,0.7166467781406326,0.017718721767139397,0.5519992783747163,0.046678843695215154,0.8913946162019185,0.027749873160679416,0.40088579291365667,0.04549414407803725,0.5268410895277263,0.04165760121763861,0.8380675954592363,0.011677310502122683
3.2235420019524628,0.0044668359215096305,1.5,0.8274098746365516,0.015853257877097213,0.7169001721522376,0.01713748592498519,0.5532909279016599,0.04747830558765258,0.8916077449316713,0.02808864224418507,0.40220158238734094,0.04607679096826805,0.5279330390718873,0.04262029275364071,0.8383965428276573,0.01195517553651135
3.2235420019524628,0.0044668359215096305,2.0,0.8274329586624057,0.015818713408623217,0.7169200623709807,0.017117111118653508,0.5532909279016599,0.04747830558765258,0.8916077449316713,0.02808864224418507,0.40220158238734094,0.04607679096826805,0.5279330390718873,0.04262029275364071,0.8383965428276573,0.01195517553651135
3.2235420019524628,0.0044668359215096305,2.5,0.8274329586624057,0.01583228897518388,0.7169225376055927,0.017124970652830883,0.5532909279016599,0.04747830558765258,0.8916077449316713,0.02808864224418507,0.40220158238734094,0.04607679096826805,0.5279330390718873,0.04262029275364071,0.8383965428276573,0.01195517553651135
3.2235420019524628,0.0044668359215096305,3.0,0.8274257449043263,0.01582709106875151,0.7169069141271294,0.017128053697853283,0.5532909279016599,0.04747830558765258,0.8916077449316713,0.02808864224418507,0.40220158238734094,0.04607679096826805,0.5279330390718873,0.04262029275364071,0.8383965428276573,0.01195517553651135
3.2235420019524628,0.0044668359215096305,4.0,0.8274185311462467,0.015837115519882667,0.7169093836998938,0.017126506057135588,0.5532909279016599,0.04747830558765258,0.8916077449316713,0.02808864224418507,0.40220158238734094,0.04607679096826805,0.5279330390718873,0.04262029275364071,0.8383965428276573,0.01195517553651135
3.2235420019524628,0.008413951416451947,1.0,0.7823524627861916,0.013185613055755344,0.6500929934556838,0.03042012018014106,0.35823651659607053,0.06785135915137168,0.8986935286935287,0.04869467834384502,0.22480220158238734,0.04947191245364801,0.3864246178240401,0.06272672481037905,0.8002902476780186,0.013863087178041286
3.2235420019524628,0.008413951416451947,1.5,0.7822043481142691,0.013167864610115439,0.6502434636644235,0.03069358626871883,0.36191860815803956,0.06371452229114853,0.9004012462633153,0.04646611757128732,0.2274251805985552,0.0465835439177409,0.38955103512141204,0.05925640753448005,0.8009459924320605,0.013183382214745241
3.2235420019524628,0.008413951416451947,2.0,0.7822100815250008,0.013165813219472685,0.6502471225261923,0.03069289237847379,0.36191860815803956,0.06371452229114853,0.9004012462633153,0.04646611757128732,0.2274251805985552,0.0465835439177409,0.38955103512141204,0.05925640753448005,0.8009459924320605,0.013183382214745241
3.2235420019524628,0.008413951416451947,2.5,0.7822100815250008,0.013165813219472685,0.6502471225261923,0.03069289237847379,0.36191860815803956,0.06371452229114853,0.9004012462633153,0.04646611757128732,0.2274251805985552,0.0465835439177409,0.38955103512141204,0.05925640753448005,0.8009459924320605,0.013183382214745241
3.2235420019524628,0.008413951416451947,3.0,0.7822071960217691,0.013159845302240403,0.6502463574120869,0.030692124453459577,0.36191860815803956,0.06371452229114853,0.9004012462633153,0.04646611757128732,0.2274251805985552,0.0465835439177409,0.38955103512141204,0.05925640753448005,0.8009459924320605,0.013183382214745241
3.2235420019524628,0.008413951416451947,4.0,0.7822129670282326,0.013171781593333287,0.650248729074053,0.030694505076346815,0.36191860815803956,0.06371452229114853,0.9004012462633153,0.04646611757128732,0.2274251805985552,0.0465835439177409,0.38955103512141204,0.05925640753448005,0.8009459924320605,0.013183382214745241
3.2235420019524628,0.015848931924611124,1.0,0.7918136476115623,0.011349212947186355,0.6359069711404957,0.03686722052376971,0.015551119763643484,0.005733214940001634,0.6333333333333333,0.2173067468400883,0.007886136910904713,0.002947061033766413,0.047491240445358775,0.019683331802399427,0.7506578947368421,0.0009008594695808909
3.2235420019524628,0.015848931924611124,1.5,0.7917346910278725,0.01131999424258071,0.6346231627719584,0.03706890307607842,0.015551119763643484,0.005733214940001634,0.6333333333333333,0.2173067468400883,0.007886136910904713,0.002947061033766413,0.047491240445358775,0.019683331802399427,0.7506578947368421,0.0009008594695808909
3.2235420019524628,0.015848931924611124,2.0,0.791741904785952,0.011317038947186924,0.635286813667378,0.037347252625407154,0.015551119763643484,0.005733214940001634,0.6333333333333333,0.2173067468400883,0.007886136910904713,0.002947061033766413,0.047491240445358775,0.019683331802399427,0.7506578947368421,0.0009008594695808909
3.2235420019524628,0.015848931924611124,2.5,0.7917505612956474,0.011328067960882388,0.6359387593723749,0.037057787959270935,0.015551119763643484,0.005733214940001634,0.6333333333333333,0.2173067468400883,0.007886136910904713,0.002947061033766413,0.047491240445358775,0.019683331802399427,0.7506578947368421,0.0009008594695808909
3.2235420019524628,0.015848931924611124,3.0,0.7917447902891837,0.011319338677762155,0.6359374611691636,0.03705550364383878,0.015551119763643484,0.005733214940001634,0.6333333333333333,0.2173067468400883,0.007886136910904713,0.002947061033766413,0.047491240445358775,0.019683331802399427,0.7506578947368421,0.0009008594695808909
3.2235420019524628,0.015848931924611124,4.0,0.7917332482762566,0.011316510114503367,0.6346179068597924,0.03706431639973562,0.015551119763643484,0.005733214940001634,0.6333333333333333,0.2173067468400883,0.007886136910904713,0.002947061033766413,0.047491240445358775,0.019683331802399427,0.7506578947368421,0.0009008594695808909
3.2235420019524628,0.02985382618917957,1.0,0.7751494430339021,0.011098251186766639,0.5709744356315989,0.03789186113174927,0.010406586877175114,0.005817575027694738,0.6,0.4183300132670378,0.0052545579635362915,0.002937446210912448,0.0413417723359351,0.029609256702841227,0.750655744754042,0.0008979235280255353
3.2235420019524628,0.02985382618917957,1.5,0.778922309016838,0.010412954318597862,0.5775135347499811,0.042711890288304764,0.010406586877175114,0.005817575027694738,0.6,0.4183300132670378,0.0052545579635362915,0.002937446210912448,0.0413417723359351,0.029609256702841227,0.750655744754042,0.0008979235280255353
3.2235420019524628,0.02985382618917957,2.0,0.7789266372716857,0.010416291613112392,0.5775104546108596,0.04271650035211387,0.010406586877175114,0.005817575027694738,0.6,0.4183300132670378,0.0052545579635362915,0.002937446210912448,0.0413417723359351,0.029609256702841227,0.750655744754042,0.0008979235280255353
3.2235420019524628,0.02985382618917957,2.5,0.7789280988211674,0.010418290764356901,0.5775111953797551,0.042717133621881856,0.010406586877175114,0.005817575027694738,0.6,0.4183300132670378,0.0052545579635362915,0.002937446210912448,0.0413417723359351,0.029609256702841227,0.750655744754042,0.0008979235280255353
3.2235420019524628,0.02985382618917957,3.0,0.7789266372716857,0.010423476924416383,0.5768533006429131,0.04321765601966706,0.010406586877175114,0.005817575027694738,0.6,0.4183300132670378,0.0052545579635362915,0.002937446210912448,0.0413417723359351,0.029609256702841227,0.750655744754042,0.0008979235280255353
3.2235420019524628,0.02985382618917957,4.0,0.7789237705663198,0.010415865441709264,0.5775140766731581,0.04271268074837186,0.010406586877175114,0.005817575027694738,0.6,0.4183300132670378,0.0052545579635362915,0.002937446210912448,0.0413417723359351,0.029609256702841227,0.750655744754042,0.0008979235280255353
3.2235420019524628,0.05623413251903485,1.0,0.6277502641118649,0.004045775623264435,0.3661469298876744,0.026807747770597867,0.010406586877175114,0.005817575027694738,0.6,0.4183300132670378,0.0052545579635362915,0.002937446210912448,0.0413417723359351,0.029609256702841227,0.750655744754042,0.0008979235280255353
3.2235420019524628,0.05623413251903485,1.5,0.6316148600440825,0.005890342713469802,0.3702424697514141,0.028070169643337556,0.010406586877175114,0.005817575027694738,0.6,0.4183300132670378,0.0052545579635362915,0.002937446210912448,0.0413417723359351,0.029609256702841227,0.750655744754042,0.0008979235280255353
3.2235420019524628,0.05623413251903485,2.0,0.6316148600440825,0.0058874707968250934,0.3708998207765539,0.028027834358530228,0.010406586877175114,0.005817575027694738,0.6,0.4183300132670378,0.0052545579635362915,0.002937446210912448,0.0413417723359351,0.029609256702841227,0.750655744754042,0.0008979235280255353
3.2235420019524628,0.05623413251903485,2.5,0.6316119745408508,0.005882411837672941,0.3708992788563331,0.028026719737278487,0.010406586877175114,0.005817575027694738,0.6,0.4183300132670378,0.0052545579635362915,0.002937446210912448,0.0413417723359351,0.029609256702841227,0.750655744754042,0.0008979235280255353
3.2235420019524628,0.05623413251903485,3.0,0.6316177455473142,0.005892532477656031,0.37090036448825625,0.02802895267260376,0.010406586877175114,0.005817575027694738,0.6,0.4183300132670378,0.0052545579635362915,0.002937446210912448,0.0413417723359351,0.029609256702841227,0.750655744754042,0.0008979235280255353
3.2235420019524628,0.05623413251903485,4.0,0.6316177455473142,0.005892532477656031,0.37090036448825625,0.02802895267260376,0.010406586877175114,0.005817575027694738,0.6,0.4183300132670378,0.0052545579635362915,0.002937446210912448,0.0413417723359351,0.029609256702841227,0.750655744754042,0.0008979235280255353
3.2235420019524628,0.10592537251772875,1.0,0.528323160754182,0.01100116275279037,0.276192967526784,0.013105536392092132,0.010406586877175114,0.005817575027694738,0.6,0.4183300132670378,0.0052545579635362915,0.002937446210912448,0.0413417723359351,0.029609256702841227,0.750655744754042,0.0008979235280255353
3.2235420019524628,0.10592537251772875,1.5,0.5293694095393344,0.01217517782431143,0.27661280498191176,0.01329350191661972,0.010406586877175114,0.005817575027694738,0.6,0.4183300132670378,0.0052545579635362915,0.002937446210912448,0.0413417723359351,0.029609256702841227,0.750655744754042,0.0008979235280255353
3.2235420019524628,0.10592537251772875,2.0,0.5293636385328708,0.01217200346226457,0.2759543683218927,0.013652846069765995,0.010406586877175114,0.005817575027694738,0.6,0.4183300132670378,0.0052545579635362915,0.002937446210912448,0.0413417723359351,0.029609256702841227,0.750655744754042,0.0008979235280255353
3.2235420019524628,0.10592537251772875,2.5,0.5293665240361026,0.012169821384275864,0.27661226305873476,0.013292416966987821,0.010406586877175114,0.005817575027694738,0.6,0.4183300132670378,0.0052545579635362915,0.002937446210912448,0.0413417723359351,0.029609256702841227,0.750655744754042,0.0008979235280255353
3.2235420019524628,0.10592537251772875,3.0,0.5293694095393344,0.01217517782431143,0.27661280498191176,0.01329350191661972,0.010406586877175114,0.005817575027694738,0.6,0.4183300132670378,0.0052545579635362915,0.002937446210912448,0.0413417723359351,0.029609256702841227,0.750655744754042,0.0008979235280255353
3.2235420019524628,0.10592537251772875,4.0,0.5293636385328708,0.01217200346226457,0.2759543683218927,0.013652846069765995,0.010406586877175114,0.005817575027694738,0.6,0.4183300132670378,0.0052545579635362915,0.002937446210912448,0.0413417723359351,0.029609256702841227,0.750655744754042,0.0008979235280255353
3.2235420019524628,0.19952623149688797,1.0,0.5054479995288922,0.003264590152975289,0.2587838003192818,0.0021501603599918,0.010406586877175114,0.005817575027694738,0.6,0.4183300132670378,0.0052545579635362915,0.002937446210912448,0.0413417723359351,0.029609256702841227,0.750655744754042,0.0008979235280255353
3.2235420019524628,0.19952623149688797,1.5,0.5060886094739587,0.0036449283603669546,0.2590268331418937,0.0023928950798505367,0.010406586877175114,0.005817575027694738,0.6,0.4183300132670378,0.0052545579635362915,0.002937446210912448,0.0413417723359351,0.029609256702841227,0.750655744754042,0.0008979235280255353
3.2235420019524628,0.19952623149688797,2.0,0.5060857239707269,0.003650954140856467,0.2583689384050516,0.0030526369841121235,0.010406586877175114,0.005817575027694738,0.6,0.4183300132670378,0.0052545579635362915,0.002937446210912448,0.0413417723359351,0.029609256702841227,0.750655744754042,0.0008979235280255353
3.2235420019524628,0.19952623149688797,2.5,0.5060857239707269,0.003650954140856467,0.2583689384050516,0.0030526369841121235,0.010406586877175114,0.005817575027694738,0.6,0.4183300132670378,0.0052545579635362915,0.002937446210912448,0.0413417723359351,0.029609256702841227,0.750655744754042,0.0008979235280255353
3.2235420019524628,0.19952623149688797,3.0,0.5060857239707269,0.003650954140856467,0.2583689384050516,0.0030526369841121235,0.010406586877175114,0.005817575027694738,0.6,0.4183300132670378,0.0052545579635362915,0.002937446210912448,0.0413417723359351,0.029609256702841227,0.750655744754042,0.0008979235280255353
3.2235420019524628,0.19952623149688797,4.0,0.5060886094739587,0.0036449283603669546,0.2590268331418937,0.0023928950798505367,0.010406586877175114,0.005817575027694738,0.6,0.4183300132670378,0.0052545579635362915,0.002937446210912448,0.0413417723359351,0.029609256702841227,0.750655744754042,0.0008979235280255353
7.3564225445964135,0.0001,1.0,0.8831885426171608,0.010909674636379688,0.7754662814111193,0.02178717227536877,0.683974195659467,0.04675835185249702,0.8604790909644666,0.025613053422612945,0.569091847265222,0.05798855873202651,0.6272987604289774,0.0474574637846623,0.8692767457860338,0.0150423039959714
7.3564225445964135,0.0001,1.5,0.8906623298498534,0.007172664058498085,0.7763263247404151,0.024285764032976064,0.7209027844140323,0.01678548270105535,0.7961378272721802,0.012409120372748795,0.6597093223254215,0.03484580801239818,0.644489903243996,0.015270080463923377,0.8725425696594428,0.004179073830031356
7.3564225445964135,0.0001,2.0,0.8903892033913609,0.005282608510162806,0.7743200011279935,0.017361081077674992,0.7231222209367408,0.01466580385530679,0.7292640740817193,0.01634023029365807,0.7175094599243206,0.02363343790128854,0.6320696425671756,0.01881002785220854,0.8626956484348124,0.006715300999700888
7.3564225445964135,0.0001,2.5,0.8865669923941146,0.007702502615327492,0.7669356050360303,0.016106585997689972,0.7159410858949589,0.014059047469700187,0.6919954470928624,0.015173793849091812,0.7424578603371172,0.0304862951752656,0.6178667136335736,0.017533945734166282,0.8528250773993807,0.006209084628395057
7.3564225445964135,0.0001,3.0,0.8842533826765848,0.008678061189785119,0.7616115897477014,0.016145582317071035,0.7074167867874778,0.010499161810118002,0.6686769146885887,0.014647010185115385,0.7516425868593051,0.0247804596329815,0.604352282025466,0.01348858027055176,0.8446142930856553,0.005683160401017055
7.3564225445964135,0.0001,4.0,0.8782616114257419,0.01059176586085625,0.7465122786118944,0.022554301283477844,0.6899378557204816,0.017439985918754734,0.6266695637918344,0.016629197583800596,0.7674320605435156,0.018595812614938874,0.5778124536276812,0.024329196335170125,0.8275412796697627,0.009927018546310253
7.3564225445964135,0.00018836490894898002,1.0,0.8810549055783566,0.008278448711047244,0.7713646166467438,0.01853076835547661,0.6954523132245599,0.03340669197432587,0.8190888425926763,0.01017328471019194,0.6058651530787753,0.05149020735505995,0.6257504610299108,0.03175854048924043,0.8679545063639491,0.009711800963967312
7.3564225445964135,0.00018836490894898002,1.5,0.8843848704820383,0.005697661441837737,0.7712270481148347,0.012981350580821244,0.7124141382033029,0.024952702358124104,0.7632066191850252,0.012462569816318459,0.6689112487100103,0.041399485075450826,0.6277458459949158,0.027532867871061767,0.8653250773993808,0.008421351855256866
7.3564225445964135,0.00018836490894898002,2.0,0.8824073231559888,0.007430343759390225,0.7630296747735499,0.014397799374036608,0.7080817692560532,0.025534518084386334,0.714983974042702,0.022963586094497324,0.7017543859649122,0.0341148008467194,0.6123040332410558,0.03280709308937904,0.8554760061919504,0.011632942833204131
7.3564225445964135,0.00018836490894898002,2.5,0.878959696492936,0.009891681174315254,0.7534467358489181,0.021095752912528732,0.6965495618038994,0.024563103409216542,0.6819725023813931,0.022881914109628216,0.7122463020295837,0.03304398367255993,0.5929599825160856,0.03208781503331085,0.8449604403164773,0.011818056699501594
7.3564225445964135,0.00018836490894898002,3.0,0.875789407133602,0.010825766180053315,0.7464877021629611,0.02513738695485368,0.6901355936038092,0.016582271319433167,0.6639765720428576,0.01463303087562528,0.7187994496044031,0.025517490019231436,0.5823430237657281,0.021553685206590924,0.8387125902992777,0.007794883394031433
7.3564225445964135,0.00018836490894898002,4.0,0.872334604369834,0.011421929920166074,0.7391204159164888,0.024498749398217088,0.6838959203451751,0.012304933373623459,0.643890965319391,0.011254962887540819,0.7292999656002752,0.016435731914039433,0.5717106488982814,0.016573949122386945,0.8314757481940145,0.006278213916848287
7.3564225445964135,0.0003548133892335753,1.0,0.876818732908857,0.004931369806334519,0.7668862307134876,0.014470924638612404,0.6944197831692996,0.029935966875163388,0.7812723805286101,0.015117887576629754,0.6255589955280357,0.04099943353432603,0.6138248446986591,0.03327057476467693,0.8626999484004129,0.010533641559426469
7.3564225445964135,0.0003548133892335753,1.5,0.8756145522817242,0.0063666890467566845,0.7589480419110946,0.014599551033852146,0.6964076817802861,0.0274708840897574,0.7428355808505415,0.029299050757281817,0.6557705538355693,0.030898081948163198,0.6056163116259023,0.035460918009644044,0.857125042999656,0.012629848372978267
7.3564225445964135,0.0003548133892335753,2.0,0.8734193656679505,0.0077547647389042546,0.7513824670982391,0.0182063163584168,0.6928191942032302,0.02429273622760391,0.7207426306301079,0.03623147653863972,0.6675696594427244,0.022041843445662738,0.5964308871129553,0.03409188864389501,0.8518704850361196,0.013782047138240015
7.3564225445964135,0.0003548133892335753,2.5,0.8725712861422439,0.008925346591290713,0.7491126449561711,0.02007126132921692,0.6959747076234563,0.022228020478722518,0.7125886407355202,0.033223897849498606,0.6807103543171655,0.02156583006308392,0.5980818289100546,0.03116486427142021,0.8512104403164775,0.012722883134742116
7.3564225445964135,0.0003548133892335753,3.0,0.8720967618137967,0.009846582204262492,0.7480929378036825,0.018877625990550453,0.6917436418182924,0.02219448508013737,0.7034129294564175,0.02884911047810651,0.680718954248366,0.020343641228985954,0.5913882007182064,0.03056164967564044,0.8482520639834881,0.012094203633846804
7.3564225445964135,0.0003548133892335753,4.0,0.8720691709225527,0.009464330116233934,0.7470616132598767,0.019607804063783953,0.68766481867326,0.02337331923739704,0.6963473126625092,0.029227139463070352,0.6794117647058824,0.021121665634492484,0.5853359613112209,0.03211178077953067,0.84562693498452,0.012703766530048356
7.3564225445964135,0.0006683439175686149,1.0,0.8734938153246178,0.005109043070492852,0.7622380102780651,0.01483493124250335,0.6894190354955799,0.022499398519596245,0.77863630120057,0.019539498388326717,0.6189714482284142,0.02962725289084358,0.6079470911496967,0.02612111317349043,0.8607284141726866,0.008538283216788954
7.3564225445964135,0.0006683439175686149,1.5,0.8731105039116918,0.006574387331897931,0.7605843690653253,0.016691330810202024,0.6878164202596484,0.01991408914323428,0.7661961503150821,0.018346698139269448,0.62421740626075,0.02440451906866978,0.6028633594171244,0.02404514350285741,0.8584279325765394,0.008065096023588646
7.3564225445964135,0.0006683439175686149,2.0,0.8729346715091546,0.006703719680059946,0.7601613055996393,0.016439275358876588,0.6920846391067809,0.02304022276257732,0.7667996214928766,0.022499761240718036,0.6307963536291709,0.025529095303260887,0.6072777482103149,0.028725740918835792,0.8597458720330238,0.009806997541736837
7.3564225445964135,0.0006683439175686149,2.5,0.8729013754347941,0.0065972183468638165,0.7594199910605471,0.016109507800582602,0.6916148933707122,0.01931016468121888,0.7657285191145484,0.020962737979511953,0.6307877536979705,0.02209089489012556,0.6065065423750167,0.024294415651777437,0.8594147746818026,0.00837989893366607
7.3564225445964135,0.0006683439175686149,3.0,0.8727397543421418,0.006683721140139637,0.7586794242737749,0.016396502200308118,0.6925991886678874,0.017260351467950893,0.7663815827697842,0.0235243594718962,0.6320949432404541,0.02000524047893556,0.6076647232149666,0.02251587507026542,0.8597415720674235,0.008012698467043021
7.3564225445964135,0.0006683439175686149,4.0,0.8726113165366549,0.006723126783015249,0.7585711264583391,0.01640707806911098,0.6935498749922393,0.015334460310317393,0.7667998898563982,0.022773047258665153,0.6334021327829378,0.018152110103051188,0.6087275721215859,0.020307293830669655,0.8600683694530444,0.007337684516383852
7.3564225445964135,0.0012589254117941662,1.0,0.8749976748580689,0.008261448560838014,0.7664417772131934,0.016157375324136115,0.678604118507242,0.019604126128214692,0.8299907943459554,0.03223150603683173,0.5742862057103543,0.019239705845355677,0.6123745766600547,0.026063110488717862,0.8640028379772963,0.00863612926078976
7.3564225445964135,0.0012589254117941662,1.5,0.8752997833115146,0.008013253913468646,0.7658923352531664,0.01573430760388197,0.6738957430685371,0.0202072260246315,0.8210155300406775,0.02644992999185495,0.5716546267629858,0.019342357034437287,0.6053188736880242,0.025710417995212013,0.8617045063639491,0.008446263594589323
7.3564225445964135,0.0012589254117941662,2.0,0.8750954060106311,0.007997100757028048,0.7655991918340433,0.015470475048134818,0.6733722676296724,0.02249681802354923,0.8222336913145206,0.02829893593077211,0.5703474372205022,0.021863221502380115,0.6052225419229094,0.028236493354010843,0.8617066563467493,0.009240336187933306
7.3564225445964135,0.0012589254117941662,2.5,0.8750954812020947,0.007989329492957106,0.7655858641237703,0.015456580167404534,0.6733722676296724,0.02249681802354923,0.8222336913145206,0.02829893593077211,0.5703474372205022,0.021863221502380115,0.6052225419229094,0.028236493354010843,0.8617066563467493,0.009240336187933306
7.3564225445964135,0.0012589254117941662,3.0,0.8750953684148992,0.007976105896882739,0.7655852514783188,0.015449389540245682,0.6733722676296724,0.02249681802354923,0.8222336913145206,0.02829893593077211,0.5703474372205022,0.021863221502380115,0.6052225419229094,0.028236493354010843,0.8617066563467493,0.009240336187933306
7.3564225445964135,0.0012589254117941662,4.0,0.8750896725998993,0.007987366654422824,0.7655810222699648,0.015468463028961486,0.6733722676296724,0.02249681802354923,0.8222336913145206,0.02829893593077211,0.5703474372205022,0.021863221502380115,0.6052225419229094,0.028236493354010843,0.8617066563467493,0.009240336187933306
7.3564225445964135,0.0023713737056616554,1.0,0.8682035835107655,0.014190873388299071,0.7568931242436447,0.017409475221026132,0.6424078706625499,0.02645055326248572,0.8779030232045008,0.0248989544444821,0.5072841417268663,0.032351856451387176,0.5955854523256644,0.02544066693325031,0.8590793773649811,0.007872134204701595
7.3564225445964135,0.0023713737056616554,1.5,0.8685572127852744,0.014050012699476111,0.7571080916940494,0.017275956696570213,0.6424078706625499,0.02645055326248572,0.8779030232045008,0.0248989544444821,0.5072841417268663,0.032351856451387176,0.5955854523256644,0.02544066693325031,0.8590793773649811,0.007872134204701595
7.3564225445964135,0.0023713737056616554,2.0,0.8685629837917379,0.014040889986417428,0.7572234122983463,0.017163743805018568,0.6424078706625499,0.02645055326248572,0.8779030232045008,0.0248989544444821,0.5072841417268663,0.032351856451387176,0.5955854523256644,0.02544066693325031,0.8590793773649811,0.007872134204701595
7.3564225445964135,0.0023713737056616554,2.5,0.8685543648777745,0.014041115951190293,0.7571909720226595,0.0171875853817049,0.6424078706625499,0.02645055326248572,0.8779030232045008,0.0248989544444821,0.5072841417268663,0.032351856451387176,0.5955854523256644,0.02544066693325031,0.8590793773649811,0.007872134204701595
7.3564225445964135,0.0023713737056616554,3.0,0.8685443220100609,0.014018724113651088,0.7571897819810443,0.017179653810285713,0.6424078706625499,0.02645055326248572,0.8779030232045008,0.0248989544444821,0.5072841417268663,0.032351856451387176,0.5955854523256644,0.02544066693325031,0.8590793773649811,0.007872134204701595
7.3564225445964135,0.0023713737056616554,4.0,0.8685457083680792,0.014026852383161306,0.757114719636699,0.01726029059533871,0.6424078706625499,0.02645055326248572,0.8779030232045008,0.0248989544444821,0.5072841417268663,0.032351856451387176,0.5955854523256644,0.02544066693325031,0.8590793773649811,0.007872134204701595
7.3564225445964135,0.0044668359215096305,1.0,0.8274780975155478,0.015987846782492564,0.7158779951983959,0.018110579610538385,0.5519992783747163,0.046678843695215154,0.8913946162019185,0.027749873160679416,0.40088579291365667,0.04549414407803725,0.5268410895277263,0.04165760121763861,0.8380675954592363,0.011677310502122683
7.3564225445964135,0.0044668359215096305,1.5,0.8274922242658522,0.015811338787276565,0.7162844197596162,0.01765044408688629,0.5532909279016599,0.04747830558765258,0.8916077449316713,0.02808864224418507,0.40220158238734094,0.04607679096826805,0.5279330390718873,0.04262029275364071,0.8383965428276573,0.01195517553651135
7.3564225445964135,0.0044668359215096305,2.0,0.8274921866701204,0.015807723512011894,0.7163329286333451,0.017589252942215416,0.5532909279016599,0.04747830558765258,0.8916077449316713,0.02808864224418507,0.40220158238734094,0.04607679096826805,0.5279330390718873,0.04262029275364071,0.8383965428276573,0.01195517553651135
7.3564225445964135,0.0044668359215096305,2.5,0.8274950721733522,0.01581000553275794,0.7161820128376435,0.017332421042622805,0.5532909279016599,0.04747830558765258,0.8916077449316713,0.02808864224418507,0.40220158238734094,0.04607679096826805,0.5279330390718873,0.04262029275364071,0.8383965428276573,0.01195517553651135
7.3564225445964135,0.0044668359215096305,3.0,0.827492261861584,0.015807363552989118,0.7162761621426823,0.017653611272481846,0.5532909279016599,0.04747830558765258,0.8916077449316713,0.02808864224418507,0.40220158238734094,0.04607679096826805,0.5279330390718873,0.04262029275364071,0.8383965428276573,0.01195517553651135
7.3564225445964135,0.0044668359215096305,4.0,0.8274950721733522,0.015808237909570852,0.7162864129047314,0.017640990722498424,0.5532909279016599,0.04747830558765258,0.8916077449316713,0.02808864224418507,0.40220158238734094,0.04607679096826805,0.5279330390718873,0.04262029275364071,0.8383965428276573,0.01195517553651135
7.3564225445964135,0.008413951416451947,1.0,0.7823941522001249,0.01324566627548727,0.650092055691618,0.030470655875115868,0.35823651659607053,0.06785135915137168,0.8986935286935287,0.04869467834384502,0.22480220158238734,0.04947191245364801,0.3864246178240401,0.06272672481037905,0.8002902476780186,0.013863087178041286
7.3564225445964135,0.008413951416451947,1.5,0.7822703387312817,0.013207933649049696,0.6506830407861791,0.030646991401547013,0.3600000846925548,0.0674452136285523,0.8991697191697192,0.048896498970412844,0.22611799105607155,0.049083260699367956,0.38784335837940964,0.06260114948695335,0.8006191950464396,0.013805575538216333
7.3564225445964135,0.008413951416451947,2.0,0.7822717814828977,0.013206048216216591,0.6506835899470612,0.03064686544557084,0.3600000846925548,0.0674452136285523,0.8991697191697192,0.048896498970412844,0.22611799105607155,0.049083260699367956,0.38784335837940964,0.06260114948695335,0.8006191950464396,0.013805575538216333
7.3564225445964135,0.008413951416451947,2.5,0.7822688959796659,0.013207237094222451,0.6506824634940293,0.03064605317120846,0.3600000846925548,0.0674452136285523,0.8991697191697192,0.048896498970412844,0.22611799105607155,0.049083260699367956,0.38784335837940964,0.06260114948695335,0.8006191950464396,0.013805575538216333
7.3564225445964135,0.008413951416451947,3.0,0.7822660104764341,0.01320385019893748,0.6504198828914423,0.03039057184101832,0.3600000846925548,0.0674452136285523,0.8991697191697192,0.048896498970412844,0.22611799105607155,0.049083260699367956,0.38784335837940964,0.06260114948695335,0.8006191950464396,0.013805575538216333
7.3564225445964135,0.008413951416451947,4.0,0.7822717814828974,0.01321578945612693,0.650684219642655,0.030648160664626868,0.3600000846925548,0.0674452136285523,0.8991697191697192,0.048896498970412844,0.22611799105607155,0.049083260699367956,0.38784335837940964,0.06260114948695335,0.8006191950464396,0.013805575538216333
7.3564225445964135,0.015848931924611124,1.0,0.791809244165251,0.01134224094408272,0.6359222133614997,0.03684663709105229,0.015551119763643484,0.005733214940001634,0.6333333333333333,0.2173067468400883,0.007886136910904713,0.002947061033766413,0.047491240445358775,0.019683331802399427,0.7506578947368421,0.0009008594695808909
7.3564225445964135,0.015848931924611124,1.5,0.7917433475375679,0.011340551658116456,0.6358174962092888,0.036999144002065755,0.015551119763643484,0.005733214940001634,0.6333333333333333,0.2173067468400883,0.007886136910904713,0.002947061033766413,0.047491240445358775,0.019683331802399427,0.7506578947368421,0.0009008594695808909
7.3564225445964135,0.015848931924611124,2.0,0.7917462330407996,0.011339693930638163,0.6351673610098874,0.0372988324825444,0.015551119763643484,0.005733214940001634,0.6333333333333333,0.2173067468400883,0.007886136910904713,0.002947061033766413,0.047491240445358775,0.019683331802399427,0.7506578947368421,0.0009008594695808909
7.3564225445964135,0.015848931924611124,2.5,0.7917433475375679,0.011345811374477073,0.6351604974668122,0.03729259081557665,0.015551119763643484,0.005733214940001634,0.6333333333333333,0.2173067468400883,0.007886136910904713,0.002947061033766413,0.047491240445358775,0.019683331802399427,0.7506578947368421,0.0009008594695808909
7.3564225445964135,0.015848931924611124,3.0,0.7917447902891837,0.011346681378392641,0.6351612574112278,0.037293586048796096,0.015551119763643484,0.005733214940001634,0.6333333333333333,0.2173067468400883,0.007886136910904713,0.002947061033766413,0.047491240445358775,0.019683331802399427,0.7506578947368421,0.0009008594695808909
7.3564225445964135,0.015848931924611124,4.0,0.7917375765311043,0.011338111265592997,0.6351572642969066,0.03728894708683587,0.015551119763643484,0.005733214940001634,0.6333333333333333,0.2173067468400883,0.007886136910904713,0.002947061033766413,0.047491240445358775,0.019683331802399427,0.7506578947368421,0.0009008594695808909
7.3564225445964135,0.02985382618917957,1.0,0.7751494430339021,0.011098251186766639,0.5709744356315989,0.037891861131749235,0.010406586877175114,0.005817575027694738,0.6,0.4183300132670378,0.0052545579635362915,0.002937446210912448,0.0413417723359351,0.029609256702841227,0.750655744754042,0.0008979235280255353
7.3564225445964135,0.02985382618917957,1.5,0.7789179807619904,0.010404978542020561,0.5775293494451806,0.04269805502698431,0.010406586877175114,0.005817575027694738,0.6,0.4183300132670378,0.0052545579635362915,0.002937446210912448,0.0413417723359351,0.029609256702841227,0.750655744754042,0.0008979235280255353
7.3564225445964135,0.02985382618917957,2.0,0.7789194235136063,0.01041033313703378,0.5768678290689893,0.04320122960538727,0.010406586877175114,0.005817575027694738,0.6,0.4183300132670378,0.0052545579635362915,0.002937446210912448,0.0413417723359351,0.029609256702841227,0.750655744754042,0.0008979235280255353
7.3564225445964135,0.02985382618917957,2.5,0.7789266372716857,0.010407278934483614,0.5775270064949478,0.042703285446996635,0.010406586877175114,0.005817575027694738,0.6,0.4183300132670378,0.0052545579635362915,0.002937446210912448,0.0413417723359351,0.029609256702841227,0.750655744754042,0.0008979235280255353
7.3564225445964135,0.02985382618917957,3.0,0.7789280800233016,0.01041010674645527,0.5775268076492291,0.04270344274382559,0.010406586877175114,0.005817575027694738,0.6,0.4183300132670378,0.0052545579635362915,0.002937446210912448,0.0413417723359351,0.029609256702841227,0.750655744754042,0.0008979235280255353
7.3564225445964135,0.02985382618917957,4.0,0.778922309016838,0.010402739500939642,0.5775264645747271,0.042702495065419635,0.010406586877175114,0.005817575027694738,0.6,0.4183300132670378,0.0052545579635362915,0.002937446210912448,0.0413417723359351,0.029609256702841227,0.750655744754042,0.0008979235280255353
7.3564225445964135,0.05623413251903485,1.0,0.627747378608633,0.004039565096235195,0.36614638617597206,0.026806620448225408,0.010406586877175114,0.005817575027694738,0.6,0.4183300132670378,0.0052545579635362915,0.002937446210912448,0.0413417723359351,0.029609256702841227,0.750655744754042,0.0008979235280255353
7.3564225445964135,0.05623413251903485,1.5,0.6316177455473143,0.005892532477656047,0.37090036448825625,0.02802895267260376,0.010406586877175114,0.005817575027694738,0.6,0.4183300132670378,0.0052545579635362915,0.002937446210912448,0.0413417723359351,0.029609256702841227,0.750655744754042,0.0008979235280255353
7.3564225445964135,0.05623413251903485,2.0,0.6316148600440825,0.005890342713469802,0.3702424697514141,0.028070169643337556,0.010406586877175114,0.005817575027694738,0.6,0.4183300132670378,0.0052545579635362915,0.002937446210912448,0.0413417723359351,0.029609256702841227,0.750655744754042,0.0008979235280255353
7.3564225445964135,0.05623413251903485,2.5,0.6316177455473143,0.005892532477656047,0.37090036448825625,0.02802895267260376,0.010406586877175114,0.005817575027694738,0.6,0.4183300132670378,0.0052545579635362915,0.002937446210912448,0.0413417723359351,0.029609256702841227,0.750655744754042,0.0008979235280255353
7.3564225445964135,0.05623413251903485,3.0,0.6316177455473143,0.005892532477656047,0.37090036448825625,0.02802895267260376,0.010406586877175114,0.005817575027694738,0.6,0.4183300132670378,0.0052545579635362915,0.002937446210912448,0.0413417723359351,0.029609256702841227,0.750655744754042,0.0008979235280255353
7.3564225445964135,0.05623413251903485,4.0,0.6316177455473143,0.005892532477656047,0.37090036448825625,0.02802895267260376,0.010406586877175114,0.005817575027694738,0.6,0.4183300132670378,0.0052545579635362915,0.002937446210912448,0.0413417723359351,0.029609256702841227,0.750655744754042,0.0008979235280255353
7.3564225445964135,0.10592537251772875,1.0,0.5283260462574136,0.011006767930983997,0.2761935094499609,0.01310661675200677,0.010406586877175114,0.005817575027694738,0.6,0.4183300132670378,0.0052545579635362915,0.002937446210912448,0.0413417723359351,0.029609256702841227,0.750655744754042,0.0008979235280255353
7.3564225445964135,0.10592537251772875,1.5,0.5293722950425661,0.012180535326631568,0.27661334869361404,0.013294590468962324,0.010406586877175114,0.005817575027694738,0.6,0.4183300132670378,0.0052545579635362915,0.002937446210912448,0.0413417723359351,0.029609256702841227,0.750655744754042,0.0008979235280255353
7.3564225445964135,0.10592537251772875,2.0,0.5293636385328708,0.01217200346226457,0.2759543683218927,0.013652846069765995,0.010406586877175114,0.005817575027694738,0.6,0.4183300132670378,0.0052545579635362915,0.002937446210912448,0.0413417723359351,0.029609256702841227,0.750655744754042,0.0008979235280255353
7.3564225445964135,0.10592537251772875,2.5,0.5293694095393344,0.01217517782431143,0.27661280498191176,0.01329350191661972,0.010406586877175114,0.005817575027694738,0.6,0.4183300132670378,0.0052545579635362915,0.002937446210912448,0.0413417723359351,0.029609256702841227,0.750655744754042,0.0008979235280255353
7.3564225445964135,0.10592537251772875,3.0,0.5293636385328708,0.01217200346226457,0.2759543683218927,0.013652846069765995,0.010406586877175114,0.005817575027694738,0.6,0.4183300132670378,0.0052545579635362915,0.002937446210912448,0.0413417723359351,0.029609256702841227,0.750655744754042,0.0008979235280255353
7.3564225445964135,0.10592537251772875,4.0,0.5293694095393344,0.01217517782431143,0.27661280498191176,0.01329350191661972,0.010406586877175114,0.005817575027694738,0.6,0.4183300132670378,0.0052545579635362915,0.002937446210912448,0.0413417723359351,0.029609256702841227,0.750655744754042,0.0008979235280255353
7.3564225445964135,0.19952623149688797,1.0,0.5054451140256605,0.003270610195080712,0.2581259055824397,0.0027957307148732463,0.010406586877175114,0.005817575027694738,0.6,0.4183300132670378,0.0052545579635362915,0.002937446210912448,0.0413417723359351,0.029609256702841227,0.750655744754042,0.0008979235280255353
7.3564225445964135,0.19952623149688797,1.5,0.5060886094739587,0.0036449283603669546,0.2590268331418937,0.0023928950798505367,0.010406586877175114,0.005817575027694738,0.6,0.4183300132670378,0.0052545579635362915,0.002937446210912448,0.0413417723359351,0.029609256702841227,0.750655744754042,0.0008979235280255353
7.3564225445964135,0.19952623149688797,2.0,0.5060914949771906,0.0036463755559121834,0.2590273750650707,0.0023939499614123363,0.010406586877175114,0.005817575027694738,0.6,0.4183300132670378,0.0052545579635362915,0.002937446210912448,0.0413417723359351,0.029609256702841227,0.750655744754042,0.0008979235280255353
7.3564225445964135,0.19952623149688797,2.5,0.5060914949771906,0.0036463755559121834,0.2590273750650707,0.0023939499614123363,0.010406586877175114,0.005817575027694738,0.6,0.4183300132670378,0.0052545579635362915,0.002937446210912448,0.0413417723359351,0.029609256702841227,0.750655744754042,0.0008979235280255353
7.3564225445964135,0.19952623149688797,3.0,0.5060886094739587,0.0036449283603669546,0.2590268331418937,0.0023928950798505367,0.010406586877175114,0.005817575027694738,0.6,0.4183300132670378,0.0052545579635362915,0.002937446210912448,0.0413417723359351,0.029609256702841227,0.750655744754042,0.0008979235280255353
7.3564225445964135,0.19952623149688797,4.0,0.5060886094739587,0.0036449283603669546,0.2590268331418937,0.0023928950798505367,0.010406586877175114,0.005817575027694738,0.6,0.4183300132670378,0.0052545579635362915,0.002937446210912448,0.0413417723359351,0.029609256702841227,0.750655744754042,0.0008979235280255353
16.788040181225607,0.0001,1.0,0.8759756631068611,0.008223841967980683,0.7617016639363043,0.018458525747537348,0.6970209672249341,0.02800586111449572,0.797424998093575,0.005467720300967944,0.6203044375644995,0.04532727109240567,0.6210227278350665,0.027284152768612274,0.8656497248022015,0.008138233026270062
16.788040181225607,0.0001,1.5,0.8787858849534317,0.006565349209711209,0.7590429353060182,0.013272110816314428,0.6974825022098499,0.017525953100071216,0.7275607088411923,0.010577582540464791,0.6702098383212933,0.028573467160275444,0.6032479051197905,0.020431781215699503,0.8548095115239078,0.006333430229249193
16.788040181225607,0.0001,2.0,0.8763635048054692,0.008463519274581376,0.7488218291345993,0.017948501506811917,0.6965180314962918,0.020844523059860114,0.6892474887735277,0.02154335633321363,0.7043773649810803,0.028070114838525645,0.5941535926467957,0.02748755080371905,0.846607327141383,0.010260021132031083
16.788040181225607,0.0001,2.5,0.8724860086682888,0.011159215585102272,0.7401984414805097,0.022724027227619174,0.6926854777033643,0.01663740321637756,0.665320883729448,0.017981565949996267,0.7227468180254558,0.022749955402139654,0.5855738123597243,0.022326104564491578,0.8396972824217407,0.00881389375727082
16.788040181225607,0.0001,3.0,0.8695414324341636,0.01180047296227587,0.7317602626815801,0.025588056319942584,0.6849506374384423,0.017411150746351488,0.6439010671150319,0.011793655737555265,0.731922944616443,0.028539474533042217,0.573189392308864,0.022690866390088976,0.8318025455796354,0.007509915618455294
16.788040181225607,0.0001,4.0,0.8654018113973653,0.011343991653771502,0.7209741986086613,0.024303459800296717,0.6771486117151799,0.020789907480240493,0.6263621999285509,0.021223618258498615,0.7371775025799794,0.025172918244542826,0.5611245105101573,0.02870919638722962,0.8242561059511523,0.011790986217113315
16.788040181225607,0.00018836490894898002,1.0,0.8689786135434687,0.006721899297387269,0.7525249255862515,0.014302277589524608,0.6928263443992433,0.02584616431850957,0.7503259880594573,0.019895164562372745,0.6439456484348126,0.03442256884679337,0.6038991284331651,0.03090347184413633,0.8574453904368765,0.01021155827132024
16.788040181225607,0.00018836490894898002,1.5,0.8671465915911705,0.008752414372222428,0.7426562263752569,0.014449265755496783,0.6897068420001566,0.025632172992936117,0.7096773013615119,0.033374376968212535,0.6715256277949776,0.029146408968089704,0.590655933855067,0.03464308253779681,0.8489142586859305,0.013498141832434295
16.788040181225607,0.00018836490894898002,2.0,0.8639946350200441,0.00927775696567177,0.7341331100167753,0.019477007521319284,0.6905935748432157,0.01470556180746944,0.6935086012465437,0.02985350017244468,0.688562091503268,0.0166179457149315,0.5881362814721218,0.021958504813155907,0.8456204850361196,0.010508270502939532
16.788040181225607,0.00018836490894898002,2.5,0.8630143252039971,0.009259413181862866,0.7305503358601231,0.02081800673077842,0.6834949880020559,0.01967413671187713,0.6818721168172928,0.032609972421475654,0.6859391124871002,0.01939206779689152,0.5777177483158871,0.028255905864979523,0.8410238218094255,0.012735378699529894
16.788040181225607,0.00018836490894898002,3.0,0.8624368344248866,0.010584834866281664,0.7281396271416138,0.02183520715445865,0.6793980868349407,0.02048918753113836,0.6699333270949952,0.03141063772820313,0.6898778809769521,0.020542326790749688,0.5706650323244136,0.02902680051720323,0.8370807533539733,0.013005373733700996
16.788040181225607,0.00018836490894898002,4.0,0.8620503555407402,0.010807426596150894,0.7271044496201668,0.02143145326892272,0.6757782160669491,0.02075161501786559,0.6600902608507169,0.025872667009775568,0.6925266597867217,0.02013655113178483,0.5645444885284203,0.02874940209301812,0.8337934296525628,0.012013812627915461
16.788040181225607,0.0003548133892335753,1.0,0.8619879600001727,0.007897517517373158,0.7395381742894527,0.02150182121438663,0.6829672732048884,0.022611536615118825,0.7278996731034342,0.031574223380460224,0.6439284485724114,0.026969070932474835,0.587858118422903,0.030263526295670008,0.8505503955968352,0.011281914645186976
16.788040181225607,0.0003548133892335753,1.5,0.8619113531497208,0.009929729278156437,0.7367515833410405,0.024998532362611698,0.6772717883917285,0.02774964098424249,0.7107873398257135,0.03823979374629723,0.6478672170622636,0.03354279664578795,0.5776657978488263,0.03740673493473756,0.8456312349501204,0.01451211116906642
16.788040181225607,0.0003548133892335753,2.0,0.8615565066979866,0.011027964250117036,0.7353121728370702,0.025416117788898067,0.6736864189572497,0.028616601478131196,0.7024230184385738,0.03861270876010329,0.6478758169934641,0.0288939131343456,0.5716461171581055,0.03924496899376332,0.8430039559683522,0.015288495416302972
16.788040181225607,0.0003548133892335753,2.5,0.861421940726584,0.010941648670952554,0.7343272325830221,0.024486283449411332,0.674185342138966,0.028416413357300798,0.7033277476013751,0.03816758370469312,0.6478758169934641,0.026552035153369073,0.5723451448832938,0.039141109272532226,0.8433329033367734,0.015326207848082158
16.788040181225607,0.0003548133892335753,3.0,0.8612425742636256,0.01089255753983697,0.733629066681862,0.024443334156871346,0.6723615254211899,0.027036680881158338,0.6992677318933721,0.036833998562453375,0.6478758169934641,0.023982554604469943,0.569380275226971,0.03748518845945118,0.8420171138630892,0.014759088545111583
16.788040181225607,0.0003548133892335753,4.0,0.861007278849234,0.010949467737983613,0.7333157706470618,0.02436003306683485,0.6699893827300761,0.025447220527640535,0.6939782302208917,0.031645072846089826,0.6478758169934641,0.023982554604469943,0.5655785180737102,0.03465167738415163,0.8403723770209839,0.013401343543974065
16.788040181225607,0.0006683439175686149,1.0,0.8654975873869766,0.008566448513374405,0.7529597843020334,0.020776957450425272,0.6810994450377332,0.015737850045372193,0.7594211529145504,0.01561396387198935,0.6176384588923288,0.020238052018754046,0.5942946099129742,0.018929488509614054,0.85546740626075,0.006349601208910797
16.788040181225607,0.0006683439175686149,1.5,0.8654543800299639,0.008130498212676383,0.7521348966142727,0.020817286044106688,0.6825450132848625,0.013476932080175934,0.7591503331314355,0.01743497831921568,0.6202614379084966,0.01812960550749604,0.5956472265408895,0.016743231879356717,0.8557942036463707,0.005784920170411696
16.788040181225607,0.0006683439175686149,2.0,0.8651360300354842,0.008401050142946164,0.7517741124992484,0.020930830224591742,0.6825647462555512,0.0155592871302434,0.7590834652779684,0.018937919624626112,0.6202614379084966,0.01812960550749604,0.5956258708464072,0.01979342374054103,0.8557963536291708,0.006888642693690998
16.788040181225607,0.0006683439175686149,2.5,0.865127523908716,0.008441574592423857,0.7517304370498532,0.020970953481505458,0.6825647462555512,0.0155592871302434,0.7590834652779684,0.018937919624626112,0.6202614379084966,0.01812960550749604,0.5956258708464072,0.01979342374054103,0.8557963536291708,0.006888642693690998
16.788040181225607,0.0006683439175686149,3.0,0.8651389907301794,0.008439898242311386,0.7517461400068336,0.020966584712578406,0.6825647462555512,0.0155592871302434,0.7590834652779684,0.018937919624626112,0.6202614379084966,0.01812960550749604,0.5956258708464072,0.01979342374054103,0.8557963536291708,0.006888642693690998
16.788040181225607,0.0006683439175686149,4.0,0.8651376231700272,0.00842445303503375,0.7517523282462181,0.020979632843054867,0.6825647462555512,0.0155592871302434,0.7590834652779684,0.018937919624626112,0.6202614379084966,0.01812960550749604,0.5956258708464072,0.01979342374054103,0.8557963536291708,0.006888642693690998
16.788040181225607,0.0012589254117941662,1.0,0.872622717596404,0.009097681096407092,0.7634858276916783,0.01726781428410814,0.6759265741161039,0.022039605169814458,0.8245630351558614,0.027698740443032322,0.5729790161678706,0.02293299892092854,0.6083077096303698,0.027195530921195546,0.8626934984520125,0.008931216556834707
16.788040181225607,0.0012589254117941662,1.5,0.8727932160890838,0.008932861541748289,0.76307163098863,0.017588178580920134,0.6732929702556184,0.022717296043274052,0.8224022477493126,0.02750247427597865,0.5703560371517027,0.025302318094242115,0.6052670413590112,0.02711446478895967,0.8617066563467493,0.00886684355712809
16.788040181225607,0.0012589254117941662,2.0,0.8727903681815838,0.008904010402255974,0.7630743764329249,0.01755630221834372,0.6732929702556184,0.022717296043274052,0.8224022477493126,0.02750247427597865,0.5703560371517027,0.025302318094242115,0.6052670413590112,0.02711446478895967,0.8617066563467493,0.00886684355712809
16.788040181225607,0.0012589254117941662,2.5,0.8727888878342362,0.008909566866223956,0.7630719196518477,0.017582527130658658,0.6732929702556184,0.022717296043274052,0.8224022477493126,0.02750247427597865,0.5703560371517027,0.025302318094242115,0.6052670413590112,0.02711446478895967,0.8617066563467493,0.00886684355712809
16.788040181225607,0.0012589254117941662,3.0,0.8727817116718886,0.008914635772803336,0.7630533047248702,0.017568077306584075,0.6732929702556184,0.022717296043274052,0.8224022477493126,0.02750247427597865,0.5703560371517027,0.025302318094242115,0.6052670413590112,0.02711446478895967,0.8617066563467493,0.00886684355712809
16.788040181225607,0.0012589254117941662,4.0,0.8727859647352725,0.008902164336903065,0.7630604403842277,0.0175586661357318,0.6732929702556184,0.022717296043274052,0.8224022477493126,0.02750247427597865,0.5703560371517027,0.025302318094242115,0.6052670413590112,0.02711446478895967,0.8617066563467493,0.00886684355712809
16.788040181225607,0.0023713737056616554,1.0,0.8679673106073469,0.013938961706959133,0.7560459972573773,0.017527673761347548,0.6401012837370528,0.028443926954428527,0.877267125502217,0.025397536496247805,0.5046611627106983,0.034056726521435224,0.5934367123501437,0.027526310862047376,0.8584236326109391,0.008499841506300926
16.788040181225607,0.0023713737056616554,1.5,0.8680419201383233,0.013823784132685929,0.7562104809808854,0.01747334696597039,0.6401012837370528,0.028443926954428527,0.877267125502217,0.025397536496247805,0.5046611627106983,0.034056726521435224,0.5934367123501437,0.027526310862047376,0.8584236326109391,0.008499841506300926
16.788040181225607,0.0023713737056616554,2.0,0.8680477287405184,0.013830538269510296,0.756107983916658,0.0175776853829092,0.6401012837370528,0.028443926954428527,0.877267125502217,0.025397536496247805,0.5046611627106983,0.034056726521435224,0.5934367123501437,0.027526310862047376,0.8584236326109391,0.008499841506300926
16.788040181225607,0.0023713737056616554,2.5,0.8680447680458231,0.013854520789123524,0.7561091686137537,0.017588194369591824,0.6401012837370528,0.028443926954428527,0.877267125502217,0.025397536496247805,0.5046611627106983,0.034056726521435224,0.5934367123501437,0.027526310862047376,0.8584236326109391,0.008499841506300926
16.788040181225607,0.0023713737056616554,3.0,0.8680419953297868,0.013850553129684456,0.75621431953493,0.01751334300452312,0.6401012837370528,0.028443926954428527,0.877267125502217,0.025397536496247805,0.5046611627106983,0.034056726521435224,0.5934367123501437,0.027526310862047376,0.8584236326109391,0.008499841506300926
16.788040181225607,0.0023713737056616554,4.0,0.868044805641555,0.013846813184630205,0.7562067404614445,0.017485034262050284,0.6401012837370528,0.028443926954428527,0.877267125502217,0.025397536496247805,0.5046611627106983,0.034056726521435224,0.5934367123501437,0.027526310862047376,0.8584236326109391,0.008499841506300926
16.788040181225607,0.0044668359215096305,1.0,0.8274300214496346,0.015996063921968142,0.7161239477483716,0.018461481197835722,0.5519992783747163,0.046678843695215154,0.8913946162019185,0.027749873160679416,0.40088579291365667,0.04549414407803725,0.5268410895277263,0.04165760121763861,0.8380675954592363,0.011677310502122683
16.788040181225607,0.0044668359215096305,1.5,0.8274943625385065,0.015883824723830084,0.7160751150557585,0.0184331041731346,0.5532909279016599,0.04747830558765258,0.8916077449316713,0.02808864224418507,0.40220158238734094,0.04607679096826805,0.5279330390718873,0.04262029275364071,0.8383965428276573,0.01195517553651135
16.788040181225607,0.0044668359215096305,2.0,0.8274901282729882,0.015881269524229222,0.7158168423363673,0.01864771799832576,0.5532909279016599,0.04747830558765258,0.8916077449316713,0.02808864224418507,0.40220158238734094,0.04607679096826805,0.5279330390718873,0.04262029275364071,0.8383965428276573,0.01195517553651135
16.788040181225607,0.0044668359215096305,2.5,0.8274901282729882,0.015882196805926948,0.7160763044848257,0.018437965713688997,0.5532909279016599,0.04747830558765258,0.8916077449316713,0.02808864224418507,0.40220158238734094,0.04607679096826805,0.5279330390718873,0.04262029275364071,0.8383965428276573,0.01195517553651135
16.788040181225607,0.0044668359215096305,3.0,0.8274785862600613,0.015886728839052733,0.7158375148898541,0.01869812216954419,0.5532909279016599,0.04747830558765258,0.8916077449316713,0.02808864224418507,0.40220158238734094,0.04607679096826805,0.5279330390718873,0.04262029275364071,0.8383965428276573,0.01195517553651135
16.788040181225607,0.0044668359215096305,4.0,0.8274842068835977,0.01590263966644506,0.7158110028018839,0.018643166303507562,0.5532909279016599,0.04747830558765258,0.8916077449316713,0.02808864224418507,0.40220158238734094,0.04607679096826805,0.5279330390718873,0.04262029275364071,0.8383965428276573,0.01195517553651135
16.788040181225607,0.008413951416451947,1.0,0.7823855708818932,0.013227086971221786,0.6502749124549398,0.030681754368461926,0.35823651659607053,0.06785135915137168,0.8986935286935287,0.04869467834384502,0.22480220158238734,0.04947191245364801,0.3864246178240401,0.06272672481037905,0.8002902476780186,0.013863087178041286
16.788040181225607,0.008413951416451947,1.5,0.7822760721420134,0.013234826244821574,0.650654307105636,0.03061554026772571,0.3600000846925548,0.0674452136285523,0.8991697191697192,0.048896498970412844,0.22611799105607155,0.049083260699367956,0.38784335837940964,0.06260114948695335,0.8006191950464396,0.013805575538216333
16.788040181225607,0.008413951416451947,2.0,0.7822674156323182,0.013237363889496865,0.6506359862953106,0.03060243310844834,0.3600000846925548,0.0674452136285523,0.8991697191697192,0.048896498970412844,0.22611799105607155,0.049083260699367956,0.38784335837940964,0.06260114948695335,0.8006191950464396,0.013805575538216333
16.788040181225607,0.008413951416451947,2.5,0.7822789576452451,0.013234675969396597,0.6506551403694308,0.030616038420371732,0.3600000846925548,0.0674452136285523,0.8991697191697192,0.048896498970412844,0.22611799105607155,0.049083260699367956,0.38784335837940964,0.06260114948695335,0.8006191950464396,0.013805575538216333
16.788040181225607,0.008413951416451947,3.0,0.7822789576452451,0.013234675969396597,0.6506551403694308,0.030616038420371732,0.3600000846925548,0.0674452136285523,0.8991697191697192,0.048896498970412844,0.22611799105607155,0.049083260699367956,0.38784335837940964,0.06260114948695335,0.8006191950464396,0.013805575538216333
16.788040181225607,0.008413951416451947,4.0,0.7822760721420134,0.013232248618883299,0.6506385911792476,0.03060366943027737,0.3600000846925548,0.0674452136285523,0.8991697191697192,0.048896498970412844,0.22611799105607155,0.049083260699367956,0.38784335837940964,0.06260114948695335,0.8006191950464396,0.013805575538216333
16.788040181225607,0.015848931924611124,1.0,0.7918063774598851,0.011332740285903215,0.6352675962128682,0.03659296233518761,0.015551119763643484,0.005733214940001634,0.6333333333333333,0.2173067468400883,0.007886136910904713,0.002947061033766413,0.047491240445358775,0.019683331802399427,0.7506578947368421,0.0009008594695808909
16.788040181225607,0.015848931924611124,1.5,0.7917304379644885,0.011334973991188836,0.6351479880300832,0.03730674739061219,0.015551119763643484,0.005733214940001634,0.6333333333333333,0.2173067468400883,0.007886136910904713,0.002947061033766413,0.047491240445358775,0.019683331802399427,0.7506578947368421,0.0009008594695808909
16.788040181225607,0.015848931924611124,2.0,0.7917376517225679,0.011336691793403702,0.6358091839264368,0.03701913567868655,0.015551119763643484,0.005733214940001634,0.6333333333333333,0.2173067468400883,0.007886136910904713,0.002947061033766413,0.047491240445358775,0.019683331802399427,0.7506578947368421,0.0009008594695808909
16.788040181225607,0.015848931924611124,2.5,0.7917246857558908,0.011334834499108064,0.6351433958724382,0.037310728756920285,0.015551119763643484,0.005733214940001634,0.6333333333333333,0.2173067468400883,0.007886136910904713,0.002947061033766413,0.047491240445358775,0.019683331802399427,0.7506578947368421,0.0009008594695808909
16.788040181225607,0.015848931924611124,3.0,0.7917405372257997,0.011344256212668073,0.6351519811444046,0.03731138538039096,0.015551119763643484,0.005733214940001634,0.6333333333333333,0.2173067468400883,0.007886136910904713,0.002947061033766413,0.047491240445358775,0.019683331802399427,0.7506578947368421,0.0009008594695808909
16.788040181225607,0.015848931924611124,4.0,0.7917275524612568,0.011336467421388153,0.6351446633495555,0.037301806311076435,0.015551119763643484,0.005733214940001634,0.6333333333333333,0.2173067468400883,0.007886136910904713,0.002947061033766413,0.047491240445358775,0.019683331802399427,0.7506578947368421,0.0009008594695808909
16.788040181225607,0.02985382618917957,1.0,0.7751436720274384,0.01110182314219687,0.5703152020577725,0.038420871197968366,0.010406586877175114,0.005817575027694738,0.6,0.4183300132670378,0.0052545579635362915,0.002937446210912448,0.0413417723359351,0.029609256702841227,0.750655744754042,0.0008979235280255353
16.788040181225607,0.02985382618917957,1.5,0.778922309016838,0.010412954318597905,0.5768683709892101,0.04320202118990062,0.010406586877175114,0.005817575027694738,0.6,0.4183300132670378,0.0052545579635362915,0.002937446210912448,0.0413417723359351,0.029609256702841227,0.750655744754042,0.0008979235280255353
16.788040181225607,0.02985382618917957,2.0,0.7789266372716857,0.010407278934483614,0.5775270064949478,0.042703285446996635,0.010406586877175114,0.005817575027694738,0.6,0.4183300132670378,0.0052545579635362915,0.002937446210912448,0.0413417723359351,0.029609256702841227,0.750655744754042,0.0008979235280255353
16.788040181225607,0.02985382618917957,2.5,0.7789280800233016,0.010413555364733073,0.5775273513609315,0.042704235801470425,0.010406586877175114,0.005817575027694738,0.6,0.4183300132670378,0.0052545579635362915,0.002937446210912448,0.0413417723359351,0.029609256702841227,0.750655744754042,0.0008979235280255353
16.788040181225607,0.02985382618917957,3.0,0.7789223278147039,0.010408384811226787,0.5775270064949478,0.042703285446996635,0.010406586877175114,0.005817575027694738,0.6,0.4183300132670378,0.0052545579635362915,0.002937446210912448,0.0413417723359351,0.029609256702841227,0.750655744754042,0.0008979235280255353
16.788040181225607,0.02985382618917957,4.0,0.7789208662652222,0.010410131279193794,0.5768685698378849,0.04320186954342933,0.010406586877175114,0.005817575027694738,0.6,0.4183300132670378,0.0052545579635362915,0.002937446210912448,0.0413417723359351,0.029609256702841227,0.750655744754042,0.0008979235280255353
16.788040181225607,0.05623413251903485,1.0,0.6277502641118649,0.00404577562326446,0.3661469298876744,0.02680774777059789,0.010406586877175114,0.005817575027694738,0.6,0.4183300132670378,0.0052545579635362915,0.002937446210912448,0.0413417723359351,0.029609256702841227,0.750655744754042,0.0008979235280255353
16.788040181225607,0.05623413251903485,1.5,0.6316148600440825,0.005890342713469802,0.3702424697514141,0.028070169643337556,0.010406586877175114,0.005817575027694738,0.6,0.4183300132670378,0.0052545579635362915,0.002937446210912448,0.0413417723359351,0.029609256702841227,0.750655744754042,0.0008979235280255353
16.788040181225607,0.05623413251903485,2.0,0.6316148600440826,0.0058874707968251325,0.3708998207765539,0.028027834358530228,0.010406586877175114,0.005817575027694738,0.6,0.4183300132670378,0.0052545579635362915,0.002937446210912448,0.0413417723359351,0.029609256702841227,0.750655744754042,0.0008979235280255353
16.788040181225607,0.05623413251903485,2.5,0.6316177455473143,0.005892532477656001,0.3709003644882562,0.02802895267260376,0.010406586877175114,0.005817575027694738,0.6,0.4183300132670378,0.0052545579635362915,0.002937446210912448,0.0413417723359351,0.029609256702841227,0.750655744754042,0.0008979235280255353
16.788040181225607,0.05623413251903485,3.0,0.6316148600440825,0.0058874707968250934,0.3708998207765539,0.028027834358530228,0.010406586877175114,0.005817575027694738,0.6,0.4183300132670378,0.0052545579635362915,0.002937446210912448,0.0413417723359351,0.029609256702841227,0.750655744754042,0.0008979235280255353
16.788040181225607,0.05623413251903485,4.0,0.6316177455473142,0.005892532477656031,0.37090036448825625,0.02802895267260376,0.010406586877175114,0.005817575027694738,0.6,0.4183300132670378,0.0052545579635362915,0.002937446210912448,0.0413417723359351,0.029609256702841227,0.750655744754042,0.0008979235280255353
16.788040181225607,0.10592537251772875,1.0,0.528323160754182,0.01100116275279037,0.276192967526784,0.013105536392092132,0.010406586877175114,0.005817575027694738,0.6,0.4183300132670378,0.0052545579635362915,0.002937446210912448,0.0413417723359351,0.029609256702841227,0.750655744754042,0.0008979235280255353
16.788040181225607,0.10592537251772875,1.5,0.5293636385328708,0.01217200346226457,0.2759543683218927,0.013652846069765995,0.010406586877175114,0.005817575027694738,0.6,0.4183300132670378,0.0052545579635362915,0.002937446210912448,0.0413417723359351,0.029609256702841227,0.750655744754042,0.0008979235280255353
16.788040181225607,0.10592537251772875,2.0,0.5293694095393344,0.01217517782431143,0.27661280498191176,0.01329350191661972,0.010406586877175114,0.005817575027694738,0.6,0.4183300132670378,0.0052545579635362915,0.002937446210912448,0.0413417723359351,0.029609256702841227,0.750655744754042,0.0008979235280255353
16.788040181225607,0.10592537251772875,2.5,0.5293665240361026,0.01217735979714526,0.2759549102450697,0.013653935019204023,0.010406586877175114,0.005817575027694738,0.6,0.4183300132670378,0.0052545579635362915,0.002937446210912448,0.0413417723359351,0.029609256702841227,0.750655744754042,0.0008979235280255353
16.788040181225607,0.10592537251772875,3.0,0.5293665240361026,0.012169821384275864,0.27661226305873476,0.013292416966987821,0.010406586877175114,0.005817575027694738,0.6,0.4183300132670378,0.0052545579635362915,0.002937446210912448,0.0413417723359351,0.029609256702841227,0.750655744754042,0.0008979235280255353
16.788040181225607,0.10592537251772875,4.0,0.5293694095393344,0.01217517782431143,0.27661280498191176,0.01329350191661972,0.010406586877175114,0.005817575027694738,0.6,0.4183300132670378,0.0052545579635362915,0.002937446210912448,0.0413417723359351,0.029609256702841227,0.750655744754042,0.0008979235280255353
16.788040181225607,0.19952623149688797,1.0,0.505450885032124,0.0032645708374550546,0.2587843422424588,0.002151158702351523,0.010406586877175114,0.005817575027694738,0.6,0.4183300132670378,0.0052545579635362915,0.002937446210912448,0.0413417723359351,0.029609256702841227,0.750655744754042,0.0008979235280255353
16.788040181225607,0.19952623149688797,1.5,0.5060886094739587,0.0036449283603669546,0.2590268331418937,0.0023928950798505367,0.010406586877175114,0.005817575027694738,0.6,0.4183300132670378,0.0052545579635362915,0.002937446210912448,0.0413417723359351,0.029609256702841227,0.750655744754042,0.0008979235280255353
16.788040181225607,0.19952623149688797,2.0,0.5060886094739587,0.0036449283603669546,0.2590268331418937,0.0023928950798505367,0.010406586877175114,0.005817575027694738,0.6,0.4183300132670378,0.0052545579635362915,0.002937446210912448,0.0413417723359351,0.029609256702841227,0.750655744754042,0.0008979235280255353
16.788040181225607,0.19952623149688797,2.5,0.5060886094739587,0.0036449283603669546,0.2590268331418937,0.0023928950798505367,0.010406586877175114,0.005817575027694738,0.6,0.4183300132670378,0.0052545579635362915,0.002937446210912448,0.0413417723359351,0.029609256702841227,0.750655744754042,0.0008979235280255353
16.788040181225607,0.19952623149688797,3.0,0.5060886094739587,0.0036449283603669546,0.2590268331418937,0.0023928950798505367,0.010406586877175114,0.005817575027694738,0.6,0.4183300132670378,0.0052545579635362915,0.002937446210912448,0.0413417723359351,0.029609256702841227,0.750655744754042,0.0008979235280255353
16.788040181225607,0.19952623149688797,4.0,0.5060886094739587,0.0036449283603669546,0.2590268331418937,0.0023928950798505367,0.010406586877175114,0.005817575027694738,0.6,0.4183300132670378,0.0052545579635362915,0.002937446210912448,0.0413417723359351,0.029609256702841227,0.750655744754042,0.0008979235280255353
38.31186849557289,0.0001,1.0,0.8623200185078488,0.008679810777040935,0.7391626838233224,0.015241098515582382,0.687984985142062,0.02675477228951719,0.7376446969958819,0.027793977684611684,0.6452700378396974,0.035067657596017855,0.5956811887278641,0.033169638530295226,0.8538355693154454,0.011350635105901655
38.31186849557289,0.0001,1.5,0.8596282528616047,0.010161927577644654,0.7253728478629802,0.018288187303554315,0.6836656667453106,0.026023261597451726,0.6916854293130295,0.03661269937946357,0.6767801857585138,0.0293319656419,0.5800458443744889,0.03604804117808585,0.8433329033367734,0.014787213778259404
38.31186849557289,0.0001,2.0,0.856991791029896,0.009876835002365102,0.7183897398690486,0.02090968644233109,0.681735745188708,0.018989544952634798,0.6783284665248828,0.032152722391038564,0.6859477124183007,0.01744147889078092,0.5749815299098637,0.027615479890683328,0.8397123323013416,0.012691623633433362
38.31186849557289,0.0001,2.5,0.8544489999500827,0.00962202133635919,0.7120307754616109,0.023425176948657887,0.6728941666042026,0.02163443494041085,0.6583258954135305,0.0300323791350001,0.6885706914344685,0.01828612129629697,0.5608398325466498,0.03047267550767197,0.8324819401444788,0.01342657889626501
38.31186849557289,0.0001,3.0,0.8531043177867168,0.010302198201402497,0.7066670634469501,0.02409205180317648,0.6750404515157369,0.02289813812878093,0.6556116039018345,0.03416798490175706,0.6964482284141728,0.0205408011012433,0.5628596321406978,0.032618965775577206,0.8321551427588579,0.014939293602052374
38.31186849557289,0.0001,4.0,0.8530349293784022,0.01093361109347889,0.7057921229717484,0.024536623884556668,0.6675883670132274,0.021975565048925463,0.6392869991301364,0.027112045272743628,0.6990798073615412,0.025639343122304734,0.5512353743949507,0.030242486746834316,0.8259029927760579,0.012647442630424577
38.31186849557289,0.00018836490894898002,1.0,0.8528738298186724,0.009647001974610261,0.7164247284327436,0.027296399092705783,0.6703660896372606,0.030542794864759876,0.6938227651635258,0.03827529464886514,0.6492088063295494,0.03406901305091344,0.566091468725442,0.040998582225778075,0.8403723770209839,0.01546316632966029
38.31186849557289,0.00018836490894898002,1.5,0.8516814072874759,0.012366576417010186,0.7096121439656204,0.030368775377405347,0.6684434708935487,0.031129273615225227,0.6782954161399639,0.035858691871483536,0.6597265221878225,0.03786349353007421,0.5603888745074743,0.04144765028452468,0.8364357585139318,0.015626213062401504
38.31186849557289,0.00018836490894898002,2.0,0.850850744138606,0.013802645882475479,0.706673267451944,0.029882333123915108,0.6604856012260115,0.02409048219633896,0.6657914082948337,0.02685167235010665,0.6557705538355693,0.02982897325354541,0.5486921195741703,0.031937991956829795,0.831499398004816,0.012011672694717477
38.31186849557289,0.00018836490894898002,2.5,0.8506282501941567,0.014548579676141602,0.7058360229556448,0.030851501084437228,0.6630908680045866,0.03018449327200963,0.6681274045386185,0.029241805849733755,0.6584107327141382,0.034788967289452875,0.5520771593031469,0.03961799720742553,0.8328194874441005,0.014486005518106977
38.31186849557289,0.00018836490894898002,3.0,0.8502937056841235,0.014547912891028131,0.705007050242181,0.030651376247652972,0.6631225872491285,0.027461949492543224,0.6669092569492537,0.027745824624414914,0.659717922256622,0.03212352896859468,0.551822593898345,0.03619827833476258,0.8324883900928792,0.013400483796856042
38.31186849557289,0.00018836490894898002,4.0,0.8499688092866201,0.014349903092065804,0.7042488027451881,0.030354444201882838,0.6627097905515021,0.02703919530169211,0.6673877258487753,0.028085745293930677,0.6584021327829377,0.030632802228049365,0.5514504320740532,0.035833497698386986,0.8324883900928792,0.013400483796856042
38.31186849557289,0.0003548133892335753,1.0,0.8511025959120614,0.012704809566969464,0.7258327579743271,0.02880286775309862,0.6656903036314941,0.030175509779586548,0.6990092608715397,0.03327908972779516,0.6360509115927073,0.03556007857291741,0.5625221256450337,0.03909730405793407,0.8403723770209839,0.014280841792472214
38.31186849557289,0.0003548133892335753,1.5,0.8506423064370559,0.012502960702449365,0.7228078605406594,0.0306132641404277,0.6639422654203433,0.030715363736044797,0.6936614173006834,0.03586644678621517,0.6373667010663915,0.034859471319834676,0.5592814100604162,0.04040141623530613,0.8387319401444788,0.015112326828342121
38.31186849557289,0.0003548133892335753,2.0,0.8503377072355626,0.012850542444998251,0.7222292889424121,0.031014418328061073,0.6666805951950328,0.029475853251429547,0.6980105931707085,0.034363568285890045,0.6386738906088751,0.033254848101750015,0.5632512830297097,0.03870614939771622,0.8403723770209839,0.014469027640487037
38.31186849557289,0.0003548133892335753,2.5,0.8502126389937625,0.012937804844373261,0.7221720347727796,0.0306875186874782,0.6684831434582743,0.027198517212433767,0.7002578513923051,0.030827640920406935,0.6399896800825593,0.03135277390748994,0.5657111545499122,0.035459183698993105,0.8413549191606468,0.013063641198935935
38.31186849557289,0.0003548133892335753,3.0,0.8501969943003787,0.012972756547669833,0.7221412793410882,0.03069423169307964,0.6684831434582743,0.027198517212433767,0.7002578513923051,0.030827640920406935,0.6399896800825593,0.03135277390748994,0.5657111545499122,0.035459183698993105,0.8413549191606468,0.013063641198935935
38.31186849557289,0.0003548133892335753,4.0,0.8501982490733354,0.012932216132398653,0.7221440564849633,0.030664435935360976,0.6684831434582743,0.027198517212433767,0.7002578513923051,0.030827640920406935,0.6399896800825593,0.03135277390748994,0.5657111545499122,0.035459183698993105,0.8413549191606468,0.013063641198935935
38.31186849557289,0.0006683439175686149,1.0,0.8614620887155136,0.009973494117175243,0.7466581825781605,0.023680820525024363,0.6761730491383291,0.01797781127903448,0.7491108373487808,0.012804890203184984,0.6163312693498453,0.022682442852912724,0.5865660636775789,0.02103859035679884,0.8525090299277606,0.0068476462783095046
38.31186849557289,0.0006683439175686149,1.5,0.8617868347300899,0.009624396524166239,0.7466543739796003,0.023931536896706265,0.673278477880302,0.01772107596047064,0.7439234518939064,0.012126200483683366,0.615015479876161,0.022240372346742514,0.582240528527087,0.02077965002836421,0.8508664430684554,0.006744429563521786
38.31186849557289,0.0006683439175686149,2.0,0.8617810073300289,0.00961508827237492,0.7466335806127814,0.023937856656233956,0.673278477880302,0.01772107596047064,0.7439234518939064,0.012126200483683366,0.615015479876161,0.022240372346742514,0.582240528527087,0.02077965002836421,0.8508664430684554,0.006744429563521786
38.31186849557289,0.0006683439175686149,2.5,0.8617767354687788,0.009616831934750773,0.7466446838176364,0.023921970607072702,0.673278477880302,0.01772107596047064,0.7439234518939064,0.012126200483683366,0.615015479876161,0.022240372346742514,0.582240528527087,0.02077965002836421,0.8508664430684554,0.006744429563521786
38.31186849557289,0.0006683439175686149,3.0,0.8617838928332606,0.009605412620645095,0.7466523094216408,0.023909108121484682,0.673278477880302,0.01772107596047064,0.7439234518939064,0.012126200483683366,0.615015479876161,0.022240372346742514,0.582240528527087,0.02077965002836421,0.8508664430684554,0.006744429563521786
38.31186849557289,0.0006683439175686149,4.0,0.8617868347300899,0.009628952124635352,0.7466395235716835,0.02395198195150578,0.673278477880302,0.01772107596047064,0.7439234518939064,0.012126200483683366,0.615015479876161,0.022240372346742514,0.582240528527087,0.02077965002836421,0.8508664430684554,0.006744429563521786
38.31186849557289,0.0012589254117941662,1.0,0.8720434645019572,0.009165726581052582,0.7628444159041861,0.018893468041338467,0.6748342201812457,0.023439594383233012,0.824060104416515,0.025305196737619752,0.571671826625387,0.02560241188876816,0.6071899000691501,0.02764247619787598,0.8623667010663916,0.00895280499732588
38.31186849557289,0.0012589254117941662,1.5,0.8720877198554021,0.009040379778131715,0.7629379643119018,0.018955874954753905,0.6727856326482351,0.024207795307120243,0.8205869851419706,0.02696641305245182,0.5703560371517027,0.025302318094242115,0.6042306802166024,0.0291735610066655,0.8613820089439285,0.009460789771252299
38.31186849557289,0.0012589254117941662,2.0,0.8720891062134202,0.009045494164128629,0.7629211722626354,0.018944665023029366,0.6727856326482351,0.024207795307120243,0.8205869851419706,0.02696641305245182,0.5703560371517027,0.025302318094242115,0.6042306802166024,0.0291735610066655,0.8613820089439285,0.009460789771252299
38.31186849557289,0.0012589254117941662,2.5,0.8720905113693043,0.009047224279050033,0.7629813749095214,0.019026494401834734,0.6727856326482351,0.024207795307120243,0.8205869851419706,0.02696641305245182,0.5703560371517027,0.025302318094242115,0.6042306802166024,0.0291735610066655,0.8613820089439285,0.009460789771252299
38.31186849557289,0.0012589254117941662,3.0,0.8720862583059203,0.009064989096592351,0.7629113835067828,0.018959794406789937,0.6727856326482351,0.024207795307120243,0.8205869851419706,0.02696641305245182,0.5703560371517027,0.025302318094242115,0.6042306802166024,0.0291735610066655,0.8613820089439285,0.009460789771252299
38.31186849557289,0.0012589254117941662,4.0,0.8720919917166519,0.00905433880193023,0.7629216631826095,0.018951698362228295,0.6727856326482351,0.024207795307120243,0.8205869851419706,0.02696641305245182,0.5703560371517027,0.025302318094242115,0.6042306802166024,0.0291735610066655,0.8613820089439285,0.009460789771252299
38.31186849557289,0.0023713737056616554,1.0,0.8673124235290489,0.013257186837925669,0.7552860494531194,0.017947573361346825,0.6423615168144124,0.028424783568382215,0.877816995547701,0.025456905041175894,0.5072841417268662,0.03430000380875379,0.5955452239128334,0.027738288094970656,0.8590793773649811,0.008610674404240118
38.31186849557289,0.0023713737056616554,1.5,0.8673494839222803,0.013256395113137288,0.7554561110087715,0.018308981636965344,0.6423615168144124,0.028424783568382215,0.877816995547701,0.025456905041175894,0.5072841417268662,0.03430000380875379,0.5955452239128334,0.027738288094970656,0.8590793773649811,0.008610674404240118
38.31186849557289,0.0023713737056616554,2.0,0.8673494463265484,0.01324948005134682,0.7553476496154505,0.018405592405447518,0.6411656692666335,0.03035327872372629,0.8775083535723922,0.025485548315353622,0.5059769521843825,0.03641860174254732,0.5944633480045416,0.029283753663094436,0.8587525799793602,0.009075377658536018
38.31186849557289,0.0023713737056616554,2.5,0.8673696448491708,0.013246131474896169,0.7555803754612127,0.018213141147251206,0.6423615168144124,0.028424783568382215,0.877816995547701,0.025456905041175894,0.5072841417268662,0.03430000380875379,0.5955452239128334,0.027738288094970656,0.8590793773649811,0.008610674404240118
38.31186849557289,0.0023713737056616554,3.0,0.8673523694255119,0.013262865438878783,0.7553458876124755,0.018415774108700454,0.6423615168144124,0.028424783568382215,0.877816995547701,0.025456905041175894,0.5072841417268662,0.03430000380875379,0.5955452239128334,0.027738288094970656,0.8590793773649811,0.008610674404240118
38.31186849557289,0.0023713737056616554,4.0,0.867369607253439,0.013257142158721997,0.7553568754221993,0.018408540860117305,0.6411656692666335,0.03035327872372629,0.8775083535723922,0.025485548315353622,0.5059769521843825,0.03641860174254732,0.5944633480045416,0.029283753663094436,0.8587525799793602,0.009075377658536018
38.31186849557289,0.0044668359215096305,1.0,0.8273112129588116,0.01613319049856143,0.715392390600648,0.01910386510966796,0.5527639394942223,0.047097144537023815,0.8894289892692744,0.0302984811538864,0.40220158238734094,0.046311034756002754,0.5267743408863451,0.04188137035633554,0.8380675954592363,0.011735082454029605
38.31186849557289,0.0044668359215096305,1.5,0.8273925850990853,0.016048677223703785,0.7159290259668731,0.01853102364640432,0.5527789760853603,0.04697709416673626,0.8894006693068741,0.03037513803397865,0.40220158238734094,0.04607679096826805,0.5267720861599593,0.04191219098260182,0.8380675954592363,0.011735082454029605
38.31186849557289,0.0044668359215096305,2.0,0.827401166417317,0.016055630576463694,0.7159327467045401,0.01853319437213203,0.5527789760853603,0.04697709416673626,0.8894006693068741,0.03037513803397865,0.40220158238734094,0.04607679096826805,0.5267720861599593,0.04191219098260182,0.8380675954592363,0.011735082454029605
38.31186849557289,0.0044668359215096305,2.5,0.8274069374237805,0.01605941881250301,0.7156785431698662,0.018746929441547266,0.5527789760853603,0.04697709416673626,0.8894006693068741,0.03037513803397865,0.40220158238734094,0.04607679096826805,0.5267720861599593,0.04191219098260182,0.8380675954592363,0.011735082454029605
38.31186849557289,0.0044668359215096305,3.0,0.8273984312970123,0.016047331647883026,0.7159387179134051,0.018538602192626128,0.5527789760853603,0.04697709416673626,0.8894006693068741,0.03037513803397865,0.40220158238734094,0.04607679096826805,0.5267720861599593,0.04191219098260182,0.8380675954592363,0.011735082454029605
38.31186849557289,0.0044668359215096305,4.0,0.8274068998280487,0.016060622438652247,0.715940645717124,0.018532014990265952,0.5527789760853603,0.04697709416673626,0.8894006693068741,0.03037513803397865,0.40220158238734094,0.04607679096826805,0.5267720861599593,0.04191219098260182,0.8380675954592363,0.011735082454029605
38.31186849557289,0.008413951416451947,1.0,0.7823581961969233,0.013266435242491981,0.6501808299116405,0.030682119732440165,0.35823651659607053,0.06785135915137168,0.8986935286935287,0.04869467834384502,0.22480220158238734,0.04947191245364801,0.3864246178240401,0.06272672481037905,0.8002902476780186,0.013863087178041286
38.31186849557289,0.008413951416451947,1.5,0.7823005989194833,0.013232150842244647,0.650226937883887,0.030605463736476456,0.3600000846925548,0.0674452136285523,0.8991697191697192,0.048896498970412844,0.22611799105607155,0.049083260699367956,0.38784335837940964,0.06260114948695335,0.8006191950464396,0.013805575538216333
38.31186849557289,0.008413951416451947,2.0,0.7823020416710993,0.013232090633954701,0.6506661297868945,0.030485778066475847,0.3600000846925548,0.0674452136285523,0.8991697191697192,0.048896498970412844,0.22611799105607155,0.049083260699367956,0.38784335837940964,0.06260114948695335,0.8006191950464396,0.013805575538216333
38.31186849557289,0.008413951416451947,2.5,0.7822963082603674,0.013217242012345403,0.6506628940242296,0.03048631970728949,0.3600000846925548,0.0674452136285523,0.8991697191697192,0.048896498970412844,0.22611799105607155,0.049083260699367956,0.38784335837940964,0.06260114948695335,0.8006191950464396,0.013805575538216333
38.31186849557289,0.008413951416451947,3.0,0.782293385161404,0.013223940902661496,0.6502251914897526,0.030603981587646788,0.3600000846925548,0.0674452136285523,0.8991697191697192,0.048896498970412844,0.22611799105607155,0.049083260699367956,0.38784335837940964,0.06260114948695335,0.8006191950464396,0.013805575538216333
38.31186849557289,0.008413951416451947,4.0,0.782296233068904,0.013215780889257735,0.6506956287954793,0.03047166612027848,0.3600000846925548,0.0674452136285523,0.8991697191697192,0.048896498970412844,0.22611799105607155,0.049083260699367956,0.38784335837940964,0.06260114948695335,0.8006191950464396,0.013805575538216333
38.31186849557289,0.015848931924611124,1.0,0.7918165331147939,0.011338822561832057,0.6352785806447703,0.03715633321191265,0.015551119763643484,0.005733214940001634,0.6333333333333333,0.2173067468400883,0.007886136910904713,0.002947061033766413,0.047491240445358775,0.019683331802399427,0.7506578947368421,0.0009008594695808909
38.31186849557289,0.015848931924611124,1.5,0.7917404808322019,0.011313742237829948,0.6351724915671694,0.03728854398640874,0.015551119763643484,0.005733214940001634,0.6333333333333333,0.2173067468400883,0.007886136910904713,0.002947061033766413,0.047491240445358775,0.019683331802399427,0.7506578947368421,0.0009008594695808909
38.31186849557289,0.015848931924611124,2.0,0.791740462034336,0.011310429170175,0.6351781577950046,0.037280159992089855,0.015551119763643484,0.005733214940001634,0.6333333333333333,0.2173067468400883,0.007886136910904713,0.002947061033766413,0.047491240445358775,0.019683331802399427,0.7506578947368421,0.0009008594695808909
38.31186849557289,0.015848931924611124,2.5,0.7917433475375679,0.011323205753254666,0.6351738270888326,0.03728244903669785,0.015551119763643484,0.005733214940001634,0.6333333333333333,0.2173067468400883,0.007886136910904713,0.002947061033766413,0.047491240445358775,0.019683331802399427,0.7506578947368421,0.0009008594695808909
38.31186849557289,0.015848931924611124,3.0,0.791741904785952,0.011316511288422926,0.6351771118258552,0.03728153479701989,0.015551119763643484,0.005733214940001634,0.6333333333333333,0.2173067468400883,0.007886136910904713,0.002947061033766413,0.047491240445358775,0.019683331802399427,0.7506578947368421,0.0009008594695808909
38.31186849557289,0.015848931924611124,4.0,0.7917419047859519,0.01131129085415221,0.6351779521938363,0.037279890993758315,0.015551119763643484,0.005733214940001634,0.6333333333333333,0.2173067468400883,0.007886136910904713,0.002947061033766413,0.047491240445358775,0.019683331802399427,0.7506578947368421,0.0009008594695808909
38.31186849557289,0.02985382618917957,1.0,0.7751408241199385,0.011104381167187852,0.57022632291092,0.03850012023355902,0.010406586877175114,0.005817575027694738,0.6,0.4183300132670378,0.0052545579635362915,0.002937446210912448,0.0413417723359351,0.029609256702841227,0.750655744754042,0.0008979235280255353
38.31186849557289,0.02985382618917957,1.5,0.7789194235136063,0.010420963728639696,0.5768206353038121,0.04324120884371987,0.010406586877175114,0.005817575027694738,0.6,0.4183300132670378,0.0052545579635362915,0.002937446210912448,0.0413417723359351,0.029609256702841227,0.750655744754042,0.0008979235280255353
38.31186849557289,0.02985382618917957,2.0,0.7789208662652222,0.010415690974681951,0.5774777892717586,0.04273791895544409,0.010406586877175114,0.005817575027694738,0.6,0.4183300132670378,0.0052545579635362915,0.002937446210912448,0.0413417723359351,0.029609256702841227,0.750655744754042,0.0008979235280255353
38.31186849557289,0.02985382618917957,2.5,0.7789251945200698,0.010415578837476049,0.5774783311949355,0.04273870950066834,0.010406586877175114,0.005817575027694738,0.6,0.4183300132670378,0.0052545579635362915,0.002937446210912448,0.0413417723359351,0.029609256702841227,0.750655744754042,0.0008979235280255353
38.31186849557289,0.02985382618917957,3.0,0.7789251945200698,0.010418112851219194,0.5774790719638312,0.04273934313732666,0.010406586877175114,0.005817575027694738,0.6,0.4183300132670378,0.0052545579635362915,0.002937446210912448,0.0413417723359351,0.029609256702841227,0.750655744754042,0.0008979235280255353
38.31186849557289,0.02985382618917957,4.0,0.7789251945200698,0.010418112851219194,0.5774790719638312,0.04273934313732666,0.010406586877175114,0.005817575027694738,0.6,0.4183300132670378,0.0052545579635362915,0.002937446210912448,0.0413417723359351,0.029609256702841227,0.750655744754042,0.0008979235280255353
38.31186849557289,0.05623413251903485,1.0,0.627747378608633,0.004048662536058038,0.3654890351508323,0.027116665065887256,0.010406586877175114,0.005817575027694738,0.6,0.4183300132670378,0.0052545579635362915,0.002937446210912448,0.0413417723359351,0.029609256702841227,0.750655744754042,0.0008979235280255353
38.31186849557289,0.05623413251903485,1.5,0.6316177455473142,0.005892532477656031,0.37090036448825625,0.02802895267260376,0.010406586877175114,0.005817575027694738,0.6,0.4183300132670378,0.0052545579635362915,0.002937446210912448,0.0413417723359351,0.029609256702841227,0.750655744754042,0.0008979235280255353
38.31186849557289,0.05623413251903485,2.0,0.6316148600440825,0.005887470796825076,0.3708998207765539,0.028027834358530228,0.010406586877175114,0.005817575027694738,0.6,0.4183300132670378,0.0052545579635362915,0.002937446210912448,0.0413417723359351,0.029609256702841227,0.750655744754042,0.0008979235280255353
38.31186849557289,0.05623413251903485,2.5,0.6316177455473142,0.005892532477656031,0.37090036448825625,0.02802895267260376,0.010406586877175114,0.005817575027694738,0.6,0.4183300132670378,0.0052545579635362915,0.002937446210912448,0.0413417723359351,0.029609256702841227,0.750655744754042,0.0008979235280255353
38.31186849557289,0.05623413251903485,3.0,0.6316119745408507,0.005882411837672925,0.3708992788533769,0.02802671973119813,0.010406586877175114,0.005817575027694738,0.6,0.4183300132670378,0.0052545579635362915,0.002937446210912448,0.0413417723359351,0.029609256702841227,0.750655744754042,0.0008979235280255353
38.31186849557289,0.05623413251903485,4.0,0.6316119745408508,0.0058852773808922365,0.3702419260397118,0.02806903704171604,0.010406586877175114,0.005817575027694738,0.6,0.4183300132670378,0.0052545579635362915,0.002937446210912448,0.0413417723359351,0.029609256702841227,0.750655744754042,0.0008979235280255353
38.31186849557289,0.10592537251772875,1.0,0.5283202752509502,0.011003239303945552,0.27553507279289813,0.013445514379944715,0.010406586877175114,0.005817575027694738,0.6,0.4183300132670378,0.0052545579635362915,0.002937446210912448,0.0413417723359351,0.029609256702841227,0.750655744754042,0.0008979235280255353
38.31186849557289,0.10592537251772875,1.5,0.5293636385328708,0.01217200346226457,0.2766117102060147,0.013292655603090599,0.010406586877175114,0.005817575027694738,0.6,0.4183300132670378,0.0052545579635362915,0.002937446210912448,0.0413417723359351,0.029609256702841227,0.750655744754042,0.0008979235280255353
38.31186849557289,0.10592537251772875,2.0,0.5293636385328708,0.01217200346226457,0.2766117102060147,0.013292655603090599,0.010406586877175114,0.005817575027694738,0.6,0.4183300132670378,0.0052545579635362915,0.002937446210912448,0.0413417723359351,0.029609256702841227,0.750655744754042,0.0008979235280255353
38.31186849557289,0.10592537251772875,2.5,0.5293636385328708,0.01217200346226457,0.2766117102060147,0.013292655603090599,0.010406586877175114,0.005817575027694738,0.6,0.4183300132670378,0.0052545579635362915,0.002937446210912448,0.0413417723359351,0.029609256702841227,0.750655744754042,0.0008979235280255353
38.31186849557289,0.10592537251772875,3.0,0.529360753029639,0.012174188568724908,0.27595381546917264,0.013653211605764505,0.010406586877175114,0.005817575027694738,0.6,0.4183300132670378,0.0052545579635362915,0.002937446210912448,0.0413417723359351,0.029609256702841227,0.750655744754042,0.0008979235280255353
38.31186849557289,0.10592537251772875,4.0,0.529360753029639,0.012174188568724908,0.27595381546917264,0.013653211605764505,0.010406586877175114,0.005817575027694738,0.6,0.4183300132670378,0.0052545579635362915,0.002937446210912448,0.0413417723359351,0.029609256702841227,0.750655744754042,0.0008979235280255353
38.31186849557289,0.19952623149688797,1.0,0.5054479995288922,0.003264590152975289,0.2587838003192818,0.0021501603599918,0.010406586877175114,0.005817575027694738,0.6,0.4183300132670378,0.0052545579635362915,0.002937446210912448,0.0413417723359351,0.029609256702841227,0.750655744754042,0.0008979235280255353
38.31186849557289,0.19952623149688797,1.5,0.5060857239707269,0.003650954140856467,0.2583689384050516,0.0030526369841121235,0.010406586877175114,0.005817575027694738,0.6,0.4183300132670378,0.0052545579635362915,0.002937446210912448,0.0413417723359351,0.029609256702841227,0.750655744754042,0.0008979235280255353
38.31186849557289,0.19952623149688797,2.0,0.5060886094739587,0.0036449283603669546,0.2590268331418937,0.0023928950798505367,0.010406586877175114,0.005817575027694738,0.6,0.4183300132670378,0.0052545579635362915,0.002937446210912448,0.0413417723359351,0.029609256702841227,0.750655744754042,0.0008979235280255353
38.31186849557289,0.19952623149688797,2.5,0.5060914949771906,0.0036463755559121834,0.2590273750650707,0.0023939499614123363,0.010406586877175114,0.005817575027694738,0.6,0.4183300132670378,0.0052545579635362915,0.002937446210912448,0.0413417723359351,0.029609256702841227,0.750655744754042,0.0008979235280255353
38.31186849557289,0.19952623149688797,3.0,0.5060886094739587,0.0036449283603669546,0.2590268331418937,0.0023928950798505367,0.010406586877175114,0.005817575027694738,0.6,0.4183300132670378,0.0052545579635362915,0.002937446210912448,0.0413417723359351,0.029609256702841227,0.750655744754042,0.0008979235280255353
38.31186849557289,0.19952623149688797,4.0,0.5060914949771906,0.0036463755559121834,0.2590273750650707,0.0023939499614123363,0.010406586877175114,0.005817575027694738,0.6,0.4183300132670378,0.0052545579635362915,0.002937446210912448,0.0413417723359351,0.029609256702841227,0.750655744754042,0.0008979235280255353
87.4312458022074,0.0001,1.0,0.8449881956428238,0.011131992555192007,0.6963038732009272,0.03230227411446028,0.661506377955197,0.028698821064329676,0.676617564852859,0.039427731419641475,0.6478930168558652,0.03004543232330283,0.552326821897517,0.03956005725532767,0.8341331269349844,0.015646566483973327
87.4312458022074,0.0001,1.5,0.8427595626333945,0.012539920934054483,0.6839519283545178,0.03365317719661653,0.6498615353015631,0.024408101070698896,0.6497846270551955,0.022352884445191828,0.650515995872033,0.03474869219951982,0.5334010408974106,0.03126282244620254,0.824922600619195,0.010840361136574566
87.4312458022074,0.0001,2.0,0.8417667567973182,0.013541630952104415,0.6839930552261914,0.031940687032291956,0.6466880474326948,0.022873982280872476,0.640629816031611,0.022520248028798647,0.6531303749570003,0.02771222579966302,0.5275743611284608,0.03025739292875721,0.8216395768833848,0.01127004136979102
87.4312458022074,0.0001,2.5,0.8414466068917704,0.013850390718670884,0.68286075451274,0.029464737564386397,0.6451153560073771,0.02072027059385405,0.6349047103189014,0.019561847011789087,0.6557533539731681,0.023694164400738908,0.5244423785339082,0.02753486569927594,0.8196658926728585,0.010248047560504746
87.4312458022074,0.0001,3.0,0.8411385159712783,0.013586473683376218,0.6820809062792843,0.029640377683863756,0.6434659016054345,0.017447075821853345,0.6316875523499144,0.016583692293073996,0.6557533539731681,0.019704903774020986,0.5218434062463354,0.023196355799765114,0.8183501031991745,0.008662121012431117
87.4312458022074,0.0001,4.0,0.8404059787917868,0.013230241120628112,0.6804428406172504,0.029456105817035245,0.6447305386077764,0.017620225349736285,0.6341762401327198,0.01800563343639249,0.6557533539731681,0.019704903774020986,0.5238265476437276,0.023613755742380102,0.8193369453044376,0.009038792088745714
87.4312458022074,0.00018836490894898002,1.0,0.8394102214442347,0.0158872750524374,0.6940116022381501,0.03977375101831382,0.6526102435603879,0.03568125467484909,0.6633651822344292,0.03053543615746586,0.6426298589611283,0.043647785680501094,0.5397256195495451,0.045467448186422454,0.829203216374269,0.015970695759889655
87.4312458022074,0.00018836490894898002,1.5,0.838858272588985,0.01598165904382808,0.6908806545465553,0.03989678392814823,0.6552075217578602,0.03262788923451252,0.6602390774459942,0.033339825658596556,0.650498796009632,0.03469977660203306,0.5415456562300118,0.0431488485334233,0.8288721190230477,0.016156757759491915
87.4312458022074,0.00018836490894898002,2.0,0.8382923285684921,0.016136042704468653,0.689774884772169,0.03964536996033895,0.6536086311541573,0.03428157157181426,0.6571871346384363,0.03830928825413862,0.650498796009632,0.03469977660203306,0.5390270563962158,0.046149642294645445,0.827564929480564,0.018043399375560768
87.4312458022074,0.00018836490894898002,2.5,0.8380598434658687,0.016372802279594385,0.689489327052538,0.039513588100970595,0.6539331873923888,0.03215803559876085,0.6564512551602919,0.033472696415588823,0.6517973856209152,0.03479869736115263,0.5392703517022506,0.042532436588806684,0.8275563295493635,0.016123949348732132
87.4312458022074,0.00018836490894898002,3.0,0.8380397389325758,0.016391917124968187,0.6893860153055711,0.03953773036621463,0.6539331873923888,0.03215803559876085,0.6564512551602919,0.033472696415588823,0.6517973856209152,0.03479869736115263,0.5392703517022506,0.042532436588806684,0.8275563295493635,0.016123949348732132
87.4312458022074,0.00018836490894898002,4.0,0.8380311200186125,0.01638033151931153,0.6893794620588938,0.03955609188494478,0.6539331873923888,0.03215803559876085,0.6564512551602919,0.033472696415588823,0.6517973856209152,0.03479869736115263,0.5392703517022506,0.042532436588806684,0.8275563295493635,0.016123949348732132
87.4312458022074,0.0003548133892335753,1.0,0.845772309913712,0.014261803412690666,0.7136409632723144,0.030306968096799166,0.6625785708023113,0.02764019036621135,0.6872421419506514,0.029954038060101836,0.6399896800825593,0.030654753028163978,0.556151880406215,0.036127287182568475,0.8370829033367733,0.013272751694353926
87.4312458022074,0.0003548133892335753,1.5,0.8460999273177127,0.01406150043409337,0.7143144434770953,0.032258863696901736,0.6598453113988366,0.026216556889856135,0.6829614432244946,0.028230017015590452,0.6386652906776746,0.030333512948370927,0.5522000996541612,0.034068870862823925,0.8354381664946681,0.012524670318998224
87.4312458022074,0.0003548133892335753,2.0,0.8461041803810965,0.014062737337776323,0.7143049975510043,0.03227113909132088,0.6598453113988366,0.026216556889856135,0.6829614432244946,0.028230017015590452,0.6386652906776746,0.030333512948370927,0.5522000996541612,0.034068870862823925,0.8354381664946681,0.012524670318998224
87.4312458022074,0.0003548133892335753,2.5,0.8460840570499377,0.014050603676545726,0.7142782724966273,0.032262970404708526,0.6598453113988366,0.026216556889856135,0.6829614432244946,0.028230017015590452,0.6386652906776746,0.030333512948370927,0.5522000996541612,0.034068870862823925,0.8354381664946681,0.012524670318998224
87.4312458022074,0.0003548133892335753,3.0,0.846111394139176,0.014052227188271899,0.7143161463256134,0.03223730502004694,0.6598453113988366,0.026216556889856135,0.6829614432244946,0.028230017015590452,0.6386652906776746,0.030333512948370927,0.5522000996541612,0.034068870862823925,0.8354381664946681,0.012524670318998224
87.4312458022074,0.0003548133892335753,4.0,0.8460884229005172,0.014056388499004145,0.7142855096359015,0.032257465563635714,0.6598453113988366,0.026216556889856135,0.6829614432244946,0.028230017015590452,0.6386652906776746,0.030333512948370927,0.5522000996541612,0.034068870862823925,0.8354381664946681,0.012524670318998224
87.4312458022074,0.0006683439175686149,1.0,0.8607908848430854,0.011160044837695112,0.7449031567094577,0.025377790590993262,0.6752534541972999,0.018057343711533683,0.7467560715258953,0.01571465694312625,0.6163226694186447,0.020387764411489418,0.5849529085210085,0.022150769399128186,0.8518532851737186,0.007469501761822787
87.4312458022074,0.0006683439175686149,1.5,0.86092612753766,0.011053277241974496,0.7452748348301553,0.02554995537453811,0.6737979569234903,0.016558586850117678,0.7452331520810643,0.014293261794345266,0.6150068799449605,0.020430733492347964,0.5831014754038933,0.019919568610223183,0.8511953904368765,0.006650846777908307
87.4312458022074,0.0006683439175686149,2.0,0.8609319361398553,0.011060392748796772,0.7452996828179115,0.02557391390438716,0.6737979569234903,0.016558586850117678,0.7452331520810643,0.014293261794345266,0.6150068799449605,0.020430733492347964,0.5831014754038933,0.019919568610223183,0.8511953904368765,0.006650846777908307
87.4312458022074,0.0006683439175686149,2.5,0.8609117376172332,0.011063770370763419,0.7452576491681908,0.02556563174482587,0.6737979569234903,0.016558586850117678,0.7452331520810643,0.014293261794345266,0.6150068799449605,0.020430733492347964,0.5831014754038933,0.019919568610223183,0.8511953904368765,0.006650846777908307
87.4312458022074,0.0006683439175686149,3.0,0.8609162162550079,0.011086714122390614,0.7452906297965264,0.02558606449711123,0.6737979569234903,0.016558586850117678,0.7452331520810643,0.014293261794345266,0.6150068799449605,0.020430733492347964,0.5831014754038933,0.019919568610223183,0.8511953904368765,0.006650846777908307
87.4312458022074,0.0006683439175686149,4.0,0.8609260899419283,0.01105600600451341,0.7452734914206942,0.025551033647925984,0.6737979569234903,0.016558586850117678,0.7452331520810643,0.014293261794345266,0.6150068799449605,0.020430733492347964,0.5831014754038933,0.019919568610223183,0.8511953904368765,0.006650846777908307
87.4312458022074,0.0012589254117941662,1.0,0.8709155616085423,0.009240169493205766,0.7604361072308794,0.019641377717146285,0.6748259711863136,0.026669677353448128,0.8211724547593023,0.028610289602541566,0.5729876160990711,0.027440782244814464,0.6063001288145216,0.03221164222851067,0.8620420536635708,0.010446163869063736
87.4312458022074,0.0012589254117941662,1.5,0.8709324986706148,0.009195224259365661,0.7606207195519972,0.020284678947336852,0.6732815696419121,0.02655201513369461,0.8193032958807978,0.028812176294002824,0.571671826625387,0.027240568853734406,0.6043052404012894,0.03216169738569744,0.8613841589267286,0.010436003556153853
87.4312458022074,0.0012589254117941662,2.0,0.8709412303717737,0.009202246032088019,0.760566880915472,0.020194148765385923,0.6732815696419121,0.02655201513369461,0.8193032958807978,0.028812176294002824,0.571671826625387,0.027240568853734406,0.6043052404012894,0.03216169738569744,0.8613841589267286,0.010436003556153853
87.4312458022074,0.0012589254117941662,2.5,0.8709354217695784,0.009199030856958662,0.7605692916398784,0.020187648168932572,0.6732815696419121,0.02655201513369461,0.8193032958807978,0.028812176294002824,0.571671826625387,0.027240568853734406,0.6043052404012894,0.03216169738569744,0.8613841589267286,0.010436003556153853
87.4312458022074,0.0012589254117941662,3.0,0.8709584306039689,0.009196131353183137,0.7605892763628479,0.020182794046390336,0.6732815696419121,0.02655201513369461,0.8193032958807978,0.028812176294002824,0.571671826625387,0.027240568853734406,0.6043052404012894,0.03216169738569744,0.8613841589267286,0.010436003556153853
87.4312458022074,0.0012589254117941662,4.0,0.8709382696770784,0.009196879184206334,0.7605705645474398,0.02018243296245185,0.6732815696419121,0.02655201513369461,0.8193032958807978,0.028812176294002824,0.571671826625387,0.027240568853734406,0.6043052404012894,0.03216169738569744,0.8613841589267286,0.010436003556153853
87.4312458022074,0.0023713737056616554,1.0,0.8668625481950164,0.013114202764271568,0.7545234371956087,0.018211423961846367,0.6435471869362528,0.026640163145566227,0.8781181096699532,0.025446973802650385,0.5085913312693499,0.03230717280540911,0.5966215305308035,0.0263316351316769,0.859406174750602,0.00818491985660848
87.4312458022074,0.0023713737056616554,1.5,0.866914336870261,0.013116495478217782,0.7544489202752322,0.018726537944168967,0.6429143446012827,0.02855945496860476,0.8800503190857556,0.02973712603834706,0.5072841417268662,0.03430000380875379,0.596727407348275,0.02868432655115782,0.8594083247334021,0.008849254509341601
87.4312458022074,0.0023713737056616554,2.0,0.866914336870261,0.013112436206014296,0.7544775302794097,0.018725226123142678,0.6429143446012827,0.02855945496860476,0.8800503190857556,0.02973712603834706,0.5072841417268662,0.03430000380875379,0.596727407348275,0.02868432655115782,0.8594083247334021,0.008849254509341601
87.4312458022074,0.0023713737056616554,2.5,0.8669028324530658,0.013100114827736578,0.7544397736835857,0.018647110056211714,0.6429143446012827,0.02855945496860476,0.8800503190857556,0.02973712603834706,0.5072841417268662,0.03430000380875379,0.596727407348275,0.02868432655115782,0.8594083247334021,0.008849254509341601
87.4312458022074,0.0023713737056616554,3.0,0.866925878883188,0.013113813777083507,0.7544946448830577,0.01872448594092901,0.6429143446012827,0.02855945496860476,0.8800503190857556,0.02973712603834706,0.5072841417268662,0.03430000380875379,0.596727407348275,0.02868432655115782,0.8594083247334021,0.008849254509341601
87.4312458022074,0.0023713737056616554,4.0,0.8669000221412976,0.013104381567829657,0.7544390323108996,0.018718483068183876,0.6429143446012827,0.02855945496860476,0.8800503190857556,0.02973712603834706,0.5072841417268662,0.03430000380875379,0.596727407348275,0.02868432655115782,0.8594083247334021,0.008849254509341601
87.4312458022074,0.0044668359215096305,1.0,0.8272664500629873,0.016149416665614758,0.715057616904973,0.0195911399155823,0.5527639394942223,0.047097144537023815,0.8894289892692744,0.0302984811538864,0.40220158238734094,0.046311034756002754,0.5267743408863451,0.04188137035633554,0.8380675954592363,0.011735082454029605
87.4312458022074,0.0044668359215096305,1.5,0.8272608294394509,0.016083814352587527,0.7155608190462702,0.01887702190231178,0.554055589021166,0.04786383698430685,0.889642117999027,0.030626159600066368,0.4035173718610251,0.046837348407700305,0.527866290430506,0.04284116027250077,0.8383965428276573,0.012011611122105487
87.4312458022074,0.0044668359215096305,2.0,0.8272651388964327,0.016077705573405807,0.7155644281203773,0.018874267390523513,0.5535350893414736,0.047483577325413244,0.8870990820052868,0.028389219297306815,0.4035173718610251,0.046837348407700305,0.526603112310199,0.04177966601153061,0.8380675954592363,0.011735082454029605
87.4312458022074,0.0044668359215096305,2.5,0.8272708911050304,0.016080677622192067,0.7155773886464466,0.018856338938408216,0.5535350893414736,0.047483577325413244,0.8870990820052868,0.028389219297306815,0.4035173718610251,0.046837348407700305,0.526603112310199,0.04177966601153061,0.8380675954592363,0.011735082454029605
87.4312458022074,0.0044668359215096305,3.0,0.8272680243996643,0.016074759925200542,0.715564313190537,0.018873191395391967,0.5535350893414736,0.047483577325413244,0.8870990820052868,0.028389219297306815,0.4035173718610251,0.046837348407700305,0.526603112310199,0.04177966601153061,0.8380675954592363,0.011735082454029605
87.4312458022074,0.0044668359215096305,4.0,0.8272736826189325,0.0160899678298218,0.7155896360502199,0.01883839757751648,0.5535350893414736,0.047483577325413244,0.8870990820052868,0.028389219297306815,0.4035173718610251,0.046837348407700305,0.526603112310199,0.04177966601153061,0.8380675954592363,0.011735082454029605
87.4312458022074,0.008413951416451947,1.0,0.7823955197602771,0.013226372791900252,0.6506890234124346,0.03053575631134091,0.35823651659607053,0.06785135915137168,0.8986935286935287,0.04869467834384502,0.22480220158238734,0.04947191245364801,0.3864246178240401,0.06272672481037905,0.8002902476780186,0.013863087178041286
87.4312458022074,0.008413951416451947,1.5,0.7823320010934467,0.013200670233191202,0.6506496938960188,0.030513453115668096,0.3600000846925548,0.0674452136285523,0.8991697191697192,0.048896498970412844,0.22611799105607155,0.049083260699367956,0.38784335837940964,0.06260114948695335,0.8006191950464396,0.013805575538216333
87.4312458022074,0.008413951416451947,2.0,0.782326230086983,0.01319482711413121,0.6506482014483627,0.030512297758987506,0.3600000846925548,0.0674452136285523,0.8991697191697192,0.048896498970412844,0.22611799105607155,0.049083260699367956,0.38784335837940964,0.06260114948695335,0.8006191950464396,0.013805575538216333
87.4312458022074,0.008413951416451947,2.5,0.7823175735772878,0.013196250318392406,0.6506383417205972,0.030505995675731784,0.3600000846925548,0.0674452136285523,0.8991697191697192,0.048896498970412844,0.22611799105607155,0.049083260699367956,0.38784335837940964,0.06260114948695335,0.8006191950464396,0.013805575538216333
87.4312458022074,0.008413951416451947,3.0,0.7823291531859466,0.013201500536867843,0.6506431316448976,0.03052603286384348,0.3600000846925548,0.0674452136285523,0.8991697191697192,0.048896498970412844,0.22611799105607155,0.049083260699367956,0.38784335837940964,0.06260114948695335,0.8006191950464396,0.013805575538216333
87.4312458022074,0.008413951416451947,4.0,0.7823219018321353,0.013204337389796301,0.650642518060762,0.03050836066611458,0.3600000846925548,0.0674452136285523,0.8991697191697192,0.048896498970412844,0.22611799105607155,0.049083260699367956,0.38784335837940964,0.06260114948695335,0.8006191950464396,0.013805575538216333
87.4312458022074,0.015848931924611124,1.0,0.791800700442751,0.011329026088491914,0.6358958561985244,0.036863272779662795,0.015551119763643484,0.005733214940001634,0.6333333333333333,0.2173067468400883,0.007886136910904713,0.002947061033766413,0.047491240445358775,0.019683331802399427,0.7506578947368421,0.0009008594695808909
87.4312458022074,0.015848931924611124,1.5,0.7917620845107084,0.011292725709039844,0.6358644986481697,0.037006021134942654,0.015551119763643484,0.005733214940001634,0.6333333333333333,0.2173067468400883,0.007886136910904713,0.002947061033766413,0.047491240445358775,0.019683331802399427,0.7506578947368421,0.0009008594695808909
87.4312458022074,0.015848931924611124,2.0,0.7917621033085742,0.011303469933751899,0.635202422438066,0.0373022809411512,0.015551119763643484,0.005733214940001634,0.6333333333333333,0.2173067468400883,0.007886136910904713,0.002947061033766413,0.047491240445358775,0.019683331802399427,0.7506578947368421,0.0009008594695808909
87.4312458022074,0.015848931924611124,2.5,0.7917606605569584,0.011305214192877725,0.6352093245182054,0.03729240518144749,0.015551119763643484,0.005733214940001634,0.6333333333333333,0.2173067468400883,0.007886136910904713,0.002947061033766413,0.047491240445358775,0.019683331802399427,0.7506578947368421,0.0009008594695808909
87.4312458022074,0.015848931924611124,3.0,0.7917533904052813,0.0112777083514591,0.6352092621539619,0.0372874638227687,0.015551119763643484,0.005733214940001634,0.6333333333333333,0.2173067468400883,0.007886136910904713,0.002947061033766413,0.047491240445358775,0.019683331802399427,0.7506578947368421,0.0009008594695808909
87.4312458022074,0.015848931924611124,4.0,0.791754851954763,0.011293946026932206,0.6351998534811907,0.037294442674071296,0.015551119763643484,0.005733214940001634,0.6333333333333333,0.2173067468400883,0.007886136910904713,0.002947061033766413,0.047491240445358775,0.019683331802399427,0.7506578947368421,0.0009008594695808909
87.4312458022074,0.02985382618917957,1.0,0.7742131160330604,0.011846401536980805,0.5699475205216693,0.03742089142770261,0.010406586877175114,0.005817575027694738,0.6,0.4183300132670378,0.0052545579635362915,0.002937446210912448,0.0413417723359351,0.029609256702841227,0.750655744754042,0.0008979235280255353
87.4312458022074,0.02985382618917957,1.5,0.7789251193286062,0.010409698414768175,0.577517308293407,0.04262692929385444,0.010406586877175114,0.005817575027694738,0.6,0.4183300132670378,0.0052545579635362915,0.002937446210912448,0.0413417723359351,0.029609256702841227,0.750655744754042,0.0008979235280255353
87.4312458022074,0.02985382618917957,2.0,0.7789280236297038,0.010413317825917284,0.5774928466723469,0.04267160333280084,0.010406586877175114,0.005817575027694738,0.6,0.4183300132670378,0.0052545579635362915,0.002937446210912448,0.0413417723359351,0.029609256702841227,0.750655744754042,0.0008979235280255353
87.4312458022074,0.02985382618917957,2.5,0.7789207910737586,0.010413255544617656,0.5768594135565649,0.043130033751248915,0.010406586877175114,0.005817575027694738,0.6,0.4183300132670378,0.0052545579635362915,0.002937446210912448,0.0413417723359351,0.029609256702841227,0.750655744754042,0.0008979235280255353
87.4312458022074,0.02985382618917957,3.0,0.7789251193286063,0.010407574863809353,0.577508711994142,0.042643305299452275,0.010406586877175114,0.005817575027694738,0.6,0.4183300132670378,0.0052545579635362915,0.002937446210912448,0.0413417723359351,0.029609256702841227,0.750655744754042,0.0008979235280255353
87.4312458022074,0.02985382618917957,4.0,0.7789236953748562,0.010407856805126795,0.5774925018063632,0.042670649327650224,0.010406586877175114,0.005817575027694738,0.6,0.4183300132670378,0.0052545579635362915,0.002937446210912448,0.0413417723359351,0.029609256702841227,0.750655744754042,0.0008979235280255353
87.4312458022074,0.05623413251903485,1.0,0.6277444931054013,0.00404245386967844,0.3655403904007738,0.02722352154343119,0.010406586877175114,0.005817575027694738,0.6,0.4183300132670378,0.0052545579635362915,0.002937446210912448,0.0413417723359351,0.029609256702841227,0.750655744754042,0.0008979235280255353
87.4312458022074,0.05623413251903485,1.5,0.6287775220602386,0.006291510012075966,0.3674675421749313,0.029438485427267656,0.010406586877175114,0.005817575027694738,0.6,0.4183300132670378,0.0052545579635362915,0.002937446210912448,0.0413417723359351,0.029609256702841227,0.750655744754042,0.0008979235280255353
87.4312458022074,0.05623413251903485,2.0,0.6287804075634703,0.006297863815771895,0.36746808409810827,0.029439625567143943,0.010406586877175114,0.005817575027694738,0.6,0.4183300132670378,0.0052545579635362915,0.002937446210912448,0.0413417723359351,0.029609256702841227,0.750655744754042,0.0008979235280255353
87.4312458022074,0.05623413251903485,2.5,0.6287804075634703,0.006306661737504424,0.36681073307296846,0.02975887995785719,0.010406586877175114,0.005817575027694738,0.6,0.4183300132670378,0.0052545579635362915,0.002937446210912448,0.0413417723359351,0.029609256702841227,0.750655744754042,0.0008979235280255353
87.4312458022074,0.05623413251903485,3.0,0.6287804075634703,0.006297863815771895,0.3674680840981083,0.02943962556714392,0.010406586877175114,0.005817575027694738,0.6,0.4183300132670378,0.0052545579635362915,0.002937446210912448,0.0413417723359351,0.029609256702841227,0.750655744754042,0.0008979235280255353
87.4312458022074,0.05623413251903485,4.0,0.6287832930667021,0.006304217819305908,0.3674686278098106,0.02944076947560929,0.010406586877175114,0.005817575027694738,0.6,0.4183300132670378,0.0052545579635362915,0.002937446210912448,0.0413417723359351,0.029609256702841227,0.750655744754042,0.0008979235280255353
87.4312458022074,0.10592537251772875,1.0,0.528323160754182,0.01100116275279037,0.276192967526784,0.013105536392092132,0.010406586877175114,0.005817575027694738,0.6,0.4183300132670378,0.0052545579635362915,0.002937446210912448,0.0413417723359351,0.029609256702841227,0.750655744754042,0.0008979235280255353
87.4312458022074,0.10592537251772875,1.5,0.5293665240361026,0.01217735979714526,0.2766122521291917,0.013293740561418056,0.010406586877175114,0.005817575027694738,0.6,0.4183300132670378,0.0052545579635362915,0.002937446210912448,0.0413417723359351,0.029609256702841227,0.750655744754042,0.0008979235280255353
87.4312458022074,0.10592537251772875,2.0,0.5293665240361026,0.01217735979714526,0.2766122521291917,0.013293740561418056,0.010406586877175114,0.005817575027694738,0.6,0.4183300132670378,0.0052545579635362915,0.002937446210912448,0.0413417723359351,0.029609256702841227,0.750655744754042,0.0008979235280255353
87.4312458022074,0.10592537251772875,2.5,0.5293636385328708,0.01217200346226457,0.2766117102060147,0.013292655603090599,0.010406586877175114,0.005817575027694738,0.6,0.4183300132670378,0.0052545579635362915,0.002937446210912448,0.0413417723359351,0.029609256702841227,0.750655744754042,0.0008979235280255353
87.4312458022074,0.10592537251772875,3.0,0.5293636385328708,0.01217954479715656,0.27595435739234964,0.013654300553478126,0.010406586877175114,0.005817575027694738,0.6,0.4183300132670378,0.0052545579635362915,0.002937446210912448,0.0413417723359351,0.029609256702841227,0.750655744754042,0.0008979235280255353
87.4312458022074,0.10592537251772875,4.0,0.5293665240361026,0.01217735979714526,0.2766122521291917,0.013293740561418056,0.010406586877175114,0.005817575027694738,0.6,0.4183300132670378,0.0052545579635362915,0.002937446210912448,0.0413417723359351,0.029609256702841227,0.750655744754042,0.0008979235280255353
87.4312458022074,0.19952623149688797,1.0,0.5054479995288922,0.003264590152975289,0.2587838003192818,0.0021501603599918,0.010406586877175114,0.005817575027694738,0.6,0.4183300132670378,0.0052545579635362915,0.002937446210912448,0.0413417723359351,0.029609256702841227,0.750655744754042,0.0008979235280255353
87.4312458022074,0.19952623149688797,1.5,0.505450885032124,0.0032645708374550546,0.2587843422424588,0.002151158702351523,0.010406586877175114,0.005817575027694738,0.6,0.4183300132670378,0.0052545579635362915,0.002937446210912448,0.0413417723359351,0.029609256702841227,0.750655744754042,0.0008979235280255353
87.4312458022074,0.19952623149688797,2.0,0.5054479995288922,0.003264590152975289,0.2587838003192818,0.0021501603599918,0.010406586877175114,0.005817575027694738,0.6,0.4183300132670378,0.0052545579635362915,0.002937446210912448,0.0413417723359351,0.029609256702841227,0.750655744754042,0.0008979235280255353
87.4312458022074,0.19952623149688797,2.5,0.505450885032124,0.0032645708374550546,0.2587843422424588,0.002151158702351523,0.010406586877175114,0.005817575027694738,0.6,0.4183300132670378,0.0052545579635362915,0.002937446210912448,0.0413417723359351,0.029609256702841227,0.750655744754042,0.0008979235280255353
87.4312458022074,0.19952623149688797,3.0,0.5054479995288922,0.003264590152975289,0.2587838003192818,0.0021501603599918,0.010406586877175114,0.005817575027694738,0.6,0.4183300132670378,0.0052545579635362915,0.002937446210912448,0.0413417723359351,0.029609256702841227,0.750655744754042,0.0008979235280255353
87.4312458022074,0.19952623149688797,4.0,0.5054479995288922,0.003264590152975289,0.2587838003192818,0.0021501603599918,0.010406586877175114,0.005817575027694738,0.6,0.4183300132670378,0.0052545579635362915,0.002937446210912448,0.0413417723359351,0.029609256702841227,0.750655744754042,0.0008979235280255353
199.52623149688787,0.0001,1.0,0.8306251420502339,0.017651311584660292,0.6660990209342966,0.0456292311955685,0.6360053665607855,0.023691075205997027,0.6324399301058173,0.01884822101763924,0.6399896800825593,0.03270415155063791,0.5140010051178695,0.029937023475934882,0.8170364637082903,0.010222408005824996
199.52623149688787,0.0001,1.5,0.8296643587176952,0.018573813794646916,0.663419674544677,0.04395183012032461,0.636561457144522,0.02349403620262681,0.6258979253680358,0.024388834342927972,0.6478672170622636,0.026719562052817555,0.512849969374843,0.031427751090616254,0.8150692294461643,0.012176803454892486
199.52623149688787,0.0001,2.0,0.8295663126854713,0.018786487109070396,0.6625207605017859,0.044002734169431124,0.6327270261652117,0.021400115923355705,0.6221311806031682,0.023233796724056684,0.6439198486412108,0.023267979641200576,0.5076707129007941,0.02898530570128859,0.8130998452012385,0.011549766834773746
199.52623149688787,0.0001,2.5,0.8288219938048546,0.01907867054396579,0.6612213030776168,0.04456509761319864,0.6322237149069336,0.021727383269646617,0.6224735229455105,0.023329745474783628,0.6426040591675266,0.02517802622787086,0.5072379493186158,0.029184679811533144,0.8130998452012385,0.011549766834773746
199.52623149688787,0.0001,3.0,0.8287931951661346,0.019070648176632878,0.6612507680226205,0.04459641823837585,0.6322237149069336,0.021727383269646617,0.6224735229455105,0.023329745474783628,0.6426040591675266,0.02517802622787086,0.5072379493186158,0.029184679811533144,0.8130998452012385,0.011549766834773746
199.52623149688787,0.0001,4.0,0.8287601810597625,0.019106517987493105,0.6611671039673547,0.044604164854842615,0.6322237149069336,0.021727383269646617,0.6224735229455105,0.023329745474783628,0.6426040591675266,0.02517802622787086,0.5072379493186158,0.029184679811533144,0.8130998452012385,0.011549766834773746
199.52623149688787,0.00018836490894898002,1.0,0.8322093820594922,0.018272881773563888,0.6763073642071478,0.039470365207361316,0.6394844995266017,0.026968362542684112,0.637839721039014,0.023528159737186232,0.6413140694874441,0.03226769079701016,0.5190400061699445,0.03494999622732545,0.8193433952528381,0.012461393786759955
199.52623149688787,0.00018836490894898002,1.5,0.8324310535819004,0.01759200865022716,0.6769770570306741,0.03913247266750546,0.6356737327029525,0.03170541640794345,0.63294325758442,0.03043961281932343,0.6386824905400756,0.03563319252646588,0.5136550307839455,0.04181229855035421,0.8170493636050912,0.015600161342519278
199.52623149688787,0.00018836490894898002,2.0,0.8324079131624487,0.017583464273765937,0.6767987245285761,0.03916375981460124,0.636099527342198,0.03198359543404913,0.6337811293900338,0.03091396185030249,0.6386824905400756,0.03563319252646588,0.5143197741806984,0.04223718978832991,0.8173783109735122,0.01579977437443649
199.52623149688787,0.00018836490894898002,2.5,0.8324051404464121,0.01761038589908751,0.6768352398784794,0.039128977263320604,0.6356882557899869,0.03236908585807688,0.6329214222572987,0.0311878672994532,0.6386824905400756,0.03563319252646588,0.5136455649149054,0.04278593337104516,0.8170493636050912,0.01598556382088651
199.52623149688787,0.00018836490894898002,3.0,0.8324122978108941,0.01758622363980734,0.6769530714692278,0.03917591725032601,0.636099527342198,0.03198359543404913,0.6337811293900338,0.03091396185030249,0.6386824905400756,0.03563319252646588,0.5143197741806984,0.04223718978832991,0.8173783109735122,0.01579977437443649
199.52623149688787,0.00018836490894898002,4.0,0.8324367681947663,0.01758945159224429,0.6768873241467637,0.039121449315989015,0.6356737327029525,0.03170541640794345,0.63294325758442,0.03043961281932343,0.6386824905400756,0.03563319252646588,0.5136550307839455,0.04181229855035421,0.8170493636050912,0.015600161342519278
199.52623149688787,0.0003548133892335753,1.0,0.8449891776310118,0.01598471301094291,0.7119995637637805,0.033971044369028085,0.662070854970395,0.030094427439467632,0.6860664195834796,0.029830940169443963,0.6400068799449604,0.03404185299541946,0.5553510863761725,0.03885938713747755,0.8367582559339525,0.013953323359779377
199.52623149688787,0.0003548133892335753,1.5,0.8451443227664133,0.01584958145645826,0.712068383647369,0.03390861903844421,0.6592026500798459,0.028788957706976735,0.6845483926746542,0.02488215992801856,0.6360595115239078,0.03603172845770266,0.552036253391818,0.03597404098166871,0.835767113863089,0.012331689709540227
199.52623149688787,0.0003548133892335753,2.0,0.8451529040846448,0.01585039914166821,0.7120465046347371,0.0339448244845057,0.6582439152145135,0.029711774701177796,0.6840699237751326,0.0249132633648187,0.6347437220502237,0.037813847125305014,0.5509435464607482,0.0368594927066769,0.8354381664946681,0.012524670318998224
199.52623149688787,0.0003548133892335753,2.5,0.8451658512534559,0.015844157389861287,0.7120870759851238,0.03391013429886745,0.6592026500798459,0.028788957706976735,0.6845483926746542,0.02488215992801856,0.6360595115239078,0.03603172845770266,0.552036253391818,0.03597404098166871,0.835767113863089,0.012331689709540227
199.52623149688787,0.0003548133892335753,3.0,0.8451314507890656,0.01586367772625853,0.7120378093121513,0.03396152153621857,0.6582439152145135,0.029711774701177796,0.6840699237751326,0.0249132633648187,0.6347437220502237,0.037813847125305014,0.5509435464607482,0.0368594927066769,0.8354381664946681,0.012524670318998224
199.52623149688787,0.0003548133892335753,4.0,0.8451515177266267,0.01585763610955455,0.712059871032587,0.03396059417726431,0.6592026500798459,0.028788957706976735,0.6845483926746542,0.02488215992801856,0.6360595115239078,0.03603172845770266,0.552036253391818,0.03597404098166871,0.835767113863089,0.012331689709540227
199.52623149688787,0.0006683439175686149,1.0,0.8595281105283551,0.01140314691804953,0.7425712863230725,0.02632129558553491,0.6684183205473733,0.022895950482758796,0.7380184627682288,0.018040564239037875,0.61109391124871,0.028880417334078354,0.5758354423943908,0.027032841845793115,0.8485745614035087,0.008783914510304918
199.52623149688787,0.0006683439175686149,1.5,0.8596954697157972,0.011336439099356206,0.7425554337471446,0.026530460982843777,0.6689140442178633,0.021009300053251936,0.7393106239990546,0.017579298054187228,0.6110853113175094,0.027524912447065644,0.5766848135903175,0.024759294464934047,0.8489013587891296,0.008077075774259226
199.52623149688787,0.0006683439175686149,2.0,0.8596881619683885,0.011317295157074123,0.7425683999609543,0.026491936092110455,0.6689140442178633,0.021009300053251936,0.7393106239990546,0.017579298054187228,0.6110853113175094,0.027524912447065644,0.5766848135903175,0.024759294464934047,0.8489013587891296,0.008077075774259226
199.52623149688787,0.0006683439175686149,2.5,0.8596897363050656,0.011328342120501001,0.7425550795317937,0.026497884802496388,0.6689140442178633,0.021009300053251936,0.7393106239990546,0.017579298054187228,0.6110853113175094,0.027524912447065644,0.5766848135903175,0.024759294464934047,0.8489013587891296,0.008077075774259226
199.52623149688787,0.0006683439175686149,3.0,0.859688255957718,0.011335927405238502,0.742557560233796,0.02652992324100734,0.6689140442178633,0.021009300053251936,0.7393106239990546,0.017579298054187228,0.6110853113175094,0.027524912447065644,0.5766848135903175,0.024759294464934047,0.8489013587891296,0.008077075774259226
199.52623149688787,0.0006683439175686149,4.0,0.8596956013008586,0.011360292697706517,0.742568609234821,0.026555447851224424,0.6689140442178633,0.021009300053251936,0.7393106239990546,0.017579298054187228,0.6110853113175094,0.027524912447065644,0.5766848135903175,0.024759294464934047,0.8489013587891296,0.008077075774259226
199.52623149688787,0.0012589254117941662,1.0,0.870348019769448,0.009367181082985588,0.7597571703044125,0.01980555322157016,0.6738069271341814,0.027497572178422563,0.8181074604001477,0.03058873579073543,0.5729876160990711,0.027440782244814464,0.6044163737392549,0.033729453668328094,0.8613863089095288,0.01096269515026295
199.52623149688787,0.0012589254117941662,1.5,0.8704058050255469,0.009399240884595036,0.7600614910384522,0.02018118285892392,0.6753453886726429,0.027927334042653226,0.8199593122519996,0.03061982697729901,0.5743034055727554,0.027950983673749052,0.6064039897192546,0.03415268221753285,0.8620442036463709,0.011094795060600838
199.52623149688787,0.0012589254117941662,2.0,0.8703957433599676,0.009390496903029535,0.7600573339082681,0.02017110650564305,0.6753453886726429,0.027927334042653226,0.8199593122519996,0.03061982697729901,0.5743034055727554,0.027950983673749052,0.6064039897192546,0.03415268221753285,0.8620442036463709,0.011094795060600838
199.52623149688787,0.0012589254117941662,2.5,0.8703943006083517,0.009399504790426528,0.7600632095563684,0.020178723157100054,0.6753453886726429,0.027927334042653226,0.8199593122519996,0.03061982697729901,0.5743034055727554,0.027950983673749052,0.6064039897192546,0.03415268221753285,0.8620442036463709,0.011094795060600838
199.52623149688787,0.0012589254117941662,3.0,0.8703986100653335,0.009385999022417754,0.7600514998786752,0.020168198049105964,0.6753453886726429,0.027927334042653226,0.8199593122519996,0.03061982697729901,0.5743034055727554,0.027950983673749052,0.6064039897192546,0.03415268221753285,0.8620442036463709,0.011094795060600838
199.52623149688787,0.0012589254117941662,4.0,0.8703914527008518,0.009380275028743121,0.7600593697349729,0.02017560011659845,0.6753453886726429,0.027927334042653226,0.8199593122519996,0.03061982697729901,0.5743034055727554,0.027950983673749052,0.6064039897192546,0.03415268221753285,0.8620442036463709,0.011094795060600838
199.52623149688787,0.0023713737056616554,1.0,0.8662990197311078,0.013860164179546152,0.753465117967553,0.019711018828182846,0.6429551315587114,0.02655745904860748,0.8801427517120173,0.02961321779698364,0.5072755417956657,0.032542735107216954,0.5967636898982878,0.026708260219564114,0.859406174750602,0.008267133281796842
199.52623149688787,0.0023713737056616554,1.5,0.866448201197328,0.013700760449238642,0.7540211865457451,0.019638042026366036,0.645234177931975,0.026299001070011725,0.8806578683459036,0.029491934730728905,0.509907120743034,0.03200232751302622,0.5988702782053191,0.026640214152402864,0.8600640694874441,0.008231232385383053
199.52623149688787,0.0023713737056616554,2.0,0.8664424301908646,0.013737607109830293,0.7539243902024498,0.019762100411559118,0.645234177931975,0.026299001070011725,0.8806578683459036,0.029491934730728905,0.509907120743034,0.03200232751302622,0.5988702782053191,0.026640214152402864,0.8600640694874441,0.008231232385383053
199.52623149688787,0.0023713737056616554,2.5,0.8664396950705602,0.01371980144931185,0.7540075315151367,0.019665678126215946,0.645234177931975,0.026299001070011725,0.8806578683459036,0.029491934730728905,0.509907120743034,0.03200232751302622,0.5988702782053191,0.026640214152402864,0.8600640694874441,0.008231232385383053
199.52623149688787,0.0023713737056616554,3.0,0.8664597056145233,0.01372062492934933,0.754023215540274,0.01965375980092319,0.645234177931975,0.026299001070011725,0.8806578683459036,0.029491934730728905,0.509907120743034,0.03200232751302622,0.5988702782053191,0.026640214152402864,0.8600640694874441,0.008231232385383053
199.52623149688787,0.0023713737056616554,4.0,0.8664381583296146,0.013727387354144482,0.7539100591007607,0.01977125474465492,0.645234177931975,0.026299001070011725,0.8806578683459036,0.029491934730728905,0.509907120743034,0.03200232751302622,0.5988702782053191,0.026640214152402864,0.8600640694874441,0.008231232385383053
199.52623149688787,0.0044668359215096305,1.0,0.8269082763889889,0.016372737615676036,0.7142533930004961,0.0203737290573823,0.5522434398145298,0.046692649211486026,0.8868859532755341,0.028011231597639474,0.40220158238734094,0.046311034756002754,0.525511162766038,0.04075262377484215,0.8377386480908152,0.011440061307924925
199.52623149688787,0.0044668359215096305,1.5,0.8269801695975263,0.016207302037966574,0.7148697294861643,0.01954844645161183,0.5535350893414736,0.047483577325413244,0.8870990820052868,0.028389219297306815,0.4035173718610251,0.046837348407700305,0.526603112310199,0.04177966601153061,0.8380675954592363,0.011735082454029605
199.52623149688787,0.0044668359215096305,2.0,0.8269859406039899,0.016200862477964154,0.7148747475403852,0.01954900521919083,0.5535350893414736,0.047483577325413244,0.8870990820052868,0.028389219297306815,0.4035173718610251,0.046837348407700305,0.526603112310199,0.04177966601153061,0.8380675954592363,0.011735082454029605
199.52623149688787,0.0044668359215096305,2.5,0.8269945595179534,0.016197769704798262,0.7148813804946534,0.01954528660676464,0.5535350893414736,0.047483577325413244,0.8870990820052868,0.028389219297306815,0.4035173718610251,0.046837348407700305,0.526603112310199,0.04177966601153061,0.8380675954592363,0.011735082454029605
199.52623149688787,0.0044668359215096305,3.0,0.8269743609953311,0.0162078804888772,0.7148620316865538,0.01953997214784331,0.5535350893414736,0.047483577325413244,0.8870990820052868,0.028389219297306815,0.4035173718610251,0.046837348407700305,0.526603112310199,0.04177966601153061,0.8380675954592363,0.011735082454029605
199.52623149688787,0.0044668359215096305,4.0,0.826983055100758,0.01621219374843325,0.7148849670776692,0.019558544287023454,0.5535350893414736,0.047483577325413244,0.8870990820052868,0.028389219297306815,0.4035173718610251,0.046837348407700305,0.526603112310199,0.04177966601153061,0.8380675954592363,0.011735082454029605
199.52623149688787,0.008413951416451947,1.0,0.7825165605130839,0.013141377341952446,0.6506402746084952,0.030538579752420216,0.3566411576403055,0.06560636084175296,0.8984915084915086,0.048401007886569765,0.22348641210870315,0.047592360369399525,0.3851840607572897,0.06092697939231836,0.7999613003095976,0.013365162337352616
199.52623149688787,0.008413951416451947,1.5,0.7825051688830842,0.013129135662513563,0.6507545954145104,0.030659838942322975,0.3600000846925548,0.0674452136285523,0.8991697191697192,0.048896498970412844,0.22611799105607155,0.049083260699367956,0.38784335837940964,0.06260114948695335,0.8006191950464396,0.013805575538216333
199.52623149688787,0.008413951416451947,2.0,0.7825080167905842,0.013114703599083196,0.6507585660818773,0.030646227337515354,0.3600000846925548,0.0674452136285523,0.8991697191697192,0.048896498970412844,0.22611799105607155,0.049083260699367956,0.38784335837940964,0.06260114948695335,0.8006191950464396,0.013805575538216333
199.52623149688787,0.008413951416451947,2.5,0.7824980115186024,0.013114734330168394,0.6504877879693787,0.030416385496887435,0.3600000846925548,0.0674452136285523,0.8991697191697192,0.048896498970412844,0.22611799105607155,0.049083260699367956,0.38784335837940964,0.06260114948695335,0.8006191950464396,0.013805575538216333
199.52623149688787,0.008413951416451947,3.0,0.7825051688830842,0.01311933206468051,0.6507530126395245,0.030665340618356397,0.3600000846925548,0.0674452136285523,0.8991697191697192,0.048896498970412844,0.22611799105607155,0.049083260699367956,0.38784335837940964,0.06260114948695335,0.8006191950464396,0.013805575538216333
199.52623149688787,0.008413951416451947,4.0,0.782513750201316,0.013107637236028941,0.6505035876408328,0.030385939737055202,0.3600000846925548,0.0674452136285523,0.8991697191697192,0.048896498970412844,0.22611799105607155,0.049083260699367956,0.38784335837940964,0.06260114948695335,0.8006191950464396,0.013805575538216333
199.52623149688787,0.015848931924611124,1.0,0.7917706094353424,0.011325666164047392,0.635229080839588,0.03722166829537821,0.015551119763643484,0.005733214940001634,0.6333333333333333,0.2173067468400883,0.007886136910904713,0.002947061033766413,0.047491240445358775,0.019683331802399427,0.7506578947368421,0.0009008594695808909
199.52623149688787,0.015848931924611124,1.5,0.7917303815708908,0.011292814665631142,0.6351606223658416,0.037227134696915715,0.015551119763643484,0.005733214940001634,0.6333333333333333,0.2173067468400883,0.007886136910904713,0.002947061033766413,0.047491240445358775,0.019683331802399427,0.7506578947368421,0.0009008594695808909
199.52623149688787,0.015848931924611124,2.0,0.7917347098257383,0.011298029937552969,0.6358058513581213,0.036949651392186394,0.015551119763643484,0.005733214940001634,0.6333333333333333,0.2173067468400883,0.007886136910904713,0.002947061033766413,0.047491240445358775,0.019683331802399427,0.7506578947368421,0.0009008594695808909
199.52623149688787,0.015848931924611124,2.5,0.7917318243225067,0.011293678151330292,0.6358051822973019,0.036948780915524865,0.015551119763643484,0.005733214940001634,0.6333333333333333,0.2173067468400883,0.007886136910904713,0.002947061033766413,0.047491240445358775,0.019683331802399427,0.7506578947368421,0.0009008594695808909
199.52623149688787,0.015848931924611124,3.0,0.7917303815708908,0.01129281466563114,0.6351606223658416,0.0372271346969157,0.015551119763643484,0.005733214940001634,0.6333333333333333,0.2173067468400883,0.007886136910904713,0.002947061033766413,0.047491240445358775,0.019683331802399427,0.7506578947368421,0.0009008594695808909
199.52623149688787,0.015848931924611124,4.0,0.7917318243225067,0.011293678151330292,0.6358053094349443,0.036948946323936596,0.015551119763643484,0.005733214940001634,0.6333333333333333,0.2173067468400883,0.007886136910904713,0.002947061033766413,0.047491240445358775,0.019683331802399427,0.7506578947368421,0.0009008594695808909
199.52623149688787,0.02985382618917957,1.0,0.7740789401327836,0.011962002586231974,0.5692439450373491,0.03788224057252128,0.010406586877175114,0.005817575027694738,0.6,0.4183300132670378,0.0052545579635362915,0.002937446210912448,0.0413417723359351,0.029609256702841227,0.750655744754042,0.0008979235280255353
199.52623149688787,0.02985382618917957,1.5,0.7789150952587587,0.010411454511845473,0.5774207207805105,0.04269940006094067,0.010406586877175114,0.005817575027694738,0.6,0.4183300132670378,0.0052545579635362915,0.002937446210912448,0.0413417723359351,0.029609256702841227,0.750655744754042,0.0008979235280255353
199.52623149688787,0.02985382618917957,2.0,0.778912190957661,0.010416849735421374,0.5767657581171899,0.043200369833190075,0.010406586877175114,0.005817575027694738,0.6,0.4183300132670378,0.0052545579635362915,0.002937446210912448,0.0413417723359351,0.029609256702841227,0.750655744754042,0.0008979235280255353
199.52623149688787,0.02985382618917957,2.5,0.778912209755527,0.010416923896653468,0.5767628260436684,0.043199821931159774,0.010406586877175114,0.005817575027694738,0.6,0.4183300132670378,0.0052545579635362915,0.002937446210912448,0.0413417723359351,0.029609256702841227,0.750655744754042,0.0008979235280255353
199.52623149688787,0.02985382618917957,3.0,0.7789150952587587,0.010412374136031579,0.5774205219347919,0.04269956327384418,0.010406586877175114,0.005817575027694738,0.6,0.4183300132670378,0.0052545579635362915,0.002937446210912448,0.0413417723359351,0.029609256702841227,0.750655744754042,0.0008979235280255353
199.52623149688787,0.02985382618917957,4.0,0.7789136525071427,0.010419760328025407,0.5767655152345469,0.043202458438242414,0.010406586877175114,0.005817575027694738,0.6,0.4183300132670378,0.0052545579635362915,0.002937446210912448,0.0413417723359351,0.029609256702841227,0.750655744754042,0.0008979235280255353
199.52623149688787,0.05623413251903485,1.0,0.6277444931054013,0.0040424538696784374,0.3655403904007738,0.02722352154343119,0.010406586877175114,0.005817575027694738,0.6,0.4183300132670378,0.0052545579635362915,0.002937446210912448,0.0413417723359351,0.029609256702841227,0.750655744754042,0.0008979235280255353
199.52623149688787,0.05623413251903485,1.5,0.6287746365570068,0.0062939555574738374,0.36681349477868774,0.02976470457032838,0.010406586877175114,0.005817575027694738,0.6,0.4183300132670378,0.0052545579635362915,0.002937446210912448,0.0413417723359351,0.029609256702841227,0.750655744754042,0.0008979235280255353
199.52623149688787,0.05623413251903485,2.0,0.6287804075634703,0.006297863815771895,0.3674719314357506,0.029447720058012893,0.010406586877175114,0.005817575027694738,0.6,0.4183300132670378,0.0052545579635362915,0.002937446210912448,0.0413417723359351,0.029609256702841227,0.750655744754042,0.0008979235280255353
199.52623149688787,0.05623413251903485,2.5,0.6287775220602386,0.006291510012075966,0.3674713895155299,0.029446579883741962,0.010406586877175114,0.005817575027694738,0.6,0.4183300132670378,0.0052545579635362915,0.002937446210912448,0.0413417723359351,0.029609256702841227,0.750655744754042,0.0008979235280255353
199.52623149688787,0.05623413251903485,3.0,0.6287804075634703,0.006297863815771895,0.3674719314357506,0.029447720058012893,0.010406586877175114,0.005817575027694738,0.6,0.4183300132670378,0.0052545579635362915,0.002937446210912448,0.0413417723359351,0.029609256702841227,0.750655744754042,0.0008979235280255353
199.52623149688787,0.05623413251903485,4.0,0.6287746365570068,0.0062939555574738374,0.36681349477573155,0.029764704564093417,0.010406586877175114,0.005817575027694738,0.6,0.4183300132670378,0.0052545579635362915,0.002937446210912448,0.0413417723359351,0.029609256702841227,0.750655744754042,0.0008979235280255353
199.52623149688787,0.10592537251772875,1.0,0.5283260462574136,0.011006767930983997,0.2761935094499609,0.01310661675200677,0.010406586877175114,0.005817575027694738,0.6,0.4183300132670378,0.0052545579635362915,0.002937446210912448,0.0413417723359351,0.029609256702841227,0.750655744754042,0.0008979235280255353
199.52623149688787,0.10592537251772875,1.5,0.528323160754182,0.01100116275279037,0.276192967526784,0.013105536392092132,0.010406586877175114,0.005817575027694738,0.6,0.4183300132670378,0.0052545579635362915,0.002937446210912448,0.0413417723359351,0.029609256702841227,0.750655744754042,0.0008979235280255353
199.52623149688787,0.10592537251772875,2.0,0.528323160754182,0.01100116275279037,0.276192967526784,0.013105536392092137,0.010406586877175114,0.005817575027694738,0.6,0.4183300132670378,0.0052545579635362915,0.002937446210912448,0.0413417723359351,0.029609256702841227,0.750655744754042,0.0008979235280255353
199.52623149688787,0.10592537251772875,2.5,0.528323160754182,0.01100116275279037,0.276192967526784,0.013105536392092132,0.010406586877175114,0.005817575027694738,0.6,0.4183300132670378,0.0052545579635362915,0.002937446210912448,0.0413417723359351,0.029609256702841227,0.750655744754042,0.0008979235280255353
199.52623149688787,0.10592537251772875,3.0,0.5283260462574136,0.011006767930983997,0.2761935094499609,0.013106616752006776,0.010406586877175114,0.005817575027694738,0.6,0.4183300132670378,0.0052545579635362915,0.002937446210912448,0.0413417723359351,0.029609256702841227,0.750655744754042,0.0008979235280255353
199.52623149688787,0.10592537251772875,4.0,0.5283202752509502,0.011003239303945509,0.2755350727899419,0.013445514374019515,0.010406586877175114,0.005817575027694738,0.6,0.4183300132670378,0.0052545579635362915,0.002937446210912448,0.0413417723359351,0.029609256702841227,0.750655744754042,0.0008979235280255353
199.52623149688787,0.19952623149688797,1.0,0.5054479995288922,0.003264590152975289,0.2587838003192818,0.0021501603599918,0.010406586877175114,0.005817575027694738,0.6,0.4183300132670378,0.0052545579635362915,0.002937446210912448,0.0413417723359351,0.029609256702841227,0.750655744754042,0.0008979235280255353
199.52623149688787,0.19952623149688797,1.5,0.5054451140256605,0.003270610195080712,0.2581259055824397,0.0027957307148732463,0.010406586877175114,0.005817575027694738,0.6,0.4183300132670378,0.0052545579635362915,0.002937446210912448,0.0413417723359351,0.029609256702841227,0.750655744754042,0.0008979235280255353
199.52623149688787,0.19952623149688797,2.0,0.5054451140256605,0.003270610195080712,0.2581259055824397,0.0027957307148732463,0.010406586877175114,0.005817575027694738,0.6,0.4183300132670378,0.0052545579635362915,0.002937446210912448,0.0413417723359351,0.029609256702841227,0.750655744754042,0.0008979235280255353
199.52623149688787,0.19952623149688797,2.5,0.505450885032124,0.0032645708374550546,0.2587843422424588,0.002151158702351523,0.010406586877175114,0.005817575027694738,0.6,0.4183300132670378,0.0052545579635362915,0.002937446210912448,0.0413417723359351,0.029609256702841227,0.750655744754042,0.0008979235280255353
199.52623149688787,0.19952623149688797,3.0,0.5054451140256605,0.003270610195080712,0.2581259055824397,0.0027957307148732463,0.010406586877175114,0.005817575027694738,0.6,0.4183300132670378,0.0052545579635362915,0.002937446210912448,0.0413417723359351,0.029609256702841227,0.750655744754042,0.0008979235280255353
199.52623149688787,0.19952623149688797,4.0,0.5054479995288922,0.003264590152975289,0.2587838003192818,0.0021501603599918,0.010406586877175114,0.005817575027694738,0.6,0.4183300132670378,0.0052545579635362915,0.002937446210912448,0.0413417723359351,0.029609256702841227,0.750655744754042,0.0008979235280255353
