id,label,length
b64a3a015bd232bf256e6b50fde91fe4e01b3a55,1,72
8f12c955d12e10059404edbb7b0e1b2fc2385e28,1,80
7323ba6e2fc96e54733a8f2966ad6fd4dc03390a,1,72
4db2f84ad34193ef234e02dbfee949d85bdedbbf,1,355
8be065dc786cd986202fb392e3d41a5e861969ce,1,173
1c6a212ede270d11e42a9dd27f61d71d60302be9,1,192
1479d60c78d82eba910801d30fc52ccf729e871f,1,64
fb4748005ebcd2ddc64f04775f6c43db028caeaf,1,74
85b03f54f3563d93c8fba8e0c454c81999ddd1b7,1,114
2253bef58c24d661decc100a367385b10fed341e,1,241
f1cb6141b6ba5854bb9a61e822c14ba8523f8db6,1,91
d461dfc2b9b006dc4d9131bc8e493cc56fe603b4,1,82
be295b8e5785f01885ec580ba3a79fe6f8fa738c,1,109
925f4c1d446519a03453f9e6d72cce07256d6d0b,1,115
a5296267e32d69d52f4ce10f84110fa85c48c342,1,190
50ad2b83a89e05d3e359346223fcc02bcc3b74c9,1,134
b99e0a21a7db35c1581aaad4a19d3bc28f726d2b,1,216
ba3e4604c1554a5cb14179b539eb26b42eb54c6f,1,155
dbda7de1fda0dea72f388df9e44512a7911adee6,1,290
6e65c8dc8a18fa973aa200be41646b20324c9d03,1,178
318a573293bfc9cf8e06bfa6647c44702ac72433,1,207
4e15d7fa049c01f835205e1e45f6c683fb800da0,1,190
f70be7a7ae7f3d8e4f2ee9e201ec2b0cc91d06c9,1,96
e84b8e2ac37f0c7f8e1e3b77a231651b95043e76,1,115
513a4d3f389a8f4fecb94005625abf0065c8d4ea,1,119
6caa036b1f66f15f8e19c39ef7348adb22e6eaa4,1,144
c41ae591ac032d7c58e7b521e2e08024de982a41,1,143
96c64de86f2b9138a89d0eb29153a61d32337fed,1,95
972c8116b7050ae2f40764586d85b4404351f3b4,1,163
d593943e2bb6f944626ab5859fcfda560adc5885,1,284
67630fd188aeba6819cf9b4f7ace63386e56e7d9,1,232
b70e63a7c4f753197f60c7c0e322298944192468,1,132
089428a9542afe05747c827961d72417ba1d263a,1,220
6420a4836508892c93a8ce4d8d55a73700c2b9f5,1,141
147c6371181641fe10417d6830b56b616d25eb89,1,224
c83d205de0c53b71a246a877afe9e4dc6328c3d5,1,147
c3143386be2850dfb056367697331ae5dc857284,1,85
2afbd58ca4417d29191e0f0f428c83b08cf0179c,1,102
a2ab4f88311be09e73c5b353349b78fd27dc44b1,1,102
fab93c0577c26213e2c26cb9627c90271504523f,1,108
945acbafce5427b9955399716c170ff4d6ae1de6,1,89
8ec6a588ff268af928352b0ada1a60081ec119cb,1,70
e3455ea194cb756df68906ba1bd0ee99ff090001,1,54
65633cef644faf3f7f7df3814eb566213e49be0d,1,119
df2d066a69d70b9f5a46df6c49784fd37d3d6a68,1,138
5de5dc2048bc1a951a7dfb5a25a494d8f1cbdee5,1,202
0f3f81362a360598168a24d4eac40199a481747b,1,198
becdd1851b1fdaa618605c6407292ff25bc9dc77,1,333
61e81f34d976da6874a787a998b3f27cb2b6eb60,1,224
97b2ecb1d971fb4244264e168609d11555b0fbbe,1,348
d5172b122fb65a0ffe1bd3ebd7db59f704420b83,1,179
5ebc7b1812533d6408ffd82d52beea6f79670c03,1,73
de6cced420113271818832d3a4ee3512fa63b6bc,1,251
985bcb89bc209e82468efc3800722625003c14b2,1,230
cd025a36a77d50e9b88eda26f82cecf1e00865e3,1,358
9b62c3ef6f7d9da9406b7c9bbbaf6101f4f2a925,1,185
a3be3b55e53263e3978f1a2b63233a2cce618932,1,141
02b2bd9e81fe2c39a78d5f664ea32ec604c3bc99,1,386
e1f7f2d72b78778f84967104c4d1c5c9a868bf88,1,316
66fa01cd0b715be24a80a1a930b23583c5de1cae,1,709
39f82ba426b4861edcea956622e98ec05521e2cc,1,126
34ac9ea7908444695b87df3e6c9c98a01ba42592,1,214
a8d7eae7c1ce9c2eb8901a8155a24aba3e051563,1,193
fc6245361c6da22416e2759db2c4daf2102b9e67,1,232
8a15328c463fdca5c3d98bd3d22771fdf0dcd169,1,157
15369d17ded6e8a42ce9d021c729ff49f6d355c3,1,165
8318cf5232b20f9223ac8562853bb03b93720763,1,167
01a557947d067840fbf82ede666d3ee91b20450b,1,157
578bfca228959cafe57cf0fe089a83393ecb986b,1,178
c0c97641e925257e54ab2e482ab753f2148beae7,1,117
2a6d100ff99759e407f25ef03382720b4675397c,1,230
6d6005580aaf2d0f5cfbacd7bfbce6f30971f3a4,1,68
aa49bc4f0abacff0d6449773962f8893b58ec36d,1,82
533b84c8b5276938d4146c9d69cab70b418ce324,1,137
6de0e349d4aadae35a5e3eaf91ad86ca05fce97d,1,639
d80b6b7d67e4e1e713dff7747789117478d20390,1,163
ae7e5094acaea0a3a22468ffddc69c6062cddad4,1,299
abe54aab5fa5486c9a0619b07d213e184a45c293,1,231
bfb9fa0b1ec3bcb27007bdb12e9b290731fcfcdb,1,189
1b766fa09763b8db184c4acbd88bdf1b7ba105a9,1,110
5e795cc86955b936daa05e44525b500cb973e230,1,268
d2a3ccb437133eaa5fd0c80c4e14cbf137cb4dff,1,382
cb3502bb9bf70f590b46d5a7f087caac0853245f,1,102
4d5d3520bf8d8834cc81f62cf6cc30ac614edfb7,1,398
2ad80c988cca938e4403dd04c93a24da782c33bb,1,388
f14ce962d0963fc918ae6ab71b6cd9866236c0ba,1,308
dd96087058ec3d35500a208683205d30f57fb4aa,1,112
9cbdbb11a159f3a67a84f61e45e758c02da16827,1,202
fb95cb95b62c08eff64b86505a168298e77e6334,1,110
ecb8a8ce9f1632ddad280bf256f5c2676c1af21c,1,230
7e6dafc6b630bd2dcd40a43c4f5d9306c9819650,1,245
7a86bb769b1a98612b283dbf22f3b64ba3b5309a,1,194
91631744bf5649dfe231bbec86ec35d3b91959c8,1,177
e33406703270aa77ba8ff9b715ee8f9b691f4cc0,1,145
d279b2e3a8ce518d732cf3b56d5e05d5ade6f621,1,303
1c9860b0f53899a28e043b3273ae2288635114f3,1,140
9607943b7fa90b1bcb2a039debea5740d3fe3276,1,140
5b0a5c46a4a061f6a1ae0cbb8de37ec524c96779,1,191
a8910b198024a6c10d050fc62af41989a82fbe49,1,175
2ea3e8a412dfe8175394620c7fcd0781ce66c0e0,1,78
772ff93f2f6d38c42520b12a86a0d27f00433a81,1,121
d640df66b286b9151bfbb5489733372e5501ee21,1,160
86626e8036f48e1aae248ab3d3b87d2dde7048d5,1,173
a1157e6f96d58f927b3a522f92056bb20ad6916c,1,258
ab20dc5d6e3a517e25aa0a9b38dd53bebd9e5e47,1,171
1fd3dc8ffd21c986b569e842d65cf4b13b84efab,1,153
0514df95ebb8a13899830dfd4cda9025281eeddb,1,126
cd48b7bda7efadffd65f60cf2d9afe748d3d1d76,1,293
9fe80f47648945830a401c12a88f7e83de272724,1,232
6b9e2aeebfaa495910d3d75d62979279e4712d5f,1,285
a8b0e6f854646ae39715339474db16db22542b69,1,148
0d7a29254f589edbb9107bf927941fd8560c5bda,1,900
10236a21893d9259836e9eb54444e3f23fea8509,1,261
c3628d055b9205e6011d58cd0b534ec8eab64b0e,1,161
63409d2f270bedbc9576672da7ee1784441785da,1,197
b94753755f36404c7ff5e9178253b439b0fd43f5,1,179
51f22e375e5a51cda93aea0c4d3317b3f87350be,1,140
f53f8bae06afdeb1d25864518e9225b2a1d5e404,1,368
8459787eedbec92981a94c9847e182fbe437f8bc,1,392
1a1af94a54fac1512c03e047653aa782ba1b6932,1,332
bf05cd1c80a7230a19bf9545a44105a0e4672b0b,1,105
2925250ac91cf454da62d4b259a11921c36984c2,1,156
fef742bf2a81e2440392d4ae96c3e291e812b42a,1,364
a9894f6221ec8bad37e7aecc2f3f0d5b6e47ba7d,1,235
2a3bbf76bc7695cd5ec48f49725e93630098d420,1,224
145c123de33b5036c8ca11965f8b789e6026edf9,1,213
f409d882b0e3a32b0a1adf70e40d97557e6b9cd6,1,236
d407bbf16d4b63e603ec4e5f4d41fb0888aab445,1,147
3b7d8d7c95b58c9b9c8ee0b7e21154d52e68d28b,1,274
27f3662e5170f32918217a44251c1d5dae1b2b9f,1,208
867a9cfba9bbcac34e011484a7a039c05fabbf0a,1,131
5a6e41a2d372bd0bf4b2d28ce8eb68dafae10386,1,149
ead56fdbdba8d282940bbeb8d8fa9d2b16bc764b,1,191
c5b24a98d1aeb4c1b081ea3535fdd94ee835e9f4,1,148
f53bbdab3df37f0f40643175406b53c22616916f,1,231
aaaa0b1a70262583f93c0fe3b6a68a95af7c023b,1,116
625798a8285b72f57e82f5ce8b9dd2293c1d8dfb,1,104
c652e0496014a36773e34ee34b512cbd9feb2421,1,130
bad4c08e1846834899acf30ad247962185bedbba,1,641
873b29a4e2a68598530853e1cfb402c4291ee5a1,1,162
f6e6bcc5bf46ba59e17757b5ff7f6c9de9acfeb2,1,336
1fb20e60995c3acf4a9882f51e2af6833131f567,1,314
10594d62f0d8a9e6e1f1033a49335d850c504cd3,1,117
bc89cd4a1932e3f2c345642c0b6fee3f3f9d2b0a,1,176
35aed662ea275735b92ede404f294a402a9d4ead,1,166
62f356f27de63170ee3fb6a7d53aa91048dfbfd6,1,150
e49c9ec12c667ab255cc08aa0294ff291602007c,1,220
6fa2c0dfb81b1bceb4244c4a1e384689eb8122d3,1,292
8f52251f1de9b48e86c7ebad93d312c2e741c93a,1,132
294b8fcea5c8478987259e0f302232a856b30324,1,116
72fc8d27c7835941b9e689f532ed270936822a1b,1,291
f2dd25d2b93caeb5f0881837d08723c340fc264b,1,88
3c04ba2dec150ee4edb67d5a26c963fb8793e107,1,177
88d426e42948da34a5d810edddcbec3da15f1253,1,118
d4abb026708fec6bcf74751446675768562c7c80,1,122
8a716eb1ca30d6cdee5980e76c4c75eda3a0725c,1,119
65331de7d081ea1cecec9441edeefdaf0c456e4a,1,63
ec041876d841c35f42e5b4754e255a40599309b9,1,121
3bfbbe6aeeb47727192184583c59c375745fc1e2,1,203
25b0585d31e264c762ee983797fc62b7d3d07b58,1,205
e49191d9c75407a41a8e354398a28d3034a56379,1,131
194393daaca8adf3c00c8570109275bbcc5b6e67,1,250
ea89794e5aa33639c877ce6a1ac8ec0c697b6c14,1,194
d7d72929e317addf4d2f9ec822cc0b58e641d34f,1,125
6ee7668d365de7c20dadb5027444dd32eed918b4,1,248
c7453e8ea8bca1b366a54fd191de75992ee8643d,1,373
a37eaee63ed1d7cb8d961e2cf4dcc6f97065db09,1,182
9882a8ae0ac1185385394ff00c1c4bca85687a65,1,366
760869419410cf5206579d9d57e05177ef6bf9ea,1,251
4d38599dddacc9dba74e6f4d0725cc44cbc0d85b,1,181
b3c2cdca165de622a61e3d5ee6200f4d41693d83,1,141
893a120c1861f3c626e1be38877000543b60919a,1,163
52bc0a71f50b846e273e38af15c9a64150d3e2f7,1,164
b86d65ccd805c00477d885cd8b4598cfdc0bdf0f,1,140
b66933e434c1611af492dedf9ba4e4134939207d,1,325
f7e8fe6a6b05cdcc6dcfd5ce544ef1776f43fe05,1,128
331cfc0d5edcf2b9c1d4eb53a6a913f3e663e952,1,105
563ebfbc1db6e1862aa8cc4b2d59e0fcc91b2dc3,1,182
f2c94fe304686981b3ecf36b627ff09e5852a5c5,1,180
3ecbac774d853c74e9c8823012b06d9d3c250edf,1,150
52b199b7e8488d0861f97f47c58ba1aebce9cade,1,145
91c8ed60aa9b5348c0469a9fff6d35f01b13b6cc,1,584
974422b6fcafdd84e62103c359015d90c3c8a5bf,1,115
ae19c4ef670f7bd2a3e00171132c503aa75e4a26,1,74
ad5d909fd6bd8dd1e007526a4f81ae04abb74d12,1,181
1a4581320c91a8177e57ca3282af238c33057eda,1,311
f915477b4c18bcaaa5534d44eb96b56ff29cfd28,1,187
608a0cf0d2e8416b8d7cd2b2f1094703650e295a,1,311
3df262825f202497619b4f5ee67d9323b890ec1d,1,147
255c0533e50f505a280485b8725fa7b0e9b139b2,1,116
c996ad6ba546ce4ab1c9fb400461c4c40d2cf842,1,287
3501cf7533c9ce550956350e2dd45fe023c1fc53,1,103
24974e7337dda85ad6c2b058e51493e6ceb67292,1,198
2f374c234d6d69f177edca3c2b0b45186b8b50e0,1,654
2c2574b5e6df71a27a31adcf75bcdb87bc0bd19c,1,378
ab0a5bfb5a421301a52f0436ff5bc4b8ca310840,1,423
36b95e689d41ff198fb7490e3f529f8d146edd41,1,1222
4d0733a37fe1306656b2a2313f4fa9092d70a48a,1,606
c617b402c4974201e23e4ba8b3161f2d70831e72,1,174
2460a98738c70db0a1aae4629c8a05a929f597ce,1,340
2c44229c420760519843f2b9443d743fbaa590d6,1,97
9c205c14abbe362b9b1a76cdc5f31debc22ba882,1,321
6dcfcc5e88e3b5270ab0e9ca4b9ddffa3b9927fa,1,393
ce454ce5e76bb10d2e62fc24c5fda296e5cd8508,1,158
fd9d21fb61f9bb23936bb277bf64a2d4b0665a9e,1,270
fd4929c579ac919d4d86e6487b5a0b3c2b9fc9bf,1,153
45a5b30dd881e3b65b90edcd6e51c6e18086b586,1,208
c85afa9b1e56eff48b4a933b6a254048e7a8c045,1,118
7bbbb6326ff41c36405401d9ef790a23c5b95e74,1,401
95e2afbf1ae7ea372bae180b9c679ea48eb2f184,1,122
67c45546ac4eadf6c91d560b5034990c86bf5a51,1,279
b47b62e943c731443b4414090fdfaa05289d5f7e,1,152
bf619cb75299ce8e28023a427584420a9277f895,1,228
0d1ee19b1d1b674f53088662d142f3d96d72243a,1,431
bc8b4d77b5eeecb3b5bd9b4d7782733198b17c26,1,203
8802037f5afb8e3b1ee645762d5ff9ea9e2badab,1,149
db21a5e1e5e1a50870b729326ea9e7d7783ac469,1,146
4c02355a1c06af64fe940c406d98587363dc0c24,1,167
a0a3c4415199e30509c4af87a5fb5d0b9c455a99,1,768
1621a2e11fda84f41c4e0052f66c51fada417076,1,204
65b156d9fa3d1395e623b680c2556346e3e6e086,1,100
a3d2a1a0d58fa42bcc444a09d8770ca5bf9db9a4,1,114
baf08eec39775cd10b56d1eca2c552dfee84ed82,1,599
f3bfb0d5421d39c9b00aa6e7fdd63a640456cf07,1,121
7ea55132c42298a070e5a5d4b6c454ab1637e501,1,144
da7f2e773282532114ac2b20a853ac5850fb7922,1,291
7ef2dfb63e3adab514a7fc30e22eddc17da7aab7,1,138
8eb7b65b12b6b70b7a07aadb55e87d5c2e22a027,1,135
194af2ac41ce05006754bfc9f6a12948d3575b89,1,479
75439c5b05dc53cf3943337787ea954e8d2d8b83,1,125
78b18928e6d667ecd80649326f5be7241c75340a,1,314
8f29d1a91b55359bc3f65fab18e9322d2e027c18,1,220
8e199c84aff4b3a6cad25978a39c06ed9303bfa4,1,123
977f84d92a25765959e81a16e0aa4b621aabbd29,1,227
e0378bdcd9e354f83a4f95bc58c5662ae46e2d68,1,210
0d71c4fc7d6688f893952e400089d74ed0b2c6fe,1,106
4c621d4ece54677cbe6c55bd6ecf292d1b47e1cf,1,121
bd6ea895faf831068805d9162008f73bc43dede6,1,111
f9ee8a22eae8076c9d26d0198c8e069dea4c37b8,1,324
0a70f75dfad1faf55969da5c6ea6afeb6c679a2c,1,367
7f62b9f956794819afb3b83e59359bdaea94ad80,1,185
15a139ec5c71e5ed0233003bb612d7120facb13e,1,188
593f901ba8d77f3c6682472ae6ae44fe7c954e6f,1,228
99b861427fa5df14074f9e6717811e1b7a72ab6b,1,345
6af8ea068c32d725d872ccb3c39e055399b4e097,1,215
6e51e8933c436701a006050baa448237297a9349,1,137
8df5f7ea68e252165bd17e05b70b4f14921a9860,1,162
7039d14ae595352929f8332aee9b0d4a6482a1d1,1,316
889ca2dffea52f9760a1561c0d4731212e2cdfc4,1,513
14f5f941e96fd4248cc029e90c5ec7acf5e94380,1,112
03854a600f3c969d64521cd211f2a14a0943bb54,1,114
3b6588591e723d9768405748cfc867a0038976e9,1,422
1daa7c624734a9318c640b9a4899862169debace,1,316
b9c70c45b38864b6bd72d6563036648ce0871acc,1,155
cc0ee1d9790c9fe89fc1f42f945876a808b2c376,1,344
4fed57056cb4e6ca5a3d8b9a67570c76d42ff408,1,135
63f06f25da730d9ee55d60e9ac01467069200e8f,1,177
268bd9c6925edde2411efeefbb35fff200d93c72,1,118
12dccde0eb8f72ba3c7002763b0312df23b91f42,1,235
e58210341149e1d982aace540f1878ca7eec64f3,1,869
f9d17d208d7b059c74a3218a2bd525bd995a1519,1,97
e5f2a49193f06364405750a389c6e207fa6a1f23,1,169
8bf21d77a3003248bdfe501550d4c60d0f6e05ed,1,556
c0b97b132027df9ba67ac1385477e9179d7b792a,1,237
8724dce0b2414a2ebb05eb3cb4d3fffa87342055,1,579
7273641911e93014ed49021691e0c073a2e1b6d4,1,150
6ec5db251904378a80cb7caf5567f26431cb7441,1,126
c56111b619f35ead450f84a2f197df0c5e8ca338,1,149
e7893b15e4a65560093d7e6802ea3335df3da242,1,241
91961e9330fdf7b3119ecb53001be683cc702b03,1,237
a03cf418908dd15379e7491b4685ab212ad697b9,1,257
f5b160af5d5a9ef4e3cda5d0857d891e2bbf9a82,1,147
fc990ddb794f770f2e436f5e67ed53a4a01cf6fb,1,589
6b77ceb269867385cad4ab32b3fb563bf5504796,1,417
2d8d29761466b2e3439959a1379964c8641d87e3,1,144
50ac9168380f5ba9db525abf261a5a4c7ae88400,1,593
fa59018be26a67d26c229015d72d5f3af651be48,1,103
0812d64ce302450427a9cd0b9ba5de5c90eeaf84,1,702
037710ba3f86d9be7dfdc8c1db6317fc5f1acdec,1,1155
2dacb2f36598c465a7827f47150dfebe73132790,1,160
5dffe763f5748bd22f2940aec18041c9c6ee4f95,1,124
a8c82a92178533660e6133322b428f56fd848eac,1,100
6296b1a64397f1035d4b5709545588c20eaa7d88,1,238
fa06fd4e190c756fb7be6b1a7464ed3ade751277,1,157
cb31182a0839e4efae9520f05e068aff01f69dec,1,360
025125d7b8d64831a2d5b5243428c941873b842e,1,368
ed370b16897ea63a19fb6a4ce242481340941b38,1,122
0cbbeaa3841e712cd6e006b8fcd3decc6f5302a0,1,146
dc44a66f3b3f0f11120e290031323ded281ff9ab,1,114
a470e31456a7413a28adaa6de83a8ef288961939,1,126
a9cb7671289daa16b9f632d4df8ebfafb301ee00,1,493
48438732f008103f8698e1ce2b0931d0c72741ec,1,118
8994727928304e852f5706ffb27da7f91d1e30c2,1,264
2b035bb719a57639f2ee2aafa25fa30a88293a62,1,128
ed6ebc7f6c347e8a71cdf0f3e0943bba5d05dbf3,1,237
d32e801841f14900f582385b2e52cfbe615b1432,1,153
7b7b4a7f4a13fd966aeab863e82fdac1618bd9c0,1,126
6e23c2ab30ad6fbcb128f052dbe3ab058c027da2,1,191
5b981cadc60c27a33e9b5e448cb92c63d2181f7e,1,102
7dbc1b6dbab30b8b2ac610a2e7bd95490e227b7a,1,504
8a3fc17b9e21fb72963972337fecf9d7d95c926c,1,227
625898762cd5bc31ae1578f9a9c4a646c4ed879f,1,842
e543266d3bc6d0500532cb4eef448e1d5c74f8c0,1,255
201a7226421015b751338a683f987d6edefccffb,1,232
de16dc036461b6dab9ce59618437cac05615f9d9,1,548
dee55a3119c954e9bbd06a49a8b160104902827e,1,113
95a021ed8f733e4fa5d0f35f3b6b36687db8117e,1,1353
decfea90131ca07e461a0ebc966ce871ab1ae562,1,122
b57ef4d148bc1acf2ad55c4003f941e2180bdfec,1,632
02a71b2846ea0ad24430694ee3fc0cf7bb6c6f60,1,156
1db8384ae7528933d87473ce731586cf3005813a,1,707
99cf713a4e67fd11276d30a87c672d8e5ac5b822,1,1009
5982facd7a7368e419c6247a58d1c11cf00b8dfb,1,102
ff86be2c69ae1c5aa6aa9048120e276d4c22b50f,1,315
59b9d5787416c8dfad5a34e03216f22954d09943,1,1491
e0f691b4a5c006a1326f95a669fa7e830c09b0a7,1,651
965fc74fe9a3e8d15b06f80da9d318a8d2a5b9de,1,529
82f2d13bceb8b626dfbe0087603e273f2d1c3c3b,1,1513
868e386be758a46411c86d2a064b9c78820bcf3e,1,131
a5efd544156253ee96c960eb26cb31214c6a9bdc,1,132
af89b668ca41b5787113266bb32649d7c0928477,1,104
2cddc5580842c48106f8d4e80ac949ba7a7f90d9,1,150
13ccf207e914693a10d2ff5228875deb7dbc8a4b,1,210
c72c68842dc8c4b0008cb29e52ec181141adafc1,1,114
695252d1f6f216695e791b2df621d7535e59c5cc,1,114
9a5c02a9d22dfbc0928bbb10021ee5b84d99d23e,1,162
f3b594b09f17583dbdadde009bae313a2da9e66d,1,270
2633f9806b5e0542ae1adcc0431ab25eb466265b,1,481
5ec34c77f8ceb27a446210681ee421e04bfe803c,1,238
df2c6a4c4d9efa59dc730b4a430ca3d47bd0b3a7,1,1181
105e669fba4e4a909410d588530565f053f81a29,1,456
45cc7d4299f751d7fb06e24441b2f4ee0316246f,1,137
cc9162fb31204d9f83208606027429d38f714648,1,235
8af1b03ce33a88de9f210a0a2c5b42a643cdf5d7,1,120
a5c3b1973b9b75d542bc38347940a10c2266e741,1,151
9675b7c252a86d70997ad43363bf30fe09ebfb00,1,124
fa5931116c1d95589f802fffa25310bc7fc719c4,1,136
05c906b532299f860ac9dc2777d04023af61c6ec,1,101
d961ec667e6321dfa32592cf3742676c14dfcbfa,1,76
6f1b68672c3497b6b3aa89e15679368d46ced200,1,264
b372d5ed11ce636b6fcef9ce72b8b3f9c892924b,1,176
aa0b54f25a8a42a6681f21d1e5a47c3fd99cb125,1,236
4e11bb4b4cadd4b7e5514ba5afa137d4a96cd209,1,113
b93a43a90f0ad0155e50dd35a4aa92dd6fd33154,1,125
ceac6e3f2dc5ea7b891562b454e5ff061befb5d2,1,103
99453cb077ebf9b8f9095def2ae79583c155169e,1,109
f6d089fbb185299dde220b23d94d20c9773d6dd5,1,128
2639f145f8b4c408c56c41160b43c6f07fc192e9,1,101
c3064a93c67da78bfecd878b0be5655a38bc123c,1,167
3e7b803dbc7d6f03bfa28d36ac91e8244664bae5,1,109
0fb14573517df5e7940f619702a81ae97fbb6bff,1,183
13e646ed36fe943a0e9b84d52422a4133ed3d0b1,1,147
3b0bbd235676a800846fb04c2b4f833442f1896d,1,188
d9fb3c60e13aece18bb4d8c3b1afa2293c134a5d,1,110
137790f986681d854d13f9790f3fab202a11beac,1,147
2d2ef15430c3bd82e4b68d453e50932805ae50b7,1,129
eec8bd14bb70b448b1c2cf8c98d04d9667f7ca97,1,159
1bf905c0074d229022d2cd4e7e07307c9ca4ad29,1,114
6e42e96940e3e7c6040bffd6e95250c6fbbdea9b,1,123
b6a54620c3f52130d1def7ebb98db2d1bdaf1fed,1,92
020bcc9cef6c6ba772ee0cd116a120ff662ccca6,1,197
1c259a5e213e089fc0696f559c856f1e20198a2d,1,102
bba9907a128ffd78a357c28110c333b616ae434a,1,197
f3a4940545e80db336310d38e2ab58d5572da567,1,517
7f0ef85ac19db5a9d4db7e14c793702939c43601,1,439
77db151823d0851ee20223a84469a73d7fcfaec1,1,451
2d8d3a4dfcc39e6100423967c5288524baf57a19,1,131
7715422608585956a4993027d0512f93901c3c14,1,273
ced89b315ca782020e38fdf8509ea2fb9c34a64a,1,160
bf1ada54c658a9f525af4edce5365bfd7c566c11,1,306
3224ec20e684138c42a33cd87d52e66065f6f960,1,111
a059e2bcf58b6b36cf4e25ae63b8d4bef71d3636,1,278
72d09d53366e3227d409fcc55f4322329c2124a2,1,279
986efae1e542de80e863e4a09d7cde6f4a40a68b,1,261
6fdd9e0f75bc9b19f6d5da306b1eee06c90baa9e,1,149
10095d3dae260aacd0cab6fbb58e93f651586257,1,193
0d4839922d1b70eaa67d3402f2ccaa0677ddd704,1,104
62bcdf42909e065f14065c4b783d1da4e0fae4a7,1,476
508c1df86600e13eb7c65cdb919527b8a529e381,1,187
2e3dacdc2731f7789cd7b43d1a730e8d05c308ec,1,119
ddbdbecf821bbbd09dcd9f9597f45f239e315a34,1,134
c2b1f9df91fe40bc13b1bf573e87ca46d19a084e,1,194
e2938b42f3e3307043b4b60532a60d7150e7ebde,1,285
cf663811334441a77b796c2c5bbb5341044cffca,1,349
933ed1dc698d766b0456f9b04bffe08a42b3aa2b,1,519
dfa53a63bd4d4d083fe70fc367efcd9f9eb85981,1,502
df716efdcb2e5c90db464f57323810e0fe815b8b,1,820
c183015f712b01a602c8616aecf9dc711baff26c,1,754
f421a39348cab97631cab9bf21d8d7e9cdd8ea11,1,582
b8a5aa0ab32b8a6468bad683e3bf2bf836eee0b2,1,355
6ea2763456f38572df587e388d1f7bfb09f7ed33,1,130
241d2f5658516a31aa3f78615ebcc2396f36cb3c,1,241
79db3c35ee2269c3d6ee11307d63326bf576e8ea,1,142
bb5f6eeaf64ac04f3c19c2833da90a71e8d8ba6f,1,163
ffa14531c2fab26fe97b9c0d47275f2ffa761b18,1,292
132e10ec4c27fdf7d5e97b8bb372dde9f403d412,1,154
ab25e3c73ecfa8655659407a052d7836b50a4b0d,1,371
f106a72adc6544a5c5011453279c440e03fa1f87,1,239
f7026ea67013f59d42f855ee8abb48b23def7100,1,418
1cef4a9188d7b61282e34e1f06388abeee86d881,1,621
f87b0bdc47af7d82607f2846b1b10335deffd426,1,735
b9fe57feb8fb2aa759abd0d0994052b843bbcaa7,1,391
e1df292924fd8552b2b70c447e568597c0212354,1,287
16285b066038e70279cabd7f530ec1208bbcf839,1,466
4205c456a9b4d49ce213f3a8f5907ea7bf2cd5b3,1,198
492fc8a3444ed20acd10978dd77ea28260725ede,1,100
52305aa1d2388216c733c81a51a2e1c9c6949349,1,446
87e6d1569a3708775ac2d46ae841ea95e8d8f77b,1,671
861991bb8eaa2d5f95eb29c619a9ef2ee1734878,1,109
d6958a559dbf689e8f7317274fb21c263ebf88ff,1,280
d3ba6b0cc6b2601e9c23a705e0bc049b7a7a465b,1,484
c3bb88a3f2b4e602a5f485d8a467bd6c60772231,1,366
7ede20e834ec67402eb8d0f0895ad103c6df8d10,1,226
0a53a111c23ae24ee3e09d4ccfe992f114decdad,1,461
0cfe837c8dcedbebd6f611bdb6c30dcc768f7bf3,1,154
c00f8b0ecc41f40dde3177b837e9aa80a6eac28e,1,171
6446ec187c05c230a4b68bda57ab6e3b3e649cee,1,198
ac0aecd3d2ed3ced3b22fd77e02bfaea476dd4b1,1,169
dd831fde28cc143b58f8cb844904cbb28bef08fa,1,491
3d3180a15f73d139b6f4c0da738b465f34cabdcb,1,531
4bfa2978c8a77c422d06026e69327a64c741994b,1,97
6fc5d867cd1faa2c9419d81746c4a77ef9b48897,1,135
b7479635f51d02c5b32380123e2404c3fdec8ff3,1,146
8077c19604220ec751e15b910b91a64287769714,1,514
1c8b76274ad64cec18746d85e76831f3b7cdef46,1,814
ffa7281e61a0b281ec3c75cfae122cba36dffbab,1,127
9a28457cbf8dd5835cf9708fc3d15315bc64ceb5,1,260
a1c278991374513b626527f8f15e275736ea7376,1,187
e95dbb29379c4bb63387fcb36390c261a07a16d7,1,148
d8f08c68d796e2d259caed188d75d898572aa4a4,1,658
e890d2e1ece6a7b435b792433bbc20d2bd7075e0,1,98
713bd702236dd23d9c0740fcf5039739d07ad77f,1,150
d9d6d781b5b932f31cfccf505e916a220e6acd3c,1,654
2aa46c25c60daa48adaaca642889fa87c484c6f2,1,164
79d0a1f49d5853d4801efaf64f65a56e018351cf,1,363
6becc38ae1de0cf9fc7f0f6a90487cd5e03d0e98,1,385
ed698e7b6a30a8583350cbbd41399461c0cd1923,1,77
b41d9b80524f1b2b1ba539361f80c6e28a9863a1,1,467
141cc744040def5d8b795fac02c08ad938a18f66,1,145
a9a1b3b389b4fcf2df57cfae72bbfa35b57bdbbc,1,322
b646c685ffe30bf7c9725bf2477a35cc214b8e66,1,400
d2af9d22bc00db730f6eda258a2053b3bdf245ee,1,243
f3441539c57f51fff55be3a37c6ca750784d0f78,1,136
870145854eed13613c2a81e1d84fa7bce184b614,1,171
0ac1ebc689f57a2c47ba26042a46bae3c39580e3,1,353
6d13ed3fee7bbabb5f7000943b0972f8297695bd,1,85
60e8bba9521465a3835259c73ea0165805fdd959,1,127
022e0df73256778c3efc436142ef72d0b6afae29,1,376
c451fd23e355840445819e54cf22731756e72187,1,288
7f6452f6be1ee92aef068bb080b28584c9e6506a,1,144
35d61bbffdacd5bd3ef328d9406d8fb6205be2d9,1,108
cd81b4743b999e1b2297227a8704d412c9567203,1,131
aa26692ec6a462c2d72b97811539ae76801bbac2,1,514
968a97a4c27a83c456999ae8410c4ea7b1475715,1,229
bc90195dda96a8a32b2d93dd2a75d30aba1fc454,1,213
f145e78e0a5c3de62fd5d5040f83bcbbc195705f,1,202
4b71c0883842b92bfe93082428378dae599fc463,1,118
07529cecf6365c8cb7d11b48c92c7c26a231036d,1,153
4765b533268a79c17a34102872f0055b334a9e3d,1,212
fed4c943707fade54d192d8d87fc31e78cfca734,1,202
28a2c16feb4a816402ec9105041553eadf702347,1,129
3280463ee6906cad1caa418bb37acd9415514726,1,190
bb2aae98f3cd72750ff49a1c397c00dd25066d56,1,115
f955bbac6f40522d15332192dafb416912c2c403,1,759
96fe34c3e2ca2e6817d9a14d1049c737fdf8d540,1,190
17b4f29580e6c90353a47fec2a92f8aa0ab6a940,1,638
84ac7cfd9b9eeb70270fc1d58269c9f6d6ce2661,1,204
93fec8f838e967a45407200a44f30c080021338e,1,527
0f79d40f98c5af3becf07a5cc7f1b06e1398589c,1,314
95c9a8a95c38bcf44dd5529cc17058434a6c13a5,1,189
d10ccdba6fb540d7c2d7cf10287f55b7dac66f45,1,270
223bc20ec433ad03a3868db204fb6c39d8502ff0,1,301
1a4a5ac241e2c618b8c154d161668fd1e01f3326,1,318
d39eb02f504c0ef2be8fdaf8ba8764c1eded8525,1,242
bab74ef513308773b0cf3054d748226162ccc2eb,1,185
e84af79a26653360c3a14b0abafc727b1bc4dd2d,1,118
9198602abeb967e6fb2c85898ca62000ec02d478,1,118
ee8e2b3de6f18337a9d7ce2312b5a8eb8b2a9726,1,166
222a45893c002a77f4cf181517cc428335394d34,1,170
71fcd8a1146d372e3f1a015b4a51bb2e4ec95a56,1,120
c15efe312cb43b6618cd93c16bc328d58ca27f49,1,147
b89da0e7a70eac723432e31607fac27b9c92741d,1,142
d00cd56d7185d3718af2eb4cf16aa1cd079951f1,1,133
cb0d8c03df01f0edd0cae7a3a03091ff4e6420e4,1,175
32e3132de746a39828a20afd3a02a90fc7691aeb,1,488
1b9f1e003d1cff60d39ff00789a27456363466a7,1,91
4aa583cdcc8391106c672326e6bd8a12d768784d,1,137
35db018e21a08e07f07fb3e7d27539b34f640c91,1,150
66fdb97773e5bf083937ad8600238ba5c6fbbef2,1,580
4031b6bfc6993dbe81334c3cf910bdea082e73f9,1,172
9f65c7e5d9335e21221198675c157cea94c35547,1,299
228337c3c3fe1cd722cb925a933fda93d8175279,1,673
31698657415257c919d44826e77958dd5ed8fa48,1,283
714dcf71b3e700f7a1b901db06a94587994e3699,1,670
69e65071f72e6e39a72124cc14841b7958eec6fb,1,206
e4e2b3a965b25f8984e0c55cef1aae2e2e902a34,1,129
98d396af31f46313d6ff65e55b20f28c51d17de4,1,120
2a73a59b1859f31ff3b754391f4e5dd93ca5b428,1,305
a66a70cc1e342d85de880ac023421acb40b15464,1,714
f4c07539beff38905020d963898113cdae3d116c,1,129
dab9d3395d0a641520f618b6c78d40bee5aafa32,1,750
b6fbfc758f9066891f7ad82e9a836cf25559c150,1,201
2ccbca304234ba788791ee8002f4aba0d6bbece6,1,304
94e2dbf7150c5e971ecf0228e6b19285eed88c1f,1,134
789d0f8683b5127a6352102cc57857d473def19f,1,209
f50a0a1b3d173852dbb121dbc3b2f73acb497cdb,1,164
ac5c63a3837b27e578ca1cf58fedde58b307005a,1,637
f3ea9325bd4b42e6ec3be7f66ec8ee9347673eeb,1,157
d98f0838a79e4f0c4cb4b2ca74ebdb787b89537e,1,281
58cd59f9619c34294a3690db6ab18a304ad4a6c0,1,153
936aaa99113b08b451961621816cedc52f4a28aa,1,232
07290e70e1f63830083aecdc3ae34e6f53f79e11,1,315
ef12b8b694846b526bb05df164318cc3e22b419e,1,175
756e9b3eb42b33b5e5c17f9ef4be1b330294fef3,1,318
ad9ac0eabae21fae09111d5a804ebea0b623d888,1,343
fda859d0e96487bfc8eb227b3cece354ad2abee1,1,172
7153a54f8ce9f80a5bfffdb219797e4b0b67d801,1,120
b5ca6937413a5121423d0781b123369488a8ccc2,1,125
642f7dc9ee6be7082105234c21225ebe5b3fb160,1,196
548527c5c3f5cc2be2c847c1b4dd4cfedfb72618,1,144
3a8051b5fbeeb5c66c0110113beed27a7b5c933b,1,253
b0b9d0bed5bc0e6bd2e0063836ab2a5b7580670d,1,450
a4ac08c10176c7ddca0d69c236eda4fe7960dec6,1,423
9e183e1e42aac5aa9f2fd95658311aa6a5f40584,1,168
2edf938043da049f458c4519aa489b647d986740,1,311
fc89bb7ae09e58223857d7a454245c1201d4f2a5,1,348
725e350770c893c7ee5993b3277f8e6dd05d233d,1,186
65d06d0d98e4dbe624e479232f5dc5d135ec7337,1,356
db4ceeee3129514daa494935d40e9d3d48c1cf80,1,146
db3cbf34cbbb4e7aa205710eb3b1546c081b7f59,1,131
bc68299115441d62ec5c62a3388013abccac5d9e,1,164
553c58994bffeed1cf6740b13aee13b831fae41b,1,181
1a0d5efff05c5c23758e07d1049684271e75ed6a,1,127
0ef62b87f2a0e871dd3a2c443ed0b9adc74ba8e1,1,139
ca1caf213bbbd19c8c7ef52984aab92450681634,1,171
4d3368d483db42bf0f76e66dafd1b281c7d01f0b,1,184
22abfc2b71bf4676d3957511b0777901b914fd81,1,195
503a54a8cd33564e5d7b0a647c78e97a2e56e6a3,1,229
89a7922436bd29d2d905d6e392245773df107d1d,1,151
86d8088f0297914fd459fa10f4c7cc89f01e8b8e,1,177
a4350e7c1c9c9e901b457866ecdd0cbf09a99a2a,1,151
8d1b4b0bd117ea722504bd9ada19df82facb98e4,1,290
31c2f3f48b5509a376c5f107866ed6931728c4e4,1,106
95765c5169edc43f2adf5c1a78230b407716abd2,1,133
cf86fc51335e4e441f6a60c76d1c89cdb27f63af,1,161
8ae32e41ad626d113fc83c0e5406443011e7bf08,1,199
d550e40386e29fccff97a97cc2b758e0dcb16a73,1,260
bd1bf676ec5b5a5a3474b1a4f15cb793fc13890b,1,81
027b7417970b14da3ee718d366aff329ed607773,1,147
7038e20c037262ac924befdbf78e01d2e5b2085e,1,251
87a9725d4b050627767cac4eaf4d435cde804c94,1,126
f0ca5559ef3c75e53e2c891b84d8743c073f48f9,1,189
adc4b72377ad729ace6a6a51f965ea1e04404095,1,666
4d12ea26b840d7ecd4719782be5ee96f370884e8,1,338
f60f1a829d8737cb80878b805b610e38355067b5,1,852
53e9617539486c203200cbc46feb3ac50d7ddcfa,1,132
a88a8c918819b7981af426417dff55e569897e03,1,132
9dfac306697f12125d68d1465e54da5ee9bd322c,1,140
0940dcb7b67863123ad29290a0f12477c33e10f3,1,171
9a3a9755631310ca9130c25174134b5bf72786a0,1,81
00f6cd5e84bb852f18c7f78f309ae477ca2559c0,1,180
7c0a4225a112f52fa7d931c67a1b2a236586aac9,1,171
092c590487087e0eb63905ee3f673a0851844a08,1,142
b16d7c4d58cf4ff9e3e2bf8cb0be14bd2771d1b0,1,159
7ba572c96b4d5591e701f85724a55eb81d6e167e,1,149
96c8cc675624fb7bf3f84858efe6fd0a1ce8f07d,1,226
02e3e75a33ecd577b822706c20e34df38868b9b6,1,219
efadae4d6804e4e88f90b9e00e1b59ed10aba545,1,141
34f20fc287ec7f964fbd61d395f34777df7fcc45,1,364
f8384cbc837a42f634b87417980854a117d7d29c,1,409
7674719f959cce1f7d8a6f61f2645163438e1600,1,239
a69e77e0874fa7d409d9f85aa25a202645bdf0a4,1,173
0045e4396b2d6c202794dc4b7d111132d8074460,1,758
9bca71d2c230a573ea16fe29e6b056f952993002,1,229
a9eb9281e88c2fca03f05e2c81f423c06d8c86c6,1,121
eb7669a3d14c8cd683f62b573da585aee9941a31,1,604
4aa74683d2d4c4e6d743fdc1c8cf82fc2409b721,1,348
e8230dda499ce3f535b72ec0188038eb1e715bd7,1,180
aca83100037c0c7d9b5348ceac7683616e37eeb0,1,416
2e6531fd281cf318a57e0b648f594bba36ea5690,1,142
1fa8bcf80c8932d9c600f51e212c143728335695,1,268
eaf18f7ed021e3213d18247db6ed9dff85f89c86,1,116
9e78932fd553431fc60917c7cd05bbd3bcbdb8c4,1,136
66e5291982587ec680b7960579250f1586c19c17,1,202
925155fdb2cf117dfb07975f2ca7c34c0b34f40b,1,121
af9552be78282d7a55644865913551a31e6e1b88,1,96
63c62fcb06b071c32dcc590c334f7918cf4150c9,1,99
cfe163a76ce57309a3fd90292ee4076f8907da81,1,137
bdb0f497f1bdc8a755ef373a080258f3191a6f5f,1,426
7d838b3925c320826b857ed09e4bfe0ce35b110d,1,486
5f1c0a5a17bea5720171c4a50d071ec2f21e8d6c,1,237
c24020fa82ef162c51107e2bdfd1a43eafbcea5a,1,358
352434610d8a2b07a25db0788886691e14c83aa6,1,217
8f70f6f340d7e0934488c8e1712ac622d756e619,1,379
9b7e0c2779cc31dcac83df60e7005846dd37de66,1,479
5ba6fd3935f8a2b9ae8fe88eb8107b8246bcb23a,1,119
c459626e40d88cd019f0249b25c564db31605abb,1,363
6d9bc3560f53743bf09c026ee3552dd8227ac159,1,523
a64597f7274afa07ae704586b313b67b7038d186,1,335
c9258ce8647c82e0dc824049838b6714b24956d1,1,132
f62f1aa5bc1d46392773aa7f896d730952731f58,1,367
2a15b9b31724569eb5ae9907c27d30c431406cca,1,298
ee3038fc6145533cff094f880d24bb5a7a12fda4,1,385
08d5851c9dcc266ac2c291ce598d2015c0da6bf2,1,143
6c74f544b4f2ee9f4e7ca98cf48d779f92b502ce,1,779
6cb0b8818ce11135c7d0705e33db342aa10e3ba2,1,101
d2898fc1e8f303e4a2f1a03d63d3def683738c47,1,427
4e43e42beb25c1b8f8342e4abad1ab5287fbd3b3,1,389
278adc1f513449043615dacf74fcc8ad9e326a75,0,141
8c5453dad9351a34f84b6bea667b63cee6a3f997,0,508
a9bc7e2a3ef0196398a45be3fd42ec1b5940d0ac,0,580
7f3e3635bacd0ed8ded86915efda3e7d183eed69,0,208
316eb0d5094cfae7a5f6f42ddfd6111f94e899d0,0,89
eeef05318ef93cfd05801be38a605d0c1fe5f048,0,338
5ca373519e3c075945b64a3957af5a252501cd44,0,160
18f8530ef7997dada7bd919f1741fef2389bc505,0,601
f8dd3d04ce4b7aed0a0f5b8e6c0a1ed3db8bd63a,0,309
8e383e89a52f03aca98c3d0f7df92ad21f999d60,0,352
3fb83def90b6d1fccf27a601845b03c28641b3fb,0,531
dd979f4924dcac6ef20cb7c8359534f3152202ba,0,562
b8cca618c3588ebcb27bbfe1c9065b709164c817,0,297
2d860ee59c3573bc8eb6e984416d7892faf56f69,0,92
bf2a91c2fef63b8d657351a50f8c14a5591f4e40,0,478
f0a6de93d0ba3b4dd60ce4654d243c7f2778666d,0,339
814f18e70684c115461bc03770e653231151401b,0,356
0fb00fe75d36cf977c05e4169645df36518edcdf,0,57
ecf870e53aeab9ee1731e5c5d60ce98aa9d8d833,0,308
de14a3cc170c8561c849233fc32eb53c0e12ef49,0,108
ad9f07b3caa745b0c03f31ce1ee2cc30203523df,0,303
488c29059dba89a15f0b8d7d85910f78411f9e67,0,286
141c3eec54ca56a55844369081aaaf3d5e52e400,0,339
978ac23c2b7bb4a589fbcdf2a71749e83cdc6293,0,303
465ca63ff0f3f8f88a45c39ada31f28856e986d7,0,80
9db697953542da3b9b29b9c7b1f01c008ed659f7,0,483
8deefa1f02ead56f869134dbe77ab38c48fafd2a,0,155
13022b245d4e07bdf1e2c28491e87c73ed60de99,0,233
ad0f67ed778468eb2e6f7d8aba6e9dd445ec97b6,0,898
5193ad44732af45e51ec0879dedb26dc5de477ce,0,62
3d532a0b073d3145b40db7898292a5b249c9c4cf,0,264
21ebb0af48817442288d98805890239df7ccf0b8,0,650
9e4062ce631d6b1beb0f1189be3a997cd5e93191,0,530
ae0960af0c4c15c8198be9ac597d69efb8fa747e,0,402
d2eacdb1841f190ebfb3ed4bc95b0029e7d0420b,0,176
77fb91d1eb6c09a6f00e84e926cbd57f99a19af5,0,332
a66e2561b0d835c4b615bc107b761af306eef05e,0,1594
ae45c0685883c14d313845da7979b9e38ccc09b9,0,96
ad10ffe05f204757f05fab9f9a7e997f1303397b,0,597
c45f42227b73c35f1114f1b9b4a75c6e363be3c5,0,607
45b4ea71062e14d261a644f4e250b2e3fbb0a4f4,0,392
0010e5b943845b35f78ed238bae21f1cd241ebfc,0,1247
322d51bbe146285ff890d97dbde0273f5e72b209,0,288
f088c33d8cbb2b64240bba7e33578f793129bbff,0,402
9557bc689bc7b7c646a29c6324406cc631e52697,0,397
00d53448dfb046e8c421aae5636113f36cf27532,0,223
6f525ba35f84658fc6942e3a7f90d9e71fcb4339,0,569
4b7ba3a53aee0b230e3ba450e5648984b59829ca,0,185
159a35224458e342bb4765944a0a596b426a21df,0,705
89a425cc5438597f05689094f39ad76d9847555a,0,510
55db5dde35b03a77323e5f4c07fc2d04993f1dfb,0,183
1878f9f89cd5b45ae2fd622958cce9206e2e86a4,0,670
0de67e42e3d88ce350dd9170f21cc4f07d3e0b79,0,256
81694de22124b5a704bae708b42b0efd5c71aa55,0,478
46d88ea03d63724fa3ed70b65387bf827a8cd236,0,294
6d38734835be742cd789f92c1f9278e643bce5a1,0,829
1f002d2eb34f4d5df4ab31eb8bcaaafee5af852e,0,299
afc070954e2ec3637e1568921b5172c6fbc0fefc,0,178
116eed812eaa49d89a878f7115c4343bfdf0c530,0,286
a45dccae86e0ac029cc08804d7acbc28b492b1f8,0,147
9641fd8036dc32842d1038513620452b3bf21ac6,0,273
e47445453dfcaedb965d39b29d0f577ca0b3e287,0,177
aa1996361c11c731e4aa81a2347bd3319950de23,0,545
231b65d86b101b0d0c025614283bf52bd2814389,0,176
eee811829b86423c5137c53e7031888a52c452d5,0,64
bfb6116c381d099b43e2bc15835592d1ca6e0fc9,0,562
0b2896f10e86178c48fe6f9e8527632185bc3e2c,0,202
c3b722bf0609be70c16c55b390a39464b75d21de,0,483
8f07a0bea4b275becf875b1a78606e31d5f69018,0,147
32d05066ff069486bee861c762f055b588c872a9,0,403
e53d7af7c0bb1da01330b351e2f84ed99d778495,0,522
b3082c25e23f5e1678cbea83f0de2ebeb895bcdb,0,563
5c944a6951f79ca97621fd132624dffc0183ecf8,0,991
5a925400902ebb785591650bc53430156b53bf5a,0,141
812b73e1d45b48e9eab197d6911372e0be4b8f34,0,94
17c0e5326ced85442eb97bd3bc9bbb87d85012ea,0,344
e86703c32e7ba73e824b32cf5740da39a82c8ada,0,127
8131aa2752ab0d9ad1b5aba5ee36d4233e49a07c,0,239
836e29e4476a1de8a46ff4fc81b0686394f55b54,0,112
b664f30b60998a3ba9da028d8818d7ab23f9cdf7,0,493
898905db5ae5ae1a2f54c011581ff0d86d74fbb4,0,286
71ca298bde3de201c46925de4bf11bd9cd16c1cf,0,831
d12ee8d891ca07a5ff1b87abdae10db71d25b391,0,118
d59e8d848fadb4e353d8fb5f3c004968f4b41c6e,0,246
62d9bb6bc0cd44d9727938d871a1e39bd7983b6f,0,258
911d90627fc9e30994fffdcbdc86590eee5fc9a8,0,196
ea29861101594fdf063eebbd9a3fa0c3b9897156,0,235
2c74c8b264a19b08b0e00f2f0e7ec51ca69dc1a3,0,360
dba4059ffa6b114168ed9b1ec4e39620380c76c9,0,346
4019eff7600001de59c4bb568a403566f697b776,0,367
145544cd5f2eb775a2097096ec53519cd4b0ec89,0,178
c5e0125db0547261e2ce3c2a98ffbf5d817924a2,0,404
8d3af77f5d0bd8b946d463d2ba6459afe4e35224,0,631
227c6925b8690cf29aad9188161370877a5c5cc0,0,388
92c65220c13ab58eb0f0d97232e8263d48a4bd27,0,209
0a3d1699d5db4cd0fb444929c000c5fe3382278a,0,288
72d4ef5a3020612a565625807e8b847c5c1302e4,0,592
9050e1a777183527775741df8323cc7504d7603d,0,366
3513a593ad98564570b382a01f625f98e5178b41,0,656
58c2a93ffdf02ad850d19c5ae5bd4b6a87c89439,0,197
eadc28c5b38086504e6796e81aeb282aa94edd09,0,662
bff99b19c8a68057bc077e774de719f2cbe9c4a0,0,172
1f27007368ab4d6fe86a31e41d23373e956cc04f,0,238
9082f4a1302a901f10b3362d62e1f22d718378b6,0,63
0c24ac10d6ed3fea4b0c85fb1a3f6cd949a5caa9,0,93
793c0a1475af5e083db1ff27958752d802f5cd15,0,370
24542a50cc325f1756c431798a3fc9431c09a912,0,440
e698869c874486258cdf08f0a347833f67a89bc6,0,327
8b98e272bae7f56fb2a4171d34bfcd0b546ec679,0,120
fc91c790b581a31da3dec9b03cdaa1c8ab988f2d,0,266
abb0b63e175da5be7cc4768b3c58114d36fdc1d6,0,273
3ce12dc8162fe061303b2e29e2af10322d30adfa,0,115
1a09d51cd4934e5c5a30504bb83acf6df20b5946,0,224
d2822da4cb43a9495ae477ae04bc7c55328874ad,0,275
1b91deed9b7ee21841710c540a058a9043e27767,0,183
e45128d8715767a65186f39ef2b5c3082fa7a005,0,414
3dd5fca256f0854d73104dd3d0434683dbecbfce,0,126
6dd8f517252c77ef20c1d3279b5c1b0c476bc6e3,0,53
79faa08290109b1e9110d9295bbf7cf90c1b79e9,0,655
0fbdb6244e992a877b0ccc10d0b71a7b557036e3,0,230
a8d1813a14cdd47ef217e4551f3bb19fbc0a456e,0,236
09b63b77befbb921ffde3f6d8cd76ba97fb6396f,0,234
ae4bf07fa2502596efb38b2170bc4ba6216a4581,0,408
2d59f1c250523b465b1e7542f6bdb6be390b84a5,0,404
bd9074701055b922644d8c7b13137666538ff1ba,0,419
a1a15023d7ab0c678c7ddd50ebe0ad125a361cbf,0,219
996546bbf053701fef8be19a129f02c0a0a9b664,0,493
18e1e262a21004f35c12e60b15c04ed816c3df7e,0,447
e39f773a8c703070964878f83ba3b08df1550532,0,579
f9387ecb0e60ab70fb5b8d8dee5037bf09585b17,0,820
864f4a1df49298cdce89ec94476e0cece3a85f55,0,158
e8faad8b848bf80bb23b5074fcbcbf3f9067f845,0,120
f581ad576d8290371d26c53bed118b9d0984cb95,0,574
5b6206e71c78b130673a3a07afa2823e2ecf8432,0,196
ebcf163ba7e4b3a4630d83e936eb7e8a2def2e9b,0,220
2eb690f0c6142d631342bb23c8875a2a272fc9fb,0,104
a7a8c3d4bdb86df1e8ba5fd7d92e084ba2b62eba,0,441
c52622e2e77163ed34396d4b5ce6d7f0d260fa81,0,426
62bab4641b024b72740efef5ae10b68d47c62333,0,52
c6a7d87d95f22d0b61543e5639555d2619033ef4,0,331
5316b54b9a6a913cbc0e9805d4978acecece7bbb,0,540
6d43a2de6ed114538417a79b229ead8f18262ea3,0,573
498e20200e0df917e2b2e16da571b59b5ea264e2,0,837
b904208553d8dcba9015fd63f5c1a8d7077439b1,0,114
58be7d6d43b3cb945086585ae3b7399420933136,0,224
22dac06b4a20be5ea522b780c0203cf428dd70ae,0,230
9182b2ba614357234669625f4621783750e068cf,0,855
8b7e5f96feaa6ddc50c8f09655c5a5d5bf00068d,0,147
2fc80501edbd1c2d49ffcae87446e0b127fa87ad,0,324
f26563b5cc0783ef1eb4b4236cc4145f69d68f4a,0,260
6023bd2a4159e71793545d9e6e29f9a1718ff840,0,253
497cd983959c12f7e9b5f02787927286780e56d0,0,102
e8e1d973dbcd82da53a62ecc153673f4e9c5bdc8,0,412
484ad603d9d5e42055ee4a1ffc35dd4753f5971f,0,517
c248aa3351dc330199e0145ff87a5208de73a4e5,0,364
e2fe61abe1fb694b1df8708c93a7201ef0d121da,0,53
2e454a158e07acb48818ab48beba70683305579c,0,621
c3f049ff73ab241c19acd7ca80c7f126e1c0439f,0,143
6d90665dfaed9edd923a264ed5a2e7271f06e3a8,0,576
b2e9a42819facc627d5d1caccbdc6e4870ae738e,0,115
a55574eb16bd591647d0c14707dfd9513ea8b1fa,0,149
da959154fa370dfa44095818218f19b05f976ed6,0,332
c0437373f22a0d6211f7e038f8864fc4b0e182a6,0,327
9153ce008516a941e7109049eb210289c261d23e,0,509
b11364ae653366d7f933c6fdb730db16a9720112,0,65
2c56c8897534c4e3691915b228eefe0c888d201b,0,622
8ce23fc28e7ba22d72b2d9766e2b7938a8a6aa3d,0,492
5c0947848db8c90a5b6e30f6907fb83edbaa3ec2,0,109
94f654fb77350ac1b748ebfc219fdd756ec8cf9b,0,73
d444ec5809fb30af0345d44ca844a9c67df22515,0,335
7a304e438502d1ee5ffaeaf7a6a618192c4e54d2,0,96
3076163326ddad614fa1e94c9660c08730d4fe49,0,575
591cd84da2490e36502bf75fbdc36f75d0af85eb,0,54
a7c89fd90cba154f3d9bf398ae19f1336265e96e,0,635
1244f3bd2b15611eb374b6adb33f9d393a66c8e3,0,448
b136a4e2bdbce96d1f0c950ad5ce47a7394c87c3,0,79
1e3e184142f1a7705ce3e3422679121831ad8518,0,243
bec979ad2e74ec0bfc2bc16ba899292353394fc4,0,1075
1ee5a955951c8c394d223168c76e133b2ea25e37,0,587
65c39e62e87458f8a96371ae4cfb6f909808ad3a,0,384
e745646050a724a96fe739e056b5710b94399562,0,182
2a9a1191f7eb817436a57210f452ad7056cad0dc,0,90
9e1a2aed48998bbec5d1a6482fc242fa1b2a93eb,0,68
3f275e932ff24232680669ed9055976d7b84f733,0,599
c8db2a92305cfe32df26c275aad1ff0da62e6a60,0,248
ccdf4afe4c7174c889aaa69d8cec4eb3836fdef3,0,152
325719672cb603276f0000fdf0f11f47fa2c0722,0,292
0c1e481d9d213ecff7f4ede714301aa2da473951,0,337
0d41bbcde2488e0550ff71871b1863a8a48ac821,0,151
872d1b441ad09d6902ce398e03df4b28a89cccf3,0,288
0b284be0d67016ede3701f7f8380118e04648cff,0,102
6b81213221d787e2598cf3c15d811643b64af5d6,0,439
142c552ff0a5fbda9dda394b5fe46fb2d5f0e6ec,0,109
a658d396977104c2f3e73f69d0ae7e27aee539bc,0,181
17c8679f5412c1c7b57f1b41230db999dd587ec0,0,287
9b46b00cfb73c0782db6c264e9020a584fd730f5,0,141
14cb37b64f5dbef7fa093eceecd60f5c54ebbcf3,0,298
4e153a00f95172b029c933b3ede431d27bc761f7,0,81
52c961d1513d7e942bccd51788e561df64d58bad,0,216
2107a8e4df870fb6716238dd548c8e879ea32a39,0,799
03a427d1df86472b5a1c24af32136ba05813882f,0,609
d1f2ea155dddeaa06b5fd25804bcf2bec002dc7e,0,471
25d89e70c89523e1e63d40288f5700b1f3616350,0,83
0aee64780b52e2679b84aefe1e5825615974b121,0,123
8f1e88a431257ca5376dfcd37edbbadcdf071b65,0,80
d05e3860e733b34a132623ab028fa528122bda45,0,693
7d522075bde7f438993f7b76d9268a2eef571092,0,533
f27e83626842c9766f8b351e81953b73ee8ee998,0,314
41d24fdc0cbf8b16e0a88af9326205b064684d3b,0,430
47d059fff33b28d913c5d9f89f46c06c84eda10a,0,1001
6b57268a4259f7f207c4d6035f8c2d0eb4651962,0,302
010d754891f4391df4632d8324e67afeb5a49d4b,0,815
258d6f33161c052a2f429c008f82a8eb6c8c8539,0,206
9f36db67e69ad88a73792e5a50a6c863392fa706,0,187
4a44bbe0ce5609ee074ddb00cfd8e9056fb8453f,0,848
630cf3005f9d2f7d74cfde0ff6b57b2d7876ca32,0,112
ff1b583c2c0d2102e5b2b5a3804e6ec38285e4ab,0,595
67489f64e9116270ec371f141101b4ee3a8a20c2,0,284
91a1309e3ef83a402e2f54ca9af2ed18a9460db0,0,477
5f6e90dd51e452b37a1f2e4b34591588d96f59e8,0,415
8103840853ca0faa776a337fd13780fb9d8bce0f,0,544
19061d3071d6477eaf26a7f823e2212b332e51d8,0,456
38e737c091ebcc54825d0328458262c509e527a9,0,69
83cf91d4e722ee2d97ed4a05a69336924da75e66,0,112
a5fed89ed62d63206e20504de9357c81adb298e0,0,413
e3ee9deabeab6a66c324186a42eba15d3c5047ed,0,145
8b0bcf725de9ac24c813f8df40e7c7ada3148e2d,0,190
711e640400860b9599e0b336d0b95c9ded9c00e0,0,559
0c1efcbafede8efc08a4ca1956d8cc989d73adc7,0,401
6476d6ba2f50ff3e275952cc33edb12a9f84a260,0,60
173f0d6c05533836e9293511cd2d389e8da5ccbb,0,615
554aae9db15144d81da592d0ee4666bc159d0120,0,555
037a8d48c061245edd6533fa757d81349c1842e5,0,403
fc872ff46907099490dc069887fc841065187e60,0,1016
74974a18c3f87029fd65be4668b37566d02dd7db,0,524
dc34623203db8237f131038b49ee4346a3d1e921,0,174
cf0c0524c0bb95687328a402bbf8e0f486147938,0,498
8b339db324d751cec2ffd844305698e13529cb4b,0,620
b1cbe117874cd8646c65b97905055e125497ca7d,0,526
168cca5bba5e18586e2e323c97ed1c6d1ee0d8d5,0,1265
585368dfddb61584e657e35afb3447a7dc4a6b52,0,884
ddd67d45cde16e43ade6c345f8614c9b636ff007,0,419
88d21fdbdb78fb8971444a36e35cda563794a182,0,602
b321752bbdcd69eeee56c58cc1408eb68e9eea93,0,162
dc9a76320a5f3c12adbea48072a57d8e53819c3c,0,315
6068c2e0bab53d0dd59903bf4189645b9670ade6,0,312
3117e5e318c79922f13aeed2997e53ed58dd7798,0,154
0da845d23d81265f96554123d9638b30432114a9,0,60
375b396d1548b0ed6b607c48fd14ae669b14222f,0,294
e788d46de14263e53ef939c577afc931970e5c51,0,221
279bd4b2166d4f7180bacb2158c6e1fda0d1d92e,0,158
a31b124f101525aa32bb1da32f29e679d2d2fcaf,0,548
e49a3e2b9bd49962f75d8e236da0e319fa1e34c2,0,342
768f11ef55e13ee9bacaa3b6bcfeee071312d8cb,0,102
8fb769cabfd90af2dfbb500176a64e74a153c024,0,672
40ee4f28fa5c428c47ed7de5cef685c396ebaf17,0,357
a9d34496ecb6d0765df8f499d144a07b76db9eea,0,228
81566961185727d5008dbc4fc95e645ebc9e0821,0,57
138d215eae53956e1fa8ac4444a211c6b79ed16c,0,705
1c81e824f0b6e405c87056b72b867550cf7edd09,0,443
fec67e01ff1abac5d9335eafd51d306fed1a7e16,0,481
53e62ff7bdfb9463020857e5da82b25d1edfbe97,0,188
d26117ca338d4ae93d7ff3c70f6f3b12423e3dd9,0,132
6a66630926037163a8d29c6ad3854f2c4113bc5a,0,209
8a3adc8edaa06f89bcdc4cb3d0ec45b736953b5b,0,82
25ddecf9bfdf003793786b4b39216d8ef99d499e,0,383
c21aa996a1c444f7b6aba04de8aba00cbde6e15b,0,93
6f4bccb6cc98d441766749215138438f21178f66,0,734
5cba91ad46532c8c379bf219c2586287cc86dbb4,0,108
e1d3cfd176c7e1dc7f6bd970d00d7a65d5ffd446,0,1367
75f0ffdeca5090116eeef34eb9fa5ab514a44b9d,0,528
854baea34ff7fb8dfac35a1f497a612b64172570,0,563
6e1961b4587e00559cf437c43a63e1a49cf862d1,0,333
50067a12f3f4221fe97fe55b471915c0fa61ed23,0,266
d8b61bdd71df3e5cfe42c9de580dff048b43545b,0,74
184bd9ac860c126408c6b2aafc754a9544a538ca,0,448
4e81473b36fd8efad1113b2caa82248857195bea,0,504
23fb86eb1c4f99bc9b55454d95dfb39befb043ba,0,190
f9414462738f98e40c3ba36d8a5d5da8ce7358da,0,127
92f38895e8dae051ee8068fe472ec8e38430a4c9,0,92
50c90c3dde3b05705920a67b508639bbf3405ef6,0,319
d7d14b61eb05801d4192a2e0dff126b807a5f580,0,518
7f60c85088edec3b1359cee27bbf703b4ff2d539,0,559
b632ea5ebcbd97b234931e2e8a1b5a6a2057227d,0,481
f825b8d6ff94fb47130b1513e2e7e0309090174f,0,119
d5a840348e2a06b0b0340e75d0fd171de319af87,0,222
f70e314bc8bf2a89aa6abff8996a518e790ccbbc,0,460
dd75b83a1bbd2360fd1927587a3a4c6c2b5314f6,0,157
8215aea33ac5311c8d29f6932ce89dd2638167aa,0,161
da6532aefee17203fb6f51d04370bdcbb5d3276b,0,51
5b649f71a6f0cc3255bea9e5333ef9a6229d501e,0,76
b68c33f16773b7a85a924f57c93fce649869d168,0,768
9360c402fccca4fb905db8e7ffacd574182681bb,0,430
aa87785234c233f9005b1949c11007669c77d5ab,0,173
e98ef7e7f787ad8e280941cf6cfc51c6eb751871,0,223
e667eca8d63d17bce0e2ade65d54742ef45fd9c2,0,473
5fe23823e30164505dc187bcb93dba4addbb237d,0,70
736a0cdf41d7c1561a3a98a4498fc84bdcf7cf60,0,700
88b4d0759b94f02d327a6b5a4f395a1e39536e7a,0,716
549d05384f92afa7f30d711257bab1d252ac8569,0,700
ee9edb52e989db88266670c3e7dfab72ea904cd1,0,74
e4b2cee8a08d6fbc918674d099c8f40b347b0603,0,495
6d9bab2ce4fca8d96bc49fba6231131271781438,0,187
03aa3e6f07e61c273af55ab1c4dd448165808141,0,252
b92509c5d43fcefde53c957d2e9d4f63027c9369,0,184
765e36bcf9d593aaa9ad42e58229cc6e6a5e5f88,0,580
42c2768f9754352a88deac8e886e3bdd1c49254f,0,373
2e9e8631a6334a24788d42950a838a9b5d2ed363,0,124
fe2a9e9d31adc89caad60f116de9ae39ce841d9e,0,228
326bf1bc1438310b74fd8ce62069a07c478a67c7,0,571
15144a8e7e3fb681631a8605f5a57ed7b07f818c,0,472
06ce160f8c9f09d037088b0b8f771b09d223d2e9,0,271
dde7be6840516509f2e7c34252ce58fb702bd5ab,0,155
83d09440abd87536d312bf5a65f2450ef6bc2bbe,0,297
e242c96f62ac2b49e4a8bc41150e80d5b086c167,0,594
faedce86c75f57bd02f4000ad2e8a9b3e4a4dd3d,0,541
765f74a49e378ce49646aa2588c3ca7ec5a096af,0,664
43688d17f20cb5f4704f5d363a1621657344a7b4,0,354
4689278b08ca85f1cd83dc254eaaa5fcedd5b694,0,390
4149604011e9e60a348e24bf3b394d08f8e7843d,0,127
b4f1ad16b3023ec67e2c7aa1507814bdac590263,0,406
22e9b2f0c5be48a753c8b842cd36f81cebc2d630,0,505
7c2bbc24cc0f063589081f67cad40464a4dd9d2a,0,91
053b13c48ac49506f96994971b294e9968145d8d,0,170
4970011b88457223b1e9205a1723cc9f714e9f0b,0,127
65bb697a264dfc29d50701e55f21736cabef0a9a,0,138
e2cbe35431aa67dbc30e7c32b55dcf4f5a974db2,0,325
e746a7a9e265de1e830428b3343d475d234afaac,0,122
a655e6b862555141ebbdf125e2cac9ce0eb5bd06,0,316
d49cbd6f07f8ed1ff85dd92f4a74a649acd2f833,0,398
876d7d88ab294c95be7e5a37e5941cffb680e27a,0,495
4b91236171f4e331524aa3f467965f885dd7e9bb,0,272
c4a718d7e422fe2e4afb5b71796672ac3e808a4a,0,67
b44dead3666474baaf60939806b1da0716eb4a08,0,486
a1f635af90d72a00be42e5019473ac21a2421016,0,975
686771d78d92d27e827bfaf61dfd170df935ff99,0,152
9c58d70a7440ff351549c9015ba09774abe331a7,0,740
5e34683c22ff90a93eb9544526ae788c2ed84d40,0,469
04b9b7debe2f22f9960c42a8cd4b5b18dbfb2d4c,0,229
11620e596be70ce56034db3fc6d511cdd002d944,0,384
9335e9bf5a3d3c7b080b796e2c90976917bf6456,0,355
fc2844c5801572a0912a026bf767a80ad9cb61da,0,170
ae94e4597d38024d5254cc22147c8e9468a80c24,0,381
b44982db7f94972dcf0b69ab4fc83aa072beeb3b,0,121
c71d99d2a477964906cdb6850163901b1c853289,0,382
7511155d10afa4ee747baf58e231b648b68874ee,0,405
f5a715957e39a8b1ffb236eef8a1a8c8a49d8325,0,264
6b3db151b7dc54d46ee86e06489178b31c9c3bcc,0,107
a6bee084dc4d3ef3950e574a8f785cea026c57d9,0,1195
92e6190564e3b6e5cff81eb0cd5d8fedb9e19aed,0,129
af09a09e13787d26bf0c084411562bac4c7ef6a0,0,386
b4d81d883d0a8b29c6353fb5c1c5f0fcad0cf1a6,0,860
e069d2dfe91ceca03e55e98728f3d70d9c2ca1c7,0,323
5cdaf074ab3388a26d6394222eaed76908e08446,0,264
8c108461a36c6be97397fb68e907186b7bfb798f,0,384
28ec22ff4d2fb9db78eb0f0531721fd31c76b48e,0,201
c3a9b8cc0705b75fe690ba0f21a66b24be9348ef,0,407
25efb5521c677119357630f999fd3190d8859409,0,61
22297db56f36a97290af266f1ff39c2007ab43fe,0,240
0271abecdf9f738b6424ff8d87c3626ac3eb28cf,0,331
897fa884ce9c157c317cf81f510976283e7f3bbb,0,518
2a01006d79d2a155d6dd594bbdbcdf49e5778c2c,0,188
f5992ff675ad1d717e42b627edb7bb021507c251,0,142
4c5d60e0322f10dcf48e5f70d6eaa2295459f1fa,0,550
508ce8eb30b1ec55f44363b7b00871f72795d5ca,0,552
81d7b695624fb235d077500f2dd44dc4ec5b0f96,0,161
bf32364ee44088d568af343489ff242045b26c03,0,113
417e6cc7dea2c9fa90d309d30d56b1c3dc702a48,0,778
bdb4be51040e239d0e6c94394bdb483c576be335,0,314
6549ab9c613044b11b5687fca11be113b53d4454,0,453
39df378baa47f5419683d04b9531cc8321cd1840,0,118
51f31637544cd85832af560fcf80ce0e4effa93d,0,596
b922bac853616cef8502c294880cb0e626cfbcb5,0,752
a8e3fc447a97df464caadf15ea39efbf5d8c0973,0,381
4cb040cb38389df8e9896ba4eb2854be6e6fc888,0,782
6924cd6e838b210ab747ea244a9b9e9a8652f986,0,236
f563579ff3f83c84e9a079bab54911f590346e64,0,91
8aafac4c351921956a13f30810bbd8c39e3cd1e1,0,800
c5e49a3a81750994ff3492144d9774b378ed8bc2,0,795
6bc42bfe025703701184a7d5d5f9ec83b399e791,0,113
fb343583b870f43997609accac7cf686ef7432d4,0,179
f61bd451a49ad1da745a41d8b21050a243aa8513,0,89
b1fbdc10057ce4ed3cd8c108e22d706c7acd74e6,0,234
e61586b87cde37147a8181550fcbbca4637d6fea,0,313
5843cf4bbe6489e4a43dc100e2e20cf8a7326c4b,0,288
abc799869cd51eb365eadfec411928daed60263a,0,99
cf6b833079d5b2b7ff17983ebdef72f98dd428f6,0,714
7890b3e554ed43366bd35e1362b53bee9b88fa32,0,407
2c2de97f00e7bca768241129aea2057caa49d7bb,0,389
9ea8b19036e7b32579b7274fbdd254a01518855d,0,82
794750395195ce430f3a7f1702614ac128bde204,0,264
234cdb6ff7c3d00bf7b4ab624fd780d4f1e60615,0,797
2e32f3e71469349de8f06c9496177367c906f640,0,1614
28be0a8f41ce0b0df53ccafa867e8757df9f2f19,0,185
aa9ec30c5bdd905c26992acbca59c7748ae3707e,0,465
3f5dce2c656d75712592a0fcc746eafaa0afa8bb,0,453
953b547c62e000c1716192515a83bc64a79e9caa,0,183
d1f38f868ee43d7dcf8dbae538a97386e82a4f68,0,170
c1af4fdffd4456cf2878ea2a748d1e91fa40046b,0,223
fc84e99458c23d20164b2d7397d545522aa7d10f,0,274
299e17ffc47f213276b46441712546f402aae8ca,0,300
bc0603ded271da7320cb4937c19cd97f3a59a671,0,264
0a05c5dbed4c1be83e793439dff4280955df953e,0,411
4bfdd5474442ff85e5110ce609d8f99816a318ae,0,245
383c5e175de7c5ce5c4758bffd47adf7c198c794,0,97
8c345d422a3f898ca3d3328ec7c2daf34960bb7d,0,204
eee0f3e8badfe779b6870dffb6318bed32f5aae9,0,168
b39d7ec347edce086c56fe67ce7743e13505320e,0,90
ab5dba0e1d4210647eb8d0c22eb3856ee2aa1137,0,618
d888791fa1c4312a07af4be4ce54c09a83f68d65,0,1135
69a31ea0b5ca9ed62f4d807b079d58b63a884f8a,0,247
f6c76d776df35a48cd20ac11eb9ccb9d664fb0e3,0,72
667b517405f30ca00cba1e0ad63d4c0d796a4c6f,0,465
44ff9ba0e3acbb03f6721cc568eaf1d8815b7a8c,0,532
f0d3983ade948cecdfd0ad197e7b2f3606ef1fd7,0,340
eb49a459ebc3b461b96f759241557d250340bdbe,0,821
2f4819919e8a636608d2b0f0e64593cd45fc4234,0,345
bcefb5ecebd0874cfd727dc92ec5c0c5bf6d7b27,0,1113
2da27542fbd68ded3e3aae68f62cacb9e4cfc60a,0,235
8536c0f44c8f5caddb634017d895ea01c0a80cf8,0,531
4b48e859a071c7657240106f7a0cb6ec9f258916,0,301
f1635b6f14feb7f1de6258c4ca143cd6250f8b78,0,196
b6a991b32ce164b54b4e8441e6f3e1e52226062d,0,243
714408ba5e9cc8e4ba76d39b36102fd54cd85275,0,116
f907a1d062717880b898c720ffa0cac3c12719ae,0,236
5f5355d9977bbd0c513b2c08181bf5884fc428a4,0,469
2765b587f2a91b1628cf856adb14f9a325c7ef97,0,302
5bea9771922b71aa9ddb40f53dc2cc0d0610dd8d,0,103
93f38f78a4f5a1bb3904418e495ba99618695ca4,0,351
6a4474e63d069f03780291fbfc23af38a7014350,0,674
6a545997bd87187a20954f18737ce4c1e0c0b4e9,0,348
5359c5ffee4b77b8765c732a2cb7acd736a15aca,0,400
09a1ac3e28b9399bfdc5576fd07e8bea62069725,0,140
2633f98f3067bbf64fcb4330c83c693713a2c58c,0,438
72f0eceddf54f4c2811da2acfb55756ac0df0501,0,590
acb0df7fca074ad9f801316a1580c45e6d91a266,0,423
6908027a4a488245f50b07a449991a80f6333172,0,232
10993d73384df37b7e35368ce9b81c3c48fd4843,0,241
35b2fe07a11cc012ef58026ca368a37b11e50e5f,0,675
5c1b1f12ff6591a2651f629e79229f4520c5f8c7,0,507
23b71e98c8a723432670d35529887ac4befe299d,0,1107
351c424324299c62e278c66d6b92e7a152144dbc,0,184
83de53c60e9fa13f0ba78e0a6ab03176ccf1e078,0,336
14277bc23c8a2d1ec7c02c1e23b37225d1eda37c,0,337
4740453e507093203f4e3dd8139c71d68345c357,0,444
5b9328827d701fa85a7825c0781fb3228cb8b201,0,127
b0aca7ba203202f5cc7cb988c5587fb0c0e9faa9,0,126
1548b859a1a1fa2074f2d54103bd0ee54bc1429a,0,219
dc5a5192c13e520363f77b48c188a21e9f8b6923,0,251
9a60f12026132f98f66247c14a174dc7fab8b184,0,194
fc66d709ec4ddb1b1136372042ee1decb5a83955,0,120
5dfe66b8dc8d66ccaee2183b168f8f956bf3fe2b,0,529
76ded922ff8352f7d1183758f72245adc7b7ae2b,0,583
5190387030e0b176b91d589d5f5659c8d881fb9c,0,87
477a7c1b506d84eb0c5065a0dbd4dc277e9ee264,0,1854
29570951fb7bb2abec90d1ebb04638aac8635b6c,0,129
75c9d9eae1630859fa8b1986e8092da73a2eb34f,0,456
8c12117a787ba3d817c6dfeba8b3cf214fa492fb,0,166
d8637841bbdd4d977ef76cc8ea27328b592983e7,0,562
28fd2533dd5426be8a6f3ebfee2bfc792fbe1eb2,0,79
b600b84bf21d80e2fef9a77db3207caba07f233d,0,277
2bcd52524287665cec40fdce57e2273a118c24c1,0,619
9ee2ff4a6b1f4cc32f3cec7af5d503fc7b43e264,0,443
66099947b2ced99d97360805183fdae7a4618f33,0,169
6df215efb00b3bf3c474ba942e84c0432d6987a0,0,500
6a0bc0c97d51b77ad8af359e81ebf7955fd8bbcc,0,194
d636db536dad88df37b583175c21d6412a0808dc,0,79
1b5d37d290bb6128b0d33b33725d5f6eda0101b5,0,141
e98189b578ee4e46fb915601cb6711934f87723c,0,213
db059c5e9ed8b1d3aa228819c2a71f692ecb674c,0,296
4e3207cfcf86926e920d5e33ed2838c78bd624f5,0,128
51dddc72b8038d5d0f6d21bc4aee5274ef9361d0,0,166
1f6dc7d321ea25d72bfbae12ec1b09a412e10e1d,0,100
6fc6beb4744f27a6fbde8c16271a621675c32799,0,253
cb340379e37944fa61b7190f9df640df0624e772,0,130
feb6245cd15bd0bf10dc06487da4ebea129feed6,0,527
400ad52fd24ceefcc6eae40229969c85a08300c8,0,271
a1c0fb47869d14da6d492cd316c758fa4739291c,0,162
d19639bd52d51ff4c2fc5a5ea529e0967c94f752,0,118
579212a0611a3f4249f03d188177234217afba0e,0,165
eb04dcf3121cb433d2337191ae0f5d9bd5355b4a,0,103
be48547fd9cc34edb2a0f4ed556d08113a1187f0,0,2003
4d0cb92c46ed57e07e6cf8eba7afaccbde7bc4d5,0,307
31701a6a771f63184c17c36383d3af197bb7379b,0,94
7c0f58cbbdc8931ba92a2077b7c4e2d5ebf5c3f8,0,629
18049361ff70e60a3f73d7790fe48e03e726d7aa,0,83
7e98002bf1fc5d1e942e0496d0230c95c25003bf,0,1016
9d3d7db7a1d748102a4effef1dff9f68c371add1,0,474
c8c4d9e37c495a5cbc388aaeada2d6e16e97ce99,0,295
9f90e9d93fffebb66b0a240b936fdd254bd23d57,0,174
b130ec6eeff40fae2673a8d2dfa518a66639d4e1,0,573
25b002f35c34888981232ac33199d4b324971550,0,156
6f42f96d4242bcef39b104fdd99c906f19d2eb95,0,146
3e483a55fedd1d88b001a2e9ec7dca4ac6ae4195,0,166
9453d3feb9fc74db72eeb2ecf78abbf47582077c,0,283
0b1b870f168cc53084c7ca19af43819d1e5a77fa,0,532
53f5a9a698df2fa7c743c5a8e7973c1f3a4f2de6,0,82
09f575680a70876fcd2a4d09c238c2863ef85e5a,0,137
1dd7090f13a4e69026a7a778258f586d8abe20fd,0,190
0d85bd93155f13b45eed008b91512c3350b6a50d,0,298
8df974338e31a6d8e6b125797428dbed8754a052,0,193
65824eae9ab37e51c6b3f7d1e0cc84effcc3a593,0,829
725365f6c480b4d5180bc6fd439c5c465b9b49fd,0,243
5af8074855d8f040f2a367459cbbf123c1066938,0,448
fc9431b6bb5cdcb1b06c8a96789ec8e0428365b0,0,373
3c2f2f6054240300a477f3319c3168955254d77c,0,148
d8079cdd3a28490a643b9349e634051b5c933229,0,242
db283742de0dec576a996a49f7ae73cf54f851a5,0,194
1ab50434f6024090e51f77998493582cc19c9e11,0,125
6bd8cdb4dcaf361736ba49e8efd8d162d4ef8d7b,0,147
4f4f8b2b8b15b95c2730b7b5cd640acd649a40eb,0,192
3a9258c70d6ad6047f7fdd254c4b0df9dfce7b3f,0,374
d1223418116c54d21612f0bb44b9c694f77da8d6,0,472
ae5dac95bbab53776b79fa5080192a68c0c2bd19,0,99
f6e6bf48083f431556e175a519c878ecdff139b3,0,566
c39f2c1e0ecf69ceb9d300b2e7bd4c5cdee3cc6e,0,471
6942f4a844c55be20116232cd2bbde920d9642d3,0,363
654c476065acb3898b7c17f051c4c65362925bb4,0,255
196cb6a9b8b2a87b0d3aad2beaa6bc33e84aa8a1,0,313
e3b51ff9942a4d4f9ea52c5c02257022dbc9799d,0,1634
eefcd079dae8d9f433235bf5cf3cfad039ccd927,0,490
bf3c3ae4820bcdb4a1fea85c5bda7e423460bfb4,0,408
d4c0ab0ffebea8761a9c5458bc648eb247a7b48f,0,133
bacf264d500da7cd1ce08c43f016a8eb8d41cf02,0,221
b2914e692d19c3b12d9b7c720c467428ae16a592,0,241
5c65aa698a31d64de0d1ad802d598e17046f43b6,0,397
ee299b788128f4cf18fa53beb5d44f0f96c6102a,0,535
dc87877a0f8ec5a705915e6a1c4d3a1b21e3ba6c,0,645
3f0a72586bc307d4dbc2d2104b81e081b77b91cb,0,369
8b8802a0c2a8b9e13045d56b32612eabb00d8d24,0,161
09ec3ebae0d45e048f99efe23c346ae062ec260d,0,525
3c4db73aefc87e4d33770a423445b0ce21aa7305,0,262
e64e7d08c3c77b44da1d4b7893a1179e45a5930e,0,175
bc5e0cd1b5c9a4d1ed78e77dca5a45e56d776b96,0,407
5161ebd7e52f0dde2af64bec4d6e86736944eb57,0,553
7829b4712c39d0e66555d5b8add96f2d6b1bd299,0,375
f9bd888ce61ccf4b96e6beceb3ac6d35d4e95e1c,0,2161
d7a04128273471c4c694d314c4be22298afa6331,0,179
cd99ab70a1428336c762f738c8e952c5621b29fb,0,185
5b245882ba341b26eb5f04dcb511f295c732847b,0,188
7528507cd5b0d02e1e18b0096cc66fbd5307736a,0,490
199ab8bdea306716a8488f291fb1d85e6e1ee7a2,0,78
b32833063cbbdb898a0ded68cfd827bd828b531d,0,587
fb28388529ddf6bfe50956bc7cd1638834994ed7,0,162
e235eff267497f444f207d4d15815e081c3357a1,0,416
2f45ac8edf3aedcd1d2a32fb4f3d45ef2538c595,0,583
b0f491746d4aa28ee2752ad8ab6475f1a9ab8a3b,0,278
3ea8ada3175c28648db6f6d36045fb3c900fe6b3,0,791
ef98ced84370aa5f77b6acea9addb79212ebe518,0,131
b7127e2dba786a15e8220a0cc967942960c1cc6f,0,250
ba457d92677443553e3e982b2edf970bd399f08d,0,349
c2db43ae51ce825ca40ec5aeefb51bf720417962,0,169
a268ac6494caf5b27d48828393081483caf6b77d,0,494
f44a9f5b71a2cb01c490fa0066effa4ad1ad8fbb,0,379
86f5970c001a3b2cc87674c1bd9b11fd8711aede,0,136
092e534cd6dd57f20e4fb886cf6f0c408fda47ba,0,117
a37f47ce302fca58633e57ee168a8627b2dd728f,0,302
666457ab7e26cb7cd421d21dfea0fdf6dd787049,0,413
00997488a2d48860ad119fb76b02e06502ec651e,0,648
a381314ab1bbc0a1e02e7e0d16a4cf66639cb34f,0,521
2481dd0a653dd47b38825d0cd082b15b91cc4e1c,0,1320
cab88022c7dc6a7d25dc177118dc535aa48e9036,0,500
f384049897c66ca1d520e527b21c12b628c3ba83,0,459
47279963799fb5f60295948ba4d3d502def8fbfa,0,801
72e5d31b1f052c69401414abf403d85d493a489b,0,188
1008c60810062f0bc127ec04bb9a41297d72b17f,0,433
8821faa55e15863cb9435b7c104a2e38ee28b9c1,0,323
1b4f6f8f4d7e936b0e94cd7836ac5ca273582069,0,110
c6d2c7b7662a953338c872c8ecc1c2f8d7e0b7bc,0,232
c089030ef698fb57f139b8444b1d5ee99ae6e5c8,0,304
bfdc6dd2bfcb6db68289af68f8b9bdcd1626becb,0,235
659a917a074674f01bc45aba6f5a6f9e3dccc884,0,176
7f88fd557251dc2ec82b9184208b04be6c66dc24,0,160
bc618aff9ffcc9536bee85cdd5af37a56aa56f07,0,552
da1725186b0285eb8c1e82a7a2da6cff6d4dd0a0,0,592
bc489ebb98d1f324a5f88ce56f3634f324d7b8a1,0,154
a0084b653a6dcc4531df06fc0b3f90be90c7bb25,0,159
5096de96ad86a5a6b719b203c2668e80e96f7abc,0,356
ac7586ab3b952f3bfb1bb34117b4896779339195,0,254
d9fcaad6f79859aba11d70349e78f7ddc364953c,0,281
5ced0587afe1ad1650a4273f4806398325c7e936,0,183
305c86ab570a2dbcb2c1eac45270f1a5c59dd4b3,0,1020
e62e1f14c70ef795f1f679b1d733bf4f38cdc343,0,155
cbc1c0298b5aa6b4340ff6f778b8cfb2e7981e95,0,221
652297b4442e2244988c18360df898fd7f94eca3,0,337
1349418bf160bc661073cc17abe89a1939b78687,0,454
c3bbda0913201d2fc341d399fc034a7158bdedc6,0,133
b26fad71c8942bf7289318851e00d623df21d433,0,551
5525877190f875140168dc585331477efb131c21,0,63
b1667e023f28c1f6a4ba331ce6f9f723aad6fde3,0,112
d5224e8da90cc41f6236373fd50e280a9124a102,0,967
a3e16da0125933926f450674ab0c96785905c668,0,132
ce831ffd2ba7aa577a63eabba0359672fbeb8bee,0,87
7dbae3479aded8f9552a5ceb4b98a26947805014,0,54
205883b6575d284e65669172d950d139176a4e36,0,217
e22004f42974aec8234a2cad8f13a0d53e976da4,0,428
ab6bcb90e43bb8d85983be311e4e2f4dcb727a06,0,343
931b38c2f083cb8f5f7ab2666849a98904ad7866,0,488
25dee717df678f2010a30360014d787854e5b0bb,0,397
67062ed058f48b8d58471da4f9163a06bcd50f81,0,527
cc7bce5a32629db8b36bd48ebfaceeab95cbb835,0,150
f840b4799a715d4a6c066641eb9bb2f89e7ab1a7,0,378
956315eaef127e1c5651f72d3e5f4441879dca3f,0,376
20c96ed79f038d53867b92228e3d0c7d5e74ce5b,0,463
1761d0c43fcb36485c5adc2c14c24329176d003c,0,549
bad5428446f5901b514ee64ff8cb90fb9bf43b09,0,582
45ec9347801f4db205e7406556d69d166bbccf09,0,151
80984fe226d174e91d16d4963a47f52b675b08be,0,445
703eb2d99294066972d8e18fd59eddcf3b04a2d8,0,102
11010afca5fd73449600dbfe941f541114391d8e,0,159
68c474c44391e0823be1471fc580605eabeebe22,0,544
6084e8fb2dfc11601a6df9de0b6f3a03f62e5a16,0,79
44336771aa088fea0d9e6c3a2ab616162bf66430,0,118
52a9dd192209941ab68ae4f403a7726b39ea3bba,0,193
7c12727dd099d7f7436f257201869e13e140c4e7,0,329
7266a8e054afd6f718047ba2e90c11bef00d4085,0,764
e94d46a620fe3ed95a89b419da0ec99510c03b6d,0,190
23e4ecdb5278feef9d120e5cb0069edb0e6cd8aa,0,192
1cd780cf21450bf8844176b804321ab76c1c6f9b,0,333
fabdcca9d54882fa0488fc8a439caa9e93f523c5,0,321
de4944c7df1961c6d9f183545cccdc7f260a5673,0,534
a34d43e19ba7bd38044707f7fe5ca5e2bd788ef4,0,139
b07535504737d5c6538ba9305f4648d67a8d20ce,0,506
6a18998a852c33de031d45435a37e9745342f752,0,76
b10f1447591db238b13a68d04693061f135eba4e,0,88
0724c97abcb30f2a88d6872d8d1440b729926661,0,198
919d6581a78f12de71e24b6db205bcb49ee8f315,0,382
6541c8878507230ccba7245a6326f0057238aa2a,0,171
f1d0a5a621cb0bb238e1ffa42927de76ee072358,0,223
429734c9dfc1ef699790f37bb33a445cb719b192,0,314
1ffcde7c2e4cdaf8fc06c38e03625fbbfbcecb0b,0,566
2ae262345147b3dccad57d65c7c825128f296bea,0,415
7c0c27ee82f121934478a8e75663a87f52792a77,0,121
8f583521451c626638275dddab9c9e782e2dbc00,0,610
cd72af0dbd25574fea2ca299de9f36c21bcaaca9,0,156
0e0aa83924ef004415e50a8775742c7c39be78a6,0,123
c0f2b6c85ac015f84ab0510d2469ed44d3930a47,0,132
f106e7b1843f3feba0928c25995aec69e99665d8,0,308
c926565feafde5fcf88854032c1f5893e1c08cae,0,574
b4dc373817e9513a6709573f43b83fda6bf4dae9,0,671
39ac0673e4ddd519f0d646395568861ee1b1642f,0,67
87f40bbeb4588e936377a39356ce03ac46872b73,0,786
17d155985387b4beeb7ff0f338c85ff3f223f287,0,116
0f503e1cc52d2ac17c52f2d9b8301c3cb5b6c639,0,319
88296f215abd2c26dd1b986a18f9078a9d73b914,0,219
b05f19a2771dd736e82a994df39da313ae820497,0,330
51c35c958e87f155ecc2a300700895564d2ce9e4,0,806
ad83d47e174e06ddbbc41a985dad1737339874a8,0,239
06c8bfb677744037e097d1dbdfe473ae6acab36e,0,403
cd884c58e63d1f578d786b05186f56d97100c0a2,0,383
2d7f97014d91a7b24bb7bb5692be3c8c7a89d9f8,0,1078
cea0040c3f2186c8ef2c84b3ad4ab5e5b8f11c7e,0,340
8d212d1c682ab77da793b379eeab7438678a8ca5,0,166
b6bb5e42c285135a8317aded0261e074f7cb16b9,0,436
3bd595d2c0e0a3e85912b81e7590bfe1ee5f03f2,0,69
8a3f0b0746cf33fd4b49c58aff9fc775608408e4,0,329
2f8a70f961f45a2417572bdf5d2db952db0ce611,0,132
29a71b49486e005ced2f1ec5d66570a62b6d4fc2,0,178
d589b61b546a5f59dbc6f30b03ff1d7779309548,0,184
566ba7eaffc671f224c141fe9a224a3b61204d7f,0,102
1b34a4061dba5a5d94b9b67a7783c36053fb7084,0,118
a1422de5fed70fe53bf3c5126edb6c69b70dafc9,0,106
a3d038b8334c9a47fe39ac4d739b108e6ebeacbe,0,508
b4d8facf82ee271d2fcfd3ba23a7c445717ca907,0,190
ac68f6d09d73e86f14fc1258444988adc1ea39c0,0,66
a8f90d25e438a25b23e6762d8a864c68511c9300,0,176
1d051999bfadfe8e89458ae088a0c79e010fc541,0,296
09eb9ebf791230f19f7663d13dfa48e387cfab3f,0,194
69b3080bfd3f0f1d5e937c0f0e843e3ad889c9e2,0,404
2340b3a5a358d83a68a9f17d8c50f6b0f9be66dd,0,380
b114bc9cff2b53bf387e64de14946a2f23a560a4,0,294
b85e08eedfbe1bc93bc82bb423788350260093e4,0,395
6dc845aacdbf2b758938fe14373ea62137b2e02a,0,450
01e168d111dfb234aa3f02550dbe5c2871e4302f,0,127
fcc31eaa9a70775ea7f052ee75a8bdd8301357cb,0,385
086babaed64e0b157bad8925ddac51403687a4b8,0,215
31c86f113d7265bfed36de9a6c0daf2668536e9f,0,466
250926231f44933a56effa53941ee7005735909e,0,398
233921dd24e6927c65a945314c9fd439818859ef,0,118
d6ef2762dc232f68e6515e29fa0cbf432263401f,0,180
51d71067ecbbec59d79d5ac0ee6ef2926f7b7f34,0,81
b45171789221f6f1fce4914df8ff93ca1a0d93eb,0,88
b4dd2755fd28fdf3377f0cee90ea43b23d8cc462,0,358
73fb76950d88f998e3bfc7fe4a08be40bd3a6fe7,0,405
575bf6b9a80119a7d8cd0b612c0f3a332209b1ac,0,213
75f0799c5ef53fa0a0e95d3e02e96cbd87714a15,0,1060
42f5875d30fdad120ade2492cd9e9b83d94071c5,0,605
3ab525e40f2c7f310d1140c226c5645024210846,0,113
d4ba862b74ee141ae19f6556d424b7b2c2882fb3,0,317
b81a9a4b55ad191408f667bbe3aa06a9d16230e2,0,306
ad626ff2bbeff2ca0b7b904fd0d6caa6f7ebae64,0,138
6bef9989126a380513a4b01ccaaeab2a996c2af0,0,98
9b099750ec66359c4461a52a0307d558f8e5cfe1,0,494
70d77c54d4b7e47cc62a16f137b6b42e1343f301,0,409
8ba843a7fe3c05dca06a9a1f8a841e07b0bb38ba,0,512
443c59066f2fc15e94962e45fa64807c28f3dfef,0,152
68166dcbe4a0b93c9fefe98e738cbe80524eb0c9,0,178
48167a62dcddf2772bfb201980370737b5d1e9ba,0,888
7a4f70071a8f6e863e4aa703eeaf88f01cfce1a6,0,634
5bd3b327299f92bc5f015d42b66ea6ddc68f701f,0,577
e5bff2cb153788e3349981ec43d2e36c9909f219,0,242
dd9156fd9924507fa6d989aa69d10b856ca9b38c,0,276
d1762afdb36bee41339275e9ebe5f98efe08f184,0,112
13b345da39785c0909f941cf45aca35328889fdd,0,561
0a8290de96e7b377d62132cbef2f92b3a741b4c0,0,415
c9a9264101dbb0fc15b84f3be4bc068350cb8076,0,140
1b7bfbf558c16b0843b09531968c0002b1663714,0,539
cd87d194a6351c41cc47df27ed2650f904609eb3,0,283
75af94535fdb1e9ded978c5ba1dd2a082d4d90ac,0,104
40c859ab68737bda35a39ab0196154b401c9340e,0,609
ef8f7e62f88af18926f30acb5750417d832b41f9,0,365
a9357cf4343fc65e8236b56a069050037c1f8031,0,152
149e4c2e52c95068e07df350a88e06965832fc55,0,502
6819b541067b60c7fe76309602937c50503da50b,0,278
4668afe7f0eb6f1cb741af526490e1e04b008f0e,0,202
24d4afbb5bb881ed13fe38d68ec7e16ac59cc12b,0,395
c939c70075f07a169c79ad94bd53216d1ec37289,0,564
4851cd314afd9a1ed06cd311bfb67e05faec1da4,0,519
4bbd8660e7671add59674f0b85ca603123471d26,0,724
08b8a90f9169455679124192fdc03211a7452b3f,0,476
4a3ec921c242657649d26b1d750b3c7f5d4032af,0,510
7aa89b4a1a5d72e9ceb32e6b3a645c935fd3b38b,0,812
01070137386686dd6968425f85e531c60c95a0a3,0,406
564588bd3294050b3035aa86c42b09cdf33dc69c,0,352
dd1fc00a7ed9fbb4266cf49e929cc8cce07bc60c,0,152
a18206e9b2b3ca6abceecb8d419aead2882b239b,0,497
4bee9f3fe763db9d747b36b8ef4808509ab1cdfe,0,667
51e25258b2cf35eec8904dbb6a4186dd181299c9,0,148
33a8de2f637ebfcd2e35baeeab250b403948a050,0,171
90e330cd948ea25b3087d12bdcbb8fdeb81cf21a,0,1972
070a993442f9f620f2fb69ecc32c5b9713863840,0,88
9ca0046ce570d4aad0ddc9426fc77a022690122f,0,1077
c518b17fe52ee9a77c681c5d64606ad923dcf472,0,55
0fb393b7d6f17f8027e4086aedd8204bcb4b557a,0,716
0abf83b31f52caa04e44b81ec00ef4271fce57ca,0,295
55e478af2c76ec1887f9d71b083fa5e58bc5540f,0,308
b14999e912ab000e8cb06dd037639d1f7b0216ad,0,68
57165594b75a3f26e97e8fa7c67a8d92296dfedb,0,221
42acff298a4b0a3c9bec9bf70cb2c4a562a11592,0,403
cd283b1da445fc4e39f5d41971173c07d16e51e4,0,301
e8269389a9e9b216f38ae5da2ad2b11a0468cac2,0,376
6a6c26fea6c06c32fdcc8f1b166cccd5a0b2777e,0,208
1a7f8ac28b48969b164707f9c8e86ea500cf14af,0,140
018ebce5d69053d1aa1bb9614207af7fa408426d,0,211
c8491ea639ca938ed60b0058d14c90e17d3bbbce,0,299
9de37ca0055e60f12a51ccdc863b3ea51f2faa4d,0,302
bbe816c39aed94c64749377b512415b489dac290,0,177
877acbbd657e1fc9df14944e7b71ea897649c7b0,0,243
87f46c6cb39ec444e5e3a553e5e59b40c5cea95c,0,402
0173f5f5691704215d1b359741bd8735057f2e09,0,53
8551dceab84885c565121f253dd1503e8c666f8e,0,156
a98ad36aeafe67d6c6a6d083e7519f95a37ffe12,0,196
8cae9224d05c8893e9cd7399b4b5bcca018c5a55,0,81
138baece9dc30019cc1d8929993d2f97afe39b01,0,588
f81349281901ae7c20ca1f52d1c662b6589f3ed4,0,507
e3f3b1257553285166a4a73b5068c63210c182a5,0,174
bfcc33776226898fc592fc779dbb253c3390746f,0,465
426d3874d78e3e0aab1573bb7be320c268017442,0,464
b6059b6a4b3301adb36fc3f09799bd33266c67c0,0,439
34f21da1a6867fb7a6838f478d4183c53f7a3d6f,0,700
6f87a227b43c7945a0dae564d57a0d61f9dc5b19,0,1024
92814e80c7350e3b40d340824f01efb51da98012,0,1008
c62b9931177153b957884de6d0753922e37df356,0,190
f3b7dd6d3dca7cc7be71ac198e74b2342e09b736,0,573
c3f042308d66822ec354bf6767003f9928880659,0,166
78c26eefef0cce83a95b2d97a74ab60adc7f662e,0,203
4827d5502702aa1ca3dad1df94e4dddc58e42d52,0,305
9e6747b033ad3f3663b8c0c5173ac80f99d8b445,0,655
72e282bd1a04b32afd054b168fe55535c19b996f,0,1255
b8225c1e44af757bcfbf18ffb3cfa45c159722aa,0,374
9289d697ff2f9077720b0b8928c5a22c295e31f1,0,216
e12501fb6a97839d0bceed97ccc02bb9f8aa8cbe,0,944
07d2783320403cabe85afa8b0042ee4c8fa2e9ae,0,302
30734bcd802fb82244b2bf1cfeb89df08e8b7c0a,0,186
2d23ef9e79966dea4392bd753a9f35cf7220caa5,0,293
b89be5854b1fa7fea9419e84e5ba8fdb902c53ef,0,201
4093f5f833604963af44bfbd78cfaf27cd30f2d7,0,359
6ba27cad3d286337dd6c60ab20d8458318b383de,0,539
f3fab9612ddb3ddeb1e7ce14986b3294ba6b8a23,0,322
804784d2cea28356d90c49a1dba17b34de6b2955,0,322
86f3d968447f948c5e9bac60ab640fad4c2885c6,0,362
5df3d4c4a6e263eb4a9507efb402020df4aabb48,0,166
55e80c700fa649e63f1b53eb46b7f000a5669aed,0,350
c8cc4f37a95795956bc046f1b94b293560cb7eb4,0,822
ee6ba4c6679147cac95de8db192e0a4f7a9eb9d4,0,974
891d3fd3c19f4cbc56d833422eb85185349de965,0,567
d00ac58509c11281a46855bafdcdb549606da3eb,0,62
7f9cbc608df1965f8e3498beb3bf2d136ec8f80e,0,255
e48770168b6bcabb286f2530fa19801baadffc05,0,296
c0f8e9064fbe886d36248477440d7083e23f92cc,0,867
6d57954eb9a477c7841e87a0654e2796bc3be453,0,403
4b3db20da2317f08024199fc0dbcf5529d05fbba,0,529
168594595d89859a8a5c718563da29c7b3419184,0,211
85a81ce3a30e160b0d4d30c71c1123a5ef35ee8f,0,969
0c5e1dc0ebceda44a1fbe4eb54f0d0df4aa3e987,0,164
a95070acb4ae4b3b5fd4dab803d004978e773e1e,0,345
5fc1eceeb2ab3c725c7b93f93ec708e9e4fb1c27,0,619
44944690c3b58bb0eaa29502b37104f91dc252dd,0,527
9fcd5c90bb2e9473432aff562f9c1a29e0f281cd,0,515
1c2e58928e040c704c51e230c10ca6edee714555,0,303
43fb706a63b3005c1e42ff65e717a3e1c1090ae0,0,270
b7c20adaa6baafd3c156ee878e137c84a062fa5b,0,694
7d52f77d6fc0a5c094803bbea59005c32f18340b,0,211
5fa46326e4978c6801422c39730d60ae068a59ce,0,294
d2d4ea4ad8e8bb7bf7602345d709d1277d63141e,0,792
b8440fc9517462bb4647819e0628ff00d0882346,0,691
819fe2518e50f740b620cc26e58c46018f589200,0,252
2edd0c439cf2925b27853d23b48dbd04c0f5690e,0,427
838390542387f27c3f859fe1deee27a19f87bd54,0,201
a0a1adbb8651ad8dee1d5422c6fd991ddc7d245b,0,567
5c95b10654aff7368dbf8b62cf08374c9df15500,0,127
b2d258e7130dcadaa6b812603c45d311da71577c,0,561
6d20355352a9b71077cf24ace79916122e484463,0,93
cf27d1b9eac2bd10aa02624443e1573260a37926,0,312
5dfe45e1600a50b4f0b507c39489c444e35d9a7b,0,119
18f845cbdc053dc4c8eb1eb2d1a51cd4e719badc,0,311
c6f449ddf2d39cec9df39dafcb3c6f5c980adddf,0,433
6068bb22f0ee27bb1355b34995b162c9a84f22fe,0,310
d47a7acd47038afc4a12c9c3bb2c5294e5a0da8c,0,752
6c15a3779e3530b109ea7353ef752fcf52ccfb73,0,390
417332dc31a957b80e5c8906edf64c72b264791b,0,393
f7f576a648fc1845eff0ac5932022a10e975b6b5,0,145
d65758c91c3f366efef146097dc8422ce26fedca,0,242
0476f08c5b754b4a2679f95a613e031c0de1e3f8,0,211
3108ac9b35621f9f84b8b1d7514713a89e604e6e,0,95
4f086e85f4e8319fa2c980377cc46540ee86b992,0,428
6e36ffd1ddeee5654d5f4b693fbfc1bf23c81200,0,327
73cca1484d35fb9c9aa98cbed11ddfe894755873,0,526
293c2ebfd1570254fb98a5e871a57e22c17e2655,0,318
0643b97cbdb05e1632087bca0f71c7762821876e,0,458
bfec040d3b1d4a2d175100c7c798acbc92b6a728,0,468
bd7e2bf3def77e2d96f6fa6a72f5fbba3719c181,0,504
af4a6759cd983076625001adc0f55d0a09d9e869,0,519
2384629761d0c72e27153fc32f60be02a8ae624f,0,354
ca159302422e0aa4d261af72898ad953b795cba1,0,317
551ef04307acb131e734e899871a71df49913c4e,0,413
2284dcfaeb2c24a060c7b6dba1c4b148537711b0,0,254
77d1aba9c80986df480e598369c20a433612c3b1,0,81
3ff0cff84084d52b187b65512807a999badbae3d,0,500
b21adce6b6771111ba536bcd3f9d6bcf0bf2e69c,0,224
05f6b7acca67d9855aa44dbbf3553333a887d79c,0,388
51511da43e83e5e7a01718e0c49db3c0a7fd4c20,0,141
833bc06197bea9f071b82dafae3a60e9d888156a,0,103
4e9e2e17df468821e0b101cf9d8625ca099e3530,0,97
ae9cedfc791e0047af8f0ef75c28df01d8d916c4,0,308
97114c860a58ff949c48923ed59720db413e8609,0,302
98301f51cb7ab7c91930306302245cd280067783,0,279
d0da1136df1b7cad72c94acb668d61ad6fa9a5b2,0,408
b76c8adeb34044359feb799596e04da0c12ba82b,0,546
eac20d05d1e5fe14617f1589fb9551577a2c77a8,0,440
7145ff071c00673d3998d713882f070b093b7303,0,350
1559a8bd6ed9e77b8ff566083d64b59294a25688,0,546
a03436764173135a45986f088e63710509aad08c,0,765
406999c1b908ecde306c10158018426c8f4abf79,0,261
29b4b041dfe9e9beeeef54db98cf2360fd7bb7ca,0,435
b5cb3ddd1fd71b99a84ccf7c5f18d2f30267a21f,0,120
29c6347fc0685e35daee0e70747710935867fcb8,0,662
35c8fa506b995330e230c885c7cad436c901dd4d,0,491
57d6d54e0bdef67ad52d343d0d982876978674d3,0,116
deb4620307c405fa62fe3f1bb1c07e5d495196f6,0,161
01cab5b0760b33f7bdbda7de8ab4f701362c3f7b,0,103
71a5dae8e3886c0adff229af933c107159428854,0,144
f3326a67ea17272d44d63777db778c2fc4be4ff7,0,452
feae615101ff9e8febaa9b904eec3f97de1e061d,0,62
a900992d5903b6fde0fbf5f510eb66a013aa7f2a,0,139
24191316a540f7e9b8c960caf73536c9ae029e1f,0,409
7a25c26ee1c5958ef761147282a31eb02942f0c7,0,206
b6dbd74b8389f3fdbf6b80de7bd46d884d5b5812,0,208
7bea174b4a6f94193fba2bc29c2f15739509f1a9,0,413
3d7ccd4d164c758acb343b217e9c10fd0d0f2d90,0,113
f0062e3a72b8cf1f2735c76ea0252350a6f52b1f,0,128
807149ed47863ad222e8b14cbf143e8142cfb20c,0,537
eb4c615019370c4338e1c00563bee16d3311c6d1,0,131
d95678e9ad14a914ffc0bafd031fde1d15d760c5,0,415
c5e1d61c86e5dbc68bffa92842a15737f639cec2,0,262
5af71ca922b754d8479e8ad1e9e932fd719744a3,0,648
beae11c20131300cdf7b49d4448ebc55693a9202,0,350
3c7d37c9c66ef1926418f784dd0651b9317c74d9,0,265
30c51e83c65a32a289462957a75cc9b899e84a98,0,887
0df15eec5e87786c5f3db3d73cef6a8e6713b204,0,322
54048f227c1cac396c602821b7e40b00f5d42cf6,0,464
d8718784d96fff98e4d234363800731cc2f5f97d,0,617
25c6f7ab62e4fe6f54d89e668300947ba02c36d0,0,291
d99fb0e19a1d87e960032fff839aca28165ec7bb,0,351
6b8db5770ca1dc991b44589199532f5d2d27fb97,0,377
3de0b3f6bd82941740a21ade8184ecd446d79748,0,87
ff3d2fd1ffb1490c1869c53e987cd3fe51372e5c,0,173
03a0f48d4565b86d7ca33f70a9065a2822137a01,0,253
7dcedac07e368d58865883af90a8728fc9510155,0,2433
a956886c23f1cc2b08ebd2ece84e7db51d3f630d,0,126
47c07299573c751046fcd3b4058122e710739c65,0,76
fca2c1490b59c77598c5ec90fe25be12d6384072,0,300
3169cdc220618fd2f51d0aecd4ae9cbfb893baed,0,255
0cf402244b2877c63eee3c459d9cd37758fe628b,0,439
8b37be621f54aac9e96c47083b2435818eacd677,0,223
e124ef0aaa637481cb4b754029662c95e38cfc51,0,151
7f64a682a23324677eda03aee1148376ae53a2c7,0,254
0b1aa05eaf2ef4cca3ac1ac614a7a828785b6703,0,693
8903616ba60062e739d5c313c4233e1027a7da4d,0,406
4ea80c9d896e587813c7ed5819903e9d78df6b6c,0,469
9124ed071b5af1a233d6f649e6ac4f97cf6b1e38,0,273
d7c6155d80a9ba7d73a1e1d71a523176433709df,0,56
5b907407e6be91ec92a4cc78ea3469fd3bf8b55b,0,535
81c4c9fd3313a8f2fc389f69da7f08911f6c312a,0,148
588ad7ebffdce4b137f2331e49b986f59f0f73ee,0,1607
0ff74aef2d5b1c37b0ca7dddea33fdda3f04f6de,0,281
00b7e247efcca42a52e0cc57494b9d86c572d17b,0,592
3409cd369267975036a74328712772853b66e73a,0,108
dcbb7359edd7007c9c105dfff65b77bea556331c,0,84
725bfd72d8debe29655498d2d66aff1395d65c4e,0,355
db642801d852d34e49e0f2cdc261c79415f8ac25,0,411
36bdd558ebed2e3666f67b242bf02b6848b1643a,0,253
122f6764bb0caae2c16fe9e569cda14244c7d5fd,0,437
651f002049d9847cfe6e7194302daaca2ec9461d,0,208
69e8c6fcdfcd9be1beed9c59d1ab7c56a11ad5f8,0,262
c19302d376f35946be2832af89bf034edccad629,0,351
3440999ceffff32699ac4d0af535174a4e054035,0,375
0243f4fc8fe247e48c9e31f8f8a6f3de9123a6d4,0,1094
bd471e6cb3eeb698ada7caef5422fdbddc064598,0,197
ac0cd9d1139176f4706b52db6f3dbd897a4b85a9,0,188
2343dfab78d567756b7e4ad9d7cefdd7d1ca9565,0,267
e11e6b0674c0262954dd77ae810f27a9a66c675a,0,296
f058e07a5346959776907b3d5426fc61fbfc8790,0,215
ea4acbed9d97af5e6e5dd5f0635ffc64c08816e9,0,194
1eae851fbfea9a73b807ac816a58cc8feb563050,0,260
af63bdd3b15d0792ce62110c76b5e7c1d02a8a05,0,533
e3838f38349c4abb4f7eeb88ed47a7d06a8e3834,0,119
c999b62dd12396962da2d8224ae7f30c390f8ec3,0,537
e80e0b977208cd59c18fa4d4dbea7ad864656965,0,340
e344031dceaf2769e6ee31ed432ea0f12ca2b8c9,0,1041
586e96ece3cde1534d01691765027a0b19abd9ac,0,85
0d0c3fac7efe1fb30e1def0daaafe0dc0d0ca9d3,0,121
a3a55049241f94db99765b4f3c7710f5d736f2b4,0,943
7be3272bf2ad558873acc44d23a804daacd7a434,0,478
a07a67eeaf91c383e10178d2517039334750f335,0,358
90b9fbcfb8aaa82ee5061418de3ce448627b2e4f,0,503
3e9727b42a11ec7712c70dbbda87b9265f7786da,0,619
b4820a21d40965085b08f2d04c352bc2d92f8a89,0,561
963ff0a0e3f45f32c5899af63533d22b367dee76,0,118
87d297f9463811542af1e49fd48266ed70e989b7,0,240
2f294ee7b9e85d5acd1f32e14abea836206fb986,0,249
321eb4f614d89a09b576f35525a201813b6f549a,0,155
e40d44e315ab29f021456a6ff9f7e3ac8ec5ed88,0,187
0a48b612636ad0bda510112d13dd456c75e01bbe,0,141
5faf9b82eb980745902ea82edf2cef4936f7e717,0,869
2bf774eec89bc41360d8bb3316885bda7e78c07e,0,317
0849e8a2b491ed168b953fef69d1baa4f3c8928e,0,318
2a6498910a6e1083747367d087dbf0daca8e2bea,0,485
e24780bd004c6d1d0dc787cfd63e824070f8fb2b,0,443
c44ee941098392df49581948c528fd937343112c,0,472
0cda6127a4bc86642992e110d7e3eeeb22678f4f,0,373
07764428e66b1d45e34e3a7fac149c7becd8a3dd,0,138
5424ddf31cd5c65067f176a74ff888f68de25371,0,248
2692b71bcbd48f6e08511efc78f9141a12d8e15a,0,343
673a9288aa34fcb22e2cbec5229ba66686337b37,0,99
9690eb909b649adcae39e1f49aee8b971c89290d,0,325
18164167349ef072095cc8c233c63045ef5e5cbb,0,91
5bc3820c5b429844709ef8f75c6c2be4dacfca2c,0,477
caf5eefc1bbcdccfe0a53faf5c8cc124769224db,0,119
449ed1f83e9c7543e9c177a35da2a321f1dde9f1,0,984
dcce4f423cdd56036dcf9ec84cca21203345a71c,0,488
5548721d124d6618092b50946cad7d5053f273d3,0,199
6b872ef6af81e787cec4ff8404d14c650e344574,0,332
31b7e1188ae44a5fb30a301ddd286c5fef5286ca,0,300
a67a0cdf0c191853031c00d8271ff7a99b82cf13,0,180
44b20b9ba5c36476579bab3cac20eec3e08b39aa,0,643
5c650e37d0c57fe50e81bb65900fd9b32f872d43,0,112
0a6d5c53c865f09ba4a10f05d5c3504e237f1109,0,187
8f987042b2aa3cc2163ad63150edb383c0b8cc48,0,52
de1a799fbcc321877572d9788c82b96a8f7be6f7,0,721
697873093ea2e45c3665e5dd31af6210be989e0d,0,454
4dfb0b4fa72f37bba6454516951dee559d030c08,0,70
d3198c1fbd3c4a87b8f3d2ab6ae7f061f63ae2f6,0,555
2aaacecbceb874b86e19af50af12969bf5b64914,0,644
f2ba6e184f99d16e9657848b884d30cf6ffd6e2b,0,637
1f5a0fbc428a56e082823fd819a30cb8809582be,0,272
eadae244b9b8f30c4edeaa5cabe5104721508162,0,75
7d1cb824cf8de4013075f8e57a15a2e9b0e333fe,0,838
b746d027d95afd15c52b9a4a4345b8e3c4436b1d,0,591
e3a636b5f540facb43f657a574b6dd4a8ed78356,0,832
639e6e9890773a280d0ef6b084e39753e39b3e72,0,419
80b552299f6780e99a035a09055e7090a47b6574,0,153
a02b254e7ea97c7c7325483a1e24a073104e005b,0,269
279d275095e3c65335db0f060d8a557bb85c4f3b,0,157
2334161d6850a3c7051844951c8ea23c4935cb93,0,362
086c0b59669182b79a0109a9716d7c99e075966d,0,1364
ffd8ddc7be02816492fd49337c56e5d7003de805,0,517
ddcbc6e7049b6f59c6a1fb756bada017be549203,0,424
03714a8da5109d06586b219867f4d5e2eda25d22,0,201
11a8bdf980714b230356c0f07adb353206ea7beb,0,1059
accf9a87cadab7111e23103e03f9b1bc97ce6565,0,893
b18b674923d129e8ce0b3848b865e0dbbfc35c2c,0,365
2799d07ce0209b9988effb2ccb9ad6a04c98e451,0,184
c67ba67b88cbfbf06cab616ed19ba82bf9ddf896,0,199
510ce0c4cc18b018ea435523d6cb05ec32ff0c14,0,402
49582537120dd218a5fcb40a1ded781e13d21070,0,118
a37de43bfadc19ee23f24555a86bd653ad60c419,0,464
af3a3d7e8e4f1808a1cc7edae1fdaa799df3fdc8,0,498
407980e2cde8d24aeb9594173ad5f9a78fdc9cef,0,252
d3cd6e8ed152ba95d5a1eab842875640d0008c2e,0,460
064edef3929a32dd7632041d17690a06fe618af3,0,1038
0954df716bed5a1757f71488d300f60a6220d47a,0,649
44466deee288085dfb24b7418326237949d4928d,0,628
b3cd8f7b28e55eda95a7ebfa6ccafc2c731b0d78,0,72
7682eb540630ba3cd576cd10a7fd892c253fb98f,0,453
6371d974f1ae331e26cf4e3a76c3dbfe603068b5,0,652
3576da78299b736e43db5c823e2c69f4a009c516,0,427
d88ed60971b17e8e3e5cb289d061ec56b47a31d0,0,146
46439245971991bf89f281b518859ab7e262a23c,0,537
9afe438e6736ab161f0ca3c31b622b3770e2a5f2,0,438
43a0abc2b16f4275c62522e151e292eb4f2e1a64,0,149
1ab9bc690333249770b03dea2f5a9cd2007f2b6b,0,270
5177ad7bd777b1503297c61347c7d7fc282c2512,0,113
f724c512ea79cb55028f19e842b441571aa8f12f,0,310
99a8332d6206f2e6e19b7715ec014427ebef642a,0,213
b071cbe2001da2111501676032332c84a1a10295,0,118
ca9063e4e2942cde7b50e8a9f8e9a522b47e203f,0,170
3cfd7be151a9f0a6bed6868183537e850ecb4c37,0,464
80a28618b1bd40a5300762c4028c563ddfc0a386,0,989
8e3ce4758aed395c063f38f4dc07578469862038,0,414
db54018d81297d320025e92f2bc7c9e04f0adad3,0,367
e518910d0a68acb82dc4f22ad57dd9ec9c24b197,0,100
232656c4441c5e6eb9e95d28613f19a7a1dd1b2f,0,204
e98eb8864ce19173dc5948204ef1b2eeccf0b7c6,0,477
c1b195b0be90bfb897bc5a0923b37a57c0c9cba2,0,537
c10146d1037f2d7d7b5bc856d5e348f3d648c3ae,0,386
5ada75857ce0fab831f57a8af713d09f3d561fc8,0,257
9998108607bcfc9e2cb9703d6f308ede42ec7404,0,779
f741e35a142458b11e262d639639f76885f99cb3,0,447
c4b5506c006a2ccf977d27ee5e3d521e856e67d4,0,289
11699ea5ff847683fa170645f94eb79ea4e4c09b,0,312
e6d9e5d7c75d7ecb414d72bbb00b9f841ea7f50d,0,209
cb4dc708728a44197b60051abc5ea417021450f6,0,511
ca4602fbbaf7e6ed16e4e8a292a13da8de7cc18d,0,260
04094a3c85b0b66285cd04b0a058c0c3c7013b0c,0,208
3b3731b6c4c4fbaa5d4f2a68dfb47b29df9237c6,0,249
dc643c6a2ff4fe4b5abd16a52201083b576b60ae,0,216
ecd5a15e73847b0dca53eff890f444c1c2d23215,0,113
2f4a2bddccb1a039f3b441ddf4fe11871c5b8012,0,157
c6a8f32168ee54d76dd210a9a6565e6e4e6d6d27,0,88
7a5721c8302494babbe94f7d90797cc184246786,0,71
0187ad2c2b0272c146c98e2bfe42db19787a7ecd,0,259
6655844ede85b4472943e9717977d21406955700,0,53
822383cf8da8a1f4c0809d46d4cef6eceebda61f,0,269
c0d5c9d2c98dbf80bb2da027c4448e3ad0cc34ad,0,180
aec8075d76907310d566a66bcbea86fe98d49248,0,230
4e5fb8b102b10ea7df9e50fcd5d9ab623cb8384a,0,89
ac891c6cc8e35f9f036b2721b1ea057c5eb771b4,0,690
21fff82c9f74de2408924bb33e7f50561f5cce6b,0,602
c1c4fda0026562d129ea9d47d9a6fa7d1cc550b6,0,398
ca43d378e7f6b18204e4b5f002602b7335f3a499,0,120
a67d9c41edc7d343926986a275e2d411ac4aca94,0,187
2b45da95c4c16de20a087f964a163f659b3cb40b,0,281
91c471764c7257e449fef8a82d189ce4a7f443b8,0,146
d66f1b9e11ba937f877e97442536a86fb10dad43,0,378
89f109e95691669359ce21ad4d8ea274633e9269,0,181
971830280e38a829cf0eca03d1f3d9f1c1bf9f74,0,407
bcf9414ee6a1e4e6aa30cc84690ec5a0cc16011e,0,211
7ace84e4b53b3b75f269944c4cc837945ed7c49f,0,208
4067dce67c016ebfaff33d62ff3adbfa3b442e56,0,506
655babad2059b12213cb3920b1f024e32343f943,0,422
57e9a82ede27722c54f47614b533d3be33835a60,0,673
3baa3479f986ec88a7936cb9dcac2e254aefd052,0,583
fb1e9d57800146103a3bca010861911f28ae334d,0,89
d6da1ce9df3b04b92b52e4ad1076c6b0b720e85d,0,400
ced9c0e6e4bd05f34de6eb921ca4de9b41deb7ed,0,134
82935e6bb3867fe60a411c7e7bca1cad8d69ff60,0,575
f93027fbf41648d73d03c6bbaab90eed7f5601f3,0,201
c945654f4e800c06cd930a3ecec8d7088ee37677,0,383
083af886b4fcec82b118ac7025aa68a3b7d4220d,0,146
56795f4615de2d1628bf1ba3836a976e165d3c85,0,412
707c0c987e8c5d0a35cf50590333e89debdbc92f,0,189
72397b8159e5e316d99cc5f7103e8190639c46b5,0,512
efc51216d3469c6492f574f0fa79c518d6b233dd,0,264
e1d25565d0ef5aa248a50d9afc4ecd6691271d95,0,121
413a8e7193db1304bb5a13a3aa6c0db3fac071c9,0,524
414e7b995c969378ae195f8825f025f17920a965,0,301
e2c98c608785a929c5891a3a7a3e57528675d7e5,0,193
119d80abd1708e7de3ba7119463b1afb29658cd0,0,285
1b5ae7131f4de4c45e73aca8918aa0b9b51600a2,0,426
aaa9a93623e5b7a330a7f7995ae28bfe531fb45e,0,84
9f2bdb75102f374a930a51c932dd4d372c29084f,0,277
d20d180f16ecc74a21cc065bef87e29407c95760,0,522
bf0b62167270e5132f5ebea45c460d162ffd1364,0,933
675e6f84f73551b66eaeedf123686046181fe5d6,0,70
d9351e3f8a1742165854d9393a2aad296dff50ed,0,1159
37f9301db5d81c10882b5f11836f32d51aae201d,0,98
1416eb779e31549879fb27d527feb170b287c23f,0,77
f8715d1f80f9cd09b572db2d3d709f4c38c38733,0,476
5ae8b273f7acf992ba3e05512f9eeb44d06be692,0,384
901f694dbb489dcc168f5420119e3b8392445faa,0,313
3de8ceee6ca330269732517e3bb0d8379b6ae4b2,0,379
e292e9071f8d8143a435b5119b8b05499c98b6d6,0,485
399b7f5c046bca4bc0486e5f9e2ce866329f0e50,0,1251
26bac995134d741f5ba53f1e5dce53bc61467bf4,0,149
fd0d162ac9b1b003ae10ac6493ee32c399ffb360,0,250
7b367ab7ae8370b4bb6e123ec2170b596d59effd,0,361
d79513275c4f75f6f82f664a964a0e8277b179e3,0,394
9ab86b2de11b4ecfb09967654f086d45341fe1da,0,420
d7152f4f82e8984866f56b7238f8a7e581b57729,0,234
901e9cc2b6217d75699736b099422a669d9382ee,0,77
df2f55556f957a37d1c8c36460cb54194570b39a,0,613
5c584c897a09a68d34740cdedfbb29d3fdcc866d,0,105
0980be67b0a1974d0f345bbae096bb2e4a77a9f3,0,200
0de61f3348b0241537b66f4cf4e9d43ac745d6c3,0,445
06bf2b10086ffb6f4cdba36b99e9aa5352e6907c,0,554
6eb0978d8e5e7af7dc73dd2b34854f19d1be8e3f,0,309
2d3c22ad0cb2e9cfc210f6e79d89d530f322f7aa,0,662
9e5101d158cbd07e60d7abad80ddf27414cc0bf8,0,522
5faa445a23c85a3ce7f62df1c0e3b84438d6fa3b,0,503
67799d9ca79428573e012ce2b9447bc068313785,0,85
0bb346136e173c0d840f8e22728627731efe74f3,0,175
c487766b9eb7aa7aa235159649dc90a204d04eb9,0,240
d1d581d3db997170a03a2766696e64a001f7debe,0,83
7a853ceec4917b0674611cc33ccda3ab1b0fcb85,0,481
06805957553a908900489ae5f0c6b8e5b9be2d90,0,619
646a94bc0609ffe1b3bd820ce0323f08efb3edef,0,127
ec502c4f275cd56198e7cdaaa9fa9a9f71e14c17,0,244
baa6568d5df164375ec910d7070c79faab66f804,0,160
6f6d1e38817759a9562f8d1f05609c0e294f32be,0,170
4ec58f269905fbaf7ea32efbd3fd5bd22a95e11d,0,171
347e3a50668fba763e4fa714d6242add81269b27,0,409
f73768dcc14d3276be563976f97bffa55244d770,0,605
0e4ddbe88e664728d6c547dfe0bd8a53fc6f86cc,0,362
c59abfd5268bc6ca68eb2b051761bda073299ffd,0,649
a3abe0d4d8a88db353397709039b2f09e3f51dc1,0,692
366746a7c23b3b4a6bcfd53b5b77bcf841378d61,0,107
ffbc2ffbd1d8a46073ee78b82ecec091a930ee07,0,596
4df1469d9eba9c48a4f2fd6a0262e806d41a8ccb,0,107
f130a83b0bf5a2f358f27f1cb819e272a834a202,0,76
55c605bdcdb71f1e5d28d53331e4811c901b0327,0,218
adfe99c1e38611ddc97685325297a642dbd66473,0,141
7cf25c9a6dbdd6ab355e568ca5af00e39f94ab1d,0,141
9208fb3d7201ecd7d7ca41ffbd3c2b8d1230c344,0,832
fa195fc9a4f757f91e7c13fcb253fa1b93df49c0,0,445
cd5f40e46c29c0fbc236cad2603ac95d128e5b0d,0,274
5db49219e86553d191d79806cd0903a8bac1b423,0,439
38d17266abf4928b6bb26d9339627e289a20a752,0,393
f9b34f87ae253fd6ecfd5a6c6f560fbd82828169,0,92
87c02745f470f9fc0b4d9bb22c5fc99fd02bac5b,0,514
56ea5cb70458142e70239ff6aba0d846791c1e78,0,903
b00413768dff1a21932a180e93bb5b5d1282efc1,0,470
d11f9ca3ef63e66ce0e4e6428e173a7178f6a8fc,0,824
d4a9f0b7e09e86b011a2922d6b5364f4ef950475,0,309
a516f294a32d2d5b1d351d7782393b3f696e2558,0,110
c0431c06d75478a67003052a9e2ad0085a2d755f,0,444
6231e3964e467eb506ca2744742ebba17a38f804,0,655
bfb92f6a2317794328d65a8dc901a67c036a2752,0,572
acae57a34739468a09e0188e178d78c38589893c,0,309
a3f6b9659237fa51a32edc94b270c9bda9eee588,0,171
ff1e5fd15ebf2905b446f727f3747f217d3e7406,0,271
a346d7fabeea0f4a2bdbb48be642cb4709669ec7,0,172
d037ef0e856add8cb5a941337e1017b1f0057e11,0,277
f9494bf34e4d5bb17c1b0e0c1e48a9412f2db161,0,65
e82919f0901bb6a7841d97a3c35d2467e63f25b9,0,131
e4b2f60f2a67ddbe5b9abddd815c472837a74ade,0,179
77ed187296f73e78130a697faa406f45ab85f34a,0,189
57c38c5c9b705ffeedfc7ffbd8df9b3b826375ed,0,147
8d7a085f22a80ccb25eae731ada37b88faac0d4a,0,207
aa290993343a94d40fadf395cb155c8026209a12,0,698
a57dac4592e3421ee9f016fd652e2485b9158725,0,578
74dc65424e526832a61a7909b7f753fc1de99c4d,0,508
e19859bd96e8e98b67f72a178742dab5037dffdd,0,1438
3a0d3c4deb4d9189e83ec1db48e7fe7c196e09e4,0,398
cb8ed461a34b6a490e307bdeaabbce1d6890ff82,0,428
6622be4bbcdfee4fb4abe8a25b94a185476b08d5,0,117
0f34522e3f7a5ec15f285bedbfa17f4fd8837c11,0,258
88038dc91d4a7a1a58ac93489c095f544bfeea11,0,61
b901634e57c00b9b39dfdfc2068fcf26776acfd3,0,445
c673c2028086eeaf42c08a0e419623bb0b0c356c,0,275
88fa645afb06de89981080fc463d275702207c39,0,146
0061f111714c417221c8cd22caf3c254cc6fe83f,0,415
e88f3f5907a4fa33230f63a8b8279aaf29e971a8,0,454
c8b9722f2dfb8af251c1e9a919637c99940bebbd,0,641
1707f13d94a7a47d6434af184dca75fa5d9c3fc7,0,213
e1fe6036996c9c228d003725764fc2a02b844404,0,757
f0572773888f88c520fe4ca9f11104bdba986aaa,0,205
7c80332f2a982a3bce26c8bbebfe5b2732627fc4,0,835
2509d8d1607157e6dc863e82d103b3703ac707b2,0,329
ff07a4f17ae922372fefffa7195261231c3c7445,0,341
dcb33ddd6c8fec1c3f47e430d63dd998d8f2d1c6,0,453
c315c69550454c4af5a38acc7c8ec75bc1ae3a25,0,86
f69f5ff95f7a1e57200048c198f8e8f48122c1f3,0,537
a14e6842741ce698f6fbbe8bdad883fcecd4ceec,0,150
504dd6f02cf50055548253472ddff4e4f0afedb9,0,328
8f87ed1e685ea658e5a94b173dd1ee0b6274d8c5,0,571
9c0d06aa7532849a1e83233f61885b2686cf50bc,0,344
81f909227a043c29271434572051141fe78e7867,0,383
dd845432acd786f7c4dc32ce1ce1204a7bb253fe,0,200
d366a34259616732460b7a406a5144122f428efb,0,469
7df1048bada5ad43e8d191b625e79041ad00b718,0,264
3004c2393a8c93ae55e401d59cfed54eacc90a77,0,34
ed08678e63510f1ba6130ff91bc59cd45d425115,0,771
0a1e8beb029fb9635678bc98f4467a8aa9eb7745,0,380
3aec5a8dbd2ecefb78a2def9668de4c770a3da29,0,168
708727771df57a441b767b57d80e23066293cb08,0,108
b816dec8f993d349a844d0c17011c8013510bb6d,0,354
12d3662955429725b463e64a762959ff859555e9,0,333
954437af22d05c771ce9b29730e9283e42003270,0,473
a92322ee75d313f9341757c99c26cd9ccf137d48,0,115
e874b63f31be00f072573ec0b8ebcbe7cc6cbb48,0,85
400cc8d33399d9c3a22ef5890e0ab4d860beaa9f,0,549
76df440b5070b27a59c7dcda047b8d798b1a3bb0,0,234
02e8fcecda27cffbd175cf17c6bc7cf19288e233,0,299
3c907059c8bd7c3e138d6ad684911426ef4a7644,0,1039
9a4047e469ea57163361dca962d5a7f4829c7af2,0,316
5f6fe24092b0eb25ead00db52ef98b3d4dc2e2e5,0,388
285744ea3d7577b9fe67f1dc4f51f1457b73e941,0,300
c55d7a83d2451e645b459d9fd05ec3fd2e8de716,0,475
71b1c174be9fbaed9919c2581cbc5ce6b9a11395,0,102
a3997843a9784d215012264cc390d0d615bc6cde,0,635
351c2cbac01e05e318e6873d354a4e7f26e848ac,0,612
52cabba49991c32f842bf0e49b96ed51f4d3000e,0,295
afd03dd7bbb518ed9fb3c4c2627f8f2784dae3de,0,390
c5470c8e635cc58591ea1c627f401dc81939b26a,0,100
b8764dcf09f09b937a3e6253aa62e7f896eabec1,0,217
cd62bcbc117ddc767984360aa138f4647cb71e58,0,137
9987b77adf0dd036709bd27aa55a3b59cff19cdf,0,610
db3d23520d525579d4b053eebe98a759471b5210,0,165
b372f253f1120f2fd905d0ad209acf3737ee2efc,0,556
1b2195128cc435bb604c37627cbcea8b3e5c7b5b,0,148
7268e93e53cd90382e88878ef9e221ec065b3e4b,0,118
2b0bad3bf4666f8a207d3a45d777b49210d04c02,0,239
b8c691e55d268c272ec04380aaba39d5adda5630,0,423
968283ba639d9307520bd1af110dbae84edfb8a3,0,183
f7f797507992b5a54ecc349781b7fb56c4ab6dcf,0,319
1e1fa9fb3cc1fd4b8b4dd9c673a8ae29a873291c,0,316
58cb6b3c57e03cfef70a445eece094def2fdd841,0,493
6ac2b91e557a8e11a7e955370ccd1b2794189226,0,110
d29c82d2438f27bb7530944b650dead61ab12ba1,0,619
066787de5281f7eae32bd63906b6454c12ee0eaa,0,381
bd0cd2ae13f75255eef63fa52c6c00434ae5aa82,0,344
c1b3d4499f49f95f235accaf2d4142c6e2cdb26d,0,172
1f79993b0b435a77f342c87d69734ac2d543ea69,0,590
ef2fb863382dd3fc87dd874e14bb1ab13d32da33,0,191
5a92fff38a74ff1b8c4f0dc4621201116eb62067,0,311
d1e1142f39d2bf2e97080f4fc113088bd967254d,0,481
fe73c4f6461f3c560980b55611134658cd837eaa,0,367
aec2ebc39bd48c7d556a31edc24948b38ca1f78a,0,263
29b879cde48796715f3bb52f4d5227d2d72973cd,0,78
daad618f1f9b9a9ff283e594a61ee8183f02f05f,0,273
0708180a4b490c1a3da45b5fd1b01e6c70d58acc,0,292
bfc47b91a28003d3f52254ba814f4c9f1602344e,0,188
feb6ae2c4ea8dee65147301d99817a588553fd63,0,470
4c136e4bc078ef18ae8307e8569a86fa5542a6d1,0,78
69970088a9bac05878eaf87243244ab042c6e6d0,0,170
420ebcaf54f2fa4c32b02b21062d7a27d28bedcd,0,108
f23d71aa5e5cdbd6e908f6291a5560566c3184f4,0,561
3b5c74baa8b8e76cf94b34928437f56de2f24f22,0,58
b171fa0e44ca3c8b03bbcb807f57aa59d81f1380,0,282
3976f87c884a78acb819b7f4dfaa682f4c1de54a,0,1531
2cf2824db458e1a2055d07afdb3143578bc506b8,0,422
058bbee2ea99270a5038839b0da2e8a1ce433d1c,0,172
b08ac10b7aa737f42080d11fb589f787d4d89036,0,210
d2de87776fdcf4c267b136dd4955d8e125b702f7,0,208
d63b60a192aed7dc43f1ff5e13cc099e7e852e81,0,451
06d75d62ec24c6ade9689f6bd303416f3eef6248,0,115
76bc436fac5eb70d6f903837289ecdf5d238dc1a,0,141
a274585beacf63878652889f102bfaab035f94e9,0,244
c862215113598ee351d661f50d021be9a1c03883,0,268
18568d827358fe446454ddd9a3e81b11299f8481,0,161
cc51d7e43872e435fbe6ec6817a24ca073553594,0,344
9a7f1951be39935b1ad38f57e73b1735f370e433,0,283
80e3c537e309e077b6a227b70d2ffad86ad893a5,0,804
82525365e78d98e1453da20fba7d2a7edd253e9f,0,245
2746035f5fa029a6776f5d5f73c4e22b088e1b23,0,608
6db1e3659344fdc009f52004be7d072eb0992ab1,0,172
a556e6aa4d222fb7172b8c832a49e99a50b9f76a,0,224
69db9ddea70bfe3a0ad785636016aceec0819a9e,0,155
bff6ab853b7d2c2684c9deba7a24657c2d9622f0,0,378
91d636359c3332ea363110cb427c373435c331a6,0,516
2893a878c7c78b062142ab47259c5eec83a4ecdd,0,455
eb69c28fcb3d2626328c04551c521d2bf26c7c29,0,449
5547da69a73fc801a75a127d14b79df2b08a3f65,0,227
dd3b6969abbaa6654d68eab35a9eafc10b60a545,0,541
65dfdb4a80e25b6dcc57bcbadd761c9e28602d08,0,376
1c4bb261e10f1347891b955d68cd7a4bed7f2164,0,448
0a55dd3c324928a4b67e9e6781071421b375d0eb,0,450
4d164fa782f301bdad81d1acc0abd4b5168685ab,0,353
ec363637d4a376b6f40061c0843df08f6f5aded1,0,263
5a8299fd0cee6accc0c22abb9e6fff5f030e0968,0,853
f2fdb287a56a845d309761e3db5db269b9dff5ea,0,300
bed194b9717b1e45bdc8efa695d9664a0490868b,0,137
bca3083b04312aa189483d04cc0c18f19287d403,0,54
33587ed0350a28b2aa19c74eefa44e127a8f30b7,0,383
4edb92f48f5071d12c573c99ffd935f364d85aa1,0,464
0b43d3fc9e64cffa0e5e8cabfa7c5a3b06e58a7a,0,185
4e5d859ebd1e335b05051cd14bcdaf77f77187f8,0,75
2d83598a36829213bb498f6e448168f653f8b4a4,0,254
404346734005e53ebc5f26b937d66f595108aad8,0,322
e62fc1fe5c686bbf0ef4ad10672c6bce8904688e,0,68
ae781c14bba6091c265d9e1738674ee35984dcdd,0,274
5ea10ed2611449b93ab5f40faf17f888e99bbe96,0,342
5b84dd35e06a89d13aa3d339a3d413040154ff0a,0,564
e62904271c0000abb3dea570be40faa166fa5150,0,178
f2bf1d1d145338e9e30053243fa8e06fa2163a9d,0,353
e4c9b690e671b094264c000cd9bc834b83001532,0,206
883df86e4be0d6506292e02ec1d062c61caea4ff,0,258
c8cc5127fe32ef9775b76f6ea8f00988207fd980,0,234
0912adfdfa7ed7f3050048e1bb2ced0fa741a156,0,421
a54bdd75e5f2242ed00a9e71789bc16c49be3d92,0,315
71f22f62cd3381514ea7fa19d86ca5cd9e116965,0,437
ea7ec2bf75522d4070a98bdbd320dd664d23659b,0,795
8715dc34400e37db82378f3dae391c3fd72a616d,0,314
261fc717ecf2e60ac690228d8d32fd51e97245d8,0,242
ff9a81c7f3cd3c746be95f7d4b7544c4abc6bed6,0,115
209d117988e992411a4fdc8e373b65e0938a7daa,0,192
cb4991fca295de4ff8a0ef38300ab8608d50cebc,0,132
3c8ddea50525c32056679b3e9754fbf6f4485f65,0,362
48c48d58e3891f011eaa95fa0ec423a3a89d5164,0,68
4985f96eb8299f4a3cc841909ea9d588630e1d38,0,83
b364c6c40d257ac4061415fe20c75b8bd228b68f,0,718
212caf35041a1560b073527cb4259b974b8b2990,0,429
a3e908fa9d6b88c1662ba3b1d52d076531a0d79d,0,449
4f7ab5a8f2d5e0c2175f51dfbccbadaa60ba57d5,0,439
18dc387432b0071ae1c9f556be39d445c030160d,0,752
3a69b575f7c651276e371a11fa4c1db6596f78e9,0,275
caa82f8dd62dbd154a6940f066717205c626fc17,0,100
24661330a524462dedd5a57c60788992b2e388b3,0,226
d83837ecd6dedeb7ff90b3914006e3cce10db417,0,204
2b791cf27dbf269068922d551b4cd2433bb7455f,0,308
c2ebe36062f2b0a63fe24ae9400c3e86dbe72d20,0,152
4f4239a34c9468e8716dc7d1bff1eb40a1d53c66,0,105
c699bf804ac3f9d4e290397987c938ea66bec78f,0,843
7864d079ce2f22b545adc5cbf06c53f3fdf5ed2f,0,106
845090c86aff05285d1fc2d9382ff712b92d9d87,0,353
953c8ae23d1f74dbe482aef1af9556892438e122,0,246
264198ceca0f564dadf9f40b48d8149f6b5d0bf9,0,109
d0c2279f1480843bde1bf6d5315e99fa1995f9df,0,69
bec8245a6fb8d4f89de62b98097fc63301b84acb,0,429
74832ffeab0d42316023b55932ba8eaa0fecad9d,0,529
302338e839b6cd5bdf2505befd15ac067a60e7a2,0,324
0c2db7ca78a479814e2998d4e4ca60e213877596,0,332
fcd51a6ebe4731f90609fa7585593e5324f4763c,0,151
1b127e4d33dcde59c4b63a25bb30cc471db1fe0f,0,606
27e6762e9a94492e02149196432d7917537ea06f,0,522
844f60fb611297e88bbcc1fcc8b5bec31c3fa551,0,82
e021d712f8a484ac7225a3390716c4442863c113,0,59
49587092dff83d5008e1024af0599cf03f677ec4,0,776
73eb8acecb049618fde6bb9bb2cad50e9be52d57,0,281
418d94e8dad89912e20820f52bf174b12385d523,0,313
579b5e0ef429dd3d20370baba179445bfb8992b2,0,252
528de803bb0e1ea481a37d7b258e5c52b2b90580,0,130
f4df54cf1cb039ae16b323d2506c1fc12b3d2bc8,0,418
7cde1d7adaaa3fe1d46fd4225c20db159eabf39f,0,463
b458c5aa976719feb0115408528bc9e5d5399f8e,0,474
6a77221662bf5ee4933be0b8d9ee1bcf132a4f83,0,486
334d0e894cc1f79427abba57b88b61e8411e2bb8,0,81
35f32eb5161ccf136f25632bc2c999128cf94797,0,136
1ae03d8c9dd097d9f7b947b39619274ef472f673,0,262
b3ab1cf424a019ff2abee2eadfe1de4be30c10e1,0,526
4378c9e46fa7f90a7fb78f9a6ad0571c7feff637,0,812
a846f08f28bd2656859315a20355edffff0b0187,0,315
21424a21deaf9eae67b7f2cd53a9ad84f62e1505,0,597
1939cafa0788f781ec130543bd3c49553f6bf1ce,0,79
3d15d7a9dcf7165627c864207eec88c5ecf72081,0,135
c2eebd9126b90cb43486c04d1862ff22f4338bb2,0,198
19d7104d0ff34a2cfdd7054205ecc1e7bc3ce68f,0,764
266553fb78f6e9f04548b4d7cf0c5bcd33c4c5ba,0,231
ca960ea12d6b7b0cb3e7f3c846d4681b1802088d,0,406
2cdf170f4e6c455217eeed6dba16ab8a89eab5d6,0,374
eaf27aeedaa33de8930dad58ef216b3dfade8980,0,140
7b7fb88f32a74f76712c267e6bc868ff29739509,0,93
a4eac00fdbca3a8c27de89ad7dd5d37138f567f2,0,257
7189ec1e2f43781c2329845c1c48dd4f7cb7c749,0,141
4a8881607c58e72101476052c6cd47b04308ca46,0,254
2c5307470136c3515f606c108d80d77b216397bc,0,281
22d1f7987668252ffcf38749172b542212414051,0,139
b2c38c93eaef3f53250ab082780b96f0e02bdaee,0,536
dfd47b6c60851506fed07495f9e7289224b77c57,0,292
56adc0faf5d110a711575de5cf9ad421ca371aaa,0,237
230b9c44bad3e02dfd198d31d70230a06cab6f90,0,562
646d1331470a165e87527c5e488121573544af38,0,359
1f57e19423ca447a7f4d01e6d056648893877968,0,141
ba123007ec87029657d3a9569d02aa3ee827948d,0,969
ecde592c38a6095a1ca2ae5a8e079fed3cbd322f,0,498
ff34bd96c790a133145bc90a420252beaee270f3,0,251
7ae9bef4f66eaf53b20b67734952065d25415468,0,396
f980c77711caf895f9d9768c41a89015f4d09fd8,0,137
ff797a1faff5db7606d950a5c9c72c838a8d1688,0,227
01b82e2dec82442ea55b2bbebd6fbe93fa25f471,0,221
da5f5b91910e6c58f0bb69d79e7538f434ff5ad0,0,496
88dd6ff2bcd11d24096d7f171f68716191ec11ac,0,87
d4a2e78903b6a68fe7b474b5fa7f19aa1280de14,0,246
abce33cc1c138843587440ba8f3f4b38fb34b000,0,806
417215f5573289a78b27790ed01f17107b86d59a,0,297
f230b2eb07c3f4f81fc3528016622e5dc18bd70d,0,259
78f7483a0eb20897caeb0ecf643e75be7eb8ea0b,0,473
60fedca0d5aa0f251b22c1a9d74619f74275d0c8,0,634
2ae59eb51d02afabdbab3431531879e96b18aa66,0,345
e8802ab529eecfd928c56ebbeb363a0fde31df85,0,234
36346a2a21364cdb9670839fd5eedd1877dbec81,0,513
667f146a0d5477e987940cd931acc94280f1d3de,0,260
8e62868d5fd588886e755126d8574a9645bd3d1e,0,573
961a884526bbd380a5ebfdc06a5128cd3d9682ab,0,718
02edd72eae557a60936bf46a6b392bd73d73b2c9,0,270
f00b1f6011e7d716c35e78e152b25210d13119d2,0,247
68c9d87b2dcd58d85d4e052d3135eeff4e4a4a8f,0,529
a525429b2cb0434478c369bb61de5d8bf4102229,0,156
a7a1524a7d3021e9377b1ca592d45f829ada4034,0,686
99029e2e401007c316a58a3deb40ff7a663be961,0,223
8ebc0ea5af587f0e62ae981b832d2046b3cf7154,0,280
bf243db93f91a09bb069f9efd5575a6e87060c05,0,366
9c596f9b91c1f15a48f9c8594972186a36302475,0,548
1483bdf480455990ed7a021885e95c3c3037b60a,0,241
e16f107e761b5876867bf3e7828619b73c9c3976,0,284
ba04eaad0b104d6be199fdd81f187b73cf6f9124,0,1123
c68db7d81be743444ecd40fc8e192bf571500f23,0,729
1e2bee89886c61062048e1de4a1567732dea8be6,0,150
b15db23efe304d91c0854e92ca2bf11dba8d718c,0,84
9b049da9ba1b6b1896285447a17b391c566e05bd,0,193
9bcf0c6b4bd84481e9ea892e950ae04e0d204507,0,242
8e839ac616fd10c55e6865fc80d575859aed78f9,0,647
c4b8623af3215d16e54541984e7596c18965a818,0,315
821889e434d16d72b76c7e4fa925a07cee287c7d,0,246
6b4f451f6824c9d8a2a29b9f087648c581ba29d5,0,160
95cba429c75b0a4cb8a9987404e20a95f825130d,0,189
deb392c0c3b3bc4dd55b7c873de254d169089aa5,0,189
ea0d2788a8cece57970df2df57db13733f2c837e,0,893
798c1b6d4749167b5906cd70f88aa9a176bd7412,0,153
84b3b890371b22d1a6eaa5c4e535e66a637d33dd,0,856
d53d2a3477ade9421cb4b37998057fb84af954c0,0,106
aafbf3839ca7b80e774166169e8ad188d2ad01fa,0,127
6efc9273bfebc6cd19b3c5d8016be35fbf1a4e68,0,381
d05039565b15aea3abe998907a0b2bed5a01f53e,0,339
543468eccc58d7955406199cdb312937b7d56d3a,0,233
ce4d64f0e6ba5fcefeb1376ddda882298198a1f1,0,500
d06eff64b9952e60a22a4ba6377edf698150343f,0,170
9587dd9f1746af95201e1b50ab8c5983a8217e69,0,263
329c9318baef0cc0f474f77da823fb87f354f730,0,115
6c9018c29baf19432775415852d5709bdc4b83b9,0,482
530645bdb9072c6d1bf32f8d7ed528e844b66f89,0,79
42abd21bc895f876821461069a9b30d1bf3d5606,0,325
adecf9d07bd89096a55a1bdc69a5ce9412eaa6ff,0,763
8b3905d9901b2ac8050c6e44cdbcea298aa1ceb7,0,893
5db9fde495b573ccd070fb3c0bbf967ca84f271a,0,514
3334878280239fb2b2dac3ffd443e50368c8af61,0,257
786d92b14a173c7d00d9e25ba866919bdb90572d,0,476
0b58e654a5f3da845d71b70a4dbf21dfcaa8416f,0,203
b8a5a5101db5b380a768c018180f3061ffd014d4,0,301
9d47a1f9f63ec207b7781cc71744c7a07f3d4a17,0,732
07df353f3f261e7cc81bdb269416e843493ee255,0,377
379d9ee082a0b36b46874df4465a52dee0265574,0,170
2dae2b0f83aa1246406938d50b91f2a2ce264ca1,0,177
6f95f7f8d332c9aec489881d1190128926b18216,0,593
93e06b339ff9585186376f9e639e447dc8e49dff,0,317
8861e4ea4fb579f1a1d6a0e552767928eee3fa2f,0,251
ac65b4259fc3f2edb004e23c16e0738b62f29d05,0,284
aab53c7cfe36db306d4c1e9f788d0bca6ed7239e,0,151
18f5969da5f6566ae4b1e3a6ac090fb3797c6ccb,0,195
a9a2672a366f7c783533b1f821557326149ecf4a,0,434
a4926ec982f66fabd28ce625f9dd5636b23307ae,0,545
fbd3e88f52c929d265076730c65fe55c7b864681,0,115
a3b9d8a364063cbaaa9c88a20dcea9e868ac74f7,0,472
0a62154dd14ef23545d6dd57ff080e05cba9202d,0,246
7f863c76f2a53c0d75ff0c0fa43cab3c856528ff,0,549
d0d71becbc0d4cc3c932bf4c58d0a0f7d0da49e1,0,423
1c8f91176f9787f8f159481bbda60da1714f7606,0,259
5c91c83bdc5efc3ddd000d29e3f266b588da3ac8,0,442
203d4850d0bfb5c6ca5dd2754cf5f3286d53fad3,0,381
055f1be7661770bcad0d42e1202d751448cf000a,0,179
652a84dcd4f8ec9f6b08a01f99d15ae7c9837da1,0,102
9c6821f127c83d07d0e232d7f263ee2d8d3cb7b3,0,706
889ad6b15dc83743aa79fef8e5a15cf6523c24ac,0,538
f8722ee918956a66ae3e961fa9ab5a86c98f12e8,0,220
5b74c5cbc7dca1853a58669254727aac438e0985,0,601
1c25936c5bb802c090ba7ae42d21b5c60538150e,0,335
69aae76bb8591a3e5143345c3a560c994345deb1,0,366
14088bbefa57d283e7b28a580dcb7793dff82769,0,478
3b675556d043c5772292bde82a5bcf22b6a705ba,0,661
020d708b32e08689a3e8964a96a141d0bfdc880f,0,125
8b03b9cab92b615c823c59d52951992c68efde7c,0,929
103a250a80ff810136463fbe184fa586a36071aa,0,473
8414b9c368fbbc010261471b44e49416377bec87,0,362
cde51f5d4eea21924ad1a7f4f0e38a192dbcd0dd,0,117
6e1747718c4c62dfdd3a26d8716e86cee94336fb,0,541
710bbcccf0194155ec9857808eeb9f6471bed7cb,0,85
08ff6847689c4ac9c8e286ffc228aa559a4950ed,0,295
e8424c30210d68bf800bdf353f77e312c7f7f845,0,121
0bb81d61f69db3538866ff606adf10e3eaf5099a,0,320
172526b9656dc392b35c5b444dcc9b856146e49c,0,674
62d25cc02050a769e100c1d6fefdce989b598ea8,0,213
65c1c62face81fb569cff9d5d3a7125daeef7e34,0,1134
218b38a475679241b3a36ab0f4e70afa0187db94,0,305
70a24dec19546cc0ebafb3c61f12bca5aace5059,0,160
72eb7063745341cd3702c847656d7d3429f0b6d8,0,356
1456570ff8467a924776910608f671f4cea1e033,0,138
caffdba3c1f2c8dafbe9fb661d29a51eac0eec74,0,538
05af1e31c80193b4fb1df9d03b69bd761895f1b0,0,289
a7ea4bb4d2b1b0bd85a8dc951fd6dea6d457c3c6,0,172
db1b926c4ffce70e0a8b3cc2c76b73709c9c483d,0,129
5d07ef79773e5a4c0f9dcecd7b93996251552987,0,1037
5abae621c149f7a611545aa27f0a8dadfaa96cb1,0,192
78a8be5844b608dc0a1978330810abd83b332627,0,156
393be8b9c642d77452e63a26e227764a368a2e6a,0,334
d55958d73ab66605f7a18bf62a767cb7c1ffabce,0,381
21e367364261f6f3ffd3067833bf7f2b7c53651e,0,172
d856b5be87c3f4960b6056bb8e336f78ddb6a58c,0,181
08b05200c4c5f867649368de04e9a8daf6824382,0,518
e7c1031b8437bd26ff81aea3140d246bb7b24587,0,289
70adfdd3a73ad59527a9f6baf3533aeeb39a4d15,0,253
b4b03cfeeb56817ba9a0bf908a76254f1e77efe8,0,105
83a80df8b0402df8b16adeae4b29b7d81b01d6d6,0,556
f283718e8893ce808fe26a9a5d679543c132fdf5,0,541
3fde909cea6a696c991c435c057ad9ac25d28657,0,513
25c49aa0fb832647c86800dacfbca5da86f3a7e4,0,95
b481c859d1ec570e13656373dd3375a845b68e79,0,624
36e63b800bb5eee0b65b5f0262570259396c4a5b,0,142
e9ad0085868c89ba398de9073979ca47786e96e8,0,484
9b861952667374880d0b9fb453b9d8395d320b13,0,416
77f31b5b86bdb1b4c0bf88a4c6ef4c361fafe618,0,651
b5f9365f41f2c6eb2b2243a0937879054b2889f9,0,55
163e02770c72bf325a4802efb191848bb6af67ce,0,709
44f01ef880cc675c76da62b730c57d05fb22b2b2,0,824
439bb3d5b84dc7bdee0464aaa4fa1a9b71d60096,0,110
9d0c97e9ecb30ae67a649d3c6425585ac632550d,0,574
ed0a0ba742a8b2f061e1374ef3c6dd1b71f841d7,0,133
b9aa4e12131254e582f11948b1ba3866d5742962,0,142
881274fdeb1fbbf52ba9e6862954da9791987bf4,0,518
6d6dbbebfd4dd8a0c573bba032a065c1cfc1abc8,0,465
b3ed90fac2d57c2c923195e927e7ab920c69a3bb,0,539
8b3564d7b3bcb43d56378254aaa62d6d65ea2d30,0,524
66d82f6d791081f58143498c70860520474a2405,0,498
1d18470aeb2a70c24804d378248232d93c8972e3,0,272
b61c0b067d2e985259c322d301d9b984dd582bf0,0,164
a48862cf429d9e667b089c8fae7fd1230245b723,0,201
522e440869972f028331eaec5a06bb6810c310e6,0,68
903b37a27a23427f8f576a8499862e6cb61bfcf6,0,383
b2bbf6354a246a6ffc791ff2b4266e42147dfd9d,0,269
9ce8a61221b28b5c69cf9c1eb04be52825683616,0,105
3f868fb6c521cdbf2a543934f62d0ad7e800f739,0,274
fd5b0db623f6b19cc5c877f317ff751322c2d125,0,176
c8cb81e5e3f598d977c061f470aa8d6d2e93934d,0,88
4a4a74e6b3b0d89c49923825433190746cf1b837,0,78
c0f00821e60654dd96a52c8a0defee067965fb61,0,626
2ba65d07157d77c8687bf139d7fb69446f5a49f0,0,258
1e1d34d9af390cfd402d5882f7814a2e4365eeff,0,127
ea7f8d80c9b809c931eb23b38da86e99d4cba1db,0,317
df059442ad8b0fe9ee558be1c0928c8b34ed0ced,0,177
c5f60b1852d8878d295e813012f0f83aa8ae41f3,0,323
8401df32f93e462d5467f7d491e685aa6974df32,0,516
4a09a893cacb64122320b9b9a7bca0c3e05788d9,0,663
2b75b0147fe3d06d65637da401e188965935b243,0,75
800d202f5a05e9dbe2d37b78ca7a6ac6ba0b79eb,0,471
bb87b6da29830ee7e38234b958e000dd35d0ce83,0,691
a2099623aea66fbb001972a41a26fa9d255f436d,0,332
12d98800a1d33046250dcc3592e33ac1384c6147,0,141
c91013967dc63d75527a69973e4fe66664b727ef,0,396
684e9b8879afa8241cc35b5f91e9d7a575b31729,0,229
b7ce300c91b72adfa2db19f4f128f92c62c5b51b,0,404
de6daa43df71c3510efc8036321894fca2abdb39,0,61
5606dc8ef40cf50ab4264d3389d0f6d115d22b3c,0,155
999b13f29cac7d0f6df450d71e734f6366efd7aa,0,209
959a5023385f34bef0a6ba01d8a01d869f08318c,0,561
88a581a070cbf923fdf4f54fca1bdb8a67ca8482,0,458
78a1e19411fbf7c8a2d617b3233705b49aed7085,0,252
685169a4fd9fc007cd0b0418b19ad9f0caa340d4,0,229
b37c6b916484cddf02240005eb8f42cac4f1e746,0,177
8f1c2724d972c3cac1ad9314b3a99ac1dcfc09bb,0,347
6add60e77bf6fe8e7e52159bfe7a694b633fb72c,0,326
4b3154a108cb22e5fa51d544b8332fa28712346a,0,141
3091c9f930ab324a5b62fccbb54f7be5dac32fb6,0,396
cf317ff375d589b3302c34f8bed75b67d9648d44,0,109
bdc863c1eb6ebb60837aa315a7ada3dd47195ec7,0,146
5788beffff69a9fc815e65b982226e286cb73447,0,484
b27fb2966b9b4224272c6c2c3ab8482370909422,0,133
c557b1ebf7732c5b269c5e4174f8da03c0126215,0,172
1e854713b6c8df35ff709d4f030067aba572453b,0,412
416b7911e80e6d659f9c84a01962b85b3fd770c6,0,403
116a2bb56232f74eac4fcc1d3ddb1c1369b82e5f,0,524
41d3bb88999a2b8e496e46618a85df5bfb436dfb,0,473
171dcf57671d44c5ac4872532b8d67752d2f4f07,0,191
d7510907daa562c901880db1c08717341c043b10,0,404
abd0e21cd0005692ba92f17906278135b949431c,0,436
f5134a0d401dcae8f4a566e0e1c036d9761c589f,0,224
098b2b787292bfb909956abab53f2e06c0416c22,0,469
f029e00ea9d3a951739c391032f6044e4057f04d,0,290
b1d79b098a268ff8c088ffe57d38db9698f14b35,0,404
59d297a86fe4e3ddd18522f2e17a2b35ee249b18,0,637
9d920c4f733a5a3b44a5b52c22ce6389b82dc27d,0,1163
a259e1422970a8e4982bea3cfa82ce503d43bdcc,0,95
e76f38d3b934617689346ea11e6a170cde219ef5,0,1875
3f2e618b9a40fba6844d6d9691d7e5f067d40082,0,118
5b85e2ab36270b021631c0d5e771c4f50eeead15,0,286
807fa45ed4bdd9736de0f3bab7831d6a6eac6b81,0,106
87c566356b1ff7666c83d8c16ffb350648e89459,0,131
0e08229291ba54e35aced08a86c0e3c239b654f8,0,246
52ec5d76144c05ce3e4a5a4569e4231bf7203dca,0,472
ce5bee2fb627ec28c60009b9c89a7b36209706a9,0,367
8e638b3b1248344c402e7c534c63f6e0e93ed364,0,614
2ba664eb36be8390eb26b06df93db26fbf36e128,0,101
f9dd43f0ac74ae67a43feb7a4893e310c8c0c7c6,0,162
665c1de516ede902784b93020963f9176fe39156,0,219
9dc3bb34c056ce2c250dde9491b4b29d4cc0bcc6,0,731
f4ffa16cc5d947b4970ce9e3489ee6a90d22a2a8,0,345
bdf5799e705e75d02786b51b5dc89aa5738db0df,0,363
c6a14b4325b6216b50a7ac293e732f81ebe5b5d7,0,588
380f095661b6124c6f72552657e48258a733d161,0,144
fde5241b02d36e9d8d8e108a24cb99f7ad214036,0,442
c5b3b3a6c5af3025042e53b007881583bfddd83b,0,278
2900c63dd77994ee3002652137bef0cb18bdf16e,0,227
847ba0e37b71998190b67643e2aa9898756ea535,0,156
400394cfc311f23d4fb1c1f19ee53d5f787623ff,0,248
b0189acc1cf47b05da02781395567b844e597bbf,0,158
ba0c44712c1719ecced198abc8b70c150b8b83f4,0,84
9ded8a1daf81bd60f4d1540d5305f89daadfa63a,0,75
cfa7ef25452512bf6b6befc6703a6e28e84cb099,0,131
74f79ecc0c68a77efacde9421e3693807d9e4845,0,278
42d2949f6fc1077db05a4b9c2dd60c6ab6ce6333,0,283
677bfc3233fa40fab22683e50fc1fd051072c8cf,0,81
7513ae3d0109bb79726828c2468b64dfcc8bfe9d,0,256
b45a3819e6021ebb2861c6cc27ade7df659031cf,0,152
923cd33ac333f8b6a0dada5e82cfa9bf783ba43a,0,196
7b4ca644dce21feb794fb05c812844a220817bfd,0,388
2058cef6c822a0c6963314ce0b4ba43737f1a861,0,423
cd3ea1b629efbbca3b582533aa51a908bd56d265,0,63
5badd6755df8f16f7eded517df786caa3ed2c50b,0,474
c467e9222adc1db072f85bb3e7c5ca0732b08e11,0,4438
f92923dd84412d6d9a38ef7884121487cc4ba490,0,346
55e0cb560b6cb7901d1e067f5c238b0dcb1a0db3,0,517
06254f6c0bf8912075e8c932f39b497bcd118d4e,0,380
2cde07b5753ac690f258953cf0acad02d1cdbd9f,0,241
e9bb9a7c407b97176e420d4d48516f885e3a0d25,0,225
cd213ebd27bc341355e87c64afd76f2c52d7cd4c,0,199
9ff246b5b157d26ab6f94ff2d16218cccfc900b0,0,117
bbdd48e5a38f25c7edd990e0cd870d3789093822,0,156
86146cf8f5044ce63f1dcfe27d45917caec635e1,0,770
63b667d8a78bceecf0c3b32b418a2d1e54aa5adc,0,403
492a6035789ed1e944c8658cd68539b80f4f1a59,0,560
0538400d7fa3f727bca94a673d73e5455cfda3bf,0,315
405188bf3302a9a1cee85a54801d6328e4c2d175,0,137
38d1779d9057df1a1abe54c2bd1c8534430acc14,0,125
bb67306572fb118a65f68a93dd02fe70044ef8b2,0,196
e460b34895cdabee2eb3749ddfec648b16f89d90,0,242
67ecb80351c3a80eee6fcb57f5c1c48851214c01,0,85
fc113fadbf3c070c8883015e149465834bbd555e,0,91
6a2dd26be31c2907d4b4b1cf8db368062080eaef,0,182
c2f0a2ea7647c8bf14418ad6f7cdc1496ceac22e,0,420
40696a6484c26c1cf55b7ade685c8681f9df242c,0,74
e0c9467e3c68d872af5083aa2ca8812180289e24,0,198
efb51ba7349d43e5117c16465c34e68eb415ad08,0,159
7254fa4037714a30eb92c06721fd6a386c1bc368,0,349
0f78bf8ddf3263222a02a091602d762110465f4f,0,1007
610daa8bd7e9c68b62ff08f77207fc3cddfc7324,0,780
4d7b0d193516886ea8f18efc3f5b413d3d5e4fbd,0,131
d2a2238707e9d148a27e96d1e941a3bcb73a6584,0,189
3a199415108f10734b184bc116ec94d8cb4c3f44,0,114
09f28539ed22cee43e336e06fa32ecd46599200e,0,455
65d65f60ff8dce120a6e20a6d5645524869ca2bf,0,376
f9c13823699b7933c9633b22627ac5105a5e127e,0,256
584d7de362c829be4fdd400ce893122e76cc6232,0,241
45386820f9908d1b7eb4241751aab7941d36df13,0,212
3570496e5cf2c2f3c4bca36767845547a89a6b49,0,140
fc697c1e41a912b09bff8a6cc13791abaca706a0,0,282
0495714b21ee17ce6d09bc246a3e91cddb627208,0,607
8467f7ac6c8b170f1313bd2903f66f87720a77ab,0,911
75d628cae5f054bf6ace19cc287f0c953e5cbf30,0,340
d20c3937f6e4021fc7cdf6670df3dca9a8a6e81c,0,169
ddc37bdeb5bc4a8f2f71751165b4b2965f5e74a2,0,394
e674a0b6f2bf2888525933ac17a8438dd8eec834,0,504
da966988f156513b2e1fc07210a025bb927a3a8b,0,94
8092794f3b7da36c6c67efe357c67424fe610543,0,510
06746a395c02f4d8871ffc0a184a05b5991f7fbe,0,142
cbf3146f815bc99f1670b506570ebe5ca9221325,0,495
0edc953cf5bbf3e17ca396835b72628993d5927e,0,342
b2cfbcd11c46d8d21544e12674045d8678e98ae3,0,402
493dbfd7e5cc893c9623f634c17baca95bc90329,0,445
bc5cd5b02ca43fade930a953b130aaacf49a40ca,0,512
b4cd531ec648f549767097cb4fde815a07bbfa96,0,196
b898563fbddc3ae402c9ffd67c7fcf3fba4893aa,0,144
809ea4b00df9170b2dfe399e20b2333f42c3b63a,0,722
46f036f5bed9fdc8a315d1df77834392740083cf,0,661
c5703917cc20e7018a63f606b50069dfb728fb44,0,80
15ec14a8f66d14609a851dc598a9b617609b7223,0,303
adbc5484665ca2e57d4cc27a6df1abfd800b5bc1,0,429
27e15975386bbc75c7d4e3a67545b58c322f2dd0,0,540
299e2839f8ba58e72aad4d8a54afda61bc757db1,0,273
b0eed4c0138f43e9d1851a68d5c1c0ee38121306,0,645
2ed53b158bbdc947c26905a46582dcde7bb23986,0,393
f36285611b4d2a0ad63198bc5efa1443ad72db11,0,272
e991964af5ac913f552d4faecc7d576f43572366,0,50
05f4454226f20b9aa48b19cda6326fddf413501f,0,243
f7017b5e44d03cbdd811cf6b5e77478c41142247,0,626
944295907c072231c976f850496e09d25457123e,0,243
c0f8ce189436887d8a6794f135794a188f776441,0,422
f1a1ba3ce70c84f90f7be843ba224a309c5a77d8,0,93
7c1c9662a4ac6bf35417c5d8386ebada91284c9d,0,62
e2c62e8b15f47c7f57df027747b6159d9175531d,0,187
c105916dcdffcc8fc0913c225d1be7f308521906,0,530
d7072d08e96822f1c428996e1826d38e94223501,0,144
e12ed40edbfa7a82c21fe4996d0f83195c14512d,0,548
b3233f6b2a81ef9631f79621e17e95cee7dd19c0,0,68
78060c31a1a6d83281e0a10758a4101063a70ba2,0,517
59e1be914ab974286f4d13befaa366ccb2170ff0,0,102
ded60554981fb447fcdbbc6450f7326656a88001,0,237
67cea9a4ffe8f77498a34809f75a603b5a80ea90,0,222
60d32371cb739c82a6d2dc06728bc2cffe222242,0,160
a824d1321e8633286ff5252c4a6a034d616671ff,0,319
1362529d827182105bcfde9846268a7cfc071c86,0,38
f90b31ba7889d363518a86ad1098a9a9b7967d97,0,247
961a07b5667c57f2c1825a990efb9e72d0018fc8,0,341
10a41546429a855b995759a103a88975bd896166,0,506
b13e8a210564978ac2ea77349e855ba575e5de76,0,223
c8032cf1b3af77fe8f2092756f863a98fa5da3cb,0,551
b0eda7e196214b7111cffc53059fa038e0fb7635,0,134
8a59577ffe8f6d9b326d903db78cdbe00dd1432f,0,519
3b434055ff028e79343867fd36947e66ec523f44,0,318
edbaab6ab423b03311529a3ce156165edeb7d579,0,163
4edaa2944780b2f9a7da3866b0042482636eaa48,0,462
2a6d93ba9b2dd29cdbd55408f053bfa4d62a6f2d,0,328
4504ba8b8c68c7f922839e97e524e06b0329f0c3,0,209
59a10b17d507b619a429648ef5cee0017dac1f23,0,176
7a426c55e7948a12a5f2a77f071786f0344d2128,0,126
c1505b5acae7995df1cb0dfe78596919bb816537,0,68
dcf89b79bffb4b9464e4b234933dbfb5452e3e2f,0,499
d338dd65e9696b3c763983170459488db49bea1a,0,198
53cee3714c17d0e82807042eb9f2942bd25c9a2b,0,173
446c634487d2df58ace7eb75f835dffa2c667730,0,247
262f6e6dc2dfa35e879361f55a032b11c519ab12,0,212
9b6c3bdbc59097b1a06b98d30af81c80855efb46,0,147
8bfba4cf05ee625e5a6de40661d60114b97e8309,0,675
24a839f5fb107fde81462c41da801d53f486d44c,0,179
d1a53f6fded1950f023b4bfb34a5d8d87273407e,0,276
a63b187d10fc5cbe4e3ceb4877b0c60fe4ed2436,0,373
ecd4bea8daa4cb36c11025e76671c292e736de8a,0,514
1cf3fcd8c3daf68e5989b47039f9e4b341c08ff6,0,299
0a678b6aece546273db01c76ada65e4c0130ba85,0,265
0867081b09c46a7fca71c02e52a7ac85d263f7cc,0,120
50d447939ac36e9f061e70468310bae933295536,0,284
ba6b167ffbac44e062810a469731e16368a3ad08,0,573
0321a512cf5442bd80cb1427fc3e0a90e5b5a361,0,665
cce8507a339d46e44ceaa13da3c92d3725b1c199,0,147
d40160af26ee1fb2a9e7ffeb9bfe3b0900f77df3,0,520
758b2a72fe0f2356ea48cdda87b1c4a04343b478,0,378
d7f49792763cae4e0214c826614d6793f53d5a48,0,572
112e9bf72201c7925b12b3bc8e2fbc2aafded078,0,452
9004f6e6b353e7ebbb009ccb7c60a9abd43d80a2,0,368
386f57303a6e787a7837ccf1f721b524e19c6303,0,121
edbdf97231d3c66c4d3a6a81a0aa6bc934324664,0,110
32d2df6a513caac930c177fa1b749585efd2ca49,0,391
900c07cb37fa1a718e85149cdf625ffa94b3272c,0,456
688a6e6894b79775eeb17e922eeaced2e3a654b9,0,537
6a5fa49abd7ba0db7e8791eb355e1820ef7f29b8,0,490
310a34aea20c4c0ef8ba709a50d0e0722c1818e3,0,500
666a274cf6a5feb08e3704bc714b0cec25e717ef,0,75
c115befc8354141d2521fa9559202e21c1f13577,0,749
08e42f05445a09b344cd64320bd1eb891d681a34,0,385
0e63b2f1c07bf1a279d3ad7b01a186253095a824,0,765
46d62e558390e1b80d72d4841368a82d9f4c679e,0,542
ca1d0bb23f8ae187505bd6db0fc14e34a9d7c6db,0,235
4c8235e10cdda86f7b41663b0f5d74693c13e592,0,629
f1da89add09c53d56326499c03d4c92db4f5cb08,0,238
aebb4ef504edec68ab49d86bfe3e78d831707d7d,0,204
904a8eab71922bdcadbaf4d5c76521eaebe24733,0,654
5a71509d7cbd1d3e0237fd519a60699607778bb1,0,500
9b2bb0686611e69fef26c5be0c6a9eb01091d5a4,0,320
2e106ee58d781710d56a9a2a17f60f9fdceaa7f2,0,814
69f05b04feb5baff36fb607a47f8c10f58c6222d,0,93
46537aaf56398ef740edc447e85c3f536aad535a,0,540
9203ac62ca05d7ec63245305db1dde0ff285709a,0,297
25cfa18904311784ce15c1ee3c20a0c305a550f2,0,263
acb4a2e8a7de4400538471ac835cbd67c3de0e4f,0,489
3d44ec26475b090570a6f8c0eaba86f1ddbebf0b,0,1020
273bb816aa8ebb025f93e393ac1994e11a57c02f,0,137
85b7e487e7871625ba2cbd349d21574b6ed5e529,0,148
6341954d974639322e0b4df2c75cb26e77fd1e88,0,76
e7d61b835e2da522c535e57989c3c1a406cdb08f,0,266
1d055f80cfbd0e6bc1e890aa43d91579674bb286,0,505
776205b0e77307559480d106e118dbf478b0eb34,0,215
926e84c8a449c6b89d4cc983d012afe102a05a69,0,534
ed3225be9ba914a3b0dc7cbcb8a8dcea7c6e36cf,0,259
73a251303f2077983b19aa554702c688b0091c09,0,187
818b9140bc10138c50b2a925d519c7ad3450ca8e,0,155
debda88328a6c04fd0314c04e4fad57c1594ae2c,0,103
82637c49c2d074f52f3cfc7eec387eaf66212065,0,801
a2d2359074f6b598319ff350fa33ff931ea4549e,0,54
9702246472586d590c54c615d3399f5142e7c2a2,0,224
53af56137b0f2c9c76591d26fcc7d2e1638a5dcd,0,333
73bd972f9a25af5a0a139bee4652077088705488,0,558
f416b259946281d04d510675a62790da8bae4a1a,0,513
bdff1c3558dde0f59a4636561f0f5c4c9c2b4ed8,0,239
faefcd915bc2b5c80c3bf6e0092ba62982b23a89,0,524
d39f040b4dc0aae6505ab9f4ce9ef315b87c6511,0,1367
91b4bda13cf87cf2985140bfb82d2913456cce3c,0,442
ec9accd76527e5544b12625552bcac357c89ce97,0,319
2fd7b3d4779c2b6fc6b29e9ddc9373c686df55d3,0,85
c4965ab91dce555c3a1a0b9754d776d78f3ccb29,0,507
35462baaa96a2b02bba7245a2fb620dee43600f6,0,993
e4a021773efa0c15143f509c677514980347f1b3,0,585
032cdfdb1106b8d822dad5a0e53930940af6ad66,0,635
23eecd888f8d1410b9f1ee1a81d254c684d32078,0,546
f57a329a29994be49ab6eee1bce5c43df1fe1936,0,814
cdf5be92ade81b98dc5c170b4a8cf781577fd565,0,636
b93cd26def7e0c62680c01338486cd8ec9677310,0,726
471e74fd9013298ded8b083b993cd0066676d09b,0,247
f471231391f0669989aff6cea2f04dc716013f4f,0,110
7bd292f2204433df5862e4d6e8ccb2e50703f7d2,0,479
a53ad708f82e9cfece8be140fa445d6595cb8c51,0,240
48be8d457ed26f0f964399faff796d1a3583d1b3,0,380
64ac258bf7ce5dde136ad1c729064e25a66cc9a8,0,597
8b81813934bee5fd44e64798cc63c53e04807679,0,164
bdee81f4efc617a8ba0a00270aeb4fa045d31302,0,693
cda5b9da928d4809f479b714990899e9c8985162,0,359
55b0274ede6ac1c92a2debec2b65d059b1587357,0,155
2e11e3eec10f4fb7f35451ca03f94940191d9f6f,0,699
e69430257053623e8995ee7b4118d9b556d87480,0,215
469d289539cd7672e55bfeee402e48ef54f78378,0,402
4a4ae3e7931d272766fd8d2dc3a0e8931ab442c4,0,787
95a33bbc8b7b435cbe9146e82e99d2015333d118,0,146
9e29649f24f7f8ceeef56f7a81dba7c5f1446dc8,0,402
5947413cc56f1f9096f1205246883ac31ff171ca,0,126
01bebbb5be2b9e31daf4502a1f82c18c93119390,0,335
91840993c138caab8d2be906f2adc520f962119a,0,986
5031e32d0465f8fa440f18d077b79277a2cba307,0,125
8edfa8c9e1f5d9749c746563e07848b51c9cb832,0,201
ba83af8221d0e3b7a5c6dbaefa1f5e794fe078a3,0,164
a63a2b9f6adc0be594158f03e86864a470456283,0,1076
99b2b31dc63584013837f6aa2678b8734d1b3078,0,170
735c287f821a61bf504b9c5c9906e184c7a1f1ba,0,95
534f2087694720bb6a600521409e35c74e2fae21,0,54
ddca9da8c9f53ab594514cf10285be68943b4c47,0,321
bf11a0051900cd88c172632182d03ae25ebecd8b,0,133
9ff44de22a8173156305b10cd2d24d0f6893deaf,0,603
474d22de3e5f64799fe8f3ae7297c2343a2a105d,0,197
