threshold,precision,recall,specificity,accuracy,f1,mcc,balanced_accuracy
0.0,0.12093788564376799,1.0,0.0,0.12093788564376799,0.21577981651376146,0.0,0.5
0.001,0.12244897959183673,1.0,0.014038371548900327,0.13327848621966268,0.21818181818181817,0.04146063520128361,0.5070191857744502
0.002,0.12694300518134716,1.0,0.05381375760411792,0.16824352118469765,0.22528735632183908,0.08265155842673083,0.526906878802059
0.003,0.13127240143369176,0.9965986394557823,0.09265325222274216,0.20197449609214316,0.23198733174980204,0.1061499325713674,0.5446259458392623
0.004,0.13627906976744186,0.9965986394557823,0.13102480112306972,0.23570547099958863,0.2397708674304419,0.13014694701561721,0.563811720289426
0.005,0.14066250600096014,0.9965986394557823,0.16237716424894713,0.2632661456190868,0.2465292385359697,0.1480037429272785,0.5794879018523648
0.006,0.14497773379515091,0.9965986394557823,0.19138979878334114,0.2887700534759358,0.2531317494600432,0.16369370595612015,0.5939942191195617
0.007,0.15010245901639344,0.9965986394557823,0.2236780533458119,0.3171534348004936,0.26090828138913624,0.1805663463075529,0.6101383464007971
0.008,0.15429173249078462,0.9965986394557823,0.2484791764155358,0.33895516248457425,0.2672138622891017,0.19326874610142972,0.622538907935659
0.009000000000000001,0.15889370932754882,0.9965986394557823,0.27421619092185306,0.36157959687371455,0.27408793264733394,0.20632357811082963,0.6354074151888177
0.01,0.16359575656058067,0.9965986394557823,0.299017313991577,0.38338132455779517,0.2810551558752998,0.21885980816115289,0.6478079767236796
0.011,0.16877880184331798,0.9965986394557823,0.32475432849789426,0.4060057589469354,0.28866995073891627,0.23189478331532024,0.6606764839768383
0.012,0.17308832246591582,0.9931972789115646,0.3472157229761348,0.4253393665158371,0.2948006057546694,0.24084523397314017,0.6702065009438497
0.013000000000000001,0.17837507635919364,0.9931972789115646,0.37061300889096865,0.44590703414232824,0.30243397203521494,0.2529392993530405,0.6819051439012667
0.014,0.18227529855436833,0.9863945578231292,0.39120262049602245,0.4631838749485808,0.3076923076923077,0.25889873813885356,0.6887985891595758
0.015,0.1879455605962411,0.9863945578231292,0.413664014974263,0.48292883587001234,0.3157321720195972,0.27090065908466615,0.7000292863986961
0.016,0.19294743845642048,0.9863945578231292,0.4323818437061301,0.4993829699712053,0.32276015581524764,0.2810636284986394,0.7093882007646297
0.017,0.19714479945615226,0.9863945578231292,0.4473561066916238,0.5125462772521596,0.3286118980169972,0.2893171155224931,0.7168753322573765
0.018000000000000002,0.20097020097020096,0.9863945578231292,0.46045858680393076,0.5240641711229946,0.333909038572251,0.29663958642912447,0.72342657231353
0.019,0.204369274136716,0.9863945578231292,0.471689284043051,0.5339366515837104,0.3385872737886748,0.3029977791755777,0.7290419209330901
0.02,0.20881502890173412,0.9829931972789115,0.48759943846513804,0.5475113122171946,0.34445768772348034,0.3098700962568943,0.7352963178720248
0.021,0.21439169139465875,0.9829931972789115,0.5044454843238184,0.5623200329082682,0.3520097442143727,0.3197692824120381,0.7437193408013649
0.022,0.21860816944024206,0.9829931972789115,0.516612072999532,0.5730152200740436,0.35767326732673266,0.3270554847505489,0.7498026351392217
0.023,0.22420480993017844,0.9829931972789115,0.5320542817033224,0.5865898807075277,0.3651295009475679,0.33648342922303126,0.757523739491117
0.024,0.2288202692003167,0.9829931972789115,0.544220870379036,0.5972850678733032,0.37122671804752727,0.3440644639474972,0.7636070338289738
0.025,0.23362974939369444,0.9829931972789115,0.5563874590547496,0.6079802550390786,0.3775310254735467,0.3517906402973483,0.7696903281668306
0.026000000000000002,0.23746918652423993,0.9829931972789115,0.5657463734206832,0.616207322089675,0.3825281270681668,0.35783891880624624,0.7743697853497974
0.027,0.24123539232053423,0.9829931972789115,0.5746373420683201,0.6240230357877417,0.3873994638069705,0.3636742311810033,0.7788152696736158
0.028,0.24828178694158076,0.9829931972789115,0.5905474964904072,0.6380090497737556,0.39643347050754457,0.3743478696834164,0.7867703468846594
0.029,0.2521968365553603,0.9761904761904762,0.6017781937295273,0.6470588235294118,0.40083798882681565,0.3776676883140031,0.7889843349600018
0.03,0.2578616352201258,0.9761904761904762,0.6134768366869443,0.6573426573426573,0.4079601990049751,0.3859025897832156,0.7948336564387102
0.031,0.262580054894785,0.9761904761904762,0.6228357510528779,0.6655697243932538,0.4138428262436914,0.39263013212993014,0.7995131136216771
0.032,0.2667910447761194,0.9727891156462585,0.6321946654188114,0.6733854380913205,0.41874084919472915,0.39729448556671465,0.8024918905325349
0.033,0.2726406101048618,0.9727891156462585,0.642957416939635,0.6828465651995064,0.42591213700670144,0.40535556116193106,0.8078732662929468
0.034,0.2787524366471735,0.9727891156462585,0.6537201684604586,0.6923076923076923,0.43333333333333335,0.41361053767657524,0.8132546420533585
0.035,0.2827172827172827,0.9625850340136054,0.6640149742629855,0.700123406005759,0.43706563706563706,0.4151272716010339,0.8133000041382954
0.036000000000000004,0.28643724696356276,0.9625850340136054,0.6700982686008423,0.7054709995886467,0.4414976599063963,0.42000132590495176,0.8163416513072239
0.037,0.29235537190082644,0.9625850340136054,0.6794571829667758,0.7136980666392431,0.44849445324881143,0.4276413287221576,0.8210211084901906
0.038,0.29789473684210527,0.9625850340136054,0.6878802058961161,0.7211024269847799,0.454983922829582,0.4346710214602283,0.8252326199548607
0.039,0.3019271948608137,0.9591836734693877,0.6948993916705662,0.7268613739201975,0.4592833876221498,0.43845446085187,0.8270415325699769
0.04,0.3047722342733189,0.95578231292517,0.7000467945718297,0.7309749074454956,0.4621710526315789,0.440713682387626,0.8279145537484999
0.041,0.3084522502744237,0.95578231292517,0.7051941974730931,0.7354997943233237,0.46639004149377594,0.4452264630894099,0.8304882551991315
0.042,0.3129175946547884,0.95578231292517,0.7112774918109499,0.7408473879062114,0.4714765100671141,0.4506417788259114,0.83352990236806
0.043000000000000003,0.3178733031674208,0.95578231292517,0.7178287318671034,0.746606334841629,0.4770797962648557,0.45657679621627323,0.8368055223961367
0.044,0.3275058275058275,0.95578231292517,0.729995320542817,0.7573015220074044,0.4878472222222222,0.46789805255659256,0.8428888167339935
0.045,0.3313679245283019,0.95578231292517,0.7346747777257838,0.7614150555327026,0.4921190893169877,0.4723612211684565,0.8452285453254769
0.046,0.3369304556354916,0.95578231292517,0.7412260177819373,0.7671740024681201,0.49822695035460995,0.4787165166636025,0.8485041653535537
0.047,0.33980582524271846,0.9523809523809523,0.7454375292466074,0.7704648292883587,0.5008944543828264,0.4806698142245872,0.8489092408137799
0.048,0.34317343173431736,0.9489795918367347,0.7501169864295741,0.7741670094611272,0.5040650406504065,0.48314620357805055,0.8495482891331545
0.049,0.34701492537313433,0.9489795918367347,0.7543284978942443,0.7778691896338955,0.5081967213114754,0.4874159517512437,0.8516540448654895
0.05,0.35006273525721454,0.9489795918367347,0.757604117922321,0.7807486631016043,0.5114573785517873,0.49077717913728347,0.8532918548795279
0.051000000000000004,0.35279187817258884,0.9455782312925171,0.7613476836686944,0.7836281365693131,0.5138632162661737,0.4924565729122842,0.8534629574806057
0.052000000000000005,0.3577863577863578,0.9455782312925171,0.7664950865699579,0.7881530234471411,0.5191409897292251,0.49787735868236305,0.8560366589312375
0.053,0.3624511082138201,0.9455782312925171,0.7711745437529247,0.7922665569724393,0.5240339302544769,0.5028876455276516,0.8583763875227208
0.054,0.36772486772486773,0.9455782312925171,0.7763219466541881,0.7967914438502673,0.5295238095238095,0.508492757620196,0.8609500889733526
0.055,0.3736559139784946,0.9455782312925171,0.7819372952737482,0.8017276840806252,0.535645472061657,0.5147237216066977,0.8637577632831326
0.056,0.3746594005449591,0.935374149659864,0.785212915301825,0.8033730974907446,0.5350194552529183,0.5117683658312064,0.8602935324808445
0.057,0.3772290809327846,0.935374149659864,0.7875526438933084,0.8054298642533937,0.5376344086021505,0.5144304951206145,0.8614633967765861
0.058,0.3793103448275862,0.935374149659864,0.789424426766495,0.807075277663513,0.5397448478900884,0.5165766139694441,0.8623992882131795
0.059000000000000004,0.3814147018030513,0.935374149659864,0.7912962096396818,0.8087206910736322,0.541871921182266,0.5187375476076742,0.8633351796497729
0.06,0.3872340425531915,0.9285714285714286,0.7978474496958353,0.8136569313039901,0.5465465465465466,0.5219730665241886,0.863209439133632
0.061,0.38816738816738816,0.9149659863945578,0.8015910154422087,0.8153023447141095,0.5450861195542046,0.5175295675517948,0.8582785009183833
0.062,0.39296187683284456,0.9115646258503401,0.8062704726251755,0.8190045248868778,0.5491803278688525,0.5209709696226694,0.8589175492377579
0.063,0.39586410635155095,0.9115646258503401,0.8086102012166588,0.8210612916495269,0.5520082389289392,0.5238473296886553,0.8600874135334995
0.064,0.4036144578313253,0.9115646258503401,0.8146934955545156,0.8264088852324146,0.5594989561586639,0.531452695102527,0.8631290607024279
0.065,0.40825688073394495,0.9081632653061225,0.8189050070191858,0.8296997120526532,0.5632911392405063,0.5345871700778574,0.8635341361626541
0.066,0.41203703703703703,0.9081632653061225,0.8217126813289658,0.8321678321678322,0.5668789808917197,0.5382224431462275,0.8649379733175442
0.067,0.4165366614664587,0.9081632653061225,0.8249883013570426,0.835047305635541,0.5711229946524065,0.5425180136591857,0.8665757833315826
0.068,0.4171875,0.9081632653061225,0.8254562470753393,0.8354586589880707,0.5717344753747323,0.5431365387107782,0.8668097561907309
0.069,0.41915227629513346,0.9081632653061225,0.8268600842302293,0.8366927190456602,0.5735767991407089,0.5449995282237496,0.8675116747681759
0.07,0.4224683544303797,0.9081632653061225,0.8291998128217127,0.8387494858083093,0.5766738660907127,0.5481295211485468,0.8686815390639175
0.07100000000000001,0.4251592356687898,0.9081632653061225,0.8310715956948994,0.8403948992184286,0.579175704989154,0.5506563862239555,0.8696174305005109
0.07200000000000001,0.42788461538461536,0.9081632653061225,0.8329433785680861,0.842040312628548,0.5816993464052288,0.5532039365060019,0.8705533219371042
0.073,0.4274193548387097,0.9013605442176871,0.8338792700046794,0.842040312628548,0.5798687089715536,0.5499837691842567,0.8676199071111832
0.074,0.43230016313213704,0.9013605442176871,0.8371548900327562,0.8449197860962567,0.5843439911797134,0.5545086504968615,0.8692577171252216
0.075,0.4344262295081967,0.9013605442176871,0.8385587271876462,0.8461538461538461,0.5862831858407079,0.5564682301646783,0.8699596357026667
0.076,0.4351395730706076,0.9013605442176871,0.8390266729059429,0.846565199506376,0.5869324473975637,0.5571241771396178,0.8701936085618149
0.077,0.4372937293729373,0.9013605442176871,0.8404305100608329,0.8477992595639654,0.5888888888888889,0.5591003593656622,0.87089552713926
0.078,0.44019933554817275,0.9013605442176871,0.8423022929340197,0.8494446729740848,0.5915178571428571,0.5617549488483848,0.8718314185758533
0.079,0.4414715719063545,0.8979591836734694,0.8437061300889097,0.8502673796791443,0.5919282511210763,0.5615029860903216,0.8708326568811895
0.08,0.4429530201342282,0.8979591836734694,0.844642021525503,0.851090086384204,0.5932584269662922,0.562847072871163,0.8713006025994863
0.081,0.444633730834753,0.8877551020408163,0.8474496958352831,0.8523241464417936,0.5925085130533485,0.5601247329421479,0.8676023989380497
0.082,0.4469178082191781,0.8877551020408163,0.8488535329901732,0.853558206499383,0.5945330296127562,0.5621767243378207,0.8683043175154948
0.083,0.4539130434782609,0.8877551020408163,0.8530650444548432,0.8572603866721514,0.6006904487917146,0.5684153564371318,0.8704100732478297
0.084,0.45869947275922673,0.8877551020408163,0.8558727187646233,0.8597285067873304,0.6048667439165701,0.5726451464232801,0.8718139104027198
0.085,0.46099290780141844,0.8843537414965986,0.85774450163781,0.8609625668449198,0.6060606060606061,0.573225654371636,0.8710491215672043
0.08600000000000001,0.4675090252707581,0.8809523809523809,0.8619560131024802,0.8642533936651584,0.6108490566037735,0.577463013693933,0.8714541970274305
0.08700000000000001,0.4709090909090909,0.8809523809523809,0.8638277959756668,0.8658988070752777,0.6137440758293838,0.5804011880036672,0.8723900884640239
0.088,0.47176684881602915,0.8809523809523809,0.8642957416939635,0.8663101604278075,0.6144721233689205,0.5811400884982312,0.8726240613231722
0.089,0.47610294117647056,0.8809523809523809,0.8666354702854469,0.8683669271904566,0.6181384248210023,0.5848611334384385,0.8737939256189139
0.09,0.47689463955637706,0.8775510204081632,0.8675713617220402,0.8687782805429864,0.6179640718562874,0.5840822395628049,0.8725611910651017
0.091,0.4795539033457249,0.8775510204081632,0.8689751988769303,0.8700123406005759,0.6201923076923077,0.586346783323592,0.8732631096425467
0.092,0.4812734082397004,0.8741496598639455,0.8703790360318203,0.8708350473056355,0.6207729468599034,0.5863447939415194,0.8722643479478829
0.093,0.4849056603773585,0.8741496598639455,0.872250818905007,0.8724804607157548,0.6237864077669902,0.58941182199636,0.8732002393844762
0.094,0.48859315589353614,0.8741496598639455,0.8741226017781937,0.8741258741258742,0.6268292682926829,0.5925093533206286,0.8741361308210696
0.095,0.4904580152671756,0.8741496598639455,0.8750584932147871,0.8749485808309337,0.628361858190709,0.5940697396317229,0.8746040765393663
0.096,0.49613899613899615,0.8741496598639455,0.8778661675245671,0.8774167009461127,0.6330049261083743,0.5987982776866833,0.8760079136942563
0.097,0.4970873786407767,0.8707482993197279,0.8788020589611605,0.8778280542986425,0.6328800988875154,0.5981021664022628,0.8747751791404441
0.098,0.49902534113060426,0.8707482993197279,0.8797379503977538,0.8786507610037022,0.6344485749690211,0.5997022550305762,0.8752431248587409
0.099,0.5039370078740157,0.8707482993197279,0.8820776789892373,0.8807075277663513,0.6384039900249376,0.6037387138241244,0.8764129891544825
0.1,0.504930966469428,0.8707482993197279,0.882545624707534,0.8811188811188811,0.6392009987515606,0.6045522992845087,0.8766469620136309
0.101,0.5079365079365079,0.8707482993197279,0.883949461862424,0.8823529411764706,0.6416040100250626,0.6070058301492326,0.8773488805910759
0.10200000000000001,0.5089463220675944,0.8707482993197279,0.8844174075807206,0.8827642945290004,0.6424090338770388,0.6078279671724504,0.8775828534502242
0.10300000000000001,0.5109780439121756,0.8707482993197279,0.885353299017314,0.8835870012340601,0.6440251572327044,0.6094787455212046,0.8780507991685209
0.10400000000000001,0.512,0.8707482993197279,0.8858212447356106,0.8839983545865899,0.6448362720403022,0.610307408506039,0.8782847720276692
0.105,0.5161290322580645,0.8707482993197279,0.8876930276087974,0.8856437679967092,0.6481012658227848,0.6136441420669059,0.8792206634642626
0.106,0.5182186234817814,0.8707482993197279,0.8886289190453908,0.8864664747017689,0.649746192893401,0.6153259139750282,0.8796886091825593
0.107,0.5193482688391039,0.8673469387755102,0.8895648104819841,0.8868778280542986,0.6496815286624203,0.6147231405410154,0.8784558746287472
0.108,0.5204918032786885,0.8639455782312925,0.8905007019185774,0.8872891814068284,0.649616368286445,0.6141266394866923,0.877223140074935
0.109,0.5215605749486653,0.8639455782312925,0.8909686476368741,0.8877005347593583,0.6504481434058899,0.6149799046771295,0.8774571129340833
0.11,0.5206611570247934,0.8571428571428571,0.8914365933551708,0.8872891814068284,0.6478149100257069,0.6112349383816107,0.8742897252490139
0.111,0.525,0.8571428571428571,0.8933083762283575,0.8889345948169478,0.6511627906976745,0.6146800934246547,0.8752256166856073
0.112,0.5283018867924528,0.8571428571428571,0.8947122133832476,0.8901686548745372,0.6536964980544747,0.6172890740072082,0.8759275352630523
0.113,0.5294117647058824,0.8571428571428571,0.8951801591015442,0.8905800082270671,0.6545454545454545,0.6181635847072794,0.8761615081222007
0.114,0.5361702127659574,0.8571428571428571,0.8979878334113243,0.893048128342246,0.6596858638743456,0.6234624789609295,0.8775653452770906
0.115,0.5386266094420601,0.8537414965986394,0.8993916705662143,0.8938708350473057,0.6605263157894737,0.6238403542592569,0.8765665835824268
0.116,0.5386266094420601,0.8537414965986394,0.8993916705662143,0.8938708350473057,0.6605263157894737,0.6238403542592569,0.8765665835824268
0.117,0.5386266094420601,0.8537414965986394,0.8993916705662143,0.8938708350473057,0.6605263157894737,0.6238403542592569,0.8765665835824268
0.11800000000000001,0.5434782608695652,0.8503401360544217,0.9017313991576977,0.895516248457425,0.6631299734748011,0.6260555211176497,0.8760357676060597
0.11900000000000001,0.5446623093681917,0.8503401360544217,0.9021993448759944,0.8959276018099548,0.6640106241699867,0.6269680612352746,0.876269740465208
0.12,0.5482456140350878,0.8503401360544217,0.9036031820308844,0.8971616618675442,0.6666666666666666,0.6297216889029201,0.8769716590426531
0.121,0.5530973451327433,0.8503401360544217,0.9054749649040711,0.8988070752776635,0.6702412868632708,0.6334310914055884,0.8779075504792464
0.122,0.5521064301552107,0.8469387755102041,0.9054749649040711,0.8983957219251337,0.6684563758389261,0.631119760376517,0.8762068702071376
0.123,0.5545657015590201,0.8469387755102041,0.9064108563406644,0.8992184286301933,0.6702557200538358,0.6329909648966321,0.8766748159254343
0.124,0.5558035714285714,0.8469387755102041,0.9068788020589612,0.8996297819827231,0.6711590296495957,0.6339307555099803,0.8769087887845827
0.125,0.5558035714285714,0.8469387755102041,0.9068788020589612,0.8996297819827231,0.6711590296495957,0.6339307555099803,0.8769087887845827
0.126,0.5620767494356659,0.8469387755102041,0.9092185306504446,0.9016865487453722,0.6757123473541384,0.6386722194516805,0.8780786530803244
0.127,0.5671981776765376,0.8469387755102041,0.9110903135236312,0.9033319621554916,0.679399727148704,0.6425173669389063,0.8790145445169177
0.128,0.5684931506849316,0.8469387755102041,0.9115582592419279,0.9037433155080213,0.680327868852459,0.6434860094461884,0.879248517376066
0.129,0.5688073394495413,0.8435374149659864,0.9120262049602246,0.9037433155080213,0.6794520547945205,0.6421437653548949,0.8777818099631055
0.13,0.5714285714285714,0.8435374149659864,0.912962096396818,0.904566022213081,0.6813186813186813,0.6440961169439791,0.8782497556814022
0.131,0.5727482678983834,0.8435374149659864,0.9134300421151147,0.9049773755656109,0.6822558459422283,0.6450768331808135,0.8784837285405506
0.132,0.5727482678983834,0.8435374149659864,0.9134300421151147,0.9049773755656109,0.6822558459422283,0.6450768331808135,0.8784837285405506
0.133,0.5744186046511628,0.8401360544217688,0.914365933551708,0.9053887289181407,0.6823204419889503,0.6447309852866937,0.8772509939867383
0.134,0.5757575757575758,0.8401360544217688,0.9148338792700047,0.9058000822706705,0.6832641770401107,0.6457209841873259,0.8774849668458867
0.135,0.5757575757575758,0.8401360544217688,0.9148338792700047,0.9058000822706705,0.6832641770401107,0.6457209841873259,0.8774849668458867
0.136,0.5771028037383178,0.8401360544217688,0.9153018249883014,0.9062114356232003,0.6842105263157895,0.6467140924650098,0.8777189397050351
0.137,0.5771028037383178,0.8401360544217688,0.9153018249883014,0.9062114356232003,0.6842105263157895,0.6467140924650098,0.8777189397050351
0.138,0.5784543325526932,0.8401360544217688,0.915769770706598,0.9066227889757301,0.6851595006934813,0.6477103282465594,0.8779529125641834
0.139,0.57981220657277,0.8401360544217688,0.9162377164248947,0.90703414232826,0.6861111111111111,0.6487097098064373,0.8781868854233317
0.14,0.5825471698113207,0.8401360544217688,0.917173607861488,0.9078568490333196,0.6880222841225627,0.6507179841066336,0.8786548311416285
0.14100000000000001,0.5839243498817966,0.8401360544217688,0.9176415535797847,0.9082682023858495,0.6889818688981869,0.6517269141482358,0.8788888040007767
0.14200000000000002,0.5839243498817966,0.8401360544217688,0.9176415535797847,0.9082682023858495,0.6889818688981869,0.6517269141482358,0.8788888040007767
0.14300000000000002,0.5853080568720379,0.8401360544217688,0.9181094992980814,0.9086795557383792,0.6899441340782123,0.6527390645739504,0.879122776859925
0.14400000000000002,0.5875299760191847,0.8333333333333334,0.9195133364529715,0.9090909090909091,0.6891701828410689,0.6511554792289753,0.8764233348931525
0.145,0.5875299760191847,0.8333333333333334,0.9195133364529715,0.9090909090909091,0.6891701828410689,0.6511554792289753,0.8764233348931525
0.146,0.5875299760191847,0.8333333333333334,0.9195133364529715,0.9090909090909091,0.6891701828410689,0.6511554792289753,0.8764233348931525
0.147,0.5875299760191847,0.8333333333333334,0.9195133364529715,0.9090909090909091,0.6891701828410689,0.6511554792289753,0.8764233348931525
0.148,0.5865384615384616,0.8299319727891157,0.9195133364529715,0.9086795557383792,0.6873239436619718,0.6488311343427502,0.8747226546210436
0.149,0.5855421686746988,0.826530612244898,0.9195133364529715,0.9082682023858495,0.685472496473907,0.6465037169577961,0.8730219743489347
0.15,0.5888077858880778,0.8231292517006803,0.9209171736078615,0.9090909090909091,0.6865248226950355,0.6472608886139996,0.8720232126542709
0.151,0.5916870415647921,0.8231292517006803,0.9218530650444549,0.9099136157959687,0.6884779516358464,0.6493362684358661,0.8724911583725676
0.152,0.5916870415647921,0.8231292517006803,0.9218530650444549,0.9099136157959687,0.6884779516358464,0.6493362684358661,0.8724911583725676
0.153,0.5916870415647921,0.8231292517006803,0.9218530650444549,0.9099136157959687,0.6884779516358464,0.6493362684358661,0.8724911583725676
0.154,0.5945945945945946,0.8231292517006803,0.9227889564810482,0.9107363225010284,0.6904422253922967,0.6514253818053363,0.8729591040908642
0.155,0.5945945945945946,0.8231292517006803,0.9227889564810482,0.9107363225010284,0.6904422253922967,0.6514253818053363,0.8729591040908642
0.156,0.5960591133004927,0.8231292517006803,0.9232569021993449,0.9111476758535582,0.6914285714285714,0.6524751411454472,0.8731930769500126
0.157,0.5960591133004927,0.8231292517006803,0.9232569021993449,0.9111476758535582,0.6914285714285714,0.6524751411454472,0.8731930769500126
0.158,0.599009900990099,0.8231292517006803,0.9241927936359382,0.9119703825586178,0.6934097421203438,0.6545851718666374,0.8736610226683093
0.159,0.598014888337469,0.8197278911564626,0.9241927936359382,0.911559029206088,0.6915351506456241,0.6522529655732867,0.8719603423962003
0.16,0.599502487562189,0.8197278911564626,0.9246607393542349,0.9119703825586178,0.6925287356321839,0.6533134623985332,0.8721943152553487
0.161,0.599502487562189,0.8197278911564626,0.9246607393542349,0.9119703825586178,0.6925287356321839,0.6533134623985332,0.8721943152553487
0.162,0.599502487562189,0.8197278911564626,0.9246607393542349,0.9119703825586178,0.6925287356321839,0.6533134623985332,0.8721943152553487
0.163,0.599502487562189,0.8197278911564626,0.9246607393542349,0.9119703825586178,0.6925287356321839,0.6533134623985332,0.8721943152553487
0.164,0.6085858585858586,0.8197278911564626,0.927468413664015,0.9144385026737968,0.6985507246376812,0.6597521922958622,0.8735981524102387
0.165,0.6085858585858586,0.8197278911564626,0.927468413664015,0.9144385026737968,0.6985507246376812,0.6597521922958622,0.8735981524102387
0.166,0.6085858585858586,0.8197278911564626,0.927468413664015,0.9144385026737968,0.6985507246376812,0.6597521922958622,0.8735981524102387
0.167,0.610126582278481,0.8197278911564626,0.9279363593823117,0.9148498560263266,0.6995645863570392,0.6608381504898829,0.8738321252693871
0.168,0.6132315521628499,0.8197278911564626,0.928872250818905,0.9156725627313863,0.7016011644832606,0.6630212782934306,0.8743000709876838
0.169,0.6138107416879796,0.8163265306122449,0.9293401965372017,0.9156725627313863,0.7007299270072993,0.6617854712431497,0.8728333635747233
0.17,0.6153846153846154,0.8163265306122449,0.9298081422554983,0.916083916083916,0.7017543859649122,0.6628867564893492,0.8730673364338717
0.171,0.6169665809768637,0.8163265306122449,0.930276087973795,0.9164952694364459,0.7027818448023426,0.6639918756799045,0.87330130929302
0.17200000000000001,0.6201550387596899,0.8163265306122449,0.9312119794103884,0.9173179761415056,0.7048458149779736,0.666213714371399,0.8737692550113166
0.17300000000000001,0.6217616580310881,0.8163265306122449,0.931679925128685,0.9177293294940354,0.7058823529411765,0.6673304836645347,0.874003227870465
0.17400000000000002,0.6197916666666666,0.8095238095238095,0.931679925128685,0.9169066227889757,0.7020648967551623,0.6626573077001828,0.8706018673262472
0.17500000000000002,0.6197916666666666,0.8095238095238095,0.931679925128685,0.9169066227889757,0.7020648967551623,0.6626573077001828,0.8706018673262472
0.176,0.6197916666666666,0.8095238095238095,0.931679925128685,0.9169066227889757,0.7020648967551623,0.6626573077001828,0.8706018673262472
0.177,0.6230366492146597,0.8095238095238095,0.9326158165652785,0.9177293294940354,0.7041420118343196,0.6649039098127353,0.871069813044544
0.178,0.6230366492146597,0.8095238095238095,0.9326158165652785,0.9177293294940354,0.7041420118343196,0.6649039098127353,0.871069813044544
0.179,0.6236842105263158,0.8061224489795918,0.9330837622835751,0.9177293294940354,0.7032640949554896,0.6636924927695877,0.8696031056315835
0.18,0.6253298153034301,0.8061224489795918,0.9335517080018718,0.9181406828465652,0.7043090638930164,0.6648261423931393,0.8698370784907319
0.181,0.6276595744680851,0.8027210884353742,0.9344875994384652,0.918552036199095,0.7044776119402985,0.6647625351319106,0.8686043439369197
0.182,0.6266666666666667,0.7993197278911565,0.9344875994384652,0.9181406828465652,0.70254110612855,0.6624159503304217,0.8669036636648109
0.183,0.6266666666666667,0.7993197278911565,0.9344875994384652,0.9181406828465652,0.70254110612855,0.6624159503304217,0.8669036636648109
0.184,0.6283422459893048,0.7993197278911565,0.9349555451567618,0.918552036199095,0.7035928143712575,0.6635625734760338,0.8671376365239591
0.185,0.6300268096514745,0.7993197278911565,0.9354234908750585,0.9189633895516248,0.704647676161919,0.6647133660624174,0.8673716093831074
0.186,0.633423180592992,0.7993197278911565,0.9363593823116518,0.9197860962566845,0.706766917293233,0.6670275712165322,0.8678395551014042
0.187,0.633423180592992,0.7993197278911565,0.9363593823116518,0.9197860962566845,0.706766917293233,0.6670275712165322,0.8678395551014042
0.188,0.633423180592992,0.7993197278911565,0.9363593823116518,0.9197860962566845,0.706766917293233,0.6670275712165322,0.8678395551014042
0.189,0.6331521739130435,0.7925170068027211,0.9368273280299485,0.9193747429041547,0.7039274924471299,0.6634909705026998,0.8646721674163348
0.19,0.6331521739130435,0.7925170068027211,0.9368273280299485,0.9193747429041547,0.7039274924471299,0.6634909705026998,0.8646721674163348
0.191,0.6331521739130435,0.7925170068027211,0.9368273280299485,0.9193747429041547,0.7039274924471299,0.6634909705026998,0.8646721674163348
0.192,0.6348773841961853,0.7925170068027211,0.9372952737482452,0.9197860962566845,0.7049924357034796,0.6646594971392663,0.8649061402754832
0.193,0.6366120218579235,0.7925170068027211,0.9377632194665418,0.9201974496092143,0.706060606060606,0.665832357916618,0.8651401131346315
0.194,0.6401098901098901,0.7925170068027211,0.9386991109031352,0.9210201563142739,0.7082066869300911,0.668191200170221,0.8656080588529281
0.195,0.6401098901098901,0.7925170068027211,0.9386991109031352,0.9210201563142739,0.7082066869300911,0.668191200170221,0.8656080588529281
0.196,0.6418732782369146,0.7925170068027211,0.939167056621432,0.9214315096668038,0.7092846270928462,0.6693772414918316,0.8658420317120765
0.197,0.6418732782369146,0.7925170068027211,0.939167056621432,0.9214315096668038,0.7092846270928462,0.6693772414918316,0.8658420317120765
0.198,0.6444444444444445,0.7891156462585034,0.9401029480580253,0.9218428630193336,0.709480122324159,0.6694102540946528,0.8646092971582644
0.199,0.6444444444444445,0.7891156462585034,0.9401029480580253,0.9218428630193336,0.709480122324159,0.6694102540946528,0.8646092971582644
0.2,0.6480446927374302,0.7891156462585034,0.9410388394946186,0.9226655697243933,0.7116564417177914,0.6718147265582052,0.865077242876561
0.201,0.6498599439775911,0.7891156462585034,0.9415067852129153,0.9230769230769231,0.7127496159754224,0.6730238334365194,0.8653112157357093
0.202,0.648876404494382,0.7857142857142857,0.9415067852129153,0.9226655697243933,0.7107692307692308,0.6706691514140847,0.8636105354636006
0.203,0.647887323943662,0.782312925170068,0.9415067852129153,0.9222542163718634,0.7087827426810478,0.6683108014851326,0.8619098551914917
0.20400000000000001,0.6497175141242938,0.782312925170068,0.941974730931212,0.9226655697243933,0.7098765432098766,0.6695255126049007,0.8621438280506399
0.20500000000000002,0.6467236467236467,0.7721088435374149,0.941974730931212,0.9214315096668038,0.703875968992248,0.6624296210331012,0.8570417872343135
0.20600000000000002,0.6504297994269341,0.7721088435374149,0.9429106223678053,0.9222542163718634,0.7060653188180405,0.6648760903582897,0.8575097329526101
0.20700000000000002,0.6504297994269341,0.7721088435374149,0.9429106223678053,0.9222542163718634,0.7060653188180405,0.6648760903582897,0.8575097329526101
0.20800000000000002,0.6504297994269341,0.7721088435374149,0.9429106223678053,0.9222542163718634,0.7060653188180405,0.6648760903582897,0.8575097329526101
0.209,0.6512968299711815,0.7687074829931972,0.943378568086102,0.9222542163718634,0.7051482059282371,0.6637351386242355,0.8560430255396496
0.21,0.6512968299711815,0.7687074829931972,0.943378568086102,0.9222542163718634,0.7051482059282371,0.6637351386242355,0.8560430255396496
0.211,0.6512968299711815,0.7687074829931972,0.943378568086102,0.9222542163718634,0.7051482059282371,0.6637351386242355,0.8560430255396496
0.212,0.6512968299711815,0.7687074829931972,0.943378568086102,0.9222542163718634,0.7051482059282371,0.6637351386242355,0.8560430255396496
0.213,0.6512968299711815,0.7687074829931972,0.943378568086102,0.9222542163718634,0.7051482059282371,0.6637351386242355,0.8560430255396496
0.214,0.6550724637681159,0.7687074829931972,0.9443144595226953,0.9230769230769231,0.7073552425665102,0.6662114948013416,0.8565109712579463
0.215,0.6550724637681159,0.7687074829931972,0.9443144595226953,0.9230769230769231,0.7073552425665102,0.6662114948013416,0.8565109712579463
0.216,0.6550724637681159,0.7687074829931972,0.9443144595226953,0.9230769230769231,0.7073552425665102,0.6662114948013416,0.8565109712579463
0.217,0.6569767441860465,0.7687074829931972,0.944782405240992,0.9234882764294529,0.7084639498432602,0.6674570167765008,0.8567449441170947
0.218,0.6569767441860465,0.7687074829931972,0.944782405240992,0.9234882764294529,0.7084639498432602,0.6674570167765008,0.8567449441170947
0.219,0.6559766763848397,0.7653061224489796,0.944782405240992,0.9230769230769231,0.706436420722135,0.6650834106868876,0.8550442638449858
0.22,0.6559766763848397,0.7653061224489796,0.944782405240992,0.9230769230769231,0.706436420722135,0.6650834106868876,0.8550442638449858
0.221,0.6578947368421053,0.7653061224489796,0.9452503509592888,0.9234882764294529,0.7075471698113207,0.6663344291876849,0.8552782367041342
0.222,0.6578947368421053,0.7653061224489796,0.9452503509592888,0.9234882764294529,0.7075471698113207,0.6663344291876849,0.8552782367041342
0.223,0.6588235294117647,0.7619047619047619,0.9457182966775854,0.9234882764294529,0.7066246056782335,0.665214071972765,0.8538115292911737
0.224,0.6588235294117647,0.7619047619047619,0.9457182966775854,0.9234882764294529,0.7066246056782335,0.665214071972765,0.8538115292911737
0.225,0.6588235294117647,0.7619047619047619,0.9457182966775854,0.9234882764294529,0.7066246056782335,0.665214071972765,0.8538115292911737
0.226,0.6588235294117647,0.7619047619047619,0.9457182966775854,0.9234882764294529,0.7066246056782335,0.665214071972765,0.8538115292911737
0.227,0.6607669616519174,0.7619047619047619,0.9461862423958821,0.9238996297819827,0.707740916271722,0.6664756918611844,0.8540455021503219
0.228,0.6627218934911243,0.7619047619047619,0.9466541881141788,0.9243109831345125,0.7088607594936709,0.6677423943858757,0.8542794750094703
0.229,0.6646884272997032,0.7619047619047619,0.9471221338324755,0.9247223364870424,0.7099841521394612,0.66901421698387,0.8545134478686187
0.23,0.6636904761904762,0.7585034013605442,0.9471221338324755,0.9243109831345125,0.707936507936508,0.6666356924965684,0.8528127675965098
0.231,0.6636904761904762,0.7585034013605442,0.9471221338324755,0.9243109831345125,0.707936507936508,0.6666356924965684,0.8528127675965098
0.232,0.6636904761904762,0.7585034013605442,0.9471221338324755,0.9243109831345125,0.707936507936508,0.6666356924965684,0.8528127675965098
0.233,0.6636904761904762,0.7585034013605442,0.9471221338324755,0.9243109831345125,0.707936507936508,0.6666356924965684,0.8528127675965098
0.234,0.6656716417910448,0.7585034013605442,0.9475900795507721,0.9247223364870424,0.7090620031796503,0.6679132906176072,0.8530467404556581
0.23500000000000001,0.6656716417910448,0.7585034013605442,0.9475900795507721,0.9247223364870424,0.7090620031796503,0.6679132906176072,0.8530467404556581
0.23600000000000002,0.6656716417910448,0.7585034013605442,0.9475900795507721,0.9247223364870424,0.7090620031796503,0.6679132906176072,0.8530467404556581
0.23700000000000002,0.6656716417910448,0.7585034013605442,0.9475900795507721,0.9247223364870424,0.7090620031796503,0.6679132906176072,0.8530467404556581
0.23800000000000002,0.6656716417910448,0.7585034013605442,0.9475900795507721,0.9247223364870424,0.7090620031796503,0.6679132906176072,0.8530467404556581
0.23900000000000002,0.6646706586826348,0.7551020408163265,0.9475900795507721,0.9243109831345125,0.7070063694267515,0.6655314165493789,0.8513460601835493
0.24,0.6646706586826348,0.7551020408163265,0.9475900795507721,0.9243109831345125,0.7070063694267515,0.6655314165493789,0.8513460601835493
0.241,0.6646706586826348,0.7551020408163265,0.9475900795507721,0.9243109831345125,0.7070063694267515,0.6655314165493789,0.8513460601835493
0.242,0.6646706586826348,0.7551020408163265,0.9475900795507721,0.9243109831345125,0.7070063694267515,0.6655314165493789,0.8513460601835493
0.243,0.6646706586826348,0.7551020408163265,0.9475900795507721,0.9243109831345125,0.7070063694267515,0.6655314165493789,0.8513460601835493
0.244,0.6646706586826348,0.7551020408163265,0.9475900795507721,0.9243109831345125,0.7070063694267515,0.6655314165493789,0.8513460601835493
0.245,0.6666666666666666,0.7551020408163265,0.9480580252690688,0.9247223364870424,0.7081339712918661,0.6668148544017461,0.8515800330426977
0.246,0.6666666666666666,0.7551020408163265,0.9480580252690688,0.9247223364870424,0.7081339712918661,0.6668148544017461,0.8515800330426977
0.247,0.6666666666666666,0.7551020408163265,0.9480580252690688,0.9247223364870424,0.7081339712918661,0.6668148544017461,0.8515800330426977
0.248,0.6656626506024096,0.7517006802721088,0.9480580252690688,0.9243109831345125,0.7060702875399361,0.6644296053070303,0.8498793527705888
0.249,0.6656626506024096,0.7517006802721088,0.9480580252690688,0.9243109831345125,0.7060702875399361,0.6644296053070303,0.8498793527705888
0.25,0.6656626506024096,0.7517006802721088,0.9480580252690688,0.9243109831345125,0.7060702875399361,0.6644296053070303,0.8498793527705888
0.251,0.6656626506024096,0.7517006802721088,0.9480580252690688,0.9243109831345125,0.7060702875399361,0.6644296053070303,0.8498793527705888
0.252,0.6656626506024096,0.7517006802721088,0.9480580252690688,0.9243109831345125,0.7060702875399361,0.6644296053070303,0.8498793527705888
0.253,0.6656626506024096,0.7517006802721088,0.9480580252690688,0.9243109831345125,0.7060702875399361,0.6644296053070303,0.8498793527705888
0.254,0.6666666666666666,0.7482993197278912,0.9485259709873655,0.9243109831345125,0.7051282051282052,0.6633302986041592,0.8484126453576284
0.255,0.6666666666666666,0.7482993197278912,0.9485259709873655,0.9243109831345125,0.7051282051282052,0.6633302986041592,0.8484126453576284
0.256,0.6707317073170732,0.7482993197278912,0.9494618624239588,0.9251336898395722,0.707395498392283,0.6659263092110639,0.848880591075925
0.257,0.6707317073170732,0.7482993197278912,0.9494618624239588,0.9251336898395722,0.707395498392283,0.6659263092110639,0.848880591075925
0.258,0.6707317073170732,0.7482993197278912,0.9494618624239588,0.9251336898395722,0.707395498392283,0.6659263092110639,0.848880591075925
0.259,0.6707317073170732,0.7482993197278912,0.9494618624239588,0.9251336898395722,0.707395498392283,0.6659263092110639,0.848880591075925
0.26,0.6707317073170732,0.7482993197278912,0.9494618624239588,0.9251336898395722,0.707395498392283,0.6659263092110639,0.848880591075925
0.261,0.6707317073170732,0.7482993197278912,0.9494618624239588,0.9251336898395722,0.707395498392283,0.6659263092110639,0.848880591075925
0.262,0.6707317073170732,0.7482993197278912,0.9494618624239588,0.9251336898395722,0.707395498392283,0.6659263092110639,0.848880591075925
0.263,0.6707317073170732,0.7482993197278912,0.9494618624239588,0.9251336898395722,0.707395498392283,0.6659263092110639,0.848880591075925
0.264,0.6707317073170732,0.7482993197278912,0.9494618624239588,0.9251336898395722,0.707395498392283,0.6659263092110639,0.848880591075925
0.265,0.6748466257668712,0.7482993197278912,0.9503977538605521,0.9259563965446318,0.7096774193548387,0.6685440076192904,0.8493485367942217
0.266,0.6759259259259259,0.7448979591836735,0.9508656995788488,0.9259563965446318,0.7087378640776699,0.6674717574576295,0.8478818293812611
0.267,0.6759259259259259,0.7448979591836735,0.9508656995788488,0.9259563965446318,0.7087378640776699,0.6674717574576295,0.8478818293812611
0.268,0.6759259259259259,0.7448979591836735,0.9508656995788488,0.9259563965446318,0.7087378640776699,0.6674717574576295,0.8478818293812611
0.269,0.6759259259259259,0.7448979591836735,0.9508656995788488,0.9259563965446318,0.7087378640776699,0.6674717574576295,0.8478818293812611
0.27,0.6822429906542056,0.7448979591836735,0.9522695367337389,0.9271904566022213,0.7121951219512195,0.6714587122367673,0.8485837479587062
0.271,0.6822429906542056,0.7448979591836735,0.9522695367337389,0.9271904566022213,0.7121951219512195,0.6714587122367673,0.8485837479587062
0.272,0.6822429906542056,0.7448979591836735,0.9522695367337389,0.9271904566022213,0.7121951219512195,0.6714587122367673,0.8485837479587062
0.273,0.684375,0.7448979591836735,0.9527374824520356,0.9276018099547512,0.7133550488599348,0.6727990293187858,0.8488177208178546
0.274,0.684375,0.7448979591836735,0.9527374824520356,0.9276018099547512,0.7133550488599348,0.6727990293187858,0.8488177208178546
0.275,0.6855345911949685,0.7414965986394558,0.9532054281703323,0.9276018099547512,0.7124183006535948,0.6717554269976178,0.847351013404894
0.276,0.6855345911949685,0.7414965986394558,0.9532054281703323,0.9276018099547512,0.7124183006535948,0.6717554269976178,0.847351013404894
0.277,0.6876971608832808,0.7414965986394558,0.9536733738886289,0.928013163307281,0.7135842880523732,0.6731080870831283,0.8475849862640423
0.278,0.6876971608832808,0.7414965986394558,0.9536733738886289,0.928013163307281,0.7135842880523732,0.6731080870831283,0.8475849862640423
0.279,0.689873417721519,0.7414965986394558,0.9541413196069256,0.9284245166598107,0.7147540983606557,0.6744665966931522,0.8478189591231907
0.28,0.689873417721519,0.7414965986394558,0.9541413196069256,0.9284245166598107,0.7147540983606557,0.6744665966931522,0.8478189591231907
0.281,0.692063492063492,0.7414965986394558,0.9546092653252223,0.9288358700123406,0.715927750410509,0.675831001895466,0.8480529319823391
0.28200000000000003,0.6932907348242812,0.7380952380952381,0.955077211043519,0.9288358700123406,0.71499176276771,0.6748108744192393,0.8465862245693785
0.28300000000000003,0.6977491961414791,0.7380952380952381,0.9560131024801123,0.9296585767174003,0.7173553719008264,0.677571396892238,0.8470541702876753
0.28400000000000003,0.6977491961414791,0.7380952380952381,0.9560131024801123,0.9296585767174003,0.7173553719008264,0.677571396892238,0.8470541702876753
0.28500000000000003,0.6977491961414791,0.7380952380952381,0.9560131024801123,0.9296585767174003,0.7173553719008264,0.677571396892238,0.8470541702876753
0.28600000000000003,0.6977491961414791,0.7380952380952381,0.9560131024801123,0.9296585767174003,0.7173553719008264,0.677571396892238,0.8470541702876753
0.28700000000000003,0.6977491961414791,0.7380952380952381,0.9560131024801123,0.9296585767174003,0.7173553719008264,0.677571396892238,0.8470541702876753
0.28800000000000003,0.6977491961414791,0.7380952380952381,0.9560131024801123,0.9296585767174003,0.7173553719008264,0.677571396892238,0.8470541702876753
0.289,0.7,0.7380952380952381,0.956481048198409,0.9300699300699301,0.7185430463576159,0.6789607938968332,0.8472881431468235
0.29,0.7,0.7380952380952381,0.956481048198409,0.9300699300699301,0.7185430463576159,0.6789607938968332,0.8472881431468235
0.291,0.698051948051948,0.7312925170068028,0.956481048198409,0.9292472233648704,0.7142857142857143,0.6741725266472686,0.8438867826026059
0.292,0.698051948051948,0.7312925170068028,0.956481048198409,0.9292472233648704,0.7142857142857143,0.6741725266472686,0.8438867826026059
0.293,0.698051948051948,0.7312925170068028,0.956481048198409,0.9292472233648704,0.7142857142857143,0.6741725266472686,0.8438867826026059
0.294,0.698051948051948,0.7312925170068028,0.956481048198409,0.9292472233648704,0.7142857142857143,0.6741725266472686,0.8438867826026059
0.295,0.7003257328990228,0.7312925170068028,0.9569489939167056,0.9296585767174003,0.7154742096505824,0.6755699844853048,0.8441207554617542
0.296,0.7003257328990228,0.7312925170068028,0.9569489939167056,0.9296585767174003,0.7154742096505824,0.6755699844853048,0.8441207554617542
0.297,0.6993464052287581,0.7278911564625851,0.9569489939167056,0.9292472233648704,0.7133333333333334,0.6731703201256242,0.8424200751896453
0.298,0.6993464052287581,0.7278911564625851,0.9569489939167056,0.9292472233648704,0.7133333333333334,0.6731703201256242,0.8424200751896453
0.299,0.6993464052287581,0.7278911564625851,0.9569489939167056,0.9292472233648704,0.7133333333333334,0.6731703201256242,0.8424200751896453
0.3,0.7016393442622951,0.7278911564625851,0.9574169396350023,0.9296585767174003,0.7145242070116862,0.6745749953453697,0.8426540480487936
0.301,0.7039473684210527,0.7278911564625851,0.957884885353299,0.9300699300699301,0.7157190635451505,0.6759859946078414,0.842888020907942
0.302,0.7039473684210527,0.7278911564625851,0.957884885353299,0.9300699300699301,0.7157190635451505,0.6759859946078414,0.842888020907942
0.303,0.7029702970297029,0.7244897959183674,0.957884885353299,0.9296585767174003,0.7135678391959799,0.6735839101988763,0.8411873406358332
0.304,0.707641196013289,0.7244897959183674,0.9588207767898924,0.93048128342246,0.7159663865546219,0.6764271290920685,0.8416552863541299
0.305,0.707641196013289,0.7244897959183674,0.9588207767898924,0.93048128342246,0.7159663865546219,0.6764271290920685,0.8416552863541299
0.306,0.707641196013289,0.7244897959183674,0.9588207767898924,0.93048128342246,0.7159663865546219,0.6764271290920685,0.8416552863541299
0.307,0.7066666666666667,0.7210884353741497,0.9588207767898924,0.9300699300699301,0.7138047138047138,0.6740226634776404,0.8399546060820211
0.308,0.7066666666666667,0.7210884353741497,0.9588207767898924,0.9300699300699301,0.7138047138047138,0.6740226634776404,0.8399546060820211
0.309,0.705685618729097,0.717687074829932,0.9588207767898924,0.9296585767174003,0.7116357504215851,0.6716137414584092,0.8382539258099122
0.31,0.705685618729097,0.717687074829932,0.9588207767898924,0.9296585767174003,0.7116357504215851,0.6716137414584092,0.8382539258099122
0.311,0.705685618729097,0.717687074829932,0.9588207767898924,0.9296585767174003,0.7116357504215851,0.6716137414584092,0.8382539258099122
0.312,0.7046979865771812,0.7142857142857143,0.9588207767898924,0.9292472233648704,0.7094594594594594,0.6692003280761561,0.8365532455378033
0.313,0.7046979865771812,0.7142857142857143,0.9588207767898924,0.9292472233648704,0.7094594594594594,0.6692003280761561,0.8365532455378033
0.314,0.7070707070707071,0.7142857142857143,0.9592887225081891,0.9296585767174003,0.7106598984771574,0.6706348077557427,0.8367872183969517
0.315,0.7070707070707071,0.7142857142857143,0.9592887225081891,0.9296585767174003,0.7106598984771574,0.6706348077557427,0.8367872183969517
0.316,0.7070707070707071,0.7142857142857143,0.9592887225081891,0.9296585767174003,0.7106598984771574,0.6706348077557427,0.8367872183969517
0.317,0.7070707070707071,0.7142857142857143,0.9592887225081891,0.9296585767174003,0.7106598984771574,0.6706348077557427,0.8367872183969517
0.318,0.7070707070707071,0.7142857142857143,0.9592887225081891,0.9296585767174003,0.7106598984771574,0.6706348077557427,0.8367872183969517
0.319,0.7070707070707071,0.7142857142857143,0.9592887225081891,0.9296585767174003,0.7106598984771574,0.6706348077557427,0.8367872183969517
0.32,0.7094594594594594,0.7142857142857143,0.9597566682264858,0.9300699300699301,0.711864406779661,0.6720759213469186,0.8370211912561001
0.321,0.7094594594594594,0.7142857142857143,0.9597566682264858,0.9300699300699301,0.711864406779661,0.6720759213469186,0.8370211912561001
0.322,0.7094594594594594,0.7142857142857143,0.9597566682264858,0.9300699300699301,0.711864406779661,0.6720759213469186,0.8370211912561001
0.323,0.7094594594594594,0.7142857142857143,0.9597566682264858,0.9300699300699301,0.711864406779661,0.6720759213469186,0.8370211912561001
0.324,0.7094594594594594,0.7142857142857143,0.9597566682264858,0.9300699300699301,0.711864406779661,0.6720759213469186,0.8370211912561001
0.325,0.7094594594594594,0.7142857142857143,0.9597566682264858,0.9300699300699301,0.711864406779661,0.6720759213469186,0.8370211912561001
0.326,0.7094594594594594,0.7142857142857143,0.9597566682264858,0.9300699300699301,0.711864406779661,0.6720759213469186,0.8370211912561001
0.327,0.7094594594594594,0.7142857142857143,0.9597566682264858,0.9300699300699301,0.711864406779661,0.6720759213469186,0.8370211912561001
0.328,0.711864406779661,0.7142857142857143,0.9602246139447824,0.93048128342246,0.7130730050933786,0.673523724606129,0.8372551641152484
0.329,0.7142857142857143,0.7142857142857143,0.9606925596630791,0.9308926367749897,0.7142857142857143,0.6749782739487934,0.8374891369743966
0.33,0.7123287671232876,0.7074829931972789,0.9606925596630791,0.9300699300699301,0.7098976109215017,0.670146401586993,0.8340877764301791
0.331,0.7123287671232876,0.7074829931972789,0.9606925596630791,0.9300699300699301,0.7098976109215017,0.670146401586993,0.8340877764301791
0.332,0.7137931034482758,0.7040816326530612,0.9611605053813758,0.9300699300699301,0.708904109589041,0.6691883079450621,0.8326210690172184
0.333,0.7137931034482758,0.7040816326530612,0.9611605053813758,0.9300699300699301,0.708904109589041,0.6691883079450621,0.8326210690172184
0.334,0.71280276816609,0.7006802721088435,0.9611605053813758,0.9296585767174003,0.7066895368782161,0.6667619271496488,0.8309203887451097
0.335,0.7152777777777778,0.7006802721088435,0.9616284510996724,0.9300699300699301,0.7079037800687286,0.6682347740923273,0.831154361604258
0.336,0.7177700348432056,0.7006802721088435,0.9620963968179691,0.93048128342246,0.7091222030981067,0.6697146502471014,0.8313883344634063
0.337,0.7202797202797203,0.7006802721088435,0.9625643425362658,0.9308926367749897,0.7103448275862069,0.6712016165363358,0.8316223073225546
0.338,0.7202797202797203,0.7006802721088435,0.9625643425362658,0.9308926367749897,0.7103448275862069,0.6712016165363358,0.8316223073225546
0.339,0.7202797202797203,0.7006802721088435,0.9625643425362658,0.9308926367749897,0.7103448275862069,0.6712016165363358,0.8316223073225546
0.34,0.7192982456140351,0.6972789115646258,0.9625643425362658,0.93048128342246,0.7081174438687392,0.6687740583240275,0.8299216270504458
0.341,0.7192982456140351,0.6972789115646258,0.9625643425362658,0.93048128342246,0.7081174438687392,0.6687740583240275,0.8299216270504458
0.342,0.7183098591549296,0.6938775510204082,0.9625643425362658,0.9300699300699301,0.7058823529411765,0.6663417477561285,0.828220946778337
0.343,0.7183098591549296,0.6938775510204082,0.9625643425362658,0.9300699300699301,0.7058823529411765,0.6663417477561285,0.828220946778337
0.34400000000000003,0.7198581560283688,0.6904761904761905,0.9630322882545624,0.9300699300699301,0.7048611111111112,0.665402442869983,0.8267542393653764
0.34500000000000003,0.7198581560283688,0.6904761904761905,0.9630322882545624,0.9300699300699301,0.7048611111111112,0.665402442869983,0.8267542393653764
0.34600000000000003,0.7198581560283688,0.6904761904761905,0.9630322882545624,0.9300699300699301,0.7048611111111112,0.665402442869983,0.8267542393653764
0.34700000000000003,0.7198581560283688,0.6904761904761905,0.9630322882545624,0.9300699300699301,0.7048611111111112,0.665402442869983,0.8267542393653764
0.34800000000000003,0.7198581560283688,0.6904761904761905,0.9630322882545624,0.9300699300699301,0.7048611111111112,0.665402442869983,0.8267542393653764
0.34900000000000003,0.7198581560283688,0.6904761904761905,0.9630322882545624,0.9300699300699301,0.7048611111111112,0.665402442869983,0.8267542393653764
0.35000000000000003,0.7188612099644128,0.6870748299319728,0.9630322882545624,0.9296585767174003,0.7026086956521739,0.6629617277307512,0.8250535590932676
0.35100000000000003,0.7188612099644128,0.6870748299319728,0.9630322882545624,0.9296585767174003,0.7026086956521739,0.6629617277307512,0.8250535590932676
0.352,0.7188612099644128,0.6870748299319728,0.9630322882545624,0.9296585767174003,0.7026086956521739,0.6629617277307512,0.8250535590932676
0.353,0.7214285714285714,0.6870748299319728,0.9635002339728591,0.9300699300699301,0.7038327526132404,0.6644680731488096,0.825287531952416
0.354,0.7214285714285714,0.6870748299319728,0.9635002339728591,0.9300699300699301,0.7038327526132404,0.6644680731488096,0.825287531952416
0.355,0.7240143369175627,0.6870748299319728,0.9639681796911558,0.93048128342246,0.7050610820244329,0.6659818159658385,0.8255215048115643
0.356,0.7266187050359713,0.6870748299319728,0.9644361254094524,0.9308926367749897,0.7062937062937062,0.6675030221243055,0.8257554776707126
0.357,0.7266187050359713,0.6870748299319728,0.9644361254094524,0.9308926367749897,0.7062937062937062,0.6675030221243055,0.8257554776707126
0.358,0.7266187050359713,0.6870748299319728,0.9644361254094524,0.9308926367749897,0.7062937062937062,0.6675030221243055,0.8257554776707126
0.359,0.7266187050359713,0.6870748299319728,0.9644361254094524,0.9308926367749897,0.7062937062937062,0.6675030221243055,0.8257554776707126
0.36,0.7292418772563177,0.6870748299319728,0.9649040711277492,0.9313039901275195,0.7075306479859895,0.6690317583938814,0.8259894505298611
0.361,0.7292418772563177,0.6870748299319728,0.9649040711277492,0.9313039901275195,0.7075306479859895,0.6690317583938814,0.8259894505298611
0.362,0.7292418772563177,0.6870748299319728,0.9649040711277492,0.9313039901275195,0.7075306479859895,0.6690317583938814,0.8259894505298611
0.363,0.7345454545454545,0.6870748299319728,0.9658399625643426,0.9321266968325792,0.7100175746924429,0.6721120925619116,0.8264573962481576
0.364,0.7372262773722628,0.6870748299319728,0.9663079082826392,0.932538050185109,0.7112676056338029,0.6736638282579486,0.826691369107306
0.365,0.73992673992674,0.6870748299319728,0.9667758540009359,0.9329494035376388,0.7125220458553791,0.6752233696884864,0.8269253419664544
0.366,0.73992673992674,0.6870748299319728,0.9667758540009359,0.9329494035376388,0.7125220458553791,0.6752233696884864,0.8269253419664544
0.367,0.73992673992674,0.6870748299319728,0.9667758540009359,0.9329494035376388,0.7125220458553791,0.6752233696884864,0.8269253419664544
0.368,0.73992673992674,0.6870748299319728,0.9667758540009359,0.9329494035376388,0.7125220458553791,0.6752233696884864,0.8269253419664544
0.369,0.7426470588235294,0.6870748299319728,0.9672437997192326,0.9333607568901686,0.7137809187279152,0.6767907879661319,0.8271593148256027
0.37,0.7426470588235294,0.6870748299319728,0.9672437997192326,0.9333607568901686,0.7137809187279152,0.6767907879661319,0.8271593148256027
0.371,0.7426470588235294,0.6870748299319728,0.9672437997192326,0.9333607568901686,0.7137809187279152,0.6767907879661319,0.8271593148256027
0.372,0.7426470588235294,0.6870748299319728,0.9672437997192326,0.9333607568901686,0.7137809187279152,0.6767907879661319,0.8271593148256027
0.373,0.7426470588235294,0.6870748299319728,0.9672437997192326,0.9333607568901686,0.7137809187279152,0.6767907879661319,0.8271593148256027
0.374,0.7426470588235294,0.6870748299319728,0.9672437997192326,0.9333607568901686,0.7137809187279152,0.6767907879661319,0.8271593148256027
0.375,0.7426470588235294,0.6870748299319728,0.9672437997192326,0.9333607568901686,0.7137809187279152,0.6767907879661319,0.8271593148256027
0.376,0.7426470588235294,0.6870748299319728,0.9672437997192326,0.9333607568901686,0.7137809187279152,0.6767907879661319,0.8271593148256027
0.377,0.7397769516728625,0.6768707482993197,0.9672437997192326,0.9321266968325792,0.7069271758436945,0.669476057219239,0.8220572740092762
0.378,0.7397769516728625,0.6768707482993197,0.9672437997192326,0.9321266968325792,0.7069271758436945,0.669476057219239,0.8220572740092762
0.379,0.7397769516728625,0.6768707482993197,0.9672437997192326,0.9321266968325792,0.7069271758436945,0.669476057219239,0.8220572740092762
0.38,0.7397769516728625,0.6768707482993197,0.9672437997192326,0.9321266968325792,0.7069271758436945,0.669476057219239,0.8220572740092762
0.381,0.7397769516728625,0.6768707482993197,0.9672437997192326,0.9321266968325792,0.7069271758436945,0.669476057219239,0.8220572740092762
0.382,0.7397769516728625,0.6768707482993197,0.9672437997192326,0.9321266968325792,0.7069271758436945,0.669476057219239,0.8220572740092762
0.383,0.7397769516728625,0.6768707482993197,0.9672437997192326,0.9321266968325792,0.7069271758436945,0.669476057219239,0.8220572740092762
0.384,0.7425373134328358,0.6768707482993197,0.9677117454375292,0.932538050185109,0.708185053380783,0.6710560186274998,0.8222912468684245
0.385,0.7453183520599251,0.6768707482993197,0.9681796911558259,0.9329494035376388,0.7094474153297683,0.6726441087270262,0.8225252197275728
0.386,0.7453183520599251,0.6768707482993197,0.9681796911558259,0.9329494035376388,0.7094474153297683,0.6726441087270262,0.8225252197275728
0.387,0.7453183520599251,0.6768707482993197,0.9681796911558259,0.9329494035376388,0.7094474153297683,0.6726441087270262,0.8225252197275728
0.388,0.7453183520599251,0.6768707482993197,0.9681796911558259,0.9329494035376388,0.7094474153297683,0.6726441087270262,0.8225252197275728
0.389,0.7453183520599251,0.6768707482993197,0.9681796911558259,0.9329494035376388,0.7094474153297683,0.6726441087270262,0.8225252197275728
0.39,0.7453183520599251,0.6768707482993197,0.9681796911558259,0.9329494035376388,0.7094474153297683,0.6726441087270262,0.8225252197275728
0.391,0.7453183520599251,0.6768707482993197,0.9681796911558259,0.9329494035376388,0.7094474153297683,0.6726441087270262,0.8225252197275728
0.392,0.7481203007518797,0.6768707482993197,0.9686476368741226,0.9333607568901686,0.7107142857142857,0.6742404032298837,0.8227591925867211
0.393,0.7481203007518797,0.6768707482993197,0.9686476368741226,0.9333607568901686,0.7107142857142857,0.6742404032298837,0.8227591925867211
0.394,0.7481203007518797,0.6768707482993197,0.9686476368741226,0.9333607568901686,0.7107142857142857,0.6742404032298837,0.8227591925867211
0.395,0.7481203007518797,0.6768707482993197,0.9686476368741226,0.9333607568901686,0.7107142857142857,0.6742404032298837,0.8227591925867211
0.396,0.7481203007518797,0.6768707482993197,0.9686476368741226,0.9333607568901686,0.7107142857142857,0.6742404032298837,0.8227591925867211
0.397,0.7481203007518797,0.6768707482993197,0.9686476368741226,0.9333607568901686,0.7107142857142857,0.6742404032298837,0.8227591925867211
0.398,0.7471698113207547,0.673469387755102,0.9686476368741226,0.9329494035376388,0.7084078711985689,0.6717968262965265,0.8210585123146124
0.399,0.7471698113207547,0.673469387755102,0.9686476368741226,0.9329494035376388,0.7084078711985689,0.6717968262965265,0.8210585123146124
0.4,0.7471698113207547,0.673469387755102,0.9686476368741226,0.9329494035376388,0.7084078711985689,0.6717968262965265,0.8210585123146124
0.401,0.7471698113207547,0.673469387755102,0.9686476368741226,0.9329494035376388,0.7084078711985689,0.6717968262965265,0.8210585123146124
0.402,0.7471698113207547,0.673469387755102,0.9686476368741226,0.9329494035376388,0.7084078711985689,0.6717968262965265,0.8210585123146124
0.403,0.75,0.673469387755102,0.9691155825924193,0.9333607568901686,0.7096774193548387,0.6734030369424651,0.8212924851737606
0.404,0.752851711026616,0.673469387755102,0.9695835283107159,0.9337721102426985,0.7109515260323159,0.6750176444143758,0.8215264580329089
0.405,0.752851711026616,0.673469387755102,0.9695835283107159,0.9337721102426985,0.7109515260323159,0.6750176444143758,0.8215264580329089
0.406,0.752851711026616,0.673469387755102,0.9695835283107159,0.9337721102426985,0.7109515260323159,0.6750176444143758,0.8215264580329089
0.40700000000000003,0.752851711026616,0.673469387755102,0.9695835283107159,0.9337721102426985,0.7109515260323159,0.6750176444143758,0.8215264580329089
0.40800000000000003,0.752851711026616,0.673469387755102,0.9695835283107159,0.9337721102426985,0.7109515260323159,0.6750176444143758,0.8215264580329089
0.40900000000000003,0.7557251908396947,0.673469387755102,0.9700514740290126,0.9341834635952283,0.7122302158273381,0.6766407281099424,0.8217604308920573
0.41000000000000003,0.7586206896551724,0.673469387755102,0.9705194197473093,0.9345948169477581,0.7135135135135136,0.6782723684840871,0.8219944037512057
0.41100000000000003,0.7576923076923077,0.6700680272108843,0.9705194197473093,0.9341834635952283,0.7111913357400722,0.6758304642828386,0.8202937234790968
0.41200000000000003,0.7576923076923077,0.6700680272108843,0.9705194197473093,0.9341834635952283,0.7111913357400722,0.6758304642828386,0.8202937234790968
0.41300000000000003,0.7576923076923077,0.6700680272108843,0.9705194197473093,0.9341834635952283,0.7111913357400722,0.6758304642828386,0.8202937234790968
0.41400000000000003,0.7635658914728682,0.6700680272108843,0.9714553111839027,0.935006170300288,0.7137681159420289,0.6791233621127966,0.8207616691973936
0.41500000000000004,0.7626459143968871,0.6666666666666666,0.9714553111839027,0.9345948169477581,0.7114337568058077,0.676679932574197,0.8190609889252847
0.41600000000000004,0.76171875,0.6632653061224489,0.9714553111839027,0.9341834635952283,0.7090909090909091,0.6742313131763197,0.8173603086531758
0.417,0.76171875,0.6632653061224489,0.9714553111839027,0.9341834635952283,0.7090909090909091,0.6742313131763197,0.8173603086531758
0.418,0.76171875,0.6632653061224489,0.9714553111839027,0.9341834635952283,0.7090909090909091,0.6742313131763197,0.8173603086531758
0.419,0.76171875,0.6632653061224489,0.9714553111839027,0.9341834635952283,0.7090909090909091,0.6742313131763197,0.8173603086531758
0.42,0.7607843137254902,0.6598639455782312,0.9714553111839027,0.9337721102426985,0.7067395264116576,0.6717774586919092,0.815659628381067
0.421,0.7658730158730159,0.6564625850340136,0.972391202620496,0.9341834635952283,0.706959706959707,0.672661732994356,0.8144268938272547
0.422,0.7658730158730159,0.6564625850340136,0.972391202620496,0.9341834635952283,0.706959706959707,0.672661732994356,0.8144268938272547
0.423,0.7658730158730159,0.6564625850340136,0.972391202620496,0.9341834635952283,0.706959706959707,0.672661732994356,0.8144268938272547
0.424,0.7658730158730159,0.6564625850340136,0.972391202620496,0.9341834635952283,0.706959706959707,0.672661732994356,0.8144268938272547
0.425,0.7658730158730159,0.6564625850340136,0.972391202620496,0.9341834635952283,0.706959706959707,0.672661732994356,0.8144268938272547
0.426,0.7689243027888446,0.6564625850340136,0.9728591483387927,0.9345948169477581,0.708256880733945,0.6743471850230959,0.8146608666864031
0.427,0.7689243027888446,0.6564625850340136,0.9728591483387927,0.9345948169477581,0.708256880733945,0.6743471850230959,0.8146608666864031
0.428,0.7689243027888446,0.6564625850340136,0.9728591483387927,0.9345948169477581,0.708256880733945,0.6743471850230959,0.8146608666864031
0.429,0.7689243027888446,0.6564625850340136,0.9728591483387927,0.9345948169477581,0.708256880733945,0.6743471850230959,0.8146608666864031
0.43,0.7689243027888446,0.6564625850340136,0.9728591483387927,0.9345948169477581,0.708256880733945,0.6743471850230959,0.8146608666864031
0.431,0.7689243027888446,0.6564625850340136,0.9728591483387927,0.9345948169477581,0.708256880733945,0.6743471850230959,0.8146608666864031
0.432,0.7689243027888446,0.6564625850340136,0.9728591483387927,0.9345948169477581,0.708256880733945,0.6743471850230959,0.8146608666864031
0.433,0.7689243027888446,0.6564625850340136,0.9728591483387927,0.9345948169477581,0.708256880733945,0.6743471850230959,0.8146608666864031
0.434,0.7689243027888446,0.6564625850340136,0.9728591483387927,0.9345948169477581,0.708256880733945,0.6743471850230959,0.8146608666864031
0.435,0.772,0.6564625850340136,0.9733270940570894,0.935006170300288,0.7095588235294118,0.6760419228917742,0.8148948395455515
0.436,0.772,0.6564625850340136,0.9733270940570894,0.935006170300288,0.7095588235294118,0.6760419228917742,0.8148948395455515
0.437,0.772,0.6564625850340136,0.9733270940570894,0.935006170300288,0.7095588235294118,0.6760419228917742,0.8148948395455515
0.438,0.772,0.6564625850340136,0.9733270940570894,0.935006170300288,0.7095588235294118,0.6760419228917742,0.8148948395455515
0.439,0.7751004016064257,0.6564625850340136,0.9737950397753861,0.9354175236528177,0.7108655616942909,0.677746038960913,0.8151288124046998
0.44,0.7751004016064257,0.6564625850340136,0.9737950397753861,0.9354175236528177,0.7108655616942909,0.677746038960913,0.8151288124046998
0.441,0.7751004016064257,0.6564625850340136,0.9737950397753861,0.9354175236528177,0.7108655616942909,0.677746038960913,0.8151288124046998
0.442,0.7782258064516129,0.6564625850340136,0.9742629854936827,0.9358288770053476,0.7121771217712177,0.6794596268854358,0.8153627852638481
0.443,0.7782258064516129,0.6564625850340136,0.9742629854936827,0.9358288770053476,0.7121771217712177,0.6794596268854358,0.8153627852638481
0.444,0.7782258064516129,0.6564625850340136,0.9742629854936827,0.9358288770053476,0.7121771217712177,0.6794596268854358,0.8153627852638481
0.445,0.7782258064516129,0.6564625850340136,0.9742629854936827,0.9358288770053476,0.7121771217712177,0.6794596268854358,0.8153627852638481
0.446,0.7782258064516129,0.6564625850340136,0.9742629854936827,0.9358288770053476,0.7121771217712177,0.6794596268854358,0.8153627852638481
0.447,0.7813765182186235,0.6564625850340136,0.9747309312119794,0.9362402303578774,0.7134935304990758,0.6811827816381515,0.8155967581229965
0.448,0.7845528455284553,0.6564625850340136,0.9751988769302761,0.9366515837104072,0.7148148148148148,0.6829155995337626,0.8158307309821449
0.449,0.7827868852459017,0.6496598639455783,0.9751988769302761,0.9358288770053476,0.7100371747211895,0.6780137025158558,0.8124293704379272
0.45,0.7860082304526749,0.6496598639455783,0.9756668226485727,0.9362402303578774,0.7113594040968343,0.679760764676157,0.8126633432970756
0.451,0.7860082304526749,0.6496598639455783,0.9756668226485727,0.9362402303578774,0.7113594040968343,0.679760764676157,0.8126633432970756
0.452,0.7860082304526749,0.6496598639455783,0.9756668226485727,0.9362402303578774,0.7113594040968343,0.679760764676157,0.8126633432970756
0.453,0.7860082304526749,0.6496598639455783,0.9756668226485727,0.9362402303578774,0.7113594040968343,0.679760764676157,0.8126633432970756
0.454,0.7860082304526749,0.6496598639455783,0.9756668226485727,0.9362402303578774,0.7113594040968343,0.679760764676157,0.8126633432970756
0.455,0.7892561983471075,0.6496598639455783,0.9761347683668694,0.9366515837104072,0.7126865671641791,0.6815177889015248,0.8128973161562238
0.456,0.7892561983471075,0.6496598639455783,0.9761347683668694,0.9366515837104072,0.7126865671641791,0.6815177889015248,0.8128973161562238
0.457,0.7892561983471075,0.6496598639455783,0.9761347683668694,0.9366515837104072,0.7126865671641791,0.6815177889015248,0.8128973161562238
0.458,0.7892561983471075,0.6496598639455783,0.9761347683668694,0.9366515837104072,0.7126865671641791,0.6815177889015248,0.8128973161562238
0.459,0.7925311203319502,0.6496598639455783,0.9766027140851661,0.9370629370629371,0.7140186915887851,0.6832848775554096,0.8131312890153721
0.46,0.7925311203319502,0.6496598639455783,0.9766027140851661,0.9370629370629371,0.7140186915887851,0.6832848775554096,0.8131312890153721
0.461,0.7925311203319502,0.6496598639455783,0.9766027140851661,0.9370629370629371,0.7140186915887851,0.6832848775554096,0.8131312890153721
0.462,0.7925311203319502,0.6496598639455783,0.9766027140851661,0.9370629370629371,0.7140186915887851,0.6832848775554096,0.8131312890153721
0.463,0.7925311203319502,0.6496598639455783,0.9766027140851661,0.9370629370629371,0.7140186915887851,0.6832848775554096,0.8131312890153721
0.464,0.7925311203319502,0.6496598639455783,0.9766027140851661,0.9370629370629371,0.7140186915887851,0.6832848775554096,0.8131312890153721
0.465,0.7925311203319502,0.6496598639455783,0.9766027140851661,0.9370629370629371,0.7140186915887851,0.6832848775554096,0.8131312890153721
0.466,0.7925311203319502,0.6496598639455783,0.9766027140851661,0.9370629370629371,0.7140186915887851,0.6832848775554096,0.8131312890153721
0.467,0.7925311203319502,0.6496598639455783,0.9766027140851661,0.9370629370629371,0.7140186915887851,0.6832848775554096,0.8131312890153721
0.468,0.7925311203319502,0.6496598639455783,0.9766027140851661,0.9370629370629371,0.7140186915887851,0.6832848775554096,0.8131312890153721
0.46900000000000003,0.7958333333333333,0.6496598639455783,0.9770706598034627,0.9374742904154669,0.7153558052434457,0.6850621344838024,0.8133652618745205
0.47000000000000003,0.7958333333333333,0.6496598639455783,0.9770706598034627,0.9374742904154669,0.7153558052434457,0.6850621344838024,0.8133652618745205
0.47100000000000003,0.7958333333333333,0.6496598639455783,0.9770706598034627,0.9374742904154669,0.7153558052434457,0.6850621344838024,0.8133652618745205
0.47200000000000003,0.799163179916318,0.6496598639455783,0.9775386055217595,0.9378856437679967,0.7166979362101313,0.6868496650430336,0.8135992347336689
0.47300000000000003,0.799163179916318,0.6496598639455783,0.9775386055217595,0.9378856437679967,0.7166979362101313,0.6868496650430336,0.8135992347336689
0.47400000000000003,0.799163179916318,0.6496598639455783,0.9775386055217595,0.9378856437679967,0.7166979362101313,0.6868496650430336,0.8135992347336689
0.47500000000000003,0.799163179916318,0.6496598639455783,0.9775386055217595,0.9378856437679967,0.7166979362101313,0.6868496650430336,0.8135992347336689
0.47600000000000003,0.799163179916318,0.6496598639455783,0.9775386055217595,0.9378856437679967,0.7166979362101313,0.6868496650430336,0.8135992347336689
0.47700000000000004,0.799163179916318,0.6496598639455783,0.9775386055217595,0.9378856437679967,0.7166979362101313,0.6868496650430336,0.8135992347336689
0.47800000000000004,0.799163179916318,0.6496598639455783,0.9775386055217595,0.9378856437679967,0.7166979362101313,0.6868496650430336,0.8135992347336689
0.47900000000000004,0.7983193277310925,0.6462585034013606,0.9775386055217595,0.9374742904154669,0.7142857142857143,0.6844023459955946,0.81189855446156
0.48,0.7983193277310925,0.6462585034013606,0.9775386055217595,0.9374742904154669,0.7142857142857143,0.6844023459955946,0.81189855446156
0.481,0.7983193277310925,0.6462585034013606,0.9775386055217595,0.9374742904154669,0.7142857142857143,0.6844023459955946,0.81189855446156
0.482,0.7983193277310925,0.6462585034013606,0.9775386055217595,0.9374742904154669,0.7142857142857143,0.6844023459955946,0.81189855446156
0.483,0.7983193277310925,0.6462585034013606,0.9775386055217595,0.9374742904154669,0.7142857142857143,0.6844023459955946,0.81189855446156
0.484,0.7983193277310925,0.6462585034013606,0.9775386055217595,0.9374742904154669,0.7142857142857143,0.6844023459955946,0.81189855446156
0.485,0.7983193277310925,0.6462585034013606,0.9775386055217595,0.9374742904154669,0.7142857142857143,0.6844023459955946,0.81189855446156
0.486,0.7983193277310925,0.6462585034013606,0.9775386055217595,0.9374742904154669,0.7142857142857143,0.6844023459955946,0.81189855446156
0.487,0.7983193277310925,0.6462585034013606,0.9775386055217595,0.9374742904154669,0.7142857142857143,0.6844023459955946,0.81189855446156
0.488,0.8016877637130801,0.6462585034013606,0.9780065512400562,0.9378856437679967,0.7156308851224106,0.6862027689285396,0.8121325273207084
0.489,0.8016877637130801,0.6462585034013606,0.9780065512400562,0.9378856437679967,0.7156308851224106,0.6862027689285396,0.8121325273207084
0.49,0.8008474576271186,0.6428571428571429,0.9780065512400562,0.9374742904154669,0.7132075471698113,0.6837524997665176,0.8104318470485996
0.491,0.8,0.6394557823129252,0.9780065512400562,0.9370629370629371,0.7107750472589792,0.6812967185328538,0.8087311667764907
0.492,0.8,0.6394557823129252,0.9780065512400562,0.9370629370629371,0.7107750472589792,0.6812967185328538,0.8087311667764907
0.493,0.7991452991452992,0.6360544217687075,0.9780065512400562,0.9366515837104072,0.7083333333333334,0.6788353744719542,0.8070304865043818
0.494,0.7991452991452992,0.6360544217687075,0.9780065512400562,0.9366515837104072,0.7083333333333334,0.6788353744719542,0.8070304865043818
0.495,0.7991452991452992,0.6360544217687075,0.9780065512400562,0.9366515837104072,0.7083333333333334,0.6788353744719542,0.8070304865043818
0.496,0.7991452991452992,0.6360544217687075,0.9780065512400562,0.9366515837104072,0.7083333333333334,0.6788353744719542,0.8070304865043818
0.497,0.7991452991452992,0.6360544217687075,0.9780065512400562,0.9366515837104072,0.7083333333333334,0.6788353744719542,0.8070304865043818
0.498,0.7991452991452992,0.6360544217687075,0.9780065512400562,0.9366515837104072,0.7083333333333334,0.6788353744719542,0.8070304865043818
0.499,0.7991452991452992,0.6360544217687075,0.9780065512400562,0.9366515837104072,0.7083333333333334,0.6788353744719542,0.8070304865043818
0.5,0.7991452991452992,0.6360544217687075,0.9780065512400562,0.9366515837104072,0.7083333333333334,0.6788353744719542,0.8070304865043818
0.501,0.8060344827586207,0.6360544217687075,0.9789424426766495,0.9374742904154669,0.7110266159695817,0.6824836014214007,0.8074984322226786
0.502,0.8060344827586207,0.6360544217687075,0.9789424426766495,0.9374742904154669,0.7110266159695817,0.6824836014214007,0.8074984322226786
0.503,0.8060344827586207,0.6360544217687075,0.9789424426766495,0.9374742904154669,0.7110266159695817,0.6824836014214007,0.8074984322226786
0.504,0.8060344827586207,0.6360544217687075,0.9789424426766495,0.9374742904154669,0.7110266159695817,0.6824836014214007,0.8074984322226786
0.505,0.8060344827586207,0.6360544217687075,0.9789424426766495,0.9374742904154669,0.7110266159695817,0.6824836014214007,0.8074984322226786
0.506,0.8060344827586207,0.6360544217687075,0.9789424426766495,0.9374742904154669,0.7110266159695817,0.6824836014214007,0.8074984322226786
0.507,0.8060344827586207,0.6360544217687075,0.9789424426766495,0.9374742904154669,0.7110266159695817,0.6824836014214007,0.8074984322226786
0.508,0.8060344827586207,0.6360544217687075,0.9789424426766495,0.9374742904154669,0.7110266159695817,0.6824836014214007,0.8074984322226786
0.509,0.8060344827586207,0.6360544217687075,0.9789424426766495,0.9374742904154669,0.7110266159695817,0.6824836014214007,0.8074984322226786
0.51,0.8060344827586207,0.6360544217687075,0.9789424426766495,0.9374742904154669,0.7110266159695817,0.6824836014214007,0.8074984322226786
0.511,0.8095238095238095,0.6360544217687075,0.9794103883949462,0.9378856437679967,0.7123809523809523,0.684324080709589,0.8077324050818269
0.512,0.8095238095238095,0.6360544217687075,0.9794103883949462,0.9378856437679967,0.7123809523809523,0.684324080709589,0.8077324050818269
0.513,0.8095238095238095,0.6360544217687075,0.9794103883949462,0.9378856437679967,0.7123809523809523,0.684324080709589,0.8077324050818269
0.514,0.8095238095238095,0.6360544217687075,0.9794103883949462,0.9378856437679967,0.7123809523809523,0.684324080709589,0.8077324050818269
0.515,0.8095238095238095,0.6360544217687075,0.9794103883949462,0.9378856437679967,0.7123809523809523,0.684324080709589,0.8077324050818269
0.516,0.8130434782608695,0.6360544217687075,0.9798783341132429,0.9382969971205265,0.7137404580152672,0.6861756271065521,0.8079663779409751
0.517,0.8165938864628821,0.6360544217687075,0.9803462798315395,0.9387083504730563,0.7151051625239006,0.6880383602649842,0.8082003508001235
0.518,0.8165938864628821,0.6360544217687075,0.9803462798315395,0.9387083504730563,0.7151051625239006,0.6880383602649842,0.8082003508001235
0.519,0.8165938864628821,0.6360544217687075,0.9803462798315395,0.9387083504730563,0.7151051625239006,0.6880383602649842,0.8082003508001235
0.52,0.8165938864628821,0.6360544217687075,0.9803462798315395,0.9387083504730563,0.7151051625239006,0.6880383602649842,0.8082003508001235
0.521,0.8165938864628821,0.6360544217687075,0.9803462798315395,0.9387083504730563,0.7151051625239006,0.6880383602649842,0.8082003508001235
0.522,0.8165938864628821,0.6360544217687075,0.9803462798315395,0.9387083504730563,0.7151051625239006,0.6880383602649842,0.8082003508001235
0.523,0.8201754385964912,0.6360544217687075,0.9808142255498362,0.9391197038255862,0.7164750957854407,0.6899124016618908,0.8084343236592719
0.524,0.8201754385964912,0.6360544217687075,0.9808142255498362,0.9391197038255862,0.7164750957854407,0.6899124016618908,0.8084343236592719
0.525,0.8201754385964912,0.6360544217687075,0.9808142255498362,0.9391197038255862,0.7164750957854407,0.6899124016618908,0.8084343236592719
0.526,0.8237885462555066,0.6360544217687075,0.9812821712681329,0.939531057178116,0.7178502879078695,0.6917978746346022,0.8086682965184202
0.527,0.8237885462555066,0.6360544217687075,0.9812821712681329,0.939531057178116,0.7178502879078695,0.6917978746346022,0.8086682965184202
0.528,0.8237885462555066,0.6360544217687075,0.9812821712681329,0.939531057178116,0.7178502879078695,0.6917978746346022,0.8086682965184202
0.529,0.8311111111111111,0.6360544217687075,0.9822180627047262,0.9403537638831756,0.720616570327553,0.6956036181806227,0.8091362422367169
0.53,0.8348214285714286,0.6360544217687075,0.9826860084230229,0.9407651172357054,0.722007722007722,0.6975241450667411,0.8093702150958653
0.531,0.8348214285714286,0.6360544217687075,0.9826860084230229,0.9407651172357054,0.722007722007722,0.6975241450667411,0.8093702150958653
0.532,0.8348214285714286,0.6360544217687075,0.9826860084230229,0.9407651172357054,0.722007722007722,0.6975241450667411,0.8093702150958653
0.533,0.8340807174887892,0.6326530612244898,0.9826860084230229,0.9403537638831756,0.7195357833655706,0.6950858551595911,0.8076695348237564
0.534,0.8340807174887892,0.6326530612244898,0.9826860084230229,0.9403537638831756,0.7195357833655706,0.6950858551595911,0.8076695348237564
0.535,0.8340807174887892,0.6326530612244898,0.9826860084230229,0.9403537638831756,0.7195357833655706,0.6950858551595911,0.8076695348237564
0.536,0.8340807174887892,0.6326530612244898,0.9826860084230229,0.9403537638831756,0.7195357833655706,0.6950858551595911,0.8076695348237564
0.537,0.8340807174887892,0.6326530612244898,0.9826860084230229,0.9403537638831756,0.7195357833655706,0.6950858551595911,0.8076695348237564
0.538,0.8378378378378378,0.6326530612244898,0.9831539541413196,0.9407651172357054,0.7209302325581395,0.6970215624657871,0.8079035076829046
0.539,0.8378378378378378,0.6326530612244898,0.9831539541413196,0.9407651172357054,0.7209302325581395,0.6970215624657871,0.8079035076829046
0.54,0.8378378378378378,0.6326530612244898,0.9831539541413196,0.9407651172357054,0.7209302325581395,0.6970215624657871,0.8079035076829046
0.541,0.8378378378378378,0.6326530612244898,0.9831539541413196,0.9407651172357054,0.7209302325581395,0.6970215624657871,0.8079035076829046
0.542,0.8378378378378378,0.6326530612244898,0.9831539541413196,0.9407651172357054,0.7209302325581395,0.6970215624657871,0.8079035076829046
0.543,0.8378378378378378,0.6326530612244898,0.9831539541413196,0.9407651172357054,0.7209302325581395,0.6970215624657871,0.8079035076829046
0.544,0.8378378378378378,0.6326530612244898,0.9831539541413196,0.9407651172357054,0.7209302325581395,0.6970215624657871,0.8079035076829046
0.545,0.8378378378378378,0.6326530612244898,0.9831539541413196,0.9407651172357054,0.7209302325581395,0.6970215624657871,0.8079035076829046
0.546,0.8378378378378378,0.6326530612244898,0.9831539541413196,0.9407651172357054,0.7209302325581395,0.6970215624657871,0.8079035076829046
0.547,0.8378378378378378,0.6326530612244898,0.9831539541413196,0.9407651172357054,0.7209302325581395,0.6970215624657871,0.8079035076829046
0.548,0.8416289592760181,0.6326530612244898,0.9836218998596162,0.9411764705882353,0.7223300970873786,0.6989694197116317,0.808137480542053
0.549,0.8416289592760181,0.6326530612244898,0.9836218998596162,0.9411764705882353,0.7223300970873786,0.6989694197116317,0.808137480542053
0.55,0.8416289592760181,0.6326530612244898,0.9836218998596162,0.9411764705882353,0.7223300970873786,0.6989694197116317,0.808137480542053
0.551,0.8416289592760181,0.6326530612244898,0.9836218998596162,0.9411764705882353,0.7223300970873786,0.6989694197116317,0.808137480542053
0.552,0.8416289592760181,0.6326530612244898,0.9836218998596162,0.9411764705882353,0.7223300970873786,0.6989694197116317,0.808137480542053
0.553,0.8416289592760181,0.6326530612244898,0.9836218998596162,0.9411764705882353,0.7223300970873786,0.6989694197116317,0.808137480542053
0.554,0.8454545454545455,0.6326530612244898,0.984089845577913,0.9415878239407651,0.7237354085603113,0.7009295636270974,0.8083714534012014
0.555,0.8454545454545455,0.6326530612244898,0.984089845577913,0.9415878239407651,0.7237354085603113,0.7009295636270974,0.8083714534012014
0.556,0.8454545454545455,0.6326530612244898,0.984089845577913,0.9415878239407651,0.7237354085603113,0.7009295636270974,0.8083714534012014
0.557,0.8454545454545455,0.6326530612244898,0.984089845577913,0.9415878239407651,0.7237354085603113,0.7009295636270974,0.8083714534012014
0.558,0.8447488584474886,0.6292517006802721,0.984089845577913,0.9411764705882353,0.7212475633528265,0.6984956266256654,0.8066707731290925
0.559,0.8447488584474886,0.6292517006802721,0.984089845577913,0.9411764705882353,0.7212475633528265,0.6984956266256654,0.8066707731290925
0.56,0.8447488584474886,0.6292517006802721,0.984089845577913,0.9411764705882353,0.7212475633528265,0.6984956266256654,0.8066707731290925
0.561,0.8447488584474886,0.6292517006802721,0.984089845577913,0.9411764705882353,0.7212475633528265,0.6984956266256654,0.8066707731290925
0.562,0.8447488584474886,0.6292517006802721,0.984089845577913,0.9411764705882353,0.7212475633528265,0.6984956266256654,0.8066707731290925
0.5630000000000001,0.8447488584474886,0.6292517006802721,0.984089845577913,0.9411764705882353,0.7212475633528265,0.6984956266256654,0.8066707731290925
0.5640000000000001,0.8486238532110092,0.6292517006802721,0.9845577912962097,0.9415878239407651,0.72265625,0.7004716656844097,0.8069047459882409
0.5650000000000001,0.8486238532110092,0.6292517006802721,0.9845577912962097,0.9415878239407651,0.72265625,0.7004716656844097,0.8069047459882409
0.5660000000000001,0.847926267281106,0.6258503401360545,0.9845577912962097,0.9411764705882353,0.7201565557729941,0.6980355825213559,0.8052040657161321
0.5670000000000001,0.847926267281106,0.6258503401360545,0.9845577912962097,0.9411764705882353,0.7201565557729941,0.6980355825213559,0.8052040657161321
0.5680000000000001,0.847926267281106,0.6258503401360545,0.9845577912962097,0.9411764705882353,0.7201565557729941,0.6980355825213559,0.8052040657161321
0.5690000000000001,0.847926267281106,0.6258503401360545,0.9845577912962097,0.9411764705882353,0.7201565557729941,0.6980355825213559,0.8052040657161321
0.5700000000000001,0.847926267281106,0.6258503401360545,0.9845577912962097,0.9411764705882353,0.7201565557729941,0.6980355825213559,0.8052040657161321
0.5710000000000001,0.847926267281106,0.6258503401360545,0.9845577912962097,0.9411764705882353,0.7201565557729941,0.6980355825213559,0.8052040657161321
0.5720000000000001,0.847926267281106,0.6258503401360545,0.9845577912962097,0.9411764705882353,0.7201565557729941,0.6980355825213559,0.8052040657161321
0.5730000000000001,0.847926267281106,0.6258503401360545,0.9845577912962097,0.9411764705882353,0.7201565557729941,0.6980355825213559,0.8052040657161321
0.5740000000000001,0.8472222222222222,0.6224489795918368,0.9845577912962097,0.9407651172357054,0.7176470588235294,0.6955938296657623,0.8035033854440232
0.5750000000000001,0.8465116279069768,0.6190476190476191,0.9845577912962097,0.9403537638831756,0.7151277013752456,0.6931463524183449,0.8018027051719143
0.5760000000000001,0.8465116279069768,0.6190476190476191,0.9845577912962097,0.9403537638831756,0.7151277013752456,0.6931463524183449,0.8018027051719143
0.577,0.8465116279069768,0.6190476190476191,0.9845577912962097,0.9403537638831756,0.7151277013752456,0.6931463524183449,0.8018027051719143
0.578,0.8465116279069768,0.6190476190476191,0.9845577912962097,0.9403537638831756,0.7151277013752456,0.6931463524183449,0.8018027051719143
0.579,0.8465116279069768,0.6190476190476191,0.9845577912962097,0.9403537638831756,0.7151277013752456,0.6931463524183449,0.8018027051719143
0.58,0.8465116279069768,0.6190476190476191,0.9845577912962097,0.9403537638831756,0.7151277013752456,0.6931463524183449,0.8018027051719143
0.581,0.8465116279069768,0.6190476190476191,0.9845577912962097,0.9403537638831756,0.7151277013752456,0.6931463524183449,0.8018027051719143
0.582,0.8465116279069768,0.6190476190476191,0.9845577912962097,0.9403537638831756,0.7151277013752456,0.6931463524183449,0.8018027051719143
0.583,0.8465116279069768,0.6190476190476191,0.9845577912962097,0.9403537638831756,0.7151277013752456,0.6931463524183449,0.8018027051719143
0.584,0.8465116279069768,0.6190476190476191,0.9845577912962097,0.9403537638831756,0.7151277013752456,0.6931463524183449,0.8018027051719143
0.585,0.8465116279069768,0.6190476190476191,0.9845577912962097,0.9403537638831756,0.7151277013752456,0.6931463524183449,0.8018027051719143
0.586,0.8457943925233645,0.6156462585034014,0.9845577912962097,0.9399424105306459,0.7125984251968503,0.6906930953243817,0.8001020248998055
0.587,0.8457943925233645,0.6156462585034014,0.9845577912962097,0.9399424105306459,0.7125984251968503,0.6906930953243817,0.8001020248998055
0.588,0.8457943925233645,0.6156462585034014,0.9845577912962097,0.9399424105306459,0.7125984251968503,0.6906930953243817,0.8001020248998055
0.589,0.8457943925233645,0.6156462585034014,0.9845577912962097,0.9399424105306459,0.7125984251968503,0.6906930953243817,0.8001020248998055
0.59,0.8457943925233645,0.6156462585034014,0.9845577912962097,0.9399424105306459,0.7125984251968503,0.6906930953243817,0.8001020248998055
0.591,0.8457943925233645,0.6156462585034014,0.9845577912962097,0.9399424105306459,0.7125984251968503,0.6906930953243817,0.8001020248998055
0.592,0.8457943925233645,0.6156462585034014,0.9845577912962097,0.9399424105306459,0.7125984251968503,0.6906930953243817,0.8001020248998055
0.593,0.8457943925233645,0.6156462585034014,0.9845577912962097,0.9399424105306459,0.7125984251968503,0.6906930953243817,0.8001020248998055
0.594,0.8457943925233645,0.6156462585034014,0.9845577912962097,0.9399424105306459,0.7125984251968503,0.6906930953243817,0.8001020248998055
0.595,0.8457943925233645,0.6156462585034014,0.9845577912962097,0.9399424105306459,0.7125984251968503,0.6906930953243817,0.8001020248998055
0.596,0.8457943925233645,0.6156462585034014,0.9845577912962097,0.9399424105306459,0.7125984251968503,0.6906930953243817,0.8001020248998055
0.597,0.8457943925233645,0.6156462585034014,0.9845577912962097,0.9399424105306459,0.7125984251968503,0.6906930953243817,0.8001020248998055
0.598,0.8457943925233645,0.6156462585034014,0.9845577912962097,0.9399424105306459,0.7125984251968503,0.6906930953243817,0.8001020248998055
0.599,0.8443396226415094,0.608843537414966,0.9845577912962097,0.9391197038255862,0.7075098814229249,0.6857690159139171,0.7967006643555878
0.6,0.8436018957345972,0.6054421768707483,0.9845577912962097,0.9387083504730563,0.7049504950495049,0.6832980787793252,0.7949999840834789
0.601,0.8436018957345972,0.6054421768707483,0.9845577912962097,0.9387083504730563,0.7049504950495049,0.6832980787793252,0.7949999840834789
0.602,0.8476190476190476,0.6054421768707483,0.9850257370145064,0.9391197038255862,0.7063492063492064,0.6853119465247144,0.7952339569426273
0.603,0.8476190476190476,0.6054421768707483,0.9850257370145064,0.9391197038255862,0.7063492063492064,0.6853119465247144,0.7952339569426273
0.604,0.8476190476190476,0.6054421768707483,0.9850257370145064,0.9391197038255862,0.7063492063492064,0.6853119465247144,0.7952339569426273
0.605,0.8476190476190476,0.6054421768707483,0.9850257370145064,0.9391197038255862,0.7063492063492064,0.6853119465247144,0.7952339569426273
0.606,0.8476190476190476,0.6054421768707483,0.9850257370145064,0.9391197038255862,0.7063492063492064,0.6853119465247144,0.7952339569426273
0.607,0.8476190476190476,0.6054421768707483,0.9850257370145064,0.9391197038255862,0.7063492063492064,0.6853119465247144,0.7952339569426273
0.608,0.8476190476190476,0.6054421768707483,0.9850257370145064,0.9391197038255862,0.7063492063492064,0.6853119465247144,0.7952339569426273
0.609,0.8476190476190476,0.6054421768707483,0.9850257370145064,0.9391197038255862,0.7063492063492064,0.6853119465247144,0.7952339569426273
0.61,0.8476190476190476,0.6054421768707483,0.9850257370145064,0.9391197038255862,0.7063492063492064,0.6853119465247144,0.7952339569426273
0.611,0.8476190476190476,0.6054421768707483,0.9850257370145064,0.9391197038255862,0.7063492063492064,0.6853119465247144,0.7952339569426273
0.612,0.8476190476190476,0.6054421768707483,0.9850257370145064,0.9391197038255862,0.7063492063492064,0.6853119465247144,0.7952339569426273
0.613,0.8516746411483254,0.6054421768707483,0.985493682732803,0.939531057178116,0.7077534791252486,0.6873391806848639,0.7954679298017757
0.614,0.8516746411483254,0.6054421768707483,0.985493682732803,0.939531057178116,0.7077534791252486,0.6873391806848639,0.7954679298017757
0.615,0.8516746411483254,0.6054421768707483,0.985493682732803,0.939531057178116,0.7077534791252486,0.6873391806848639,0.7954679298017757
0.616,0.8516746411483254,0.6054421768707483,0.985493682732803,0.939531057178116,0.7077534791252486,0.6873391806848639,0.7954679298017757
0.617,0.8516746411483254,0.6054421768707483,0.985493682732803,0.939531057178116,0.7077534791252486,0.6873391806848639,0.7954679298017757
0.618,0.8516746411483254,0.6054421768707483,0.985493682732803,0.939531057178116,0.7077534791252486,0.6873391806848639,0.7954679298017757
0.619,0.8516746411483254,0.6054421768707483,0.985493682732803,0.939531057178116,0.7077534791252486,0.6873391806848639,0.7954679298017757
0.62,0.8516746411483254,0.6054421768707483,0.985493682732803,0.939531057178116,0.7077534791252486,0.6873391806848639,0.7954679298017757
0.621,0.8509615384615384,0.6020408163265306,0.985493682732803,0.9391197038255862,0.7051792828685259,0.684869617407004,0.7937672495296668
0.622,0.8509615384615384,0.6020408163265306,0.985493682732803,0.9391197038255862,0.7051792828685259,0.684869617407004,0.7937672495296668
0.623,0.8509615384615384,0.6020408163265306,0.985493682732803,0.9391197038255862,0.7051792828685259,0.684869617407004,0.7937672495296668
0.624,0.8509615384615384,0.6020408163265306,0.985493682732803,0.9391197038255862,0.7051792828685259,0.684869617407004,0.7937672495296668
0.625,0.8509615384615384,0.6020408163265306,0.985493682732803,0.9391197038255862,0.7051792828685259,0.684869617407004,0.7937672495296668
0.626,0.8509615384615384,0.6020408163265306,0.985493682732803,0.9391197038255862,0.7051792828685259,0.684869617407004,0.7937672495296668
0.627,0.8509615384615384,0.6020408163265306,0.985493682732803,0.9391197038255862,0.7051792828685259,0.684869617407004,0.7937672495296668
0.628,0.8509615384615384,0.6020408163265306,0.985493682732803,0.9391197038255862,0.7051792828685259,0.684869617407004,0.7937672495296668
0.629,0.855072463768116,0.6020408163265306,0.9859616284510997,0.939531057178116,0.7065868263473054,0.6869141993769114,0.7940012223888151
0.63,0.8543689320388349,0.5986394557823129,0.9859616284510997,0.9391197038255862,0.704,0.6844424306589636,0.7923005421167063
0.631,0.8543689320388349,0.5986394557823129,0.9859616284510997,0.9391197038255862,0.704,0.6844424306589636,0.7923005421167063
0.632,0.8536585365853658,0.5952380952380952,0.9859616284510997,0.9387083504730563,0.7014028056112225,0.6819645739392165,0.7905998618445975
0.633,0.8536585365853658,0.5952380952380952,0.9859616284510997,0.9387083504730563,0.7014028056112225,0.6819645739392165,0.7905998618445975
0.634,0.8536585365853658,0.5952380952380952,0.9859616284510997,0.9387083504730563,0.7014028056112225,0.6819645739392165,0.7905998618445975
0.635,0.8536585365853658,0.5952380952380952,0.9859616284510997,0.9387083504730563,0.7014028056112225,0.6819645739392165,0.7905998618445975
0.636,0.8536585365853658,0.5952380952380952,0.9859616284510997,0.9387083504730563,0.7014028056112225,0.6819645739392165,0.7905998618445975
0.637,0.8536585365853658,0.5952380952380952,0.9859616284510997,0.9387083504730563,0.7014028056112225,0.6819645739392165,0.7905998618445975
0.638,0.8529411764705882,0.5918367346938775,0.9859616284510997,0.9382969971205265,0.6987951807228916,0.6794805681445747,0.7888991815724886
0.639,0.8529411764705882,0.5918367346938775,0.9859616284510997,0.9382969971205265,0.6987951807228916,0.6794805681445747,0.7888991815724886
0.64,0.8529411764705882,0.5918367346938775,0.9859616284510997,0.9382969971205265,0.6987951807228916,0.6794805681445747,0.7888991815724886
0.641,0.8529411764705882,0.5918367346938775,0.9859616284510997,0.9382969971205265,0.6987951807228916,0.6794805681445747,0.7888991815724886
0.642,0.8529411764705882,0.5918367346938775,0.9859616284510997,0.9382969971205265,0.6987951807228916,0.6794805681445747,0.7888991815724886
0.643,0.8529411764705882,0.5918367346938775,0.9859616284510997,0.9382969971205265,0.6987951807228916,0.6794805681445747,0.7888991815724886
0.644,0.8529411764705882,0.5918367346938775,0.9859616284510997,0.9382969971205265,0.6987951807228916,0.6794805681445747,0.7888991815724886
0.645,0.8529411764705882,0.5918367346938775,0.9859616284510997,0.9382969971205265,0.6987951807228916,0.6794805681445747,0.7888991815724886
0.646,0.8529411764705882,0.5918367346938775,0.9859616284510997,0.9382969971205265,0.6987951807228916,0.6794805681445747,0.7888991815724886
0.647,0.8514851485148515,0.5850340136054422,0.9859616284510997,0.9374742904154669,0.6935483870967742,0.6744938605868287,0.7854978210282709
0.648,0.8507462686567164,0.5816326530612245,0.9859616284510997,0.9370629370629371,0.6909090909090909,0.6719910321723414,0.7837971407561621
0.649,0.85,0.5782312925170068,0.9859616284510997,0.9366515837104072,0.6882591093117408,0.6694818013432612,0.7820964604840532
0.65,0.85,0.5782312925170068,0.9859616284510997,0.9366515837104072,0.6882591093117408,0.6694818013432612,0.7820964604840532
0.651,0.85,0.5782312925170068,0.9859616284510997,0.9366515837104072,0.6882591093117408,0.6694818013432612,0.7820964604840532
0.652,0.85,0.5782312925170068,0.9859616284510997,0.9366515837104072,0.6882591093117408,0.6694818013432612,0.7820964604840532
0.653,0.85,0.5782312925170068,0.9859616284510997,0.9366515837104072,0.6882591093117408,0.6694818013432612,0.7820964604840532
0.654,0.85,0.5782312925170068,0.9859616284510997,0.9366515837104072,0.6882591093117408,0.6694818013432612,0.7820964604840532
0.655,0.85,0.5782312925170068,0.9859616284510997,0.9366515837104072,0.6882591093117408,0.6694818013432612,0.7820964604840532
0.656,0.8484848484848485,0.5714285714285714,0.9859616284510997,0.9358288770053476,0.6829268292682927,0.6644438687045983,0.7786950999398355
0.657,0.8484848484848485,0.5714285714285714,0.9859616284510997,0.9358288770053476,0.6829268292682927,0.6644438687045983,0.7786950999398355
0.658,0.8484848484848485,0.5714285714285714,0.9859616284510997,0.9358288770053476,0.6829268292682927,0.6644438687045983,0.7786950999398355
0.659,0.8484848484848485,0.5714285714285714,0.9859616284510997,0.9358288770053476,0.6829268292682927,0.6644438687045983,0.7786950999398355
0.66,0.8484848484848485,0.5714285714285714,0.9859616284510997,0.9358288770053476,0.6829268292682927,0.6644438687045983,0.7786950999398355
0.661,0.8484848484848485,0.5714285714285714,0.9859616284510997,0.9358288770053476,0.6829268292682927,0.6644438687045983,0.7786950999398355
0.662,0.8484848484848485,0.5714285714285714,0.9859616284510997,0.9358288770053476,0.6829268292682927,0.6644438687045983,0.7786950999398355
0.663,0.8484848484848485,0.5714285714285714,0.9859616284510997,0.9358288770053476,0.6829268292682927,0.6644438687045983,0.7786950999398355
0.664,0.8484848484848485,0.5714285714285714,0.9859616284510997,0.9358288770053476,0.6829268292682927,0.6644438687045983,0.7786950999398355
0.665,0.8484848484848485,0.5714285714285714,0.9859616284510997,0.9358288770053476,0.6829268292682927,0.6644438687045983,0.7786950999398355
0.666,0.8484848484848485,0.5714285714285714,0.9859616284510997,0.9358288770053476,0.6829268292682927,0.6644438687045983,0.7786950999398355
0.667,0.8484848484848485,0.5714285714285714,0.9859616284510997,0.9358288770053476,0.6829268292682927,0.6644438687045983,0.7786950999398355
0.668,0.8484848484848485,0.5714285714285714,0.9859616284510997,0.9358288770053476,0.6829268292682927,0.6644438687045983,0.7786950999398355
0.669,0.8527918781725888,0.5714285714285714,0.9864295741693964,0.9362402303578774,0.6843177189409368,0.6665381437068634,0.7789290727989839
0.67,0.8571428571428571,0.5714285714285714,0.986897519887693,0.9366515837104072,0.6857142857142857,0.6686472308593675,0.7791630456581322
0.671,0.8571428571428571,0.5714285714285714,0.986897519887693,0.9366515837104072,0.6857142857142857,0.6686472308593675,0.7791630456581322
0.672,0.8571428571428571,0.5714285714285714,0.986897519887693,0.9366515837104072,0.6857142857142857,0.6686472308593675,0.7791630456581322
0.673,0.8571428571428571,0.5714285714285714,0.986897519887693,0.9366515837104072,0.6857142857142857,0.6686472308593675,0.7791630456581322
0.674,0.8571428571428571,0.5714285714285714,0.986897519887693,0.9366515837104072,0.6857142857142857,0.6686472308593675,0.7791630456581322
0.675,0.8571428571428571,0.5714285714285714,0.986897519887693,0.9366515837104072,0.6857142857142857,0.6686472308593675,0.7791630456581322
0.676,0.8571428571428571,0.5714285714285714,0.986897519887693,0.9366515837104072,0.6857142857142857,0.6686472308593675,0.7791630456581322
0.677,0.8571428571428571,0.5714285714285714,0.986897519887693,0.9366515837104072,0.6857142857142857,0.6686472308593675,0.7791630456581322
0.678,0.8571428571428571,0.5714285714285714,0.986897519887693,0.9366515837104072,0.6857142857142857,0.6686472308593675,0.7791630456581322
0.679,0.8571428571428571,0.5714285714285714,0.986897519887693,0.9366515837104072,0.6857142857142857,0.6686472308593675,0.7791630456581322
0.68,0.8549222797927462,0.5612244897959183,0.986897519887693,0.9354175236528177,0.6776180698151951,0.6610654687897789,0.7740610048418057
0.681,0.8549222797927462,0.5612244897959183,0.986897519887693,0.9354175236528177,0.6776180698151951,0.6610654687897789,0.7740610048418057
0.682,0.8549222797927462,0.5612244897959183,0.986897519887693,0.9354175236528177,0.6776180698151951,0.6610654687897789,0.7740610048418057
0.683,0.8549222797927462,0.5612244897959183,0.986897519887693,0.9354175236528177,0.6776180698151951,0.6610654687897789,0.7740610048418057
0.684,0.8549222797927462,0.5612244897959183,0.986897519887693,0.9354175236528177,0.6776180698151951,0.6610654687897789,0.7740610048418057
0.685,0.8549222797927462,0.5612244897959183,0.986897519887693,0.9354175236528177,0.6776180698151951,0.6610654687897789,0.7740610048418057
0.686,0.8549222797927462,0.5612244897959183,0.986897519887693,0.9354175236528177,0.6776180698151951,0.6610654687897789,0.7740610048418057
0.687,0.8549222797927462,0.5612244897959183,0.986897519887693,0.9354175236528177,0.6776180698151951,0.6610654687897789,0.7740610048418057
0.6880000000000001,0.8549222797927462,0.5612244897959183,0.986897519887693,0.9354175236528177,0.6776180698151951,0.6610654687897789,0.7740610048418057
0.6890000000000001,0.8541666666666666,0.5578231292517006,0.986897519887693,0.935006170300288,0.6748971193415638,0.6585247526241661,0.7723603245696968
0.6900000000000001,0.8586387434554974,0.5578231292517006,0.9873654656059897,0.9354175236528177,0.6762886597938145,0.6606660582411393,0.7725942974288451
0.6910000000000001,0.8586387434554974,0.5578231292517006,0.9873654656059897,0.9354175236528177,0.6762886597938145,0.6606660582411393,0.7725942974288451
0.6920000000000001,0.8586387434554974,0.5578231292517006,0.9873654656059897,0.9354175236528177,0.6762886597938145,0.6606660582411393,0.7725942974288451
0.6930000000000001,0.8586387434554974,0.5578231292517006,0.9873654656059897,0.9354175236528177,0.6762886597938145,0.6606660582411393,0.7725942974288451
0.6940000000000001,0.8586387434554974,0.5578231292517006,0.9873654656059897,0.9354175236528177,0.6762886597938145,0.6606660582411393,0.7725942974288451
0.6950000000000001,0.8586387434554974,0.5578231292517006,0.9873654656059897,0.9354175236528177,0.6762886597938145,0.6606660582411393,0.7725942974288451
0.6960000000000001,0.8631578947368421,0.5578231292517006,0.9878334113242864,0.9358288770053476,0.6776859504132231,0.6628229889828897,0.7728282702879935
0.6970000000000001,0.8631578947368421,0.5578231292517006,0.9878334113242864,0.9358288770053476,0.6776859504132231,0.6628229889828897,0.7728282702879935
0.6980000000000001,0.8631578947368421,0.5578231292517006,0.9878334113242864,0.9358288770053476,0.6776859504132231,0.6628229889828897,0.7728282702879935
0.6990000000000001,0.8631578947368421,0.5578231292517006,0.9878334113242864,0.9358288770053476,0.6776859504132231,0.6628229889828897,0.7728282702879935
0.7000000000000001,0.8631578947368421,0.5578231292517006,0.9878334113242864,0.9358288770053476,0.6776859504132231,0.6628229889828897,0.7728282702879935
0.7010000000000001,0.8631578947368421,0.5578231292517006,0.9878334113242864,0.9358288770053476,0.6776859504132231,0.6628229889828897,0.7728282702879935
0.7020000000000001,0.8631578947368421,0.5578231292517006,0.9878334113242864,0.9358288770053476,0.6776859504132231,0.6628229889828897,0.7728282702879935
0.7030000000000001,0.8631578947368421,0.5578231292517006,0.9878334113242864,0.9358288770053476,0.6776859504132231,0.6628229889828897,0.7728282702879935
0.704,0.8631578947368421,0.5578231292517006,0.9878334113242864,0.9358288770053476,0.6776859504132231,0.6628229889828897,0.7728282702879935
0.705,0.8624338624338624,0.5544217687074829,0.9878334113242864,0.9354175236528177,0.6749482401656315,0.6602842370389039,0.7711275900158847
0.706,0.8624338624338624,0.5544217687074829,0.9878334113242864,0.9354175236528177,0.6749482401656315,0.6602842370389039,0.7711275900158847
0.707,0.8624338624338624,0.5544217687074829,0.9878334113242864,0.9354175236528177,0.6749482401656315,0.6602842370389039,0.7711275900158847
0.708,0.8670212765957447,0.5544217687074829,0.988301357042583,0.9358288770053476,0.6763485477178424,0.662461574362765,0.771361562875033
0.709,0.8670212765957447,0.5544217687074829,0.988301357042583,0.9358288770053476,0.6763485477178424,0.662461574362765,0.771361562875033
0.71,0.8670212765957447,0.5544217687074829,0.988301357042583,0.9358288770053476,0.6763485477178424,0.662461574362765,0.771361562875033
0.711,0.8670212765957447,0.5544217687074829,0.988301357042583,0.9358288770053476,0.6763485477178424,0.662461574362765,0.771361562875033
0.712,0.8670212765957447,0.5544217687074829,0.988301357042583,0.9358288770053476,0.6763485477178424,0.662461574362765,0.771361562875033
0.713,0.8670212765957447,0.5544217687074829,0.988301357042583,0.9358288770053476,0.6763485477178424,0.662461574362765,0.771361562875033
0.714,0.8670212765957447,0.5544217687074829,0.988301357042583,0.9358288770053476,0.6763485477178424,0.662461574362765,0.771361562875033
0.715,0.8670212765957447,0.5544217687074829,0.988301357042583,0.9358288770053476,0.6763485477178424,0.662461574362765,0.771361562875033
0.716,0.8670212765957447,0.5544217687074829,0.988301357042583,0.9358288770053476,0.6763485477178424,0.662461574362765,0.771361562875033
0.717,0.8670212765957447,0.5544217687074829,0.988301357042583,0.9358288770053476,0.6763485477178424,0.662461574362765,0.771361562875033
0.718,0.8663101604278075,0.5510204081632653,0.988301357042583,0.9354175236528177,0.6735966735966736,0.6599205370494964,0.7696608826029241
0.719,0.8663101604278075,0.5510204081632653,0.988301357042583,0.9354175236528177,0.6735966735966736,0.6599205370494964,0.7696608826029241
0.72,0.8663101604278075,0.5510204081632653,0.988301357042583,0.9354175236528177,0.6735966735966736,0.6599205370494964,0.7696608826029241
0.721,0.8663101604278075,0.5510204081632653,0.988301357042583,0.9354175236528177,0.6735966735966736,0.6599205370494964,0.7696608826029241
0.722,0.8663101604278075,0.5510204081632653,0.988301357042583,0.9354175236528177,0.6735966735966736,0.6599205370494964,0.7696608826029241
0.723,0.8663101604278075,0.5510204081632653,0.988301357042583,0.9354175236528177,0.6735966735966736,0.6599205370494964,0.7696608826029241
0.724,0.8663101604278075,0.5510204081632653,0.988301357042583,0.9354175236528177,0.6735966735966736,0.6599205370494964,0.7696608826029241
0.725,0.8663101604278075,0.5510204081632653,0.988301357042583,0.9354175236528177,0.6735966735966736,0.6599205370494964,0.7696608826029241
0.726,0.8702702702702703,0.5476190476190477,0.9887693027608797,0.9354175236528177,0.6722338204592901,0.6595755117944517,0.7681941751899637
0.727,0.8702702702702703,0.5476190476190477,0.9887693027608797,0.9354175236528177,0.6722338204592901,0.6595755117944517,0.7681941751899637
0.728,0.8702702702702703,0.5476190476190477,0.9887693027608797,0.9354175236528177,0.6722338204592901,0.6595755117944517,0.7681941751899637
0.729,0.8702702702702703,0.5476190476190477,0.9887693027608797,0.9354175236528177,0.6722338204592901,0.6595755117944517,0.7681941751899637
0.73,0.8702702702702703,0.5476190476190477,0.9887693027608797,0.9354175236528177,0.6722338204592901,0.6595755117944517,0.7681941751899637
0.731,0.8702702702702703,0.5476190476190477,0.9887693027608797,0.9354175236528177,0.6722338204592901,0.6595755117944517,0.7681941751899637
0.732,0.8702702702702703,0.5476190476190477,0.9887693027608797,0.9354175236528177,0.6722338204592901,0.6595755117944517,0.7681941751899637
0.733,0.8702702702702703,0.5476190476190477,0.9887693027608797,0.9354175236528177,0.6722338204592901,0.6595755117944517,0.7681941751899637
0.734,0.8702702702702703,0.5476190476190477,0.9887693027608797,0.9354175236528177,0.6722338204592901,0.6595755117944517,0.7681941751899637
0.735,0.8702702702702703,0.5476190476190477,0.9887693027608797,0.9354175236528177,0.6722338204592901,0.6595755117944517,0.7681941751899637
0.736,0.8702702702702703,0.5476190476190477,0.9887693027608797,0.9354175236528177,0.6722338204592901,0.6595755117944517,0.7681941751899637
0.737,0.875,0.5476190476190477,0.9892372484791764,0.9358288770053476,0.6736401673640168,0.6617950726587475,0.768428148049112
0.738,0.875,0.5476190476190477,0.9892372484791764,0.9358288770053476,0.6736401673640168,0.6617950726587475,0.768428148049112
0.739,0.875,0.5476190476190477,0.9892372484791764,0.9358288770053476,0.6736401673640168,0.6617950726587475,0.768428148049112
0.74,0.875,0.5476190476190477,0.9892372484791764,0.9358288770053476,0.6736401673640168,0.6617950726587475,0.768428148049112
0.741,0.875,0.5476190476190477,0.9892372484791764,0.9358288770053476,0.6736401673640168,0.6617950726587475,0.768428148049112
0.742,0.875,0.5476190476190477,0.9892372484791764,0.9358288770053476,0.6736401673640168,0.6617950726587475,0.768428148049112
0.743,0.875,0.5476190476190477,0.9892372484791764,0.9358288770053476,0.6736401673640168,0.6617950726587475,0.768428148049112
0.744,0.8797814207650273,0.5476190476190477,0.989705194197473,0.9362402303578774,0.6750524109014675,0.66403147068314,0.7686621209082604
0.745,0.8791208791208791,0.54421768707483,0.989705194197473,0.9358288770053476,0.6722689075630253,0.6614911489866804,0.7669614406361516
0.746,0.8791208791208791,0.54421768707483,0.989705194197473,0.9358288770053476,0.6722689075630253,0.6614911489866804,0.7669614406361516
0.747,0.8839779005524862,0.54421768707483,0.9901731399157697,0.9362402303578774,0.6736842105263158,0.6637497561072541,0.7671954134952998
0.748,0.8839779005524862,0.54421768707483,0.9901731399157697,0.9362402303578774,0.6736842105263158,0.6637497561072541,0.7671954134952998
0.749,0.8839779005524862,0.54421768707483,0.9901731399157697,0.9362402303578774,0.6736842105263158,0.6637497561072541,0.7671954134952998
0.75,0.8839779005524862,0.54421768707483,0.9901731399157697,0.9362402303578774,0.6736842105263158,0.6637497561072541,0.7671954134952998
0.751,0.8839779005524862,0.54421768707483,0.9901731399157697,0.9362402303578774,0.6736842105263158,0.6637497561072541,0.7671954134952998
0.752,0.8839779005524862,0.54421768707483,0.9901731399157697,0.9362402303578774,0.6736842105263158,0.6637497561072541,0.7671954134952998
0.753,0.8833333333333333,0.5408163265306123,0.9901731399157697,0.9358288770053476,0.6708860759493671,0.6612075928200465,0.765494733223191
0.754,0.8833333333333333,0.5408163265306123,0.9901731399157697,0.9358288770053476,0.6708860759493671,0.6612075928200465,0.765494733223191
0.755,0.8833333333333333,0.5408163265306123,0.9901731399157697,0.9358288770053476,0.6708860759493671,0.6612075928200465,0.765494733223191
0.756,0.8833333333333333,0.5408163265306123,0.9901731399157697,0.9358288770053476,0.6708860759493671,0.6612075928200465,0.765494733223191
0.757,0.8833333333333333,0.5408163265306123,0.9901731399157697,0.9358288770053476,0.6708860759493671,0.6612075928200465,0.765494733223191
0.758,0.8932584269662921,0.5408163265306123,0.9911090313523632,0.9366515837104072,0.673728813559322,0.6657880926680251,0.7659626789414877
0.759,0.8932584269662921,0.5408163265306123,0.9911090313523632,0.9366515837104072,0.673728813559322,0.6657880926680251,0.7659626789414877
0.76,0.8932584269662921,0.5408163265306123,0.9911090313523632,0.9366515837104072,0.673728813559322,0.6657880926680251,0.7659626789414877
0.761,0.8932584269662921,0.5408163265306123,0.9911090313523632,0.9366515837104072,0.673728813559322,0.6657880926680251,0.7659626789414877
0.762,0.8932584269662921,0.5408163265306123,0.9911090313523632,0.9366515837104072,0.673728813559322,0.6657880926680251,0.7659626789414877
0.763,0.8932584269662921,0.5408163265306123,0.9911090313523632,0.9366515837104072,0.673728813559322,0.6657880926680251,0.7659626789414877
0.764,0.8932584269662921,0.5408163265306123,0.9911090313523632,0.9366515837104072,0.673728813559322,0.6657880926680251,0.7659626789414877
0.765,0.8977272727272727,0.5374149659863946,0.9915769770706598,0.9366515837104072,0.6723404255319149,0.6655725109953258,0.7644959715285272
0.766,0.8977272727272727,0.5374149659863946,0.9915769770706598,0.9366515837104072,0.6723404255319149,0.6655725109953258,0.7644959715285272
0.767,0.8977272727272727,0.5374149659863946,0.9915769770706598,0.9366515837104072,0.6723404255319149,0.6655725109953258,0.7644959715285272
0.768,0.8977272727272727,0.5374149659863946,0.9915769770706598,0.9366515837104072,0.6723404255319149,0.6655725109953258,0.7644959715285272
0.769,0.8977272727272727,0.5374149659863946,0.9915769770706598,0.9366515837104072,0.6723404255319149,0.6655725109953258,0.7644959715285272
0.77,0.9080459770114943,0.5374149659863946,0.9925128685072532,0.9374742904154669,0.6752136752136753,0.6702738158395745,0.7649639172468239
0.771,0.9080459770114943,0.5374149659863946,0.9925128685072532,0.9374742904154669,0.6752136752136753,0.6702738158395745,0.7649639172468239
0.772,0.9080459770114943,0.5374149659863946,0.9925128685072532,0.9374742904154669,0.6752136752136753,0.6702738158395745,0.7649639172468239
0.773,0.9080459770114943,0.5374149659863946,0.9925128685072532,0.9374742904154669,0.6752136752136753,0.6702738158395745,0.7649639172468239
0.774,0.9075144508670521,0.5340136054421769,0.9925128685072532,0.9370629370629371,0.6723768736616702,0.6677457283834846,0.763263236974715
0.775,0.9064327485380117,0.5272108843537415,0.9925128685072532,0.9362402303578774,0.6666666666666666,0.6626683328202029,0.7598618764304974
0.776,0.9064327485380117,0.5272108843537415,0.9925128685072532,0.9362402303578774,0.6666666666666666,0.6626683328202029,0.7598618764304974
0.777,0.9064327485380117,0.5272108843537415,0.9925128685072532,0.9362402303578774,0.6666666666666666,0.6626683328202029,0.7598618764304974
0.778,0.9064327485380117,0.5272108843537415,0.9925128685072532,0.9362402303578774,0.6666666666666666,0.6626683328202029,0.7598618764304974
0.779,0.9064327485380117,0.5272108843537415,0.9925128685072532,0.9362402303578774,0.6666666666666666,0.6626683328202029,0.7598618764304974
0.78,0.9064327485380117,0.5272108843537415,0.9925128685072532,0.9362402303578774,0.6666666666666666,0.6626683328202029,0.7598618764304974
0.781,0.9064327485380117,0.5272108843537415,0.9925128685072532,0.9362402303578774,0.6666666666666666,0.6626683328202029,0.7598618764304974
0.782,0.9064327485380117,0.5272108843537415,0.9925128685072532,0.9362402303578774,0.6666666666666666,0.6626683328202029,0.7598618764304974
0.783,0.9064327485380117,0.5272108843537415,0.9925128685072532,0.9362402303578774,0.6666666666666666,0.6626683328202029,0.7598618764304974
0.784,0.9117647058823529,0.5272108843537415,0.9929808142255498,0.9366515837104072,0.6681034482758621,0.6650657789106709,0.7600958492896457
0.785,0.9117647058823529,0.5272108843537415,0.9929808142255498,0.9366515837104072,0.6681034482758621,0.6650657789106709,0.7600958492896457
0.786,0.9117647058823529,0.5272108843537415,0.9929808142255498,0.9366515837104072,0.6681034482758621,0.6650657789106709,0.7600958492896457
0.787,0.9171597633136095,0.5272108843537415,0.9934487599438465,0.9370629370629371,0.6695464362850972,0.6674829720458563,0.760329822148794
0.788,0.9171597633136095,0.5272108843537415,0.9934487599438465,0.9370629370629371,0.6695464362850972,0.6674829720458563,0.760329822148794
0.789,0.9171597633136095,0.5272108843537415,0.9934487599438465,0.9370629370629371,0.6695464362850972,0.6674829720458563,0.760329822148794
0.79,0.9171597633136095,0.5272108843537415,0.9934487599438465,0.9370629370629371,0.6695464362850972,0.6674829720458563,0.760329822148794
0.791,0.9171597633136095,0.5272108843537415,0.9934487599438465,0.9370629370629371,0.6695464362850972,0.6674829720458563,0.760329822148794
0.792,0.9171597633136095,0.5272108843537415,0.9934487599438465,0.9370629370629371,0.6695464362850972,0.6674829720458563,0.760329822148794
0.793,0.9171597633136095,0.5272108843537415,0.9934487599438465,0.9370629370629371,0.6695464362850972,0.6674829720458563,0.760329822148794
0.794,0.9166666666666666,0.5238095238095238,0.9934487599438465,0.9366515837104072,0.6666666666666666,0.6649461302937458,0.7586291418766852
0.795,0.9161676646706587,0.5204081632653061,0.9934487599438465,0.9362402303578774,0.6637744034707158,0.6624020862841815,0.7569284616045764
0.796,0.9161676646706587,0.5204081632653061,0.9934487599438465,0.9362402303578774,0.6637744034707158,0.6624020862841815,0.7569284616045764
0.797,0.9161676646706587,0.5204081632653061,0.9934487599438465,0.9362402303578774,0.6637744034707158,0.6624020862841815,0.7569284616045764
0.798,0.9156626506024096,0.5170068027210885,0.9934487599438465,0.9358288770053476,0.6608695652173913,0.6598507580727551,0.7552277813324675
0.799,0.9156626506024096,0.5170068027210885,0.9934487599438465,0.9358288770053476,0.6608695652173913,0.6598507580727551,0.7552277813324675
0.8,0.9156626506024096,0.5170068027210885,0.9934487599438465,0.9358288770053476,0.6608695652173913,0.6598507580727551,0.7552277813324675
0.801,0.9156626506024096,0.5170068027210885,0.9934487599438465,0.9358288770053476,0.6608695652173913,0.6598507580727551,0.7552277813324675
0.802,0.9156626506024096,0.5170068027210885,0.9934487599438465,0.9358288770053476,0.6608695652173913,0.6598507580727551,0.7552277813324675
0.803,0.9156626506024096,0.5170068027210885,0.9934487599438465,0.9358288770053476,0.6608695652173913,0.6598507580727551,0.7552277813324675
0.804,0.9156626506024096,0.5170068027210885,0.9934487599438465,0.9358288770053476,0.6608695652173913,0.6598507580727551,0.7552277813324675
0.805,0.9156626506024096,0.5170068027210885,0.9934487599438465,0.9358288770053476,0.6608695652173913,0.6598507580727551,0.7552277813324675
0.806,0.9156626506024096,0.5170068027210885,0.9934487599438465,0.9358288770053476,0.6608695652173913,0.6598507580727551,0.7552277813324675
0.807,0.9156626506024096,0.5170068027210885,0.9934487599438465,0.9358288770053476,0.6608695652173913,0.6598507580727551,0.7552277813324675
0.808,0.9151515151515152,0.5136054421768708,0.9934487599438465,0.9354175236528177,0.6579520697167756,0.6572920623143625,0.7535271010603586
0.809,0.9151515151515152,0.5136054421768708,0.9934487599438465,0.9354175236528177,0.6579520697167756,0.6572920623143625,0.7535271010603586
0.81,0.9207317073170732,0.5136054421768708,0.9939167056621432,0.9358288770053476,0.6593886462882096,0.659755837365445,0.753761073919507
0.811,0.9263803680981595,0.5136054421768708,0.9943846513804399,0.9362402303578774,0.6608315098468271,0.6622406602656562,0.7539950467786554
0.812,0.9263803680981595,0.5136054421768708,0.9943846513804399,0.9362402303578774,0.6608315098468271,0.6622406602656562,0.7539950467786554
0.8130000000000001,0.9263803680981595,0.5136054421768708,0.9943846513804399,0.9362402303578774,0.6608315098468271,0.6622406602656562,0.7539950467786554
0.8140000000000001,0.9263803680981595,0.5136054421768708,0.9943846513804399,0.9362402303578774,0.6608315098468271,0.6622406602656562,0.7539950467786554
0.8150000000000001,0.9320987654320988,0.5136054421768708,0.9948525970987365,0.9366515837104072,0.6622807017543859,0.664746852184469,0.7542290196378036
0.8160000000000001,0.9320987654320988,0.5136054421768708,0.9948525970987365,0.9366515837104072,0.6622807017543859,0.664746852184469,0.7542290196378036
0.8170000000000001,0.9316770186335404,0.5102040816326531,0.9948525970987365,0.9362402303578774,0.6593406593406593,0.6622015274156912,0.7525283393656947
0.8180000000000001,0.93125,0.5068027210884354,0.9948525970987365,0.9358288770053476,0.6563876651982379,0.6596488179310971,0.750827659093586
0.8190000000000001,0.9308176100628931,0.5034013605442177,0.9948525970987365,0.9354175236528177,0.6534216335540839,0.6570886378815276,0.7491269788214772
0.8200000000000001,0.9308176100628931,0.5034013605442177,0.9948525970987365,0.9354175236528177,0.6534216335540839,0.6570886378815276,0.7491269788214772
0.8210000000000001,0.9308176100628931,0.5034013605442177,0.9948525970987365,0.9354175236528177,0.6534216335540839,0.6570886378815276,0.7491269788214772
0.8220000000000001,0.9308176100628931,0.5034013605442177,0.9948525970987365,0.9354175236528177,0.6534216335540839,0.6570886378815276,0.7491269788214772
0.8230000000000001,0.9308176100628931,0.5034013605442177,0.9948525970987365,0.9354175236528177,0.6534216335540839,0.6570886378815276,0.7491269788214772
0.8240000000000001,0.9308176100628931,0.5034013605442177,0.9948525970987365,0.9354175236528177,0.6534216335540839,0.6570886378815276,0.7491269788214772
0.8250000000000001,0.9308176100628931,0.5034013605442177,0.9948525970987365,0.9354175236528177,0.6534216335540839,0.6570886378815276,0.7491269788214772
0.8260000000000001,0.9308176100628931,0.5034013605442177,0.9948525970987365,0.9354175236528177,0.6534216335540839,0.6570886378815276,0.7491269788214772
0.8270000000000001,0.9308176100628931,0.5034013605442177,0.9948525970987365,0.9354175236528177,0.6534216335540839,0.6570886378815276,0.7491269788214772
0.8280000000000001,0.9308176100628931,0.5034013605442177,0.9948525970987365,0.9354175236528177,0.6534216335540839,0.6570886378815276,0.7491269788214772
0.8290000000000001,0.9308176100628931,0.5034013605442177,0.9948525970987365,0.9354175236528177,0.6534216335540839,0.6570886378815276,0.7491269788214772
0.8300000000000001,0.9308176100628931,0.5034013605442177,0.9948525970987365,0.9354175236528177,0.6534216335540839,0.6570886378815276,0.7491269788214772
0.8310000000000001,0.9308176100628931,0.5034013605442177,0.9948525970987365,0.9354175236528177,0.6534216335540839,0.6570886378815276,0.7491269788214772
0.8320000000000001,0.9308176100628931,0.5034013605442177,0.9948525970987365,0.9354175236528177,0.6534216335540839,0.6570886378815276,0.7491269788214772
0.833,0.9308176100628931,0.5034013605442177,0.9948525970987365,0.9354175236528177,0.6534216335540839,0.6570886378815276,0.7491269788214772
0.834,0.9308176100628931,0.5034013605442177,0.9948525970987365,0.9354175236528177,0.6534216335540839,0.6570886378815276,0.7491269788214772
0.835,0.9308176100628931,0.5034013605442177,0.9948525970987365,0.9354175236528177,0.6534216335540839,0.6570886378815276,0.7491269788214772
0.836,0.9308176100628931,0.5034013605442177,0.9948525970987365,0.9354175236528177,0.6534216335540839,0.6570886378815276,0.7491269788214772
0.837,0.930379746835443,0.5,0.9948525970987365,0.935006170300288,0.6504424778761062,0.6545208999079472,0.7474262985493683
0.838,0.9358974358974359,0.4965986394557823,0.9953205428170332,0.935006170300288,0.6488888888888888,0.6545106003600399,0.7459595911364078
0.839,0.9354838709677419,0.4931972789115646,0.9953205428170332,0.9345948169477581,0.6458797327394209,0.6519350944745886,0.744258910864299
0.84,0.9354838709677419,0.4931972789115646,0.9953205428170332,0.9345948169477581,0.6458797327394209,0.6519350944745886,0.744258910864299
0.841,0.9354838709677419,0.4931972789115646,0.9953205428170332,0.9345948169477581,0.6458797327394209,0.6519350944745886,0.744258910864299
0.842,0.9354838709677419,0.4931972789115646,0.9953205428170332,0.9345948169477581,0.6458797327394209,0.6519350944745886,0.744258910864299
0.843,0.9354838709677419,0.4931972789115646,0.9953205428170332,0.9345948169477581,0.6458797327394209,0.6519350944745886,0.744258910864299
0.844,0.9354838709677419,0.4931972789115646,0.9953205428170332,0.9345948169477581,0.6458797327394209,0.6519350944745886,0.744258910864299
0.845,0.9354838709677419,0.4931972789115646,0.9953205428170332,0.9345948169477581,0.6458797327394209,0.6519350944745886,0.744258910864299
0.846,0.9354838709677419,0.4931972789115646,0.9953205428170332,0.9345948169477581,0.6458797327394209,0.6519350944745886,0.744258910864299
0.847,0.9354838709677419,0.4931972789115646,0.9953205428170332,0.9345948169477581,0.6458797327394209,0.6519350944745886,0.744258910864299
0.848,0.9354838709677419,0.4931972789115646,0.9953205428170332,0.9345948169477581,0.6458797327394209,0.6519350944745886,0.744258910864299
0.849,0.9354838709677419,0.4931972789115646,0.9953205428170332,0.9345948169477581,0.6458797327394209,0.6519350944745886,0.744258910864299
0.85,0.9415584415584416,0.4931972789115646,0.9957884885353299,0.935006170300288,0.6473214285714286,0.6545310733646528,0.7444928837234472
0.851,0.9415584415584416,0.4931972789115646,0.9957884885353299,0.935006170300288,0.6473214285714286,0.6545310733646528,0.7444928837234472
0.852,0.9477124183006536,0.4931972789115646,0.9962564342536265,0.9354175236528177,0.6487695749440716,0.657150705637058,0.7447268565825955
0.853,0.9473684210526315,0.4897959183673469,0.9962564342536265,0.935006170300288,0.6457399103139013,0.6545834478346974,0.7430261763104867
0.854,0.9473684210526315,0.4897959183673469,0.9962564342536265,0.935006170300288,0.6457399103139013,0.6545834478346974,0.7430261763104867
0.855,0.9473684210526315,0.4897959183673469,0.9962564342536265,0.935006170300288,0.6457399103139013,0.6545834478346974,0.7430261763104867
0.856,0.9473684210526315,0.4897959183673469,0.9962564342536265,0.935006170300288,0.6457399103139013,0.6545834478346974,0.7430261763104867
0.857,0.9473684210526315,0.4897959183673469,0.9962564342536265,0.935006170300288,0.6457399103139013,0.6545834478346974,0.7430261763104867
0.858,0.9473684210526315,0.4897959183673469,0.9962564342536265,0.935006170300288,0.6457399103139013,0.6545834478346974,0.7430261763104867
0.859,0.9473684210526315,0.4897959183673469,0.9962564342536265,0.935006170300288,0.6457399103139013,0.6545834478346974,0.7430261763104867
0.86,0.9536423841059603,0.4897959183673469,0.9967243799719232,0.9354175236528177,0.647191011235955,0.6572354698734534,0.7432601491696351
0.861,0.96,0.4897959183673469,0.99719232569022,0.9358288770053476,0.6486486486486487,0.6599121607678985,0.7434941220287834
0.862,0.96,0.4897959183673469,0.99719232569022,0.9358288770053476,0.6486486486486487,0.6599121607678985,0.7434941220287834
0.863,0.959731543624161,0.48639455782312924,0.99719232569022,0.9354175236528177,0.6455981941309256,0.6573542647566595,0.7417934417566746
0.864,0.959731543624161,0.48639455782312924,0.99719232569022,0.9354175236528177,0.6455981941309256,0.6573542647566595,0.7417934417566746
0.865,0.959731543624161,0.48639455782312924,0.99719232569022,0.9354175236528177,0.6455981941309256,0.6573542647566595,0.7417934417566746
0.866,0.959731543624161,0.48639455782312924,0.99719232569022,0.9354175236528177,0.6455981941309256,0.6573542647566595,0.7417934417566746
0.867,0.9662162162162162,0.48639455782312924,0.9976602714085167,0.9358288770053476,0.6470588235294118,0.6600649471943483,0.742027414615823
0.868,0.9659863945578231,0.48299319727891155,0.9976602714085167,0.9354175236528177,0.6439909297052154,0.6575083763699722,0.7403267343437141
0.869,0.9726027397260274,0.48299319727891155,0.9981282171268133,0.9358288770053476,0.6454545454545455,0.6602540649659407,0.7405607072028624
0.87,0.9793103448275862,0.48299319727891155,0.99859616284511,0.9362402303578774,0.6469248291571754,0.6630262080727441,0.7407946800620108
0.871,0.9793103448275862,0.48299319727891155,0.99859616284511,0.9362402303578774,0.6469248291571754,0.6630262080727441,0.7407946800620108
0.872,0.9793103448275862,0.48299319727891155,0.99859616284511,0.9362402303578774,0.6469248291571754,0.6630262080727441,0.7407946800620108
0.873,0.9793103448275862,0.48299319727891155,0.99859616284511,0.9362402303578774,0.6469248291571754,0.6630262080727441,0.7407946800620108
0.874,0.9793103448275862,0.48299319727891155,0.99859616284511,0.9362402303578774,0.6469248291571754,0.6630262080727441,0.7407946800620108
0.875,0.9793103448275862,0.48299319727891155,0.99859616284511,0.9362402303578774,0.6469248291571754,0.6630262080727441,0.7407946800620108
0.876,0.9793103448275862,0.48299319727891155,0.99859616284511,0.9362402303578774,0.6469248291571754,0.6630262080727441,0.7407946800620108
0.877,0.9793103448275862,0.48299319727891155,0.99859616284511,0.9362402303578774,0.6469248291571754,0.6630262080727441,0.7407946800620108
0.878,0.9791666666666666,0.47959183673469385,0.99859616284511,0.9358288770053476,0.6438356164383562,0.6604809120205973,0.739093999789902
0.879,0.976,0.41496598639455784,0.99859616284511,0.928013163307281,0.5823389021479713,0.6105652063111844,0.706781074619834
0.88,0.9758064516129032,0.41156462585034015,0.99859616284511,0.9276018099547512,0.5789473684210527,0.607848607300753,0.7050803943477251
0.881,0.9758064516129032,0.41156462585034015,0.99859616284511,0.9276018099547512,0.5789473684210527,0.607848607300753,0.7050803943477251
0.882,0.9758064516129032,0.41156462585034015,0.99859616284511,0.9276018099547512,0.5789473684210527,0.607848607300753,0.7050803943477251
0.883,0.9758064516129032,0.41156462585034015,0.99859616284511,0.9276018099547512,0.5789473684210527,0.607848607300753,0.7050803943477251
0.884,0.983739837398374,0.41156462585034015,0.9990641085634067,0.928013163307281,0.580335731414868,0.6108784501698088,0.7053143672068733
0.885,0.9918032786885246,0.41156462585034015,0.9995320542817033,0.9284245166598107,0.5817307692307693,0.6139429463548456,0.7055483400660217
0.886,0.9918032786885246,0.41156462585034015,0.9995320542817033,0.9284245166598107,0.5817307692307693,0.6139429463548456,0.7055483400660217
0.887,0.9917355371900827,0.40816326530612246,0.9995320542817033,0.928013163307281,0.5783132530120482,0.6112417027673849,0.703847659793913
0.888,0.98989898989899,0.3333333333333333,0.9995320542817033,0.9189633895516248,0.49872773536895676,0.5491142246736554,0.6664326938075184
0.889,0.989247311827957,0.3129251700680272,0.9995320542817033,0.9164952694364459,0.4754521963824289,0.531132368362943,0.6562286121748653
0.89,0.989247311827957,0.3129251700680272,0.9995320542817033,0.9164952694364459,0.4754521963824289,0.531132368362943,0.6562286121748653
0.891,0.989247311827957,0.3129251700680272,0.9995320542817033,0.9164952694364459,0.4754521963824289,0.531132368362943,0.6562286121748653
0.892,0.989247311827957,0.3129251700680272,0.9995320542817033,0.9164952694364459,0.4754521963824289,0.531132368362943,0.6562286121748653
0.893,0.9891304347826086,0.30952380952380953,0.9995320542817033,0.916083916083916,0.47150259067357514,0.5280850704920723,0.6545279319027564
0.894,0.9891304347826086,0.30952380952380953,0.9995320542817033,0.916083916083916,0.47150259067357514,0.5280850704920723,0.6545279319027564
0.895,0.9891304347826086,0.30952380952380953,0.9995320542817033,0.916083916083916,0.47150259067357514,0.5280850704920723,0.6545279319027564
0.896,0.9891304347826086,0.30952380952380953,0.9995320542817033,0.916083916083916,0.47150259067357514,0.5280850704920723,0.6545279319027564
0.897,0.9891304347826086,0.30952380952380953,0.9995320542817033,0.916083916083916,0.47150259067357514,0.5280850704920723,0.6545279319027564
0.898,0.9891304347826086,0.30952380952380953,0.9995320542817033,0.916083916083916,0.47150259067357514,0.5280850704920723,0.6545279319027564
0.899,0.9891304347826086,0.30952380952380953,0.9995320542817033,0.916083916083916,0.47150259067357514,0.5280850704920723,0.6545279319027564
0.9,0.9891304347826086,0.30952380952380953,0.9995320542817033,0.916083916083916,0.47150259067357514,0.5280850704920723,0.6545279319027564
0.901,0.9891304347826086,0.30952380952380953,0.9995320542817033,0.916083916083916,0.47150259067357514,0.5280850704920723,0.6545279319027564
0.902,0.9891304347826086,0.30952380952380953,0.9995320542817033,0.916083916083916,0.47150259067357514,0.5280850704920723,0.6545279319027564
0.903,0.9857142857142858,0.23469387755102042,0.9995320542817033,0.90703414232826,0.3791208791208791,0.4566819934803523,0.6171129659163619
0.904,0.9852941176470589,0.22789115646258504,0.9995320542817033,0.9062114356232003,0.3701657458563536,0.4497015616282267,0.6137116053721442
0.905,0.9852941176470589,0.22789115646258504,0.9995320542817033,0.9062114356232003,0.3701657458563536,0.4497015616282267,0.6137116053721442
0.906,0.9852941176470589,0.22789115646258504,0.9995320542817033,0.9062114356232003,0.3701657458563536,0.4497015616282267,0.6137116053721442
0.907,0.9850746268656716,0.22448979591836735,0.9995320542817033,0.9058000822706705,0.3656509695290859,0.44617493452925405,0.6120109251000353
0.908,1.0,0.22448979591836735,1.0,0.9062114356232003,0.36666666666666664,0.45038611289446107,0.6122448979591837
0.909,1.0,0.22108843537414966,1.0,0.9058000822706705,0.362116991643454,0.44686660875063894,0.6105442176870748
0.91,1.0,0.22108843537414966,1.0,0.9058000822706705,0.362116991643454,0.44686660875063894,0.6105442176870748
0.911,1.0,0.21768707482993196,1.0,0.9053887289181407,0.3575418994413408,0.4433221735978631,0.608843537414966
0.912,1.0,0.21768707482993196,1.0,0.9053887289181407,0.3575418994413408,0.4433221735978631,0.608843537414966
0.913,1.0,0.12244897959183673,1.0,0.8938708350473057,0.21818181818181817,0.3305423324853031,0.5612244897959183
0.914,1.0,0.11564625850340136,1.0,0.893048128342246,0.2073170731707317,0.32109536558680185,0.5578231292517006
0.915,1.0,0.11564625850340136,1.0,0.893048128342246,0.2073170731707317,0.32109536558680185,0.5578231292517006
0.916,1.0,0.10884353741496598,1.0,0.8922254216371863,0.19631901840490798,0.3113783844684902,0.5544217687074829
0.917,1.0,0.10884353741496598,1.0,0.8922254216371863,0.19631901840490798,0.3113783844684902,0.5544217687074829
0.918,1.0,0.10884353741496598,1.0,0.8922254216371863,0.19631901840490798,0.3113783844684902,0.5544217687074829
0.919,1.0,0.10884353741496598,1.0,0.8922254216371863,0.19631901840490798,0.3113783844684902,0.5544217687074829
0.92,1.0,0.10884353741496598,1.0,0.8922254216371863,0.19631901840490798,0.3113783844684902,0.5544217687074829
0.921,1.0,0.10884353741496598,1.0,0.8922254216371863,0.19631901840490798,0.3113783844684902,0.5544217687074829
0.922,1.0,0.10884353741496598,1.0,0.8922254216371863,0.19631901840490798,0.3113783844684902,0.5544217687074829
0.923,1.0,0.030612244897959183,1.0,0.8827642945290004,0.0594059405940594,0.16434737855191475,0.5153061224489796
0.924,1.0,0.030612244897959183,1.0,0.8827642945290004,0.0594059405940594,0.16434737855191475,0.5153061224489796
0.925,1.0,0.030612244897959183,1.0,0.8827642945290004,0.0594059405940594,0.16434737855191475,0.5153061224489796
0.926,1.0,0.030612244897959183,1.0,0.8827642945290004,0.0594059405940594,0.16434737855191475,0.5153061224489796
0.927,1.0,0.027210884353741496,1.0,0.8823529411764706,0.052980132450331126,0.15491621670730438,0.5136054421768708
0.928,1.0,0.027210884353741496,1.0,0.8823529411764706,0.052980132450331126,0.15491621670730438,0.5136054421768708
0.929,1.0,0.027210884353741496,1.0,0.8823529411764706,0.052980132450331126,0.15491621670730438,0.5136054421768708
0.93,1.0,0.023809523809523808,1.0,0.8819415878239407,0.046511627906976744,0.14488095770781434,0.5119047619047619
0.931,1.0,0.023809523809523808,1.0,0.8819415878239407,0.046511627906976744,0.14488095770781434,0.5119047619047619
0.932,1.0,0.023809523809523808,1.0,0.8819415878239407,0.046511627906976744,0.14488095770781434,0.5119047619047619
0.933,1.0,0.023809523809523808,1.0,0.8819415878239407,0.046511627906976744,0.14488095770781434,0.5119047619047619
0.934,1.0,0.023809523809523808,1.0,0.8819415878239407,0.046511627906976744,0.14488095770781434,0.5119047619047619
0.935,1.0,0.023809523809523808,1.0,0.8819415878239407,0.046511627906976744,0.14488095770781434,0.5119047619047619
0.936,1.0,0.023809523809523808,1.0,0.8819415878239407,0.046511627906976744,0.14488095770781434,0.5119047619047619
0.937,1.0,0.023809523809523808,1.0,0.8819415878239407,0.046511627906976744,0.14488095770781434,0.5119047619047619
0.9380000000000001,1.0,0.023809523809523808,1.0,0.8819415878239407,0.046511627906976744,0.14488095770781434,0.5119047619047619
0.9390000000000001,1.0,0.02040816326530612,1.0,0.881530234471411,0.04,0.1341060434348742,0.5102040816326531
0.9400000000000001,1.0,0.02040816326530612,1.0,0.881530234471411,0.04,0.1341060434348742,0.5102040816326531
0.9410000000000001,1.0,0.02040816326530612,1.0,0.881530234471411,0.04,0.1341060434348742,0.5102040816326531
0.9420000000000001,1.0,0.02040816326530612,1.0,0.881530234471411,0.04,0.1341060434348742,0.5102040816326531
0.9430000000000001,1.0,0.02040816326530612,1.0,0.881530234471411,0.04,0.1341060434348742,0.5102040816326531
0.9440000000000001,1.0,0.02040816326530612,1.0,0.881530234471411,0.04,0.1341060434348742,0.5102040816326531
0.9450000000000001,1.0,0.02040816326530612,1.0,0.881530234471411,0.04,0.1341060434348742,0.5102040816326531
0.9460000000000001,1.0,0.013605442176870748,1.0,0.8807075277663513,0.026845637583892617,0.10945200040311094,0.5068027210884354
0.9470000000000001,1.0,0.013605442176870748,1.0,0.8807075277663513,0.026845637583892617,0.10945200040311094,0.5068027210884354
0.9480000000000001,1.0,0.013605442176870748,1.0,0.8807075277663513,0.026845637583892617,0.10945200040311094,0.5068027210884354
0.9490000000000001,1.0,0.013605442176870748,1.0,0.8807075277663513,0.026845637583892617,0.10945200040311094,0.5068027210884354
0.9500000000000001,1.0,0.013605442176870748,1.0,0.8807075277663513,0.026845637583892617,0.10945200040311094,0.5068027210884354
0.9510000000000001,1.0,0.013605442176870748,1.0,0.8807075277663513,0.026845637583892617,0.10945200040311094,0.5068027210884354
0.9520000000000001,1.0,0.013605442176870748,1.0,0.8807075277663513,0.026845637583892617,0.10945200040311094,0.5068027210884354
0.9530000000000001,1.0,0.01020408163265306,1.0,0.8802961744138215,0.020202020202020204,0.09476869102065061,0.5051020408163265
0.9540000000000001,1.0,0.01020408163265306,1.0,0.8802961744138215,0.020202020202020204,0.09476869102065061,0.5051020408163265
0.9550000000000001,1.0,0.01020408163265306,1.0,0.8802961744138215,0.020202020202020204,0.09476869102065061,0.5051020408163265
0.9560000000000001,1.0,0.01020408163265306,1.0,0.8802961744138215,0.020202020202020204,0.09476869102065061,0.5051020408163265
0.9570000000000001,1.0,0.01020408163265306,1.0,0.8802961744138215,0.020202020202020204,0.09476869102065061,0.5051020408163265
0.9580000000000001,1.0,0.01020408163265306,1.0,0.8802961744138215,0.020202020202020204,0.09476869102065061,0.5051020408163265
0.9590000000000001,1.0,0.01020408163265306,1.0,0.8802961744138215,0.020202020202020204,0.09476869102065061,0.5051020408163265
0.96,1.0,0.006802721088435374,1.0,0.8798848210612916,0.013513513513513514,0.07736238253950506,0.5034013605442177
0.961,1.0,0.006802721088435374,1.0,0.8798848210612916,0.013513513513513514,0.07736238253950506,0.5034013605442177
0.962,1.0,0.006802721088435374,1.0,0.8798848210612916,0.013513513513513514,0.07736238253950506,0.5034013605442177
0.963,1.0,0.006802721088435374,1.0,0.8798848210612916,0.013513513513513514,0.07736238253950506,0.5034013605442177
0.964,1.0,0.006802721088435374,1.0,0.8798848210612916,0.013513513513513514,0.07736238253950506,0.5034013605442177
0.965,1.0,0.006802721088435374,1.0,0.8798848210612916,0.013513513513513514,0.07736238253950506,0.5034013605442177
0.966,1.0,0.003401360544217687,1.0,0.8794734677087618,0.006779661016949152,0.05469220828712535,0.5017006802721088
0.967,1.0,0.003401360544217687,1.0,0.8794734677087618,0.006779661016949152,0.05469220828712535,0.5017006802721088
0.968,0.0,0.0,1.0,0.879062114356232,0.0,0.0,0.5
0.969,0.0,0.0,1.0,0.879062114356232,0.0,0.0,0.5
0.97,0.0,0.0,1.0,0.879062114356232,0.0,0.0,0.5
0.971,0.0,0.0,1.0,0.879062114356232,0.0,0.0,0.5
0.972,0.0,0.0,1.0,0.879062114356232,0.0,0.0,0.5
0.973,0.0,0.0,1.0,0.879062114356232,0.0,0.0,0.5
0.974,0.0,0.0,1.0,0.879062114356232,0.0,0.0,0.5
0.975,0.0,0.0,1.0,0.879062114356232,0.0,0.0,0.5
0.976,0.0,0.0,1.0,0.879062114356232,0.0,0.0,0.5
0.977,0.0,0.0,1.0,0.879062114356232,0.0,0.0,0.5
0.978,0.0,0.0,1.0,0.879062114356232,0.0,0.0,0.5
0.979,0.0,0.0,1.0,0.879062114356232,0.0,0.0,0.5
0.98,0.0,0.0,1.0,0.879062114356232,0.0,0.0,0.5
0.981,0.0,0.0,1.0,0.879062114356232,0.0,0.0,0.5
0.982,0.0,0.0,1.0,0.879062114356232,0.0,0.0,0.5
0.983,0.0,0.0,1.0,0.879062114356232,0.0,0.0,0.5
0.984,0.0,0.0,1.0,0.879062114356232,0.0,0.0,0.5
0.985,0.0,0.0,1.0,0.879062114356232,0.0,0.0,0.5
0.986,0.0,0.0,1.0,0.879062114356232,0.0,0.0,0.5
0.987,0.0,0.0,1.0,0.879062114356232,0.0,0.0,0.5
0.988,0.0,0.0,1.0,0.879062114356232,0.0,0.0,0.5
0.989,0.0,0.0,1.0,0.879062114356232,0.0,0.0,0.5
0.99,0.0,0.0,1.0,0.879062114356232,0.0,0.0,0.5
0.991,0.0,0.0,1.0,0.879062114356232,0.0,0.0,0.5
0.992,0.0,0.0,1.0,0.879062114356232,0.0,0.0,0.5
0.993,0.0,0.0,1.0,0.879062114356232,0.0,0.0,0.5
0.994,0.0,0.0,1.0,0.879062114356232,0.0,0.0,0.5
0.995,0.0,0.0,1.0,0.879062114356232,0.0,0.0,0.5
0.996,0.0,0.0,1.0,0.879062114356232,0.0,0.0,0.5
0.997,0.0,0.0,1.0,0.879062114356232,0.0,0.0,0.5
0.998,0.0,0.0,1.0,0.879062114356232,0.0,0.0,0.5
0.999,0.0,0.0,1.0,0.879062114356232,0.0,0.0,0.5
1.0,0.0,0.0,1.0,0.879062114356232,0.0,0.0,0.5
