threshold,precision,recall,specificity,accuracy,f1,mcc,balanced_accuracy
0.0,0.12093788564376799,1.0,0.0,0.12093788564376799,0.21577981651376146,0.0,0.5
0.001,0.12138728323699421,1.0,0.004211511464670099,0.1246400658165364,0.21649484536082475,0.02261026171935561,0.5021057557323351
0.002,0.12219451371571072,1.0,0.01169864295741694,0.13122171945701358,0.21777777777777776,0.03780886122743301,0.5058493214787084
0.003,0.12316099201345103,0.9965986394557823,0.023865231633130556,0.14150555327025915,0.21922933034044145,0.04611740106800031,0.5102319355444564
0.004,0.12489343563512362,0.9965986394557823,0.039307440336920914,0.15508021390374332,0.22196969696969698,0.06373389363086288,0.5179530398963517
0.005,0.12673010380622837,0.9965986394557823,0.055217594759007955,0.1690662278897573,0.22486569455103608,0.07830227455999045,0.5259081171073952
0.006,0.12867808519982432,0.9965986394557823,0.07159569489939167,0.1834635952283011,0.2279268767016725,0.09128141110513525,0.534097167177587
0.007,0.13041536400178652,0.9931972789115646,0.08890968647636874,0.19827231591937475,0.23055665219107777,0.09926091319694665,0.5410534826939667
0.008,0.13245334547109694,0.9897959183673469,0.10809546092653252,0.21472645002056767,0.23364110798875953,0.10821748008986135,0.5489456896469397
0.009000000000000001,0.13469577333952623,0.9863945578231292,0.12821712681328964,0.23200329082682025,0.23702492848385778,0.11742495692259788,0.5573058423182095
0.01,0.1368570080226522,0.9863945578231292,0.1441272812353767,0.24598930481283424,0.2403646912556983,0.12723785389637307,0.565260919529253
0.011,0.1395572666025024,0.9863945578231292,0.16331305568554047,0.26285479226655695,0.24451939291736932,0.13855100785756716,0.5748538067543348
0.012,0.14201762977473065,0.9863945578231292,0.18015910154422088,0.2776635129576306,0.2482876712328767,0.14812468364244566,0.583276829683675
0.013000000000000001,0.14507253626813407,0.9863945578231292,0.200280767430978,0.295351707116413,0.2529437418229394,0.15922621536498904,0.5933376626270537
0.014,0.14780835881753313,0.9863945578231292,0.21759475900795508,0.31057178116001644,0.2570921985815603,0.1685572460125317,0.6019946584155421
0.015,0.14974093264248706,0.9829931972789115,0.23210107627515209,0.32291238173591114,0.25989208633093525,0.1733832970368727,0.6075471367770318
0.016,0.15274841437632136,0.9829931972789115,0.24988301357042583,0.3385438091320444,0.2644098810612992,0.18278733615054316,0.6164381054246687
0.017,0.15450643776824036,0.9795918367346939,0.2625175479644361,0.34923899629781985,0.2669138090824838,0.18666937217774324,0.621054692349565
0.018000000000000002,0.15631808278867101,0.9761904761904762,0.2751520823584464,0.35993418346359524,0.26948356807511736,0.19061063873383546,0.6256712792744613
0.019,0.15944444444444444,0.9761904761904762,0.29199812821712684,0.3747429041546689,0.27411652340019105,0.1994643630215008,0.6340943022038015
0.02,0.16233031674208145,0.9761904761904762,0.3069723912026205,0.3879062114356232,0.27837051406401553,0.20730717487170727,0.6415814336965483
0.021,0.16408491107286288,0.9727891156462585,0.3182030884417408,0.3973673385438091,0.2808051055473736,0.21062715791317774,0.6454961020439997
0.022,0.1660839160839161,0.9693877551020408,0.33036967711745435,0.4076511723570547,0.2835820895522388,0.21450342128456285,0.6498787161097476
0.023,0.1680473372781065,0.9659863945578231,0.3420683200748713,0.4175236528177705,0.2862903225806452,0.21819828352145504,0.6540273573163472
0.024,0.17087845968712395,0.9659863945578231,0.3551708001871783,0.4290415466886055,0.2903885480572597,0.22517226813009708,0.6605785973725007
0.025,0.1722255912674348,0.9659863945578231,0.3612540945250351,0.4343891402714932,0.2923314462171899,0.2284174374543798,0.6636202445414291
0.026000000000000002,0.17436845348120764,0.9625850340136054,0.37295273748245206,0.444261620732209,0.2952529994783516,0.23224822408220305,0.6677688857480287
0.027,0.17676452217364147,0.9625850340136054,0.38324754328497895,0.45331139448786506,0.2986807387862797,0.2377974073968585,0.6729162886492922
0.028,0.17950350095480586,0.9591836734693877,0.3968179691155826,0.46482928835870013,0.3024128686327078,0.2427675357402803,0.6780008212924852
0.029,0.18276085547634477,0.9591836734693877,0.40992044922788956,0.47634718222953515,0.3070223189983669,0.2499397760942362,0.6845520613486387
0.03,0.18511198945981555,0.95578231292517,0.42115114646700985,0.4858083093377211,0.31015452538631344,0.25378698251494564,0.6884667296960899
0.031,0.18833780160857908,0.95578231292517,0.4333177351427234,0.4965034965034965,0.3146696528555431,0.260567354123567,0.6945500240339467
0.032,0.1906058543226685,0.9523809523809523,0.4436125409452504,0.5051419169066228,0.31764038570618264,0.2640374576274804,0.6979967466631014
0.033,0.19334719334719336,0.9489795918367347,0.4553111839026673,0.5150143973673386,0.32124352331606215,0.26838492680304976,0.702145387869701
0.034,0.1943859649122807,0.9421768707482994,0.4627983153954141,0.520773344302756,0.3222803955788249,0.2681006812039192,0.7024875930718567
0.035,0.19700214132762311,0.9387755102040817,0.4735610669162377,0.5298231180584122,0.3256637168141593,0.272075920856932,0.7061682885601597
0.036000000000000004,0.19971056439942114,0.9387755102040817,0.4824520355638746,0.5376388317564789,0.32935560859188545,0.2773006735004465,0.7106137728839781
0.037,0.19970738844184346,0.9285714285714286,0.4880673841834347,0.5413410119292472,0.32871763997591813,0.2738297185414997,0.7083194063774316
0.038,0.20178041543026706,0.9251700680272109,0.4964904071127749,0.5483340189222542,0.3313032886723508,0.2766174959970127,0.7108302375699929
0.039,0.2042042042042042,0.9251700680272109,0.5039775386055217,0.5549156725627313,0.33456334563345635,0.28114584041447455,0.7145738033163663
0.04,0.20702826585179526,0.9217687074829932,0.5142723444080487,0.5635540929658577,0.33811603243917654,0.28519181243124286,0.718020525945521
0.041,0.2099147947327653,0.9217687074829932,0.5226953673373889,0.5709584533113945,0.3419558359621451,0.29040028819221936,0.722232037410191
0.042,0.21205007824726135,0.9217687074829932,0.5287786616752457,0.5763060468942822,0.34478371501272265,0.2941956885435531,0.7252736845791194
0.043000000000000003,0.21490880253766853,0.9217687074829932,0.5367337388862892,0.5832990538872892,0.3485530546623794,0.2992038030432536,0.7292512231846412
0.044,0.21837228041901693,0.9217687074829932,0.5460926532522228,0.5915261209378856,0.35309446254071664,0.3051643060629167,0.733930680367608
0.045,0.22140522875816993,0.9217687074829932,0.5540477304632663,0.5985191279308927,0.3570487483530962,0.3102923180222834,0.7379082189731297
0.046,0.22583333333333333,0.9217687074829932,0.5652784277023866,0.6083916083916084,0.3627844712182062,0.31763420933231945,0.7435235675926899
0.047,0.2281144781144781,0.9217687074829932,0.5708937763219466,0.6133278486219663,0.3657219973009447,0.32135246359162206,0.7463312419024699
0.048,0.23235800344234078,0.9183673469387755,0.5825924192793636,0.623200329082682,0.3708791208791209,0.3269978512177297,0.7504798831090695
0.049,0.23519163763066203,0.9183673469387755,0.589143659335517,0.6289592760180995,0.37447988904299584,0.3314645741154915,0.7537555031371463
0.05,0.2383053839364519,0.9183673469387755,0.5961628451099672,0.6351295763060469,0.37841625788367206,0.3363059018812141,0.7572650960243714
0.051000000000000004,0.24193548387096775,0.9183673469387755,0.6041179223210108,0.6421225832990539,0.3829787234042553,0.34186528576447617,0.7612426346298932
0.052000000000000005,0.24368231046931407,0.9183673469387755,0.6078614880673842,0.6454134101192924,0.38516405135520687,0.3445091537747175,0.7631144175030798
0.053,0.2456461961503208,0.9115646258503401,0.6148806738418343,0.6507610037021802,0.38700361010830325,0.3451154517810867,0.7632226498460872
0.054,0.25,0.9115646258503401,0.6237716424894713,0.6585767174002468,0.3923865300146413,0.35155677555659015,0.7676681341699056
0.055,0.25475285171102663,0.9115646258503401,0.6331305568554048,0.6668037844508433,0.39821693907875183,0.35845897422883816,0.7723475913528725
0.056,0.25626204238921,0.9047619047619048,0.6387459054749649,0.6709173179761415,0.3993993993993994,0.3582675556068728,0.7717539051184348
0.057,0.259765625,0.9047619047619048,0.6452971455311184,0.6766762649115591,0.40364188163884673,0.36323543910833284,0.7750295251465116
0.058,0.2626362735381566,0.9013605442176871,0.6518483855872719,0.6820238584944467,0.40675364543361475,0.3660747098054744,0.7766044649024795
0.059000000000000004,0.2635270541082164,0.8945578231292517,0.656059897051942,0.6849033319621555,0.4071207430340557,0.3649536776029586,0.7753088600905969
0.06,0.2694672131147541,0.8945578231292517,0.6663547028544688,0.6939531057178115,0.4141732283464567,0.37309090255052585,0.7804562629918603
0.061,0.27481713688610243,0.8945578231292517,0.6752456715021058,0.7017688194158782,0.42046362909672264,0.3802737295638702,0.7849017473156787
0.062,0.2815845824411135,0.8945578231292517,0.6860084230229293,0.7112299465240641,0.42833876221498374,0.3891735989082399,0.7902831230760905
0.063,0.28279569892473116,0.8945578231292517,0.6878802058961161,0.7128753599341835,0.4297385620915033,0.3907453598626737,0.7912190145126838
0.064,0.28494041170097506,0.8945578231292517,0.6911558259241928,0.7157548334018923,0.4322103533278554,0.39351360297553767,0.7928568245267222
0.065,0.28743169398907104,0.8945578231292517,0.6948993916705662,0.7190456602221308,0.43507030603804797,0.3967053581112559,0.7947286073999089
0.066,0.28822882288228824,0.891156462585034,0.6972391202620496,0.7206910736322502,0.43557772236076475,0.3965117506877658,0.7941977914235419
0.067,0.29208472686733555,0.891156462585034,0.7028544688816097,0.7256273138626079,0.4399664147774979,0.40138529911843657,0.7970054657333219
0.068,0.2939189189189189,0.8877551020408163,0.7065980346279832,0.7285067873303167,0.4416243654822335,0.402467706982896,0.7971765683343998
0.069,0.2995391705069124,0.8843537414965986,0.71548900327562,0.7359111476758535,0.4475043029259897,0.40820092548432624,0.7999213723861094
0.07,0.3033838973162194,0.8843537414965986,0.7206364061768835,0.7404360345536816,0.45178105994787143,0.41288723238399755,0.8024950738367411
0.07100000000000001,0.30660377358490565,0.8843537414965986,0.7248479176415535,0.74413821472645,0.4553415061295972,0.41677208264607435,0.8046008295690761
0.07200000000000001,0.31026252983293556,0.8843537414965986,0.7295273748245203,0.7482517482517482,0.45936395759717313,0.42114369507148114,0.8069405581605595
0.073,0.31363088057901084,0.8843537414965986,0.7337388862891905,0.7519539284245167,0.4630454140694568,0.4251292325632805,0.8090463138928945
0.074,0.31456548347613217,0.8741496598639455,0.7379503977538605,0.7544220485396956,0.46264626462646263,0.42250859993776174,0.806050028808903
0.075,0.3172839506172839,0.8741496598639455,0.7412260177819373,0.7573015220074044,0.46557971014492755,0.4256790105544932,0.8076878388229414
0.076,0.31925465838509315,0.8741496598639455,0.7435657463734207,0.7593582887700535,0.467697907188353,0.42796292639204375,0.8088577031186831
0.077,0.3216520650813517,0.8741496598639455,0.7463734206832008,0.7618264088852325,0.47026532479414457,0.43072531697485533,0.8102615402735731
0.078,0.32655654383735705,0.8741496598639455,0.7519887693027609,0.7667626491155903,0.47548566142460685,0.4363229057799578,0.8130692145833532
0.079,0.3299101412066752,0.8741496598639455,0.7557323350491343,0.7700534759358288,0.4790307548928239,0.44011013549436256,0.8149409974565399
0.08,0.33550913838120106,0.8741496598639455,0.7618156293869911,0.7754010695187166,0.4849056603773585,0.44636263760935335,0.8179826446254683
0.081,0.3422103861517976,0.8741496598639455,0.7688348151614413,0.781571369806664,0.49186602870813395,0.4537345015351188,0.8214922375126934
0.082,0.34185733512786004,0.8639455782312925,0.7711745437529247,0.7823940765117235,0.48987463837994216,0.44952222695897914,0.8175600609921085
0.083,0.34375,0.8605442176870748,0.7739822180627047,0.7844508432743726,0.4912621359223301,0.4502999391844868,0.8172632178748898
0.084,0.34610123119015046,0.8605442176870748,0.7763219466541881,0.7865076100370219,0.49365853658536585,0.45283600807198465,0.8184330821706314
0.085,0.3475274725274725,0.8605442176870748,0.7777257838090782,0.7877416700946113,0.49510763209393344,0.4543675902354495,0.8191350007480764
0.08600000000000001,0.34854771784232363,0.8571428571428571,0.7795975666822649,0.7889757301522008,0.49557522123893805,0.4541771352420379,0.818370211912561
0.08700000000000001,0.3500697350069735,0.8537414965986394,0.7819372952737482,0.79062114356232,0.49653808110781406,0.4545154620663199,0.8178393959361938
0.088,0.35252808988764045,0.8537414965986394,0.7842770238652317,0.7926779103249691,0.4990059642147117,0.45712110911742265,0.8190092602319355
0.089,0.35704125177809387,0.8537414965986394,0.7884885353299017,0.7963800904977375,0.5035105315947843,0.46186707601934496,0.8211150159642706
0.09,0.35959885386819485,0.8537414965986394,0.7908282639213852,0.7984368572603867,0.5060483870967742,0.46453544879197656,0.8222848802600122
0.091,0.36324167872648333,0.8537414965986394,0.7941038839494619,0.8013163307280954,0.5096446700507614,0.4683102300158112,0.8239226902740506
0.092,0.36642335766423356,0.8537414965986394,0.796911558259242,0.8037844508432743,0.5127681307456589,0.47158284050142874,0.8253265274289407
0.093,0.368107302533532,0.8401360544217688,0.8015910154422087,0.8062525709584533,0.5119170984455959,0.4680677204676491,0.8208635349319887
0.094,0.37142857142857144,0.8401360544217688,0.8043986897519888,0.8087206910736322,0.5151199165797706,0.4714287749310182,0.8222673720868787
0.095,0.37404580152671757,0.8333333333333334,0.8081422554983622,0.8111888111888111,0.5163329820864068,0.4714264327526773,0.8207377944158478
0.096,0.3746130030959752,0.8231292517006803,0.8109499298081423,0.8124228712464007,0.5148936170212766,0.46804116476046304,0.8170395907544112
0.097,0.374805598755832,0.8197278911564626,0.8118858212447356,0.8128342245989305,0.5144076840981857,0.466915436945247,0.8158068562005991
0.098,0.3763779527559055,0.8129251700680272,0.8146934955545156,0.8144796380090498,0.5145317545748116,0.4658346063547829,0.8138093328112714
0.099,0.38057324840764334,0.8129251700680272,0.8179691155825924,0.8173591114767585,0.5184381778741866,0.46995344207019735,0.8154471428253098
0.1,0.3832528180354267,0.8095238095238095,0.8207767898923725,0.8194158782394076,0.5202185792349727,0.4712361063363664,0.815150299708091
0.101,0.3847402597402597,0.8061224489795918,0.8226485727655592,0.8206499382969972,0.5208791208791209,0.4713459433025229,0.8143855108725755
0.10200000000000001,0.3910891089108911,0.8061224489795918,0.827328029948526,0.8247634718222954,0.5266666666666666,0.47744225057219986,0.816725239464059
0.10300000000000001,0.39267886855241263,0.8027210884353742,0.8291998128217127,0.8259975318798848,0.5273743016759777,0.4776126991423605,0.8159604506285434
0.10400000000000001,0.3953098827470687,0.8027210884353742,0.8310715956948994,0.8276429452900042,0.5297418630751964,0.48010509725343187,0.8168963420651367
0.105,0.3993231810490694,0.8027210884353742,0.8338792700046794,0.8301110654051831,0.5333333333333333,0.48388276447934303,0.8183001792200268
0.106,0.40273037542662116,0.8027210884353742,0.8362189985961629,0.8321678321678322,0.5363636363636364,0.4870674077478303,0.8194700435157685
0.107,0.4054982817869416,0.8027210884353742,0.8380907814693496,0.8338132455779514,0.5388127853881278,0.4896395905223565,0.8204059349523618
0.108,0.41043478260869565,0.8027210884353742,0.8413664014974263,0.8366927190456602,0.5431530494821634,0.49419447068046946,0.8220437449664002
0.109,0.4134275618374558,0.7959183673469388,0.844642021525503,0.8387494858083093,0.5441860465116279,0.4941836489123392,0.8202801944362209
0.11,0.41935483870967744,0.7959183673469388,0.8483855872718764,0.842040312628548,0.5492957746478874,0.49955203802635756,0.8221519773094076
0.111,0.42162162162162165,0.7959183673469388,0.8497894244267665,0.8432743726861374,0.5512367491166078,0.5015902023863612,0.8228538958868526
0.112,0.42363636363636364,0.7925170068027211,0.8516612072999532,0.8445084327437269,0.5521327014218009,0.5020028893537443,0.8220891070513372
0.113,0.4251824817518248,0.7925170068027211,0.8525970987365465,0.8453311394487865,0.5534441805225653,0.5033812385245833,0.8225570527696338
0.114,0.4267399267399267,0.7925170068027211,0.8535329901731399,0.8461538461538461,0.5547619047619048,0.5047659563131596,0.8230249984879305
0.115,0.42830882352941174,0.7925170068027211,0.8544688816097332,0.8469765528589058,0.5560859188544153,0.5061571016557423,0.8234929442062271
0.116,0.4301675977653631,0.7857142857142857,0.8568086102012167,0.8482106129164952,0.555956678700361,0.5049953791331255,0.8212614479577511
0.117,0.4342105263157895,0.7857142857142857,0.8591483387927,0.8502673796791443,0.559322033898305,0.5085396668933189,0.8224313122534929
0.11800000000000001,0.4350282485875706,0.7857142857142857,0.8596162845109967,0.8506787330316742,0.56,0.5092535955760417,0.8226652851126413
0.11900000000000001,0.43667296786389415,0.7857142857142857,0.86055217594759,0.8515014397367339,0.5613608748481167,0.5106865883170454,0.8231332308309378
0.12,0.43833017077798864,0.7857142857142857,0.8614880673841835,0.8523241464417936,0.5627283800243605,0.5121264826381656,0.8236011765492346
0.121,0.44061302681992337,0.782312925170068,0.8633598502573702,0.853558206499383,0.5637254901960784,0.5126844975179342,0.822836387713719
0.122,0.4437984496124031,0.7789115646258503,0.8656995788488535,0.8552036199095022,0.5654320987654321,0.514001628860027,0.822305571737352
0.123,0.44881889763779526,0.7755102040816326,0.8689751988769303,0.8576717400246812,0.5685785536159601,0.5168535617416427,0.8222427014792815
0.124,0.4503968253968254,0.7721088435374149,0.8703790360318203,0.8584944467297408,0.568922305764411,0.5167550624343458,0.8212439397846176
0.125,0.4530938123752495,0.7721088435374149,0.8717828731867103,0.8597285067873304,0.5710691823899371,0.5190285493690762,0.8219458583620627
0.126,0.454,0.7721088435374149,0.872250818905007,0.8601398601398601,0.5717884130982368,0.5197902543408438,0.822179831221211
0.127,0.45564516129032256,0.7687074829931972,0.873654656059897,0.8609625668449198,0.5721518987341773,0.5197261142293289,0.8211810695265471
0.128,0.45918367346938777,0.7653061224489796,0.8759943846513805,0.862607980255039,0.5739795918367347,0.5212267569234765,0.8206502535501801
0.129,0.4620123203285421,0.7653061224489796,0.8773982218062705,0.8638420403126286,0.5761843790012804,0.5235697551084362,0.821352172127625
0.13,0.45867768595041325,0.7551020408163265,0.8773982218062705,0.862607980255039,0.570694087403599,0.5164532085315293,0.8162501313112984
0.131,0.4605809128630705,0.7551020408163265,0.8783341132428638,0.8634306869600987,0.5721649484536082,0.5180233489173626,0.8167180770295952
0.132,0.46346555323590816,0.7551020408163265,0.8797379503977538,0.8646647470176881,0.574385510996119,0.520394310653169,0.8174199956070402
0.133,0.46540880503144655,0.7551020408163265,0.8806738418343473,0.8654874537227478,0.5758754863813229,0.5219855810813789,0.8178879413253368
0.134,0.46511627906976744,0.7482993197278912,0.8816097332709406,0.8654874537227478,0.5736636245110821,0.5188201826156635,0.8149545264994159
0.135,0.4661016949152542,0.7482993197278912,0.8820776789892373,0.8658988070752777,0.5744125326370757,0.5196226424991938,0.8151884993585643
0.136,0.4700854700854701,0.7482993197278912,0.883949461862424,0.8675442204853969,0.5774278215223098,0.5228545010438479,0.8161243907951576
0.137,0.4676724137931034,0.7380952380952381,0.8844174075807206,0.8667215137803373,0.5725593667546174,0.5164912092101959,0.8112563228379794
0.138,0.468682505399568,0.7380952380952381,0.8848853532990173,0.8671328671328671,0.5733157199471598,0.5173058627555914,0.8114902956971277
0.139,0.468682505399568,0.7380952380952381,0.8848853532990173,0.8671328671328671,0.5733157199471598,0.5173058627555914,0.8114902956971277
0.14,0.4717391304347826,0.7380952380952381,0.8862891904539073,0.8683669271904566,0.5755968169761273,0.5197634805880923,0.8121922142745728
0.14100000000000001,0.4737991266375546,0.7380952380952381,0.8872250818905008,0.8691896338955163,0.5771276595744681,0.5214133976417368,0.8126601599928694
0.14200000000000002,0.47692307692307695,0.7380952380952381,0.8886289190453908,0.8704236939531057,0.5794392523364486,0.5239057835481225,0.8133620785703144
0.14300000000000002,0.4778761061946903,0.7346938775510204,0.8895648104819841,0.8708350473056355,0.579088471849866,0.5231767155468389,0.8121293440165023
0.14400000000000002,0.4789356984478936,0.7346938775510204,0.8900327562002808,0.8712464006581654,0.5798657718120805,0.5240166443223939,0.8123633168756506
0.145,0.4799107142857143,0.7312925170068028,0.8909686476368741,0.8716577540106952,0.5795148247978437,0.52329701769377,0.8111305823218384
0.146,0.4799107142857143,0.7312925170068028,0.8909686476368741,0.8716577540106952,0.5795148247978437,0.52329701769377,0.8111305823218384
0.147,0.4820627802690583,0.7312925170068028,0.8919045390734675,0.8724804607157548,0.581081081081081,0.5249931471334489,0.8115985280401351
0.148,0.48314606741573035,0.7312925170068028,0.8923724847917641,0.8728918140682846,0.5818673883626523,0.5258449072177651,0.8118325008992835
0.149,0.48423423423423423,0.7312925170068028,0.8928404305100608,0.8733031674208145,0.5826558265582655,0.5266991493494416,0.8120664737584318
0.15,0.4852607709750567,0.7278911564625851,0.8937763219466542,0.8737145207733443,0.582312925170068,0.5260030251239054,0.8108337392046197
0.151,0.48853211009174313,0.7244897959183674,0.8956481048198409,0.8749485808309337,0.5835616438356165,0.5270471951232953,0.8100689503691041
0.152,0.4896551724137931,0.7244897959183674,0.8961160505381376,0.8753599341834636,0.5843621399176955,0.5279185127962365,0.8103029232282525
0.153,0.49417249417249415,0.7210884353741497,0.8984557791296209,0.8770053475935828,0.5864453665283541,0.5298922276026232,0.8097721072518853
0.154,0.4953271028037383,0.7210884353741497,0.8989237248479176,0.8774167009461127,0.5872576177285319,0.5307790520491333,0.8100060801110336
0.155,0.49765258215962443,0.7210884353741497,0.8998596162845109,0.8782394076511724,0.5888888888888889,0.5325608130824825,0.8104740258293304
0.156,0.49765258215962443,0.7210884353741497,0.8998596162845109,0.8782394076511724,0.5888888888888889,0.5325608130824825,0.8104740258293304
0.157,0.49528301886792453,0.7142857142857143,0.8998596162845109,0.8774167009461127,0.584958217270195,0.5277040969638168,0.8070726652851126
0.158,0.49645390070921985,0.7142857142857143,0.9003275620028077,0.8778280542986425,0.5857740585774058,0.5285983773081275,0.8073066381442611
0.159,0.498812351543943,0.7142857142857143,0.9012634534394011,0.8786507610037022,0.5874125874125874,0.5303952158660356,0.8077745838625576
0.16,0.5,0.7108843537414966,0.9021993448759944,0.879062114356232,0.5870786516853933,0.5297679329010603,0.8065418493087455
0.161,0.5024038461538461,0.7108843537414966,0.9031352363125877,0.8798848210612916,0.5887323943661972,0.5315865243407264,0.8070097950270422
0.162,0.5060827250608273,0.7074829931972789,0.9050070191857744,0.8811188811188811,0.5900709219858156,0.5328173299372526,0.8062450061915267
0.163,0.5061124694376528,0.7040816326530612,0.9054749649040711,0.8811188811188811,0.5889046941678521,0.5312974517133678,0.8047782987785661
0.164,0.5073529411764706,0.7040816326530612,0.9059429106223678,0.881530234471411,0.5897435897435898,0.5322249278924946,0.8050122716377145
0.165,0.5085995085995086,0.7040816326530612,0.9064108563406644,0.8819415878239407,0.5905848787446505,0.5331553759780835,0.8052462444968629
0.166,0.5098522167487685,0.7040816326530612,0.9068788020589612,0.8823529411764706,0.5914285714285714,0.5340888142016714,0.8054802173560112
0.167,0.5123762376237624,0.7040816326530612,0.9078146934955545,0.8831756478815302,0.5931232091690545,0.5359647347699211,0.8059481630743079
0.168,0.5123762376237624,0.7040816326530612,0.9078146934955545,0.8831756478815302,0.5931232091690545,0.5359647347699211,0.8059481630743079
0.169,0.5123762376237624,0.7040816326530612,0.9078146934955545,0.8831756478815302,0.5931232091690545,0.5359647347699211,0.8059481630743079
0.17,0.5149253731343284,0.7040816326530612,0.9087505849321479,0.8839983545865899,0.5948275862068966,0.5378528385976074,0.8064161087926045
0.171,0.516209476309227,0.7040816326530612,0.9092185306504446,0.8844097079391197,0.5956834532374101,0.5388015064996188,0.8066500816517529
0.17200000000000001,0.516209476309227,0.7040816326530612,0.9092185306504446,0.8844097079391197,0.5956834532374101,0.5388015064996188,0.8066500816517529
0.17300000000000001,0.515,0.7006802721088435,0.9092185306504446,0.8839983545865899,0.5936599423631124,0.536350574018318,0.8049494013796441
0.17400000000000002,0.5176767676767676,0.6972789115646258,0.9106223678053346,0.8848210612916495,0.5942028985507246,0.5367588131477056,0.8039506396849803
0.17500000000000002,0.5204081632653061,0.6938775510204082,0.9120262049602246,0.8856437679967092,0.5947521865889213,0.537190006260466,0.8029518779903164
0.176,0.5257731958762887,0.6938775510204082,0.9138979878334114,0.8872891814068284,0.5982404692082112,0.5410894885558788,0.8038877694269098
0.177,0.5284974093264249,0.6938775510204082,0.9148338792700047,0.8881118881118881,0.6,0.5430590739828083,0.8043557151452064
0.178,0.5298701298701298,0.6938775510204082,0.9153018249883014,0.888523241464418,0.6008836524300442,0.5440489025213529,0.8045896880043548
0.179,0.5326370757180157,0.6938775510204082,0.9162377164248947,0.8893459481694775,0.6026587887740029,0.5460387402136191,0.8050576337226514
0.18,0.5354330708661418,0.6938775510204082,0.917173607861488,0.8901686548745372,0.6044444444444445,0.548042299656562,0.8055255794409482
0.181,0.5370370370370371,0.6904761904761905,0.9181094992980814,0.8905800082270671,0.6041666666666666,0.5475922435365544,0.8042928448871359
0.182,0.5384615384615384,0.6904761904761905,0.9185774450163781,0.8909913615795969,0.6050670640834576,0.5486060231702654,0.8045268177462843
0.183,0.5398936170212766,0.6904761904761905,0.9190453907346747,0.8914027149321267,0.6059701492537314,0.5496233538863101,0.8047607906054326
0.184,0.5427807486631016,0.6904761904761905,0.9199812821712682,0.8922254216371863,0.6077844311377245,0.5516687629506871,0.8052287363237294
0.185,0.5427807486631016,0.6904761904761905,0.9199812821712682,0.8922254216371863,0.6077844311377245,0.5516687629506871,0.8052287363237294
0.186,0.5427807486631016,0.6904761904761905,0.9199812821712682,0.8922254216371863,0.6077844311377245,0.5516687629506871,0.8052287363237294
0.187,0.5403225806451613,0.6836734693877551,0.9199812821712682,0.8914027149321267,0.6036036036036037,0.5467199308069504,0.8018273757795116
0.188,0.5432432432432432,0.6836734693877551,0.9209171736078615,0.8922254216371863,0.6054216867469879,0.5487790074422563,0.8022953214978084
0.189,0.5432432432432432,0.6836734693877551,0.9209171736078615,0.8922254216371863,0.6054216867469879,0.5487790074422563,0.8022953214978084
0.19,0.5432432432432432,0.6836734693877551,0.9209171736078615,0.8922254216371863,0.6054216867469879,0.5487790074422563,0.8022953214978084
0.191,0.5447154471544715,0.6836734693877551,0.9213851193261582,0.8926367749897162,0.6063348416289592,0.54981406157903,0.8025292943569566
0.192,0.5461956521739131,0.6836734693877551,0.9218530650444549,0.893048128342246,0.6072507552870091,0.5508528260355074,0.8027632672161049
0.193,0.5491803278688525,0.6836734693877551,0.9227889564810482,0.8938708350473057,0.6090909090909091,0.5529415866385115,0.8032312129344017
0.194,0.5509641873278237,0.6802721088435374,0.9237248479176415,0.8942821883998354,0.60882800608828,0.5525633767314783,0.8019984783805895
0.195,0.5484764542936288,0.673469387755102,0.9237248479176415,0.8934594816947758,0.6045801526717557,0.5475865341235495,0.7985971178363718
0.196,0.5502793296089385,0.6700680272108843,0.9246607393542349,0.8938708350473057,0.6042944785276073,0.5472095994509006,0.7973643832825597
0.197,0.5533707865168539,0.6700680272108843,0.9255966307908282,0.8946935417523653,0.6061538461538462,0.5493431456819836,0.7978323290008562
0.198,0.5596590909090909,0.6700680272108843,0.927468413664015,0.8963389551624846,0.6099071207430341,0.5536582119718935,0.7987682204374497
0.199,0.5596590909090909,0.6700680272108843,0.927468413664015,0.8963389551624846,0.6099071207430341,0.5536582119718935,0.7987682204374497
0.2,0.5596590909090909,0.6700680272108843,0.927468413664015,0.8963389551624846,0.6099071207430341,0.5536582119718935,0.7987682204374497
0.201,0.5584045584045584,0.6666666666666666,0.927468413664015,0.8959276018099548,0.6077519379844961,0.5511577218378044,0.7970675401653409
0.202,0.5587392550143266,0.6632653061224489,0.9279363593823117,0.8959276018099548,0.6065318818040435,0.5497414695926878,0.7956008327523802
0.203,0.5587392550143266,0.6632653061224489,0.9279363593823117,0.8959276018099548,0.6065318818040435,0.5497414695926878,0.7956008327523802
0.20400000000000001,0.5603448275862069,0.6632653061224489,0.9284043051006083,0.8963389551624846,0.6074766355140186,0.5508342464491346,0.7958348056115286
0.20500000000000002,0.5635838150289018,0.6632653061224489,0.9293401965372017,0.8971616618675442,0.609375,0.5530323381069704,0.7963027513298253
0.20600000000000002,0.5635838150289018,0.6632653061224489,0.9293401965372017,0.8971616618675442,0.609375,0.5530323381069704,0.7963027513298253
0.20700000000000002,0.5652173913043478,0.6632653061224489,0.9298081422554983,0.897573015220074,0.6103286384976526,0.5541377130368633,0.7965367241889736
0.20800000000000002,0.5652173913043478,0.6632653061224489,0.9298081422554983,0.897573015220074,0.6103286384976526,0.5541377130368633,0.7965367241889736
0.209,0.5668604651162791,0.6632653061224489,0.930276087973795,0.8979843685726039,0.6112852664576802,0.5552473479579453,0.796770697048122
0.21,0.5685131195335277,0.6632653061224489,0.9307440336920917,0.8983957219251337,0.6122448979591837,0.5563612736977056,0.7970046699072704
0.211,0.5718475073313783,0.6632653061224489,0.931679925128685,0.8992184286301933,0.6141732283464567,0.5586021225098348,0.7974726156255669
0.212,0.5705882352941176,0.6598639455782312,0.931679925128685,0.8988070752776635,0.61198738170347,0.5560916962935374,0.7957719353534581
0.213,0.5705882352941176,0.6598639455782312,0.931679925128685,0.8988070752776635,0.61198738170347,0.5560916962935374,0.7957719353534581
0.214,0.5727002967359051,0.6564625850340136,0.9326158165652785,0.8992184286301933,0.6117274167987322,0.555834803950953,0.794539200799646
0.215,0.5727002967359051,0.6564625850340136,0.9326158165652785,0.8992184286301933,0.6117274167987322,0.555834803950953,0.794539200799646
0.216,0.5744047619047619,0.6564625850340136,0.9330837622835751,0.8996297819827231,0.6126984126984127,0.556970543016668,0.7947731736587944
0.217,0.5778443113772455,0.6564625850340136,0.9340196537201685,0.9004524886877828,0.6146496815286624,0.5592555678581075,0.795241119377091
0.218,0.5783132530120482,0.6530612244897959,0.9344875994384652,0.9004524886877828,0.6134185303514377,0.55788492531772,0.7937744119641306
0.219,0.5818181818181818,0.6530612244897959,0.9354234908750585,0.9012751953928424,0.6153846153846154,0.5601974371025878,0.7942423576824271
0.22,0.5853658536585366,0.6530612244897959,0.9363593823116518,0.9020979020979021,0.617363344051447,0.5625286979275007,0.7947103034007239
0.221,0.5876923076923077,0.6496598639455783,0.9372952737482452,0.9025092554504319,0.617124394184168,0.5623542358940078,0.7934775688469118
0.222,0.5913312693498453,0.6496598639455783,0.9382311651848385,0.9033319621554916,0.6191247974068071,0.564723934934955,0.7939455145652083
0.223,0.5913312693498453,0.6496598639455783,0.9382311651848385,0.9033319621554916,0.6191247974068071,0.564723934934955,0.7939455145652083
0.224,0.593167701863354,0.6496598639455783,0.9386991109031352,0.9037433155080213,0.6201298701298701,0.5659161437901029,0.7941794874243567
0.225,0.59375,0.6462585034013606,0.939167056621432,0.9037433155080213,0.6188925081433225,0.5645839144843994,0.7927127800113962
0.226,0.59375,0.6462585034013606,0.939167056621432,0.9037433155080213,0.6188925081433225,0.5645839144843994,0.7927127800113962
0.227,0.5993690851735016,0.6462585034013606,0.940570893776322,0.9049773755656109,0.6219312602291326,0.5682058037431374,0.7934146985888413
0.228,0.5993690851735016,0.6462585034013606,0.940570893776322,0.9049773755656109,0.6219312602291326,0.5682058037431374,0.7934146985888413
0.229,0.6012658227848101,0.6462585034013606,0.9410388394946186,0.9053887289181407,0.6229508196721312,0.5694233015769664,0.7936486714479896
0.23,0.6012658227848101,0.6462585034013606,0.9410388394946186,0.9053887289181407,0.6229508196721312,0.5694233015769664,0.7936486714479896
0.231,0.6038338658146964,0.6428571428571429,0.941974730931212,0.9058000822706705,0.6227347611202636,0.5693401528432097,0.7924159368941774
0.232,0.6038338658146964,0.6428571428571429,0.941974730931212,0.9058000822706705,0.6227347611202636,0.5693401528432097,0.7924159368941774
0.233,0.6057692307692307,0.6428571428571429,0.9424426766495086,0.9062114356232003,0.6237623762376238,0.5705734263105113,0.7926499097533257
0.234,0.6077170418006431,0.6428571428571429,0.9429106223678053,0.9066227889757301,0.6247933884297521,0.5718120064785857,0.7928838826124741
0.23500000000000001,0.6096774193548387,0.6428571428571429,0.943378568086102,0.90703414232826,0.6258278145695364,0.5730559357801394,0.7931178554716225
0.23600000000000002,0.6136363636363636,0.6428571428571429,0.9443144595226953,0.9078568490333196,0.627906976744186,0.5755600139034557,0.7935858011899191
0.23700000000000002,0.6136363636363636,0.6428571428571429,0.9443144595226953,0.9078568490333196,0.627906976744186,0.5755600139034557,0.7935858011899191
0.23800000000000002,0.6156351791530945,0.6428571428571429,0.944782405240992,0.9082682023858495,0.6289517470881864,0.5768202500004834,0.7938197740490675
0.23900000000000002,0.6156351791530945,0.6428571428571429,0.944782405240992,0.9082682023858495,0.6289517470881864,0.5768202500004834,0.7938197740490675
0.24,0.618421052631579,0.6394557823129252,0.9457182966775854,0.9086795557383792,0.6287625418060201,0.5768202119713736,0.7925870394952553
0.241,0.618421052631579,0.6394557823129252,0.9457182966775854,0.9086795557383792,0.6287625418060201,0.5768202119713736,0.7925870394952553
0.242,0.618421052631579,0.6394557823129252,0.9457182966775854,0.9086795557383792,0.6287625418060201,0.5768202119713736,0.7925870394952553
0.243,0.618421052631579,0.6394557823129252,0.9457182966775854,0.9086795557383792,0.6287625418060201,0.5768202119713736,0.7925870394952553
0.244,0.6204620462046204,0.6394557823129252,0.9461862423958821,0.9090909090909091,0.6298157453936348,0.5780974233173457,0.7928210123544037
0.245,0.6225165562913907,0.6394557823129252,0.9466541881141788,0.9095022624434389,0.6308724832214765,0.5793803121341512,0.793054985213552
0.246,0.6287625418060201,0.6394557823129252,0.9480580252690688,0.9107363225010284,0.6340640809443507,0.5832635135332642,0.7937569037909971
0.247,0.6308724832214765,0.6394557823129252,0.9485259709873655,0.9111476758535582,0.6351351351351351,0.5845695850928151,0.7939908766501453
0.248,0.632996632996633,0.6394557823129252,0.9489939167056621,0.911559029206088,0.6362098138747885,0.585881573317491,0.7942248495092936
0.249,0.6351351351351351,0.6394557823129252,0.9494618624239588,0.9119703825586178,0.6372881355932203,0.5871995277341997,0.794458822368442
0.25,0.6338983050847458,0.6360544217687075,0.9494618624239588,0.911559029206088,0.634974533106961,0.5846598518091529,0.7927581420963332
0.251,0.6338983050847458,0.6360544217687075,0.9494618624239588,0.911559029206088,0.634974533106961,0.5846598518091529,0.7927581420963332
0.252,0.6338983050847458,0.6360544217687075,0.9494618624239588,0.911559029206088,0.634974533106961,0.5846598518091529,0.7927581420963332
0.253,0.6338983050847458,0.6360544217687075,0.9494618624239588,0.911559029206088,0.634974533106961,0.5846598518091529,0.7927581420963332
0.254,0.6338983050847458,0.6360544217687075,0.9494618624239588,0.911559029206088,0.634974533106961,0.5846598518091529,0.7927581420963332
0.255,0.6338983050847458,0.6360544217687075,0.9494618624239588,0.911559029206088,0.634974533106961,0.5846598518091529,0.7927581420963332
0.256,0.6338983050847458,0.6360544217687075,0.9494618624239588,0.911559029206088,0.634974533106961,0.5846598518091529,0.7927581420963332
0.257,0.6338983050847458,0.6360544217687075,0.9494618624239588,0.911559029206088,0.634974533106961,0.5846598518091529,0.7927581420963332
0.258,0.6360544217687075,0.6360544217687075,0.9499298081422555,0.9119703825586178,0.6360544217687075,0.585984229910963,0.7929921149554815
0.259,0.6382252559726962,0.6360544217687075,0.9503977538605521,0.9123817359111477,0.637137989778535,0.587314695186944,0.7932260878146298
0.26,0.6382252559726962,0.6360544217687075,0.9503977538605521,0.9123817359111477,0.637137989778535,0.587314695186944,0.7932260878146298
0.261,0.6448275862068965,0.6360544217687075,0.9518015910154423,0.9136157959687371,0.6404109589041096,0.5913431336034698,0.7939280063920748
0.262,0.6448275862068965,0.6360544217687075,0.9518015910154423,0.9136157959687371,0.6404109589041096,0.5913431336034698,0.7939280063920748
0.263,0.6448275862068965,0.6360544217687075,0.9518015910154423,0.9136157959687371,0.6404109589041096,0.5913431336034698,0.7939280063920748
0.264,0.6448275862068965,0.6360544217687075,0.9518015910154423,0.9136157959687371,0.6404109589041096,0.5913431336034698,0.7939280063920748
0.265,0.6470588235294118,0.6360544217687075,0.9522695367337389,0.9140271493212669,0.6415094339622641,0.5926984702377275,0.7941619792512232
0.266,0.656140350877193,0.6360544217687075,0.9541413196069256,0.9156725627313863,0.6459412780656304,0.598183884903351,0.7950978706878166
0.267,0.6549295774647887,0.6326530612244898,0.9541413196069256,0.9152612093788565,0.643598615916955,0.5956438751618511,0.7933971904157078
0.268,0.6549295774647887,0.6326530612244898,0.9541413196069256,0.9152612093788565,0.643598615916955,0.5956438751618511,0.7933971904157078
0.269,0.657243816254417,0.6326530612244898,0.9546092653252223,0.9156725627313863,0.6447140381282496,0.5970321403077687,0.793631163274856
0.27,0.657243816254417,0.6326530612244898,0.9546092653252223,0.9156725627313863,0.6447140381282496,0.5970321403077687,0.793631163274856
0.271,0.657243816254417,0.6326530612244898,0.9546092653252223,0.9156725627313863,0.6447140381282496,0.5970321403077687,0.793631163274856
0.272,0.6595744680851063,0.6326530612244898,0.955077211043519,0.916083916083916,0.6458333333333334,0.5984270619951634,0.7938651361340043
0.273,0.6595744680851063,0.6326530612244898,0.955077211043519,0.916083916083916,0.6458333333333334,0.5984270619951634,0.7938651361340043
0.274,0.6619217081850534,0.6326530612244898,0.9555451567618156,0.9164952694364459,0.6469565217391304,0.5998286988952194,0.7940991089931527
0.275,0.6666666666666666,0.6326530612244898,0.956481048198409,0.9173179761415056,0.6492146596858639,0.6026523566668838,0.7945670547114494
0.276,0.6690647482014388,0.6326530612244898,0.9569489939167056,0.9177293294940354,0.6503496503496503,0.6040744985649598,0.7948010275705977
0.277,0.6690647482014388,0.6326530612244898,0.9569489939167056,0.9177293294940354,0.6503496503496503,0.6040744985649598,0.7948010275705977
0.278,0.6690647482014388,0.6326530612244898,0.9569489939167056,0.9177293294940354,0.6503496503496503,0.6040744985649598,0.7948010275705977
0.279,0.6714801444043321,0.6326530612244898,0.9574169396350023,0.9181406828465652,0.6514886164623468,0.6055035977526875,0.7950350004297461
0.28,0.6739130434782609,0.6326530612244898,0.957884885353299,0.918552036199095,0.6526315789473685,0.6069397166575254,0.7952689732888945
0.281,0.6727272727272727,0.6292517006802721,0.957884885353299,0.9181406828465652,0.6502636203866432,0.6043998451159419,0.7935682930167856
0.28200000000000003,0.6727941176470589,0.6224489795918368,0.9583528310715957,0.9177293294940354,0.6466431095406361,0.6007490804603847,0.7904009053317163
0.28300000000000003,0.6777777777777778,0.6224489795918368,0.9592887225081891,0.918552036199095,0.648936170212766,0.6036620467189558,0.7908688510500129
0.28400000000000003,0.6777777777777778,0.6224489795918368,0.9592887225081891,0.918552036199095,0.648936170212766,0.6036620467189558,0.7908688510500129
0.28500000000000003,0.6753731343283582,0.6156462585034014,0.9592887225081891,0.9177293294940354,0.6441281138790036,0.5985480261659473,0.7874674905057952
0.28600000000000003,0.6779026217228464,0.6156462585034014,0.9597566682264858,0.9181406828465652,0.6452762923351159,0.6000172469242394,0.7877014633649435
0.28700000000000003,0.6779026217228464,0.6156462585034014,0.9597566682264858,0.9181406828465652,0.6452762923351159,0.6000172469242394,0.7877014633649435
0.28800000000000003,0.6779026217228464,0.6156462585034014,0.9597566682264858,0.9181406828465652,0.6452762923351159,0.6000172469242394,0.7877014633649435
0.289,0.6779026217228464,0.6156462585034014,0.9597566682264858,0.9181406828465652,0.6452762923351159,0.6000172469242394,0.7877014633649435
0.29,0.6779026217228464,0.6156462585034014,0.9597566682264858,0.9181406828465652,0.6452762923351159,0.6000172469242394,0.7877014633649435
0.291,0.6804511278195489,0.6156462585034014,0.9602246139447824,0.918552036199095,0.6464285714285715,0.6014939592208265,0.7879354362240919
0.292,0.6804511278195489,0.6156462585034014,0.9602246139447824,0.918552036199095,0.6464285714285715,0.6014939592208265,0.7879354362240919
0.293,0.6804511278195489,0.6156462585034014,0.9602246139447824,0.918552036199095,0.6464285714285715,0.6014939592208265,0.7879354362240919
0.294,0.6830188679245283,0.6156462585034014,0.9606925596630791,0.9189633895516248,0.6475849731663685,0.6029782330398449,0.7881694090832403
0.295,0.688212927756654,0.6156462585034014,0.9616284510996724,0.9197860962566845,0.6499102333931778,0.6059697497995267,0.7886373548015368
0.296,0.688212927756654,0.6156462585034014,0.9616284510996724,0.9197860962566845,0.6499102333931778,0.6059697497995267,0.7886373548015368
0.297,0.6908396946564885,0.6156462585034014,0.9620963968179691,0.9201974496092143,0.6510791366906474,0.6074771373736272,0.7888713276606852
0.298,0.6988416988416989,0.6156462585034014,0.9635002339728591,0.9214315096668038,0.6546112115732369,0.6120467050134246,0.7895732462381302
0.299,0.7015503875968992,0.6156462585034014,0.9639681796911558,0.9218428630193336,0.6557971014492754,0.613585948378345,0.7898072190972786
0.3,0.7015503875968992,0.6156462585034014,0.9639681796911558,0.9218428630193336,0.6557971014492754,0.613585948378345,0.7898072190972786
0.301,0.7015503875968992,0.6156462585034014,0.9639681796911558,0.9218428630193336,0.6557971014492754,0.613585948378345,0.7898072190972786
0.302,0.7015503875968992,0.6156462585034014,0.9639681796911558,0.9218428630193336,0.6557971014492754,0.613585948378345,0.7898072190972786
0.303,0.69921875,0.608843537414966,0.9639681796911558,0.9210201563142739,0.6509090909090909,0.6084686485626442,0.7864058585530609
0.304,0.69921875,0.608843537414966,0.9639681796911558,0.9210201563142739,0.6509090909090909,0.6084686485626442,0.7864058585530609
0.305,0.6968503937007874,0.6020408163265306,0.9639681796911558,0.9201974496092143,0.6459854014598541,0.6033275918666906,0.7830044980088432
0.306,0.6996047430830039,0.6020408163265306,0.9644361254094524,0.9206088029617442,0.6471663619744058,0.6048796374245916,0.7832384708679916
0.307,0.6996047430830039,0.6020408163265306,0.9644361254094524,0.9206088029617442,0.6471663619744058,0.6048796374245916,0.7832384708679916
0.308,0.7051792828685259,0.6020408163265306,0.9653720168460459,0.9214315096668038,0.6495412844036698,0.6080089507559354,0.7837064165862883
0.309,0.7051792828685259,0.6020408163265306,0.9653720168460459,0.9214315096668038,0.6495412844036698,0.6080089507559354,0.7837064165862883
0.31,0.7108433734939759,0.6020408163265306,0.9663079082826392,0.9222542163718634,0.6519337016574586,0.611172450264035,0.7841743623045849
0.311,0.7108433734939759,0.6020408163265306,0.9663079082826392,0.9222542163718634,0.6519337016574586,0.611172450264035,0.7841743623045849
0.312,0.7137096774193549,0.6020408163265306,0.9667758540009359,0.9226655697243933,0.6531365313653137,0.6127672329243942,0.7844083351637332
0.313,0.7137096774193549,0.6020408163265306,0.9667758540009359,0.9226655697243933,0.6531365313653137,0.6127672329243942,0.7844083351637332
0.314,0.7137096774193549,0.6020408163265306,0.9667758540009359,0.9226655697243933,0.6531365313653137,0.6127672329243942,0.7844083351637332
0.315,0.7137096774193549,0.6020408163265306,0.9667758540009359,0.9226655697243933,0.6531365313653137,0.6127672329243942,0.7844083351637332
0.316,0.7165991902834008,0.6020408163265306,0.9672437997192326,0.9230769230769231,0.6543438077634011,0.6143708202330918,0.7846423080228816
0.317,0.7165991902834008,0.6020408163265306,0.9672437997192326,0.9230769230769231,0.6543438077634011,0.6143708202330918,0.7846423080228816
0.318,0.7195121951219512,0.6020408163265306,0.9677117454375292,0.9234882764294529,0.6555555555555556,0.6159833007589705,0.78487628088203
0.319,0.7195121951219512,0.6020408163265306,0.9677117454375292,0.9234882764294529,0.6555555555555556,0.6159833007589705,0.78487628088203
0.32,0.7183673469387755,0.5986394557823129,0.9677117454375292,0.9230769230769231,0.6530612244897959,0.6134139259559868,0.7831756006099211
0.321,0.7183673469387755,0.5986394557823129,0.9677117454375292,0.9230769230769231,0.6530612244897959,0.6134139259559868,0.7831756006099211
0.322,0.7183673469387755,0.5986394557823129,0.9677117454375292,0.9230769230769231,0.6530612244897959,0.6134139259559868,0.7831756006099211
0.323,0.7172131147540983,0.5952380952380952,0.9677117454375292,0.9226655697243933,0.6505576208178439,0.6108383876845283,0.7814749203378122
0.324,0.7172131147540983,0.5952380952380952,0.9677117454375292,0.9226655697243933,0.6505576208178439,0.6108383876845283,0.7814749203378122
0.325,0.7172131147540983,0.5952380952380952,0.9677117454375292,0.9226655697243933,0.6505576208178439,0.6108383876845283,0.7814749203378122
0.326,0.7172131147540983,0.5952380952380952,0.9677117454375292,0.9226655697243933,0.6505576208178439,0.6108383876845283,0.7814749203378122
0.327,0.7172131147540983,0.5952380952380952,0.9677117454375292,0.9226655697243933,0.6505576208178439,0.6108383876845283,0.7814749203378122
0.328,0.7172131147540983,0.5952380952380952,0.9677117454375292,0.9226655697243933,0.6505576208178439,0.6108383876845283,0.7814749203378122
0.329,0.7172131147540983,0.5952380952380952,0.9677117454375292,0.9226655697243933,0.6505576208178439,0.6108383876845283,0.7814749203378122
0.33,0.7172131147540983,0.5952380952380952,0.9677117454375292,0.9226655697243933,0.6505576208178439,0.6108383876845283,0.7814749203378122
0.331,0.7172131147540983,0.5952380952380952,0.9677117454375292,0.9226655697243933,0.6505576208178439,0.6108383876845283,0.7814749203378122
0.332,0.7231404958677686,0.5952380952380952,0.9686476368741226,0.9234882764294529,0.6529850746268657,0.61409628254907,0.781942866056109
0.333,0.7231404958677686,0.5952380952380952,0.9686476368741226,0.9234882764294529,0.6529850746268657,0.61409628254907,0.781942866056109
0.334,0.7291666666666666,0.5952380952380952,0.9695835283107159,0.9243109831345125,0.6554307116104869,0.6173911950487593,0.7824108117744055
0.335,0.7291666666666666,0.5952380952380952,0.9695835283107159,0.9243109831345125,0.6554307116104869,0.6173911950487593,0.7824108117744055
0.336,0.7291666666666666,0.5952380952380952,0.9695835283107159,0.9243109831345125,0.6554307116104869,0.6173911950487593,0.7824108117744055
0.337,0.7291666666666666,0.5952380952380952,0.9695835283107159,0.9243109831345125,0.6554307116104869,0.6173911950487593,0.7824108117744055
0.338,0.7291666666666666,0.5952380952380952,0.9695835283107159,0.9243109831345125,0.6554307116104869,0.6173911950487593,0.7824108117744055
0.339,0.7291666666666666,0.5952380952380952,0.9695835283107159,0.9243109831345125,0.6554307116104869,0.6173911950487593,0.7824108117744055
0.34,0.7291666666666666,0.5952380952380952,0.9695835283107159,0.9243109831345125,0.6554307116104869,0.6173911950487593,0.7824108117744055
0.341,0.7280334728033473,0.5918367346938775,0.9695835283107159,0.9238996297819827,0.6529080675422139,0.6148154664990907,0.7807101315022967
0.342,0.7280334728033473,0.5918367346938775,0.9695835283107159,0.9238996297819827,0.6529080675422139,0.6148154664990907,0.7807101315022967
0.343,0.7310924369747899,0.5918367346938775,0.9700514740290126,0.9243109831345125,0.6541353383458647,0.6164786638737103,0.7809441043614451
0.34400000000000003,0.7372881355932204,0.5918367346938775,0.970987365465606,0.9251336898395722,0.6566037735849056,0.6198339330704051,0.7814120500797418
0.34500000000000003,0.7372881355932204,0.5918367346938775,0.970987365465606,0.9251336898395722,0.6566037735849056,0.6198339330704051,0.7814120500797418
0.34600000000000003,0.7435897435897436,0.5918367346938775,0.9719232569021994,0.9259563965446318,0.6590909090909091,0.6232283793126955,0.7818799957980385
0.34700000000000003,0.7435897435897436,0.5918367346938775,0.9719232569021994,0.9259563965446318,0.6590909090909091,0.6232283793126955,0.7818799957980385
0.34800000000000003,0.7467811158798283,0.5918367346938775,0.972391202620496,0.9263677498971616,0.6603415559772297,0.6249405536748338,0.7821139686571867
0.34900000000000003,0.7467811158798283,0.5918367346938775,0.972391202620496,0.9263677498971616,0.6603415559772297,0.6249405536748338,0.7821139686571867
0.35000000000000003,0.7467811158798283,0.5918367346938775,0.972391202620496,0.9263677498971616,0.6603415559772297,0.6249405536748338,0.7821139686571867
0.35100000000000003,0.7467811158798283,0.5918367346938775,0.972391202620496,0.9263677498971616,0.6603415559772297,0.6249405536748338,0.7821139686571867
0.352,0.7467811158798283,0.5918367346938775,0.972391202620496,0.9263677498971616,0.6603415559772297,0.6249405536748338,0.7821139686571867
0.353,0.7467811158798283,0.5918367346938775,0.972391202620496,0.9263677498971616,0.6603415559772297,0.6249405536748338,0.7821139686571867
0.354,0.7467811158798283,0.5918367346938775,0.972391202620496,0.9263677498971616,0.6603415559772297,0.6249405536748338,0.7821139686571867
0.355,0.7456896551724138,0.5884353741496599,0.972391202620496,0.9259563965446318,0.6577946768060836,0.622368932290613,0.780413288385078
0.356,0.7489177489177489,0.5884353741496599,0.9728591483387927,0.9263677498971616,0.659047619047619,0.6240931272855437,0.7806472612442263
0.357,0.7489177489177489,0.5884353741496599,0.9728591483387927,0.9263677498971616,0.659047619047619,0.6240931272855437,0.7806472612442263
0.358,0.7489177489177489,0.5884353741496599,0.9728591483387927,0.9263677498971616,0.659047619047619,0.6240931272855437,0.7806472612442263
0.359,0.7521739130434782,0.5884353741496599,0.9733270940570894,0.9267791032496915,0.6603053435114504,0.6258275927454805,0.7808812341033746
0.36,0.7521739130434782,0.5884353741496599,0.9733270940570894,0.9267791032496915,0.6603053435114504,0.6258275927454805,0.7808812341033746
0.361,0.7521739130434782,0.5884353741496599,0.9733270940570894,0.9267791032496915,0.6603053435114504,0.6258275927454805,0.7808812341033746
0.362,0.7521739130434782,0.5884353741496599,0.9733270940570894,0.9267791032496915,0.6603053435114504,0.6258275927454805,0.7808812341033746
0.363,0.7554585152838428,0.5884353741496599,0.9737950397753861,0.9271904566022213,0.6615678776290631,0.6275724396221825,0.7811152069625229
0.364,0.7554585152838428,0.5884353741496599,0.9737950397753861,0.9271904566022213,0.6615678776290631,0.6275724396221825,0.7811152069625229
0.365,0.7554585152838428,0.5884353741496599,0.9737950397753861,0.9271904566022213,0.6615678776290631,0.6275724396221825,0.7811152069625229
0.366,0.7554585152838428,0.5884353741496599,0.9737950397753861,0.9271904566022213,0.6615678776290631,0.6275724396221825,0.7811152069625229
0.367,0.7587719298245614,0.5884353741496599,0.9742629854936827,0.9276018099547512,0.6628352490421456,0.6293277805579192,0.7813491798216713
0.368,0.762114537444934,0.5884353741496599,0.9747309312119794,0.928013163307281,0.6641074856046065,0.6310937299188316,0.7815831526808197
0.369,0.762114537444934,0.5884353741496599,0.9747309312119794,0.928013163307281,0.6641074856046065,0.6310937299188316,0.7815831526808197
0.37,0.762114537444934,0.5884353741496599,0.9747309312119794,0.928013163307281,0.6641074856046065,0.6310937299188316,0.7815831526808197
0.371,0.762114537444934,0.5884353741496599,0.9747309312119794,0.928013163307281,0.6641074856046065,0.6310937299188316,0.7815831526808197
0.372,0.762114537444934,0.5884353741496599,0.9747309312119794,0.928013163307281,0.6641074856046065,0.6310937299188316,0.7815831526808197
0.373,0.762114537444934,0.5884353741496599,0.9747309312119794,0.928013163307281,0.6641074856046065,0.6310937299188316,0.7815831526808197
0.374,0.7654867256637168,0.5884353741496599,0.9751988769302761,0.9284245166598107,0.6653846153846154,0.6328704038291052,0.781817125539968
0.375,0.7688888888888888,0.5884353741496599,0.9756668226485727,0.9288358700123406,0.6666666666666666,0.6346579202059714,0.7820510983991162
0.376,0.7688888888888888,0.5884353741496599,0.9756668226485727,0.9288358700123406,0.6666666666666666,0.6346579202059714,0.7820510983991162
0.377,0.7688888888888888,0.5884353741496599,0.9756668226485727,0.9288358700123406,0.6666666666666666,0.6346579202059714,0.7820510983991162
0.378,0.7688888888888888,0.5884353741496599,0.9756668226485727,0.9288358700123406,0.6666666666666666,0.6346579202059714,0.7820510983991162
0.379,0.7688888888888888,0.5884353741496599,0.9756668226485727,0.9288358700123406,0.6666666666666666,0.6346579202059714,0.7820510983991162
0.38,0.7688888888888888,0.5884353741496599,0.9756668226485727,0.9288358700123406,0.6666666666666666,0.6346579202059714,0.7820510983991162
0.381,0.7688888888888888,0.5884353741496599,0.9756668226485727,0.9288358700123406,0.6666666666666666,0.6346579202059714,0.7820510983991162
0.382,0.7678571428571429,0.5850340136054422,0.9756668226485727,0.9284245166598107,0.6640926640926641,0.6320944169190574,0.7803504181270075
0.383,0.7678571428571429,0.5850340136054422,0.9756668226485727,0.9284245166598107,0.6640926640926641,0.6320944169190574,0.7803504181270075
0.384,0.7668161434977578,0.5816326530612245,0.9756668226485727,0.928013163307281,0.6615087040618955,0.6295244390635485,0.7786497378548987
0.385,0.7668161434977578,0.5816326530612245,0.9756668226485727,0.928013163307281,0.6615087040618955,0.6295244390635485,0.7786497378548987
0.386,0.7737556561085973,0.5816326530612245,0.9766027140851661,0.9288358700123406,0.6640776699029126,0.6331418202524883,0.7791176835731952
0.387,0.7737556561085973,0.5816326530612245,0.9766027140851661,0.9288358700123406,0.6640776699029126,0.6331418202524883,0.7791176835731952
0.388,0.7737556561085973,0.5816326530612245,0.9766027140851661,0.9288358700123406,0.6640776699029126,0.6331418202524883,0.7791176835731952
0.389,0.7737556561085973,0.5816326530612245,0.9766027140851661,0.9288358700123406,0.6640776699029126,0.6331418202524883,0.7791176835731952
0.39,0.7737556561085973,0.5816326530612245,0.9766027140851661,0.9288358700123406,0.6640776699029126,0.6331418202524883,0.7791176835731952
0.391,0.7727272727272727,0.5782312925170068,0.9766027140851661,0.9284245166598107,0.6614785992217899,0.6305699730694009,0.7774170033010864
0.392,0.7727272727272727,0.5782312925170068,0.9766027140851661,0.9284245166598107,0.6614785992217899,0.6305699730694009,0.7774170033010864
0.393,0.7727272727272727,0.5782312925170068,0.9766027140851661,0.9284245166598107,0.6614785992217899,0.6305699730694009,0.7774170033010864
0.394,0.7727272727272727,0.5782312925170068,0.9766027140851661,0.9284245166598107,0.6614785992217899,0.6305699730694009,0.7774170033010864
0.395,0.7727272727272727,0.5782312925170068,0.9766027140851661,0.9284245166598107,0.6614785992217899,0.6305699730694009,0.7774170033010864
0.396,0.7727272727272727,0.5782312925170068,0.9766027140851661,0.9284245166598107,0.6614785992217899,0.6305699730694009,0.7774170033010864
0.397,0.776255707762557,0.5782312925170068,0.9770706598034627,0.9288358700123406,0.6627680311890838,0.6323980293180174,0.7776509761602348
0.398,0.776255707762557,0.5782312925170068,0.9770706598034627,0.9288358700123406,0.6627680311890838,0.6323980293180174,0.7776509761602348
0.399,0.776255707762557,0.5782312925170068,0.9770706598034627,0.9288358700123406,0.6627680311890838,0.6323980293180174,0.7776509761602348
0.4,0.776255707762557,0.5782312925170068,0.9770706598034627,0.9288358700123406,0.6627680311890838,0.6323980293180174,0.7776509761602348
0.401,0.7798165137614679,0.5782312925170068,0.9775386055217595,0.9292472233648704,0.6640625,0.6342376116780307,0.7778849490193831
0.402,0.7798165137614679,0.5782312925170068,0.9775386055217595,0.9292472233648704,0.6640625,0.6342376116780307,0.7778849490193831
0.403,0.7798165137614679,0.5782312925170068,0.9775386055217595,0.9292472233648704,0.6640625,0.6342376116780307,0.7778849490193831
0.404,0.7788018433179723,0.5748299319727891,0.9775386055217595,0.9288358700123406,0.6614481409001957,0.6316640850307267,0.7761842687472743
0.405,0.7788018433179723,0.5748299319727891,0.9775386055217595,0.9288358700123406,0.6614481409001957,0.6316640850307267,0.7761842687472743
0.406,0.7788018433179723,0.5748299319727891,0.9775386055217595,0.9288358700123406,0.6614481409001957,0.6316640850307267,0.7761842687472743
0.40700000000000003,0.7788018433179723,0.5748299319727891,0.9775386055217595,0.9288358700123406,0.6614481409001957,0.6316640850307267,0.7761842687472743
0.40800000000000003,0.7788018433179723,0.5748299319727891,0.9775386055217595,0.9288358700123406,0.6614481409001957,0.6316640850307267,0.7761842687472743
0.40900000000000003,0.7788018433179723,0.5748299319727891,0.9775386055217595,0.9288358700123406,0.6614481409001957,0.6316640850307267,0.7761842687472743
0.41000000000000003,0.7788018433179723,0.5748299319727891,0.9775386055217595,0.9288358700123406,0.6614481409001957,0.6316640850307267,0.7761842687472743
0.41100000000000003,0.7788018433179723,0.5748299319727891,0.9775386055217595,0.9288358700123406,0.6614481409001957,0.6316640850307267,0.7761842687472743
0.41200000000000003,0.7788018433179723,0.5748299319727891,0.9775386055217595,0.9288358700123406,0.6614481409001957,0.6316640850307267,0.7761842687472743
0.41300000000000003,0.7788018433179723,0.5748299319727891,0.9775386055217595,0.9288358700123406,0.6614481409001957,0.6316640850307267,0.7761842687472743
0.41400000000000003,0.7824074074074074,0.5748299319727891,0.9780065512400562,0.9292472233648704,0.6627450980392157,0.6335178864222251,0.7764182416064227
0.41500000000000004,0.7850467289719626,0.5714285714285714,0.9784744969583529,0.9292472233648704,0.6614173228346457,0.6328085466256812,0.7749515341934621
0.41600000000000004,0.7850467289719626,0.5714285714285714,0.9784744969583529,0.9292472233648704,0.6614173228346457,0.6328085466256812,0.7749515341934621
0.417,0.7850467289719626,0.5714285714285714,0.9784744969583529,0.9292472233648704,0.6614173228346457,0.6328085466256812,0.7749515341934621
0.418,0.7850467289719626,0.5714285714285714,0.9784744969583529,0.9292472233648704,0.6614173228346457,0.6328085466256812,0.7749515341934621
0.419,0.7850467289719626,0.5714285714285714,0.9784744969583529,0.9292472233648704,0.6614173228346457,0.6328085466256812,0.7749515341934621
0.42,0.7850467289719626,0.5714285714285714,0.9784744969583529,0.9292472233648704,0.6614173228346457,0.6328085466256812,0.7749515341934621
0.421,0.7850467289719626,0.5714285714285714,0.9784744969583529,0.9292472233648704,0.6614173228346457,0.6328085466256812,0.7749515341934621
0.422,0.7850467289719626,0.5714285714285714,0.9784744969583529,0.9292472233648704,0.6614173228346457,0.6328085466256812,0.7749515341934621
0.423,0.7887323943661971,0.5714285714285714,0.9789424426766495,0.9296585767174003,0.6627218934911243,0.6346889056125103,0.7751855070526105
0.424,0.7887323943661971,0.5714285714285714,0.9789424426766495,0.9296585767174003,0.6627218934911243,0.6346889056125103,0.7751855070526105
0.425,0.7887323943661971,0.5714285714285714,0.9789424426766495,0.9296585767174003,0.6627218934911243,0.6346889056125103,0.7751855070526105
0.426,0.7924528301886793,0.5714285714285714,0.9794103883949462,0.9300699300699301,0.6640316205533597,0.6365814721474607,0.7754194799117589
0.427,0.7914691943127962,0.5680272108843537,0.9794103883949462,0.9296585767174003,0.6613861386138614,0.6340052203752994,0.77371879963965
0.428,0.7914691943127962,0.5680272108843537,0.9794103883949462,0.9296585767174003,0.6613861386138614,0.6340052203752994,0.77371879963965
0.429,0.7914691943127962,0.5680272108843537,0.9794103883949462,0.9296585767174003,0.6613861386138614,0.6340052203752994,0.77371879963965
0.43,0.7990430622009569,0.5680272108843537,0.9803462798315395,0.93048128342246,0.6640159045725647,0.6378333277503739,0.7741867453579466
0.431,0.7990430622009569,0.5680272108843537,0.9803462798315395,0.93048128342246,0.6640159045725647,0.6378333277503739,0.7741867453579466
0.432,0.7980769230769231,0.564625850340136,0.9803462798315395,0.9300699300699301,0.6613545816733067,0.6352560656194989,0.7724860650858378
0.433,0.7980769230769231,0.564625850340136,0.9803462798315395,0.9300699300699301,0.6613545816733067,0.6352560656194989,0.7724860650858378
0.434,0.8009708737864077,0.5612244897959183,0.9808142255498362,0.9300699300699301,0.66,0.6346110293808215,0.7710193576728772
0.435,0.803921568627451,0.5578231292517006,0.9812821712681329,0.9300699300699301,0.6586345381526104,0.6339782167140819,0.7695526502599168
0.436,0.803921568627451,0.5578231292517006,0.9812821712681329,0.9300699300699301,0.6586345381526104,0.6339782167140819,0.7695526502599168
0.437,0.8118811881188119,0.5578231292517006,0.9822180627047262,0.9308926367749897,0.6612903225806451,0.6379286313406458,0.7700205959782134
0.438,0.8118811881188119,0.5578231292517006,0.9822180627047262,0.9308926367749897,0.6612903225806451,0.6379286313406458,0.7700205959782134
0.439,0.8118811881188119,0.5578231292517006,0.9822180627047262,0.9308926367749897,0.6612903225806451,0.6379286313406458,0.7700205959782134
0.44,0.8118811881188119,0.5578231292517006,0.9822180627047262,0.9308926367749897,0.6612903225806451,0.6379286313406458,0.7700205959782134
0.441,0.82,0.5578231292517006,0.9831539541413196,0.9317153434800494,0.6639676113360324,0.6419334571832679,0.7704885416965102
0.442,0.82,0.5578231292517006,0.9831539541413196,0.9317153434800494,0.6639676113360324,0.6419334571832679,0.7704885416965102
0.443,0.8241206030150754,0.5578231292517006,0.9836218998596162,0.9321266968325792,0.665314401622718,0.6439566966074475,0.7707225145556584
0.444,0.8241206030150754,0.5578231292517006,0.9836218998596162,0.9321266968325792,0.665314401622718,0.6439566966074475,0.7707225145556584
0.445,0.8274111675126904,0.5544217687074829,0.984089845577913,0.9321266968325792,0.6639511201629328,0.6434225879513299,0.769255807142698
0.446,0.8274111675126904,0.5544217687074829,0.984089845577913,0.9321266968325792,0.6639511201629328,0.6434225879513299,0.769255807142698
0.447,0.8274111675126904,0.5544217687074829,0.984089845577913,0.9321266968325792,0.6639511201629328,0.6434225879513299,0.769255807142698
0.448,0.8274111675126904,0.5544217687074829,0.984089845577913,0.9321266968325792,0.6639511201629328,0.6434225879513299,0.769255807142698
0.449,0.8274111675126904,0.5544217687074829,0.984089845577913,0.9321266968325792,0.6639511201629328,0.6434225879513299,0.769255807142698
0.45,0.8274111675126904,0.5544217687074829,0.984089845577913,0.9321266968325792,0.6639511201629328,0.6434225879513299,0.769255807142698
0.451,0.8274111675126904,0.5544217687074829,0.984089845577913,0.9321266968325792,0.6639511201629328,0.6434225879513299,0.769255807142698
0.452,0.8274111675126904,0.5544217687074829,0.984089845577913,0.9321266968325792,0.6639511201629328,0.6434225879513299,0.769255807142698
0.453,0.8274111675126904,0.5544217687074829,0.984089845577913,0.9321266968325792,0.6639511201629328,0.6434225879513299,0.769255807142698
0.454,0.8316326530612245,0.5544217687074829,0.9845577912962097,0.932538050185109,0.6653061224489796,0.6454779668932357,0.7694897800018463
0.455,0.8316326530612245,0.5544217687074829,0.9845577912962097,0.932538050185109,0.6653061224489796,0.6454779668932357,0.7694897800018463
0.456,0.8316326530612245,0.5544217687074829,0.9845577912962097,0.932538050185109,0.6653061224489796,0.6454779668932357,0.7694897800018463
0.457,0.8350515463917526,0.5510204081632653,0.9850257370145064,0.932538050185109,0.6639344262295082,0.6449770276834648,0.7680230725888858
0.458,0.8350515463917526,0.5510204081632653,0.9850257370145064,0.932538050185109,0.6639344262295082,0.6449770276834648,0.7680230725888858
0.459,0.8350515463917526,0.5510204081632653,0.9850257370145064,0.932538050185109,0.6639344262295082,0.6449770276834648,0.7680230725888858
0.46,0.8350515463917526,0.5510204081632653,0.9850257370145064,0.932538050185109,0.6639344262295082,0.6449770276834648,0.7680230725888858
0.461,0.8350515463917526,0.5510204081632653,0.9850257370145064,0.932538050185109,0.6639344262295082,0.6449770276834648,0.7680230725888858
0.462,0.8393782383419689,0.5510204081632653,0.985493682732803,0.9329494035376388,0.6652977412731006,0.6470656765183642,0.7682570454480342
0.463,0.8393782383419689,0.5510204081632653,0.985493682732803,0.9329494035376388,0.6652977412731006,0.6470656765183642,0.7682570454480342
0.464,0.8393782383419689,0.5510204081632653,0.985493682732803,0.9329494035376388,0.6652977412731006,0.6470656765183642,0.7682570454480342
0.465,0.8393782383419689,0.5510204081632653,0.985493682732803,0.9329494035376388,0.6652977412731006,0.6470656765183642,0.7682570454480342
0.466,0.8393782383419689,0.5510204081632653,0.985493682732803,0.9329494035376388,0.6652977412731006,0.6470656765183642,0.7682570454480342
0.467,0.8385416666666666,0.5476190476190477,0.985493682732803,0.932538050185109,0.6625514403292181,0.64449168473859,0.7665563651759253
0.468,0.8429319371727748,0.5476190476190477,0.9859616284510997,0.9329494035376388,0.6639175257731958,0.6465994434548356,0.7667903380350737
0.46900000000000003,0.8429319371727748,0.5476190476190477,0.9859616284510997,0.9329494035376388,0.6639175257731958,0.6465994434548356,0.7667903380350737
0.47000000000000003,0.8421052631578947,0.54421768707483,0.9859616284510997,0.932538050185109,0.6611570247933884,0.644022406920754,0.7650896577629649
0.47100000000000003,0.8421052631578947,0.54421768707483,0.9859616284510997,0.932538050185109,0.6611570247933884,0.644022406920754,0.7650896577629649
0.47200000000000003,0.8465608465608465,0.54421768707483,0.9864295741693964,0.9329494035376388,0.6625258799171843,0.6461497002332004,0.7653236306221132
0.47300000000000003,0.8465608465608465,0.54421768707483,0.9864295741693964,0.9329494035376388,0.6625258799171843,0.6461497002332004,0.7653236306221132
0.47400000000000003,0.851063829787234,0.54421768707483,0.986897519887693,0.9333607568901686,0.6639004149377593,0.6482926550921088,0.7655576034812615
0.47500000000000003,0.851063829787234,0.54421768707483,0.986897519887693,0.9333607568901686,0.6639004149377593,0.6482926550921088,0.7655576034812615
0.47600000000000003,0.851063829787234,0.54421768707483,0.986897519887693,0.9333607568901686,0.6639004149377593,0.6482926550921088,0.7655576034812615
0.47700000000000004,0.8556149732620321,0.54421768707483,0.9873654656059897,0.9337721102426985,0.6652806652806653,0.6504514785708613,0.7657915763404098
0.47800000000000004,0.8556149732620321,0.54421768707483,0.9873654656059897,0.9337721102426985,0.6652806652806653,0.6504514785708613,0.7657915763404098
0.47900000000000004,0.8602150537634409,0.54421768707483,0.9878334113242864,0.9341834635952283,0.6666666666666666,0.6526263816118467,0.7660255491995582
0.48,0.8602150537634409,0.54421768707483,0.9878334113242864,0.9341834635952283,0.6666666666666666,0.6526263816118467,0.7660255491995582
0.481,0.8602150537634409,0.54421768707483,0.9878334113242864,0.9341834635952283,0.6666666666666666,0.6526263816118467,0.7660255491995582
0.482,0.8602150537634409,0.54421768707483,0.9878334113242864,0.9341834635952283,0.6666666666666666,0.6526263816118467,0.7660255491995582
0.483,0.8602150537634409,0.54421768707483,0.9878334113242864,0.9341834635952283,0.6666666666666666,0.6526263816118467,0.7660255491995582
0.484,0.8602150537634409,0.54421768707483,0.9878334113242864,0.9341834635952283,0.6666666666666666,0.6526263816118467,0.7660255491995582
0.485,0.8602150537634409,0.54421768707483,0.9878334113242864,0.9341834635952283,0.6666666666666666,0.6526263816118467,0.7660255491995582
0.486,0.8602150537634409,0.54421768707483,0.9878334113242864,0.9341834635952283,0.6666666666666666,0.6526263816118467,0.7660255491995582
0.487,0.8602150537634409,0.54421768707483,0.9878334113242864,0.9341834635952283,0.6666666666666666,0.6526263816118467,0.7660255491995582
0.488,0.8602150537634409,0.54421768707483,0.9878334113242864,0.9341834635952283,0.6666666666666666,0.6526263816118467,0.7660255491995582
0.489,0.8602150537634409,0.54421768707483,0.9878334113242864,0.9341834635952283,0.6666666666666666,0.6526263816118467,0.7660255491995582
0.49,0.8602150537634409,0.54421768707483,0.9878334113242864,0.9341834635952283,0.6666666666666666,0.6526263816118467,0.7660255491995582
0.491,0.8602150537634409,0.54421768707483,0.9878334113242864,0.9341834635952283,0.6666666666666666,0.6526263816118467,0.7660255491995582
0.492,0.8648648648648649,0.54421768707483,0.988301357042583,0.9345948169477581,0.6680584551148225,0.6548175791201502,0.7662595220587065
0.493,0.8648648648648649,0.54421768707483,0.988301357042583,0.9345948169477581,0.6680584551148225,0.6548175791201502,0.7662595220587065
0.494,0.8648648648648649,0.54421768707483,0.988301357042583,0.9345948169477581,0.6680584551148225,0.6548175791201502,0.7662595220587065
0.495,0.8648648648648649,0.54421768707483,0.988301357042583,0.9345948169477581,0.6680584551148225,0.6548175791201502,0.7662595220587065
0.496,0.8648648648648649,0.54421768707483,0.988301357042583,0.9345948169477581,0.6680584551148225,0.6548175791201502,0.7662595220587065
0.497,0.8648648648648649,0.54421768707483,0.988301357042583,0.9345948169477581,0.6680584551148225,0.6548175791201502,0.7662595220587065
0.498,0.8648648648648649,0.54421768707483,0.988301357042583,0.9345948169477581,0.6680584551148225,0.6548175791201502,0.7662595220587065
0.499,0.8648648648648649,0.54421768707483,0.988301357042583,0.9345948169477581,0.6680584551148225,0.6548175791201502,0.7662595220587065
0.5,0.8648648648648649,0.54421768707483,0.988301357042583,0.9345948169477581,0.6680584551148225,0.6548175791201502,0.7662595220587065
0.501,0.8626373626373627,0.5340136054421769,0.988301357042583,0.9333607568901686,0.6596638655462185,0.6471097920427366,0.76115748124238
0.502,0.8626373626373627,0.5340136054421769,0.988301357042583,0.9333607568901686,0.6596638655462185,0.6471097920427366,0.76115748124238
0.503,0.8626373626373627,0.5340136054421769,0.988301357042583,0.9333607568901686,0.6596638655462185,0.6471097920427366,0.76115748124238
0.504,0.8626373626373627,0.5340136054421769,0.988301357042583,0.9333607568901686,0.6596638655462185,0.6471097920427366,0.76115748124238
0.505,0.8626373626373627,0.5340136054421769,0.988301357042583,0.9333607568901686,0.6596638655462185,0.6471097920427366,0.76115748124238
0.506,0.8674033149171271,0.5340136054421769,0.9887693027608797,0.9337721102426985,0.6610526315789473,0.6493319314085526,0.7613914541015283
0.507,0.8674033149171271,0.5340136054421769,0.9887693027608797,0.9337721102426985,0.6610526315789473,0.6493319314085526,0.7613914541015283
0.508,0.8674033149171271,0.5340136054421769,0.9887693027608797,0.9337721102426985,0.6610526315789473,0.6493319314085526,0.7613914541015283
0.509,0.8674033149171271,0.5340136054421769,0.9887693027608797,0.9337721102426985,0.6610526315789473,0.6493319314085526,0.7613914541015283
0.51,0.8674033149171271,0.5340136054421769,0.9887693027608797,0.9337721102426985,0.6610526315789473,0.6493319314085526,0.7613914541015283
0.511,0.8674033149171271,0.5340136054421769,0.9887693027608797,0.9337721102426985,0.6610526315789473,0.6493319314085526,0.7613914541015283
0.512,0.8674033149171271,0.5340136054421769,0.9887693027608797,0.9337721102426985,0.6610526315789473,0.6493319314085526,0.7613914541015283
0.513,0.8674033149171271,0.5340136054421769,0.9887693027608797,0.9337721102426985,0.6610526315789473,0.6493319314085526,0.7613914541015283
0.514,0.8674033149171271,0.5340136054421769,0.9887693027608797,0.9337721102426985,0.6610526315789473,0.6493319314085526,0.7613914541015283
0.515,0.8674033149171271,0.5340136054421769,0.9887693027608797,0.9337721102426985,0.6610526315789473,0.6493319314085526,0.7613914541015283
0.516,0.8722222222222222,0.5340136054421769,0.9892372484791764,0.9341834635952283,0.6624472573839663,0.6515711881778123,0.7616254269606766
0.517,0.8722222222222222,0.5340136054421769,0.9892372484791764,0.9341834635952283,0.6624472573839663,0.6515711881778123,0.7616254269606766
0.518,0.8722222222222222,0.5340136054421769,0.9892372484791764,0.9341834635952283,0.6624472573839663,0.6515711881778123,0.7616254269606766
0.519,0.8722222222222222,0.5340136054421769,0.9892372484791764,0.9341834635952283,0.6624472573839663,0.6515711881778123,0.7616254269606766
0.52,0.8722222222222222,0.5340136054421769,0.9892372484791764,0.9341834635952283,0.6624472573839663,0.6515711881778123,0.7616254269606766
0.521,0.8722222222222222,0.5340136054421769,0.9892372484791764,0.9341834635952283,0.6624472573839663,0.6515711881778123,0.7616254269606766
0.522,0.8722222222222222,0.5340136054421769,0.9892372484791764,0.9341834635952283,0.6624472573839663,0.6515711881778123,0.7616254269606766
0.523,0.8722222222222222,0.5340136054421769,0.9892372484791764,0.9341834635952283,0.6624472573839663,0.6515711881778123,0.7616254269606766
0.524,0.8722222222222222,0.5340136054421769,0.9892372484791764,0.9341834635952283,0.6624472573839663,0.6515711881778123,0.7616254269606766
0.525,0.8722222222222222,0.5340136054421769,0.9892372484791764,0.9341834635952283,0.6624472573839663,0.6515711881778123,0.7616254269606766
0.526,0.8722222222222222,0.5340136054421769,0.9892372484791764,0.9341834635952283,0.6624472573839663,0.6515711881778123,0.7616254269606766
0.527,0.8722222222222222,0.5340136054421769,0.9892372484791764,0.9341834635952283,0.6624472573839663,0.6515711881778123,0.7616254269606766
0.528,0.8722222222222222,0.5340136054421769,0.9892372484791764,0.9341834635952283,0.6624472573839663,0.6515711881778123,0.7616254269606766
0.529,0.8722222222222222,0.5340136054421769,0.9892372484791764,0.9341834635952283,0.6624472573839663,0.6515711881778123,0.7616254269606766
0.53,0.8722222222222222,0.5340136054421769,0.9892372484791764,0.9341834635952283,0.6624472573839663,0.6515711881778123,0.7616254269606766
0.531,0.8722222222222222,0.5340136054421769,0.9892372484791764,0.9341834635952283,0.6624472573839663,0.6515711881778123,0.7616254269606766
0.532,0.8715083798882681,0.5306122448979592,0.9892372484791764,0.9337721102426985,0.6596194503171248,0.6489972293874665,0.7599247466885678
0.533,0.8715083798882681,0.5306122448979592,0.9892372484791764,0.9337721102426985,0.6596194503171248,0.6489972293874665,0.7599247466885678
0.534,0.8715083798882681,0.5306122448979592,0.9892372484791764,0.9337721102426985,0.6596194503171248,0.6489972293874665,0.7599247466885678
0.535,0.8715083798882681,0.5306122448979592,0.9892372484791764,0.9337721102426985,0.6596194503171248,0.6489972293874665,0.7599247466885678
0.536,0.8764044943820225,0.5306122448979592,0.989705194197473,0.9341834635952283,0.6610169491525424,0.6512589599713584,0.7601587195477162
0.537,0.8764044943820225,0.5306122448979592,0.989705194197473,0.9341834635952283,0.6610169491525424,0.6512589599713584,0.7601587195477162
0.538,0.8764044943820225,0.5306122448979592,0.989705194197473,0.9341834635952283,0.6610169491525424,0.6512589599713584,0.7601587195477162
0.539,0.8764044943820225,0.5306122448979592,0.989705194197473,0.9341834635952283,0.6610169491525424,0.6512589599713584,0.7601587195477162
0.54,0.8764044943820225,0.5306122448979592,0.989705194197473,0.9341834635952283,0.6610169491525424,0.6512589599713584,0.7601587195477162
0.541,0.8813559322033898,0.5306122448979592,0.9901731399157697,0.9345948169477581,0.6624203821656051,0.653538421848336,0.7603926924068645
0.542,0.8813559322033898,0.5306122448979592,0.9901731399157697,0.9345948169477581,0.6624203821656051,0.653538421848336,0.7603926924068645
0.543,0.8793103448275862,0.5204081632653061,0.9901731399157697,0.9333607568901686,0.6538461538461539,0.645803553056477,0.755290651590538
0.544,0.8793103448275862,0.5204081632653061,0.9901731399157697,0.9333607568901686,0.6538461538461539,0.645803553056477,0.755290651590538
0.545,0.877906976744186,0.5136054421768708,0.9901731399157697,0.932538050185109,0.648068669527897,0.6406093706435485,0.7518892910463202
0.546,0.877906976744186,0.5136054421768708,0.9901731399157697,0.932538050185109,0.648068669527897,0.6406093706435485,0.7518892910463202
0.547,0.8830409356725146,0.5136054421768708,0.9906410856340665,0.9329494035376388,0.6494623655913978,0.6429342589701131,0.7521232639054687
0.548,0.8830409356725146,0.5136054421768708,0.9906410856340665,0.9329494035376388,0.6494623655913978,0.6429342589701131,0.7521232639054687
0.549,0.8830409356725146,0.5136054421768708,0.9906410856340665,0.9329494035376388,0.6494623655913978,0.6429342589701131,0.7521232639054687
0.55,0.8830409356725146,0.5136054421768708,0.9906410856340665,0.9329494035376388,0.6494623655913978,0.6429342589701131,0.7521232639054687
0.551,0.8830409356725146,0.5136054421768708,0.9906410856340665,0.9329494035376388,0.6494623655913978,0.6429342589701131,0.7521232639054687
0.552,0.8830409356725146,0.5136054421768708,0.9906410856340665,0.9329494035376388,0.6494623655913978,0.6429342589701131,0.7521232639054687
0.553,0.8830409356725146,0.5136054421768708,0.9906410856340665,0.9329494035376388,0.6494623655913978,0.6429342589701131,0.7521232639054687
0.554,0.8830409356725146,0.5136054421768708,0.9906410856340665,0.9329494035376388,0.6494623655913978,0.6429342589701131,0.7521232639054687
0.555,0.8830409356725146,0.5136054421768708,0.9906410856340665,0.9329494035376388,0.6494623655913978,0.6429342589701131,0.7521232639054687
0.556,0.8830409356725146,0.5136054421768708,0.9906410856340665,0.9329494035376388,0.6494623655913978,0.6429342589701131,0.7521232639054687
0.557,0.8830409356725146,0.5136054421768708,0.9906410856340665,0.9329494035376388,0.6494623655913978,0.6429342589701131,0.7521232639054687
0.558,0.8830409356725146,0.5136054421768708,0.9906410856340665,0.9329494035376388,0.6494623655913978,0.6429342589701131,0.7521232639054687
0.559,0.8830409356725146,0.5136054421768708,0.9906410856340665,0.9329494035376388,0.6494623655913978,0.6429342589701131,0.7521232639054687
0.56,0.8830409356725146,0.5136054421768708,0.9906410856340665,0.9329494035376388,0.6494623655913978,0.6429342589701131,0.7521232639054687
0.561,0.888235294117647,0.5136054421768708,0.9911090313523632,0.9333607568901686,0.6508620689655172,0.6452781260869047,0.752357236764617
0.562,0.888235294117647,0.5136054421768708,0.9911090313523632,0.9333607568901686,0.6508620689655172,0.6452781260869047,0.752357236764617
0.5630000000000001,0.888235294117647,0.5136054421768708,0.9911090313523632,0.9333607568901686,0.6508620689655172,0.6452781260869047,0.752357236764617
0.5640000000000001,0.888235294117647,0.5136054421768708,0.9911090313523632,0.9333607568901686,0.6508620689655172,0.6452781260869047,0.752357236764617
0.5650000000000001,0.888235294117647,0.5136054421768708,0.9911090313523632,0.9333607568901686,0.6508620689655172,0.6452781260869047,0.752357236764617
0.5660000000000001,0.8875739644970414,0.5102040816326531,0.9911090313523632,0.9329494035376388,0.6479481641468683,0.6426808189296589,0.7506565564925081
0.5670000000000001,0.8875739644970414,0.5102040816326531,0.9911090313523632,0.9329494035376388,0.6479481641468683,0.6426808189296589,0.7506565564925081
0.5680000000000001,0.8875739644970414,0.5102040816326531,0.9911090313523632,0.9329494035376388,0.6479481641468683,0.6426808189296589,0.7506565564925081
0.5690000000000001,0.8875739644970414,0.5102040816326531,0.9911090313523632,0.9329494035376388,0.6479481641468683,0.6426808189296589,0.7506565564925081
0.5700000000000001,0.8875739644970414,0.5102040816326531,0.9911090313523632,0.9329494035376388,0.6479481641468683,0.6426808189296589,0.7506565564925081
0.5710000000000001,0.8875739644970414,0.5102040816326531,0.9911090313523632,0.9329494035376388,0.6479481641468683,0.6426808189296589,0.7506565564925081
0.5720000000000001,0.8875739644970414,0.5102040816326531,0.9911090313523632,0.9329494035376388,0.6479481641468683,0.6426808189296589,0.7506565564925081
0.5730000000000001,0.8875739644970414,0.5102040816326531,0.9911090313523632,0.9329494035376388,0.6479481641468683,0.6426808189296589,0.7506565564925081
0.5740000000000001,0.8875739644970414,0.5102040816326531,0.9911090313523632,0.9329494035376388,0.6479481641468683,0.6426808189296589,0.7506565564925081
0.5750000000000001,0.8869047619047619,0.5068027210884354,0.9911090313523632,0.932538050185109,0.645021645021645,0.6400757675852867,0.7489558762203993
0.5760000000000001,0.8869047619047619,0.5068027210884354,0.9911090313523632,0.932538050185109,0.645021645021645,0.6400757675852867,0.7489558762203993
0.577,0.8869047619047619,0.5068027210884354,0.9911090313523632,0.932538050185109,0.645021645021645,0.6400757675852867,0.7489558762203993
0.578,0.8869047619047619,0.5068027210884354,0.9911090313523632,0.932538050185109,0.645021645021645,0.6400757675852867,0.7489558762203993
0.579,0.8869047619047619,0.5068027210884354,0.9911090313523632,0.932538050185109,0.645021645021645,0.6400757675852867,0.7489558762203993
0.58,0.8869047619047619,0.5068027210884354,0.9911090313523632,0.932538050185109,0.645021645021645,0.6400757675852867,0.7489558762203993
0.581,0.8869047619047619,0.5068027210884354,0.9911090313523632,0.932538050185109,0.645021645021645,0.6400757675852867,0.7489558762203993
0.582,0.8869047619047619,0.5068027210884354,0.9911090313523632,0.932538050185109,0.645021645021645,0.6400757675852867,0.7489558762203993
0.583,0.8869047619047619,0.5068027210884354,0.9911090313523632,0.932538050185109,0.645021645021645,0.6400757675852867,0.7489558762203993
0.584,0.8869047619047619,0.5068027210884354,0.9911090313523632,0.932538050185109,0.645021645021645,0.6400757675852867,0.7489558762203993
0.585,0.8869047619047619,0.5068027210884354,0.9911090313523632,0.932538050185109,0.645021645021645,0.6400757675852867,0.7489558762203993
0.586,0.8869047619047619,0.5068027210884354,0.9911090313523632,0.932538050185109,0.645021645021645,0.6400757675852867,0.7489558762203993
0.587,0.8922155688622755,0.5068027210884354,0.9915769770706598,0.9329494035376388,0.6464208242950108,0.6424507229766271,0.7491898490795477
0.588,0.8975903614457831,0.5068027210884354,0.9920449227889565,0.9333607568901686,0.6478260869565218,0.644845545921438,0.7494238219386959
0.589,0.896969696969697,0.5034013605442177,0.9920449227889565,0.9329494035376388,0.644880174291939,0.6422447698412289,0.747723141666587
0.59,0.896969696969697,0.5034013605442177,0.9920449227889565,0.9329494035376388,0.644880174291939,0.6422447698412289,0.747723141666587
0.591,0.8957055214723927,0.4965986394557823,0.9920449227889565,0.9321266968325792,0.6389496717724289,0.6370195785304426,0.7443217811223695
0.592,0.8957055214723927,0.4965986394557823,0.9920449227889565,0.9321266968325792,0.6389496717724289,0.6370195785304426,0.7443217811223695
0.593,0.8957055214723927,0.4965986394557823,0.9920449227889565,0.9321266968325792,0.6389496717724289,0.6370195785304426,0.7443217811223695
0.594,0.8957055214723927,0.4965986394557823,0.9920449227889565,0.9321266968325792,0.6389496717724289,0.6370195785304426,0.7443217811223695
0.595,0.8957055214723927,0.4965986394557823,0.9920449227889565,0.9321266968325792,0.6389496717724289,0.6370195785304426,0.7443217811223695
0.596,0.8957055214723927,0.4965986394557823,0.9920449227889565,0.9321266968325792,0.6389496717724289,0.6370195785304426,0.7443217811223695
0.597,0.8957055214723927,0.4965986394557823,0.9920449227889565,0.9321266968325792,0.6389496717724289,0.6370195785304426,0.7443217811223695
0.598,0.8950617283950617,0.4931972789115646,0.9920449227889565,0.9317153434800494,0.6359649122807017,0.634394976991678,0.7426211008502606
0.599,0.8950617283950617,0.4931972789115646,0.9920449227889565,0.9317153434800494,0.6359649122807017,0.634394976991678,0.7426211008502606
0.6,0.8950617283950617,0.4931972789115646,0.9920449227889565,0.9317153434800494,0.6359649122807017,0.634394976991678,0.7426211008502606
0.601,0.8950617283950617,0.4931972789115646,0.9920449227889565,0.9317153434800494,0.6359649122807017,0.634394976991678,0.7426211008502606
0.602,0.8950617283950617,0.4931972789115646,0.9920449227889565,0.9317153434800494,0.6359649122807017,0.634394976991678,0.7426211008502606
0.603,0.8950617283950617,0.4931972789115646,0.9920449227889565,0.9317153434800494,0.6359649122807017,0.634394976991678,0.7426211008502606
0.604,0.8950617283950617,0.4931972789115646,0.9920449227889565,0.9317153434800494,0.6359649122807017,0.634394976991678,0.7426211008502606
0.605,0.9006211180124224,0.4931972789115646,0.9925128685072532,0.9321266968325792,0.6373626373626373,0.6368354583686285,0.7428550737094088
0.606,0.9006211180124224,0.4931972789115646,0.9925128685072532,0.9321266968325792,0.6373626373626373,0.6368354583686285,0.7428550737094088
0.607,0.9006211180124224,0.4931972789115646,0.9925128685072532,0.9321266968325792,0.6373626373626373,0.6368354583686285,0.7428550737094088
0.608,0.9006211180124224,0.4931972789115646,0.9925128685072532,0.9321266968325792,0.6373626373626373,0.6368354583686285,0.7428550737094088
0.609,0.9006211180124224,0.4931972789115646,0.9925128685072532,0.9321266968325792,0.6373626373626373,0.6368354583686285,0.7428550737094088
0.61,0.90625,0.4931972789115646,0.9929808142255498,0.932538050185109,0.6387665198237885,0.6392971285559739,0.7430890465685572
0.611,0.90625,0.4931972789115646,0.9929808142255498,0.932538050185109,0.6387665198237885,0.6392971285559739,0.7430890465685572
0.612,0.90625,0.4931972789115646,0.9929808142255498,0.932538050185109,0.6387665198237885,0.6392971285559739,0.7430890465685572
0.613,0.90625,0.4931972789115646,0.9929808142255498,0.932538050185109,0.6387665198237885,0.6392971285559739,0.7430890465685572
0.614,0.90625,0.4931972789115646,0.9929808142255498,0.932538050185109,0.6387665198237885,0.6392971285559739,0.7430890465685572
0.615,0.90625,0.4931972789115646,0.9929808142255498,0.932538050185109,0.6387665198237885,0.6392971285559739,0.7430890465685572
0.616,0.9113924050632911,0.4897959183673469,0.9934487599438465,0.932538050185109,0.6371681415929203,0.6391675896587435,0.7416223391555967
0.617,0.9113924050632911,0.4897959183673469,0.9934487599438465,0.932538050185109,0.6371681415929203,0.6391675896587435,0.7416223391555967
0.618,0.9113924050632911,0.4897959183673469,0.9934487599438465,0.932538050185109,0.6371681415929203,0.6391675896587435,0.7416223391555967
0.619,0.9113924050632911,0.4897959183673469,0.9934487599438465,0.932538050185109,0.6371681415929203,0.6391675896587435,0.7416223391555967
0.62,0.9113924050632911,0.4897959183673469,0.9934487599438465,0.932538050185109,0.6371681415929203,0.6391675896587435,0.7416223391555967
0.621,0.9113924050632911,0.4897959183673469,0.9934487599438465,0.932538050185109,0.6371681415929203,0.6391675896587435,0.7416223391555967
0.622,0.9113924050632911,0.4897959183673469,0.9934487599438465,0.932538050185109,0.6371681415929203,0.6391675896587435,0.7416223391555967
0.623,0.9113924050632911,0.4897959183673469,0.9934487599438465,0.932538050185109,0.6371681415929203,0.6391675896587435,0.7416223391555967
0.624,0.9113924050632911,0.4897959183673469,0.9934487599438465,0.932538050185109,0.6371681415929203,0.6391675896587435,0.7416223391555967
0.625,0.9113924050632911,0.4897959183673469,0.9934487599438465,0.932538050185109,0.6371681415929203,0.6391675896587435,0.7416223391555967
0.626,0.9113924050632911,0.4897959183673469,0.9934487599438465,0.932538050185109,0.6371681415929203,0.6391675896587435,0.7416223391555967
0.627,0.9113924050632911,0.4897959183673469,0.9934487599438465,0.932538050185109,0.6371681415929203,0.6391675896587435,0.7416223391555967
0.628,0.910828025477707,0.48639455782312924,0.9934487599438465,0.9321266968325792,0.6341463414634146,0.6365467735195321,0.7399216588834878
0.629,0.910828025477707,0.48639455782312924,0.9934487599438465,0.9321266968325792,0.6341463414634146,0.6365467735195321,0.7399216588834878
0.63,0.910828025477707,0.48639455782312924,0.9934487599438465,0.9321266968325792,0.6341463414634146,0.6365467735195321,0.7399216588834878
0.631,0.910828025477707,0.48639455782312924,0.9934487599438465,0.9321266968325792,0.6341463414634146,0.6365467735195321,0.7399216588834878
0.632,0.9161290322580645,0.48299319727891155,0.9939167056621432,0.9321266968325792,0.6325167037861915,0.6364441353021421,0.7384549514705274
0.633,0.922077922077922,0.48299319727891155,0.9943846513804399,0.932538050185109,0.6339285714285714,0.6389933132715322,0.7386889243296757
0.634,0.922077922077922,0.48299319727891155,0.9943846513804399,0.932538050185109,0.6339285714285714,0.6389933132715322,0.7386889243296757
0.635,0.9281045751633987,0.48299319727891155,0.9948525970987365,0.9329494035376388,0.6353467561521253,0.6415656731466882,0.738922897188824
0.636,0.9281045751633987,0.48299319727891155,0.9948525970987365,0.9329494035376388,0.6353467561521253,0.6415656731466882,0.738922897188824
0.637,0.9281045751633987,0.48299319727891155,0.9948525970987365,0.9329494035376388,0.6353467561521253,0.6415656731466882,0.738922897188824
0.638,0.9281045751633987,0.48299319727891155,0.9948525970987365,0.9329494035376388,0.6353467561521253,0.6415656731466882,0.738922897188824
0.639,0.9281045751633987,0.48299319727891155,0.9948525970987365,0.9329494035376388,0.6353467561521253,0.6415656731466882,0.738922897188824
0.64,0.9342105263157895,0.48299319727891155,0.9953205428170332,0.9333607568901686,0.6367713004484304,0.6441615917511403,0.7391568700479724
0.641,0.9342105263157895,0.48299319727891155,0.9953205428170332,0.9333607568901686,0.6367713004484304,0.6441615917511403,0.7391568700479724
0.642,0.9337748344370861,0.47959183673469385,0.9953205428170332,0.9329494035376388,0.6337078651685393,0.6415544469343782,0.7374561897758636
0.643,0.9337748344370861,0.47959183673469385,0.9953205428170332,0.9329494035376388,0.6337078651685393,0.6415544469343782,0.7374561897758636
0.644,0.9333333333333333,0.47619047619047616,0.9953205428170332,0.932538050185109,0.6306306306306306,0.6389391513572912,0.7357555095037547
0.645,0.9333333333333333,0.47619047619047616,0.9953205428170332,0.932538050185109,0.6306306306306306,0.6389391513572912,0.7357555095037547
0.646,0.9333333333333333,0.47619047619047616,0.9953205428170332,0.932538050185109,0.6306306306306306,0.6389391513572912,0.7357555095037547
0.647,0.9328859060402684,0.47278911564625853,0.9953205428170332,0.9321266968325792,0.6275395033860045,0.6363156050243324,0.7340548292316459
0.648,0.9324324324324325,0.46938775510204084,0.9953205428170332,0.9317153434800494,0.6244343891402715,0.6336837060661549,0.732354148959537
0.649,0.9324324324324325,0.46938775510204084,0.9953205428170332,0.9317153434800494,0.6244343891402715,0.6336837060661549,0.732354148959537
0.65,0.9324324324324325,0.46938775510204084,0.9953205428170332,0.9317153434800494,0.6244343891402715,0.6336837060661549,0.732354148959537
0.651,0.9319727891156463,0.46598639455782315,0.9953205428170332,0.9313039901275195,0.6213151927437641,0.6310433506905421,0.7306534686874282
0.652,0.9319727891156463,0.46598639455782315,0.9953205428170332,0.9313039901275195,0.6213151927437641,0.6310433506905421,0.7306534686874282
0.653,0.9319727891156463,0.46598639455782315,0.9953205428170332,0.9313039901275195,0.6213151927437641,0.6310433506905421,0.7306534686874282
0.654,0.9319727891156463,0.46598639455782315,0.9953205428170332,0.9313039901275195,0.6213151927437641,0.6310433506905421,0.7306534686874282
0.655,0.9319727891156463,0.46598639455782315,0.9953205428170332,0.9313039901275195,0.6213151927437641,0.6310433506905421,0.7306534686874282
0.656,0.9319727891156463,0.46598639455782315,0.9953205428170332,0.9313039901275195,0.6213151927437641,0.6310433506905421,0.7306534686874282
0.657,0.9319727891156463,0.46598639455782315,0.9953205428170332,0.9313039901275195,0.6213151927437641,0.6310433506905421,0.7306534686874282
0.658,0.9319727891156463,0.46598639455782315,0.9953205428170332,0.9313039901275195,0.6213151927437641,0.6310433506905421,0.7306534686874282
0.659,0.9319727891156463,0.46598639455782315,0.9953205428170332,0.9313039901275195,0.6213151927437641,0.6310433506905421,0.7306534686874282
0.66,0.9319727891156463,0.46598639455782315,0.9953205428170332,0.9313039901275195,0.6213151927437641,0.6310433506905421,0.7306534686874282
0.661,0.9319727891156463,0.46598639455782315,0.9953205428170332,0.9313039901275195,0.6213151927437641,0.6310433506905421,0.7306534686874282
0.662,0.9319727891156463,0.46598639455782315,0.9953205428170332,0.9313039901275195,0.6213151927437641,0.6310433506905421,0.7306534686874282
0.663,0.9319727891156463,0.46598639455782315,0.9953205428170332,0.9313039901275195,0.6213151927437641,0.6310433506905421,0.7306534686874282
0.664,0.9319727891156463,0.46598639455782315,0.9953205428170332,0.9313039901275195,0.6213151927437641,0.6310433506905421,0.7306534686874282
0.665,0.9319727891156463,0.46598639455782315,0.9953205428170332,0.9313039901275195,0.6213151927437641,0.6310433506905421,0.7306534686874282
0.666,0.9319727891156463,0.46598639455782315,0.9953205428170332,0.9313039901275195,0.6213151927437641,0.6310433506905421,0.7306534686874282
0.667,0.9319727891156463,0.46598639455782315,0.9953205428170332,0.9313039901275195,0.6213151927437641,0.6310433506905421,0.7306534686874282
0.668,0.9315068493150684,0.46258503401360546,0.9953205428170332,0.9308926367749897,0.6181818181818182,0.6283944331316914,0.7289527884153193
0.669,0.9315068493150684,0.46258503401360546,0.9953205428170332,0.9308926367749897,0.6181818181818182,0.6283944331316914,0.7289527884153193
0.67,0.9315068493150684,0.46258503401360546,0.9953205428170332,0.9308926367749897,0.6181818181818182,0.6283944331316914,0.7289527884153193
0.671,0.9315068493150684,0.46258503401360546,0.9953205428170332,0.9308926367749897,0.6181818181818182,0.6283944331316914,0.7289527884153193
0.672,0.9315068493150684,0.46258503401360546,0.9953205428170332,0.9308926367749897,0.6181818181818182,0.6283944331316914,0.7289527884153193
0.673,0.9379310344827586,0.46258503401360546,0.9957884885353299,0.9313039901275195,0.6195899772209568,0.6310638973799205,0.7291867612744677
0.674,0.9444444444444444,0.46258503401360546,0.9962564342536265,0.9317153434800494,0.6210045662100456,0.6337591735892882,0.729420734133616
0.675,0.9444444444444444,0.46258503401360546,0.9962564342536265,0.9317153434800494,0.6210045662100456,0.6337591735892882,0.729420734133616
0.676,0.9444444444444444,0.46258503401360546,0.9962564342536265,0.9317153434800494,0.6210045662100456,0.6337591735892882,0.729420734133616
0.677,0.951048951048951,0.46258503401360546,0.9967243799719232,0.9321266968325792,0.6224256292906178,0.6364807076269416,0.7296547069927644
0.678,0.951048951048951,0.46258503401360546,0.9967243799719232,0.9321266968325792,0.6224256292906178,0.6364807076269416,0.7296547069927644
0.679,0.951048951048951,0.46258503401360546,0.9967243799719232,0.9321266968325792,0.6224256292906178,0.6364807076269416,0.7296547069927644
0.68,0.951048951048951,0.46258503401360546,0.9967243799719232,0.9321266968325792,0.6224256292906178,0.6364807076269416,0.7296547069927644
0.681,0.951048951048951,0.46258503401360546,0.9967243799719232,0.9321266968325792,0.6224256292906178,0.6364807076269416,0.7296547069927644
0.682,0.951048951048951,0.46258503401360546,0.9967243799719232,0.9321266968325792,0.6224256292906178,0.6364807076269416,0.7296547069927644
0.683,0.951048951048951,0.46258503401360546,0.9967243799719232,0.9321266968325792,0.6224256292906178,0.6364807076269416,0.7296547069927644
0.684,0.951048951048951,0.46258503401360546,0.9967243799719232,0.9321266968325792,0.6224256292906178,0.6364807076269416,0.7296547069927644
0.685,0.951048951048951,0.46258503401360546,0.9967243799719232,0.9321266968325792,0.6224256292906178,0.6364807076269416,0.7296547069927644
0.686,0.951048951048951,0.46258503401360546,0.9967243799719232,0.9321266968325792,0.6224256292906178,0.6364807076269416,0.7296547069927644
0.687,0.951048951048951,0.46258503401360546,0.9967243799719232,0.9321266968325792,0.6224256292906178,0.6364807076269416,0.7296547069927644
0.6880000000000001,0.951048951048951,0.46258503401360546,0.9967243799719232,0.9321266968325792,0.6224256292906178,0.6364807076269416,0.7296547069927644
0.6890000000000001,0.950354609929078,0.4557823129251701,0.9967243799719232,0.9313039901275195,0.6160919540229886,0.6312096588840344,0.7262533464485467
0.6900000000000001,0.950354609929078,0.4557823129251701,0.9967243799719232,0.9313039901275195,0.6160919540229886,0.6312096588840344,0.7262533464485467
0.6910000000000001,0.950354609929078,0.4557823129251701,0.9967243799719232,0.9313039901275195,0.6160919540229886,0.6312096588840344,0.7262533464485467
0.6920000000000001,0.950354609929078,0.4557823129251701,0.9967243799719232,0.9313039901275195,0.6160919540229886,0.6312096588840344,0.7262533464485467
0.6930000000000001,0.950354609929078,0.4557823129251701,0.9967243799719232,0.9313039901275195,0.6160919540229886,0.6312096588840344,0.7262533464485467
0.6940000000000001,0.950354609929078,0.4557823129251701,0.9967243799719232,0.9313039901275195,0.6160919540229886,0.6312096588840344,0.7262533464485467
0.6950000000000001,0.950354609929078,0.4557823129251701,0.9967243799719232,0.9313039901275195,0.6160919540229886,0.6312096588840344,0.7262533464485467
0.6960000000000001,0.950354609929078,0.4557823129251701,0.9967243799719232,0.9313039901275195,0.6160919540229886,0.6312096588840344,0.7262533464485467
0.6970000000000001,0.950354609929078,0.4557823129251701,0.9967243799719232,0.9313039901275195,0.6160919540229886,0.6312096588840344,0.7262533464485467
0.6980000000000001,0.9571428571428572,0.4557823129251701,0.99719232569022,0.9317153434800494,0.6175115207373272,0.6339766330162838,0.7264873193076951
0.6990000000000001,0.9571428571428572,0.4557823129251701,0.99719232569022,0.9317153434800494,0.6175115207373272,0.6339766330162838,0.7264873193076951
0.7000000000000001,0.9571428571428572,0.4557823129251701,0.99719232569022,0.9317153434800494,0.6175115207373272,0.6339766330162838,0.7264873193076951
0.7010000000000001,0.9571428571428572,0.4557823129251701,0.99719232569022,0.9317153434800494,0.6175115207373272,0.6339766330162838,0.7264873193076951
0.7020000000000001,0.9571428571428572,0.4557823129251701,0.99719232569022,0.9317153434800494,0.6175115207373272,0.6339766330162838,0.7264873193076951
0.7030000000000001,0.9571428571428572,0.4557823129251701,0.99719232569022,0.9317153434800494,0.6175115207373272,0.6339766330162838,0.7264873193076951
0.704,0.9568345323741008,0.4523809523809524,0.99719232569022,0.9313039901275195,0.6143187066974596,0.6313376786176458,0.7247866390355862
0.705,0.9568345323741008,0.4523809523809524,0.99719232569022,0.9313039901275195,0.6143187066974596,0.6313376786176458,0.7247866390355862
0.706,0.9568345323741008,0.4523809523809524,0.99719232569022,0.9313039901275195,0.6143187066974596,0.6313376786176458,0.7247866390355862
0.707,0.9568345323741008,0.4523809523809524,0.99719232569022,0.9313039901275195,0.6143187066974596,0.6313376786176458,0.7247866390355862
0.708,0.9568345323741008,0.4523809523809524,0.99719232569022,0.9313039901275195,0.6143187066974596,0.6313376786176458,0.7247866390355862
0.709,0.9568345323741008,0.4523809523809524,0.99719232569022,0.9313039901275195,0.6143187066974596,0.6313376786176458,0.7247866390355862
0.71,0.9568345323741008,0.4523809523809524,0.99719232569022,0.9313039901275195,0.6143187066974596,0.6313376786176458,0.7247866390355862
0.711,0.9568345323741008,0.4523809523809524,0.99719232569022,0.9313039901275195,0.6143187066974596,0.6313376786176458,0.7247866390355862
0.712,0.9568345323741008,0.4523809523809524,0.99719232569022,0.9313039901275195,0.6143187066974596,0.6313376786176458,0.7247866390355862
0.713,0.9568345323741008,0.4523809523809524,0.99719232569022,0.9313039901275195,0.6143187066974596,0.6313376786176458,0.7247866390355862
0.714,0.9565217391304348,0.4489795918367347,0.99719232569022,0.9308926367749897,0.6111111111111112,0.628690050892934,0.7230859587634774
0.715,0.9565217391304348,0.4489795918367347,0.99719232569022,0.9308926367749897,0.6111111111111112,0.628690050892934,0.7230859587634774
0.716,0.9565217391304348,0.4489795918367347,0.99719232569022,0.9308926367749897,0.6111111111111112,0.628690050892934,0.7230859587634774
0.717,0.9562043795620438,0.445578231292517,0.99719232569022,0.93048128342246,0.6078886310904872,0.6260336385640363,0.7213852784913685
0.718,0.9562043795620438,0.445578231292517,0.99719232569022,0.93048128342246,0.6078886310904872,0.6260336385640363,0.7213852784913685
0.719,0.9562043795620438,0.445578231292517,0.99719232569022,0.93048128342246,0.6078886310904872,0.6260336385640363,0.7213852784913685
0.72,0.9562043795620438,0.445578231292517,0.99719232569022,0.93048128342246,0.6078886310904872,0.6260336385640363,0.7213852784913685
0.721,0.9562043795620438,0.445578231292517,0.99719232569022,0.93048128342246,0.6078886310904872,0.6260336385640363,0.7213852784913685
0.722,0.9562043795620438,0.445578231292517,0.99719232569022,0.93048128342246,0.6078886310904872,0.6260336385640363,0.7213852784913685
0.723,0.9562043795620438,0.445578231292517,0.99719232569022,0.93048128342246,0.6078886310904872,0.6260336385640363,0.7213852784913685
0.724,0.9562043795620438,0.445578231292517,0.99719232569022,0.93048128342246,0.6078886310904872,0.6260336385640363,0.7213852784913685
0.725,0.9562043795620438,0.445578231292517,0.99719232569022,0.93048128342246,0.6078886310904872,0.6260336385640363,0.7213852784913685
0.726,0.9562043795620438,0.445578231292517,0.99719232569022,0.93048128342246,0.6078886310904872,0.6260336385640363,0.7213852784913685
0.727,0.9562043795620438,0.445578231292517,0.99719232569022,0.93048128342246,0.6078886310904872,0.6260336385640363,0.7213852784913685
0.728,0.9562043795620438,0.445578231292517,0.99719232569022,0.93048128342246,0.6078886310904872,0.6260336385640363,0.7213852784913685
0.729,0.9562043795620438,0.445578231292517,0.99719232569022,0.93048128342246,0.6078886310904872,0.6260336385640363,0.7213852784913685
0.73,0.9562043795620438,0.445578231292517,0.99719232569022,0.93048128342246,0.6078886310904872,0.6260336385640363,0.7213852784913685
0.731,0.9562043795620438,0.445578231292517,0.99719232569022,0.93048128342246,0.6078886310904872,0.6260336385640363,0.7213852784913685
0.732,0.9558823529411765,0.4421768707482993,0.99719232569022,0.9300699300699301,0.6046511627906976,0.6233683281467067,0.7196845982192597
0.733,0.9558823529411765,0.4421768707482993,0.99719232569022,0.9300699300699301,0.6046511627906976,0.6233683281467067,0.7196845982192597
0.734,0.9558823529411765,0.4421768707482993,0.99719232569022,0.9300699300699301,0.6046511627906976,0.6233683281467067,0.7196845982192597
0.735,0.9558823529411765,0.4421768707482993,0.99719232569022,0.9300699300699301,0.6046511627906976,0.6233683281467067,0.7196845982192597
0.736,0.9555555555555556,0.4387755102040816,0.99719232569022,0.9296585767174003,0.6013986013986014,0.6206940038891711,0.7179839179471508
0.737,0.9555555555555556,0.4387755102040816,0.99719232569022,0.9296585767174003,0.6013986013986014,0.6206940038891711,0.7179839179471508
0.738,0.9555555555555556,0.4387755102040816,0.99719232569022,0.9296585767174003,0.6013986013986014,0.6206940038891711,0.7179839179471508
0.739,0.9555555555555556,0.4387755102040816,0.99719232569022,0.9296585767174003,0.6013986013986014,0.6206940038891711,0.7179839179471508
0.74,0.9555555555555556,0.4387755102040816,0.99719232569022,0.9296585767174003,0.6013986013986014,0.6206940038891711,0.7179839179471508
0.741,0.9555555555555556,0.4387755102040816,0.99719232569022,0.9296585767174003,0.6013986013986014,0.6206940038891711,0.7179839179471508
0.742,0.9555555555555556,0.4387755102040816,0.99719232569022,0.9296585767174003,0.6013986013986014,0.6206940038891711,0.7179839179471508
0.743,0.9555555555555556,0.4387755102040816,0.99719232569022,0.9296585767174003,0.6013986013986014,0.6206940038891711,0.7179839179471508
0.744,0.9555555555555556,0.4387755102040816,0.99719232569022,0.9296585767174003,0.6013986013986014,0.6206940038891711,0.7179839179471508
0.745,0.9555555555555556,0.4387755102040816,0.99719232569022,0.9296585767174003,0.6013986013986014,0.6206940038891711,0.7179839179471508
0.746,0.9555555555555556,0.4387755102040816,0.99719232569022,0.9296585767174003,0.6013986013986014,0.6206940038891711,0.7179839179471508
0.747,0.9555555555555556,0.4387755102040816,0.99719232569022,0.9296585767174003,0.6013986013986014,0.6206940038891711,0.7179839179471508
0.748,0.9626865671641791,0.4387755102040816,0.9976602714085167,0.9300699300699301,0.602803738317757,0.6235386508298255,0.7182178908062992
0.749,0.9626865671641791,0.4387755102040816,0.9976602714085167,0.9300699300699301,0.602803738317757,0.6235386508298255,0.7182178908062992
0.75,0.9626865671641791,0.4387755102040816,0.9976602714085167,0.9300699300699301,0.602803738317757,0.6235386508298255,0.7182178908062992
0.751,0.9626865671641791,0.4387755102040816,0.9976602714085167,0.9300699300699301,0.602803738317757,0.6235386508298255,0.7182178908062992
0.752,0.9699248120300752,0.4387755102040816,0.9981282171268133,0.93048128342246,0.6042154566744731,0.6264131173114256,0.7184518636654474
0.753,0.9699248120300752,0.4387755102040816,0.9981282171268133,0.93048128342246,0.6042154566744731,0.6264131173114256,0.7184518636654474
0.754,0.9772727272727273,0.4387755102040816,0.99859616284511,0.9308926367749897,0.6056338028169014,0.6293179612006624,0.7186858365245958
0.755,0.9772727272727273,0.4387755102040816,0.99859616284511,0.9308926367749897,0.6056338028169014,0.6293179612006624,0.7186858365245958
0.756,0.9772727272727273,0.4387755102040816,0.99859616284511,0.9308926367749897,0.6056338028169014,0.6293179612006624,0.7186858365245958
0.757,0.9772727272727273,0.4387755102040816,0.99859616284511,0.9308926367749897,0.6056338028169014,0.6293179612006624,0.7186858365245958
0.758,0.9772727272727273,0.4387755102040816,0.99859616284511,0.9308926367749897,0.6056338028169014,0.6293179612006624,0.7186858365245958
0.759,0.9772727272727273,0.4387755102040816,0.99859616284511,0.9308926367749897,0.6056338028169014,0.6293179612006624,0.7186858365245958
0.76,0.9772727272727273,0.4387755102040816,0.99859616284511,0.9308926367749897,0.6056338028169014,0.6293179612006624,0.7186858365245958
0.761,0.9772727272727273,0.4387755102040816,0.99859616284511,0.9308926367749897,0.6056338028169014,0.6293179612006624,0.7186858365245958
0.762,0.9772727272727273,0.4387755102040816,0.99859616284511,0.9308926367749897,0.6056338028169014,0.6293179612006624,0.7186858365245958
0.763,0.9772727272727273,0.4387755102040816,0.99859616284511,0.9308926367749897,0.6056338028169014,0.6293179612006624,0.7186858365245958
0.764,0.9772727272727273,0.4387755102040816,0.99859616284511,0.9308926367749897,0.6056338028169014,0.6293179612006624,0.7186858365245958
0.765,0.9772727272727273,0.4387755102040816,0.99859616284511,0.9308926367749897,0.6056338028169014,0.6293179612006624,0.7186858365245958
0.766,0.9772727272727273,0.4387755102040816,0.99859616284511,0.9308926367749897,0.6056338028169014,0.6293179612006624,0.7186858365245958
0.767,0.9772727272727273,0.4387755102040816,0.99859616284511,0.9308926367749897,0.6056338028169014,0.6293179612006624,0.7186858365245958
0.768,0.9772727272727273,0.4387755102040816,0.99859616284511,0.9308926367749897,0.6056338028169014,0.6293179612006624,0.7186858365245958
0.769,0.9772727272727273,0.4387755102040816,0.99859616284511,0.9308926367749897,0.6056338028169014,0.6293179612006624,0.7186858365245958
0.77,0.9772727272727273,0.4387755102040816,0.99859616284511,0.9308926367749897,0.6056338028169014,0.6293179612006624,0.7186858365245958
0.771,0.9772727272727273,0.4387755102040816,0.99859616284511,0.9308926367749897,0.6056338028169014,0.6293179612006624,0.7186858365245958
0.772,0.9772727272727273,0.4387755102040816,0.99859616284511,0.9308926367749897,0.6056338028169014,0.6293179612006624,0.7186858365245958
0.773,0.9772727272727273,0.4387755102040816,0.99859616284511,0.9308926367749897,0.6056338028169014,0.6293179612006624,0.7186858365245958
0.774,0.9772727272727273,0.4387755102040816,0.99859616284511,0.9308926367749897,0.6056338028169014,0.6293179612006624,0.7186858365245958
0.775,0.9772727272727273,0.4387755102040816,0.99859616284511,0.9308926367749897,0.6056338028169014,0.6293179612006624,0.7186858365245958
0.776,0.9772727272727273,0.4387755102040816,0.99859616284511,0.9308926367749897,0.6056338028169014,0.6293179612006624,0.7186858365245958
0.777,0.9772727272727273,0.4387755102040816,0.99859616284511,0.9308926367749897,0.6056338028169014,0.6293179612006624,0.7186858365245958
0.778,0.9772727272727273,0.4387755102040816,0.99859616284511,0.9308926367749897,0.6056338028169014,0.6293179612006624,0.7186858365245958
0.779,0.9772727272727273,0.4387755102040816,0.99859616284511,0.9308926367749897,0.6056338028169014,0.6293179612006624,0.7186858365245958
0.78,0.9772727272727273,0.4387755102040816,0.99859616284511,0.9308926367749897,0.6056338028169014,0.6293179612006624,0.7186858365245958
0.781,0.9770992366412213,0.43537414965986393,0.99859616284511,0.93048128342246,0.6023529411764705,0.6266663589785055,0.7169851562524869
0.782,0.9770992366412213,0.43537414965986393,0.99859616284511,0.93048128342246,0.6023529411764705,0.6266663589785055,0.7169851562524869
0.783,0.9770992366412213,0.43537414965986393,0.99859616284511,0.93048128342246,0.6023529411764705,0.6266663589785055,0.7169851562524869
0.784,0.9770992366412213,0.43537414965986393,0.99859616284511,0.93048128342246,0.6023529411764705,0.6266663589785055,0.7169851562524869
0.785,0.9770992366412213,0.43537414965986393,0.99859616284511,0.93048128342246,0.6023529411764705,0.6266663589785055,0.7169851562524869
0.786,0.9770992366412213,0.43537414965986393,0.99859616284511,0.93048128342246,0.6023529411764705,0.6266663589785055,0.7169851562524869
0.787,0.9770992366412213,0.43537414965986393,0.99859616284511,0.93048128342246,0.6023529411764705,0.6266663589785055,0.7169851562524869
0.788,0.9770992366412213,0.43537414965986393,0.99859616284511,0.93048128342246,0.6023529411764705,0.6266663589785055,0.7169851562524869
0.789,0.9770992366412213,0.43537414965986393,0.99859616284511,0.93048128342246,0.6023529411764705,0.6266663589785055,0.7169851562524869
0.79,0.9770992366412213,0.43537414965986393,0.99859616284511,0.93048128342246,0.6023529411764705,0.6266663589785055,0.7169851562524869
0.791,0.9770992366412213,0.43537414965986393,0.99859616284511,0.93048128342246,0.6023529411764705,0.6266663589785055,0.7169851562524869
0.792,0.9770992366412213,0.43537414965986393,0.99859616284511,0.93048128342246,0.6023529411764705,0.6266663589785055,0.7169851562524869
0.793,0.9770992366412213,0.43537414965986393,0.99859616284511,0.93048128342246,0.6023529411764705,0.6266663589785055,0.7169851562524869
0.794,0.9770992366412213,0.43537414965986393,0.99859616284511,0.93048128342246,0.6023529411764705,0.6266663589785055,0.7169851562524869
0.795,0.9770992366412213,0.43537414965986393,0.99859616284511,0.93048128342246,0.6023529411764705,0.6266663589785055,0.7169851562524869
0.796,0.9770992366412213,0.43537414965986393,0.99859616284511,0.93048128342246,0.6023529411764705,0.6266663589785055,0.7169851562524869
0.797,0.9770992366412213,0.43537414965986393,0.99859616284511,0.93048128342246,0.6023529411764705,0.6266663589785055,0.7169851562524869
0.798,0.9770992366412213,0.43537414965986393,0.99859616284511,0.93048128342246,0.6023529411764705,0.6266663589785055,0.7169851562524869
0.799,0.9770992366412213,0.43537414965986393,0.99859616284511,0.93048128342246,0.6023529411764705,0.6266663589785055,0.7169851562524869
0.8,0.9770992366412213,0.43537414965986393,0.99859616284511,0.93048128342246,0.6023529411764705,0.6266663589785055,0.7169851562524869
0.801,0.9770992366412213,0.43537414965986393,0.99859616284511,0.93048128342246,0.6023529411764705,0.6266663589785055,0.7169851562524869
0.802,0.9770992366412213,0.43537414965986393,0.99859616284511,0.93048128342246,0.6023529411764705,0.6266663589785055,0.7169851562524869
0.803,0.9770992366412213,0.43537414965986393,0.99859616284511,0.93048128342246,0.6023529411764705,0.6266663589785055,0.7169851562524869
0.804,0.9770992366412213,0.43537414965986393,0.99859616284511,0.93048128342246,0.6023529411764705,0.6266663589785055,0.7169851562524869
0.805,0.9770992366412213,0.43537414965986393,0.99859616284511,0.93048128342246,0.6023529411764705,0.6266663589785055,0.7169851562524869
0.806,0.9770992366412213,0.43537414965986393,0.99859616284511,0.93048128342246,0.6023529411764705,0.6266663589785055,0.7169851562524869
0.807,0.9770992366412213,0.43537414965986393,0.99859616284511,0.93048128342246,0.6023529411764705,0.6266663589785055,0.7169851562524869
0.808,0.9770992366412213,0.43537414965986393,0.99859616284511,0.93048128342246,0.6023529411764705,0.6266663589785055,0.7169851562524869
0.809,0.9770992366412213,0.43537414965986393,0.99859616284511,0.93048128342246,0.6023529411764705,0.6266663589785055,0.7169851562524869
0.81,0.9770992366412213,0.43537414965986393,0.99859616284511,0.93048128342246,0.6023529411764705,0.6266663589785055,0.7169851562524869
0.811,0.9770992366412213,0.43537414965986393,0.99859616284511,0.93048128342246,0.6023529411764705,0.6266663589785055,0.7169851562524869
0.812,0.9770992366412213,0.43537414965986393,0.99859616284511,0.93048128342246,0.6023529411764705,0.6266663589785055,0.7169851562524869
0.8130000000000001,0.9770992366412213,0.43537414965986393,0.99859616284511,0.93048128342246,0.6023529411764705,0.6266663589785055,0.7169851562524869
0.8140000000000001,0.9770992366412213,0.43537414965986393,0.99859616284511,0.93048128342246,0.6023529411764705,0.6266663589785055,0.7169851562524869
0.8150000000000001,0.9769230769230769,0.43197278911564624,0.99859616284511,0.9300699300699301,0.5990566037735849,0.6240058349967668,0.7152844759803781
0.8160000000000001,0.9769230769230769,0.43197278911564624,0.99859616284511,0.9300699300699301,0.5990566037735849,0.6240058349967668,0.7152844759803781
0.8170000000000001,0.9769230769230769,0.43197278911564624,0.99859616284511,0.9300699300699301,0.5990566037735849,0.6240058349967668,0.7152844759803781
0.8180000000000001,0.9769230769230769,0.43197278911564624,0.99859616284511,0.9300699300699301,0.5990566037735849,0.6240058349967668,0.7152844759803781
0.8190000000000001,0.9769230769230769,0.43197278911564624,0.99859616284511,0.9300699300699301,0.5990566037735849,0.6240058349967668,0.7152844759803781
0.8200000000000001,0.9769230769230769,0.43197278911564624,0.99859616284511,0.9300699300699301,0.5990566037735849,0.6240058349967668,0.7152844759803781
0.8210000000000001,0.9769230769230769,0.43197278911564624,0.99859616284511,0.9300699300699301,0.5990566037735849,0.6240058349967668,0.7152844759803781
0.8220000000000001,0.9769230769230769,0.43197278911564624,0.99859616284511,0.9300699300699301,0.5990566037735849,0.6240058349967668,0.7152844759803781
0.8230000000000001,0.9769230769230769,0.43197278911564624,0.99859616284511,0.9300699300699301,0.5990566037735849,0.6240058349967668,0.7152844759803781
0.8240000000000001,0.9844961240310077,0.43197278911564624,0.9990641085634067,0.93048128342246,0.6004728132387707,0.6269643684632085,0.7155184488395264
0.8250000000000001,0.9844961240310077,0.43197278911564624,0.9990641085634067,0.93048128342246,0.6004728132387707,0.6269643684632085,0.7155184488395264
0.8260000000000001,0.9844961240310077,0.43197278911564624,0.9990641085634067,0.93048128342246,0.6004728132387707,0.6269643684632085,0.7155184488395264
0.8270000000000001,0.9844961240310077,0.43197278911564624,0.9990641085634067,0.93048128342246,0.6004728132387707,0.6269643684632085,0.7155184488395264
0.8280000000000001,0.9844961240310077,0.43197278911564624,0.9990641085634067,0.93048128342246,0.6004728132387707,0.6269643684632085,0.7155184488395264
0.8290000000000001,0.9844961240310077,0.43197278911564624,0.9990641085634067,0.93048128342246,0.6004728132387707,0.6269643684632085,0.7155184488395264
0.8300000000000001,0.9844961240310077,0.43197278911564624,0.9990641085634067,0.93048128342246,0.6004728132387707,0.6269643684632085,0.7155184488395264
0.8310000000000001,0.9844961240310077,0.43197278911564624,0.9990641085634067,0.93048128342246,0.6004728132387707,0.6269643684632085,0.7155184488395264
0.8320000000000001,0.9844961240310077,0.43197278911564624,0.9990641085634067,0.93048128342246,0.6004728132387707,0.6269643684632085,0.7155184488395264
0.833,0.9844961240310077,0.43197278911564624,0.9990641085634067,0.93048128342246,0.6004728132387707,0.6269643684632085,0.7155184488395264
0.834,0.9844961240310077,0.43197278911564624,0.9990641085634067,0.93048128342246,0.6004728132387707,0.6269643684632085,0.7155184488395264
0.835,0.984375,0.42857142857142855,0.9990641085634067,0.9300699300699301,0.5971563981042654,0.6243063625539568,0.7138177685674176
0.836,0.984375,0.42857142857142855,0.9990641085634067,0.9300699300699301,0.5971563981042654,0.6243063625539568,0.7138177685674176
0.837,0.984375,0.42857142857142855,0.9990641085634067,0.9300699300699301,0.5971563981042654,0.6243063625539568,0.7138177685674176
0.838,0.984375,0.42857142857142855,0.9990641085634067,0.9300699300699301,0.5971563981042654,0.6243063625539568,0.7138177685674176
0.839,0.984375,0.42857142857142855,0.9990641085634067,0.9300699300699301,0.5971563981042654,0.6243063625539568,0.7138177685674176
0.84,0.984375,0.42857142857142855,0.9990641085634067,0.9300699300699301,0.5971563981042654,0.6243063625539568,0.7138177685674176
0.841,0.984375,0.42857142857142855,0.9990641085634067,0.9300699300699301,0.5971563981042654,0.6243063625539568,0.7138177685674176
0.842,0.984375,0.42857142857142855,0.9990641085634067,0.9300699300699301,0.5971563981042654,0.6243063625539568,0.7138177685674176
0.843,0.984375,0.42857142857142855,0.9990641085634067,0.9300699300699301,0.5971563981042654,0.6243063625539568,0.7138177685674176
0.844,0.984375,0.42857142857142855,0.9990641085634067,0.9300699300699301,0.5971563981042654,0.6243063625539568,0.7138177685674176
0.845,0.984251968503937,0.42517006802721086,0.9990641085634067,0.9296585767174003,0.5938242280285035,0.6216393262624021,0.7121170882953087
0.846,0.9841269841269841,0.4217687074829932,0.9990641085634067,0.9292472233648704,0.5904761904761905,0.6189631401038158,0.7104164080231999
0.847,0.9841269841269841,0.4217687074829932,0.9990641085634067,0.9292472233648704,0.5904761904761905,0.6189631401038158,0.7104164080231999
0.848,0.9841269841269841,0.4217687074829932,0.9990641085634067,0.9292472233648704,0.5904761904761905,0.6189631401038158,0.7104164080231999
0.849,0.9841269841269841,0.4217687074829932,0.9990641085634067,0.9292472233648704,0.5904761904761905,0.6189631401038158,0.7104164080231999
0.85,0.9841269841269841,0.4217687074829932,0.9990641085634067,0.9292472233648704,0.5904761904761905,0.6189631401038158,0.7104164080231999
0.851,0.9841269841269841,0.4217687074829932,0.9990641085634067,0.9292472233648704,0.5904761904761905,0.6189631401038158,0.7104164080231999
0.852,0.9841269841269841,0.4217687074829932,0.9990641085634067,0.9292472233648704,0.5904761904761905,0.6189631401038158,0.7104164080231999
0.853,0.984,0.41836734693877553,0.9990641085634067,0.9288358700123406,0.5871121718377088,0.6162776821284143,0.7087157277510912
0.854,0.984,0.41836734693877553,0.9990641085634067,0.9288358700123406,0.5871121718377088,0.6162776821284143,0.7087157277510912
0.855,0.984,0.41836734693877553,0.9990641085634067,0.9288358700123406,0.5871121718377088,0.6162776821284143,0.7087157277510912
0.856,0.984,0.41836734693877553,0.9990641085634067,0.9288358700123406,0.5871121718377088,0.6162776821284143,0.7087157277510912
0.857,0.984,0.41836734693877553,0.9990641085634067,0.9288358700123406,0.5871121718377088,0.6162776821284143,0.7087157277510912
0.858,0.984,0.41836734693877553,0.9990641085634067,0.9288358700123406,0.5871121718377088,0.6162776821284143,0.7087157277510912
0.859,0.984,0.41836734693877553,0.9990641085634067,0.9288358700123406,0.5871121718377088,0.6162776821284143,0.7087157277510912
0.86,0.984,0.41836734693877553,0.9990641085634067,0.9288358700123406,0.5871121718377088,0.6162776821284143,0.7087157277510912
0.861,0.984,0.41836734693877553,0.9990641085634067,0.9288358700123406,0.5871121718377088,0.6162776821284143,0.7087157277510912
0.862,0.984,0.41836734693877553,0.9990641085634067,0.9288358700123406,0.5871121718377088,0.6162776821284143,0.7087157277510912
0.863,0.984,0.41836734693877553,0.9990641085634067,0.9288358700123406,0.5871121718377088,0.6162776821284143,0.7087157277510912
0.864,0.984,0.41836734693877553,0.9990641085634067,0.9288358700123406,0.5871121718377088,0.6162776821284143,0.7087157277510912
0.865,0.984,0.41836734693877553,0.9990641085634067,0.9288358700123406,0.5871121718377088,0.6162776821284143,0.7087157277510912
0.866,0.984,0.41836734693877553,0.9990641085634067,0.9288358700123406,0.5871121718377088,0.6162776821284143,0.7087157277510912
0.867,0.984,0.41836734693877553,0.9990641085634067,0.9288358700123406,0.5871121718377088,0.6162776821284143,0.7087157277510912
0.868,0.984,0.41836734693877553,0.9990641085634067,0.9288358700123406,0.5871121718377088,0.6162776821284143,0.7087157277510912
0.869,0.984,0.41836734693877553,0.9990641085634067,0.9288358700123406,0.5871121718377088,0.6162776821284143,0.7087157277510912
0.87,0.984,0.41836734693877553,0.9990641085634067,0.9288358700123406,0.5871121718377088,0.6162776821284143,0.7087157277510912
0.871,0.9838709677419355,0.41496598639455784,0.9990641085634067,0.9284245166598107,0.583732057416268,0.6135828278496503,0.7070150474789823
0.872,0.9838709677419355,0.41496598639455784,0.9990641085634067,0.9284245166598107,0.583732057416268,0.6135828278496503,0.7070150474789823
0.873,0.983739837398374,0.41156462585034015,0.9990641085634067,0.928013163307281,0.580335731414868,0.6108784501698088,0.7053143672068733
0.874,0.983739837398374,0.41156462585034015,0.9990641085634067,0.928013163307281,0.580335731414868,0.6108784501698088,0.7053143672068733
0.875,0.983739837398374,0.41156462585034015,0.9990641085634067,0.928013163307281,0.580335731414868,0.6108784501698088,0.7053143672068733
0.876,0.9834710743801653,0.40476190476190477,0.9990641085634067,0.9271904566022213,0.5734939759036145,0.6054406026938819,0.7019130066626558
0.877,0.9834710743801653,0.40476190476190477,0.9990641085634067,0.9271904566022213,0.5734939759036145,0.6054406026938819,0.7019130066626558
0.878,0.9916666666666667,0.40476190476190477,0.9995320542817033,0.9276018099547512,0.5748792270531401,0.6085308256512019,0.702146979521804
0.879,0.9916666666666667,0.40476190476190477,0.9995320542817033,0.9276018099547512,0.5748792270531401,0.6085308256512019,0.702146979521804
0.88,0.9916666666666667,0.40476190476190477,0.9995320542817033,0.9276018099547512,0.5748792270531401,0.6085308256512019,0.702146979521804
0.881,0.9916666666666667,0.40476190476190477,0.9995320542817033,0.9276018099547512,0.5748792270531401,0.6085308256512019,0.702146979521804
0.882,0.9916666666666667,0.40476190476190477,0.9995320542817033,0.9276018099547512,0.5748792270531401,0.6085308256512019,0.702146979521804
0.883,0.9916666666666667,0.40476190476190477,0.9995320542817033,0.9276018099547512,0.5748792270531401,0.6085308256512019,0.702146979521804
0.884,0.9916666666666667,0.40476190476190477,0.9995320542817033,0.9276018099547512,0.5748792270531401,0.6085308256512019,0.702146979521804
0.885,0.9916666666666667,0.40476190476190477,0.9995320542817033,0.9276018099547512,0.5748792270531401,0.6085308256512019,0.702146979521804
0.886,0.9916666666666667,0.40476190476190477,0.9995320542817033,0.9276018099547512,0.5748792270531401,0.6085308256512019,0.702146979521804
0.887,0.9916666666666667,0.40476190476190477,0.9995320542817033,0.9276018099547512,0.5748792270531401,0.6085308256512019,0.702146979521804
0.888,0.989010989010989,0.30612244897959184,0.9995320542817033,0.9156725627313863,0.4675324675324675,0.5250227230489128,0.6528272516306476
0.889,0.989010989010989,0.30612244897959184,0.9995320542817033,0.9156725627313863,0.4675324675324675,0.5250227230489128,0.6528272516306476
0.89,0.989010989010989,0.30612244897959184,0.9995320542817033,0.9156725627313863,0.4675324675324675,0.5250227230489128,0.6528272516306476
0.891,0.989010989010989,0.30612244897959184,0.9995320542817033,0.9156725627313863,0.4675324675324675,0.5250227230489128,0.6528272516306476
0.892,0.989010989010989,0.30612244897959184,0.9995320542817033,0.9156725627313863,0.4675324675324675,0.5250227230489128,0.6528272516306476
0.893,0.989010989010989,0.30612244897959184,0.9995320542817033,0.9156725627313863,0.4675324675324675,0.5250227230489128,0.6528272516306476
0.894,0.989010989010989,0.30612244897959184,0.9995320542817033,0.9156725627313863,0.4675324675324675,0.5250227230489128,0.6528272516306476
0.895,0.989010989010989,0.30612244897959184,0.9995320542817033,0.9156725627313863,0.4675324675324675,0.5250227230489128,0.6528272516306476
0.896,0.989010989010989,0.30612244897959184,0.9995320542817033,0.9156725627313863,0.4675324675324675,0.5250227230489128,0.6528272516306476
0.897,0.989010989010989,0.30612244897959184,0.9995320542817033,0.9156725627313863,0.4675324675324675,0.5250227230489128,0.6528272516306476
0.898,0.989010989010989,0.30612244897959184,0.9995320542817033,0.9156725627313863,0.4675324675324675,0.5250227230489128,0.6528272516306476
0.899,0.9888888888888889,0.30272108843537415,0.9995320542817033,0.9152612093788565,0.4635416666666667,0.5219450580679087,0.6511265713585388
0.9,0.9888888888888889,0.30272108843537415,0.9995320542817033,0.9152612093788565,0.4635416666666667,0.5219450580679087,0.6511265713585388
0.901,0.9887640449438202,0.29931972789115646,0.9995320542817033,0.9148498560263266,0.4595300261096606,0.518851799904795,0.6494258910864299
0.902,0.9887640449438202,0.29931972789115646,0.9995320542817033,0.9148498560263266,0.4595300261096606,0.518851799904795,0.6494258910864299
0.903,0.9887640449438202,0.29931972789115646,0.9995320542817033,0.9148498560263266,0.4595300261096606,0.518851799904795,0.6494258910864299
0.904,0.9887640449438202,0.29931972789115646,0.9995320542817033,0.9148498560263266,0.4595300261096606,0.518851799904795,0.6494258910864299
0.905,0.9887640449438202,0.29931972789115646,0.9995320542817033,0.9148498560263266,0.4595300261096606,0.518851799904795,0.6494258910864299
0.906,0.9887640449438202,0.29931972789115646,0.9995320542817033,0.9148498560263266,0.4595300261096606,0.518851799904795,0.6494258910864299
0.907,0.9886363636363636,0.29591836734693877,0.9995320542817033,0.9144385026737968,0.45549738219895286,0.5157426649256718,0.647725210814321
0.908,1.0,0.2925170068027211,1.0,0.9144385026737968,0.45263157894736844,0.51630507978366,0.6462585034013606
0.909,1.0,0.2925170068027211,1.0,0.9144385026737968,0.45263157894736844,0.51630507978366,0.6462585034013606
0.91,1.0,0.2925170068027211,1.0,0.9144385026737968,0.45263157894736844,0.51630507978366,0.6462585034013606
0.911,1.0,0.2925170068027211,1.0,0.9144385026737968,0.45263157894736844,0.51630507978366,0.6462585034013606
0.912,1.0,0.2925170068027211,1.0,0.9144385026737968,0.45263157894736844,0.51630507978366,0.6462585034013606
0.913,1.0,0.2925170068027211,1.0,0.9144385026737968,0.45263157894736844,0.51630507978366,0.6462585034013606
0.914,1.0,0.2925170068027211,1.0,0.9144385026737968,0.45263157894736844,0.51630507978366,0.6462585034013606
0.915,1.0,0.2925170068027211,1.0,0.9144385026737968,0.45263157894736844,0.51630507978366,0.6462585034013606
0.916,1.0,0.2925170068027211,1.0,0.9144385026737968,0.45263157894736844,0.51630507978366,0.6462585034013606
0.917,1.0,0.2925170068027211,1.0,0.9144385026737968,0.45263157894736844,0.51630507978366,0.6462585034013606
0.918,1.0,0.2925170068027211,1.0,0.9144385026737968,0.45263157894736844,0.51630507978366,0.6462585034013606
0.919,1.0,0.2925170068027211,1.0,0.9144385026737968,0.45263157894736844,0.51630507978366,0.6462585034013606
0.92,1.0,0.2925170068027211,1.0,0.9144385026737968,0.45263157894736844,0.51630507978366,0.6462585034013606
0.921,1.0,0.2925170068027211,1.0,0.9144385026737968,0.45263157894736844,0.51630507978366,0.6462585034013606
0.922,1.0,0.2925170068027211,1.0,0.9144385026737968,0.45263157894736844,0.51630507978366,0.6462585034013606
0.923,1.0,0.2891156462585034,1.0,0.9140271493212669,0.44854881266490765,0.5131851194014845,0.6445578231292517
0.924,1.0,0.2891156462585034,1.0,0.9140271493212669,0.44854881266490765,0.5131851194014845,0.6445578231292517
0.925,1.0,0.2891156462585034,1.0,0.9140271493212669,0.44854881266490765,0.5131851194014845,0.6445578231292517
0.926,1.0,0.2891156462585034,1.0,0.9140271493212669,0.44854881266490765,0.5131851194014845,0.6445578231292517
0.927,1.0,0.2891156462585034,1.0,0.9140271493212669,0.44854881266490765,0.5131851194014845,0.6445578231292517
0.928,1.0,0.2891156462585034,1.0,0.9140271493212669,0.44854881266490765,0.5131851194014845,0.6445578231292517
0.929,1.0,0.2891156462585034,1.0,0.9140271493212669,0.44854881266490765,0.5131851194014845,0.6445578231292517
0.93,1.0,0.2891156462585034,1.0,0.9140271493212669,0.44854881266490765,0.5131851194014845,0.6445578231292517
0.931,1.0,0.2891156462585034,1.0,0.9140271493212669,0.44854881266490765,0.5131851194014845,0.6445578231292517
0.932,1.0,0.2891156462585034,1.0,0.9140271493212669,0.44854881266490765,0.5131851194014845,0.6445578231292517
0.933,1.0,0.2891156462585034,1.0,0.9140271493212669,0.44854881266490765,0.5131851194014845,0.6445578231292517
0.934,1.0,0.2891156462585034,1.0,0.9140271493212669,0.44854881266490765,0.5131851194014845,0.6445578231292517
0.935,1.0,0.2891156462585034,1.0,0.9140271493212669,0.44854881266490765,0.5131851194014845,0.6445578231292517
0.936,1.0,0.2891156462585034,1.0,0.9140271493212669,0.44854881266490765,0.5131851194014845,0.6445578231292517
0.937,1.0,0.2891156462585034,1.0,0.9140271493212669,0.44854881266490765,0.5131851194014845,0.6445578231292517
0.9380000000000001,1.0,0.2857142857142857,1.0,0.9136157959687371,0.4444444444444444,0.5100487576931234,0.6428571428571428
0.9390000000000001,1.0,0.2857142857142857,1.0,0.9136157959687371,0.4444444444444444,0.5100487576931234,0.6428571428571428
0.9400000000000001,1.0,0.2857142857142857,1.0,0.9136157959687371,0.4444444444444444,0.5100487576931234,0.6428571428571428
0.9410000000000001,1.0,0.2857142857142857,1.0,0.9136157959687371,0.4444444444444444,0.5100487576931234,0.6428571428571428
0.9420000000000001,1.0,0.2857142857142857,1.0,0.9136157959687371,0.4444444444444444,0.5100487576931234,0.6428571428571428
0.9430000000000001,1.0,0.2857142857142857,1.0,0.9136157959687371,0.4444444444444444,0.5100487576931234,0.6428571428571428
0.9440000000000001,1.0,0.2857142857142857,1.0,0.9136157959687371,0.4444444444444444,0.5100487576931234,0.6428571428571428
0.9450000000000001,1.0,0.2857142857142857,1.0,0.9136157959687371,0.4444444444444444,0.5100487576931234,0.6428571428571428
0.9460000000000001,1.0,0.282312925170068,1.0,0.9132044426162074,0.4403183023872679,0.5068956867648736,0.641156462585034
0.9470000000000001,1.0,0.282312925170068,1.0,0.9132044426162074,0.4403183023872679,0.5068956867648736,0.641156462585034
0.9480000000000001,1.0,0.2789115646258503,1.0,0.9127930892636775,0.43617021276595747,0.5037255893773386,0.6394557823129252
0.9490000000000001,1.0,0.2789115646258503,1.0,0.9127930892636775,0.43617021276595747,0.5037255893773386,0.6394557823129252
0.9500000000000001,1.0,0.2789115646258503,1.0,0.9127930892636775,0.43617021276595747,0.5037255893773386,0.6394557823129252
0.9510000000000001,1.0,0.2789115646258503,1.0,0.9127930892636775,0.43617021276595747,0.5037255893773386,0.6394557823129252
0.9520000000000001,1.0,0.2789115646258503,1.0,0.9127930892636775,0.43617021276595747,0.5037255893773386,0.6394557823129252
0.9530000000000001,1.0,0.2789115646258503,1.0,0.9127930892636775,0.43617021276595747,0.5037255893773386,0.6394557823129252
0.9540000000000001,1.0,0.19387755102040816,1.0,0.9025092554504319,0.3247863247863248,0.41775885715809846,0.596938775510204
0.9550000000000001,1.0,0.19387755102040816,1.0,0.9025092554504319,0.3247863247863248,0.41775885715809846,0.596938775510204
0.9560000000000001,1.0,0.19387755102040816,1.0,0.9025092554504319,0.3247863247863248,0.41775885715809846,0.596938775510204
0.9570000000000001,1.0,0.19387755102040816,1.0,0.9025092554504319,0.3247863247863248,0.41775885715809846,0.596938775510204
0.9580000000000001,1.0,0.19047619047619047,1.0,0.9020979020979021,0.32,0.41399090711988457,0.5952380952380952
0.9590000000000001,1.0,0.19047619047619047,1.0,0.9020979020979021,0.32,0.41399090711988457,0.5952380952380952
0.96,1.0,0.1870748299319728,1.0,0.9016865487453722,0.3151862464183381,0.41019156215344016,0.5935374149659864
0.961,1.0,0.1836734693877551,1.0,0.9012751953928424,0.3103448275862069,0.406359937563224,0.5918367346938775
0.962,1.0,0.1836734693877551,1.0,0.9012751953928424,0.3103448275862069,0.406359937563224,0.5918367346938775
0.963,1.0,0.1836734693877551,1.0,0.9012751953928424,0.3103448275862069,0.406359937563224,0.5918367346938775
0.964,1.0,0.1836734693877551,1.0,0.9012751953928424,0.3103448275862069,0.406359937563224,0.5918367346938775
0.965,1.0,0.18027210884353742,1.0,0.9008638420403127,0.30547550432276654,0.4024951073461778,0.5901360544217688
0.966,1.0,0.17687074829931973,1.0,0.9004524886877828,0.30057803468208094,0.39859610144516344,0.5884353741496599
0.967,1.0,0.17687074829931973,1.0,0.9004524886877828,0.30057803468208094,0.39859610144516344,0.5884353741496599
0.968,1.0,0.17687074829931973,1.0,0.9004524886877828,0.30057803468208094,0.39859610144516344,0.5884353741496599
0.969,1.0,0.17687074829931973,1.0,0.9004524886877828,0.30057803468208094,0.39859610144516344,0.5884353741496599
0.97,1.0,0.17687074829931973,1.0,0.9004524886877828,0.30057803468208094,0.39859610144516344,0.5884353741496599
0.971,1.0,0.17687074829931973,1.0,0.9004524886877828,0.30057803468208094,0.39859610144516344,0.5884353741496599
0.972,1.0,0.17687074829931973,1.0,0.9004524886877828,0.30057803468208094,0.39859610144516344,0.5884353741496599
0.973,1.0,0.1360544217687075,1.0,0.895516248457425,0.23952095808383234,0.3487135342227431,0.5680272108843537
0.974,1.0,0.1360544217687075,1.0,0.895516248457425,0.23952095808383234,0.3487135342227431,0.5680272108843537
0.975,1.0,0.1360544217687075,1.0,0.895516248457425,0.23952095808383234,0.3487135342227431,0.5680272108843537
0.976,0.0,0.0,1.0,0.879062114356232,0.0,0.0,0.5
0.977,0.0,0.0,1.0,0.879062114356232,0.0,0.0,0.5
0.978,0.0,0.0,1.0,0.879062114356232,0.0,0.0,0.5
0.979,0.0,0.0,1.0,0.879062114356232,0.0,0.0,0.5
0.98,0.0,0.0,1.0,0.879062114356232,0.0,0.0,0.5
0.981,0.0,0.0,1.0,0.879062114356232,0.0,0.0,0.5
0.982,0.0,0.0,1.0,0.879062114356232,0.0,0.0,0.5
0.983,0.0,0.0,1.0,0.879062114356232,0.0,0.0,0.5
0.984,0.0,0.0,1.0,0.879062114356232,0.0,0.0,0.5
0.985,0.0,0.0,1.0,0.879062114356232,0.0,0.0,0.5
0.986,0.0,0.0,1.0,0.879062114356232,0.0,0.0,0.5
0.987,0.0,0.0,1.0,0.879062114356232,0.0,0.0,0.5
0.988,0.0,0.0,1.0,0.879062114356232,0.0,0.0,0.5
0.989,0.0,0.0,1.0,0.879062114356232,0.0,0.0,0.5
0.99,0.0,0.0,1.0,0.879062114356232,0.0,0.0,0.5
0.991,0.0,0.0,1.0,0.879062114356232,0.0,0.0,0.5
0.992,0.0,0.0,1.0,0.879062114356232,0.0,0.0,0.5
0.993,0.0,0.0,1.0,0.879062114356232,0.0,0.0,0.5
0.994,0.0,0.0,1.0,0.879062114356232,0.0,0.0,0.5
0.995,0.0,0.0,1.0,0.879062114356232,0.0,0.0,0.5
0.996,0.0,0.0,1.0,0.879062114356232,0.0,0.0,0.5
0.997,0.0,0.0,1.0,0.879062114356232,0.0,0.0,0.5
0.998,0.0,0.0,1.0,0.879062114356232,0.0,0.0,0.5
0.999,0.0,0.0,1.0,0.879062114356232,0.0,0.0,0.5
1.0,0.0,0.0,1.0,0.879062114356232,0.0,0.0,0.5
