y_true,score,pred_thr_best,pred_thr_0
1,-1.104926233017613,0,0
1,-2.0436644469288145,0,0
1,-1.1843561083029683,0,0
1,1.009107140961168,1,1
1,0.9998317341641387,1,1
1,-0.005092812554079229,0,0
1,0.2945963513333126,1,1
1,-0.39944597035577795,0,0
1,0.9391004298890446,1,1
1,1.0001727273825356,1,1
1,1.0003403837235998,1,1
1,0.9999574011102281,1,1
1,1.0003467549666554,1,1
1,0.2850084368630526,1,1
1,1.001011144835269,1,1
1,-0.7553387576976314,0,0
1,0.9998438517419077,1,1
1,0.092193091960102,0,1
1,-1.253473397460059,0,0
1,0.9998248131647258,1,1
1,-1.358387092884054,0,0
1,-1.9390593865948973,0,0
1,-1.5519956263101828,0,0
1,-0.2690410185712518,0,0
1,-0.8759292904827214,0,0
1,-0.3861691887845019,0,0
1,-0.9970390501329569,0,0
1,-0.16914694559342877,0,0
1,0.12925148158506006,0,1
1,-2.1504814083344774,0,0
1,-0.7907477516167163,0,0
1,-1.0381946993082765,0,0
1,-0.39156259190614484,0,0
1,-0.7318948703119192,0,0
1,0.19438051340822776,0,1
1,-0.7957061502890117,0,0
1,0.7848079600374567,1,1
1,-0.44513550855521206,0,0
1,-1.1413249897746032,0,0
1,-1.6867921067612919,0,0
1,1.0000987540343254,1,1
1,-0.38797253739745063,0,0
1,-1.289963838657632,0,0
1,-0.6197362271135305,0,0
1,-2.1000809259189497,0,0
1,-0.812383398469442,0,0
1,-1.60029031339165,0,0
1,0.6502558606908788,1,1
1,1.0002500635864313,1,1
1,0.9998133853733631,1,1
1,0.9998328258017113,1,1
1,0.9996995888847182,1,1
1,1.0004689264085718,1,1
1,0.9996371000665478,1,1
1,0.9999298778074823,1,1
1,0.9997348367028136,1,1
1,0.9996150907307051,1,1
1,0.9996827121767102,1,1
1,0.9996861679005431,1,1
1,1.0001877669189858,1,1
1,0.9997720731871513,1,1
1,0.9996461700126591,1,1
1,1.2599912670359343,1,1
1,0.9997820091821319,1,1
1,0.9995605914345811,1,1
1,0.9998460691806073,1,1
1,0.9997166924412308,1,1
1,1.0001332477736686,1,1
1,0.9997206781032111,1,1
1,1.0002852122513843,1,1
1,1.0000971891725832,1,1
1,1.000017169999385,1,1
1,0.9999463522179679,1,1
1,0.9998002826426622,1,1
1,0.9997380611643667,1,1
1,1.000264133515705,1,1
1,0.9997961666368229,1,1
1,0.9997502574611175,1,1
1,1.0003037817109013,1,1
1,0.9998602915919579,1,1
1,1.0000333215006973,1,1
1,0.999803629870172,1,1
1,0.999714197670692,1,1
1,1.7628064151369867,1,1
1,0.9995812943173057,1,1
1,0.9998538987209045,1,1
1,0.9997690618379331,1,1
1,1.0001541589598932,1,1
1,1.4089446015994647,1,1
1,0.999924061039297,1,1
1,1.000133580337421,1,1
1,1.0003454460255243,1,1
1,0.9998109138816247,1,1
1,0.9997767461861606,1,1
1,1.000115526252286,1,1
1,0.9996664926719752,1,1
1,0.9999049588635247,1,1
1,0.9998523053524497,1,1
1,0.9999957087860838,1,1
1,0.9999444535184032,1,1
1,1.0003349324638082,1,1
1,1.0005199262810145,1,1
1,1.0001520629241516,1,1
1,0.9996759703033933,1,1
1,1.0002128908375543,1,1
1,1.0000648065942814,1,1
1,0.9997284159440085,1,1
1,1.0689147855954568,1,1
1,1.000216331535791,1,1
1,0.999812955809543,1,1
1,0.9997295200656813,1,1
1,0.9997043969445951,1,1
1,0.9998525716114732,1,1
1,0.9999038925842756,1,1
1,0.9999046190351859,1,1
1,0.9997730243305833,1,1
1,0.9997674429555603,1,1
1,0.9999089438375597,1,1
1,0.9997258961275153,1,1
1,0.9996937984457719,1,1
1,1.0001643072488462,1,1
1,0.9996739101107992,1,1
1,1.0000877315981163,1,1
1,0.9997319483000711,1,1
1,1.000103900335523,1,1
1,1.0000066269600945,1,1
1,0.9998614983104961,1,1
1,0.999698139992836,1,1
1,0.9998483813726913,1,1
1,0.9999183354639405,1,1
1,0.9997959911286525,1,1
1,0.9998460383943377,1,1
1,1.0003395462162759,1,1
1,1.0000451657421425,1,1
1,1.0002281155218085,1,1
1,1.0001334817786647,1,1
1,0.999766981940267,1,1
1,0.4537052217243935,1,1
1,0.9997321238147274,1,1
1,0.9997840849730444,1,1
1,-1.104926233017613,0,0
1,-2.0436644469288145,0,0
1,1.009107140961168,1,1
1,0.9998317341641387,1,1
1,-0.005092812554079229,0,0
1,0.2945963513333126,1,1
1,-0.39944597035577795,0,0
1,0.2850084368630526,1,1
1,0.092193091960102,0,1
1,-0.7318948703119192,0,0
1,0.19438051340822776,0,1
1,0.7848079600374567,1,1
1,-0.44513550855521206,0,0
1,-0.6197362271135305,0,0
1,-2.1000809259189497,0,0
1,-0.812383398469442,0,0
1,-1.60029031339165,0,0
1,0.6502558606908788,1,1
1,0.9998088195703458,1,1
1,1.0002313259627191,1,1
1,0.9996261430610847,1,1
1,1.0002474116397806,1,1
1,0.9998160735458228,1,1
1,0.999639106049063,1,1
1,1.0001392494656578,1,1
1,1.0000074068651155,1,1
1,0.9999061267356992,1,1
1,0.99964704085281,1,1
1,0.9998162223086848,1,1
1,0.9996760156216427,1,1
1,1.0001232632422061,1,1
1,1.0000740635202907,1,1
1,0.9996570056968699,1,1
1,0.9998806268906932,1,1
1,0.9998422432711895,1,1
1,1.0001254376594573,1,1
1,0.999811763702491,1,1
1,0.9996218502557432,1,1
1,1.0001463192219846,1,1
1,0.9996911630631391,1,1
1,0.9998238534178565,1,1
1,0.9997767960466051,1,1
1,0.9999732708002127,1,1
1,1.0001161113352512,1,1
1,0.9997115655848121,1,1
1,0.9997663510279529,1,1
1,0.9997379969163427,1,1
1,0.9996934726915392,1,1
1,0.9996310594915974,1,1
1,0.9996815129880838,1,1
1,1.0000987540343254,1,1
1,1.0000899807559585,1,1
1,0.999735717482005,1,1
1,0.9997190623039287,1,1
1,1.000073239123965,1,1
1,0.9998147443054854,1,1
1,0.9997511260376788,1,1
1,1.1558243703413766,1,1
1,0.9995514764005686,1,1
1,0.9996069161963188,1,1
1,0.9998345131617621,1,1
1,1.3173018851463485,1,1
1,1.0000453253006225,1,1
1,-1.1843561083029683,0,0
1,0.9996310594915974,1,1
1,-0.2690410185712518,0,0
1,-0.8759292904827214,0,0
1,-0.3861691887845019,0,0
1,-0.39156259190614484,0,0
1,-0.7957061502890117,0,0
1,-1.1413249897746032,0,0
1,-1.6867921067612919,0,0
1,1.0000987540343254,1,1
1,-0.38797253739745063,0,0
1,-1.289963838657632,0,0
1,0.663311898807621,1,1
1,-0.5039670628664035,0,0
1,-1.20965813959065,0,0
1,-0.8153789570083896,0,0
1,-0.7648987396814878,0,0
1,-1.4748060236737466,0,0
1,-1.06797092093327,0,0
1,-0.23932547266186033,0,0
1,0.25759048034433224,0,1
1,-0.4764571736858308,0,0
1,-0.8759292904827214,0,0
1,1.009107140961168,1,1
1,-0.39944597035577795,0,0
1,-0.16914694559342877,0,0
1,-2.0020695379697915,0,0
1,-0.7907477516167163,0,0
1,-0.2690410185712518,0,0
1,-0.9970390501329569,0,0
1,-2.1504814083344774,0,0
1,-1.0381946993082765,0,0
1,-1.104926233017613,0,0
1,0.12925148158506006,0,1
1,0.092193091960102,0,1
1,0.2945963513333126,1,1
1,-1.289963838657632,0,0
1,-0.6197362271135305,0,0
1,-0.005092812554079229,0,0
1,-1.1843561083029683,0,0
1,0.2850084368630526,1,1
1,-0.7553387576976314,0,0
1,-1.253473397460059,0,0
1,-1.9390593865948973,0,0
1,-1.5519956263101828,0,0
1,-0.3861691887845019,0,0
0,0.9381274750587485,1,1
0,-1.8814953221662651,0,0
0,-1.7746377681406595,0,0
0,-1.7237450529899185,0,0
0,-1.3063618059341247,0,0
0,-1.8851584632213028,0,0
0,-2.039289600917311,0,0
0,-0.859365578291533,0,0
0,-0.8848894351121994,0,0
0,-1.2780988649528864,0,0
0,-1.2273407858230858,0,0
0,-0.06245887390290622,0,0
0,-0.8142969324699962,0,0
0,-0.16639388321879672,0,0
0,-0.9092632669825016,0,0
0,-0.25703751804956665,0,0
0,-1.5727829123511963,0,0
0,-1.211902088064359,0,0
0,-0.2601117993873972,0,0
0,-1.6318138262960475,0,0
0,-1.9453519545852476,0,0
0,-1.968772242211823,0,0
0,-1.487955506025106,0,0
0,-1.3364025837123663,0,0
0,-0.6547446618036072,0,0
0,-0.8869382431651869,0,0
0,-0.48877528390667313,0,0
0,-1.6343874188851557,0,0
0,-0.17437741447407346,0,0
0,-0.9958388745963276,0,0
0,-1.3809532363545771,0,0
0,-0.11954301937609274,0,0
0,-1.9356925951878137,0,0
0,-0.05147013726090899,0,0
0,-0.5392932192413639,0,0
0,-1.4543212402796966,0,0
0,-1.1487326210037037,0,0
0,-0.2820927439538179,0,0
0,-1.1693912685001842,0,0
0,-1.4882906040088637,0,0
0,-0.3149433866181717,0,0
0,-1.3225954920593193,0,0
0,0.3141110440096479,1,1
0,-0.36564025896254804,0,0
0,-1.0342962284514232,0,0
0,-1.7208602448884558,0,0
0,-0.1042708132244789,0,0
0,-0.5571819997835072,0,0
0,0.02404986286592503,0,1
0,0.3330732394166824,1,1
0,-0.6850827496102405,0,0
0,0.46628568933837916,1,1
0,-1.8166724797106124,0,0
0,-1.2851798887906505,0,0
0,-1.3483785762073948,0,0
0,-1.0002213764687047,0,0
0,-0.0033892410886638413,0,0
0,-0.44363293231398093,0,0
0,-1.3446398622855842,0,0
0,-0.8886455927719017,0,0
0,-2.1600042028854594,0,0
0,0.5694753434010311,1,1
0,-0.6905577544521072,0,0
0,-0.5017764033548927,0,0
0,-1.9718245842876891,0,0
0,-1.873276700791563,0,0
0,-1.5619325522534462,0,0
0,-0.8734641191438148,0,0
0,-1.2071342103537532,0,0
0,-1.1335964350139875,0,0
0,-0.24800289499190772,0,0
0,-1.9883676897847862,0,0
0,-1.0024426337896961,0,0
0,-1.8274493417366544,0,0
0,-0.8099854926900498,0,0
0,-1.426338078483444,0,0
0,-0.50330750679244,0,0
0,0.28492191928206373,1,1
0,-0.959716123973354,0,0
0,-0.49998341247971456,0,0
0,0.7045781731382423,1,1
0,-0.569838043977573,0,0
0,-0.3780351847655721,0,0
0,-0.233828142174906,0,0
0,-0.19019089156626656,0,0
0,-1.9083672227996484,0,0
0,-0.8053470881795115,0,0
0,-1.4336798122084575,0,0
0,-0.3203827075674223,0,0
0,-1.8467841368423685,0,0
0,0.056987975994903906,0,1
0,-0.9091033794018128,0,0
0,-0.461287642229074,0,0
0,-1.280534463454785,0,0
0,-2.4476430084888774,0,0
0,-0.47157499682872706,0,0
0,-1.3704551519618164,0,0
0,-2.1383445288039113,0,0
0,-1.6313386618737324,0,0
0,-0.7665002554201357,0,0
0,-0.28821105916618295,0,0
0,-0.977403054028545,0,0
0,-1.3691234422855185,0,0
0,-1.1351717300962072,0,0
0,-1.2967239857599424,0,0
0,-2.293271785449137,0,0
0,-1.7692798592041576,0,0
0,-0.5992889429246211,0,0
0,0.43876163499939286,1,1
0,-0.7527607025316152,0,0
0,-1.5659915055861866,0,0
0,0.7880565506925841,1,1
0,-0.41943941493917175,0,0
0,-0.4913792749602648,0,0
0,-2.0309841177593904,0,0
0,-1.3732309109042011,0,0
0,-0.1677369686368794,0,0
0,0.8798430922479024,1,1
0,-0.4358923356436747,0,0
0,-0.9866708579647157,0,0
0,-2.1302071821682844,0,0
0,-1.8748987647214423,0,0
0,-1.7379271206111397,0,0
0,-1.9271412492885238,0,0
0,-0.3487168411374018,0,0
0,-0.758566264124348,0,0
0,-1.4721342695116466,0,0
0,0.7159125029479219,1,1
0,-0.9999061706162424,0,0
0,0.15897596040874845,0,1
0,-0.4204586498595489,0,0
0,-0.7093101417975243,0,0
0,-1.9322312415197207,0,0
0,-1.4161247457217154,0,0
0,1.2457324187018979,1,1
0,-0.09504308500379621,0,0
0,-1.546329295809765,0,0
0,-2.1969526609274204,0,0
0,-1.1754348404721888,0,0
0,-0.3479484808047667,0,0
0,-1.3281648525251297,0,0
0,-0.58774077527509,0,0
0,-2.467292594793932,0,0
0,-0.34065137108783183,0,0
0,-2.2965757371493662,0,0
0,-2.0525341773472845,0,0
0,-1.5017831550041696,0,0
0,-2.042171001086727,0,0
0,-0.34897533522121305,0,0
0,-2.002907824113231,0,0
0,-1.275088834317533,0,0
0,0.5081209644538431,1,1
0,-1.708106625239072,0,0
0,-1.44147819001146,0,0
0,0.8163657404731162,1,1
0,-0.8406013435544211,0,0
0,-1.2146957115215862,0,0
0,-0.9770784762765994,0,0
0,-1.1068996706161074,0,0
0,-1.518845503804092,0,0
0,-1.9040222295717022,0,0
0,-1.3947101752280582,0,0
0,-2.9788326702131096,0,0
0,-0.5738659727600226,0,0
0,-0.7994785657479594,0,0
0,-0.9823355294706764,0,0
0,-0.4955519507185723,0,0
0,-0.49857110804177723,0,0
0,-0.2616206021438457,0,0
0,-1.8701670858193369,0,0
0,-2.0319369243973835,0,0
0,-1.351501149534371,0,0
0,-0.9784450280864427,0,0
0,-1.038039918968162,0,0
0,-2.3441261563531617,0,0
0,-1.3163439734274347,0,0
0,-0.6039563652654047,0,0
0,0.5072770636223878,1,1
0,-0.19110317694026516,0,0
0,-0.7020997012576848,0,0
0,-2.1190903060257615,0,0
0,-1.9143432946848407,0,0
0,-0.27506538802892877,0,0
0,-0.7161264903131257,0,0
0,-1.0772227922237234,0,0
0,-1.561758457726906,0,0
0,0.9102841785134681,1,1
0,-2.449175040880403,0,0
0,-1.521848856327245,0,0
0,-1.4821233356609123,0,0
0,-0.8317059662034868,0,0
0,-1.6630649334172107,0,0
0,-1.0226139962783038,0,0
0,-1.0621524773652076,0,0
0,0.766903245540673,1,1
0,-2.22388293695476,0,0
0,-2.54547789349305,0,0
0,-0.4716816444752963,0,0
0,-1.8519096330219271,0,0
0,-2.033546648128031,0,0
0,-2.0202243588871616,0,0
0,-0.46961422319505913,0,0
0,-0.7942949610772124,0,0
0,-0.5212246237525875,0,0
0,-1.4704999211368637,0,0
0,-1.5857879503421106,0,0
0,-0.6591777831226567,0,0
0,-1.7001905192363955,0,0
0,-0.5337324090003103,0,0
0,-0.5363681083586873,0,0
0,-1.3647898611261038,0,0
0,-1.3414618004968066,0,0
0,-2.5983066897671283,0,0
0,-0.22495811766203044,0,0
0,-0.9679271554026414,0,0
0,-1.273003541089515,0,0
0,-1.5912533005721652,0,0
0,-1.4762624896219834,0,0
0,-0.9159370597022238,0,0
0,-2.0690265723132235,0,0
0,-0.9924230698391128,0,0
0,-0.8018576011727737,0,0
0,-0.283804734857584,0,0
0,-1.5524236543534264,0,0
0,0.35841347058013034,1,1
0,-1.2659585806854732,0,0
0,-0.09393947583768725,0,0
0,-0.503242725781659,0,0
0,-1.1837172346920368,0,0
0,-1.880500023724383,0,0
0,-2.8641135404152043,0,0
0,-0.1742570554177637,0,0
0,-2.159293258515079,0,0
0,-1.9352395332799042,0,0
0,-0.6868199522634133,0,0
0,-0.5537445675652501,0,0
0,-0.4955519507185723,0,0
0,-0.1372322862026623,0,0
0,-1.7263848189928608,0,0
0,-0.7821172977090305,0,0
0,-1.8104767216728936,0,0
0,-1.5420828736505954,0,0
0,-0.9795409076080361,0,0
0,-1.574629895795881,0,0
0,-0.3224216490139891,0,0
0,-0.7401433856910733,0,0
0,-1.6736241856610887,0,0
0,-0.059840702721203676,0,0
0,-1.6169869491302684,0,0
0,-1.3590736299463346,0,0
0,-0.012604000726912867,0,0
0,-0.9110233623379609,0,0
0,-0.7719407499118989,0,0
0,-1.7688046403061892,0,0
0,-1.2034615383402267,0,0
0,0.6161003254774036,1,1
0,-0.10358299468697948,0,0
0,-1.7888111222194238,0,0
0,-0.33757381272476605,0,0
0,-1.479904982909929,0,0
0,-2.021114020023825,0,0
0,-1.810626189620601,0,0
0,-1.3743563354552664,0,0
0,-1.366297470976552,0,0
0,0.29820060566166423,1,1
0,-1.6333574900430448,0,0
0,-1.037533574816932,0,0
0,-0.5640261181208015,0,0
0,-0.7356980690449559,0,0
0,-0.3463089399322626,0,0
0,-1.3200887867083775,0,0
0,-1.921799929971035,0,0
0,-1.3853741713348129,0,0
0,-1.376484798672116,0,0
0,-1.0879598931536503,0,0
0,-0.5322009371613905,0,0
0,-1.8563350726388554,0,0
0,-2.3450810560359026,0,0
0,-0.9587372471980844,0,0
0,-1.54036303651864,0,0
0,-0.05633489591066071,0,0
0,-1.4306728451421546,0,0
0,-2.0898867566168855,0,0
0,-1.7547359881143507,0,0
0,-0.8390168027664733,0,0
0,-1.7193083325521774,0,0
0,-1.2046290374706594,0,0
0,-1.5184562406432824,0,0
0,-1.9332944903332616,0,0
0,-0.7524877648400852,0,0
0,-0.28172001607084,0,0
0,-1.2739702645622348,0,0
0,-3.024769626021043,0,0
0,0.5017762779148534,1,1
0,-0.5807326470665656,0,0
0,-1.8078796005427153,0,0
0,-1.0002417681366143,0,0
0,-0.0239289236275112,0,0
0,-1.2777756563469724,0,0
0,-0.5965645652944334,0,0
0,-0.6214749515363087,0,0
0,-1.385288557384106,0,0
0,-1.0553012801439992,0,0
0,-1.014441654450524,0,0
0,0.359156429055052,1,1
0,-0.731824328343213,0,0
0,-0.5153659675855762,0,0
0,-2.2222365171337386,0,0
0,-1.3719992721567116,0,0
0,-0.9652092435284394,0,0
0,-1.1456251344661612,0,0
0,-1.1647212368172777,0,0
0,-1.6477600471745448,0,0
0,0.31180221314745676,1,1
0,-0.9181773028009403,0,0
0,-0.7228828983977926,0,0
0,-0.14578556880307109,0,0
0,0.4748791845006732,1,1
0,-0.6772994787412792,0,0
0,-0.6758573356737693,0,0
0,-0.5322251896990924,0,0
0,-1.3626317618924524,0,0
0,-1.7622506675412595,0,0
0,-1.046942197238038,0,0
0,-1.014441654450524,0,0
0,-0.9757319379493263,0,0
0,1.160547690841337,1,1
0,-0.611316990918318,0,0
0,-0.06322494748142321,0,0
0,-1.2518644868268056,0,0
0,-0.759996452944288,0,0
0,-1.0024426337896961,0,0
0,-1.7640736498754055,0,0
0,-0.7529249852940565,0,0
0,-0.8821726364951983,0,0
0,-0.9545051517182925,0,0
0,-1.1973699339961585,0,0
0,-1.0375024959297292,0,0
0,-1.7746897764151783,0,0
0,-1.1987455510178706,0,0
0,-0.8825136095016832,0,0
0,-1.6156743979610328,0,0
0,-0.8770460562731768,0,0
0,-1.3249249980918267,0,0
0,-1.6546422660160942,0,0
0,-1.4175508629098494,0,0
0,-0.34944069675642353,0,0
0,-0.40901123892789404,0,0
0,-0.7978584577939036,0,0
0,-0.7994737521385928,0,0
0,-1.9902681437074317,0,0
0,-1.7943259193332324,0,0
0,-1.616782954960241,0,0
0,-1.2707337013779492,0,0
0,-0.3869901820508415,0,0
0,-1.1013010830313479,0,0
0,-0.34187194935327686,0,0
0,-0.6695670500682177,0,0
0,-1.902234048663122,0,0
0,-1.8732711935271684,0,0
0,-1.599747317609058,0,0
0,-1.7398833566383238,0,0
0,-2.3709571490488686,0,0
0,-1.0076401740445986,0,0
0,0.4674522424841467,1,1
0,-1.3263335030891337,0,0
0,-1.6432894537496474,0,0
0,0.306244030812935,1,1
0,-0.2394589194705341,0,0
0,-1.625332659986709,0,0
0,-0.5979967542883408,0,0
0,-0.5943604176452979,0,0
0,-1.6569420364765626,0,0
0,-0.005377258993388423,0,0
0,-0.8810303773603161,0,0
0,-0.5572652652818856,0,0
0,-0.23966698293538258,0,0
0,-1.6977015329919305,0,0
0,-1.5197537353020145,0,0
0,-0.42114095632616577,0,0
0,-0.3586695864059166,0,0
0,-0.8110555007958766,0,0
0,-3.0413472885424566,0,0
0,-1.324251152162148,0,0
0,-1.7592544130284156,0,0
0,-0.33294034878380635,0,0
0,-0.8964457703276083,0,0
0,-0.8733022993117976,0,0
0,-2.1269727363516213,0,0
0,1.1212846347403127,1,1
0,-1.4193422833996994,0,0
0,-1.4560908038332976,0,0
0,-1.4643945160899967,0,0
0,-1.869406173704032,0,0
0,-0.8460330873585613,0,0
0,-0.8020153234525865,0,0
0,0.07651913611125555,0,1
0,-0.6265175717408075,0,0
0,-0.5783494950935195,0,0
0,-1.0839207036703715,0,0
0,-1.4165753573602604,0,0
0,-1.1270608602138374,0,0
0,-1.6327841482749155,0,0
0,-1.054886199086588,0,0
0,0.15610313554758543,0,1
0,-0.9999892908011068,0,0
0,-1.3621252866535551,0,0
0,-1.6520642075130285,0,0
0,-2.6706730263229255,0,0
0,-0.13299826527754333,0,0
0,-1.006622457691554,0,0
0,-0.6824385901723045,0,0
0,-0.23244337260325643,0,0
0,-1.7601816807498192,0,0
0,-1.5407107853202917,0,0
0,-1.847172888480891,0,0
0,-1.9571785862338664,0,0
0,-1.5137192082090922,0,0
0,-1.8519096330219271,0,0
0,-0.9425913173283416,0,0
0,-1.537943471658619,0,0
0,-1.305124471826399,0,0
0,-1.0093445497364546,0,0
0,-1.5038699736944523,0,0
0,-1.6880294667173594,0,0
0,-0.7440883613357827,0,0
0,-1.4175248900687802,0,0
0,-1.0561690475182053,0,0
0,-0.9739343526951605,0,0
0,-0.7562617139005248,0,0
0,0.18174615079612405,0,1
0,-1.5207366016653756,0,0
0,-0.7180437215658355,0,0
0,-0.9180715312225156,0,0
0,-0.9842459270014186,0,0
0,-1.4454102206147863,0,0
0,-1.1897604596534908,0,0
0,-1.1547829346095553,0,0
0,-1.0348539846004006,0,0
0,-2.044182258753643,0,0
0,-0.30159529020479797,0,0
0,-1.4816114751832627,0,0
0,-1.4858795085527572,0,0
0,0.38928110573654534,1,1
0,-2.4730662233052487,0,0
0,-2.3165561090324602,0,0
0,-1.1016877107730891,0,0
0,-0.4351274420177173,0,0
0,-0.38283828115446034,0,0
0,-0.7798091692174941,0,0
0,-0.8181990716164687,0,0
0,-0.09600711121366856,0,0
0,-0.15228487165990054,0,0
0,-1.2409634642316523,0,0
0,-1.652726027439961,0,0
0,-0.8210146662433984,0,0
0,-0.7859885267224375,0,0
0,-1.3511132282077052,0,0
0,-0.9999639207612456,0,0
0,0.09463885484369577,0,1
0,-1.5041297797987705,0,0
0,-1.0093445497364546,0,0
0,-0.9552045236738347,0,0
0,-0.6500023981301545,0,0
0,-1.7022608470692375,0,0
0,-1.5082471238806736,0,0
0,-0.7035500279746837,0,0
0,-0.4142422472593588,0,0
0,-0.6550091355486012,0,0
0,-1.4451348440464356,0,0
0,-2.0330417416106075,0,0
0,0.7443116464203874,1,1
0,-0.803913246201374,0,0
0,-2.0554785393003243,0,0
0,0.5678134842299061,1,1
0,-1.8454949372084493,0,0
0,0.22462060778471477,0,1
0,-1.5520326740134787,0,0
0,-0.8780174885919774,0,0
0,-0.5976182518168318,0,0
0,-1.3603322554779698,0,0
0,-1.843566604826988,0,0
0,-1.1467755320423683,0,0
0,-1.2886234217391555,0,0
0,-1.2052851330502878,0,0
0,-2.4446043350214457,0,0
0,-1.951892004473137,0,0
0,-1.4661311688032708,0,0
0,0.4221913961880596,1,1
0,-2.01517147411871,0,0
0,-1.1694476470663622,0,0
0,-1.7658643569374137,0,0
0,-1.9147891834608697,0,0
0,-1.2252765553809042,0,0
0,0.6812247294521485,1,1
0,-1.6701161782357847,0,0
0,-0.3707775016465831,0,0
0,-1.8266131393847074,0,0
0,-0.9115766750311929,0,0
0,-1.500187569822691,0,0
0,-1.6452889444440066,0,0
0,-1.3454834165762752,0,0
0,-1.5022215650919464,0,0
0,-0.9998291415458054,0,0
0,-1.8133446663900252,0,0
0,-1.3375159256164122,0,0
0,0.5753199955569759,1,1
0,-2.384837305044329,0,0
0,-1.188336775238732,0,0
0,-1.4427652876350088,0,0
0,-1.5954066736278896,0,0
0,-0.40880627651059176,0,0
0,-0.24944535995787492,0,0
0,-0.8354153751117845,0,0
0,-1.6871162785361757,0,0
0,-2.240691533270184,0,0
0,-1.5918077520661906,0,0
0,-0.7912573830098564,0,0
0,-1.6033099465343963,0,0
0,0.10023008289831409,0,1
0,-1.6516115790923918,0,0
0,0.058534687656888795,0,1
0,-1.6654448340269696,0,0
0,-1.1559481354578485,0,0
0,-1.9563034844854834,0,0
0,-1.2236936044394098,0,0
0,-1.3408659423752156,0,0
0,-1.4543212402796966,0,0
0,-0.5998905050020382,0,0
0,-1.156211845812521,0,0
0,-0.8073456551763367,0,0
0,-0.8025999486137374,0,0
0,-1.2422799211099358,0,0
0,0.7646718779220822,1,1
0,-0.7983218549741724,0,0
0,-1.7968989436493759,0,0
0,-0.9614742910268168,0,0
0,-0.3021050687453529,0,0
0,-1.170221629432702,0,0
0,-1.15430363997344,0,0
0,-1.5905340871053146,0,0
0,-0.6765486286080369,0,0
0,-0.030101014292879646,0,0
0,-1.7781392903635356,0,0
0,0.37675981341223025,1,1
0,-0.005123096538065086,0,0
0,-0.7013284737674144,0,0
0,-1.3275958639452885,0,0
0,-0.4902030239621043,0,0
0,0.3617524033250373,1,1
0,-1.4956598942025487,0,0
0,-0.7362799189357543,0,0
0,-0.46481548898590475,0,0
0,-0.2716706399824826,0,0
0,0.11236654896320536,0,1
0,-2.5996101574766945,0,0
0,-0.6916043478278947,0,0
0,-0.6475709296714636,0,0
0,-0.598048764337094,0,0
0,-1.4738769078226484,0,0
0,-0.9525741976459814,0,0
0,-1.2489096453566344,0,0
0,-1.8355643783901252,0,0
0,0.2623197555468106,0,1
0,-1.3373120231196443,0,0
0,-0.69824565853173,0,0
0,0.46549991613467906,1,1
0,-0.24835898852605476,0,0
0,-1.118445506574426,0,0
0,-0.4225168701609894,0,0
0,-0.5466278945823319,0,0
0,-0.9997055998666489,0,0
0,-0.556361034910011,0,0
0,-0.803913246201374,0,0
0,-1.4376076874600752,0,0
0,0.02283191767973758,0,1
0,-0.9345772780374981,0,0
0,-0.36231096700716914,0,0
0,-1.9634482474868993,0,0
0,-0.5017764033548927,0,0
0,-2.1302071821682844,0,0
0,0.4244452942612658,1,1
0,-1.360506614744544,0,0
0,-0.7619987930902625,0,0
0,-1.5734649497398658,0,0
0,0.07211225983902003,0,1
0,-1.8520475687263025,0,0
0,-1.6166728719111234,0,0
0,-0.8610309618261285,0,0
0,-1.4024274264722545,0,0
0,0.23893537648224222,0,1
0,-1.9877757683974489,0,0
0,-1.6186443752813073,0,0
0,-1.6451504243843897,0,0
0,-1.4035781232677251,0,0
0,-1.5164621164098981,0,0
0,-0.9800285234292077,0,0
0,-1.1638342922819611,0,0
0,-0.7090819401914024,0,0
0,-1.0312869315761113,0,0
0,-0.5101415510042588,0,0
0,-1.2074031276293702,0,0
0,-0.8104157017367728,0,0
0,0.7065795005572959,1,1
0,-1.529886916137201,0,0
0,-1.399482000652643,0,0
0,-2.2863571242685103,0,0
0,-1.3568713210382959,0,0
0,-1.5022215650919464,0,0
0,-0.689514333179009,0,0
0,-2.166655877540741,0,0
0,-1.9695325190906428,0,0
0,-1.5483103844813917,0,0
0,-1.7575405324903624,0,0
0,-1.5844427069327975,0,0
0,-0.7382681740533388,0,0
0,-0.89565948177626,0,0
0,-0.22455785300089715,0,0
0,-1.4623784519042542,0,0
0,-1.0287308762510095,0,0
0,-1.3561181499194281,0,0
0,-1.5250209107619672,0,0
0,-1.950248255170737,0,0
0,-1.6709244211308816,0,0
0,-1.6781678661757022,0,0
0,-2.0012838623353453,0,0
0,-1.7944122776043467,0,0
0,-1.0501557071989858,0,0
0,-1.6582541114127785,0,0
0,-0.4503063955271114,0,0
0,-2.017392448447361,0,0
0,-1.3647118522538153,0,0
0,-0.050479951734422934,0,0
0,-1.5906214907728018,0,0
0,-0.9812202541307276,0,0
0,0.8212156400387556,1,1
0,-1.18204069922306,0,0
0,-0.5985118454402159,0,0
0,-1.724904065448113,0,0
0,-1.1632660056460158,0,0
0,1.4724465251061698,1,1
0,-2.5600270048203697,0,0
0,-1.3260574258291566,0,0
0,-1.1641419265254462,0,0
0,-0.9939663501806895,0,0
0,-0.09439933599892242,0,0
0,-0.5759906213181061,0,0
0,-1.332472865316563,0,0
0,-0.8401937512004684,0,0
0,-0.06706322173126561,0,0
0,0.4339052399416266,1,1
0,-0.7193497545299542,0,0
0,-0.3127939752832984,0,0
0,-0.32572317231934594,0,0
0,-0.83746660998074,0,0
0,-0.23902232132041706,0,0
0,-0.6608208955572762,0,0
0,-1.031238578441805,0,0
0,-0.3281225896909767,0,0
0,-1.616782954960241,0,0
0,-1.6871162785361757,0,0
0,-0.38240906855725865,0,0
0,-1.1762010415501587,0,0
0,-0.8704948092103135,0,0
0,-1.7880824450308639,0,0
0,0.13786894865913807,0,1
0,-1.334501324652884,0,0
0,-1.3607831327282518,0,0
0,-1.2443357883404897,0,0
0,-1.577313476954928,0,0
0,-0.4671249088435744,0,0
0,-2.246784473614464,0,0
0,-1.4452006279129859,0,0
0,0.4575935124798189,1,1
0,0.22479056896597188,0,1
0,-1.1383280520342403,0,0
0,-1.4606850479949947,0,0
0,-0.11805664161851989,0,0
0,-1.118647386101272,0,0
0,-1.8899827492240684,0,0
0,-0.6779177654577158,0,0
0,-1.074746674040689,0,0
0,-0.3367066691114984,0,0
0,-1.0497315137911878,0,0
0,-1.0590435959498392,0,0
0,-1.1366989688440967,0,0
0,-0.85666402710988,0,0
0,-3.0543201630239105,0,0
0,-1.2385452741225509,0,0
0,-1.330964409942289,0,0
0,-0.004440319663526593,0,0
0,-1.1703398296893626,0,0
0,-1.3746319279198729,0,0
0,-0.844109940410203,0,0
0,-2.015386651467723,0,0
0,-2.3279362062400404,0,0
0,-1.1521055570136403,0,0
0,-1.5734649497398658,0,0
0,-0.4811672975553549,0,0
0,-1.557552916678141,0,0
0,-0.363052250777406,0,0
0,0.08498923570496947,0,1
0,-1.6410354614279747,0,0
0,-1.3095040973121201,0,0
0,-0.6567588595721428,0,0
0,-1.403178421953101,0,0
0,-0.9708227022865445,0,0
0,-2.3102601409530736,0,0
0,-1.0740853478124213,0,0
0,-0.9045249336517702,0,0
0,-1.1584603555417463,0,0
0,1.9816138439914772,1,1
0,-0.670122008755107,0,0
0,0.850080928693185,1,1
0,0.07211225983902003,0,1
0,-0.37838567509297755,0,0
0,-1.0021492484590009,0,0
0,-1.003900548601984,0,0
0,-0.6614894981873253,0,0
0,-0.9491882407922791,0,0
0,-0.18964949838317424,0,0
0,-0.8163246025454991,0,0
0,1.1844202406203534,1,1
0,-1.0488757389845405,0,0
0,-0.45759273946921913,0,0
0,-2.362151466561655,0,0
0,-1.5829686255410311,0,0
0,-0.40703631668097584,0,0
0,-0.9822513658403638,0,0
0,-1.7172914621171387,0,0
0,-2.0297436513676836,0,0
0,0.20723769808068265,0,1
0,-0.38240906855725865,0,0
0,-1.1088986380212804,0,0
0,-1.2624136244807247,0,0
0,0.1856344678675334,0,1
0,-1.8324789001569883,0,0
0,-1.5858921485383142,0,0
0,-0.9982985018157564,0,0
0,-1.324288207985025,0,0
0,0.0986288656235525,0,1
0,-0.0595303789089911,0,0
0,-1.3784173231061596,0,0
0,-1.4658996324778344,0,0
0,-0.9924625000818386,0,0
0,-1.7778085109400668,0,0
0,-1.0034350491575357,0,0
0,-1.3298628248774687,0,0
0,-0.867312868007359,0,0
0,0.1901994010007208,0,1
0,-0.10661342050903469,0,0
0,-0.6248372367241188,0,0
0,0.9960245508654486,1,1
0,-1.5319836845782884,0,0
0,-0.21454726132529153,0,0
0,-1.3464770181833863,0,0
0,-0.5628905615371799,0,0
0,-1.3003576748888526,0,0
0,-0.10122845200690414,0,0
0,-0.9349898872951343,0,0
0,-1.4850025720617204,0,0
0,-1.666426138749394,0,0
0,-1.7735069898445115,0,0
0,-0.5540009321666973,0,0
0,-0.16752547487175679,0,0
0,-1.194422073583893,0,0
0,-1.8669898968689282,0,0
0,-1.369717399779899,0,0
0,-1.7608719778992472,0,0
0,-2.1286083966868086,0,0
0,-1.2967673749397968,0,0
0,-2.1585588613877564,0,0
0,-1.3439933944444347,0,0
0,-1.3860234647020926,0,0
0,-2.095439385845677,0,0
0,-1.6202611165214766,0,0
0,-1.0179940303119974,0,0
0,0.6917154603096116,1,1
0,-1.1929674005602278,0,0
0,0.427072046404741,1,1
0,-0.8649811974838377,0,0
0,-0.18439868369083007,0,0
0,-1.7268226595298297,0,0
0,-1.4437222980110895,0,0
0,-2.193115955470153,0,0
0,-0.8744693272476998,0,0
0,-1.94713433716076,0,0
0,-1.4230071999109302,0,0
0,-1.5423304240342792,0,0
0,-1.005851219361438,0,0
0,0.21009982018513368,0,1
0,-0.5764567786591434,0,0
0,-1.4366882284269387,0,0
0,-0.5357129936239104,0,0
0,-1.0080411919231824,0,0
0,-2.6866555072596365,0,0
0,-1.079048673658414,0,0
0,-1.0560191438512685,0,0
0,-2.406853457878103,0,0
0,-1.144473567668524,0,0
0,-0.3208073641971461,0,0
0,-0.6990152021051864,0,0
0,-1.9501533231306403,0,0
0,-0.8740810674775559,0,0
0,-1.2058345320959274,0,0
0,-1.251181037755602,0,0
0,-1.2987400943248604,0,0
0,-1.0399150981742418,0,0
0,-0.3894995302574197,0,0
0,-1.0000362604439919,0,0
0,-1.5971288974630409,0,0
0,-1.6449111933286915,0,0
0,-0.1339985378343218,0,0
0,-1.5779832921834498,0,0
0,-1.7658643569374137,0,0
0,-1.2906039737381683,0,0
0,-0.9444407643864072,0,0
0,-1.092714550342089,0,0
0,-0.08623264726569713,0,0
0,-0.700088807259267,0,0
0,-1.1625682303637315,0,0
0,-0.5156524605162006,0,0
0,-1.9040222295717022,0,0
0,-1.2876610968017521,0,0
0,-1.8592653974696065,0,0
0,-0.6317030998052787,0,0
0,-1.408399069285488,0,0
0,0.1236751589620585,0,1
0,0.10131549392884481,0,1
0,-1.0436689227735343,0,0
0,-1.4239242887460755,0,0
0,-0.6866570434679944,0,0
0,0.1036848794642991,0,1
0,-0.379561573596007,0,0
0,-2.1498711370596424,0,0
0,-1.6628583472123026,0,0
0,-1.8371966177334225,0,0
0,-0.49240296113092963,0,0
0,-1.5846271820132969,0,0
0,-1.1537140250287974,0,0
0,-1.1491473479430891,0,0
0,-1.5795263784081015,0,0
0,-1.2393134714363132,0,0
0,-1.6063003240526992,0,0
0,-0.676825012259392,0,0
0,-1.5770980996281723,0,0
0,0.23154956476066785,0,1
0,-0.2696532767121308,0,0
0,-0.8372087193304807,0,0
0,-1.5197144432988714,0,0
0,-1.9668550972577286,0,0
0,-0.710674993998249,0,0
0,-1.3144492035825492,0,0
0,-1.473465963546536,0,0
0,-1.3215042309070997,0,0
0,-1.896194374725747,0,0
0,-0.0367412929006235,0,0
0,-0.7156947591511194,0,0
0,0.33105493336869,1,1
0,-1.5802470374962319,0,0
0,-0.862327918585907,0,0
0,-2.2695091299016794,0,0
0,-1.462788237649995,0,0
0,-0.6000051221380909,0,0
0,0.17854082633774387,0,1
0,0.7435116997810016,1,1
0,-1.4210578928555317,0,0
0,0.41115887506639553,1,1
0,-1.2282808627517148,0,0
0,-1.3885917719052268,0,0
0,0.01911189829102916,0,1
0,-0.6711515400216114,0,0
0,-0.5531824519172581,0,0
0,-0.907982847661067,0,0
0,-0.3665308817825892,0,0
0,-0.6801453495003641,0,0
0,-0.3603885162474203,0,0
0,-1.4656175293497664,0,0
0,-0.6310144386313707,0,0
0,-1.534267890776222,0,0
0,-2.075249715688795,0,0
0,-1.4575938546210092,0,0
0,-1.0885078126028387,0,0
0,-0.7813422602082538,0,0
0,-0.7840474446692682,0,0
0,-1.840822992836723,0,0
0,-1.1576760721493873,0,0
0,-2.2459715976537282,0,0
0,-1.2381721834848058,0,0
0,-1.5824533672771754,0,0
0,-1.5562574385002914,0,0
0,-0.03244128973839583,0,0
0,-0.6508087773238771,0,0
0,0.40628112383585774,1,1
0,-0.894082764689542,0,0
0,-2.162444522658499,0,0
0,-0.7868513647744224,0,0
0,-0.3716106044457711,0,0
0,-2.5130716055323066,0,0
0,-1.5893021797462232,0,0
0,-1.8626138027984078,0,0
0,-0.9295233422235931,0,0
0,-1.2076225538617302,0,0
0,-0.3741946230370017,0,0
0,-1.485364454768739,0,0
0,-0.11389658584066248,0,0
0,-1.4282296372149739,0,0
0,-2.2024970703771394,0,0
0,-1.9280886141902502,0,0
0,-1.2398460306462593,0,0
0,-1.263829851612553,0,0
0,-0.3467805410088865,0,0
0,-0.5679826741879321,0,0
0,-0.7242865303241504,0,0
0,-0.8085538740788396,0,0
0,0.31607866567425097,1,1
0,0.12648897823202815,0,1
0,-1.388526145779705,0,0
0,-1.8931817101337363,0,0
0,-1.6450281793660069,0,0
0,-1.7077373913960663,0,0
0,-1.294899618376843,0,0
0,-1.1033049743899643,0,0
0,-0.11985257411537775,0,0
0,0.09542601893942826,0,1
0,-0.5015007025438429,0,0
0,-0.7148852633274352,0,0
0,-0.2214677508639492,0,0
0,-0.7272677285969319,0,0
0,-1.223509511467942,0,0
0,-1.0835824764581217,0,0
0,-1.320798474441918,0,0
0,-0.3298938378354012,0,0
0,-1.1312644329431707,0,0
0,-1.168792369553334,0,0
0,-1.2180132135140613,0,0
0,-2.2645807815879757,0,0
0,-2.097718916865614,0,0
0,-0.7407974518659626,0,0
0,-0.28821105916618295,0,0
0,-0.8099854926900498,0,0
0,-0.7842727072050915,0,0
0,-1.800831188840318,0,0
0,-1.9825751719432692,0,0
0,-0.14414020329487232,0,0
0,-1.3474188967459635,0,0
0,-1.0580970006737649,0,0
0,-1.3125042210815998,0,0
0,-1.9530028553595888,0,0
0,-0.997130337039208,0,0
0,-2.352947323275403,0,0
0,-0.740118787237368,0,0
0,0.19305096593679,0,1
0,-1.9346856892432291,0,0
0,-1.2841213876610689,0,0
0,-1.5391017658667696,0,0
0,-1.6851606176684062,0,0
0,-1.4194172492019228,0,0
0,-1.754940014306128,0,0
0,-1.3221402025823317,0,0
0,-1.4369117419738744,0,0
0,-1.4113308273264307,0,0
0,-0.9998784086270152,0,0
0,-1.1938418421824295,0,0
0,-1.4417509878478074,0,0
0,-1.3130611442664915,0,0
0,-0.6308249800745,0,0
0,-1.24260632830305,0,0
0,-1.92754834398766,0,0
0,-1.6534803913916536,0,0
0,-1.1929674005602278,0,0
0,-2.287885737488017,0,0
0,0.2729458482776638,1,1
0,-0.8285105177252332,0,0
0,0.11463127424252761,0,1
0,-1.9101409741137338,0,0
0,-0.6660081341336936,0,0
0,-2.019190778282525,0,0
0,-0.8143122491642469,0,0
0,-0.9898150425199062,0,0
0,0.3602143492528112,1,1
0,-1.269778670388175,0,0
0,-1.4144639960738565,0,0
0,-1.2129850442261478,0,0
0,-1.9348402273480878,0,0
0,-1.7259246141131086,0,0
0,0.8185204858483339,1,1
0,-1.1784221886557653,0,0
0,-1.6798957812908486,0,0
0,-1.8937906052842222,0,0
0,-1.3914055926254671,0,0
0,-1.9101409741137338,0,0
0,-0.36231096700716914,0,0
0,-1.3746434490015447,0,0
0,-0.3687871631401,0,0
0,-1.1861167578988265,0,0
0,-0.47347605454895925,0,0
0,-0.8843393216532511,0,0
0,0.5457152766228117,1,1
0,-2.3268718770412584,0,0
0,-1.380899978449985,0,0
0,-1.5362253255758085,0,0
0,-1.16502472424543,0,0
0,-0.5496765001775961,0,0
0,-0.9733723514501735,0,0
0,-0.8480641165329508,0,0
0,-0.2315832810607682,0,0
0,-1.245642017282589,0,0
0,-0.8831411434027929,0,0
0,-1.416778631980453,0,0
0,-2.555030493278684,0,0
0,-0.7576165728597533,0,0
0,-2.183573900442834,0,0
0,-1.4764932126176575,0,0
0,0.840681442161944,1,1
0,-2.405262957827005,0,0
0,-0.5434169921723763,0,0
0,-1.443742352743418,0,0
0,-0.7829286318097453,0,0
0,-0.9429507575364453,0,0
0,-0.6581660712384485,0,0
0,-1.1934378555765495,0,0
0,-1.4855082735799257,0,0
0,-2.2718392527183453,0,0
0,-1.9006360614310207,0,0
0,-1.3331742365574952,0,0
0,-1.6246297810683188,0,0
0,-2.028081014768103,0,0
0,-1.6616918009551107,0,0
0,-0.9841810637305475,0,0
0,-0.8696561992194332,0,0
0,-1.1567387392154087,0,0
0,-0.32904237034508843,0,0
0,-2.073516048770848,0,0
0,-1.8624277251403498,0,0
0,-0.9998358415650372,0,0
0,-0.9817218335571194,0,0
0,-0.93528858993284,0,0
0,-0.7001966734432723,0,0
0,-0.5281224518799303,0,0
0,-2.2556513612718287,0,0
0,-0.2658285631623337,0,0
0,-2.2250166651946546,0,0
0,-0.2990755440396768,0,0
0,-0.10619774604386534,0,0
0,1.1928020452494743,1,1
0,-1.3840671680076977,0,0
0,-1.0971748162137025,0,0
0,-1.0054332103999013,0,0
0,-1.2850205808744533,0,0
0,-1.738273449193444,0,0
0,-1.4250624646435741,0,0
0,-1.20916516589158,0,0
0,-0.6547446618036072,0,0
0,-1.318259493818539,0,0
0,-1.624827983107611,0,0
0,-1.0881748088429455,0,0
0,-1.5900450468880762,0,0
0,-1.4119803283473258,0,0
0,0.31562355500618516,1,1
0,-1.856119760396193,0,0
0,-1.2308295700430367,0,0
0,-1.979134797806546,0,0
0,-0.4421092862530258,0,0
0,-0.14290377983515093,0,0
0,-2.337059531185815,0,0
0,-1.6161010287535271,0,0
0,-2.3025131370162306,0,0
0,-0.03912560553637984,0,0
0,-2.6508694772670984,0,0
0,0.09434747913389802,0,1
0,-1.1768060019765518,0,0
0,-0.691559012430699,0,0
0,-1.71325975109242,0,0
0,-0.6991393227212794,0,0
0,-1.4002451780927432,0,0
0,-1.3263335030891337,0,0
0,-1.808898269168626,0,0
0,-1.1883134430976914,0,0
0,-0.5398848715075837,0,0
0,-1.2411308735036712,0,0
0,-1.331058560805896,0,0
0,-2.189781364452517,0,0
0,-1.4857373221701338,0,0
0,-1.1040552793532217,0,0
0,-0.8519612602565321,0,0
0,-0.6941810749312187,0,0
0,-2.3246224867297047,0,0
0,-0.5049911569638217,0,0
0,-0.3310882058668941,0,0
0,-0.037039140811396754,0,0
0,-1.0060771925164154,0,0
0,-0.8058736766786161,0,0
0,-1.5436659363620198,0,0
0,-0.789836260297317,0,0
0,-1.523981003171795,0,0
0,-1.2183545780939342,0,0
0,-0.1350526611515213,0,0
0,-0.12927875664215155,0,0
0,-0.9666384674329493,0,0
0,-1.5913992037640032,0,0
0,-0.7333091811682007,0,0
0,-1.6946150625660117,0,0
0,-2.198500862591973,0,0
0,-0.38856622377487604,0,0
0,-1.972121053972343,0,0
0,-1.4108817204191972,0,0
0,-2.4352446857116696,0,0
0,-1.1712513872555166,0,0
0,0.6117695684332245,1,1
0,-0.4302994133286443,0,0
0,-0.6413028186582914,0,0
0,-1.0613351380586342,0,0
0,-1.3043074694179693,0,0
0,-0.8598726792006246,0,0
0,-2.3850535756014044,0,0
0,-2.0162149934634783,0,0
0,-1.4518197066437404,0,0
0,-1.4900816858585655,0,0
0,-0.9641895907290967,0,0
0,-2.1098445235083685,0,0
0,-0.09003697818027695,0,0
0,-1.8988453558650507,0,0
0,-0.3733389045810095,0,0
0,-0.8533134497575383,0,0
0,-1.0898502663063043,0,0
0,-1.5285185191122472,0,0
0,-2.115197582119287,0,0
0,-0.424060159421917,0,0
0,-0.4472365890350328,0,0
0,-0.9570757150212383,0,0
0,-0.5679882085371412,0,0
0,0.1343918170768742,0,1
0,-0.10773738387794879,0,0
0,-1.92754834398766,0,0
0,-2.1014803544790084,0,0
0,0.30929237316036023,1,1
0,-1.9106903421974526,0,0
0,-2.0336724686569676,0,0
0,-1.6272469595247465,0,0
0,-2.04262030575881,0,0
0,-0.9431638830086237,0,0
0,-1.195420361103355,0,0
0,-1.5884915639076524,0,0
0,0.31472110927930746,1,1
0,-1.0583084234516484,0,0
0,-0.9964257910636583,0,0
0,-0.3328588575539843,0,0
0,-1.164468935844119,0,0
0,0.038518026873757105,0,1
0,-0.44800387848255424,0,0
0,-0.7483169777902803,0,0
0,-0.5414791194334676,0,0
0,-2.2296832664635025,0,0
0,-0.6627847666144486,0,0
0,-0.38510032524537396,0,0
0,-1.188665896052919,0,0
0,0.3654167375598451,1,1
0,0.9870939302216186,1,1
0,-0.7112342630935481,0,0
0,0.0332858278273902,0,1
0,-1.219014075980488,0,0
0,0.15894749891116994,0,1
0,-0.871701760302275,0,0
0,-1.3277687824726918,0,0
0,-0.8152318903433624,0,0
0,-2.32897060619838,0,0
0,-1.213443182535601,0,0
0,-0.0785087017955231,0,0
0,-1.9046931712318678,0,0
0,-2.0987733595546194,0,0
0,-1.091295342953077,0,0
0,-1.9257261596694504,0,0
0,-1.2345067356585386,0,0
0,-1.1011720644763134,0,0
0,-0.353035934718004,0,0
0,-0.06311081165161758,0,0
0,-0.4019715555670219,0,0
0,-0.09882738929130266,0,0
0,-1.3676418765337472,0,0
0,-1.232140338310923,0,0
0,-0.24339391560776413,0,0
0,-1.0530465865976661,0,0
0,-0.9197463090839664,0,0
0,-1.1020653833584972,0,0
0,-0.09401875596457193,0,0
0,-2.004075245736035,0,0
0,-0.679580712963378,0,0
0,-1.9593449582256426,0,0
0,0.14393992893534663,0,1
0,-1.0632455954140394,0,0
0,-1.9646278150097103,0,0
0,-1.541508848208139,0,0
0,-0.9766096462473355,0,0
0,-0.8078896753366905,0,0
0,-2.290924184575161,0,0
0,-1.8023012172254775,0,0
0,-1.5638493155026711,0,0
0,-2.261789729654347,0,0
0,-0.20309895408259246,0,0
0,-1.8481023209926293,0,0
0,-1.9611619493892662,0,0
0,0.16878936672719663,0,1
0,-0.3048127940109462,0,0
0,-2.0263585243689852,0,0
0,-0.6882993312182234,0,0
0,-1.0063844685181405,0,0
0,-0.9474335527390472,0,0
0,-1.7000962554925572,0,0
0,-2.040121693479358,0,0
0,-1.2371721118540084,0,0
0,-0.8211276701003944,0,0
0,-1.8214183269957254,0,0
0,0.8079699777709188,1,1
0,-1.596015687672296,0,0
0,-0.8811428466901732,0,0
0,-0.8926147436273526,0,0
0,-1.4927933512337612,0,0
0,-2.19213571718376,0,0
0,-2.4861264296598544,0,0
0,-0.3029507359100931,0,0
0,-1.2506926681101358,0,0
0,0.01973557760481437,0,1
0,-1.9027383282479748,0,0
0,-1.1910469874167018,0,0
0,-0.9139679390632105,0,0
0,-0.8077031440509743,0,0
0,-0.6883586808886484,0,0
0,-1.275671526413078,0,0
0,-1.7477824325630225,0,0
0,-1.4586103235798953,0,0
0,-0.18079587481996226,0,0
0,-2.14619372952725,0,0
0,-1.7019527567531794,0,0
0,-1.4515119018201112,0,0
0,-1.6156900178354683,0,0
0,-1.3645243393744995,0,0
0,-1.5084689346506728,0,0
0,-0.7623685700139795,0,0
0,-0.8864969672387435,0,0
0,-0.8143824023871626,0,0
0,-1.9060516576265871,0,0
0,-1.5478320940446335,0,0
0,-2.1105700688835123,0,0
0,-1.300344705674662,0,0
0,0.6251554325818052,1,1
0,-1.0380584260057093,0,0
0,-1.027943167452301,0,0
0,-1.4153846987429368,0,0
0,-1.7059061934238493,0,0
0,-0.05938806059985896,0,0
0,-0.6109539641236317,0,0
0,-0.21467014594401856,0,0
0,-0.6432394435058459,0,0
0,-0.6024285043948203,0,0
0,-0.6159776832314827,0,0
0,-0.7256132904573449,0,0
0,-0.6202986040938195,0,0
0,-1.9117373918792013,0,0
0,-1.81460510972132,0,0
0,-0.9627873719837432,0,0
0,-0.8757029312696891,0,0
0,-1.1606081312104608,0,0
0,-1.2654871492392892,0,0
0,-0.7107222703658889,0,0
0,-2.1361361563135612,0,0
0,-1.2194866937682187,0,0
0,-1.8186830418789526,0,0
0,-1.4067176550658145,0,0
0,0.27634890654553895,1,1
0,-1.116092000637289,0,0
0,0.3992346256242271,1,1
0,-1.791933172287763,0,0
0,-0.9408125279076807,0,0
0,0.34698704582460643,1,1
0,-1.5425672059719693,0,0
0,-1.877782448469269,0,0
0,-3.1374709359258186,0,0
0,-1.1987455510178706,0,0
0,-1.1952064977378993,0,0
0,-0.3137872900529796,0,0
0,-0.8317059662034868,0,0
0,-0.8459081872193959,0,0
0,-2.107728878012144,0,0
0,-1.6965153353495515,0,0
0,-0.9498336858299439,0,0
0,-2.2177435938635774,0,0
0,0.0027450867013609215,0,1
0,0.33853704897516185,1,1
0,-0.8459703179046691,0,0
0,-0.08432611340127588,0,0
0,-0.6803681838524216,0,0
0,-1.727267948800766,0,0
0,-1.1168164458743017,0,0
0,-1.1514254959597157,0,0
0,-1.7197605079488123,0,0
0,-0.27756733765067515,0,0
0,-1.6568558791044947,0,0
0,-0.5182909811033561,0,0
0,-0.8759824279012167,0,0
0,-1.596320265525639,0,0
0,-0.2806790682806606,0,0
0,-0.4948496309763315,0,0
0,-0.7527607025316152,0,0
0,-1.7744155272455022,0,0
0,-0.17503727431606714,0,0
0,-1.4260029385010413,0,0
0,-0.22754135499485206,0,0
0,-0.9630703389522521,0,0
0,-0.12123256795612408,0,0
0,-1.0366420004225705,0,0
0,-0.39761671059248754,0,0
0,-1.0473509484087797,0,0
0,-1.7927501566732622,0,0
0,-1.0854528717103853,0,0
0,-2.209843274150538,0,0
0,-0.7492117958649775,0,0
0,-2.556444745480934,0,0
0,-0.8357829619297047,0,0
0,0.45931624556231815,1,1
0,-0.40677002717972016,0,0
0,-1.8597530200722707,0,0
0,-1.0995230061772152,0,0
0,-0.6707565493909182,0,0
0,-0.7185501791736981,0,0
0,-0.9154418660741863,0,0
0,-1.2626008846795456,0,0
0,-1.7210356545844256,0,0
0,-1.7374497525210388,0,0
0,-0.47991364241375106,0,0
0,-1.1536580890091688,0,0
0,-0.35383213952400877,0,0
0,-2.1137884537408045,0,0
0,-1.3275458411018048,0,0
0,-1.4525899628561671,0,0
0,-0.9694220430958098,0,0
0,-1.446402142765499,0,0
0,-1.0065189485993644,0,0
0,-0.2774800728859127,0,0
0,-2.028559186475848,0,0
0,-2.010809835010232,0,0
0,0.5704157233848963,1,1
0,-0.464481189884082,0,0
0,-1.9705786611914917,0,0
0,-2.301880230866805,0,0
0,-0.339725267497354,0,0
0,-0.927861448510275,0,0
0,-1.308090625787744,0,0
0,-1.3042776970149206,0,0
0,-1.8474492327061123,0,0
0,-1.2629750378053344,0,0
0,-0.20081545805694284,0,0
0,-0.8330121454871562,0,0
0,-1.0475250191696923,0,0
0,-1.0172418972960704,0,0
0,-3.2884210286124187,0,0
0,-0.644880324718347,0,0
0,0.7296156118568751,1,1
0,-1.0871675720343006,0,0
0,-1.375969393003753,0,0
0,-0.7798091692174941,0,0
0,-1.6011311975552696,0,0
0,0.044778078178403236,0,1
0,-0.5777428267969094,0,0
0,-0.56870723014114,0,0
0,0.05155037841393273,0,1
0,-2.5610496651791994,0,0
0,-1.3271579539958367,0,0
0,-0.8405471316451778,0,0
0,0.0023714195711943553,0,1
0,-0.6640871032888438,0,0
0,-0.5356577472378545,0,0
0,0.2691078677275183,1,1
0,-1.1129660601895657,0,0
0,-1.355960190129875,0,0
0,-1.50400246356873,0,0
0,-1.3122150498760758,0,0
0,-1.4332479842000292,0,0
0,-1.7737856051898693,0,0
0,-1.8633209201372247,0,0
0,-0.07794955559588995,0,0
0,1.4724465251061698,1,1
0,-1.739750720382878,0,0
0,-1.5873578620900843,0,0
0,-1.331217488797935,0,0
0,-2.381349277229457,0,0
0,-2.284763208492562,0,0
0,-0.6123510889537906,0,0
0,-1.521001467718604,0,0
0,0.5507778471788647,1,1
0,-0.43113732374014613,0,0
0,-1.4809804895937368,0,0
0,-0.33297288323873653,0,0
0,0.5552459982890052,1,1
0,-1.8836261028060073,0,0
0,-1.8212792820386614,0,0
0,-1.4431683934035884,0,0
0,-0.9965043734975472,0,0
0,-0.8333352600425323,0,0
0,-2.4455121308597323,0,0
0,-2.520611169668624,0,0
0,-0.3307746578785786,0,0
0,-0.848395723897728,0,0
0,-0.07687949176979997,0,0
0,-0.8873884024092846,0,0
0,-1.0913529013458927,0,0
0,-2.4312583399553085,0,0
0,-2.1644331498119342,0,0
0,-0.6281958784495185,0,0
0,-1.108941745514155,0,0
0,0.7255492989307262,1,1
0,-1.3421008623392163,0,0
0,0.285146802265755,1,1
0,-1.8134480490489666,0,0
0,-1.0002793567985468,0,0
0,-1.5332741055696275,0,0
0,-1.242606154640371,0,0
0,-1.4387422453213787,0,0
0,-2.1729343596937754,0,0
0,-0.8854164714532482,0,0
0,-1.2746385717390936,0,0
0,-2.238968700565317,0,0
0,-1.1289117918265745,0,0
0,-1.1449893295827056,0,0
0,-0.6454272176136187,0,0
0,-0.49246234770961506,0,0
0,-1.0987663362431577,0,0
0,-0.2314364850804178,0,0
0,-0.9217505361234146,0,0
0,-0.35383213952400877,0,0
0,-1.1394483206299189,0,0
0,-0.2167610290635118,0,0
0,-0.4231551830935032,0,0
0,-0.6343372563074958,0,0
0,-2.036692810415225,0,0
0,-1.9215327967685811,0,0
0,-1.7240446842345618,0,0
0,0.17642169561740878,0,1
0,-0.775441907206992,0,0
0,0.4601221952927734,1,1
0,-0.6168137828458606,0,0
0,-0.904849091325852,0,0
0,0.28690540617559807,1,1
0,0.20091992176790624,0,1
0,-1.26250155202008,0,0
0,-1.013283752703665,0,0
0,-1.0105441374659903,0,0
0,-0.04313193014443811,0,0
0,-0.9403993454456032,0,0
0,0.5906022455755664,1,1
0,0.08902450431538395,0,1
0,-0.5796273075384349,0,0
0,-0.8295453975760135,0,0
0,-0.5259732071994241,0,0
0,-1.4228684285433935,0,0
0,-0.9303315154219383,0,0
0,-0.31105746834219083,0,0
0,-0.6013681693630462,0,0
0,-0.45581609466295336,0,0
0,-0.3455221319599009,0,0
0,0.1645232389095424,0,1
0,-1.053282764975708,0,0
0,-0.9895218425418757,0,0
0,-0.9369229220820003,0,0
0,-1.8131502522589622,0,0
0,-1.367106354997723,0,0
0,-1.261630330402844,0,0
0,-2.3153767561736607,0,0
0,0.8716101431382921,1,1
0,-1.3332225010933,0,0
0,-1.555966221095,0,0
0,-1.7349939059816093,0,0
0,-0.9731636375660857,0,0
0,-0.409797219667561,0,0
0,-0.7282001740234147,0,0
0,-2.1585588613877564,0,0
0,-1.5271475989916636,0,0
0,-0.8837179793059071,0,0
0,-2.035224297716524,0,0
0,0.16509080515259872,0,1
0,-0.5828902738614073,0,0
0,-0.5702961453402298,0,0
0,-0.4585262669018617,0,0
0,-0.30825926629185396,0,0
0,-1.5285185191122472,0,0
0,-0.7720105134644272,0,0
0,-1.4082846696783682,0,0
0,-0.41773727204057803,0,0
0,-2.0997373672079016,0,0
0,-2.248548164525716,0,0
0,-1.465146421600901,0,0
0,-2.0479594997346013,0,0
0,-1.2416939731779535,0,0
0,-1.0316129973483181,0,0
0,-0.26200643103839444,0,0
0,-0.6535416075871858,0,0
0,-0.8745712401395056,0,0
0,-0.8107948468174838,0,0
0,-1.45126162832167,0,0
0,-0.6977997353333006,0,0
0,-0.8128239470794469,0,0
0,-1.236527799205802,0,0
0,-1.385944043481647,0,0
0,-0.8746995122043559,0,0
0,-1.337714644402817,0,0
0,-1.5845079099970227,0,0
0,-0.42633096370088697,0,0
0,-1.9743381383839744,0,0
0,-0.7059911154701857,0,0
0,-1.743710492684847,0,0
0,-1.843906490293164,0,0
0,-1.622395986816505,0,0
0,-1.3142942112014895,0,0
0,-0.9392740291779329,0,0
0,-1.7643616980644896,0,0
0,-1.1780480368894721,0,0
0,-0.8600492659099352,0,0
0,-0.8576780227623415,0,0
0,-0.584760770946679,0,0
0,-1.637650071487518,0,0
0,-1.3260574258291566,0,0
0,-2.1146828876138852,0,0
0,0.3614314172382341,1,1
0,-0.6514862584819913,0,0
0,-1.2048548530839707,0,0
0,-1.1872621387217914,0,0
0,-1.597931539441239,0,0
0,-0.3790095967638779,0,0
0,-1.1468584029670965,0,0
0,-2.3530597298732028,0,0
0,-1.9958561173437879,0,0
0,-2.1394688407441267,0,0
0,-0.21868058162055015,0,0
0,0.28093559538934926,1,1
0,-2.2062203025419214,0,0
0,-0.38427694062328643,0,0
0,-1.6126149660460645,0,0
0,-1.3197762326167402,0,0
0,-1.9045320035890605,0,0
0,0.43642621625067574,1,1
0,-0.5148236446841975,0,0
0,-0.7382839150550953,0,0
0,-1.7650177244352694,0,0
0,-1.2737441745007763,0,0
0,-0.49536023831016796,0,0
0,0.3029747549361123,1,1
0,-1.1651298321589558,0,0
0,-1.0459864848632134,0,0
0,-0.1042708132244789,0,0
0,-0.6558607326389903,0,0
0,-1.3024091257970831,0,0
0,-1.737419655673398,0,0
0,-2.1438307844732,0,0
0,-0.801261386355044,0,0
0,-1.5726693777700265,0,0
0,-1.9706467229558986,0,0
0,-1.8316606534756965,0,0
0,-2.332836383151039,0,0
0,-1.4629948490633595,0,0
0,-1.8868469488910042,0,0
0,-0.25703751804956665,0,0
0,-0.5523897504866455,0,0
0,-0.5470120085927119,0,0
0,-0.9799437396028534,0,0
0,-0.8550092222166654,0,0
0,-1.8141848821960753,0,0
0,-2.2850513030002704,0,0
0,-0.8995416440768267,0,0
0,-0.5501579146695201,0,0
0,1.1401536898968037,1,1
0,-0.5436032536356183,0,0
0,-1.1025747366561405,0,0
0,-1.0090116780757592,0,0
0,0.13728959379326655,0,1
0,-1.878702221196158,0,0
0,-1.4677982717680693,0,0
0,-0.7017397504844127,0,0
0,-2.160396988421494,0,0
0,-0.2322270210568682,0,0
0,-2.120758766044221,0,0
0,-1.0853064661179948,0,0
0,-0.32700312623559685,0,0
0,-0.5468477715093082,0,0
0,-2.5654038447570353,0,0
0,-1.4258261847863867,0,0
0,0.3114864291367257,1,1
0,-2.6504752633197888,0,0
0,-0.3806784142824361,0,0
0,-0.23343050562138262,0,0
0,0.6350064441171712,1,1
0,-0.9431986097618239,0,0
0,-1.266808337591985,0,0
0,-1.0205835345703056,0,0
0,-1.8849325650253752,0,0
0,-1.1707955740372165,0,0
0,-1.1820962401287805,0,0
0,-1.9357238296648738,0,0
0,0.18714319006164087,0,1
0,-0.9673439374679325,0,0
0,-0.9322071029819725,0,0
0,-1.1707955740372165,0,0
0,-0.22602675404218978,0,0
0,-1.52780523359473,0,0
0,-1.7559105762507468,0,0
0,-1.0897368796875258,0,0
0,-1.38762912959559,0,0
0,-1.7996773852483123,0,0
0,-1.6959035539705662,0,0
0,-1.7346153841132794,0,0
0,0.8504293944721735,1,1
0,-1.7892017444907413,0,0
0,-0.27121195107519447,0,0
0,-0.6196958825755294,0,0
0,-0.07463786275119533,0,0
0,-2.0487907525331557,0,0
0,-1.2707112601426704,0,0
0,-0.18365005627704858,0,0
0,0.24383385569039412,0,1
0,-2.357344917477976,0,0
0,-2.196200106502892,0,0
0,-1.3917064705463844,0,0
0,-1.2319594706598906,0,0
0,-1.8792496956016005,0,0
0,-2.281089537197938,0,0
0,-0.7436500299964844,0,0
0,-0.8217094132764651,0,0
0,-1.5396484882841797,0,0
0,-0.5541959338842152,0,0
0,-1.2565868569401502,0,0
0,-2.134305770179959,0,0
0,-1.524811916823551,0,0
0,-1.740716035093014,0,0
0,-2.4276724865234707,0,0
0,0.03555864288986421,0,1
0,-0.5539752028640506,0,0
0,-1.4076614408168584,0,0
0,0.3614314172382341,1,1
0,-0.4933016713412305,0,0
0,-1.73846288062273,0,0
0,-1.785119316325665,0,0
0,-1.0266988527582344,0,0
0,-0.2765691485364236,0,0
0,0.19335268365065644,0,1
0,-2.4654943108826766,0,0
0,0.159739714627894,0,1
0,-0.8526746461769135,0,0
0,-1.4155710982291987,0,0
0,-1.0428989694847222,0,0
0,-2.349038677939249,0,0
0,-1.7376185792945216,0,0
0,-2.402837103430583,0,0
0,-1.647050840825047,0,0
0,-0.1688831660225441,0,0
0,-1.5766919197672777,0,0
0,-0.8860730569705006,0,0
0,-0.8373775949834611,0,0
0,-0.8112433146015618,0,0
0,-0.06317218982270567,0,0
0,-1.4848409057127923,0,0
0,-1.2585382664356637,0,0
0,-0.28623931275143555,0,0
0,-1.6183204026415074,0,0
0,0.07648548903190949,0,1
0,-0.12525923938045141,0,0
0,-2.1474594740779787,0,0
0,-0.7326400283644035,0,0
0,-1.6358562100102079,0,0
0,-2.326791024735179,0,0
0,-0.6575868234892932,0,0
0,-0.5889445215456934,0,0
0,-1.7993383664794214,0,0
0,-1.4590234833225906,0,0
0,-0.6115419644261264,0,0
0,-0.9335129598196663,0,0
0,-0.890104108232558,0,0
0,0.34208455176784075,1,1
0,-0.6991393227212794,0,0
0,-0.7156037960570152,0,0
0,0.7942917672982448,1,1
0,-0.9998643521767638,0,0
0,-2.103235200612193,0,0
0,-1.7437504709086376,0,0
0,-1.1100756085845573,0,0
0,-1.5483103844813917,0,0
0,-0.4607472638174398,0,0
0,-1.151499907547513,0,0
0,-1.2052039492979651,0,0
0,0.7671899939731586,1,1
0,0.6756788817863857,1,1
0,-0.8800378692429724,0,0
0,-0.6066209604161386,0,0
0,-0.8260788570658604,0,0
0,-0.43838333250534256,0,0
0,-1.5177433923875516,0,0
0,0.30361992724742876,1,1
0,-0.6677595498860951,0,0
0,-0.7937977241827635,0,0
0,-0.7361930644669437,0,0
0,-2.148374896461346,0,0
0,-0.260431370227419,0,0
0,0.21350527037683925,0,1
0,-0.8949078816575464,0,0
0,0.18147418480022187,0,1
0,-0.9771477473710906,0,0
0,-1.7781341416418177,0,0
0,-0.9567516744605888,0,0
0,-0.5826659536848952,0,0
0,-1.5017291572869904,0,0
0,-0.3212358592355547,0,0
0,-0.7941065615192806,0,0
0,-1.428486869329276,0,0
0,-3.1304641035771383,0,0
0,-1.5082082479050176,0,0
0,-1.2203655130748465,0,0
0,-0.6426545273874869,0,0
0,-0.3445498864039059,0,0
0,-2.062310176881591,0,0
0,-1.274476071027078,0,0
0,-0.4050273419290474,0,0
0,-1.5971593593554771,0,0
0,-0.5838897838780397,0,0
0,-1.7419758666015641,0,0
0,-1.249501325197409,0,0
0,-1.5097104121831333,0,0
0,-1.678316623390975,0,0
0,-1.6747283827602213,0,0
0,-0.337411090835289,0,0
0,-0.9352601281311286,0,0
0,-0.8070599985256524,0,0
0,-0.4550752806842592,0,0
0,-0.9236734765146726,0,0
0,-1.2299251886462519,0,0
0,-1.843356571159484,0,0
0,-2.334548882582705,0,0
0,0.3857408900542066,1,1
0,-1.6970937941126363,0,0
0,-1.105542184062312,0,0
0,-1.1995240125209212,0,0
0,-1.7757056180056001,0,0
0,-1.185562050671094,0,0
0,-1.2088351779181559,0,0
0,-1.0215871749916818,0,0
0,-2.378165225672174,0,0
0,-0.9612442429574259,0,0
0,0.30980379387940776,1,1
0,-1.513961174409946,0,0
0,-0.45951664108555507,0,0
0,-0.5631075934762328,0,0
0,-0.3801837030506224,0,0
0,-0.45213962353797865,0,0
0,-2.937704246649495,0,0
0,-0.7232074254159109,0,0
0,-1.7823299187853352,0,0
0,-0.06248846085301624,0,0
0,-0.44330972860461976,0,0
0,-2.028041263061383,0,0
0,-1.3603838919791176,0,0
0,-0.26740579047838825,0,0
0,-1.4604745669514902,0,0
0,-0.3463061139149009,0,0
0,-1.282422394688081,0,0
0,-0.6331656824909246,0,0
0,0.2078562850278713,0,1
0,-0.437594699269525,0,0
0,-0.5794974473774623,0,0
0,-1.3833925201758734,0,0
0,-1.0541754877560001,0,0
0,-1.1045166556398964,0,0
0,-1.3467440072632348,0,0
0,-1.4488640443314527,0,0
0,-1.0112968548063572,0,0
0,-1.2806771301871125,0,0
0,-0.61102598951234,0,0
0,-0.8878837675635907,0,0
0,-0.31720718507934753,0,0
0,-1.03241517866171,0,0
0,-0.42292121104559754,0,0
0,-1.1500072614698205,0,0
0,-1.3394472765282615,0,0
0,-1.2913589346813261,0,0
0,-1.3363216494377508,0,0
0,0.22591130684481536,0,1
0,-1.1167523885402186,0,0
0,-0.3117793733596421,0,0
0,-0.17570808013647138,0,0
0,-1.5691196420657851,0,0
0,-0.7784018337515171,0,0
0,-2.4041186027186434,0,0
0,-1.8266372934631785,0,0
0,-1.6402104348360678,0,0
0,-0.18013200071134694,0,0
0,-0.7707362629190833,0,0
0,-1.4270186024980107,0,0
0,0.3403671079627992,1,1
0,-1.2708610681907972,0,0
0,-1.5725608051329634,0,0
0,-2.1288680275924823,0,0
0,-1.8221863976571897,0,0
0,-0.2543764232854705,0,0
0,-0.11794896412667122,0,0
0,-1.2102258603682239,0,0
0,-0.034603248915691165,0,0
0,-0.25238135514683646,0,0
0,0.1772199169605912,0,1
0,-1.4265703660534503,0,0
0,-1.3076771319711513,0,0
0,-1.5018960011908422,0,0
0,-1.7780845074226064,0,0
0,-1.8975980328809754,0,0
0,-1.366985606154364,0,0
0,-1.4621820453056316,0,0
0,0.4135469963013913,1,1
0,-1.521773361700301,0,0
0,-1.4545704616912793,0,0
0,-1.274488386284951,0,0
0,-1.2407072986916143,0,0
0,-1.4936852265824945,0,0
0,-0.5975790495258371,0,0
0,-0.7983559725811903,0,0
0,-0.8654795139431724,0,0
0,-3.035838081501581,0,0
0,-0.241981021303386,0,0
0,-1.437574300722506,0,0
0,-2.212290553324135,0,0
0,-0.6190465641258711,0,0
0,-1.1919502022049047,0,0
0,-0.21458344224015274,0,0
0,-1.1837044854170684,0,0
0,-3.7555783323231826,0,0
0,-1.1374991713546434,0,0
0,-2.736128083291466,0,0
0,-0.004749003670332375,0,0
0,-1.239991605026159,0,0
0,-0.5450067917262118,0,0
0,0.2892069220221361,1,1
0,-1.344345884012023,0,0
0,-1.5058738819514,0,0
0,-0.631736209401638,0,0
0,-1.1693232243537146,0,0
0,-0.5826659536848952,0,0
0,-1.7760536220934853,0,0
0,-2.8718660513294636,0,0
0,-1.0664037437874347,0,0
0,-0.7104912653962802,0,0
0,0.621168845034185,1,1
0,-2.4177909005260343,0,0
0,-1.0749498742074846,0,0
0,-1.1269748284219834,0,0
0,-0.6779298904858919,0,0
0,-1.6392875064725527,0,0
0,-0.3478175064635665,0,0
0,-0.7946471114895819,0,0
0,-1.7907660984073646,0,0
0,-0.6680851480445159,0,0
0,-1.3694900467616486,0,0
0,-0.7378611122820616,0,0
0,0.21947208866270546,0,1
0,-0.49101537799371764,0,0
0,-1.4173496180075467,0,0
0,-2.0574068446917173,0,0
0,0.9750881925815418,1,1
0,-0.9280915910960283,0,0
0,-1.1855445736710337,0,0
0,-0.2252408254270153,0,0
0,-0.39106604610615897,0,0
0,-1.3123106758362846,0,0
0,-0.28067993908195676,0,0
0,-0.8653100735370838,0,0
0,-1.8124435466743247,0,0
0,-1.6997808672620198,0,0
0,-1.1870212544371033,0,0
0,-1.5469600748208192,0,0
0,0.13756514480943538,0,1
0,0.35876670303070696,1,1
0,-1.3476423702969682,0,0
0,-1.4964190315758301,0,0
0,-0.9687483048028303,0,0
0,-0.9280915910960283,0,0
0,-2.2427771690076153,0,0
0,-0.5852343138741813,0,0
0,-0.7478128398213971,0,0
0,-0.6068632684728401,0,0
0,-0.7779584488646519,0,0
0,-1.8284935480716127,0,0
0,-1.428806326061824,0,0
0,-1.5348640594999765,0,0
0,-0.7785121870377416,0,0
0,-1.9737663978539737,0,0
0,-1.6982081701144174,0,0
0,-1.023950817586374,0,0
0,-1.9243061264823027,0,0
0,-0.704079564468155,0,0
0,-0.9872990336995049,0,0
0,-1.182592977391727,0,0
0,-0.3725003615960986,0,0
0,-1.9416495745498596,0,0
0,-1.7453512377253466,0,0
0,-1.997655525500359,0,0
0,-1.523373848595267,0,0
0,-1.9289554243370766,0,0
0,-1.7903528627707888,0,0
0,-0.31839670169251316,0,0
0,-1.8721898793720368,0,0
0,-1.0347240379286966,0,0
0,-0.8809231009958678,0,0
0,-1.6181135579575412,0,0
0,-2.3349446751160023,0,0
0,-0.933356529138804,0,0
0,-2.0999470911743368,0,0
0,-2.371827810611212,0,0
0,-0.5293557723756082,0,0
0,-1.4507839219487138,0,0
0,-1.3424909086719423,0,0
0,-2.2713460806240793,0,0
0,-1.9650669496996735,0,0
0,-1.0438085767348002,0,0
0,-0.4603201827010451,0,0
0,-0.4388781059692344,0,0
0,-0.536827737136991,0,0
0,-3.111107063222241,0,0
0,-1.5773345381010622,0,0
0,-0.43722996475697085,0,0
0,-0.48814593100174075,0,0
0,0.1852608384149757,0,1
0,-2.254314536453462,0,0
0,-1.0997757998233437,0,0
0,-2.0075066132573522,0,0
0,-0.8900413594488619,0,0
0,-1.4790446478865562,0,0
0,-1.6722253069561006,0,0
0,-1.7879469543386615,0,0
0,-1.415129479149131,0,0
0,-1.5060255971693026,0,0
0,-1.153106650200581,0,0
0,-1.2122277656211986,0,0
0,-1.4111014245946245,0,0
0,-0.6447165508588586,0,0
0,-1.5001695402132873,0,0
0,-2.3077100399293706,0,0
0,-0.15840179933733153,0,0
0,-1.0605501811350517,0,0
0,-0.6045111539574823,0,0
0,-1.2676364855340811,0,0
0,-1.2892355900020047,0,0
0,-0.9102090379512988,0,0
0,-1.638658972339653,0,0
0,-1.2019891447479054,0,0
0,-0.761560881732334,0,0
0,-1.1127570714611785,0,0
0,-0.6750786891582203,0,0
0,-0.6750786891582203,0,0
0,-1.660273710770521,0,0
0,-1.2129777751424344,0,0
0,-0.805933575368617,0,0
0,-1.093615269374155,0,0
0,-1.06107104918805,0,0
0,-0.5042757083422852,0,0
0,-1.023485189640567,0,0
0,-1.6482074858425693,0,0
0,-2.27868541523317,0,0
0,-2.4830511316817394,0,0
0,-0.2686245176398149,0,0
0,-1.0385526980502837,0,0
0,-2.154192203020836,0,0
0,-2.4250631587433413,0,0
0,-2.2968205088154128,0,0
0,-1.2385669176624963,0,0
0,-0.43025759971883465,0,0
0,-0.19065598071330278,0,0
0,-0.614540735303058,0,0
0,-1.0612842736166117,0,0
0,-1.4935247696141611,0,0
0,-1.2658141918521264,0,0
0,-1.178778169074596,0,0
0,0.06741854564449018,0,1
0,-0.4200644373220868,0,0
0,0.4135469963013913,1,1
0,-2.1832937938301207,0,0
0,-2.1319547408793924,0,0
0,-1.093615269374155,0,0
0,-1.9533151432612417,0,0
0,-1.594114581169322,0,0
0,-0.8673150169440833,0,0
0,-0.8248349282659104,0,0
0,-1.1222324786575653,0,0
0,-1.9221283759170162,0,0
0,-0.9050550369500445,0,0
0,-1.030478913281853,0,0
0,-1.0701761200687328,0,0
0,-1.550772984623832,0,0
0,-1.8083982787870707,0,0
0,-1.2288760994344072,0,0
0,-0.5782754851977153,0,0
0,-2.2980617403035297,0,0
0,-1.881501790791576,0,0
0,-1.8440273609048825,0,0
0,-1.6306626451178328,0,0
0,-0.07849446846252767,0,0
0,-1.6665239808444174,0,0
0,-0.5765545494493625,0,0
0,-1.3753554603408895,0,0
0,-1.0320262667084361,0,0
0,-0.687608214602528,0,0
0,-0.05553039280868405,0,0
0,-0.5650657698535587,0,0
0,-0.7989335577810396,0,0
0,-0.8773354342511208,0,0
0,-1.511527825388269,0,0
0,-1.78391464246527,0,0
0,-0.4271174998623278,0,0
0,-3.2834825503303513,0,0
0,-0.8795139030941403,0,0
0,-0.2815555977054273,0,0
0,-1.0578705222911577,0,0
0,-0.3478027960185227,0,0
0,-1.4646530392763395,0,0
0,-0.7295868111371782,0,0
0,-1.5707324432153047,0,0
0,-1.6647552002530233,0,0
0,-2.2616963663699567,0,0
0,-2.2619601332548895,0,0
0,-2.2105495224752865,0,0
0,-2.0257313957336125,0,0
0,-2.2532842509977526,0,0
0,-0.3087307824212573,0,0
0,-1.7160048203884093,0,0
0,-2.1113274677852623,0,0
0,-1.469157987755781,0,0
0,-1.1436996309462315,0,0
0,-1.227012278663268,0,0
0,-0.2962957627872727,0,0
0,-2.392438524393145,0,0
0,-1.7164364425122947,0,0
0,-0.134860212293343,0,0
0,-0.32223422157138004,0,0
0,-2.1327970667711695,0,0
0,-1.350105973050269,0,0
0,-1.4654782262745618,0,0
0,-2.1840241014349475,0,0
0,-2.4256449584953432,0,0
0,-0.7377086324262419,0,0
0,-0.44171053578146524,0,0
0,-0.015150863962800576,0,0
0,-2.3457967868355416,0,0
0,-1.2110819416516845,0,0
0,-1.4872262237307978,0,0
0,-2.1432510891828507,0,0
0,-1.7973871949316862,0,0
0,-0.46595373880665447,0,0
0,-1.8351021797054103,0,0
0,-1.1182086098245487,0,0
0,-1.4176370555325586,0,0
0,-2.9044549731376264,0,0
0,-1.132388663702258,0,0
0,-1.8309149113945327,0,0
0,-0.4044908528886038,0,0
0,-2.264176546791825,0,0
0,-1.7160048203884093,0,0
0,-2.0950350285096535,0,0
0,-1.4618722517054699,0,0
0,-0.9329535323365856,0,0
0,-1.0834092643990019,0,0
0,-1.265729409847004,0,0
0,-1.4430528911248048,0,0
0,-1.296436951558371,0,0
0,-1.513961174409946,0,0
0,-0.628485231162891,0,0
0,-1.419617947220205,0,0
0,-0.8515358917263074,0,0
0,-0.4785385524909381,0,0
0,-1.5391776015520007,0,0
0,-1.0701761200687328,0,0
0,-1.4314416358376714,0,0
0,-1.3699189826633085,0,0
0,0.24406453064749506,0,1
0,-1.6062630298485454,0,0
0,-0.7545597408003337,0,0
0,-0.8800709241369686,0,0
0,-0.0336623781829557,0,0
0,-0.5763698891642874,0,0
0,-0.856840326020367,0,0
0,-0.2013913293863985,0,0
0,-0.7384175185872746,0,0
0,0.02078003794286226,0,1
0,-1.2392556267613966,0,0
0,-1.4482104557892725,0,0
0,-1.2996618493889818,0,0
0,-0.04969600746978037,0,0
0,-0.6012426353186204,0,0
0,-1.0958085952666283,0,0
0,-1.275905068463241,0,0
0,-0.5995292725242432,0,0
0,-0.02201890630177933,0,0
0,-0.1375242329942793,0,0
0,-2.3957818017273427,0,0
0,-0.4657117968031481,0,0
0,-0.06248846085301624,0,0
0,-0.21881549163547528,0,0
0,-1.3223195181951557,0,0
0,-1.5844955443442035,0,0
0,-1.4598312236365263,0,0
0,-1.4122184826311777,0,0
0,-1.9191338861130276,0,0
0,-2.3957818017273427,0,0
0,-0.15763133452892336,0,0
0,-1.2612136254870667,0,0
0,-0.7927395092996683,0,0
0,-0.8928814363314972,0,0
0,-1.0558423057560704,0,0
0,-1.1478983260684512,0,0
0,-0.5547296533860726,0,0
0,-0.3224960653682186,0,0
0,-1.402576804612145,0,0
0,-1.2879229378520243,0,0
0,-1.2246315304497946,0,0
0,-1.3041977262894728,0,0
0,-0.7838722814260531,0,0
0,-2.514626065490311,0,0
0,-2.1341330827464886,0,0
0,-2.0182497325317215,0,0
0,-0.4828469972399966,0,0
0,-0.3810215592024916,0,0
0,-1.0667754375936636,0,0
0,-1.13202912791201,0,0
0,-1.2823644102411664,0,0
0,0.6464487595682062,1,1
0,-0.2317869376340761,0,0
0,-0.9395544006410665,0,0
0,-2.55171836005492,0,0
0,-1.7142032874386015,0,0
0,-0.5677589867527997,0,0
0,-0.7781358223231702,0,0
0,-1.166482263914806,0,0
0,0.33902384887591935,1,1
0,-1.5237350725128482,0,0
0,-1.3683304307616617,0,0
0,-1.5455247784518777,0,0
0,-0.7477265332244576,0,0
0,-1.0470670852306079,0,0
0,-2.2732250514182795,0,0
0,-1.13202912791201,0,0
0,-1.498656830174766,0,0
0,-0.957230928468467,0,0
0,-1.5048000344599135,0,0
0,-0.765019471541643,0,0
0,-0.983840558432906,0,0
0,-1.8369719907718292,0,0
0,-1.621747297253997,0,0
0,-1.390138912356633,0,0
0,-2.2268284243386125,0,0
0,-1.169073147308982,0,0
0,-0.8781529109656421,0,0
0,-2.4869333167275895,0,0
0,-1.9279233577971195,0,0
0,-1.6404489750810345,0,0
0,-1.0727632274165129,0,0
0,-2.037206029204479,0,0
0,-1.308211987820305,0,0
0,-1.7549858128936293,0,0
0,-1.3619371032182326,0,0
0,-0.4732067050789671,0,0
0,-0.23533446953672255,0,0
0,-0.4669329282957079,0,0
0,-0.4182250079933686,0,0
0,-1.0622468058876833,0,0
0,-2.1562235301708412,0,0
0,-1.7160353746833537,0,0
0,-0.5948220282614997,0,0
0,-0.573386088260707,0,0
0,-0.3833721721565065,0,0
0,-0.3224960653682186,0,0
0,-0.6969725741982218,0,0
0,-2.0712233187131486,0,0
0,-1.78346107592725,0,0
0,-0.44344722456881613,0,0
0,-0.9090128545291176,0,0
0,-1.4853312622971129,0,0
0,-1.7408762916175062,0,0
0,-0.4918810245433318,0,0
0,-1.0450076412682114,0,0
0,-0.4062581837306785,0,0
0,-1.276174949970962,0,0
0,-1.7383399827360921,0,0
0,0.07631291354449793,0,1
0,-1.3479984117268191,0,0
0,-1.5020124988035333,0,0
0,-0.3984507087850171,0,0
0,-1.58386286177976,0,0
0,-1.4987891978831056,0,0
0,-0.3729922566510835,0,0
0,-0.8083991819798133,0,0
0,0.22425602677678308,0,1
0,-1.6942557699257181,0,0
0,-0.5328985211195223,0,0
0,-1.3610737238172637,0,0
0,-0.8915419335168666,0,0
0,-2.0319410507022684,0,0
0,-1.0943658825863873,0,0
0,-0.3423394452781807,0,0
0,-0.7013282752890058,0,0
0,-0.8654772140782221,0,0
0,-1.8375347595403808,0,0
0,-2.103066819953646,0,0
0,-1.51319672374526,0,0
0,-1.258340225345287,0,0
0,-0.8545489051491628,0,0
0,-1.2063325092698982,0,0
0,-0.9529240921445867,0,0
0,-1.816311204437888,0,0
0,-0.8421864209160181,0,0
0,-1.8764376411069668,0,0
0,1.282233041151708,1,1
0,-1.0842882701396874,0,0
0,-1.7651907541782004,0,0
0,-1.396557251197712,0,0
0,-2.674153097850074,0,0
0,-0.8800709241369686,0,0
0,-1.7840842661590757,0,0
0,-0.3346435693273868,0,0
0,-1.839870377766361,0,0
0,-1.8333177321974596,0,0
0,-1.366985606154364,0,0
0,-0.1553774152473402,0,0
0,-3.111107063222241,0,0
0,-1.600840731486772,0,0
0,-2.1590936622302,0,0
0,-2.247976861277002,0,0
0,-0.8454109069296918,0,0
0,-1.9910887063093683,0,0
0,-1.222557192286261,0,0
0,-0.4628761820793377,0,0
0,-0.3019841504778851,0,0
0,-0.2565020351516273,0,0
0,-0.6829917694290852,0,0
0,-1.5391009921571273,0,0
0,-1.8888546761356275,0,0
0,-1.4357888094580022,0,0
0,-0.8172558304302227,0,0
0,-1.7165373652558444,0,0
0,-0.7372472191615642,0,0
0,-1.4283549301225846,0,0
0,-0.8885105618120877,0,0
0,-2.095913104209384,0,0
0,-1.1611788809181802,0,0
0,0.12204995468283586,0,1
0,-1.991974620163992,0,0
0,-1.1630875011177797,0,0
0,-0.9119120946672914,0,0
0,-0.6621479023851392,0,0
0,-2.1522380267259518,0,0
0,-1.8653695025483423,0,0
0,-1.5217463578703887,0,0
0,-1.2761805951387322,0,0
0,-1.739217657220246,0,0
0,-1.1326786261262733,0,0
0,-1.1892069990292473,0,0
0,-2.198921476867691,0,0
0,-1.5542455295899291,0,0
0,-0.7229966177273575,0,0
0,-1.8866689795936644,0,0
0,0.5405615377666244,1,1
0,-1.7332556501142617,0,0
0,-0.8542801796979154,0,0
0,-3.0388353910279102,0,0
0,-1.2775927371525708,0,0
0,-0.17107581199027175,0,0
0,-0.8250812415773745,0,0
0,-1.9906756652692177,0,0
0,-0.7513264848724188,0,0
0,-2.2366512623195036,0,0
0,-2.027900732119874,0,0
0,-0.8616956802344491,0,0
0,-0.9872966494661963,0,0
0,-1.0966303905505985,0,0
0,-1.8543185416492407,0,0
0,-1.4941328681327923,0,0
0,-2.0122111744051385,0,0
0,-1.5934122644753892,0,0
0,-0.6276355031786824,0,0
0,-1.9225866198311394,0,0
0,-1.5308276210601661,0,0
0,-1.6942557699257181,0,0
0,-0.8586758517903759,0,0
0,-1.1439657722603245,0,0
0,-1.282800382298982,0,0
0,-0.9564170208097027,0,0
0,-1.143875569674358,0,0
0,-1.5592601040349388,0,0
0,-1.1506409170351484,0,0
0,-0.5683277947358814,0,0
0,-1.4424135487826504,0,0
0,-1.7886484157669091,0,0
0,-0.2252319832795782,0,0
0,-1.5714847333693767,0,0
0,-0.908710961118661,0,0
0,-0.8727850624083131,0,0
0,-0.6847804313575749,0,0
0,-1.2506531893670876,0,0
0,-0.3577894286996786,0,0
0,-1.2719572331415376,0,0
0,-1.142228807220916,0,0
0,-0.5034799908752974,0,0
0,-1.9298230494374722,0,0
0,-1.0926669372337499,0,0
0,-1.0794261168592347,0,0
0,-1.004559420604006,0,0
0,-0.8021581371853123,0,0
0,-1.6725334635897338,0,0
0,-1.1849002991022566,0,0
0,-2.143603427770892,0,0
0,-0.642205416618796,0,0
0,-0.37491339779041893,0,0
0,-0.9218685993122699,0,0
0,-1.0319793452292656,0,0
0,-0.7118506945972566,0,0
0,0.19885581965688942,0,1
0,-1.5312735394352923,0,0
0,-0.334622636083595,0,0
0,-0.39309817664102276,0,0
0,-1.169073147308982,0,0
0,-1.6763599222052183,0,0
0,-0.22254612939005158,0,0
0,-0.7235425653368259,0,0
0,-1.0468869212902157,0,0
0,-2.0444074181486456,0,0
0,-0.8712647305014432,0,0
0,-1.6496537222425733,0,0
0,-1.8880140349826793,0,0
0,-1.419144594638515,0,0
0,-0.9875996900151618,0,0
0,-1.3279019156184981,0,0
0,-1.682709808517497,0,0
0,-1.5780084612762002,0,0
0,-0.361087125209479,0,0
0,-1.0120094432010251,0,0
0,-0.7861210009532738,0,0
0,-0.7845280481213244,0,0
0,-0.47606924996411776,0,0
0,0.302704124074131,1,1
0,-0.5256627774649081,0,0
0,-0.9754386397308763,0,0
0,-1.3759344890932286,0,0
0,-0.9096283307272139,0,0
0,-1.1031495752836344,0,0
0,-0.8334244916441675,0,0
0,-1.0373751945710656,0,0
0,1.2178656255769968,1,1
0,-1.6549779710365793,0,0
0,-1.324222433646201,0,0
0,0.302704124074131,1,1
0,-0.11389969217205634,0,0
0,-2.5499264099598418,0,0
0,-0.50421001686149,0,0
0,-0.8365606014295495,0,0
0,-1.0207842911219565,0,0
0,-1.0416495060394102,0,0
0,-0.41663701203453224,0,0
0,-1.4380095506595678,0,0
0,-1.5566618639438465,0,0
0,-2.1259157298932685,0,0
0,-1.5714967758614808,0,0
0,-1.782108625161231,0,0
0,-1.7354178997305534,0,0
0,0.3882754437372305,1,1
0,-1.7776761801738425,0,0
0,-1.4798762446580116,0,0
0,0.07033189187768873,0,1
0,-2.3251173403303746,0,0
0,-1.030478913281853,0,0
0,0.2778101825168406,1,1
0,-1.7639652216274508,0,0
0,0.9083384599654623,1,1
0,-1.082009970438068,0,0
0,-0.42605719578784523,0,0
0,-2.1249856028384784,0,0
0,-0.9282812779470293,0,0
0,-1.0475795845421108,0,0
0,-1.4869678816259142,0,0
0,-1.6910470789296213,0,0
0,-0.5736605436774093,0,0
0,-1.2796849204433687,0,0
0,-0.8055627523324228,0,0
0,-1.3562789779839197,0,0
0,-0.614540735303058,0,0
0,-0.46552246867409974,0,0
0,-1.483195386452979,0,0
0,-0.3369518444629495,0,0
0,0.9365357885251508,1,1
0,-1.1506409170351484,0,0
0,-1.9261987914827103,0,0
0,-0.4692243156040368,0,0
0,-1.7251558643997245,0,0
0,-2.1506255510644534,0,0
0,-1.4682815969513296,0,0
0,-0.9447889981897113,0,0
0,-0.39952553164404664,0,0
0,-1.5500476007993922,0,0
0,-0.30103327109340494,0,0
0,-2.879098532586267,0,0
0,-0.2565020351516273,0,0
0,-1.65123758172087,0,0
0,-2.232447938224803,0,0
0,-0.760747691530788,0,0
0,-2.231969769082791,0,0
0,-0.7853191861006261,0,0
0,-1.846815231220297,0,0
0,-0.3907589646460525,0,0
0,-0.8802735418877266,0,0
0,-1.330503823017636,0,0
0,-0.43978707958595076,0,0
0,-1.8832547644713657,0,0
0,-0.29597860205179616,0,0
0,-0.8045367350323348,0,0
0,-2.2904153756582644,0,0
0,-2.1414230486387202,0,0
0,-0.32490928195061924,0,0
0,0.02638139191772959,0,1
0,-0.5693623575351704,0,0
0,-2.964944067484273,0,0
0,0.10413227038912176,0,1
0,-1.1581484960007364,0,0
0,-2.221474302532735,0,0
0,-0.7821603581276937,0,0
0,-0.8542801796979154,0,0
0,-2.896938441588862,0,0
0,-0.8232610541736993,0,0
0,-1.2827035843539154,0,0
0,0.5062560732561983,1,1
0,-1.3160355993491977,0,0
0,-0.7251735714639105,0,0
0,-0.5142223772381272,0,0
0,-1.14273069654573,0,0
0,-1.4300254840124473,0,0
0,-1.7112258396241657,0,0
0,-1.2601091800720277,0,0
0,-0.9318817966542874,0,0
0,-0.004650050466311284,0,0
0,-2.0276293732719837,0,0
0,0.14817401131017827,0,1
0,-0.6297116980565923,0,0
0,-1.071084400048867,0,0
0,-1.548564693772601,0,0
0,-2.2657959232865634,0,0
0,-1.590406877792784,0,0
0,0.271489845204618,1,1
0,-0.8000874238694755,0,0
0,-2.0075640895056295,0,0
0,-1.6026691671357274,0,0
0,-0.8855677732387044,0,0
0,-1.246060984346216,0,0
0,-1.5625848648296334,0,0
0,-0.3959182916718107,0,0
0,-2.3439178363046502,0,0
0,-0.9327355771408063,0,0
0,-1.236018635384837,0,0
0,-0.8059421077854019,0,0
0,-0.8982254654454265,0,0
0,-0.283863217949034,0,0
0,-0.8510023919033147,0,0
0,0.3279815745324734,1,1
0,-0.21874705394276048,0,0
0,-1.4872002258154893,0,0
0,-1.0827958558134163,0,0
0,0.08247529224354866,0,1
0,-1.2699871679475885,0,0
0,-1.7987146591914986,0,0
0,-1.563151358203523,0,0
0,-1.1109726810856797,0,0
0,-0.50421001686149,0,0
0,-2.0906838996137997,0,0
0,-1.4235285951322718,0,0
0,-1.2412326986191615,0,0
0,-1.3557171004370285,0,0
0,-1.392002770279284,0,0
0,-0.5729863128968625,0,0
0,-2.6011178940007293,0,0
0,-1.206114156926167,0,0
0,-2.5262013572216544,0,0
0,-1.398276194058058,0,0
0,-0.9337857539546679,0,0
0,-3.791379420852074,0,0
0,-0.9292294295028047,0,0
0,-0.7868930125377764,0,0
0,-0.28043930147902885,0,0
0,-1.506280380498918,0,0
0,-1.177607376246975,0,0
0,-2.359630034426214,0,0
0,-0.04936296869607848,0,0
0,-1.0667754375936636,0,0
0,-1.9261987914827103,0,0
0,-1.0873643170741198,0,0
0,-0.36411709786472535,0,0
0,-1.2354045519386032,0,0
0,-1.1985551695394947,0,0
0,-1.0430305289070372,0,0
0,-0.35740372629869765,0,0
0,-1.00016928086511,0,0
0,-1.5136549661437537,0,0
0,-0.822139882102577,0,0
0,-1.1730871339673783,0,0
0,-0.28125020056226685,0,0
0,-0.7493048342907255,0,0
0,-0.8028848796892479,0,0
0,-1.4798770275855575,0,0
0,-1.2059205809192615,0,0
0,-0.4635121269069038,0,0
0,-1.6078029966757548,0,0
0,-1.096645722523107,0,0
0,-1.4217928368862294,0,0
0,-0.8541312736505267,0,0
0,-1.9486631179263108,0,0
0,-0.9943360996733586,0,0
0,-0.5070648220060417,0,0
0,-0.7629984740621119,0,0
0,-1.5269679800830382,0,0
0,-1.4281578093625587,0,0
0,-0.6537334404263742,0,0
0,-1.387009019990085,0,0
0,-0.774287254982752,0,0
0,-1.4444179249633713,0,0
0,-0.8530137591392846,0,0
0,-1.2888535762044173,0,0
0,-1.2733307303352008,0,0
0,-0.9239479619708839,0,0
0,-2.2768389818159496,0,0
0,-1.5751899139667,0,0
0,-2.1703318206871467,0,0
0,-0.9898534004260351,0,0
0,-0.7388062388539665,0,0
0,-1.5105778759630284,0,0
0,-1.0095254618953171,0,0
0,-1.3220597608417066,0,0
0,-1.135596895586092,0,0
0,-1.4087610410298197,0,0
0,-0.4635121269069038,0,0
0,-1.7366560444927706,0,0
0,-1.4220035126817192,0,0
0,-1.4591773714520835,0,0
0,-1.7263191723570737,0,0
0,-1.0592761160820847,0,0
0,-1.7936479299849868,0,0
0,-0.5463026660360079,0,0
0,-0.6761940059974706,0,0
0,0.17806999684901254,0,1
0,-0.842197320930731,0,0
0,-1.3712182676997404,0,0
0,-0.5627408970620121,0,0
0,-0.7090647408811444,0,0
0,-1.9097370890775054,0,0
0,-1.4508973794352051,0,0
0,-1.4124805738765207,0,0
0,-1.3759279264990958,0,0
0,-1.3662889769348878,0,0
0,-1.3311889119668772,0,0
0,-1.2836074694146982,0,0
0,-1.6568884813454197,0,0
0,-1.1408338815735908,0,0
0,-1.3972465716129086,0,0
0,-1.6342212055728915,0,0
0,-1.5161799022543292,0,0
0,-1.4235285951322718,0,0
0,-1.8014333891399428,0,0
0,-1.12615590327422,0,0
0,-1.9486631179263108,0,0
0,-0.17740886645394632,0,0
0,-2.346143822092132,0,0
0,-1.2378868810893873,0,0
0,-1.13207881028655,0,0
0,-0.7260262160516733,0,0
0,-0.11644658482586942,0,0
0,-0.7853191861006261,0,0
0,-0.2998172607287525,0,0
0,-2.114859492934585,0,0
0,-0.9171446642106489,0,0
0,-1.1041425521082506,0,0
0,-0.9551731610677361,0,0
0,-1.485814160610201,0,0
0,-1.8499312256475489,0,0
0,-2.2137606819005575,0,0
0,-1.9473083912017553,0,0
0,-1.7177679314800622,0,0
0,-0.5177627792066865,0,0
0,-0.7575607679976775,0,0
0,-2.167392395704779,0,0
0,-2.3917545654860284,0,0
0,-2.009781359576508,0,0
0,-0.7918275985438028,0,0
0,-1.7674371576608972,0,0
0,-1.633015659295246,0,0
0,-2.5808106635664516,0,0
0,-0.9573429160778808,0,0
0,-2.5933675230190674,0,0
0,-2.3956273883164516,0,0
0,-0.5449577712115846,0,0
0,-1.466396377589233,0,0
0,-1.7046149090290148,0,0
0,-0.872742828922894,0,0
0,-1.310055007025427,0,0
0,-1.5072343864385669,0,0
0,-1.4187075718408748,0,0
0,-1.1166058579925988,0,0
0,-1.899995998316356,0,0
0,-1.2973597378498751,0,0
0,-1.262631412968006,0,0
0,-2.0931438669945277,0,0
0,-1.0689934085418382,0,0
0,-0.8872327850837232,0,0
0,-1.2487619487819244,0,0
0,-2.17069280090118,0,0
0,-0.1225910429383146,0,0
0,-2.4172714357175544,0,0
0,0.405899527661766,1,1
0,-2.054040750179629,0,0
0,-0.5220325377318251,0,0
0,-0.9978518939054171,0,0
0,-0.7449753681033734,0,0
0,-1.693623426588287,0,0
0,-1.5343788043663016,0,0
0,-2.495769994111609,0,0
0,-1.5893412304921015,0,0
0,-1.5889499125391724,0,0
0,-0.8011974035192908,0,0
0,-2.2585052008139677,0,0
0,-2.2075873747211765,0,0
0,-1.154751279022559,0,0
0,-2.0478673788811,0,0
0,-2.587559625033331,0,0
0,-1.9713443555695769,0,0
0,-1.1674997959239894,0,0
0,-2.486658927306746,0,0
0,-0.9711308283713056,0,0
0,-1.247099384517688,0,0
0,-1.7057581106650044,0,0
0,-1.3858938026521361,0,0
0,-1.8205823026113197,0,0
0,-0.6837827752180545,0,0
0,-2.2323819764499357,0,0
0,-1.225292921392457,0,0
0,-1.3111725896977546,0,0
0,-1.2518673762473411,0,0
0,-1.624837927511925,0,0
0,-2.0849311755760986,0,0
0,-2.3138215641056608,0,0
0,-2.8890860941352816,0,0
0,-1.57358573642848,0,0
0,-1.2661854816367943,0,0
0,-1.6264384791403665,0,0
0,-1.8671323422220996,0,0
0,-1.7470205651035036,0,0
0,-1.7884470328017654,0,0
0,-0.567080742944287,0,0
0,-0.2830160980559907,0,0
0,-0.8565951213669003,0,0
0,-2.8141073936550423,0,0
0,-1.6190305395111675,0,0
0,-1.4877548230269022,0,0
0,-1.1070310368683616,0,0
0,-2.9688326912926617,0,0
0,-1.7002796265243456,0,0
0,-2.3536770085460264,0,0
0,-1.9792871280470774,0,0
0,-1.6816330107971882,0,0
0,-0.9217750170187118,0,0
0,-2.213739863090756,0,0
0,-2.3864020432970565,0,0
0,-1.386460903755075,0,0
0,-1.6790567740686482,0,0
0,-1.8138087675210302,0,0
0,-1.163720474079769,0,0
0,-1.557574310337554,0,0
0,-1.3040803310816313,0,0
0,-1.8584861996641497,0,0
0,-1.20406495651982,0,0
0,-0.9404572270388794,0,0
0,-1.3817793878264335,0,0
0,-2.8272708942261677,0,0
0,-1.1661242707828725,0,0
0,-0.8291273011632236,0,0
0,-1.7288554854799545,0,0
0,-2.0155347403674906,0,0
0,-1.2800228325060599,0,0
0,-2.086475873222184,0,0
0,-1.829982440832103,0,0
0,-1.551596334408304,0,0
0,-1.7703716153828253,0,0
0,-0.8151230130019731,0,0
0,-0.5193880464890046,0,0
0,-2.0957104531191413,0,0
0,-0.42165259584159026,0,0
0,-0.5611073954966004,0,0
0,-2.2342212660869265,0,0
0,-1.6403946697344602,0,0
0,-1.5136022598143402,0,0
0,-1.6136737986210663,0,0
0,-1.1753271020715021,0,0
0,-1.4702100283461947,0,0
0,-0.8606425859513926,0,0
0,-0.42211837436658767,0,0
0,-2.0326899193736523,0,0
0,-1.2618033073818622,0,0
0,-1.398775105818454,0,0
0,-2.1036471212157575,0,0
0,-1.956820936389427,0,0
0,-0.7315688720277262,0,0
0,-1.670608409219621,0,0
0,-2.036649411338766,0,0
0,-1.938313016621094,0,0
0,-1.72463710714475,0,0
0,-1.267858722239314,0,0
0,0.201824635929374,0,1
0,-1.2940578082591963,0,0
0,-0.8514875657142391,0,0
0,-1.3477079197724324,0,0
0,-2.133769004667961,0,0
0,-1.7959919497664745,0,0
0,-2.039258521323961,0,0
0,-1.6399839233189393,0,0
0,-1.1596306911176493,0,0
0,-1.9498825367119657,0,0
0,-2.3802406773263742,0,0
0,-1.1858243802253838,0,0
0,-1.40585045395237,0,0
0,-2.1051065910963813,0,0
0,-0.41033166465476945,0,0
0,-0.8389200344018983,0,0
0,-1.2544050187983165,0,0
0,-1.978208028412303,0,0
0,-2.133090556306602,0,0
0,-0.4757581113478626,0,0
0,-1.7161472309083472,0,0
0,-1.696140193946816,0,0
0,-1.203025928307854,0,0
0,-2.239054155528214,0,0
0,-1.3743273459654721,0,0
0,-1.6846417982524304,0,0
0,-1.1437194911877528,0,0
0,-2.247924170613988,0,0
0,0.1178685517540447,0,1
0,-1.1149759274579758,0,0
0,-0.3126612170585032,0,0
0,-1.7029187558658152,0,0
0,-1.5286496939561989,0,0
0,-2.287412831605405,0,0
0,-2.056400773982747,0,0
0,-0.9326286628471485,0,0
0,-1.6927351763161984,0,0
0,-1.2166496096703037,0,0
0,-1.8295585581741283,0,0
0,-1.4440192934376757,0,0
0,-2.0422055888408672,0,0
0,-1.5767364224923928,0,0
0,-0.060593186628429774,0,0
0,-1.3582378457345716,0,0
0,-0.7419612852933157,0,0
0,-0.10812357778675458,0,0
0,-0.5704207653720528,0,0
0,-1.5482437562428757,0,0
0,-1.7807667569527519,0,0
0,-2.2119422584643935,0,0
0,-2.154108416048296,0,0
0,-1.6835749548458707,0,0
0,-1.0696206977614149,0,0
0,-1.7240884133015355,0,0
0,-2.0217189522449517,0,0
0,-1.17044136631119,0,0
0,-1.5004917181168573,0,0
0,-1.2464816018888971,0,0
0,-1.3770006643420747,0,0
0,-1.9331753846038997,0,0
0,0.44545407854950253,1,1
0,-2.5190206881611896,0,0
0,-1.2320157101146472,0,0
0,-0.7402398190103214,0,0
0,-1.5287202976166283,0,0
0,-0.9161039091756584,0,0
0,-0.7464682106928964,0,0
0,-1.5885765285729723,0,0
0,-1.2723208710351674,0,0
0,-1.495821920073674,0,0
0,-0.7062247913106241,0,0
0,-0.9938916277790555,0,0
0,-0.48265443168632904,0,0
0,-1.0284307566241573,0,0
0,-0.1215525517636428,0,0
0,-1.8904482165057233,0,0
0,-1.4762074543162025,0,0
0,-1.5101996384473246,0,0
0,-1.377797200289159,0,0
0,-2.6558437740365113,0,0
0,-0.7090832022501692,0,0
0,-2.2426241900773385,0,0
0,-1.1935156887129585,0,0
0,-0.45221337398777006,0,0
0,-0.773375187715311,0,0
0,-2.175114389228928,0,0
0,-0.8124754062379019,0,0
0,-1.512605926231762,0,0
0,-1.7773600133323235,0,0
0,-2.1470612935694198,0,0
0,-0.5703741367396596,0,0
0,-2.5129611628336317,0,0
0,-1.3647480362447255,0,0
0,-1.333418291095629,0,0
0,-1.4715292589517812,0,0
0,-0.9393540880511317,0,0
0,-1.6422662330429916,0,0
0,-2.657858080288905,0,0
0,-0.030228705063972183,0,0
0,-0.21421287320010746,0,0
0,-2.0628980937617394,0,0
0,-1.933490988901685,0,0
0,-1.7040834127858768,0,0
0,-1.4779417257960707,0,0
0,-0.14934555456458673,0,0
0,-2.3866690876450973,0,0
0,-0.9620995474089893,0,0
0,-2.0361786739253875,0,0
0,-1.2717199917060242,0,0
0,-0.7255098679203773,0,0
0,-0.8488446017924807,0,0
0,-0.7219533924717225,0,0
0,-1.722236990377008,0,0
0,-1.6584059504329873,0,0
0,-1.0754117841927022,0,0
0,-1.1653663528063825,0,0
0,-1.7950156534510338,0,0
0,-1.2437618984358063,0,0
0,-1.5852416013635355,0,0
0,-1.2971283334334263,0,0
0,-1.7254267282197004,0,0
0,-2.3094895026434648,0,0
0,-1.2152307419197728,0,0
0,-1.4973347809637236,0,0
0,-2.2594384148233484,0,0
0,-0.8287587768438149,0,0
0,-0.8799620582162031,0,0
0,-0.5414792877071274,0,0
0,-2.022538343484609,0,0
0,0.7633038700554142,1,1
0,-1.7251306457041127,0,0
0,-2.2249951770097067,0,0
0,-1.2790445424881909,0,0
0,-1.8223687922616396,0,0
0,-0.6037505156579948,0,0
0,-1.464017922688338,0,0
0,-1.6624823023474748,0,0
0,-0.007474829231936098,0,0
0,-1.404839428332873,0,0
0,-0.7488650563645174,0,0
0,-2.025212734690101,0,0
0,-1.5852289803655175,0,0
0,-1.7681369433830583,0,0
0,-2.490275082768892,0,0
0,-1.588384889179304,0,0
0,-1.263827881423472,0,0
0,-1.6287089906228847,0,0
0,-0.7073044377695819,0,0
0,-1.791300477250262,0,0
0,-0.5286576786273376,0,0
0,-1.6713111861235892,0,0
0,-1.944926902036,0,0
0,-1.1576289654610818,0,0
0,-2.1325951885364205,0,0
0,-0.9611274741640494,0,0
0,-0.8284743289684213,0,0
0,-0.10397890375439248,0,0
0,-0.31525146645223023,0,0
0,-1.4245228913464858,0,0
0,-2.1317056513282107,0,0
0,-2.129055934594529,0,0
0,-1.7069367802140494,0,0
0,-1.9328571076835797,0,0
0,-1.6176374863374943,0,0
0,-1.1787770594059492,0,0
0,-1.8050735645423885,0,0
0,-0.9203248873769305,0,0
0,-1.1078497636729208,0,0
0,-1.5306995228975204,0,0
0,-2.2656219924505114,0,0
0,-2.5112886079161827,0,0
0,-2.1063217063807116,0,0
0,-2.0768608617850908,0,0
0,-1.8788632908654328,0,0
0,-2.2924549959263114,0,0
0,-0.019144580052410654,0,0
0,-0.8816304772969732,0,0
0,-0.7068715880416219,0,0
0,-1.2195218318348857,0,0
0,-0.5877588664935245,0,0
0,-1.638053020450294,0,0
0,-1.8010852339021393,0,0
0,-1.6918434570882945,0,0
0,-1.6198667882651299,0,0
0,-1.2662850889252617,0,0
0,-1.5659349557435103,0,0
0,-1.1457938241144936,0,0
0,-0.5676758379739771,0,0
0,-0.8123103274163014,0,0
0,-0.9855469285923162,0,0
0,-1.5224696667060176,0,0
0,-1.5325684915510673,0,0
0,-0.09125392460906562,0,0
0,-1.909196987376476,0,0
0,-1.8728047752185573,0,0
0,-0.6806280384720028,0,0
0,-1.4348077539567357,0,0
0,-1.5878373747542651,0,0
0,-2.0820169395175956,0,0
0,-1.7217745175101504,0,0
0,-1.109069796328523,0,0
0,-1.5331446170869991,0,0
0,-0.6233728277841855,0,0
0,-2.0114971552528877,0,0
0,-2.3915029061195012,0,0
0,-1.4913373442976043,0,0
0,-1.6617188156510017,0,0
0,-0.6944448601793143,0,0
0,-2.2948335841230225,0,0
0,-1.7077537669558522,0,0
0,-0.8664908631283625,0,0
0,-2.021392200600194,0,0
0,-2.5286029282471154,0,0
0,-0.8639931628005313,0,0
0,-1.406119855455496,0,0
0,-1.8612777874384114,0,0
0,-0.8566806687682638,0,0
0,-2.665582569665242,0,0
0,-1.1584314133383957,0,0
0,-1.2210447435083889,0,0
0,-2.1911840978217847,0,0
0,-1.4096597083921074,0,0
0,-0.3332749132932707,0,0
0,-1.1047466646372166,0,0
0,-1.0359153422241194,0,0
0,-0.9944717958001326,0,0
0,-2.1953530729911845,0,0
0,-1.6559715382780347,0,0
0,-1.3680233618703248,0,0
0,-1.9617821188037035,0,0
0,-1.407889245543738,0,0
0,-1.2277930028936803,0,0
0,-1.916087057933309,0,0
0,-2.2627784829995705,0,0
0,-3.1336652225370223,0,0
0,-2.2006395933619367,0,0
0,-1.2387081471791408,0,0
0,-2.688984857531042,0,0
0,-0.805471033421854,0,0
0,-2.313719762812856,0,0
0,-2.467950172514041,0,0
0,-1.6404334868692516,0,0
0,-1.2580093717069736,0,0
0,-1.1852039786123156,0,0
0,-1.5370407728375926,0,0
0,-1.2968827125332945,0,0
0,-1.7823321121620346,0,0
0,-1.2895276113674117,0,0
0,-0.20321000207994017,0,0
0,-2.071922011681078,0,0
0,-1.7055659748209124,0,0
0,-2.281889333026609,0,0
0,-2.5602304939968175,0,0
0,-1.8586716310407887,0,0
0,-1.1939819335319193,0,0
0,-1.7986136314765386,0,0
0,-0.5585036451081882,0,0
0,-1.32376279400225,0,0
0,-1.514116271780925,0,0
0,-1.56288002077373,0,0
0,-1.4059363707723747,0,0
0,-1.8773971067814317,0,0
0,-2.201325012658839,0,0
0,-0.9875462797072618,0,0
0,-1.1116874752270725,0,0
0,-2.3914658172666843,0,0
0,-2.1682586990217314,0,0
0,-1.9684007397676202,0,0
0,-0.9092574037753542,0,0
0,-0.9056952800081992,0,0
0,-1.9713253310084555,0,0
0,-1.4678656393057417,0,0
0,-1.8169873160246366,0,0
0,-0.9313852938135594,0,0
0,-1.8177012409942521,0,0
0,-1.9514315085092444,0,0
0,-0.9114073862441405,0,0
0,-1.3613849290328603,0,0
0,-2.160780420516208,0,0
0,-0.8921492515034084,0,0
0,-0.5139244704417779,0,0
0,-0.25034785194810977,0,0
0,-1.2634230844625942,0,0
0,-1.2631421468337467,0,0
0,-1.5876598616589075,0,0
0,-1.571709914330548,0,0
0,-1.94019071631166,0,0
0,-2.269344431334361,0,0
0,-1.8413104422025552,0,0
0,-2.5794734708035008,0,0
0,-2.0750328573572965,0,0
0,-0.6501379555144291,0,0
0,-1.859248132097892,0,0
0,-2.6296626699375496,0,0
0,-2.7286322391571347,0,0
0,-1.7428782961540163,0,0
0,-1.4686963564502513,0,0
0,-2.4369398073424615,0,0
0,-1.2671772403159693,0,0
0,-1.5632418832445691,0,0
0,-0.5279291729837726,0,0
0,-1.5503672912822524,0,0
0,-2.149602546097644,0,0
0,-0.813975561208343,0,0
0,-1.2982332952202484,0,0
0,-2.032927978632208,0,0
0,-1.0501510812838086,0,0
0,-0.7108562433971528,0,0
0,-2.12828907570958,0,0
0,-1.3682236398407333,0,0
0,-2.2115424647782977,0,0
0,-1.9858343123080395,0,0
0,-1.6293755550669298,0,0
0,-2.9141921662092805,0,0
0,-1.784554345728814,0,0
0,-2.6440841544548634,0,0
0,-1.2499942821191157,0,0
0,-2.573212899210752,0,0
0,-1.3810123672941679,0,0
0,-1.3114595395652953,0,0
0,-2.0740018938993017,0,0
0,-1.3290607294286232,0,0
0,-1.8547976700660729,0,0
0,-1.871599462153979,0,0
0,-2.00612286374902,0,0
0,-1.2034263237195668,0,0
0,-1.3945284310185897,0,0
0,-1.554483437659653,0,0
0,-2.123278850277587,0,0
0,-1.122605060543569,0,0
0,-2.093117496211496,0,0
0,-2.1102428779849647,0,0
0,-0.7794278226424896,0,0
0,-1.7233532519658215,0,0
0,-0.413052891494474,0,0
0,-1.246763603282531,0,0
0,-1.1756762285550024,0,0
0,-1.0866700786188248,0,0
0,-1.9419733525992495,0,0
0,-1.9340798043344678,0,0
0,0.14608338922706599,0,1
0,-1.0642424092521872,0,0
0,-0.12461985890495639,0,0
0,-1.0129149869661382,0,0
0,-1.5066534833967873,0,0
0,-0.9114550328467121,0,0
0,-1.426620417129648,0,0
0,-1.5068962632382548,0,0
0,-1.962675820016515,0,0
0,-1.886316959463714,0,0
0,-1.6273317788174588,0,0
0,-2.007580418713617,0,0
0,-2.338103872033914,0,0
0,-1.9949409364147743,0,0
0,-1.5885739737405569,0,0
0,-1.372065635546813,0,0
0,-1.204974418166251,0,0
0,-1.3532658200161194,0,0
0,-1.3070937189857297,0,0
0,-0.29916163108441174,0,0
0,-1.7102743846968,0,0
0,-1.8819112072929964,0,0
0,-1.6955334938852402,0,0
0,-1.543311996695756,0,0
0,-0.6300416042802642,0,0
0,-1.560348010731805,0,0
0,-0.9137048670895349,0,0
0,-0.8668035199487045,0,0
0,-1.9398945143881416,0,0
0,-1.9979903191867543,0,0
0,-1.4078313202566133,0,0
0,-0.9423731821556687,0,0
0,-1.5331234188218301,0,0
0,-0.6010153261078137,0,0
0,-0.7924226308575861,0,0
0,-0.8090936555054785,0,0
0,-2.4271701745561267,0,0
0,-0.7927824516581308,0,0
0,-1.4793858749556996,0,0
0,-1.2855359197445009,0,0
0,-1.3403700310053137,0,0
0,-1.4172764594545106,0,0
0,-1.4448068113583394,0,0
0,-1.1471878784999032,0,0
0,-1.8439015550923805,0,0
0,-1.9688253490846548,0,0
0,-1.7770351894311143,0,0
0,-1.6880902273964078,0,0
0,-1.5696126722707044,0,0
0,-1.4197348063187927,0,0
0,-1.611739453718649,0,0
0,-0.9345728521908654,0,0
0,-0.6639395802729984,0,0
0,-2.3937020587835027,0,0
0,-2.1399503136245075,0,0
0,-1.6208994502240657,0,0
0,-1.4616214184025398,0,0
0,-1.5063606594241967,0,0
0,-1.401621858483885,0,0
0,-2.2801483793051704,0,0
0,-1.3458702569815595,0,0
0,-1.696204518072812,0,0
0,-0.7730101648785315,0,0
0,-2.5246143974763102,0,0
0,-1.6398847753568206,0,0
0,-1.7281779823121908,0,0
0,-0.7780825995784633,0,0
0,-1.380740388363954,0,0
0,-1.2221027108213591,0,0
0,-1.2117441622736818,0,0
0,-2.212290190102927,0,0
0,-2.3265414270680576,0,0
0,-0.7990934742341704,0,0
0,-0.4635951293670661,0,0
0,-1.4333344212616537,0,0
0,-3.068960504822725,0,0
0,-1.0993609502780817,0,0
0,-1.5723829749232436,0,0
0,-0.4771982800833972,0,0
0,-2.1289568133321275,0,0
0,-1.8873181102853955,0,0
0,-1.3277944635213805,0,0
0,-1.7142672034810975,0,0
0,-2.6547973083370953,0,0
0,-2.135431583279202,0,0
0,-1.8683508769416681,0,0
0,-2.7207264152300583,0,0
0,-1.8552273073627241,0,0
0,-0.57042343143186,0,0
0,-0.9751072709301383,0,0
0,-0.6799610517150877,0,0
0,-1.8060066803683634,0,0
0,-1.629953249429227,0,0
0,-1.3008916551230718,0,0
0,-1.684471503226726,0,0
0,-1.9524490829640035,0,0
0,-1.5030731192458386,0,0
0,-1.4181674787932592,0,0
0,-1.3819319181676821,0,0
0,-1.9605649253309658,0,0
0,-2.3101279501993828,0,0
0,-0.24375964923451587,0,0
0,-1.907857901691,0,0
0,-1.0965351595894344,0,0
0,-0.6956892873360274,0,0
0,-1.91384932635198,0,0
0,-1.4158752377979584,0,0
0,-0.8106825719784125,0,0
0,-1.0443558768112366,0,0
0,-2.4017683333699487,0,0
0,-2.671743201462144,0,0
0,-1.2164433366753806,0,0
0,-1.204330720968767,0,0
0,-1.3778854446773758,0,0
0,-1.3354409139675134,0,0
0,-1.605539546661083,0,0
0,-1.7770676962962413,0,0
0,-1.5992595077664749,0,0
0,-1.8827879474616307,0,0
0,-1.7020014857253003,0,0
0,-1.0032486190142613,0,0
0,-1.7681705015111044,0,0
0,-2.646726467598256,0,0
0,-1.7107433816186017,0,0
0,-1.6905157086366158,0,0
0,-0.5032372749755653,0,0
0,-1.418249211998762,0,0
0,-1.7872981367325091,0,0
0,-2.147868915819947,0,0
0,-1.5556852017925753,0,0
0,-2.1090477614209973,0,0
0,-1.2820322792602594,0,0
0,-0.8228363624812016,0,0
0,-0.1210659799503791,0,0
0,-1.496312591965851,0,0
0,-1.5937034659137541,0,0
0,-1.840381767847312,0,0
0,-1.3573124701639547,0,0
0,-2.149786473088089,0,0
0,-1.8389144679462182,0,0
0,-1.808101084330114,0,0
0,-2.062634350401525,0,0
0,-1.265294789819254,0,0
0,-1.7667680965221801,0,0
0,-0.3631094171432627,0,0
0,-1.8967408706682811,0,0
0,-1.4452471889096143,0,0
0,-0.16983694594025414,0,0
0,-1.7733075905182212,0,0
0,-1.1961113640451508,0,0
0,-1.5952199034040702,0,0
0,-0.9746045525598745,0,0
0,-1.6291807056604561,0,0
0,0.166042975009352,0,1
0,-1.2935190653174877,0,0
0,-1.6172700243846319,0,0
0,-1.6243259174110334,0,0
0,-1.4405023333674665,0,0
0,-0.23252936839861055,0,0
0,-1.1756097575305622,0,0
0,-0.19778348127689002,0,0
0,-2.8784048321650824,0,0
0,-2.3179730530796694,0,0
0,-1.5831704828371775,0,0
0,-2.405621295481103,0,0
0,-2.059367812974953,0,0
0,-1.847067595706518,0,0
0,-1.7795212174082766,0,0
0,-0.9318661443830631,0,0
0,-1.7772179607826883,0,0
0,-1.3306131107579882,0,0
0,-1.5028844463428792,0,0
0,-1.336279741394625,0,0
0,-1.5847591501221459,0,0
0,-1.8264297923799138,0,0
0,-0.9928281253443592,0,0
0,-1.939224880730362,0,0
0,-2.290405821881658,0,0
0,-1.4681408761252137,0,0
0,-0.8886438900536595,0,0
0,-2.5393715388612836,0,0
0,-1.881002672001797,0,0
0,-1.580032058577263,0,0
0,-0.31777854213425727,0,0
0,-1.1380255922123663,0,0
0,-1.7783161585416676,0,0
0,-1.5539691754179419,0,0
0,-1.6957520345078199,0,0
0,-1.4539312079824702,0,0
0,-1.8879918468277965,0,0
0,-1.9512550889890123,0,0
0,-1.905156812814563,0,0
0,-1.6966256530205377,0,0
0,-1.9964793257623925,0,0
0,-1.8595371206122917,0,0
0,-2.6656623037627494,0,0
0,-0.41707635242683117,0,0
0,-0.8428001776564713,0,0
0,-2.3945297300415658,0,0
0,-0.06257916705123584,0,0
0,-1.8490818800192823,0,0
0,-0.9493950580544419,0,0
0,0.48138434622338494,1,1
0,-2.3471387808881596,0,0
0,-2.271311654080121,0,0
0,-1.7064073036913514,0,0
0,-1.9976628691552114,0,0
0,-0.8879310823757127,0,0
0,-2.208236231427845,0,0
0,-1.3887678012707605,0,0
0,-2.060538101421567,0,0
0,-1.542921921771205,0,0
0,-0.9126895939141633,0,0
0,-0.4161191403526574,0,0
0,-1.7145343330118088,0,0
0,-0.8929467180552271,0,0
0,-0.6940946292372259,0,0
0,-0.5497782982953766,0,0
0,-1.6220383991116247,0,0
0,-1.7258070630183386,0,0
0,-0.8487008272726455,0,0
0,-1.0949186279716216,0,0
0,-1.407685236404683,0,0
0,-2.1328672207891124,0,0
0,-2.112726937040119,0,0
0,-0.7965053256196761,0,0
0,-1.1778699305261293,0,0
0,-0.5376086576511142,0,0
0,-1.5905537187167849,0,0
0,-1.23753395157814,0,0
0,-2.014143660704965,0,0
0,-1.2500643295601186,0,0
0,-1.6311509035709921,0,0
0,-1.6766202542796882,0,0
0,-0.6650507928063369,0,0
0,-2.243983954807896,0,0
0,-1.9455100370615055,0,0
0,-1.97469230329827,0,0
0,-2.4830359147064636,0,0
0,-0.3716360619917402,0,0
0,-1.2902899557302507,0,0
0,-2.209661313420269,0,0
0,-1.970726451009615,0,0
0,-0.7404713672166215,0,0
0,-1.4587068037522646,0,0
0,-2.0995700013178937,0,0
0,-1.5176806567997054,0,0
0,-1.7959285406344532,0,0
0,-1.5496633243646507,0,0
0,-1.9017249189192047,0,0
0,-1.49525066343659,0,0
0,-0.045788448856325326,0,0
0,-0.48393111286952994,0,0
0,-1.120145409799271,0,0
0,-1.5571685545223724,0,0
0,-1.1390874718685795,0,0
0,-1.062716647469588,0,0
0,-1.6115216849845442,0,0
0,-1.1892331517770158,0,0
0,-1.155100145517325,0,0
0,-1.1800372166785296,0,0
0,-1.7604855407985684,0,0
0,-0.722432848979437,0,0
0,-1.4765321338437636,0,0
0,-1.7602162006737945,0,0
0,-1.187185279892297,0,0
0,-1.752244310570844,0,0
0,0.30795745155037163,1,1
0,-1.8367919289665071,0,0
0,-2.0356054673546047,0,0
0,-0.6877208857949547,0,0
0,-2.4537126257908075,0,0
0,-2.0109247879523218,0,0
0,-2.0043708653795034,0,0
0,-1.0453860535433637,0,0
0,-0.4039266720876826,0,0
0,-1.055431538326072,0,0
0,-0.8844992074563465,0,0
0,-2.7705381766571597,0,0
0,-1.7186707283605445,0,0
0,-1.3103448508727777,0,0
0,-1.5780632473716873,0,0
0,-0.47264057836505524,0,0
0,-1.0546752043698417,0,0
0,-3.4131665354822127,0,0
0,-1.6851328346616365,0,0
0,-2.665831718513975,0,0
0,-2.503717006846069,0,0
0,-1.7651642988311453,0,0
0,-1.5397648860669129,0,0
0,-2.1435315790063774,0,0
0,-2.1354239660477377,0,0
0,-1.2971574922734153,0,0
0,-2.6285140547777286,0,0
0,-0.10479863167411171,0,0
0,-0.04116849384389698,0,0
0,-2.123232213507679,0,0
0,-1.1274575862765237,0,0
0,-0.6492839331442712,0,0
0,-2.7143062851376065,0,0
0,-1.9504728063873455,0,0
0,-1.5038273874608905,0,0
0,-2.4965971871309884,0,0
0,-1.628076529178413,0,0
0,-1.8200777336490253,0,0
0,-1.6855058354852386,0,0
0,-0.9960574357699092,0,0
0,-2.0041766357983293,0,0
0,-1.5551683967813121,0,0
0,-2.6684503874743326,0,0
0,-0.915137022614376,0,0
0,-1.0895497608836229,0,0
0,-1.9329271842642601,0,0
0,-1.298107546867002,0,0
0,-0.6446611455312965,0,0
0,-0.25090415754335954,0,0
0,-0.9396224996311806,0,0
0,-2.343751394915825,0,0
0,0.0028661841726803083,0,1
0,-1.2144792193696414,0,0
0,-1.0265637523983866,0,0
0,-0.7829589298778394,0,0
0,-1.534526179638952,0,0
0,-1.4320759004926222,0,0
0,-2.020526397735199,0,0
0,-1.5895010993707506,0,0
0,-1.019691550785043,0,0
0,-2.8462527562044846,0,0
0,-1.19986738204571,0,0
0,-2.12672307909513,0,0
0,-1.5701025420042756,0,0
0,-0.882128942691762,0,0
0,-2.4400387234986707,0,0
0,-0.18322015173468442,0,0
0,-1.8373490787952262,0,0
0,-1.833695791782013,0,0
0,-1.4139501927534324,0,0
0,-1.722595971728218,0,0
0,-1.2268448444597526,0,0
0,-1.1156549923918655,0,0
0,-2.7949424369385305,0,0
0,-0.8597567616304014,0,0
0,-0.9105414309751052,0,0
0,-2.085908576158897,0,0
0,-2.71184328782235,0,0
0,-1.3849773120582065,0,0
0,-0.17372386667125145,0,0
0,-1.759410261734126,0,0
0,-2.209607185246525,0,0
0,-0.8516088876525014,0,0
0,-0.9786104147107688,0,0
0,-0.9205579731858984,0,0
0,-1.1587994883585024,0,0
0,-1.1779601860875426,0,0
0,-1.119410208386117,0,0
0,-2.6779161890128935,0,0
0,-0.4879603702758515,0,0
0,-2.2486055492489676,0,0
0,-1.1557524961098653,0,0
0,-1.6599405609042421,0,0
0,-1.4746131413075483,0,0
0,-1.0084619637437726,0,0
0,-2.3601226595787685,0,0
0,-0.833487368368292,0,0
0,-1.037357111121429,0,0
0,-0.2181546859795897,0,0
0,-1.5651640521773533,0,0
0,-2.396928737645678,0,0
0,-1.6415832628200582,0,0
0,-2.558993150481307,0,0
0,-1.5216661740013735,0,0
0,-2.247836123524179,0,0
0,-1.2752402262969766,0,0
0,-0.9612792255424787,0,0
0,-1.7142153784755783,0,0
0,-0.9988893048917151,0,0
0,-1.3365466736063152,0,0
0,-1.1314628082180325,0,0
0,-2.33881247465576,0,0
0,-1.2382034392951784,0,0
0,-2.069535366069382,0,0
0,-1.0490268102285276,0,0
0,-1.2718317588545582,0,0
0,-1.9383808223908205,0,0
0,-1.783408387766437,0,0
0,-1.7453742785632689,0,0
0,-2.6426112524639525,0,0
0,-1.7706614642471603,0,0
0,-1.6974331014982345,0,0
0,-1.266426874526521,0,0
0,-2.2110151726244514,0,0
0,-1.8410774703423416,0,0
0,-0.41840004642099443,0,0
0,-1.5459895993553803,0,0
0,-2.2477080340143085,0,0
0,-1.4898015300585503,0,0
0,-1.5895594379073967,0,0
0,-1.2130464994534578,0,0
0,-1.448222395987077,0,0
0,-0.7447673952606064,0,0
0,-1.1193417628041857,0,0
0,-1.757663811481599,0,0
0,-0.1953741344391463,0,0
0,-0.9417752581921479,0,0
0,-2.1192369689422192,0,0
0,-2.0869057659943206,0,0
0,-1.6969347230539098,0,0
0,-1.5397544875800924,0,0
0,-1.1581983817058734,0,0
0,-2.0857257938849325,0,0
0,-1.409227357793692,0,0
0,-1.359066125251702,0,0
0,-1.569948440220274,0,0
0,-0.646482378362801,0,0
0,-2.22608198337819,0,0
0,-1.4137610702022037,0,0
0,-2.5806707604143475,0,0
0,-1.7798674483025227,0,0
0,-0.9178769878557995,0,0
0,-2.5430314417459376,0,0
0,-1.6048204482223374,0,0
0,-0.9247686284280823,0,0
0,-1.251614932646676,0,0
0,-1.233836119736299,0,0
0,-0.26721835206702094,0,0
0,-2.0684491189090144,0,0
0,-0.5920725653021904,0,0
0,-0.829059600554228,0,0
0,-1.5766823960727931,0,0
0,-1.068799319634958,0,0
0,-0.6898739159799663,0,0
0,-0.6212937119911334,0,0
0,-1.7823805302902382,0,0
0,-0.8354377518492946,0,0
0,-1.3533993135567055,0,0
0,-1.1201293799978873,0,0
0,-1.6247469357549025,0,0
0,-1.1085994213635595,0,0
0,-0.9308597297161656,0,0
0,-1.3410022786991247,0,0
0,-1.759037005199623,0,0
0,-1.8256290156590589,0,0
0,0.08534226340504653,0,1
0,-1.4400878402602075,0,0
0,-1.5132153386754454,0,0
0,-2.0415929951556615,0,0
0,-1.1784640668881399,0,0
0,-0.9396108081386334,0,0
0,-1.8728160359336652,0,0
0,-2.4332291237882555,0,0
0,-1.771056682113908,0,0
0,-1.0520560982301381,0,0
0,-2.073670424071536,0,0
0,-0.418228342278844,0,0
0,-2.11521626271961,0,0
0,-1.6564951001217445,0,0
0,-1.358119660752742,0,0
0,-0.046700918214985565,0,0
0,-1.2365992372531187,0,0
0,-1.5201327938222506,0,0
0,-1.5519754900205804,0,0
0,-1.606695083833484,0,0
0,-0.9042863366809397,0,0
0,-2.5149035264507082,0,0
0,-3.1092272567532264,0,0
0,-0.9795908190370024,0,0
0,-1.964096256041724,0,0
0,-2.0017876955092446,0,0
0,-0.6926355565017441,0,0
0,-2.8281581318359033,0,0
0,-2.515466809541428,0,0
0,-1.3317526554728303,0,0
0,-1.4716465123560627,0,0
0,-1.135660424009051,0,0
0,-1.6272268140814605,0,0
0,-1.1233416556657194,0,0
0,-2.208694533315393,0,0
0,-1.2414534881439878,0,0
0,-1.943509907072969,0,0
0,-1.3441796922740001,0,0
0,-1.0685992698695008,0,0
0,-1.5882831959192054,0,0
0,-1.8240951856949337,0,0
0,-2.1972322892455054,0,0
0,0.470202837261163,1,1
0,-3.217237845418817,0,0
0,-1.281514859928198,0,0
0,-1.1227617030903732,0,0
0,-2.300195210420704,0,0
0,-1.5584236457996268,0,0
0,-1.2829325863437027,0,0
0,-1.923557021031354,0,0
0,-2.2192887178830736,0,0
0,-2.3815006196486204,0,0
0,-1.8921947210900103,0,0
0,-0.36171918563711125,0,0
0,-1.880986569739138,0,0
0,-2.095524506059248,0,0
0,-1.6932359687420617,0,0
0,-0.46638662838552225,0,0
0,-2.7205322341596725,0,0
0,-2.4333960911297656,0,0
0,-2.261963646583375,0,0
0,-1.5809311837577358,0,0
0,-0.837663001934729,0,0
0,-2.422665271592092,0,0
0,-1.6518860134799827,0,0
0,-1.3338423894016846,0,0
0,-1.920129149559582,0,0
0,-2.1113769673349307,0,0
0,-1.0407290859044063,0,0
0,0.3776268666671683,1,1
0,-1.085265770111032,0,0
0,-1.8111912590981856,0,0
0,-2.2506884417283244,0,0
0,-1.5186616108876805,0,0
0,-0.34374449454779715,0,0
0,-1.9069112741884888,0,0
0,-1.6236892941873824,0,0
0,-1.154877329762196,0,0
0,0.1605222716058174,0,1
0,-0.8431603382235644,0,0
0,-2.1089018983827246,0,0
0,-1.9896468887098089,0,0
0,-1.9670828378059233,0,0
0,-1.3233743705301158,0,0
0,-2.5342387064930705,0,0
0,-1.1919418704831644,0,0
0,-1.7359743188645247,0,0
0,-1.557209568043912,0,0
0,-1.213711016888732,0,0
0,-2.234860839113065,0,0
0,-1.591782611648336,0,0
0,-2.521696045100495,0,0
0,-1.9039539130422052,0,0
0,-1.20227024186064,0,0
0,-2.1505420144657883,0,0
0,-1.1881531695011947,0,0
0,-1.8688380992227727,0,0
0,-1.7023112454612355,0,0
0,-1.4465263630814926,0,0
0,-1.0882324282753164,0,0
0,-1.3766918709859217,0,0
0,-1.5791109331317752,0,0
0,-1.4655682188317913,0,0
0,-2.5726273126086983,0,0
0,-1.322789819851123,0,0
0,-0.2760396655437398,0,0
0,-1.180452604018832,0,0
0,-0.6288944162032686,0,0
0,-1.4374842171945987,0,0
0,-0.9020620644463648,0,0
0,-0.9768155397557197,0,0
0,-0.582764732415737,0,0
0,-2.5992459056716823,0,0
0,-0.7701681437784286,0,0
0,-2.519929462244096,0,0
0,-1.9232857607310272,0,0
0,-1.8812640097727802,0,0
0,-1.0411942677937704,0,0
0,-1.3303668653062624,0,0
0,-0.3210361981129805,0,0
0,-2.2350422705105815,0,0
0,-2.0059977178447896,0,0
0,-0.7073098271044209,0,0
0,-2.337541490464443,0,0
0,-0.6409197808501859,0,0
0,-1.7120603380531663,0,0
0,-1.2015832072567152,0,0
0,-1.586834356516526,0,0
0,-0.595888786762268,0,0
0,-1.390872986615201,0,0
0,-1.7717708386833004,0,0
0,-1.5800596710969372,0,0
0,-1.7968741842240243,0,0
0,-0.16456440651370216,0,0
0,-1.0303588572159708,0,0
0,-1.910493988655234,0,0
0,-1.8124691732365132,0,0
0,-2.145509993018429,0,0
0,-1.3953895697183039,0,0
0,-1.9467194751547034,0,0
0,-1.0134858558162132,0,0
0,-1.0609127146153,0,0
0,-1.770344212734652,0,0
0,-1.5006146904442879,0,0
0,-1.0719497923199564,0,0
0,-1.5180676388268863,0,0
0,-2.29247776220272,0,0
0,-1.6713305492641055,0,0
0,-1.6320409457599576,0,0
0,-1.0823650577790762,0,0
0,-2.0382611843049006,0,0
0,-1.1559618404601302,0,0
0,-1.9188038525796698,0,0
0,-1.3577870017270761,0,0
0,-1.3672992634119163,0,0
0,-2.373126128840121,0,0
0,-1.5416128234191655,0,0
0,-0.37861372945737376,0,0
0,-2.801738654547698,0,0
0,-0.5815695750787329,0,0
0,-2.0133505612794864,0,0
0,-1.8183160254649313,0,0
0,-0.9681592780544412,0,0
0,-2.3731672896164664,0,0
0,-1.8859828852753584,0,0
0,-2.0667136984885346,0,0
0,-1.8277578072906782,0,0
0,-2.324749052174039,0,0
0,-1.2991380888007575,0,0
0,-1.4138966649379918,0,0
0,-1.797356975116337,0,0
0,-1.5842824648372529,0,0
0,-2.444816204580778,0,0
0,-2.76511077306817,0,0
0,-1.9019279032986183,0,0
0,-2.181786474245016,0,0
0,-1.8637122795589154,0,0
0,-1.911433314214828,0,0
0,-1.8052595651473746,0,0
0,0.16563936950829466,0,1
0,-0.6015872610200931,0,0
0,-0.8166659418193969,0,0
0,-1.234617789261905,0,0
0,-1.3046653473872771,0,0
0,-2.152555355948434,0,0
0,-1.4741064817160778,0,0
0,0.19605750099235292,0,1
0,-1.5206553737090294,0,0
0,-1.6079081851515913,0,0
0,-0.7898014714599,0,0
0,0.4629110954258447,1,1
0,-1.679833249577872,0,0
0,-0.873374734759937,0,0
0,-0.9675065886961225,0,0
0,-2.2854091981901017,0,0
0,-2.0824539463270417,0,0
0,-1.576468507989098,0,0
0,-1.7594983008732996,0,0
0,-1.311993017752106,0,0
0,-1.1181077028904522,0,0
0,-2.3905778612518214,0,0
0,-1.0455629877029802,0,0
0,-2.429551216217372,0,0
0,-0.506768134100547,0,0
0,-1.1599663972869532,0,0
0,-1.5740888855631012,0,0
0,-2.1704689723114514,0,0
0,-1.5766200890672646,0,0
0,-1.2274285615288691,0,0
0,-1.875951948385171,0,0
0,-1.6732610464105615,0,0
0,-1.6317172793814243,0,0
0,-2.5766501651427673,0,0
0,-1.353690063746802,0,0
0,-1.9123511696304314,0,0
0,-0.36962564965878353,0,0
0,-1.5220825701165452,0,0
0,-1.2928138540732048,0,0
0,-1.5362326566198483,0,0
0,-1.1069819281289666,0,0
0,-1.4397733885967436,0,0
0,-1.7408788350009317,0,0
0,-0.6691552980394251,0,0
0,-1.8835717610238696,0,0
0,-1.453360370191006,0,0
0,-2.33591226663692,0,0
0,-2.298665438447561,0,0
0,-0.6262511496866019,0,0
0,-0.440680263067923,0,0
0,-2.5225212854524837,0,0
0,0.141163966822129,0,1
0,-1.4310935097884523,0,0
0,-3.0627748247938693,0,0
0,-1.6456285181046335,0,0
0,-2.6991460542876515,0,0
0,-1.4066102406884287,0,0
0,-1.576295377920359,0,0
0,-0.38803926552628604,0,0
0,-1.387672811934057,0,0
0,-1.741690709360722,0,0
0,-1.1985629176600863,0,0
0,-1.6039876272900346,0,0
0,-2.8800874002170436,0,0
0,-2.0698460510283176,0,0
0,-1.3699551303964022,0,0
0,-1.668970049673523,0,0
0,-1.7386667946209446,0,0
0,-1.805862085858634,0,0
0,-1.1703006593101972,0,0
0,-1.3318747371123576,0,0
0,-1.6212725427671038,0,0
0,-2.198151506507174,0,0
0,-2.3703386849731176,0,0
0,-1.0835872239218063,0,0
0,-1.8650694360125735,0,0
0,-1.7972869507044873,0,0
0,-1.8981245689505752,0,0
0,-1.2591933903186108,0,0
0,-1.9233558517135154,0,0
0,-1.388230082579505,0,0
0,-2.3131930229123387,0,0
0,-1.5157522362276292,0,0
0,-2.2933629809703118,0,0
0,-0.655243006393716,0,0
0,-2.1238926146588084,0,0
0,-1.4334811562074063,0,0
0,-0.27793772952472373,0,0
0,-1.516098827597889,0,0
0,-1.9581114172614453,0,0
0,-1.538568665686864,0,0
0,-0.5952626755546501,0,0
0,-2.6778017739670847,0,0
0,-1.5339807919855908,0,0
0,-1.5715114667688035,0,0
0,-2.1428501632588497,0,0
0,-2.4599631739698387,0,0
0,-1.153449024876166,0,0
0,-1.7643693647616414,0,0
0,-1.4838028923077156,0,0
0,-1.3857698079200822,0,0
0,-2.8729241318249548,0,0
0,-1.3003298366027387,0,0
0,-0.6994438626700359,0,0
0,-2.1228250126074193,0,0
0,-2.637909678678589,0,0
0,-1.5722275449082574,0,0
0,-1.8175164686037844,0,0
0,-0.7987792037885217,0,0
0,-1.8014863375949488,0,0
0,-2.025193215806057,0,0
0,-1.3762986406890423,0,0
0,-1.2731657277709851,0,0
0,-1.8611429108328836,0,0
0,-2.3735274372016946,0,0
0,-0.8858254433131143,0,0
0,-2.6491913934119267,0,0
0,-1.7186451301723615,0,0
0,-1.5819729846929393,0,0
0,-2.6484111766716403,0,0
0,-1.9229995022096618,0,0
0,-0.9998458366896195,0,0
0,-1.7252185780760914,0,0
0,-2.303120532708329,0,0
0,-2.6906518175572915,0,0
0,-1.8202821038102581,0,0
0,-2.1512406164132227,0,0
0,-0.5228321611086968,0,0
0,-1.9468962274541148,0,0
0,-2.254389910218148,0,0
0,-0.4595830026799799,0,0
0,-1.9993648104608515,0,0
0,-1.2696451890108114,0,0
0,-2.669761385705044,0,0
0,-0.7631742071174598,0,0
0,-1.9215704503479922,0,0
0,-1.1664137484674364,0,0
0,-1.6954771126536954,0,0
0,-1.8845995180495994,0,0
0,-0.44743862048054067,0,0
0,-1.3828186365417179,0,0
0,-1.6266956840467244,0,0
0,-2.181299931712162,0,0
0,-2.140863296573975,0,0
0,-0.9594879001423651,0,0
0,-0.9652444477307196,0,0
0,-0.1715870159479226,0,0
0,-0.8554015398448676,0,0
0,-1.7892934651637913,0,0
0,-2.0620189405087146,0,0
0,-2.0385382640321446,0,0
0,-1.643606249164151,0,0
0,-0.8613292195997468,0,0
0,-1.7802762666957364,0,0
0,-2.9861834238387543,0,0
0,-1.6331910396729148,0,0
0,-1.499018718592912,0,0
0,-1.709849540612598,0,0
0,-1.3274538228211274,0,0
0,-0.1815995110755275,0,0
0,-0.317981155348691,0,0
0,-0.2377137734753194,0,0
0,-1.8533620067028753,0,0
0,-1.4432782923400787,0,0
0,-1.7471002924842158,0,0
0,-1.7719170686792052,0,0
0,-2.770769689575277,0,0
0,-1.980490346461541,0,0
0,-1.1277402884459473,0,0
0,-1.7989346363235061,0,0
0,-1.2749486389741103,0,0
0,-2.181109989139297,0,0
0,-2.539655048784935,0,0
0,-1.2371447175687753,0,0
0,-0.9336674462271177,0,0
0,-0.7352779843094304,0,0
0,-1.204388078505446,0,0
0,-0.7190644602888125,0,0
0,-1.0309708342019628,0,0
0,-2.2434591036180156,0,0
0,-0.5259427169229247,0,0
0,-0.515257647361886,0,0
0,-1.4019817300255022,0,0
0,-1.742803282724538,0,0
0,-1.5865783151823605,0,0
0,-0.7854921819915501,0,0
0,-1.2358157545491641,0,0
0,-2.205328854835379,0,0
0,-1.157444956271036,0,0
0,-1.830054922000656,0,0
0,-1.3868203189993362,0,0
0,-1.383918332124178,0,0
0,-2.5143141253892374,0,0
0,-1.632515838213956,0,0
0,-2.1693188472468266,0,0
0,-2.4925313839230445,0,0
0,-0.973106303140495,0,0
0,-1.6005336009292883,0,0
0,-0.3484932743946588,0,0
0,-1.966480013198242,0,0
0,-1.0777583894722194,0,0
0,-0.654235887190132,0,0
0,-2.3303464336927564,0,0
0,-2.1995591923096938,0,0
0,-0.7334491226521272,0,0
0,-2.456628456707299,0,0
0,-0.6718139872276101,0,0
0,-0.9616443038486102,0,0
0,-2.287865131978789,0,0
0,-1.0424547937327737,0,0
0,-1.508690707903892,0,0
0,-1.6285997748242433,0,0
0,-1.691515687607486,0,0
0,-0.8664704491048787,0,0
0,-1.2763569317674894,0,0
0,-1.8765397150910117,0,0
0,-0.6009697268994455,0,0
0,-2.09748478383502,0,0
0,-1.081309975480317,0,0
0,-1.6023894496255033,0,0
0,-1.6779599354451045,0,0
0,-1.2385122243148803,0,0
0,-0.05863395139109673,0,0
0,-1.881649180828779,0,0
0,-1.5149806197672488,0,0
0,-1.838218679770347,0,0
0,-1.2119975001577064,0,0
0,-1.2414962669976886,0,0
0,-0.49278413017543266,0,0
0,-1.1549811914041577,0,0
0,-1.3480997643153951,0,0
0,-1.5616066016967545,0,0
0,-1.5204324523553279,0,0
0,-1.1737257585780556,0,0
0,-1.1547538056081503,0,0
0,-2.2978809106887863,0,0
0,-0.8393196283324138,0,0
0,-1.53701423208227,0,0
0,-1.7857582584020266,0,0
0,-1.6406229782394441,0,0
0,-1.6584073416637635,0,0
0,-1.3513311956777097,0,0
0,-0.8577238615448279,0,0
0,-1.8270066760442139,0,0
0,-1.7833872268986344,0,0
0,-0.9432319679900016,0,0
0,-1.1388363950969846,0,0
0,-1.8278109332529817,0,0
0,-2.347626356252464,0,0
0,-1.7302448049798134,0,0
0,-2.2066709527310073,0,0
0,-2.5270416347668316,0,0
0,-0.18892623579470352,0,0
0,-0.6693815732413648,0,0
0,-1.4980634884168578,0,0
0,-1.5506928311433468,0,0
0,-1.017512631305549,0,0
0,-1.8815739436841,0,0
0,-1.1537016757063046,0,0
0,-0.9019166096434141,0,0
0,-1.441588860569054,0,0
0,-1.3532290731744998,0,0
0,-0.865544746622573,0,0
0,-2.065021602996263,0,0
0,-2.401649533633773,0,0
0,-0.639120601278292,0,0
0,-1.1119692749180135,0,0
0,-1.0099822053874323,0,0
0,-1.8858432294144936,0,0
0,-1.5312575593186906,0,0
0,-0.8791828265774884,0,0
0,-1.7401902477298565,0,0
0,-2.2925060514413675,0,0
0,-1.5764557743742433,0,0
0,-0.88596837824753,0,0
0,-1.4985918384675023,0,0
0,-1.162362283820142,0,0
0,-1.6243716263458208,0,0
0,-2.75399894155705,0,0
0,-1.3269696028440723,0,0
0,-2.5004427737602666,0,0
0,-0.5328355479275534,0,0
0,-1.8790662148141657,0,0
0,-1.3703292643102514,0,0
0,0.143216305764856,0,1
0,-2.079038159823859,0,0
0,-2.0865505745667563,0,0
0,-1.7920595489492177,0,0
0,-2.542066613993287,0,0
0,-1.7553572445773888,0,0
0,-1.5377076066151945,0,0
0,-2.8957397392055633,0,0
0,-1.399103810159317,0,0
0,-1.6525867662248743,0,0
0,-1.5384515345514824,0,0
0,-2.0404040590155614,0,0
0,-0.8842113374507392,0,0
0,-1.4172972752462976,0,0
0,-0.5262045847066902,0,0
0,-1.0237273249288534,0,0
0,-1.317370240537853,0,0
0,-1.0817932426498524,0,0
0,-1.026591081999755,0,0
0,-2.265650331270519,0,0
0,-1.4924052645194112,0,0
0,-1.9585163196184792,0,0
0,-1.8181865287077617,0,0
0,-0.06421188763207725,0,0
0,-0.4340512669460668,0,0
0,-2.219263533029366,0,0
0,-1.720760496377477,0,0
0,-1.490162424242733,0,0
0,-1.273065040637019,0,0
0,-1.4886270091701408,0,0
0,-1.664271549025192,0,0
0,-1.0337071524119332,0,0
0,-1.200808977516799,0,0
0,-0.6462069997298174,0,0
0,-1.3593265090993276,0,0
0,-0.5551589278968218,0,0
0,-1.8535751232586497,0,0
0,-1.195375406816361,0,0
0,-1.876892517259196,0,0
0,-1.9218116638148834,0,0
0,-1.1438013243518257,0,0
0,-2.449999546659526,0,0
0,-1.8169484958559656,0,0
0,-1.5316123960292767,0,0
0,-1.4240116095203978,0,0
0,-0.449150919747747,0,0
0,-0.9283309890597693,0,0
0,-0.761785526241954,0,0
0,-1.4096547283258603,0,0
0,-0.9776280784198867,0,0
0,-1.2946861791634348,0,0
0,-1.0281864865227333,0,0
0,-2.554525458086206,0,0
0,-1.7344625988787665,0,0
0,-2.1387715594271945,0,0
0,-1.0005644429844962,0,0
0,-2.1270646805560376,0,0
0,-1.4791595608939487,0,0
0,-1.6598548276708092,0,0
0,-0.9884417668921432,0,0
0,-3.2852410144383204,0,0
0,-0.5991193693790666,0,0
0,-0.7922857827431937,0,0
0,-2.217905486218197,0,0
0,-0.9212833593308287,0,0
0,-2.6064746905154004,0,0
0,-1.130262427216841,0,0
0,-1.7916102186234608,0,0
0,-1.5336931978040942,0,0
0,-1.1646148359289779,0,0
0,-1.1629572374510633,0,0
0,-1.471328175364072,0,0
0,-1.6623567843281648,0,0
0,-0.4567589602293749,0,0
0,-1.281673141360321,0,0
0,-1.8161794399132762,0,0
0,-1.916545126147988,0,0
0,-2.7786681550410974,0,0
0,-1.9438898339585566,0,0
0,-2.7922739716374,0,0
0,-0.4844908655567111,0,0
0,-1.527972254827478,0,0
0,-2.0503766913396895,0,0
0,-2.3401897381584473,0,0
0,-1.6418929257627237,0,0
0,-1.5138137674154513,0,0
0,-1.2531153558745152,0,0
0,-1.105042616636441,0,0
0,-0.29589464936398413,0,0
0,-1.1463145179508312,0,0
0,-1.2636168738267715,0,0
0,-1.2916903900988326,0,0
0,0.08536020330217575,0,1
0,-1.6379817756004447,0,0
0,-2.1010079534258916,0,0
0,-1.8079312757131392,0,0
0,-0.04573499084351945,0,0
0,-1.513572534903198,0,0
0,-1.0441629472828375,0,0
0,-1.8569409355521436,0,0
0,-1.004777644862232,0,0
0,-1.54417536171878,0,0
0,-0.27022528023898706,0,0
0,-3.080482443895209,0,0
0,-1.447057836534569,0,0
0,-1.4058189004774575,0,0
0,-2.0832953247726045,0,0
0,-1.867621187381953,0,0
0,-0.878708201387062,0,0
0,-2.073165410733622,0,0
0,-1.3256284833060117,0,0
0,-0.3995157136001393,0,0
0,-1.0623989862401437,0,0
0,-2.792658305495264,0,0
0,-2.115100837909118,0,0
0,-1.9660297973565632,0,0
0,-1.714164881001656,0,0
0,-1.7929378066674935,0,0
0,-1.1092575532410656,0,0
0,-1.1562878643215433,0,0
0,-2.0948972821225587,0,0
0,-0.900307558790167,0,0
0,-1.3333370279003711,0,0
0,-1.6835437870408534,0,0
0,-1.1948220996470207,0,0
0,-1.2189127047476414,0,0
0,-2.3596902248751785,0,0
0,-1.4420679493232267,0,0
0,-1.5500693081154344,0,0
0,-1.9595488302670514,0,0
0,-1.2013090645402258,0,0
0,-2.2805766366990934,0,0
0,-1.7255871432024505,0,0
0,-1.2776192838129767,0,0
0,-1.7200726447944952,0,0
0,-2.7892504456552234,0,0
0,-2.064244306349924,0,0
0,-0.9613969593491045,0,0
0,-2.527325474444111,0,0
0,-2.3115669751965364,0,0
0,0.5287509977246334,1,1
0,-0.4016471663978597,0,0
0,-2.250150161371808,0,0
0,-1.2550663923398555,0,0
0,-1.4225029825149993,0,0
0,-1.1813382508526435,0,0
0,-2.050849997734885,0,0
0,-0.9628568249634726,0,0
0,-1.7629063739516209,0,0
0,-2.0441276397180346,0,0
0,-1.7173173751755206,0,0
0,-2.797708224504452,0,0
0,-1.8295133098424607,0,0
0,-1.7580576913881425,0,0
0,-0.7585348153798686,0,0
0,-1.5111017009097198,0,0
0,-2.5454563186958348,0,0
0,-1.4559487261961201,0,0
0,-1.8639651621382904,0,0
0,-2.0755041150311753,0,0
0,-1.524461445497976,0,0
0,-2.583350602175617,0,0
0,-1.0122428726705668,0,0
0,-0.5953313950992634,0,0
0,-1.946529639635928,0,0
0,-1.2204968705554151,0,0
0,-0.8788298902270255,0,0
0,-1.5290469351251477,0,0
0,-1.7495406020020214,0,0
0,-0.326772047303255,0,0
0,-0.7355829321637262,0,0
0,-0.8067375490318982,0,0
0,-1.859291183426074,0,0
0,-1.429729252170644,0,0
0,-2.4196307501038063,0,0
0,-1.9277232569939389,0,0
0,-1.5031555576860414,0,0
0,-2.5847956854600915,0,0
0,-1.6230766680763615,0,0
0,-1.8322461892983744,0,0
0,-2.2451364783234675,0,0
0,-2.4035745601955183,0,0
0,-0.8108843421024489,0,0
0,-0.947716657439426,0,0
0,-1.0619742623302868,0,0
0,-1.201543685346118,0,0
0,-2.220763730761462,0,0
0,-0.52040043237783,0,0
0,-1.406881731136303,0,0
0,-1.91968068783888,0,0
0,-2.036957665768349,0,0
0,-1.6873171352173075,0,0
0,-1.4328340809540987,0,0
0,-1.607959244098754,0,0
0,-1.8331168329103884,0,0
0,-2.138255989208857,0,0
0,-0.45434764108735604,0,0
0,-1.4907336263546025,0,0
0,-0.3053816742667858,0,0
0,-0.5509334508728814,0,0
0,-1.226214287142788,0,0
0,-2.416700282035518,0,0
0,-1.8511968536526124,0,0
0,-2.3898897855056607,0,0
0,-2.1782120014071227,0,0
0,-0.2953801308584418,0,0
0,-2.4217152699911817,0,0
0,-1.2170981766853448,0,0
0,-1.1502302294343996,0,0
0,-1.880137484691059,0,0
0,-0.6932838592644366,0,0
0,-1.7197443266812946,0,0
0,-1.2179203638216733,0,0
0,-1.331480464221864,0,0
0,-1.699497882896723,0,0
0,-0.8360792999129532,0,0
0,-2.329104352610656,0,0
0,-1.8688241842398965,0,0
0,-1.1371350588611795,0,0
0,-0.19058361969151152,0,0
0,-2.161955484528615,0,0
0,-2.4580414717590915,0,0
0,-1.5153512433632061,0,0
0,-2.2426382458303205,0,0
0,-1.9536531100517374,0,0
0,-2.144643170143871,0,0
0,-1.601975853630405,0,0
0,-2.0275703541143963,0,0
0,-1.3959370262181203,0,0
0,-1.4995196756281042,0,0
0,-2.51431041829377,0,0
0,-1.3699180673913374,0,0
0,-1.675984590076486,0,0
0,-1.051741114946107,0,0
0,-2.2379427955860334,0,0
0,-2.2045591362646095,0,0
0,-1.0524636836309322,0,0
0,-0.5418355255579257,0,0
0,-2.1737196808040653,0,0
0,-1.976870252266397,0,0
0,-2.815468880646179,0,0
0,-1.383930447727621,0,0
0,-2.3741019755371737,0,0
0,-2.152706778157181,0,0
0,-2.8650727329007912,0,0
0,-1.6947492616833937,0,0
0,-1.4678311087516576,0,0
0,-1.8782962815497675,0,0
0,-1.8939227355897421,0,0
0,-1.7393166606040182,0,0
0,-1.6037594715172014,0,0
0,-2.1918849436794563,0,0
0,-0.48387734777206803,0,0
0,-0.6822822950244746,0,0
0,-1.584685425029254,0,0
0,-1.5161322019897783,0,0
0,-0.24439013248345068,0,0
0,0.5522012854393814,1,1
0,-1.916691122608276,0,0
0,-2.2740918717202923,0,0
0,-0.7911673406309091,0,0
0,-1.0457814913733767,0,0
0,-0.6777510559495229,0,0
0,-1.2396197630049153,0,0
0,-1.3177113689899116,0,0
0,-0.1437112599408138,0,0
0,-0.2515255763544877,0,0
0,-0.7803599257367361,0,0
0,-0.9193372380421321,0,0
0,-1.6221776083771682,0,0
0,-2.0227059258243045,0,0
0,-1.6238219572154555,0,0
0,-1.2285551604492253,0,0
0,-1.750713151785356,0,0
0,-1.4550798403585494,0,0
0,-1.7953806067157119,0,0
0,-1.444323145989079,0,0
0,-2.797703098035124,0,0
0,-0.7688050479817072,0,0
0,-1.8696998518018937,0,0
0,-1.5399133399899938,0,0
0,-2.1293861604926376,0,0
0,-2.1775900951566363,0,0
0,-1.7310815524120775,0,0
0,-1.262143398387707,0,0
0,-1.7929817212497696,0,0
0,0.08515964263791748,0,1
0,-1.4945457696929103,0,0
0,-1.3189736870038138,0,0
0,-1.7335087457963607,0,0
0,-1.4577510214122802,0,0
0,-2.9458667135324674,0,0
0,-1.8594114218840803,0,0
0,-1.8850440363895662,0,0
0,-2.324590834182405,0,0
0,-0.6875807828823997,0,0
0,-0.979717072635145,0,0
0,-1.2573883657168123,0,0
0,-1.9673239829989284,0,0
0,-1.785437020584012,0,0
0,-0.5234287315660482,0,0
0,-0.6731480289539025,0,0
0,0.8441311611894846,1,1
0,-1.920516574638154,0,0
0,-1.6213496770351647,0,0
0,-2.1828476122939056,0,0
0,-2.8366458422321337,0,0
0,-1.1931776141720993,0,0
0,-1.700979868268874,0,0
0,-0.9616285790971748,0,0
0,-1.6808104108498838,0,0
0,-0.9037829448278796,0,0
0,-0.9332067270593787,0,0
0,-2.039475159514834,0,0
0,-2.172192225242455,0,0
0,-1.207067476184282,0,0
0,-1.019414712204454,0,0
0,-1.3041502708795032,0,0
0,0.1719659707687387,0,1
0,-1.2597954562183011,0,0
0,-1.6374451883254026,0,0
0,-2.0987622201082314,0,0
0,-1.912424781308488,0,0
0,-2.488088670791431,0,0
0,-2.4983077759454106,0,0
0,-1.492027157271648,0,0
0,-1.6717052836236679,0,0
0,-1.7179760040684422,0,0
0,-1.6694509913409663,0,0
0,-0.7334167538308514,0,0
0,-2.4150755429879136,0,0
0,-1.907541339116544,0,0
0,-1.6009587143709534,0,0
0,-2.116602121060029,0,0
0,-2.002711806788657,0,0
0,-1.671042996615599,0,0
0,-1.4752003957110864,0,0
0,-1.401956336424009,0,0
0,-1.9442202498577985,0,0
0,-1.2581984809926967,0,0
0,-1.7341582995803242,0,0
0,-2.0452226850001605,0,0
0,-1.1788088131834595,0,0
0,-2.1280341471630213,0,0
0,-2.2736195710944385,0,0
0,-0.7247072219639416,0,0
0,-1.57526739403781,0,0
0,-2.271146927510052,0,0
0,-1.4652784044231724,0,0
0,-1.0848264458338681,0,0
0,-1.5939185820192505,0,0
0,-1.6733932218653524,0,0
0,-0.081781440563649,0,0
0,-1.052301205162212,0,0
0,-1.1881070034563543,0,0
0,0.12696747489048354,0,1
0,-1.1319828371911835,0,0
0,-1.9394223432591233,0,0
0,-2.4488495004643265,0,0
0,-1.9875714059459049,0,0
0,-2.1045677672342,0,0
0,-2.9037577805073957,0,0
0,-2.111255358700161,0,0
0,-2.195765582571503,0,0
0,-1.5617336689594679,0,0
0,-0.7119162788582545,0,0
0,-2.011845627886341,0,0
0,-1.022855964016992,0,0
0,-0.8706203672749067,0,0
0,-1.762111930471944,0,0
0,-1.5301373937054314,0,0
0,-0.5382292836074697,0,0
0,-1.4087245633280912,0,0
0,-1.441021457920755,0,0
0,-1.170492917348137,0,0
0,-2.1204897133655995,0,0
0,-1.4849631040345308,0,0
0,-2.5194481955214676,0,0
0,-1.6272328433662155,0,0
0,-2.571185338637557,0,0
0,-1.0014870468713004,0,0
0,-2.8266942502507324,0,0
0,-2.011760547882113,0,0
0,-1.0274577950837498,0,0
0,-1.2347065999962898,0,0
0,-2.3488393492850195,0,0
0,-1.319985897052669,0,0
0,-1.920366771414393,0,0
0,-1.703783423343879,0,0
0,-1.4126515531304573,0,0
0,-0.8604028670662616,0,0
0,-1.8716013242310683,0,0
0,-2.625326541619689,0,0
0,-0.7483544218002769,0,0
0,-1.7680057994619445,0,0
0,-1.6652828127012576,0,0
0,-1.0117248978978337,0,0
0,-1.5980844180477751,0,0
0,-1.1076509472940794,0,0
0,-0.847848064521064,0,0
0,-1.8449457556140876,0,0
0,-2.4771037839871304,0,0
0,-1.2692076078521368,0,0
0,-1.4204324505996813,0,0
0,-1.9801698608101383,0,0
0,-1.167271652811137,0,0
0,-1.6706089533310406,0,0
0,-1.728369702814294,0,0
0,-1.2830466398718638,0,0
0,-1.7755691218399212,0,0
0,-1.7608881385427915,0,0
0,-0.9368633815931671,0,0
0,-1.2591223558806874,0,0
0,-1.3827148736099262,0,0
0,-2.643124906492577,0,0
0,-0.8610375444270724,0,0
0,-1.7238062426412744,0,0
0,-2.1184331135942935,0,0
0,-1.512356789902492,0,0
0,-1.140095963110375,0,0
0,-1.1694640457580767,0,0
0,-1.6628423244642776,0,0
0,-0.06800308363294383,0,0
0,-2.0824507881041336,0,0
0,-2.5001027688042443,0,0
0,-2.0043408032708334,0,0
0,-1.9569611343294884,0,0
0,-2.369373909717311,0,0
0,-1.250882950753226,0,0
0,-2.287189665798892,0,0
0,-1.108334579729434,0,0
0,-1.118865256496443,0,0
0,-1.035308442750073,0,0
0,-0.9293464575975519,0,0
0,-2.385793701995911,0,0
0,-1.7200098898881966,0,0
0,-2.6888828915643836,0,0
0,-2.2475398847729524,0,0
0,-1.1523622995902743,0,0
0,-1.9805058999419678,0,0
0,-1.6294445398710153,0,0
0,-2.4301670037414054,0,0
0,-1.2848350675551277,0,0
0,-1.2780083138771212,0,0
0,-2.135839127318468,0,0
0,-1.5352007003621018,0,0
0,-1.7062731867049317,0,0
0,-1.594857600106811,0,0
0,-2.2814394380932175,0,0
0,-0.7754523127921082,0,0
0,-2.630923075346629,0,0
0,-1.5632262258241003,0,0
0,-1.3726947203722994,0,0
0,-2.7437967425505017,0,0
0,-1.5197407930285005,0,0
0,-1.9830056813187598,0,0
0,-1.7749543164601913,0,0
0,-1.5903422110612775,0,0
0,-1.6719786740194273,0,0
0,-2.1145734172711084,0,0
0,-2.3572145161920672,0,0
0,-1.2229341601629244,0,0
0,-2.12194606001887,0,0
0,-1.233854416898419,0,0
0,-1.5676951637650292,0,0
0,-1.2215873631930128,0,0
0,0.2101489688917662,0,1
0,-0.42417514817078045,0,0
0,-2.020276491418799,0,0
0,-0.4402093804508076,0,0
0,-2.5102027242904263,0,0
0,-0.7494914371884991,0,0
0,-0.9522469506846061,0,0
0,-2.620863509924819,0,0
0,-1.1622983944603245,0,0
0,-0.9153306041845104,0,0
0,-2.6487166473091115,0,0
0,-0.5307568842924877,0,0
0,-1.6994162866837776,0,0
0,-0.4559291783873314,0,0
0,-1.4170862974159701,0,0
0,-1.9977695076942035,0,0
0,-1.238598599770384,0,0
0,-1.4540853403828593,0,0
0,-0.7288475144639442,0,0
0,-1.1652065407073746,0,0
0,-1.7370255482977173,0,0
0,-3.1416677703750615,0,0
0,-1.5133991773574995,0,0
0,-2.0243479252902006,0,0
0,-1.055674914415886,0,0
0,-1.4465192252941297,0,0
0,-1.7319602265118883,0,0
0,-0.7140818582337894,0,0
0,-1.2282648409627095,0,0
0,-1.2487499866552438,0,0
0,-1.7758296437589352,0,0
0,-0.9549298188417132,0,0
0,-1.6486219816790204,0,0
0,-1.7768548548018896,0,0
0,-2.439056560392577,0,0
0,-1.706056173447194,0,0
0,-2.4639759744497143,0,0
0,-1.9769155763195085,0,0
0,-1.3060826760827609,0,0
0,-1.4270092722531893,0,0
0,-1.581020939609701,0,0
0,-1.7096333947431783,0,0
0,-1.7744171109547022,0,0
0,-1.975220106971916,0,0
0,-1.636327373445715,0,0
0,-1.342349630477793,0,0
0,-2.2063980904368043,0,0
0,-1.5483808915237167,0,0
0,-1.3545945243507806,0,0
0,-1.3557776552329166,0,0
0,-1.7303085020153952,0,0
0,-2.438158797803811,0,0
0,-2.1960649866304855,0,0
0,-1.7171621374415864,0,0
0,-0.06381859825720226,0,0
0,-1.2989916068257326,0,0
0,-1.4895088283567588,0,0
0,-1.751602908023753,0,0
0,-2.5809076037402154,0,0
0,-2.0319967915280666,0,0
0,-1.1214160929485386,0,0
0,-0.43486471835026225,0,0
0,-2.317003605021273,0,0
0,-1.136203319799394,0,0
0,-2.297502180274174,0,0
0,-1.174549121163431,0,0
0,-1.0926863104444482,0,0
0,-1.0049883493191767,0,0
0,-2.4087300858798675,0,0
0,-1.3958321162566727,0,0
0,-1.5068084777231736,0,0
0,-2.201268418856266,0,0
0,-1.102468589356375,0,0
0,-1.8769429890125422,0,0
0,-2.100410150389591,0,0
0,-1.576068682377773,0,0
0,-1.0494939924502515,0,0
0,-1.7563081208365168,0,0
0,-2.0418824311689505,0,0
0,-0.8004735374987342,0,0
0,-1.3789666286429503,0,0
0,-1.8516222554506652,0,0
0,-1.4394680925560526,0,0
0,-0.7232038229885519,0,0
0,-1.2016975634136078,0,0
0,-1.218401965819218,0,0
0,-0.510704838628353,0,0
0,-1.0143056214606403,0,0
0,-1.207848271364115,0,0
0,-0.9728881756427026,0,0
0,-1.534914680684888,0,0
0,-1.4092507680295048,0,0
0,-1.2857644396122279,0,0
0,-1.0051876293118893,0,0
0,-1.1548525047578408,0,0
0,-1.8905699039549517,0,0
0,-0.8347437395587769,0,0
0,-2.0766287383570803,0,0
0,-1.4283184592554306,0,0
0,-0.8190699716186886,0,0
0,-1.6309731380521082,0,0
0,-1.1967821770873148,0,0
0,-0.8240918319351267,0,0
0,-1.8614836465265379,0,0
0,-1.0056678625942015,0,0
0,-1.3569271480135017,0,0
0,-1.125666387031696,0,0
0,-3.0170570965372967,0,0
0,-1.2199294989030813,0,0
0,-2.0036831173029226,0,0
0,-1.9916586039159119,0,0
0,-1.6437436782781678,0,0
0,-1.2521189416697933,0,0
0,-0.6278391224880704,0,0
0,-1.9970537636516432,0,0
0,-1.6177132642351737,0,0
0,-1.565838219431231,0,0
0,-0.6792533459986397,0,0
0,-1.2065559804095911,0,0
0,-1.6440754933676702,0,0
0,-1.3592636916588647,0,0
0,-1.8540023207954865,0,0
0,-1.3948719990546365,0,0
0,-0.9739358347963043,0,0
0,-2.396165356986234,0,0
0,-1.3968577072428292,0,0
0,-0.3879429958961237,0,0
0,-1.6698115065919263,0,0
0,-2.0275760047803644,0,0
0,-1.3857160216869457,0,0
0,-1.1190756155050816,0,0
0,-2.1651904992173545,0,0
0,-0.7162956758855596,0,0
0,-1.480153417703096,0,0
0,-1.9663033358608284,0,0
0,-2.6334162760103728,0,0
0,-1.484650399298889,0,0
0,-0.7940193572242517,0,0
0,-2.591084497023082,0,0
0,-1.6114489933025173,0,0
0,-1.8794155907420667,0,0
0,-2.2858022557391466,0,0
0,-0.8207329066378393,0,0
0,-1.3437575684420773,0,0
0,-2.2291570559763674,0,0
0,-1.0509805718772018,0,0
0,-1.5917719218234745,0,0
0,-1.4413443219675384,0,0
0,-0.8429117408140814,0,0
0,-1.5291946730315316,0,0
0,-1.9996273757631986,0,0
0,0.46959628034671325,1,1
0,-0.7224062569560095,0,0
0,-1.1960360029124641,0,0
0,-1.893249930165363,0,0
0,-2.103293733014659,0,0
0,-0.6116143207876896,0,0
0,-1.5780688711391813,0,0
0,-2.2533171846098514,0,0
0,-1.531366869549507,0,0
0,-1.5681015175671358,0,0
0,-1.6016413788502961,0,0
0,-1.2448937500764596,0,0
0,-0.8940260907348181,0,0
0,-1.06382444454068,0,0
0,-0.9677245378127601,0,0
0,-1.0575944158060457,0,0
0,-0.9486511957794346,0,0
0,-1.0636003759423103,0,0
0,-1.5580495040518412,0,0
0,-1.0922658021580312,0,0
0,-1.3798088182536234,0,0
0,-1.585590069739952,0,0
0,-1.7972672805860574,0,0
0,-0.9212074218702677,0,0
0,-1.8805114581607905,0,0
0,-1.7371465739297258,0,0
0,-1.5560524611065658,0,0
0,-1.15424715619696,0,0
0,-0.9631069860585957,0,0
0,-0.40905606885887663,0,0
0,-1.0535344775802704,0,0
0,-1.6483435833217146,0,0
0,-0.720998272043113,0,0
0,-1.9970812631970287,0,0
0,-1.832027476806864,0,0
0,-1.496397581539434,0,0
0,-0.6824628476220178,0,0
0,-2.190980732358445,0,0
0,-2.3931241138781516,0,0
0,-2.0514466324243488,0,0
0,-1.1444018202025341,0,0
0,-0.903835250723029,0,0
0,-1.5296693789262799,0,0
0,-1.7575963905937173,0,0
0,0.5664308644918832,1,1
0,-0.9897212729446303,0,0
0,-0.7629815015077324,0,0
0,-2.0335618896734955,0,0
0,-2.311436154347042,0,0
0,-2.787809712331728,0,0
0,-0.12787061956042045,0,0
0,-2.623881516976241,0,0
0,-2.6264730103066922,0,0
0,-1.7557059193730837,0,0
0,-1.3331574078427992,0,0
0,-1.6464840705490216,0,0
0,-1.284578737190438,0,0
0,-0.6288998862263813,0,0
0,-1.4788026572182433,0,0
0,-1.478045122728472,0,0
0,-1.5273118607255913,0,0
0,-0.7360447098250043,0,0
0,-1.1971320465267923,0,0
0,-0.9561669896004734,0,0
0,-1.855491248826827,0,0
0,-1.695113177636813,0,0
0,-1.6715453892599577,0,0
0,-1.3841049413960436,0,0
0,-2.3373421251246227,0,0
0,-0.9220992867236308,0,0
0,-2.165619729396262,0,0
0,-1.033776605172391,0,0
0,-1.209482545072443,0,0
0,-1.2267192986322728,0,0
0,-0.766492258937015,0,0
0,-0.9945559617504003,0,0
0,-1.534696333358343,0,0
0,-1.603742515267312,0,0
0,-1.6187300724029223,0,0
0,-1.6142969107213023,0,0
0,-0.03977920668962209,0,0
0,-2.0895298815898724,0,0
0,-1.6314060320709352,0,0
0,-1.4026118271832657,0,0
0,-0.4023924300377369,0,0
0,-1.0415544598257325,0,0
0,-1.2238018700783435,0,0
0,-1.1728139776564495,0,0
0,-1.672740906811303,0,0
0,-1.4185280156960034,0,0
0,-1.7182622663015297,0,0
0,-1.6694077861066627,0,0
0,-1.4890728658331143,0,0
0,-1.036099554528123,0,0
0,-1.4053450583700864,0,0
0,-1.5636862825691336,0,0
0,-1.6230158060560198,0,0
0,-1.2414666921018436,0,0
0,-2.0342923281214174,0,0
0,-0.9074380889053733,0,0
0,-1.9885767932615261,0,0
0,-1.6671483455195075,0,0
0,-1.9420690237601645,0,0
0,-2.06038659447057,0,0
0,-1.614505756067856,0,0
0,-0.7364314427573124,0,0
0,-2.3255962387568454,0,0
0,-1.2835147101233464,0,0
0,-2.44999984904644,0,0
0,-3.081483123278296,0,0
0,-0.3179838109580063,0,0
0,-2.401364679185633,0,0
0,-1.716460738988397,0,0
0,-2.916163476290949,0,0
0,-1.975225635712777,0,0
0,-1.3573282677254517,0,0
0,-2.0679577514978384,0,0
0,-2.6367532996012213,0,0
0,-1.0371510745095667,0,0
0,-2.589181720213501,0,0
0,-1.1888912600336776,0,0
0,-2.084188665721231,0,0
0,-1.2788770161148093,0,0
0,-1.7533616667473437,0,0
0,-1.5702107570012125,0,0
0,-2.384599639192653,0,0
0,-2.060895174349031,0,0
0,-0.9037093538934595,0,0
0,-1.733651462566915,0,0
0,0.6636672769195089,1,1
0,-1.9839217959745317,0,0
0,-0.9960940465658081,0,0
0,-1.2698323907449676,0,0
0,-1.3258123193503077,0,0
0,-0.7691543935537167,0,0
0,-1.459620684250624,0,0
0,-0.9875472708802253,0,0
0,-2.094295242038057,0,0
0,-1.4387550395001218,0,0
0,-1.6152337379263886,0,0
0,-3.5109546805892142,0,0
0,-0.7759429102778975,0,0
0,-1.8187370784055377,0,0
0,0.27988563611236467,1,1
0,-1.8055161441641563,0,0
0,-1.1338830151979329,0,0
0,-1.7745193723631953,0,0
0,-2.038467893650546,0,0
0,-1.8126541368310205,0,0
0,-1.240878692674177,0,0
0,-2.4104527871644414,0,0
0,-1.8347102668278903,0,0
0,-1.467347379042642,0,0
0,-2.278466157031034,0,0
0,-1.4364997046663546,0,0
0,-0.753621120214122,0,0
0,-2.115321267555377,0,0
0,-0.3813297822970928,0,0
0,-1.0642394945936382,0,0
0,-2.1100491235834373,0,0
0,-1.1658720718017026,0,0
0,-1.8780864698478117,0,0
0,-2.4319579868931416,0,0
0,-2.468479640528271,0,0
0,-1.9599785004881314,0,0
0,-0.2958468750803723,0,0
0,-0.6812423272248427,0,0
0,-0.9832120718055599,0,0
0,-0.6086157202635956,0,0
0,-1.3602952818922878,0,0
0,-2.179523870732693,0,0
0,-0.3757463541023185,0,0
0,-2.020897293605803,0,0
0,-2.2316412045788687,0,0
0,-2.8264235131822404,0,0
0,-1.5895768231744876,0,0
0,-1.4754762899209475,0,0
0,-1.8954017210258423,0,0
0,-1.185972283801239,0,0
0,-3.0235431231321743,0,0
0,-2.7697494320660225,0,0
0,-0.3478513086449525,0,0
0,-2.7320583262387634,0,0
0,-1.022884846303935,0,0
0,-1.276070088118443,0,0
0,-1.6722742655133063,0,0
0,-0.4392651152448912,0,0
0,-2.01321340460447,0,0
0,-0.9588930538267857,0,0
0,-0.7558025431185404,0,0
0,-2.1513671563128076,0,0
0,-0.31766919871670474,0,0
0,-2.6573034164916227,0,0
0,-2.377716344612457,0,0
0,-1.1544698643534728,0,0
0,-2.9059627950941436,0,0
0,-2.2757244821361744,0,0
0,-1.6185552644695846,0,0
0,-2.215258824952202,0,0
0,-1.762727314962282,0,0
0,-2.5471725841088975,0,0
0,-1.3276447385623966,0,0
0,-2.5842416146162766,0,0
0,-2.1371252412485804,0,0
0,-0.8484201899200527,0,0
0,-1.885415054649423,0,0
0,-0.5287980978802129,0,0
0,-1.2510257801350022,0,0
0,-1.1284421211855886,0,0
0,-0.6924620862090614,0,0
0,-1.2789368136885968,0,0
0,-1.328488592511425,0,0
0,-1.8750094808989342,0,0
0,-1.4734887089705677,0,0
0,-3.0998038109698474,0,0
0,-0.9587552988752246,0,0
0,-1.440029860751641,0,0
0,-0.7293054062137354,0,0
0,0.3211416273569439,1,1
0,-1.5014290093597629,0,0
0,-2.2606858162954526,0,0
0,0.1509874026077363,0,1
0,-2.1318458613614606,0,0
0,-1.4616756993806623,0,0
0,-0.6857046290467761,0,0
0,-0.8339169047253077,0,0
0,-0.6032312038686314,0,0
0,-1.8734399087463833,0,0
0,-1.8300017818299532,0,0
0,-1.615867676229753,0,0
0,-2.1370769926580464,0,0
0,-2.671589699854301,0,0
0,1.3340821415797175,1,1
0,-2.2839642186452047,0,0
0,-1.3609093443316564,0,0
0,-1.3955785727437835,0,0
0,-1.598587525486875,0,0
0,-0.827467524024457,0,0
0,-1.254408418593143,0,0
0,-2.285068955056565,0,0
0,-1.6555447193563506,0,0
0,-0.8649514854065885,0,0
0,-2.3016648721091126,0,0
0,-1.3430340739785394,0,0
0,-1.9777966533786853,0,0
0,-1.4227334098175661,0,0
0,-2.7915712582529664,0,0
0,-1.0340809769307817,0,0
0,-1.6093517432165332,0,0
0,-1.3721388487008042,0,0
0,-1.7176779102099973,0,0
0,-1.3442460240103693,0,0
0,-0.7596692011911346,0,0
0,-1.8579923289930955,0,0
0,-1.0596936892666333,0,0
0,-1.2211005222624978,0,0
0,-1.4805572121011272,0,0
0,-0.9896865838698516,0,0
0,-0.8589252620700563,0,0
0,-1.9227386483658435,0,0
0,-1.088415347527901,0,0
0,-0.09189895739119541,0,0
0,-0.6476124744858461,0,0
0,-0.17929818810126108,0,0
0,-2.255053668270099,0,0
0,-1.7320698388269504,0,0
0,-1.4998174428969322,0,0
0,-1.268700915362056,0,0
0,-1.4582194629002414,0,0
0,-0.6988231628365665,0,0
0,-1.0543655344885263,0,0
0,-2.179880739620125,0,0
0,-1.4412343876109273,0,0
0,-0.49385752232035474,0,0
0,-1.6404027911566434,0,0
0,-2.0972103935327953,0,0
0,-0.3759215568187685,0,0
0,-1.4910889555368463,0,0
0,-1.9731180806595554,0,0
0,-0.9047165245317612,0,0
0,-1.972612449008758,0,0
0,-2.585020790939483,0,0
0,-2.7821862951904395,0,0
0,-0.6316179586832525,0,0
0,-0.8847822206403462,0,0
0,-0.3295460577310847,0,0
0,-2.1368364476916235,0,0
0,-2.304577147396676,0,0
0,-1.0355719227841356,0,0
0,-0.6875210045051722,0,0
0,-0.9656411018051843,0,0
0,-1.5114503165480704,0,0
0,-1.625324667982708,0,0
0,-1.5040817224682403,0,0
0,-2.314787798966744,0,0
0,-1.7271030089720043,0,0
0,-2.2454200226484637,0,0
0,-2.172298671560053,0,0
0,-1.3840766693727595,0,0
0,-0.9885425823326417,0,0
0,-1.2586396258723556,0,0
0,-0.4499812418579666,0,0
0,-0.9703981796813317,0,0
0,-2.173962022326915,0,0
0,-0.9211822217107937,0,0
0,-1.572630809543276,0,0
0,-1.183379830347493,0,0
0,-0.5780100612393511,0,0
0,0.09237261027702642,0,1
0,-1.9938578021282456,0,0
0,-1.7218753930737982,0,0
0,-2.4623255935180746,0,0
0,-1.3158314801652229,0,0
0,-2.0214733232868096,0,0
0,-2.21731526172156,0,0
0,-1.7626600895555202,0,0
0,-1.8470451895818472,0,0
0,-1.5223998607179055,0,0
0,-1.6380801634183189,0,0
0,-1.2249599377842963,0,0
0,-1.1869531887317262,0,0
0,-2.000971953448142,0,0
0,-1.6588414566210776,0,0
0,-3.184234327385965,0,0
0,-0.5950217235775587,0,0
0,-2.0770326712649636,0,0
0,-1.0266259468185175,0,0
0,-1.1820554736332933,0,0
0,-1.5248427222335756,0,0
0,-1.214470139222667,0,0
0,-1.4520406452144374,0,0
0,-1.9121537579376675,0,0
0,-0.9894004813768265,0,0
0,-1.08269454391846,0,0
0,-1.060252827774683,0,0
0,-1.265844807231504,0,0
0,-1.9862288792560874,0,0
0,-2.250282251081679,0,0
0,-1.0887553920951552,0,0
0,0.2720253217023966,1,1
0,-0.5942805194816079,0,0
0,0.10453332378915542,0,1
0,-2.0011048495131756,0,0
0,-2.1003274308012103,0,0
0,-1.080721912260471,0,0
0,-1.1154000227778795,0,0
0,-1.4719398124851466,0,0
0,-0.3556595839862929,0,0
0,-1.8719982933446118,0,0
0,-1.0420034946132424,0,0
0,-2.103098550346403,0,0
0,-1.546798388547806,0,0
0,-1.5415599618193798,0,0
0,-1.503504677286514,0,0
0,-1.4980419648447976,0,0
0,-1.6077639798412229,0,0
0,-1.423110751257381,0,0
0,-2.499615140652808,0,0
0,-1.5581661263458968,0,0
0,-2.0642798732259253,0,0
0,-1.8106443696406596,0,0
0,-1.4548159769666362,0,0
0,-1.4153967806336247,0,0
0,-1.198039977297651,0,0
0,-2.2898301523631694,0,0
0,-0.5502405888183899,0,0
0,-2.5899027620084616,0,0
0,-2.061334946504983,0,0
0,-1.7959989844841762,0,0
0,-1.0489257994828316,0,0
0,-1.530626339511968,0,0
0,-2.8612391236142436,0,0
0,-1.1818233153962965,0,0
0,-1.3376670345343542,0,0
0,-1.7226498251338764,0,0
0,-2.1718668652612956,0,0
0,-2.3736121822120677,0,0
0,-2.1173556197330052,0,0
0,-2.1978961824032046,0,0
0,-1.972284555480329,0,0
0,-0.5843971366698374,0,0
0,-0.8516847130915763,0,0
0,-0.9114769417265536,0,0
0,-1.8621607062529069,0,0
0,-1.9387471178183333,0,0
0,-1.1754360716238321,0,0
0,-2.2962115285921563,0,0
0,-1.9098091141344606,0,0
0,-0.7502780902093433,0,0
0,-1.6625871897224007,0,0
0,-1.613399305626581,0,0
0,-2.077333596879012,0,0
0,-2.407784306401627,0,0
0,-1.3820858972678969,0,0
0,-1.5382793071618748,0,0
0,-3.534928317152932,0,0
0,-2.1216423286244797,0,0
0,-1.979784401169233,0,0
0,-2.414793739816986,0,0
0,-1.7792828478214744,0,0
0,-1.1746677472139635,0,0
0,0.0062056799491760906,0,1
0,-1.2533891517157931,0,0
0,-1.3803953135934686,0,0
0,-1.5591288536508732,0,0
0,-1.389956389860945,0,0
0,-0.007573749288301124,0,0
0,-2.3804415391306186,0,0
0,-1.978468100770803,0,0
0,-1.2034467658187147,0,0
0,-1.4848135971682956,0,0
0,-1.2642100830220053,0,0
0,-0.9468289577925135,0,0
0,-1.3494767692115972,0,0
0,-0.8099533898032677,0,0
0,-2.7426303778434282,0,0
0,-1.346948106382696,0,0
0,-0.7585611083082971,0,0
0,-0.963989831510945,0,0
0,-1.3186935878672665,0,0
0,-0.5454463533023497,0,0
0,-2.0054830392467156,0,0
0,-2.220703711698375,0,0
0,-1.0392685642128994,0,0
0,-1.2719381849801068,0,0
0,-1.5166434281614953,0,0
0,-1.9760252464154069,0,0
0,-2.875201955694508,0,0
0,-0.605638567999945,0,0
0,-1.9419853148489232,0,0
0,-1.1889920088581436,0,0
0,-1.2122171166659998,0,0
0,-2.459513126339038,0,0
0,-0.6996478303061027,0,0
0,-2.676775211515241,0,0
0,-1.8587597511093163,0,0
0,-1.4897150253160465,0,0
0,-1.7753167432878298,0,0
0,-1.7446902190952174,0,0
0,-1.4469426464126733,0,0
0,-2.045931891646787,0,0
0,-1.7232021052236857,0,0
0,-0.35114843565524334,0,0
0,-1.3012245679404761,0,0
0,-2.462530675855269,0,0
0,-0.6879164872379232,0,0
0,-1.29769889769305,0,0
0,-2.0054649856071274,0,0
0,-0.892487794313044,0,0
0,-2.753470654101586,0,0
0,-1.4939598692169933,0,0
0,-1.3568433494471113,0,0
0,-2.1432993125448023,0,0
0,-1.5414715078947392,0,0
0,-0.5165261926315265,0,0
0,-1.651657773802341,0,0
0,-1.5076203257228522,0,0
0,-1.4727515336465895,0,0
0,-0.8795343311805459,0,0
0,-2.1428805019901245,0,0
0,-2.2452338632127127,0,0
0,-1.5647723052033196,0,0
0,-1.6052650963151611,0,0
0,-1.4162679806291094,0,0
0,-2.424280423496691,0,0
0,-1.382999252865271,0,0
0,-0.9548355148615941,0,0
0,-2.415147103232562,0,0
0,-1.1373805632777334,0,0
0,-2.160504825092446,0,0
0,-1.5174027544896036,0,0
0,-0.9239681411216896,0,0
0,-1.7594355500823882,0,0
0,-0.9520170530259453,0,0
0,-1.112165248712183,0,0
0,-1.797899005563454,0,0
0,-1.5548725136467978,0,0
0,-1.0670162287203095,0,0
0,-1.2272895619117832,0,0
0,-1.632650476123332,0,0
0,-1.7504786062005866,0,0
0,-0.8422571566191597,0,0
0,-0.9006647926141611,0,0
0,-2.186460473819212,0,0
0,-1.756625900699813,0,0
0,-1.2182230425233127,0,0
0,-2.7462831582774387,0,0
0,-1.6725699836548558,0,0
0,-0.7772186763535546,0,0
0,-1.905489203170233,0,0
0,-2.3275576961624815,0,0
0,-2.125416416107385,0,0
0,-1.417010995609692,0,0
0,-0.8283682321932084,0,0
0,-1.5403427409179526,0,0
0,-1.233350871058025,0,0
0,-1.2205261047509373,0,0
0,-0.7618003945802638,0,0
0,-1.5868678976000417,0,0
0,-0.7535449916554137,0,0
0,-2.0835095074809584,0,0
0,-2.3250113679715585,0,0
0,-0.9310395592078915,0,0
0,-2.027115141903674,0,0
0,-1.452495298524142,0,0
0,-1.335428646787942,0,0
0,-1.531916936408734,0,0
0,-1.8553741416000031,0,0
0,-1.4789977555158962,0,0
0,-2.399442923502512,0,0
0,-1.7723304068747499,0,0
0,-0.19450066962308613,0,0
0,-1.180228655096148,0,0
0,-1.1111075947714073,0,0
0,-2.6687039671110995,0,0
0,-0.6886208064108248,0,0
0,-1.6719646822410061,0,0
0,-1.1583448572393906,0,0
0,-0.1694534860512793,0,0
0,-1.022193317399127,0,0
0,-1.4861953327971658,0,0
0,-2.4444771489691806,0,0
0,-2.615349155203284,0,0
0,-0.9253607554426038,0,0
0,-1.9781568209076765,0,0
0,-2.2796676783901892,0,0
0,-1.41980669525814,0,0
0,-2.1499938336542685,0,0
0,-1.8107624927389125,0,0
0,-2.107480620114999,0,0
0,-1.0396813014136284,0,0
0,-1.4966426138830897,0,0
0,-2.438828918182908,0,0
0,-1.318434348796692,0,0
0,-2.475042129427853,0,0
0,-0.769372270260897,0,0
0,-1.4530870830060743,0,0
0,-1.5994741616984092,0,0
0,-2.4925299755480554,0,0
0,-2.407218127490609,0,0
0,-2.246163733492544,0,0
0,-1.5858562697139704,0,0
0,-1.821339382792989,0,0
0,-1.4810665781712589,0,0
0,-1.6123361500411588,0,0
0,-1.5780633538947173,0,0
0,-0.7399757157228424,0,0
0,-1.7707077280438037,0,0
0,-1.239351983547708,0,0
0,-1.6870723983272669,0,0
0,-2.361627289444106,0,0
0,-2.407646405478314,0,0
0,-1.8929415110386534,0,0
0,-2.064359703869142,0,0
0,-1.0000736894250044,0,0
0,-2.2078234862072903,0,0
0,-1.8915734061110783,0,0
0,-1.2978243296748386,0,0
0,-0.6611851152066426,0,0
0,-1.2074486368349433,0,0
0,-2.1641013668642257,0,0
0,-1.2116369747038953,0,0
0,-1.9295566645861213,0,0
0,-2.1111045388143546,0,0
0,-2.5224377178548836,0,0
0,-0.5662111872281466,0,0
0,-2.050957681268157,0,0
0,-1.4993243961581346,0,0
0,-1.9072468659235284,0,0
0,-1.9904266999591036,0,0
0,-2.0204215607239973,0,0
0,-1.548961673215873,0,0
0,-1.008057576778797,0,0
0,-2.4661961668171,0,0
0,-2.7349585403067525,0,0
0,-2.2773931087386927,0,0
0,-1.548439618694965,0,0
0,-1.9651962137960655,0,0
0,-1.1076245464302386,0,0
0,-1.4591797981418384,0,0
0,-0.627811635978043,0,0
0,-2.3572874138149937,0,0
0,-2.10772902476379,0,0
0,-2.630963471111524,0,0
0,-1.4053906355660943,0,0
0,-1.3460291094223673,0,0
0,-0.1595644578958854,0,0
0,-1.4688230073076425,0,0
0,-1.016305544596971,0,0
0,-1.63917751513179,0,0
0,-2.2960629967899546,0,0
0,-2.5284362191580487,0,0
0,-1.7368516500323392,0,0
0,-0.9882197780292403,0,0
0,-1.1719033577922429,0,0
0,-3.047797841827318,0,0
0,-2.212874260069655,0,0
0,-2.356099370858607,0,0
0,-2.4608590556955785,0,0
0,-0.1675937992920842,0,0
0,-1.935858044073815,0,0
0,-0.4667918361344579,0,0
0,-1.735245838164427,0,0
0,-1.7645046299737976,0,0
0,-1.0531843117021473,0,0
0,-1.7741459985108397,0,0
0,-2.12004559886258,0,0
0,-1.1535395804776243,0,0
0,-2.4059340522094375,0,0
0,-1.1310261360307554,0,0
0,-1.8237970730958895,0,0
0,-1.7166523131480749,0,0
0,-1.9542739600912606,0,0
0,-1.466925978573504,0,0
0,-1.1124720742455358,0,0
0,-1.4877561387862317,0,0
0,-2.900477981694927,0,0
0,-1.099872775984013,0,0
0,-0.5399140484799783,0,0
0,-0.6581644133232695,0,0
0,-1.407725891635482,0,0
0,-1.5256656800152741,0,0
0,-1.37975161203027,0,0
0,-1.469483856469108,0,0
0,-1.8372460160560125,0,0
0,-2.4152275506738135,0,0
0,-2.2933790672834475,0,0
0,-1.219643573375173,0,0
0,-1.4601053896536809,0,0
0,-2.6916190367686195,0,0
0,-0.9197029388159568,0,0
0,-1.776887745418103,0,0
0,-1.6390879429109697,0,0
0,-1.8790895664461187,0,0
0,-1.952854654700655,0,0
0,-1.2890593644469717,0,0
0,-1.573649408609047,0,0
0,-2.2541951032893386,0,0
0,-2.032183120672886,0,0
0,-1.318823324095293,0,0
0,-1.7243758151189417,0,0
0,-1.87099679354409,0,0
0,-2.141353886144671,0,0
0,-2.448588923744907,0,0
0,-0.4584404419186383,0,0
0,-1.2105403768997234,0,0
0,-2.038177230827162,0,0
0,-1.4415720799385712,0,0
0,-2.3506253351794335,0,0
0,-0.6414177534290972,0,0
0,-0.9256960147686084,0,0
0,-1.3837727641518416,0,0
0,-0.8897771016168807,0,0
0,-1.1644558229006892,0,0
0,-0.6276902594174474,0,0
0,-1.5169149468253698,0,0
0,-1.9036795686188406,0,0
0,-1.3794093113274808,0,0
0,-2.1240302341754114,0,0
0,-0.8369872152816777,0,0
0,-1.818587993516975,0,0
0,-2.0165708101186084,0,0
0,-1.1544733791044326,0,0
0,-1.0309487535234512,0,0
0,-2.477040826126772,0,0
0,-1.443413118536988,0,0
0,-1.4879072688167716,0,0
0,-1.854436410017228,0,0
0,-2.1697016715413424,0,0
0,-1.1747117519443395,0,0
0,-1.5833333638490275,0,0
0,-2.385610189725579,0,0
0,0.2768608348904306,1,1
0,-0.8640519969274287,0,0
0,-0.5553049711898727,0,0
0,-1.2642418289492048,0,0
0,-1.0768102561021813,0,0
0,-2.9987266865882547,0,0
0,-1.3266749604611174,0,0
0,-1.5448374611200975,0,0
0,-2.1329404785727877,0,0
0,-2.6347190104571907,0,0
0,-0.3158901490260334,0,0
0,-1.660945039651954,0,0
0,-1.1862265227896318,0,0
0,-1.8154955312151702,0,0
0,-3.0957376029205217,0,0
0,-1.0455395174633653,0,0
0,-1.2491987596691045,0,0
0,-2.190424624782232,0,0
0,-1.578792932667947,0,0
0,-1.3365985133483724,0,0
0,-1.1917755674988977,0,0
0,-1.139133880025957,0,0
0,-2.280892196712602,0,0
0,-1.4217716530452584,0,0
0,-0.9296281454274788,0,0
0,-2.3169896689023064,0,0
0,-1.840813398847602,0,0
0,-1.9921177323914818,0,0
0,-2.036880203395087,0,0
0,0.09666523833635787,0,1
0,-1.2244204673091659,0,0
0,-1.184424951014055,0,0
0,-0.5885550097436416,0,0
0,-1.3138132190535858,0,0
0,-2.328027353439495,0,0
0,-2.1502769558542285,0,0
0,-1.784596150122978,0,0
0,-1.0423664097800938,0,0
0,-1.6127242299290658,0,0
0,-1.9298086583946314,0,0
0,-1.8520757726270867,0,0
0,-1.5166587062482786,0,0
0,-1.8190773506623616,0,0
0,-1.5329433094951523,0,0
0,-1.135655957392728,0,0
0,-1.177642359582679,0,0
0,0.5893951274427387,1,1
0,-1.9232559896504204,0,0
0,-1.4844529515690887,0,0
0,-2.5253021732967436,0,0
0,-0.5369269452727569,0,0
0,-2.1274451126403466,0,0
0,-2.010574025027419,0,0
0,-2.3008500449339206,0,0
0,-1.4957909059396517,0,0
0,-0.7126975655961658,0,0
0,-0.6638832505929455,0,0
0,-1.5318469545324553,0,0
0,-0.993131381539637,0,0
0,-1.0869533847997033,0,0
0,0.08412354772077602,0,1
0,-1.8083857917806743,0,0
0,-0.7660891916104255,0,0
0,-1.6605259107443235,0,0
0,-1.7944313292233947,0,0
0,-0.9169460021673939,0,0
0,-1.513005134122187,0,0
0,-0.8330686248880248,0,0
0,-1.878829526700747,0,0
0,-1.048326940701984,0,0
0,-2.1717271749552896,0,0
0,-1.1250293578908581,0,0
0,-1.488174261248502,0,0
0,-1.5824312095949924,0,0
0,-2.7009712019866114,0,0
0,-1.9911822911325314,0,0
0,-2.2431637700020075,0,0
0,-1.777331267716884,0,0
0,-2.1716944742401476,0,0
0,-1.0918389916946452,0,0
0,-1.4249888092301135,0,0
0,-1.0816811751750308,0,0
0,-0.8512034445155738,0,0
0,-2.4904605143653575,0,0
0,-0.8777772050251482,0,0
0,-0.7809433068478455,0,0
0,-0.5559299545910743,0,0
0,-1.3928728474119667,0,0
0,-1.488990061422324,0,0
0,-0.9607497860553695,0,0
0,-2.280896007367066,0,0
0,-1.9383929654454324,0,0
0,-1.5348784176887547,0,0
0,-1.5986607497358578,0,0
0,-0.8778155313390061,0,0
0,-0.7803152807684691,0,0
0,-0.7189760352444401,0,0
0,-3.1345144033525334,0,0
0,-1.5923367905482197,0,0
0,-2.706469307182248,0,0
0,-2.3912923901512024,0,0
0,-1.5259977433537464,0,0
0,-1.3261091693455935,0,0
0,-1.0796623863661867,0,0
0,-0.7812150593990346,0,0
0,-0.709922654209824,0,0
0,-2.5156353465676546,0,0
0,-1.434730670132847,0,0
0,-2.309744164431557,0,0
0,-1.5052039687469425,0,0
0,-2.296200348190424,0,0
0,-1.8832251325489238,0,0
0,-1.5225576261667628,0,0
0,-1.6076640803235451,0,0
0,-2.3647098620879405,0,0
0,-2.341256302422727,0,0
0,-1.6763096657245615,0,0
0,-0.4139263355003229,0,0
0,-0.7007710357919184,0,0
0,-1.4512684536944864,0,0
0,-1.0570402918961719,0,0
0,-1.7710831703754026,0,0
0,-1.8161956980845781,0,0
0,-0.7829536518700612,0,0
0,-1.6911281518185777,0,0
0,-1.7564387087256543,0,0
0,-1.926634657336151,0,0
0,-1.062333567713234,0,0
0,-1.661466857290549,0,0
0,-0.6260532962564065,0,0
0,-1.4920557916663966,0,0
0,-1.192615424811471,0,0
0,-0.9171273420847201,0,0
0,-1.9713126648677304,0,0
0,-1.7237299456984194,0,0
0,-2.569108804694999,0,0
0,-1.7260375453626344,0,0
0,-2.0580761236128295,0,0
0,-0.47373452164891466,0,0
0,-1.2635541606486764,0,0
0,-1.65570880217293,0,0
0,-0.3439301429288035,0,0
0,-1.744120306129671,0,0
0,-1.853472745631841,0,0
0,-1.6972670427164434,0,0
0,-1.475919055183871,0,0
0,-1.1907982210336558,0,0
0,-1.2665929491517378,0,0
0,-0.6620278784134841,0,0
0,-1.1606033006938306,0,0
0,-2.1601846306919303,0,0
0,-1.6455180581502058,0,0
0,-0.856530521418561,0,0
0,-0.7732053584965999,0,0
0,-1.4105061807811787,0,0
0,-1.7984375208091856,0,0
0,-2.545654093144705,0,0
0,-1.6954796960930787,0,0
0,0.6655657100744732,1,1
0,-0.8178934646438132,0,0
0,-0.5623554750742774,0,0
0,-1.1390525470875967,0,0
0,-1.6389223929381849,0,0
0,-1.5438256733817053,0,0
0,-1.4328910327092625,0,0
0,-1.7898682244872797,0,0
0,-0.9109737600022083,0,0
0,-1.0518901746857026,0,0
0,-2.1289432984100016,0,0
0,-0.7580248573752895,0,0
0,-1.6475038022842174,0,0
0,-1.6607990332814504,0,0
0,-1.678266996120284,0,0
0,-0.7215165296531239,0,0
0,-1.7020201511954332,0,0
0,-0.5224826634372474,0,0
0,-1.7097030479686213,0,0
0,-1.6877053043159804,0,0
0,-2.8616529547454315,0,0
0,-1.6451716700755343,0,0
0,0.2584680879567774,0,1
0,-2.5308866898572746,0,0
0,-1.9159501647832171,0,0
0,-1.4088372537857807,0,0
0,-1.919254902243752,0,0
0,-1.4190123959882406,0,0
0,-0.8287124731542815,0,0
0,-1.1690773966047676,0,0
0,-0.4089950555798757,0,0
0,-2.319920280416099,0,0
0,-2.212253183309903,0,0
0,-1.423162591523136,0,0
0,-3.3444398560899895,0,0
0,-1.5838656146033518,0,0
0,-1.3761848322073214,0,0
0,-2.562611321519374,0,0
0,-1.278446698494389,0,0
0,-1.8424245122974927,0,0
0,-1.2075437313657105,0,0
0,-0.9819474171317728,0,0
0,-1.4381414004116022,0,0
0,-1.6480202572535163,0,0
0,-1.384278625704358,0,0
0,-1.168803579426324,0,0
0,-2.487029899125543,0,0
0,-1.343610010561275,0,0
0,-1.4767899323049225,0,0
0,-1.3593320615422497,0,0
0,-2.424291069954304,0,0
0,-1.730229304480708,0,0
0,-2.05868119033294,0,0
0,-0.5061633205497975,0,0
0,-1.050911788938094,0,0
0,-1.0350368214532564,0,0
0,-2.525237193641443,0,0
0,-0.7521813068865977,0,0
0,-1.6260255942522617,0,0
0,-1.9264503448485333,0,0
0,-1.258019316419941,0,0
0,-2.832956866240126,0,0
0,-1.459272126955068,0,0
0,-1.7618610941258999,0,0
0,-1.4251868674733565,0,0
0,-1.1270073381082375,0,0
0,-0.8875559028959061,0,0
0,-1.8588568239218581,0,0
0,-1.4316490463602938,0,0
0,-1.2595224375344598,0,0
0,-1.6764295312094284,0,0
0,-0.793301452523038,0,0
0,-1.706579645107347,0,0
0,-1.9961220534227753,0,0
0,-1.3694547093114513,0,0
0,-1.0817175016062774,0,0
0,-1.3544187256765616,0,0
0,-2.4795518649559485,0,0
0,-1.301044143960783,0,0
0,-1.5808276533640027,0,0
0,-2.1612219803236727,0,0
0,-0.9476276482518202,0,0
0,-0.6161559913882855,0,0
0,-2.0410144825856333,0,0
0,-0.7628569981626808,0,0
0,-0.788232229207688,0,0
0,-2.0553455293136063,0,0
0,-1.2919875681691861,0,0
0,-1.6941341571351745,0,0
0,-1.5249197471716307,0,0
0,-0.42258311038978225,0,0
0,-1.7137980631827547,0,0
0,-1.523586488286835,0,0
0,-1.3545101506468926,0,0
0,-1.6873635151819515,0,0
0,-1.7308378848656352,0,0
0,-1.947144349947513,0,0
0,-1.0514783042590383,0,0
0,-2.081793510813906,0,0
0,-0.6576317626774673,0,0
0,-1.4933996607040527,0,0
0,-2.3417237907964643,0,0
0,-1.425489134350325,0,0
0,-2.14027090431827,0,0
0,-1.8497636122786443,0,0
0,-2.3129213618389985,0,0
0,-1.737893656745684,0,0
0,-2.3520846497626264,0,0
0,-1.3757009473443615,0,0
0,-2.5619210174778835,0,0
0,-1.9001442683947192,0,0
0,-2.4590398519668892,0,0
0,-2.104177743903914,0,0
0,-1.9888648143133518,0,0
0,-0.3757932862893302,0,0
0,-2.25152732032146,0,0
0,-3.1330682289192855,0,0
0,-1.8456367769908557,0,0
0,-2.208189366365519,0,0
0,-1.5839821188802607,0,0
0,-0.6538292392033034,0,0
0,-0.9790941446196182,0,0
0,-1.7448368242117398,0,0
0,-1.6140698607844859,0,0
0,-2.5694592752456176,0,0
0,-2.0498570036972654,0,0
0,-1.4718278572589456,0,0
0,-0.2891953843974795,0,0
0,-0.7708435645816533,0,0
0,-0.6363690894727908,0,0
0,-1.6073863979332252,0,0
0,-2.0615692671584407,0,0
0,-1.5026856258587453,0,0
0,-1.3036480411308655,0,0
0,-1.4431247961054527,0,0
0,-1.1220273077029788,0,0
0,-0.44123864077828057,0,0
0,-2.5285198658969663,0,0
0,-0.9513642575782957,0,0
0,-1.0912706155057057,0,0
0,-1.2914732416949235,0,0
0,-2.2984244102517093,0,0
0,-0.4185922797795962,0,0
0,-1.905327442214564,0,0
0,-2.2885318898381084,0,0
0,-0.43572458409081816,0,0
0,-1.1609759909667494,0,0
0,-0.8536387267251524,0,0
0,-1.931191390113996,0,0
0,-2.648129566083319,0,0
0,-1.6198029502683915,0,0
0,-1.663068250073472,0,0
0,-1.8179178699030711,0,0
0,-2.1142310303633702,0,0
0,-0.9050544787069672,0,0
0,-0.6652025341799581,0,0
0,-1.5644551709633296,0,0
0,-0.4536810832296021,0,0
0,-1.6691247289165745,0,0
0,-2.0061140782603384,0,0
0,-2.079834509313302,0,0
0,-1.626659658876691,0,0
0,-1.109916907279656,0,0
0,-1.343843833756065,0,0
0,-1.435435913890362,0,0
0,-2.053878221974505,0,0
0,-1.6249999993687763,0,0
0,-1.848090177221304,0,0
0,-1.2672006816867218,0,0
0,0.27312304624673506,1,1
0,-1.1594377371234994,0,0
0,-1.7665349502846746,0,0
0,-1.952928458169793,0,0
0,-3.4106474227112047,0,0
0,-1.4463010545653665,0,0
0,-2.4919779161891844,0,0
0,-2.5713670391327628,0,0
0,-2.3695526074255047,0,0
0,-0.9518675123373859,0,0
0,-2.096382321569725,0,0
0,-0.7092443039325942,0,0
0,-1.0088169153747248,0,0
0,-1.4175179383190564,0,0
0,-1.797613639689924,0,0
0,-1.887873495563341,0,0
0,-1.2399637986268115,0,0
0,-1.8781913605716443,0,0
0,-1.3215260837680642,0,0
0,-2.1501215477477467,0,0
0,-1.973577168479524,0,0
0,-0.09113230664483246,0,0
0,-1.3723489663425752,0,0
0,-1.1407938697602267,0,0
0,-1.6920253700909649,0,0
0,-0.4353910757984018,0,0
0,-0.9338387783176116,0,0
0,-2.094107757946945,0,0
0,-0.8544616892976038,0,0
0,-1.8982127432956206,0,0
0,-1.4796777551651201,0,0
0,-0.04122579298130774,0,0
0,-0.9912054827843213,0,0
0,-2.0099048842725358,0,0
0,-1.864245553059811,0,0
0,-2.4943450208375353,0,0
0,-0.859576676539896,0,0
0,-1.9932856681649391,0,0
0,-2.3637266647161534,0,0
0,-1.3747929561491614,0,0
0,-1.991154596860974,0,0
0,-1.6896065079176528,0,0
0,-1.2890608636212246,0,0
0,-1.5541081506747794,0,0
0,-1.0321487250760248,0,0
0,-2.336234009433857,0,0
0,-1.6730665139279097,0,0
0,-0.7264762408315623,0,0
0,-0.8666678503152623,0,0
0,-1.5037247482206684,0,0
0,-1.1237429471499192,0,0
0,-1.0106435930877025,0,0
0,-1.8927071353038498,0,0
0,-1.0310035609027577,0,0
0,-0.9428069755037201,0,0
0,-0.8154908939991339,0,0
0,-1.4168734590409318,0,0
0,-1.3440175878428255,0,0
0,-1.9831190973907522,0,0
0,-1.1786530857960165,0,0
0,-1.3578754997619342,0,0
0,-0.7738717450826964,0,0
0,-2.4607082486626903,0,0
0,-1.194951569820691,0,0
0,-1.436248761222586,0,0
0,-2.072448422679745,0,0
